tweet_1,tweet_2,Tema,Class,Conflict
"Estamos em 2020 século 21, as mulheres ainda não aprenderam a usa camisinha e a tomar pílula  hoje em dia só engravidar quem quer , ou a mulher é muito burra  #AbortoNao Se vc sabe DA ,sabe muito bem ser cuida ,é de graça em qlq posto de saúde","Qd vc abre a hastag #AbortoNao, a unica coisa q é impulsionada é esquerdista tentando desmerecer os argumentos de qm é contra com ""mas vc é homem"".  COMO VOCÊ QUER QUE EU RESPEITE ISSO? Aborto é assassinato e qm nn se sensibiliza com isso é psicopata!",Aborto,0,0
#AbortoNao Jamais ! Sim a vida .,"Vc é contra o aborto por se declarar pró vida, ou é só por causa que seus ""valores monoteísta"" diz que abortar é errado? #AbortoSim",Aborto,0,1
"#AbortoNunca ENTENDAM quando a pessoa é #AbortoSim Não quer dizer que fará um aborto, só quer que tenha clínica especializada para que pessoas sem condição não tenha um filho.","vcs falam #AbortoNao como se existisse um método contraceptivo 100% eficaz. No final o RICO paga pra não morrer enquanto o pobre morre.  Além de questão de saúde pública, a Terra vai cobrar a conta de ter +7B de pessoas consumindo os seus recursos",Aborto,0,0
Aborto não é método contraceptivo!antes de escolher seu macho escroto se proteja #AbortoNAO,Vai caça o que fazer e deixa as mulheres escolherem  o que elas quiserem. Se tu não sabe da história não julga! #AbortoSim! Tá subindo # escrota pq tá sem o que fazer? Quer um conselho? Toma conta da sua vida e do seu útero.,Aborto,1,1
"Pelo simples fato de que matar uma vida humana é completamente diferente de matar um EMBRIÃO, que não contém atividade cerebral, nem sistema nervoso e muito menos é considerado um humano. Você joga sujo quando tenta me atacar ao invés de atacar meu argumento, melhore. #AbortoSim",@ Vida é a partir do embrião.E embrião é vida. Se pode matar um embrião pode matar um ser que acha normal abortar.  #AbortoNao #AbortoNão,Aborto,1,1
"Bagaço pqp, eu nao estou gravido pq sou homem, porém tenho empatia de me por no luga de uma mulher , e saber como e difícil voce ser julgada pela sociedade por tudo oque faz, então que se o corpo e seu... voce faça oque acha certo,#AbortoSim.","#abortonao. Se você defende que a mulher faça o que quiser com o seu corpo, vai defender que a mesma ENTENDA o que está fazendo com o mesmo. Já fizeram pesquisas com as abortistas? O que aconteceu com elas depois do aborto? Depois quem arca com o psicológico da mulher que aborta?",Aborto,1,1
O mais engraçado é que a maioria é homem que vem defender essa tag #AbortoNao mas na hora de assumir suas responsabilidades simplesmente some e quem se ferra é a mãe que tem que cuidar sozinha.,"a mulher tem a escolha de querer abortar ou não, não adianta vocês contradizerem porque não vai ser vocês q vai sofrer horrores pra sustentar a criança, o feto pode até ser fruto de abuso sexual, e se alguns discordam pfvr recolha os fetos e coloquem eles p morar c vcs #AbortoSim",Aborto,0,0
"""Ah, mas você vai matar uma vida"" Oh seus bando de borracha, se estudassem saberiam que nas primeiras semanas o bebê nem vida é, MATAR UMA AMEBA IGUAL VC SÓ SE FOR #AbortoSim","não é melhor usar preservativo e outros métodos contraceptivos, invés de acabar com uma vida e correr o risco de morrer também? #AbortoNao",Aborto,0,1
"A vida que vai ser estraga é a da criança, que vai crescer sem ser amada ou em condições necessárias e a da mãe, que nn queria aquele ser com ela e muito provavelmente nn vai conseguir gostar daquele ser #AbortoSim","Se tu matar todos os que não são amados ou que não tem condições mínimas, mata 70 % das humanidade, síndrome do mundo perfeito #AbortoNao",Aborto,1,1
"Mano eu sinceramente fico decepcionada que anos se passam e as pessoas continuam usam umas justificativas completamente sem fundamento, sendo a favor da vida mas quer pena de morte (???)+ #AbortoSim","Tá bom macho hetero, o aborto é escolha sua né que já tem 3 filho espalhado por aí e a mãe sustenta e cria sozinha! #AbortoSim",Aborto,0,0
E tem homem comentando nas tags porque? Vcs tem útero? #AbortoNão #AbortoSim,Útero eu não tenho mas eu tenho uma vida graças a Deus e vcs q se dizem defensora das mulheres pq vcs não defendem o Direito de Viver da Mulher que está dentro da Mulher  #AbortoNao,Aborto,1,1
Já que todo mundo tá falando sobre isso...Eu sou a favor do aborto somente em caso de estupro! Já vi histórias de mulheres que abortaram somente pq ficaram sabendo que a criança tinha síndrome de down  Então sou contra o aborto não só pé isso mais por vários motivos #AbortoNAO,você eh a favor da vida ou do nascimento???? pois é #AbortoSim,Aborto,0,0
Sou a favor do aborto em todos os casos. #AbortoSIM,"Enquanto você grita fica em casa,  em quarentena para ""salvar vidas""... ""Toda vida importa para mim""... menos a de bebês no ventre materno.  Isso não te torna menos criminosa que um assassino ou um estuprador. #AbortoNAO",Aborto,1,1
#AbortoNao Bando de vagabundas e feministos,"O estado tem q parar de se meter na vida privada das pessoas e se preocupar mais com suas funções primordiais como segurança e educação.  Meu corpo, minhas regras #AbortoSim",Aborto,0,1
"Sim é o meu corpo, sim é a minha escolha. Independentemente da situação. Há imensas coisas que podem acontecer desde violação até à falta de proteção. Para mim a mulher decide.   #AbortoSim","Concordo e respeito que seja a tua escolha, mas abortar por falta de proteção não é uma razão válida, apartir do momento em que os centros de saúde ta dão, senão queres usar, porque não é o mesmo, ou se tens vergonha por alguma razão de ir pedir, não devia sequer ter relações",Aborto,2,1
"Nenhuma sociedade civilizada permite que um ser humano intencionalmente prejudique ou tire a vida de outro sem punição. O aborto não é uma forma de contracepção, mas assassinato. Quem defende essa monstruosidade está fazendo apologia e deve responder criminalmente. #AbortoNao!",Não existe aborto em sociedade civilizada? E os Estados Unidos que vocês tanto babam ovo é o que? Legalização do aborto não é assassinato é questão de saúde pública!!!,Aborto,2,1
"(  ) Metodos contraceptivos (  ) Mandar para adoção (X) Assassinar a Criança  A pessoa tem todas as chances de seguir a vida sem culpa mas prefere assassinar uma criatura indefesa.   Depois vem falar de amor, empatia, bla bla bla   #AbortoNao",mds eu n tô lendo isso #AbortoSim,Aborto,1,1
Aborto não é Método Contraceptivo!!!#AbortoNao,"O aborto deveria ser considerado até os primeiros 80 anos do feto, ou se a mãe não quiser manter um ser crescendo dentro dela  #AbortoSim",Aborto,0,1
Melhor não ter um filho Que uma gravidez indesejável  Aborto não é assassinato   #AbortoSim,"Não temos útero? Beleza, mas não é você que está sendo gerado esperando para vir ao mundo. Não é seu corpo, é o corpo do bebê. Então, cala a boca!  #AbortoNao",Aborto,0,1
"ENTENDAM vc ser contra o aborto, não vai fazer com que ele não exista! só vai fazer com que mulheres pobres e negras continuem abortando e morrendo  #AbortoSim","#AbortoNao   Feto não é propriedade da mulher, feto é a formação de um ser humano,  criado pela união de dois materiais genéticos, logo o pai tem tanto direito sobre o feto quanto a mãe. Essa tentativa escrota de tirar homens do debate sobre aborto é coisa de feministas malucas.",Aborto,0,1
#AbortoNao #abortonao se não quiser gerar uma vida usa os meios contraceptivos e não o aborto para tirá-la. Obs: sou mulher,o corpo é da mulher e ela faz o q quiser com ele #AbortoSim,Aborto,0,1
"#AbortoNao, se previnam, ou agem irracionalmente quando o assunto é sexo!","Se você entende de classe ontólógica, e a relação entre ato e potência na metafísica aristotélica você sabe que aborto é uma agressão a liberdade, e se existe excessão à regra, não existe regra.   Agora, se você NÃO entende sobre esses assuntos, não opina sobre aborto  #AbortoNAO",Aborto,0,0
"Quer dizer que na hora de abortar o homem não pode opiniar,  mas assim que decidem que vão ter o bebê correm para justiça e exigem reconhecimento dos seus ""DIREITOS"" e ""DEVERE$$$"", não abrem mão dinheiro na conta.#AbortoSim","Mds gente, o que rolou que a #AbortoNao está em 1 lugar no tt??????????",Aborto,0,0
"Que decepcionante acordar e ver a tag #AbortoNao. Primeiro que o corpo é da mulher e ela tem sim, DIREITO e mesmo que fosse um homem ele também teria. Nem todos tem condição de cuidar de um filho. E fala sério, o feto NÃO SENTE NADA. Já foi comprovado isso.","Se o corpo é seu, cuide dele, pra não ter que cuidar do corpo de outro !!! #AbortoNao",Aborto,1,1
A Sociedade condena a mulher que NÃO  quer ter  um filho e apoia o homem que mesmo tendo escolhe NÃO  ser PAI.#AbortoSim,"A galera a favor da quarentena sem fim está muito preocupada com a vida, chamam Bolsonaro de Genocida e assassino, mas são a favor do aborto. Afinal são a favor ou contra a vida!? #AbortoNAO",Aborto,0,1
"#AbortoSim #AbortoNao Pena de morte para abortistas! Um crime tão bárbaro, o de assassinar uma vida humana sem nenhum direito de defesa, só pode ter uma pena justa se quem o fez pagar com a vida.","que vida? feto não é criança, entenda, #abortosim",Aborto,1,1
Apoio em 95% dos casos.   #AbortoSim,"Jesus Volta logo, que porra de país  é  esse?  Nojo Nojo Nojo Nojo... O que diz o PAPA esquerdista?  #AbortoNao",Aborto,0,1
"#AbortoNao não usam camisinha porque o macho não gosta, mas tem outros métodos, anticoncepcional, pílula do dia seguinte, Diu, e uma pitada de vergonha na cara.","Nada ou quase nada muda na vida de um homem quando ele tem um filho. Absolutamente tudo muda na vida das mulheres. Se um homem pode abandonar uma criança antes mesmo do nascimento, uma mulher tem o direito de abortar. #AbortoSim",Aborto,0,1
"Todo mundo que apoiava a escravidão era livre, todo mundo que apoia o aborto já nasceu.   Falam em ""aborto seguro"". Pergunto, para quem? Afinal, o bebê sempre morre. #AbortoNao","Que comparação bosta. Um feto nem sente nada pra começo de conversa, um escravo já era uma vida formada e com emoções, já um feto (????) Sentido 0 E as milhares de mulheres que engravidam e morrem em clínicas clandestinas? Nelas tu não pensa e sim em um embrião que nem vida tem.",Aborto,2,1
"#AbortoNunca ninguém é obrigado a seguir o seu código moral. Legalizar o aborto não significa todo mundo abortar, significa menos mulheres mortas. #AbortoSim","Que coisa escrota é essa de abortosim e abortonao? A mulher q consegue fazer um também n é ""a favor"", mas cabe a ela (exclusivamente) decidir a sua necessidade!",Aborto,0,0
O lugar onde a criança deveria ter a maior proteção do mundo está virando o lugar onde ela sofre mais atentados contra a propria vida  #AbortoNao,Ela não sente nada porra  #AbortoSim,Aborto,1,1
#AbortoSIM e se você discorda fodase,Todos que são a favor do aborto já nasceram. Não mate uma uma pessoinha indefesa. #AbortoNao,Aborto,0,1
As mesmas pessoas que defendem #AbortoNao são aquelas que são contra educação sexual nas escolas levando(as crianças e adolescentes) a ter DST e gravidez na adolescência resultando no aborto do feto  A hipocrisia e a ignorância desse povo é de cair o c# da bunda,"Como hipocrisia? Não somos contra educação sexual, somos contra a erotização de nossas crianças e ideologia de gênero. Não confunda as coisas. Gente burra",Aborto,2,1
"Me surpreendendo com as pessoas brigando aqui no twitter pelo direito de matar, subindo tag com apoio ao aborto. NÃO VENHA FALAR AQUI QUE É QUESTÃO DE SAÚDE DA MULHER QUE NÃÃO ÉÉ.  #AbortoNao #AbortoNao","Como é feito o assassinato de bebês que você defende: #AbortoNao  1- Por Sucção  Insere-se no útero um tubo oco que tem uma ponta afiada. Despedaça o corpo do bebê que está se desenvolvendo, assim como a placenta e absorve ""o produto da gravidez""(bebê),depositando-o  em um balde+",Aborto,0,0
Ser favor da legalização do  aborto não significa querer abortar e sim entender que cada mulher faz oq julga melhor para seu próprio corpo e entender que se no seu corpo manda Deus no meu mando eu  #AbortoSim,ISSO NAO FAZ SENTIDOO #abortonao,Aborto,1,1
"Quem defende aborto não trm alma, está morto por dentro. #AbortoNao",Quarentena dia 63: tentei fazer uma esculturinha com sabonete em barra  Pra primeira vez acho que ficou até bom  (#AbortoSim a decisão deve ser da mulher e deve-se ter a segurança pra fazer isso sem riscos),Aborto,0,1
#abortonão #abortosim  onde que aborto é assassinato sendo que é só um monte de células até os três meses?,"#AbortoNão #abortosim  e gente, a questão não é o aborto, é sobre saber que vc tem o poder de escolha sobre seu corpo",Aborto,1,0
"não existe um único motivo plausível que justifique o fato do aborto não ser permitido um só, nem que seja religioso, não tem ou seja: #AbortoSIM","Quer decidir sobre o seu corpo? Se previna e crie suas regras! Surgiu outra vida? Perdeu a autonomia. Outro corpo, outras regras! #AbortoNao",Aborto,0,1
"É mesmo né, útero pra quê? A gente pode tirar a criança e deixar crescer num tubo de ensaio já que o útero é da mulher e ela que decide se ela quer ou não o filho #AbortoSim",Mentalidade genocida. Coisificação - a desumanização do feto é uma das etapas previstas no observatório do genocídio no mundo...   #AbortoNao,Aborto,1,1
"Não me venham com essa #AbortoNao, não é o estado quem diz o que a mulher deve fazer com seu próprio corpo, ela que deve ter o poder de decisão! #AbortoSim","Homem PODE e DEVE opinar sobre o aborto, porque os bebês não foram feitos com os dedos, amado! #AbortoNao",Aborto,2,1
não acredito que ainda tenho que ficar lendo essas coisas...  será que nunca as mulheres vão ser respeitadas como merecem???? #AbortoSIM,voltaremos no tempo ai pediremos para a MIMOSA que te colocou no mundo pelo cooooooool assassinar vc sua peluda dos infernos. #AbortoNAO,Aborto,1,1
#AbortoNao esquerdistas assassinos,"Pra mim, pode abortar até o 9° mês de gravidez. Se é vida ou não, acho q a discussão não importa, o bagulho da morte n é nem a dor e sim as coisas de valor sentimental q vc perde q é bad e no caso do bebê não tem nenhuma. #AbortoSim #AbortoNao",Aborto,0,1
"se vc não quer abortar não aborte, vc n é obrigada a abortar só pq é legalizado, mulheres q não querem ter o filho vão abortar sendo legalizado ou não, a legalização só faz com q elas tenham o aborto com mais SEGURANÇA. Não imponha sua opinião sobre o país todo. #AbortoNao",Quem tem que ser contra ou a favor do aborto é quem vai engravidar. E o presidente legalizando ou não as pessoas vão continuar fazendo #AbortoSim,Aborto,0,0
NO MEU GOVERNO O ABORTO NAO VAI SER LEGALIZADO   VAI SER OBRIGATORIO #ABORTOSIM,Pessoa que defende aborto é lixo total. #AbortoNao,Aborto,0,1
#abortoNAO só Deus tem direito de tirar a vida aborto nunca,N sei oq aconteceu mas só concordo #AbortoSim,Aborto,0,1
"Pensa gente... se sua mãe tivesse abortado, vc não estaria sendo a favor. Seria estar mais feliz c sua vida. #AbortoNao",Escreve direito. #AbortoSim,Aborto,1,1
Se não é pra abordar não é pra bater punheta também. Espermatozoide tem reacoes naturais de sobrevivencia sendo assim é uma vida também. #AbortoNao,"Sou contra o aborto, mas a favor da mulher poder escolher!!!!!#AbortoSim",Aborto,0,0
"Nenhuma sociedade civilizada permite que um ser humano intencionalmente prejudique ou tire a vida de outro sem punição. O aborto não é uma forma de contracepção, mas assassinato. Quem defende essa monstruosidade está fazendo apologia e deve responder criminalmente. #AbortoNao!","Essa mulherada fica dando pra qualquer um, não se cuida (detalhe: o Governo DÁ camisinhas) e depois quer assassinar um bebê. Se elas morrem tentando um aborto é mais do que merecido. Não trepem que não engravidam #AbortoNao",Aborto,1,0
Eu tenho 2 motivos de ser a favor do aborto. 1. Tem mulheres q engravidam e n tem como sustentar a criança. Sério q vcs preferem vê a criança passando fome e n tendo uma boa qualidade de vida???? 2. Tem mulher q é violentada e esse n é um filho q vai trazer (+)  #AbortoNao,Criminalizar o aborto fere os direitos humanos. Quem disse? A ONU! #AbortoSim,Aborto,0,0
"Um bando de filha da puta falando sem útero, sem opinião...FIZERAM O FILHO COM O DEDO CARALHO? O corpo é seu mas o bebê não faz parte do seu corpo. não é um órgão que você remove quando quer. É uma vida feita por um homem e uma mulher suas cretinas. #AbortoNao","Em crise social, uns sendo presos e espancadas por querer fazer uma caminhada, condenados sendo soltos, e o STF quer aprovar isso? Essa ocisão não é nada propicia para essa decisão.  #AbortoNao",Aborto,0,0
Acho que vai esfriar bastante amanhã #AbortoNao,"ninguém é a favor do ato de abortar, estamos falando de LEGALIZAÇÃO, para que as mulheres tenham segurança e não corram riscos no processo. e disso nós somos a favor. #abortosim",Aborto,0,0
#AbortoNao E SE FOSSE VOCÊ CONTANDO OS MINUTOS PARA SER ESQUARTEJADO(A) NA BOLSA GESTACIONAL ?,"#AbortoNunca ENTENDAM quando a pessoa é #AbortoSim Não quer dizer que fará um aborto, só quer que tenha clínica especializada para que pessoas sem condição não tenha um filho.",Aborto,0,1
Educação sexual para decidir! Contraceptivos para não abortar! Aborto legal e gratuito para não morrer!  #AbortoSim #NenhumaAmenos #NiUnaAMenos,"Enquanto você grita fica em casa,  em quarentena para ""salvar vidas""... ""Toda vida importa""...para você  menos a de bebês no ventre materno.  E outra você não tem ventre, aqui não é seu lugar de fala, assassino de bebês.  #AbortoNao",Aborto,1,1
"É sobre as mulheres terem escolha. Se uma gestante com feto com zika vírus quiser seguir adiante com a gravidez, ela tem td o direito. Se ela quiser interromper a gravidez, ela deve ter td o direito tb. Simples! #AbortoSim","Na boa, a mulher tem que ter o direito de escolher se vai parir um feto inviável ou não. É FETO INVIÁVEL, não é uma criancinha bonitinha que vai sobreviver, pô. #AbortoSim",Aborto,2,0
Kkkkkkkkkkkkkkkkkklll um homem desse tem que no minimo tomar uns 50 tiro no meio do cu pra aprender a virar gente,Que bom que a carapuça serviu para vc...se uma vadia faz isso ela tem que ter seu clitóris extirpado,Aborto,1,1
meu deus #abortonao e #monarquiaja nos tt corona por favor leve todos,"Lógico que esse número deve ser bem maior em 2020 né, mas homem só se preocupe em não matar o NEMNEM #AbortoSIM #AbortoNão",Aborto,0,0
"É assassinato sim! Quem faz, que pese na consciência pelo resto da vida. Nunca terá paz interior.  É assassinato sim! #AbortoNao","terá paz, sim. não abortar quando há essa vontade, é crueldade, se você não quer a criança, não irá a amar, cuidar e tratar ela como ela precisa. posso dizer que não ter o amor da própria mãe, é uma das coisas mais horríveis que uma criança pode passar. #AbortoSim",Aborto,1,1
não acredito que ainda tenho que ficar lendo essas coisas...  será que nunca as mulheres vão ser respeitadas como merecem???? #AbortoSIM,"Muito surreal ver o pessoal da TAG #AbortoNao querendo decidir como a mulher tem que lhe dar com o próprio corpo...  -Sem útero, sem opinião  #AbortoSim",Aborto,1,0
Ser favor da legalização do  aborto não significa querer abortar e sim entender que cada mulher faz oq julga melhor para seu próprio corpo e entender que se no seu corpo manda Deus no meu mando eu  #AbortoSim,Simm... sou a favor mas nunca faria um aborto,Aborto,2,0
Sou a favor. #AbortoSim,Pena que tua mãe foi contra aborto.,Aborto,2,1
"Aproveitando a tag #AbortoNao, gostaria d estatar q eu saía c um cara q era contra o aborto e condenava mulheres q ja abortaram, ms ele só transava sem camisinha KKKKKKK ainda bem q pulei fora e n fiz nada c esse mongol","Não é tão difícil de entender que o aborto já existe.. é uma realidade! A legalização só vai evitar que mulheres, em sua grande maioria pobres, morram em clínicas clandestinas.. #AbortoSim",Aborto,0,0
"Só pra lembar que 5,5 milhões de crianças no Brasil não tem o nome do pai no registro, mas nem por isso abandono paterno é considerado crime   #AbortoNao #AbortoSim","@ Solução pra você é matar esses 5,5 milhões? #AbortoNao",Aborto,1,1
"“Ah, mas ele já me ama, tem sentimentos”  Tudo bem você pensar assim. Não tem nenhum problema. Mas ele precisa de um cérebro para ter os sentimentos, para amar você e saber o que está acontecendo. É o cérebro que comanda tudo #AbortoSIM",Se você não quiser abortar e seguir com sua gestão até o final você tem total liberdade para isso. Assim como uma mulher que não quer gerar uma criança dentro dela deveria ter o direito de interromper essa gestação #AbortoSIM (obs: no prazo em que o feto não sente nada),Aborto,1,0
Não normalize a ignorância!!  Não acha aborto certo? Não aborte. Não impeça outra pessoa de realizar de forma segura. #AbortoSim,Gente que tá defendendo #AbortoNao  por favor não usem o argumento do estupro (como única condição para o aborto). Eu acho horrível acharem que para a mulher ter direito de opinar sobre o próprio corpo ele tenha que ter sido violado antes.   #AbortoSIM,Aborto,0,0
"O que deve ser defendido é o acompanhamento psicológico da mulher após o estupro, para ela ter ciência e consciência do que fazer. Não é culpa da criança a situação na qual é concebida, ela não deve ser punida.  #AbortoNao",Antes desse tema ser tratado deveriam criar uma lei rígida para pais irresponsáveis que não assume seus filhos e deixam mães sozinhas com tamanha responsabilidade...#AbortoSim,Aborto,0,0
#AbortoNao  Aborto deveria ser caracterizado com crime doloso qualificado.,"Em relação a esse tema, eu sempre parto da premissa de que: o aborto é uma questão de direitos sexuais e reprodutivos – Todas as pessoas têm o direito de decidir sobre seu corpo, sua liberdade e seu futuro. #AbortoSIM",Aborto,0,1
"O problema não é o aborto,pois existem vários casos como gravidez de risco etc... o problema são homens e mulheres irresponsáveis que fazem sexo sem pensar nas consequências,como a gravidez,então como dito o problema são vcs #AbortoNao",Que não pensam se poderão dar uma vida digna tanto para a criança como para vcs mesmo #AbortoNao,Aborto,1,0
"Uma mulher tem o direito de fazer o que ela achar melhor pra ela e não precisa da opinião de ninguém, e para os homens que subiram essa tag, é aquele ditado né, sem útero, sem opinião #AbortoNao","Sem útero, sem opinião",Aborto,2,0
"vim aqui com meu útero (pq é isso que se usa pra opinar aqui) pra dizer que sim, um feto é uma vida, e não eu não fui doutrinada pela igreja pra pensar isso, eu estudei, e não, você não tem o direito de me xingar nos comentários pq eu penso diferente.  #AbortoNao","É que você ter útero e dizer que não faria um aborto é uma escolha e é importante ter liberdade pra escolher, assim como eu, que também tenho útero, gostaria de poder escolher fazer um aborto, caso julgasse necessário.",Aborto,2,1
O aborto deve ser uma escolha única e EXCLUSIVAMENTE da mulher. A legalização do Aborto não significa que você é pro-morte mas sim que não quer mulheres pobres morrendo em clínicas de aborto clandestinas por não ter dinheiro para pagar por clínicas caras  #AbortoSim #AbortoNão,adoro entrar nessa discussão pq sou contra o aborto e a favor da legalização,Aborto,2,0
#AbortoSim pq nenhuma criança merece nascer nesse mundo horrível e nenhuma mulher merece ser mãe sem amar a criança,Tudo pela vida! #AbortoNAO,Aborto,0,1
Se vc não foi abortado vc não tem ligar de fala  #AbortoSim É burrice,#AbortoNao seus filhos da puta.,Aborto,0,0
Esses hômi que tão se meteno a falá #AbortoNao  tão em dia com as pensão??,"Pois é...Se os homens engravidassem, o aborto já seria legalizado há mto tempo #AbortoSim",Aborto,1,0
"porra de #AbortoNao , se a mulher quiser abortar por algum motivo ou não, ELA q deve decidir, q saco","“Homem não tem lugar de fala sobre aborto.” Ué, e se o bebê for homem? #AbortoNao",Aborto,0,1
"Camisinha não é 100% seguro pode rasgar e furar, o aborto também não é 100% seguro a mulher pode estar na melhor clínica que ela pode morrer fora as questões psicológicas que vem depois do aborto essa nenhuma clínica vai poder tirar o peso na consciência.   #AbortoSim","A galera do #AbortoSIM  pensa que é assim vai lá aborta e fim resolveu o problema, o Sus demora provavelmente quando a moça ligar para a mulher autorizando o aborto o bebê já vai está nascido. Clínica particular um aborto seria um absurdo.",Aborto,1,0
Defender o aborto depois que vc nasceu é fácil! #AbortoNunca #AbortoNao,KKKKKKKKKKKKKKKKKKKKKKKKKKKKKKKKKKKKKKKKKKKKKKKKKKKKKKKKKKKKKKKKKKKKKKKKKKKKKKKKKKKKKKKKKKKKKeu nem queria nascer meu amor,Aborto,2,1
"Pra quê aborto, se você pode:  1° Fechar as pernas.   2° Tomar remédio.  3° Usar preservativo.  #AbortoNAO",Para ficar dizendo que anticoncepcional faz mal e continuar levando leitada no fundo do útero.  #AbortoNao,Aborto,1,0
Vc n pode ser comunista e ao mesmo tempo defender que seu corpo é uma propriedade privada KKKKKKKKK,Muito menos se dizer cristã e feminista. #AbortoNAO,Aborto,2,0
#AbortoNao  Aborto é caro  Não quer ter filho? Usa o aro.,Se fosse só se preservar não haveria gravidez indesejada #AbortoSim,Aborto,1,1
"O aborto tem q ser permitido, pra evitar q crianças cresçam em ambientes onde não são amadas, vivem passando necessidades e acabam sofrendo grandes traumas! Essa foto é de um bb q nasceu com o DIU na cabeça, nenhum modo de prevenção é 100%  #AbortoSim",""" engravida quem quer"" hmmm... sério? #AbortoSIM",Aborto,2,0
"Todo mundo que apoiava a escravidão era livre, todo mundo que apoia o aborto já nasceu.   Falam em ""aborto seguro"". Pergunto, para quem? Afinal, o bebê sempre morre. #AbortoNao",kkkkkkkkkkkkkkkkkk GENTEkkkkk o bebe sempre morre,Aborto,2,1
Aborto é homicídio. Aborto de feto feminino é feminicídio. #AbortoNao,eu não acredito que estou lendo alguém dizer que um feto tem genero,Aborto,2,1
"Esquerdopatas defendendo o direito de matar bebês na barriga das suas mães.  Nesse caso, quem defende o direito à vida, poste:  #AbortoNAO !",O mais momento a luta não é pela vida? #AbortoNAO,Aborto,1,0
"Pq as pessoas ligam tanto pro aborto e não pro abandono paternal, vamo criar vergonha na cara né #AbortoSim","O sou a favor do aborto, mas não concordo quando dizem que é uma decisão exclusiva da mulher. Se o parceiro pedir para a mulher abortar e ela quiser prosseguir na gravidez, ele não deveria ser responsabilizado pelo bebê. A mãe decidiu prosseguir, não ele.  #AbortoSim",Aborto,0,1
"""Quem é cidadão de bem se sair na rua pode ser preso por desobediência...  Mas quem está preso por assalto, estupro, roubo, agressão, será solto."" E pra piorar STF quer aprovar o aborto. Se mundo for acabar esse ano eu aposto que começa  aqui. Eita bandidagem!   #AbortoNao","Gravidez acidental o caralho, tem uma caralhada de métodos contraceptivos disponíveis, aborto não é saúde pública e o bebê não faz parte do corpo da mãe. #AbortoNao",Aborto,0,0
O bem venceu o mal #AbortoNAO,#AbortoSim quem é contra aborto que adote pelo menos 1. Desafio posto.,Aborto,0,1
Viva a vida. Não ao  #AbortoNao,"Engraçado que aqueles que defendem o aborto são os mesmo que dizem pra ficar em casa pra não morrerem de coronavírus, a hipocrisia e incoerência a gente vê por aqui  #AbortoNao",Aborto,0,0
Que # é  essa? Porra de aborto... se não  quer ter filho  é  so se prevenir  se engravidou assuma as consequências dos seus atos.  #AbortoSim,Aborto não  #AbortoNao,Aborto,0,0
"Só pra lembar que 5,5 milhões de crianças no Brasil não tem o nome do pai no registro, mas nem por isso abandono paterno é considerado crime   #AbortoNao #AbortoSim","@ Aborto não, aborto é crime, há um inocente sem crime algum. Você ainda tem coragem de defender isso? O criminoso é você quem devia ter sido abortado era você!!  #AbortoNao  #ABORTONAO",Aborto,1,1
#AbortoNao  Melhor dizendo assassinato de criancinhas no ventre das suas mães.,"Legalização do #AbortoNao é papo pra homem. A decisão não é sua, é da mulher. E mulheres, vcs também não tem o direito de opinar sobre oq uma mulher vai fazer com o feto, vc decide o seu caminho, não o das outras.",Aborto,0,1
"vim aqui com meu útero (pq é isso que se usa pra opinar aqui) pra dizer que sim, um feto é uma vida, e não eu não fui doutrinada pela igreja pra pensar isso, eu estudei, e não, você não tem o direito de me xingar nos comentários pq eu penso diferente.  #AbortoNao",primeiro que isso não é nem um feto,Aborto,2,1
"Sei, ela sabe disso? Que você é casado com ela? Ela é um manequim também?",Rapaz como até essa aí da foto com vc,Aborto,1,1
"#AbortoNao #AbortoSim mano,eu penso assim : se a mulher fala ""falo oq eu quiser com meu corpo,ninguém manda nele "" mas querem abortar o feto,tipo o feto não é seu corpo,por quê vai decidir por ele?",Não normalize a ignorância!!  Não acha aborto certo? Não aborte. Não impeça outra pessoa de realizar de forma segura. #AbortoSim,Aborto,0,1
"É uma VIDA indefesa, que não pediu para ser gerada. Ela está aí? Deixe-a vir. Não tem condições (física, financeira, emocional...) para cuidar? Não mate! Entregue para adoção.  STF, diga não ao aborto. #AbortoNao #AbortoNunca",Não tem condições pra cuidar dos filhos dos outros? Então não dê pitaco sobre o aborto dos outros. #AbortoSim,Aborto,1,1
"""vocês que usam a tag #AbortoNao são exatamente isso:"" mulheres abortistas são exatamente isso:",Pqp kkkkkkk,Aborto,2,0
"Já questionei várias vezes, mas até agora nada.  Sabem de algum caso em que a mulher abortou o filho de um jogador de futebol?  #AbortoNao!","ok então, cada vez que uma mulher quiser abortar você vai cuidar dessa criança dps que ela nascer ok?",Aborto,2,1
Só pra lembrar que eu sou a favor da liberação do #AbortoSim,"SOMOS contra o aborto! Ajudem, vamos mostrar a eles que não concordamos com isto!  #AbortoNao",Aborto,0,1
"Pior. Imagine se xilique se junto com o aborto livre no SUS, o  homem fosse desobrigado de pagamento de pensão em caso de não existir relacionamento prévio.","Eu chegaria nisso, se a mulher pode escolher não ter, caso o homem não queira e ela insista, ele fica livre da pensão?",Aborto,1,0
#AbortoNao a vida é muito valiosa para ser extinta por alguém m.,Ai gente temos sempre que reforçar #AbortoSim,Aborto,0,1
"O STF pautou para o dia 24 de abril o julgamento de uma ação que autoriza o aborto em casos de infecção por zika vírus. Enquanto estamos lutando pela vida no caso coronavirus, alguns lutam pela morte. O diabo NUNCA dorme. #AbortoNao","Apesar que o aborto tá previsto em lei,em casos de estupro,gravidez de alto risco no qual a mãe corre o risco de morrer,quando os bebês nascem com ausência de cérebroaté aí é o direito delas,mas muitas querem abortar como fosse ir no banheiro defecar,#AbortoNunca  #abortoNao",Aborto,1,0
"Ser humano, se tornem humanos!!!#AbortoNao","Homem não tem o direito de opninar, nem se for o filho dele ? Affs cada uma... #AbortoNao",Aborto,0,0
"Vamos ser realistas! No Brasil o aborto é proibido, no entando muitas mulheres abortam. #AbortoNao #AbortoSim","Uma criança que vai nascer, por exemplo, de uma usuária de droga, em uma familia desestruturada, é melhor mesmo nem vir ao mundo. Só quem sabe o q é ser rejeitado pela familia sabe como é. #AbortoSim #AbortoNão",Aborto,1,0
"Nenhuma sociedade civilizada permite que um ser humano intencionalmente prejudique ou tire a vida de outro sem punição. O aborto não é uma forma de contracepção, mas assassinato. Quem defende essa monstruosidade está fazendo apologia e deve responder criminalmente. #AbortoNao!",Se eu comer uma sopa de letrinha cago um argumento melhor que esse,Aborto,2,1
"E é sempre importante enfatizar que o aborto é uma questão de saúde pública e ñ de crenças. O Estado é laico e por ele ser laico, ele deve promover políticas públicas e ñ religiosas. Essa definição de ""quando começa a vida"" vai variar de acordo com a crença de cada um. #AbortoSIM",A legalização abre portas pra uma política pública mais responsável que pensa nos direitos de todas as gestantes e isso independe de sua religião. #AbortoSIM,Aborto,1,0
"#AbortoSim   Vejo muitas pessoas dizendo que fetos tem vida, Na real NÃO há uma definição científica para quando eles são considerados uma  A Questão é que no Brasil, O abandono de crianças é extremamente alto, E o aborto é necessário sim  (...)","Dês de que   Tenha uma idade limite para um feto ser abortado, Até cinco meses  Que as mulheres tenham um acompanhamento psicológico  E tenha sido vítima de abuso, ou não tem condição.  Cansada de ver catarrento na rua  #AbortoSim",Aborto,1,0
"Em época de pandemia, eis que surge o #STF #STFVergonhaNacional  #AbortoNao","a *legalização* do aborto é uma questão de saúde pública e não uma discussão sobre ideologia/crenças, mas acho que vocês ainda não estão preparados para ter essa conversa   #AbortoSim",Aborto,0,1
Você é favorável a legalização do aborto?,Não sou favoravel ao aborto ! #AbortoNao,Aborto,2,0
"Se fosse é um homem e fala #AbortoNao, cale essa sua boca.   A IBGE aponta que temos mais de 10 milhões de mães solos no Brasil.   Há mulheres que abortam por não ter apoio familiar ou do MARIDO, ou então, pq ela não quer um filho  Como rachel green disse: SEM ÚTERO, SEM OPINIÃO","Sempre há homens que dizem ""se não quer ter filhos, se previna""  Bom, os preservativos mais usados são os masculinos, e se um homem quer ter relações com uma mulher, ele não deveria ter um preservativo na carteira? Só pra depois ele não vir no twitter e twitar #AbortoNao",Aborto,1,0
se homem ficasse gravido o aborto ia se um mandamento da biblia   #AbortoSim,Imagina vc ser assim não ironicamente,Aborto,2,1
É um desgosto atras do outro entrar na tag #AbortoNao é cada pensamento retrogrado e egoísta que pqp...,"#AbortoNAO  Vc pode ser contra o aborto sendo homem, mulher o caraio a 4 Homem também fornece material genético pra formar a criança  Sim, somos contra o aborto CHORA",Aborto,0,1
Ser favor da legalização do  aborto não significa querer abortar e sim entender que cada mulher faz oq julga melhor para seu próprio corpo e entender que se no seu corpo manda Deus no meu mando eu  #AbortoSim,Querer o fuzilamento dos abortistas em paredão não significa puxar o gatilho. E deve ser o único crime que é justificado na bíblia nem Cristo que é puro amor tolera abortistas. #AbortoNao,Aborto,1,1
"O STF mais uma vez pretende extrapolar suas competências tentando legislar sobre o aborto.  O aborto é a tirania do mais forte contra o mais fraco, um atentado contra vida comparável ao assassinato.  #AbortoNAO",Eu to achando engraçadíssimo um monte de gente sem utero opinando no aborto,Aborto,2,1
"nós libertários austríacos somos aos mais ferrenhos defensores das liberdades individuais, mas nós não defendemos o aborto indiscriminado, pois esta prática significa uma violação leviana dos direitos naturais do indivíduo que será brutalmente assassinado, o que faz do aborto","algo eticamente desprezível.  Algum acréscimo, ?",Aborto,1,0
e acredite se quiser mas só não é legalizado o aborto por causa que o nosso país é governado por homens brancos que acham que pode decidir pelo corpo da mulher!!!! #AbortoSim,"Trata-se de uma questão de saúde pública, centenas de abortos são feitos todos os dias. O aborto clandestino mata, a legalização é essencial para assegurar a vida e a dignidade das mulheres #AbortoSim",Aborto,0,0
"#AbortoNao  Por mais que se tente, não dá para apagar o rastro de um aborto na própria biografia. É uma marca para sempre.","#AbortoSim porque o aborto nesse país já é legalizado para mulheres ricas! Só quem sofre nesse país com métodos precários e ""caseiros"" de abortamento, com complicações graves de saúde e sem tratamento psicológico adequado são as mulheres pobres.",Aborto,0,1
To só passando pra disser que #AbortoSim,É ridículo quanta gente aqui defende #AbortoNao com religião.  #AbortoSim porque a segurança das mulheres que morrem em clínicas clandestinas também é importante,Aborto,0,0
O que vai ser julgado no STF vai ser o  aborto em caso de infecção por zika vírus.  #AbortoSim,#AbortoNao kkkkkk só tem macho nessa tag! Depois as pessoas me pergu ntam o pq de eu militar tanto na causa do machismo,Aborto,0,0
"homens vcs NÃO tem direito de levantar a hashtag #AbortoNao . vcs não engravidam, vcs não passam pelo o parto, vcs n ficam com leite na teta, vcs não tem útero. #AbortoSim #aborto",#AbortoNao  Aborto é caro  Não quer ter filho? Usa o aro.,Aborto,1,1
Aborto é  elitista e racista pra cacete sim e não ver quem não quer ou é  muito inocente (MUITO).  #AbortoNao,"ue mores, é só vcs n abortarem kkkkkkkkkkkkkk #AbortoNao",Aborto,0,1
Aborto bom é aborto assim. #AbortoSim,"Crianças depois q nascem nem se importam, agr um feto q nem seu filho vai ser quer vir da opinião #AbortoSim  #AbortoNunca",Aborto,0,-1
O STF que disse que irá obstruir qualquer decisão do governo de acabar com a quarentena pq se importa com vidas pautou para o dia 24/04 decisão que pode legalizar o aborto para fetos com microcefalia. #STFVergonhaNacional,"Não só com microcefalia , mas os que são acometidos de outros males também! Um bando de morcegos assassinos !  #AbortoNao",Aborto,2,0
"falei sobre aborto me posicionando a favor em meu instagram. se eu já tava perdendo seguidores por causa da minha exposição gay, agora então... Kkkkkkkkkk amo! aguardando os argumentos dos religiosos e conservadores lá. #AbortoSim",educação sexual para decidir contraceptivos para não abortar aborto legal e gratuito para não morrer #abortoSIM,Aborto,0,0
"#AbortoNao  Se vc defende aborto, seria justificável que você poderia ter sido abortado?  As coisas naturais são uma premissa, o corpo da mulher não deveria ter contato com HPV antes de estar completamente formado. Quando antecipa a maturidade, sexo, tbm antecipam os problemas.",#AbortoNao Se você concorda com a frase acima vai se foder te odeio,Aborto,0,1
É justo eliminar uma vida humana para resolver um problema? #AbortoNAO,paga de cristão a favor da vida mas quer pena de morte  e a hipocrisia rola solta,Aborto,2,1
"A tag #AbortoNao já passou dos 100.000 tweets!  Obrigada, brasileiros. Felizmente, só uma minoria apoia ativismo judicial para matar bebês.","Engraçado que todos que apóiam a morte das crianças, estão vivos né  hipócritas Vagabundos #AbortoNao",Aborto,1,0
Quem é você pra decidir quem vive ou não? O dono do mundo? Eu hein #AbortoNao,É direito da mulher decidir pelo seu próprio corpo e vida! #AbortoSIM #AbortoLegalYa #NiUnaMenos,Aborto,0,1
#AbortoNao ou #AbortoSim simples e so da o cu nao engravida,"Gente, gente... vocês que estão aí discutindo #AbortoNao #AbortoSIM , tem uma coisa muito mais necessária... #MonarquiaJa",Aborto,0,0
Uma dúvida: A galera que tá postando #AbortoNao vai arcar com a criação dos filhos das pessoas que postam #AbortoSim?,"Se os #AbortoNao são a favor da vida, todos são contrários a pena de morte?",Aborto,1,0
queria saber pq tem um monte de mula levantando a #abortonao se nem utero tem...,Pessoal do abortosim abortando neurônios tá engraçado,Aborto,0,1
"Temos hoje milhares de mulheres morrendo ou adquirindo doenças graves, por causa de abortos feitos em locais não apropriados, com materiais mal higienizado e por pessoas que não são médicas. O aborto já devia ser legal a muito tempo. #AbortoSim",Aborto nunca! #AbortoNao,Aborto,0,1
"O FEMINISMO É MISÓGINO E RACISTA   Caso o feminismo defendesse as mulheres negras, as feministas seriam radicalmente contra o aborto, posto que a maioria dos bebês assassinados ainda no ventre são afrodescendentes e do sexo feminino.  O FEMINISMO É UMA FARSA  #AbortoNao","Nos EUA as mulheres negras representam 30% das mulheres que abortam, apesar da população afro-americana ser ""apenas"" 13%  A cada 5 mulheres afro-americanas que engravidam, 3 abortam.  O objetivo no Brasil é o mesmo. Eugenia #AbortoNAO",Aborto,1,0
"Se o STF aprovar(que não é da competência deles) o aborto, tbm devem liberar a eutanásia pra qualquer adulto que já não aguentar mais sofrer num leito de hospital. Se o inocente pode ser assassinado, um adulto consciente deve ter direito de morrer. #AbortoNao",Se a mulher não quer filho e só doar  tirar a vida de um inocente Não e solução  #AbortoSim #AbortoNao,Aborto,0,0
"Quem precisa de terapia são as abortistas, vadias que não dão valor a vida",Pleno seculo 21 e o minion acha que vadia é ofensa kkkkkkkkkkkkkkk,Aborto,1,1
"Mandetta sustentou norma técnica dos governos petistas que permite médicos assassinarem bebês no ventre de suas ""mães"" sem que exista comprovação de violência sexual. Foram mais de 1.700 abortos em 2019, enquanto mães davam à luz em corredores por falta de leitos. #AbortoNao",Mais um motivo para #ForaMandetta,Aborto,2,0
"As feministas que são a favor do aborto achariam legal um casal querer abortar pelo simples motivo do feto não ser um menino, sonho deles, mas veio uma menina. Seria certo assassinar essa menina por era ser menina, em nome da liberdade absoluta da mulher...?","Pleno 2020  e tem gente usando argumentos como :  ""Quando eu transo ,eu n espero engravidar""  ""Meu corpo minhas regras""  ""Vou matar o feto pra evitar que a criança la na frente sofra""  #AbortoNao",Aborto,1,0
"""O aborto não é, como dizem, simplesmente um assassinato. É um roubo... Nem pode haver roubo maior. Porque, ao malogrado nascituro, rouba-se-lhe este mundo, o céu, as estrelas, o universo, tudo. O aborto é o roubo infinito."" Mário Quintana  #AbortoNao  #AbortoNunca","""Usar camisinha não é, como dizem, simplesmente um assassinato. É um roubo... Nem pode haver roubo maior. Porque, ao malogrado nascituro, rouba-se-lhe este mundo, o céu, as estrelas, o universo, tudo. Usar camisinha é o roubo infinito.""  #AbortoSim",Aborto,1,1
Entrei na tag #AbortoNAO e tem muita gente que defende o aborto.  Provavelmente nunca passaram pela experiência de carregar uma vida no seu ventre.  Deveriam perguntar aos seus pais o que acham sobre o assunto.  Não há algo maior no mundo que o amor de mãe.,"E quem não quer criar, dê a criança para adoção. Tem muita gente querendo! #AbortoNao",Aborto,1,0
Surreal! A corte das trevas tá se aproveitando desse momento pra dar um golpe no  povo e aprovar o aborto! Malditos!  #AbortoNao,"Que bom, eles assumiram a responsabilidade de milhares de mortes, eu só quero ver se tem algum idiota útil que se diz cristão, apoiar esse Castello maldito das trevas, esse STF tem sido morada do diabo.",Aborto,2,0
"#AbortoNao Incoerência esquerdista. 8:00 ... Fique em casa,vamos preservar a vida.  9:00 ... #AbortoSim","#AbortoSim sabe o pq? se a mulher for abortar não vai ser uma lei que vai impedir ela, ela vai em clínicas clandestinas ou arrumar outro jeito de abortar, podendo correr até mesmo risco de vida dos dois!",Aborto,0,1
"#AbortoNao KKKKKKKKKK só homem comentando na tag, vão se fuder vermes",Vc não é dona do corpo inocente do bebê! #AbortoNao,Aborto,0,1
#AbortoSim rsrs n vou comentar sobre mas tinha q deixar minha opinião aqui,"Nessa #AbortoNAO só vi gente defendendo a #AbortoSim,bom",Aborto,0,0
"só os seguidores do bolsonaro nessa hashtag,só argumento pica   #AbortoNao","não posso ver uma tag política que quero participar, neah #AbortoSIM",Aborto,0,0
Você já nasceu né. Então não impeça de outras vidas de nascer! #AbortoNAO,#AbortoNao vc já nasceu diga nao,Aborto,1,0
Métodos preventivos falham se vc n sabe,"Logico que sim, nada é 100%, por isso sexo tem que ser responsável, abrir as pernas e depois lamentar é fácil...",Aborto,1,1
"Só pra lembar que 5,5 milhões de crianças no Brasil não tem o nome do pai no registro, mas nem por isso abandono paterno é considerado crime   #AbortoNao #AbortoSim",@ Então q coloco responsabilidade n pai. Vamos mayar inocentes pq o pai é  irresponsavel? #AbortoNao,Aborto,1,1
Eu amo ser mãe! #AbortoNao,"Quem não quer filho tirem seus úteros, porque isso é seu!!! #AbortoNao",Aborto,1,0
"Em meio à pandemia e palavras de todos em preocupação com as vidas, o STF resolve deliberar sobre aborto. Os humanistas que se alimentam de fetos já lambem os lábios.  #AbortoNao",Hmmm que vontade de comer um feto assado com batatas hj,Aborto,2,1
"Dai vem pró vida dizer que só é a favor do aborto em casos de estupro, só reforcam mais que nao ligam para a ""vida"" e sim em crucificar mulheres a respeito do seu consentimento #abortosim",Surreal! A corte das trevas tá se aproveitando desse momento pra dar um golpe no  povo e aprovar o aborto! Malditos!  #AbortoNao,Aborto,0,1
"#AbortoNao Pessoas que comentam sobre isso:  Não vão criar a criança, acham que orfanato é igual chiquititas, tem uma realidade de vida oposta da mulher, matam animais inocentes que sentem a mesma dor de uma criança, dão mais valor a um feto que a vida de uma mulher!",A coisa mais correta e sensata que já li inclusive,Aborto,2,0
"Aborto tem que ser legalizado sim, mas vocês não estão prontos pra essa conversa.  #AbortoSim","STF quer o caos, eles vivem do sangue alheio. São iguais a Marina Abramovic, usam sangue em todas ocasiões! #AbortoNao",Aborto,0,1
"Em live feita pelas redes sociais, nesta quarta-feira (15), o prefeito de Curitiba, Rafael Greca, anunciou que o comércio pode retomar suas atividades, desde que siga uma série de medidas que vão ser publicadas no Diário Oficial do Município.  Viva Curitiba!",Viva Curitiba  Deus abençoe e tudo vai dar certo. #AbortoNao,Aborto,2,0
"Não quer correr risco de engravidar, faz sexo anal porra #AbortoNao","uma moça se casou com um cara muito rico,depois de um ano de casada ela vai a casa do pai e se desabafa pai quando eu casei meu cu era do tamanho de uma moeda de 0,10 centavos e agora ta parecendo um moeda de 1,00 real. mas filha vc vai largar dele por causa de 0,90 centavos!!!",Aborto,1,0
Resumindo quem tá no #AbortoSim nesse Twitte...  #AbortoNão,"Eu já vi tanto sobre o sim e o não que cansei, vou dar o mesmo conselho: vai estudar pra dps rebater ou falar merda e passar vergonha. Felizmente o outro do post pelo menos fez algo bom e eu rebati e forma resumida. Se n entendeu, problema seu.  #AbortoSim",Aborto,1,1
"Bora de enquete, marca aí sua opinião sobre o aborto..  Em seguida se possível de para alcançar mais pessoas, enois. #AbortoNao #AbortoSim #AbortoNunca","#AbortoNao O aborto tem q ser permitido, pra evitar q crianças cresçam em ambientes onde não são amadas, vivem passando necessidades e acabam sofrendo grandes traumas!  #AbortoSim",Aborto,0,0
ABSURDO: Ministro Mandetta gastou 25 MILHÕES na compra de GEL LUBRIFICANTE anal para os PRESOS em 2019 #AbortoNao  Fonte:,é preciso investigar #PedePraSairMandetta,Aborto,2,0
"#AbortoSim A MULHER TEM O DIREITO DE ESCOLHER SER MÃE OU NÃO, RESPEITEM SUAS ESCOLHAS, SEU CORPO!",o meu corpo é meu. meu corpo não é um parquinho político. não é um lugar para legislações. é meu e é o meu futuro,Aborto,2,0
"O STF pautou para o dia 24 de abril o julgamento de uma ação que autoriza o aborto em casos de infecção por zika vírus. Enquanto estamos lutando pela vida no caso coronavirus, alguns lutam pela morte. O diabo NUNCA dorme. #AbortoNao",Acho engraçado que deixar uma criança  nascer com deformação  e viver dependente dos pais e da Boa ação  do governo em casos que a família seja pobre para ter um acompanhamento por conta da doença pelo sus seja algo que pro vida ache mais viável que o aborto  Sinceramente...,Aborto,2,1
"Mulher tem o direito de tudo mesmo, mas não é por isso que temos que tirar uma vida ! #AbortoNao","Lockdown não existe.  e  , vcs serão responsabilizados pela catástrofe que estão provocando por inércia e autoritarismo. #BoraTrabalhar #AcordaBrasil #BoraTrabalharBrasil #AbortoNao #STFVergonhaNacional",Aborto,0,0
"A Convenção sobre os Direitos da Criança e do Adolescente afirma em seu preâmbulo que “a criança, em razão de sua falta de maturidade física e mental, necessita proteção e cuidados especiais, incluindo proteção jurídica apropriada antes e depois do nascimento”.  #AbortoNao","Convenção Americana de Direitos Humanos, art. 4º, 1, dispõe:  “Toda pessoa tem o direito de que se respeite sua vida. Esse direito deve ser protegido pela lei e, em geral, desde o momento da concepção. Ninguém pode ser privado da vida arbitrariamente”.  #AbortoNao",Aborto,1,0
"Todo mundo que apoiava a escravidão era livre, todo mundo que apoia o aborto já nasceu.   Falam em ""aborto seguro"". Pergunto, para quem? Afinal, o bebê sempre morre. #AbortoNao",uma pessoa que fala uma coisa dessas so pode comer merda,Aborto,2,1
"Imagens chocantes, mas necessárias para demonstrar a triste realidade e para compreendermos a importância da luta pelo #AbortoNao!  Esta criança foi assassinada com 18 semanas de gestação, foi usado o método de aborto salino — observe a pele queimada. Imagens: Pro Life Society.","Passaram de todos limites esses canalhas, já não basta o que estão fazendo com o Brasil querem acabar com as crianças chega nação acordem pras portas dos quartéis dia de semana em massa e urgente .",Aborto,2,0
"#AbortoSim #AbortoNao  Sabe uma coisa que ia ser legal? Pena de morte para os paiS que abortrem ou concordarem com isso, aí ia querer ver se ia ter essa merda já que a vida de um bebê n vale a de mais ninguém vale","""Gente, esse negócio de Monarquia é retrocesso""   Olha lá o cara que não sabe diferenciar Pedro Álvares Cabral, Dom Pedro I e Dom Pedro II. HAHAHAHAHAHAHAHAHAHAHAHAHA  #MonarquiaJa #AbortoNao #MonarquiaJá",Aborto,0,0
"Galera #AbortoNunca já parou pra pensar que a opinião/religião de vocês NÃO deve interferir na vida de outras pessoas? Se você não é de acordo,não faz.  Em um país democrático acho um absurdo você tirar o direito de um cidadão decidir o que é melhor pra vida do próprio#AbortoSim","Para a covid-19 medidas extremas pois não tem vacina ou remédios para contenção, correto? E para o aborto? Não tem medidas de controle e contenção antes de uma atitude tão perversa? CAMISINHA/ CONTRACEPTIVOS/ NÃO DAR A BUCETA BANDO DE FDP. #AbortoSim #AbortoNAO",Aborto,0,1
"Os mesmos hipócritas que pedem o aborto, estão escondidos com medo do VÍRUS. Vida sim!  #AbortoNao",Querer comparar aborto com pena de morte só pode ser piada né ? Existe uma diferença bem grande um é culpado ( matou outra pessoa ) o outro é  inocente.   #AbortoNao,Aborto,0,0
"Existem tantos meios contraceptivos, existem hipóteses na lei que prevêem o direito ao aborto no caso de estupro, perigo de vida da mãe ou anencefalia fetal, por quê então, no lugar de focar nesses métodos, foca-se tanto em tirar a vida de um bebê?? #AbortoNAO",#AbortoNao  É não em nenhum estágio!,Aborto,1,0
"Aborto não é método contraceptivo. Não quer filho, previna! #AbortoNao","O negocio é ""cortar as trompas ou fazer vasectomia""   #AbortoNao",Aborto,1,0
Aborto nada mais é que sou irresponsável transei sem camisinha e quero matar o feto foda-se  #AbortoNAO,#AbortoNao é inaceitável que o  seja tão imundo ao legalizar o assassinato de crianças.,Aborto,0,0
"Tenho certeza que a galera do #AbortoNao nunca, NUNCA, parou pra ler do que se trata. Aborto é questão de saúde da mulher. Tem que ser discutido, mas como sempre querem cagar regra.","Deixe de ser arrogante metido a besta. Vc não tem certeza de nada, porque quem é contra o aborto entende muito bem tudo o q está envolvido, com a diferença q defendemos a vida.  Quem não quer filhos q trate de usar métodos contraceptivos em vez de praticar assassinato. #AbortoNao",Aborto,1,1
"Aborto questão de saúde pública? Não atendem nem virose, não são todos que tem sangramento, morrem por falta de alimento, diarréia é tu vem me dizer que uma medida preconceituosa é questão de saúde? Vai pra merda! #AbortoNao","Vc que prática esse tipo de assassinato de um inocente, tomara que vc morra. #AbortoSim",Aborto,0,0
"#AbortoNao teu cu, #abortosim, pois é questão de saúde pública, é justamente pra que se morra menos.","Já vi homem falando q é contra o aborto, mas quando a hora de ser papai veio rejeitou, então se vc não tem útero não opina pfv #AbortoSim",Aborto,0,0
"#AbortoSim #AbortoNao é uma questão de saúde, se você for analisar friamente, sem pensar em religião, vai perceber o tanto de mulheres que abortam mesmo não sendo legalizado. E muitas morrem por isso.","se vc é contra o aborto, ignore!  igual vc ignora crianças sozinhas passando fome na rua!!  #AbortoSim",Aborto,0,0
"Os bolsonaristas que dizem que a COVID-19 é uma mentira e querem fazer todo mundo trabalhar correndo risco de vida, sim aqueles que fizeram chacota dançando com um caixão, são os que estão dizendo que ""defendem a vida"". #AbortoNao é da sua conta. Legalização já.","Fácil ser a favor do aborto quando vc já veio ao mundo não é mesmo hipócrita? Se não quer filhos, previna-se, use camisinha, feche as pernas #AbortoNao",Aborto,0,1
"Que orgulho ver a #AbortoSim, quem é a favor sabe o quanto isso é importante por várias questões que não vou nem citar aqui. Ninguém merece ser criticado ou humilhado por uma escolha que faz c o próprio corpo e que na verdade vai MT além disso, aprendam e evoluam!","“fecha as pernas”, “engravidou pq nao usou camisinha”, “assassina”, meu mais sincero vai tomar no cu, o corpo é meu e eu faço oq quiser com ele, e homem, aqui sua opinião não é aceita. passar bem.  #AbortoSim",Aborto,0,0
"#AbortoSim é uma ova. Vcs não estudam não? Por séculos as mulheres lutaram pelo fim do aborto por conta da eugenia, e agora vcs querem voltar essa praga?","Você não pode opinar em nada, tu não engravida. Só aborta quem não quer ter um filho, quem não quer parar a vida pra criar um criança, quem não tem condições de criar uma criança. E não venha falar q só engravida quem quer, não existe nenhum método 100% eficaz. #abortosim",Aborto,1,1
"Enquanto é feto vcs se preocupam e movem o mundo dizendo q ""aiai é uma vida bla bla pró-vida"" #AbortoNunca Depois q nasce vcs TAO CAGANDO pra criança, se vê no sinal vendendo bala fecham os olhos, orfanatos e casas de abrigos LOTADAS e vcs fecham os olhos, me poupem  #AbortoSim","enfia essa merda de #AbortoNao no seu cu p0rra  se vc não é a favor do aborto é simples, então não aborte agora oq vc não deve é tentar controlar a vida alheia de acordo com os &gt;SEUS&lt; costumes e crenças, se ponha no seu lugar e imagine se fosse o contrário  #AbortoSim",Aborto,0,0
"Tenho certeza que a galera do #AbortoNao nunca, NUNCA, parou pra ler do que se trata. Aborto é questão de saúde da mulher. Tem que ser discutido, mas como sempre querem cagar regra.","Aborto não é saúde pública, aborto agride o corpo da mulher, mesmo sendo feito por médicos, interromper algo natural de forma brusca pode levar a mulher a ter hemorragias, pode tornar a mulher estéril, além de acabar com uma vida que está sendo gerada. Matar por saúde?",Aborto,2,1
"Tenho certeza que a galera do #AbortoNao nunca, NUNCA, parou pra ler do que se trata. Aborto é questão de saúde da mulher. Tem que ser discutido, mas como sempre querem cagar regra.",Na cabeça desse animal ruminante tirar uma criança do ventre de uma mulher e acabar com o curso natural da vida é uma questão de saúde. Só na cabeça do tipo da desse animal de rabo que matar significa saúde.,Aborto,2,1
"Sou pró-vida sim, mas se crescer e virar bandido, bandido bom é bandido morto. E se morar na rua, eu passo e faço de conta que nem vi. E se for da minha amante, eu não assumo. Um bando de macho sem moral querendo dar pitaco onde não cabe eles. Vocês são patéticos #AbortoNao","se vc é contra o aborto, ignore!  igual vc ignora crianças sozinhas passando fome na rua!!  #AbortoSim",Aborto,0,0
"#AbortoNao  Aborto é assassinato. É cientificamente comprovado que o bb é uma vida, e qualquer opiniao contrária é anticientifica. E principalmente, é contra a lei de Deus, portanto, quem é a favor  do aborto, desobedece a Deus e terá de prestar contas diante dEle por incentivar",Chacota mesmo é você querer enfiar sua região a um assunto que não cabe a isso. Sem contar que seu pensamento religioso não é certeza do universo não amado  Paz na terra #AbortoSim,Aborto,0,1
"mulheres cis, homens trans e não binaries tbm estão incluídos, n esqueçam #AbortoSim","enfia essa merda de #AbortoNao no seu cu p0rra  se vc não é a favor do aborto é simples, então não aborte agora oq vc não deve é tentar controlar a vida alheia de acordo com os &gt;SEUS&lt; costumes e crenças, se ponha no seu lugar e imagine se fosse o contrário  #AbortoSim",Aborto,0,0
"Tudo pela vida, aborto não! #AbortoNao","""Ah, mas você vai matar uma vida"" Oh seus bando de borracha, se estudassem saberiam que nas primeiras semanas o bebê nem vida é, MATAR UMA AMEBA IGUAL VC SÓ SE FOR #AbortoSim",Aborto,0,1
"Mano eu sinceramente fico decepcionada que anos se passam e as pessoas continuam usam umas justificativas completamente sem fundamento, sendo a favor da vida mas quer pena de morte (???)+ #AbortoSim","A favor da pena de morte e contra o aborto se vc n consegue diferenciar,provavelmente é aluno do Paulo Freire #AbortoNao",Aborto,0,1
"seus animais, nao são vcs que decidem se uma vida vai ser sofrida e por isso nao merece ser vivida, vocês nao sao um farelo pra decidir quem vive e quem morre #AbortoNao","Então para vcs que  são contra , porfavo tenha um pouco de impatia e pare de fala que ela tá matando uma vida , ela sabe oque é melhor para ela , e outra a vida dela é a que realmente está em jogo . Pense nisso #AbortoSim",Aborto,0,1
"Quem defende aborto não trm alma, está morto por dentro. #AbortoNao","Não quer ter filho com vagabundo, não se relacione com um só pra começar  #AbortoSim",Aborto,0,0
"Quem ainda é a favor dessa covardia criminosa chamada aborto, recomendo que assistam o documentário Blood money no youtube! #AbortoNAO","Se você se comove mais com um feto inconsciente do que com uma criança sem lar, você é um hipócrita psicopata.  #AbortoSim",Aborto,0,1
"É fácil você ser a favor do aborto depois que você já nasceu, afinal feto não tem opinião, não é mesmo #AbortoNão",Não seja a favor de assassinatos seletivos. Ou vc valoriza a vida ou não #AbortoNao,Aborto,2,0
"Você quer comer doces e não engordar? Não Coma! Quer transar mas o contraceptivo não é 100%, tem medo de engravidar? Não transe! Mas minha opinião é e sempre será #AbortoNao #ABORTONUNCA","Mas moça n importa se for proibido ou n vai continuar tendo,mas se for público menos pessoas vão morrer abortanto,eu entendo vc n querer abortar mas pq tirar o direito de escolha das outras pessoas #AbortoSim",Aborto,1,1
sempre fui a favor da vida #AbortoNAO,Só tem velho retardado e crente chato nessa porra dessa tag puta q pariu #AbortoNao é o caralho vcs querem proteger fetos q nem vida tem mas nao movem um dedo pra ajudar as crianças que tão sofrendo por aí bando de hipócritas,Aborto,0,1
Muito legal a galera do #AbortoNao que defendem a volta das pessoas ao trabalho antes da descoberta de tratamentos ou vacinas sabendo que muitas vidas também serão perdidas .... a lógica dessas pessoas é incrível e não tem ciência que explique.,"Pró vida:  aborto é um pecado vc ta matando uma vida que nem começou como se sente hein ???  Pró vida também:  e dai se vão morrer uns inocentes ? corona vírus só mata gente de 60 anos pra cima, 5 milhões de pessoas não são nada perto do rombo na economia",Aborto,2,0
"Cada um q cuide da sua vida, e se vc não é a favor é só não fazer  #AbortoSim","#AbortoNao ativismo em favor da vida é questão espiritual, quem tem alma e reconhece isso, é contra o aborto, e para isso, não depende do sexo da pessoa.",Aborto,0,1
"assassinato é errado?  R: se está dentro da barriga não, somente se já está fora. Quanta hipocrisia! #AbortoNao","Hipocrisia é vc querer vir falar de eficiência de métodos contraceptivos, ou querer argumentar sobre aborto sem nem ao mesmo ter útero. #AbortoSim",Aborto,1,1
"#AbortoSim o corpo é da mulher, e ela faz o que quiser dele, tenham uma ótima noite.",vc é contra aborte? nao aborte #AbortoSim,Aborto,0,0
Não existe aborto seguro. Sempre há uma vida perdida. #AbortoNAO,"LGBTQ+: Morrendo Mulheres: Morrendo Negros: Morrendo E vc ainda me vem com o #AbortoNão defendendo a vida, só por que é cristão. Me poupe. #AbortoSim",Aborto,0,1
Em defesa da Vida.  #AbortoNao,vcs do #abortonao se preocupem com as crianças abandonadas nas ruas e em orfanatos e deixem as mulheres decidirem sobre seu próprio corpo #AbortoSim,Aborto,0,1
"#AbortoNao é da sua conta, se não concorda, não faça",não são vcs que vão tomar a decisão do futuro da vida de uma mulher. ncada um escolhe o que é melhor pra si. #AbortoSim #AbortoNAO,Aborto,0,0
"#AbortoNao VIVA A VIDA. Bebezinhos fiquem tranquilos, lutaremos por vocês aqui fora.","Independente se vc é do time #abortosim ou #abortonão, ou ainda fica pedindo #monarquiaja, se quiser saber de dicas para #emagrecer, é só me acompanhar, rsrsrs!  #humor #saúde",Aborto,0,0
"Vocês que não apoiam o aborto e se dizem “pro vida” adotem uma criança desabrigada, aí dps a gente conversa #AbortoNao #AbortoSim","Se vc usa a desculpa da eventual pobreza para um aborto vc pode simplesmente perguntar uma criança pobre se ela deseja morrer, e se vc n veio de família pobre vc jamais pode argumentar isso seu mau caráter do caralho  #AbortoSIM #AbortoNão",Aborto,0,1
a opinião que eu tenho é que cada cuida do seu corpo e da sua vida. #AbortoSim,Meu deus pq tem um monte de homem opinando nessa merda??????????? sinceramente vão a merda #AbortoNao,Aborto,0,-1
#AbortoSim cada um cuida da sua vida e se vc não é a favor é só não fazer,"Parem de usar como argumento a questão de quando começa a vida. NÃO EXISTE CONSENSO CIENTÍFICO SOBRE ISSO, portanto, não  é  um argumento válido, no final você vai estar só defendendo sua opinião. #AbortoNao",Aborto,0,0
"Eu n entendo as pessoas contra o aborto , se elas n quiserem então n aborta , é seu corpo faz o que quiser , só n intromete na vida das outras #AbortoSim","pessoa diz que é pró vida,que aborto é assassinato piriri pororo e ao mesmo tempo defende o armamento e diz que educação sexual é desnecessária,na real não entendo qual é a de vocês conservadores  #AbortoNao",Aborto,0,0
"Eu não sei qual a moral de subir a tag #AbortoNao. Carai, ninguém é obrigada a abortar, caso seja legalizado, então fica na tua e não aborta se vc é contra #AbortoSim, para cada mulher ter o direito de escolher o que fazer com o seu corpo sem interferência  SEU ÚTERO, SEM OPINIÃO","Vc não é obrigada ter filho, Se previna, tome anticoncepcional! #AbortoNao",Aborto,0,1
"#AbortoNao mas chá de arruda, boldo, artemisia e outros podem funcionar no primeiro mês, caso não recorra ao remédio se quiser e puder #AbortoSim","ai velho, #AbortoSim e o seguinte:  Se vc é homem, vc n pode obrigar uma mulher a fazer o que VOCÊ acha ""certo"", pq vc n esta no corpo dela pra saber como é passar por uma gravidez indesejada.  Se vc é mulher, não aborte, e respeite quem faz, pq o corpo e dela, n seu.  Simples.",Aborto,0,0
"#AbortoNao não é proteger a vida e sim limitar a liberdade de escolha da mulher. Pq se for violentada pode abortar, AGR se foi em um momento consensual e de prazer não pode. Hipocrisia do caramba, diversos países que legalizaram o aborto viu os índices de morte +","O que vcs não entendem é que independente do que for, tirar uma vida nunca é uma opção. O FETO TA VIVO, É UM BEBÊ ALI DENTRO! ONDE TA A CABEÇA DE VCS PRA COGITAR ESSA IDÉIA GENOCIDA!?  #AbortoNao",Aborto,0,1
"Segundo informações coletadas na OMS foram mais de 42 milhões de mortes de inocentes, mas não é #COVID19, esses números são de crianças assassinadas em 2019 no que chamam de aborto. Mas não é covid19, então é só fingir que não viu !!! #Hipocrisia #AbortoNao","Homens por favor  vcs só prestam p fazer e depois abandonar, então não se metam no assunto q só diz respeito as mulheres . #AbortoSim",Aborto,0,1
"nenhum método é 100% e uma mulher deve sim ter o direto de escolher o que quer fazer com o próprio corpo e a própria vida, além de que nenhuma criança merece crescer em um lar que é maltratada e mal amada. não precisa ser a favor do aborto só da sua descriminalização #AbortoSim","Ou vcs são a favor da vida ou desejam a morte pra quem aborta, os dois não da né amado #AbortoNAO",Aborto,0,0
#AbortoSim porque eu sou a favor da vida antes de ser a favor de feto,Não é o seu corpo e suas regras. É a vida de outro ser que cresce dentro de você. #AbortoNAO,Aborto,0,1
"HOMEM CIS NÃO TEM DIREITO DE FALA só pra constar, homens trans também engravidam..  #AbortoSim","se vc não quer abortar não aborte, vc n é obrigada a abortar só pq é legalizado, mulheres q não querem ter o filho vão abortar sendo legalizado ou não, a legalização só faz com q elas tenham o aborto com mais SEGURANÇA. Não imponha sua opinião sobre o país todo. #AbortoNao",Aborto,0,0
"Malditas feministas do demônio, bando de peludas mal amada. Nem nascendo de novo saberão o que é ser uma mulher, vocês não representam as mulheres, representam o próprio capeta. #AbortoNao","É óbvio que não. O feto é outro corpo, n é vc que decide o que acontece com alguém que VC gerou por irresponsabilidade(visto que vc quer abortar). Sim, é vc que decide oq é bom para vc, não para outro ser vivo, mesmo vc o gerando   #AbortoSim é uma vergonha",Aborto,0,0
passando pra lembrar que... #AbortoSim,"Se eu te dar um tiro na testa, vc vai sentir dor enquanto morre? Então pq eu não posso te matar com um tiro na cabeça? Ué, você não sente dor, igual um ser humano com até 3 meses de vida. Então #abortonao pois o q vcs chamam de ""aborto"" é assassinato. Pra vcs do #abortosim lerem.",Aborto,0,1
Só vejo homens querendo deitar regra no #AbortoNao  Agora criar e ser presente vcs não querem né seus arrombados?,se vc é homem vc não tem lugar de fala na questão do aborto.  #AbortoSim,Aborto,0,0
"Vocês que apoiam o aborto , estão cometendo um grande crime , e não acreditam no nosso DEUS , estão desonhando o nosso senhor , se você não quer , tenha e doe , a várias mulheres que não podem ter e dariam tudo por uma criança correndo na casa e fazendo alegria #AbortoSim","Se vc é contra o aborto e vive dizendo  #AbortoNao SIMPLESMENTE NÃO FAÇA. Deixe quem quer fazer em paz, afinal você nao tem NADA HAVER com a vida de outra pessoa",Aborto,0,1
"Se você é a favor da vida, então cuide da sua ! #AbortoSim","#AbortoNao!!!!!! Gente isso não tem motivos de ser discutível! Você que é a favor, me der um motivo plausível para você ser #AbortoSIM",Aborto,0,1
"E aí homem branco, já comparou aborto com escravidão hj? Eu achava que já tinha visto de tudo, mas comparar a escravidão de uma raça com o aborto de um feto é muito baixo. #AbortoNao é o caralho!",você ser a favor do aborto não vai significar que terá que abortar  #AbortoSIM,Aborto,0,0
"Eu acho que  é algo que não pode ser banalizado. Ah tô grávida vou ali e aborto. Nao. Tem q ter umas ""regrinhas"" talvez. Porem. O corpo é MEU e eu faço oq quiser com ele. Bjo #AbortoNao","#AbortoNao mas que caralho ein a buceta e o útero não é de vcs, então não se mete prr",Aborto,0,0
"Porra de #AbortoNao parem de se intrometer na vida das mulheres, NÃO QUER ABORTAR, N ABORTA! Isso n te da direito de se intrometer na vida dos outros, principalmente se vc for um homem q nem pitaco devia da. Vão se preocupar com o tanto de criança passando fome ou sem um lar",é contra o aborto porque é pró-vida mas quando vê uma criança no sinal pedindo dinheiro pra comer acha que é pra dar pros pais pra eles comprarem droga não é? não use sua ignorância como argumento se no fim você condena tudo que fica fora da sua bolhazinha #AbortoSim #AbortoNAO,Aborto,0,0
"#AbortoSim #AbortoNão Cara,não é o corpo da mulher,é o corpo do feto. Se você não concorda,por favor,role a tela,não quero discussões.",Vai toma no cu todo mundo q tá botando #abortonao e fodase,Aborto,0,1
"Quem apoia e quem faz aborto deveriam ser colocadas na mesma jaula que os estupradores, pistoleiros e pedófilos. #AbortoNao","se vc não tem um útero, cale-se #AbortoSim",Aborto,0,1
"#AbortoNao cada um tem uma história, carrega valores. Mas vamos refletir. Tem método p evitar a fecundação? Camisinha, anticoncepcional? Defender o direito de escolha da mulher? Mas em algum momento o homem será consultado? Pq ele tb é parte. E o direito de preservação da vida?","Preferem xingar e destilar ódio ao invés de debaterem, vocês ainda não estão prontos para ter essa conversa  #AbortoSim",Aborto,0,1
"Seu corpo suas regras, corpo de outro ser humano a regra é dela, principalmente quando não pode se defender, simples assim! #AbortoNao","Ue mas o ""outro ser humano"" vai ser dependente da mãe durante 18 anos então seu primeiro argumento é inválido.  Segundo: Se a mulher não quiser o filho é vc quem vai criar? Pq é fácil falar que vidas devem ser preservadas mas não ajudar na criação. #AbortoSim",Aborto,2,1
Todos nós temos o direito de viver. #AbortoNao,"Porra de #abortonao, vai tomar no cu, quem decide oq faz com o corpo é a própria mulher, se é tão pró-vida vai num abrigo e adota geral ou então adota o bandidinho que vivem falando que merece pena de morte.  #abortosim, quem decide isso é a mulher",Aborto,0,1
"quantas vezes eu vou ter que dizer que legalização do aborto não tem que ser decidido por moralismo e religião, é saúde públicaaaaa #AbortoSim","#AbortoNao MEU CU  vc, homem, vai cuidar da criança? vai pagar pensão? pq realmente 200 reais paga tudo q precisa pra criar uma criança",Aborto,0,0
Para os que ja nasceram é facil dizer sim ao aborto.   #AbortoNao,Se vc vem opinar numa tag feminina sendo contra o aborto tudo q vc disser será automaticamente anulado e a gente vai zuar com sua cara #AbortoSim,Aborto,0,1
"Olha, n vem com essa de que vc e cristão, e que não pode matar vidas inocentes. Antes de usar esse argumento vai estudar sobre a igreja católica e os massacres que ela fazia algumas décadas atras  #AbortoSim",Não tem útero não opina Deu pra entender? #AbortoNao,Aborto,0,0
"vcs não sabem oq passa naquele momento para a mulher, então não venha legislar sobre o corpo e a vida dela! #AbortoNao #AbortoSim","Vocês não entendem que mesmo que não seja legalizado o aborto ainda vai acontecer ilegalmente, aborto ilegal põe em risco a vida da mãe também e muito melhor fazer do jeito certo. #AbortoNao",Aborto,0,0
Nessa tag o que mais tem é homem falando de aborto #AbortoNao,"Vc é contra o aborto por se declarar pró vida, ou é só por causa que seus ""valores monoteísta"" diz que abortar é errado? #AbortoSim",Aborto,0,0
"Olha aí você, dizendo para os outros ficarem em casa, preocupado com a saúde, mas querendo abortar bebês e acabar de vez com a saúde deles. #AbortoNao",Amor à vida mas ninguém liga se a mulher morrer no parto ou se a criança viver uma vida merda #AbortoSim,Aborto,0,1
"Agressão é objetivamente errado. Todos indivíduos possuem direito a vida, propriedade e liberdade, inclusive o bebê.   Nenhum indivíduo é dono de corpo alheio, principalmente a mãe. Não é ético e muito menos legítimo matar bebês.   Mude a minha opinião.  #AbortoNao #AbortoSIM","Tu nem tinha q ter opinião em uma coisa q vc n está sujeito a passar, próximo",Aborto,2,1
tão óbvio! #AbortoNao,Na boa tem que ser muito limitada(o) intelectualmente. Como assim #AbortoSim? Pq vc não pode usar um preservativo ou um anticoncepcional? Aí vc quer aprovar o assassinato? É sério isso?! Q inversão de valores.,Aborto,0,0
Aborto não é método contraceptivo!antes de escolher seu macho escroto se proteja #AbortoNAO,"Fala cada bosta, como se métodos contraceptivos fossem 100% eficaz, se o corpo não é seu, vc n tem q opinar, aborto sim nessa poha, Vsf.",Aborto,2,1
Eu e os rapazes indo defender a vida no #AbortoNao,Aproveita e defende a vida da mãe que morre fazendo aborto clandestino  Defende a vida de quem morre por bala perdida  Defende a vida de quem é vítima de estupro  Já que tu vai defender a vida defende a de todos os inocentes não só a de um feto  #AbortoSim,Aborto,2,1
"Aborto é um crime! É só não arregaçar as pernas p qualquer um sem preservativo q n vai ter nem q pensar em aborto! Se vc defende o aborto vc defende o assassinato, a mulher decide o q faz com seu corpo e n com o da criança #abortonao","se os métodos contraceptivos são tão eficazes quanto vc  afirma, MILHARES de mulher não engravidariam acidentalmente. Não defendo assassinato, defendo o direito da mulher. Se discorda, vá discordar em outro lugar. #AbortoSim",Aborto,1,1
"Dai vem pró vida dizer que só é a favor do aborto em casos de estupro, só reforcam mais que nao ligam para a ""vida"" e sim em crucificar mulheres a respeito do seu consentimento #abortosim","a lei PERMITE abortar se vc for estuprada, agora que vc é um(a) imbecil que que n fez sem camisinha ou algo do tipo E CONSEQUENCIA DO SEU ATO DE BOSTA, para pra pensar, E UM SER HUMANO ALI, ELE NÃO PEDIU PRA NASCER, ELE NÃO PEDIU PRA SER GERADO NO SEU CORPO CARALHO #Abortonao",Aborto,0,1
"sem útero, sem opinião, o corpo é nosso e nós que decidimos se queremos ter o filho ou não, então parem de mimi poha. #AbortoSim","Gravidez forçada? Me diz aí, foi estrupo? Pq se for, tem o direito de realizar o aborto pelo SUS. #AbortoNao",Aborto,0,1
"""Se não quer engravidar não transa""  Agora eu sou obrigada a não ter SEXO só pra não engravidar ?   #AbortoSim","Fácil ser a favor do aborto quando vc já veio ao mundo não é mesmo hipócrita? Se não quer filhos, previna-se, use camisinha, feche as pernas #AbortoNao",Aborto,0,1
"quando que as pessoas vão aprender que sobre abordo ngm tem q opinar em nd, é vc que vai carregar 9 meses na barriga e criar? se n é ent cala a boocaaaa, cada pessoa vive na sua realidade, se vc é pro vida adota, tem tanta criança em orfanato krl #abortosim","Apartir do momento que sua realidade não é a mesma que de outras pessoas, vc não deve julgar útero alheio. #AbortoSim",Aborto,0,0
Aborto não é método contraceptivo!antes de escolher seu macho escroto se proteja #AbortoNAO,A unica coisa q vc falou certo aí #AbortoNao,Aborto,1,0
"#AbortoNunca Me poupe de homens ficarem dizendo o que as mulheres devem fazer com seu corpo. Afinal, não são eles que terão de parir após 9 meses de gestação! #AbortoSim","Olha, n vem com essa de que vc e cristão, e que não pode matar vidas inocentes. Antes de usar esse argumento vai estudar sobre a igreja católica e os massacres que ela fazia algumas décadas atras  #AbortoSim",Aborto,0,0
"Todo mundo que apoiava a escravidão era livre, todo mundo que apoia o aborto já nasceu.   Falam em ""aborto seguro"". Pergunto, para quem? Afinal, o bebê sempre morre. #AbortoNao","é vc q aborta? não né, homem? cala a boca q vc sua opinião não é válida  #AbortoSim",Aborto,1,1
"#AbortoNao Foda-se essas vagabundas aborteiras eugenistas de merda. Todo mundo sabe que vocês são abortistas porque odeiam pobres e acham que se for pra nascer pobre, é melhor nem nascer.","Ser a favor do direito do aborto não significa que você abortaria É simplesmente reconhecer que tem minas em situações diferentes da sua, que podem não ter condições financeiras/psicológicas de criar uma criança e ela tem o DIREITO de ESCOLHER se vai ter filho ou não #AbortoSim",Aborto,0,1
"Nem quero comentar sobre o assunto, pois já deveria ser uma coisa óbvia.  O aborto sempre vai existir. Legalizar significa dar apoio profissional na hora de fazê-lo, para que mulheres pobres não morram. #AbortoSim","se vc tá tendo q debater aborto, VC JÁ PERDEU  aborto não se discute amigo; vc cospe na cara do abortista e acabou   se vc adimitir q isso é questão pra debate, vc já se fodeu   #AbortoNAO",Aborto,0,1
Óbvio que não #AbortoNao,"ENTENDAM vc ser contra o aborto, não vai fazer com que ele não exista! só vai fazer com que mulheres pobres e negras continuem abortando e morrendo  #AbortoSim nojo desse “#AbortoNunca”",Aborto,0,1
"#AbortoNao Acreditem, tomar pílula, usar camisinha ou até mesmo não dá a ""xeca"" é bem mais fácil e menos dolorido que matar uma criança.","jura q vcs estão discutindo sobre a legalização do aborto? se ninguém é obrigado a abortar, então ninguém deve ser proibido de fazê-lo. acabou. #AbortoSim",Aborto,0,1
#AbortoNAO todos têm direito à vida!!!,"#AbortoSim caralho e se você homem, acha o contrário, sugiro que crie vergonha na sua cara pq o você não tem o direito de tirar a escolha das mina.",Aborto,0,1
"Eu sou contra,eu não faria e nem incentivaria alguém à fazer,porém eu não julgaria alguém por fazer pq cada um é dono do seu corpo,sou contra mais respeito os que não concordam comigo.#AbortoNao",#AbortoSim é o caramba! Abortista tem que ser condenado à pena capital.,Aborto,0,1
"#AbortoNao se não quer ter filho, usem camisinha !","imagina vc um feto morrendo envenenado porque o seu pai não quer quer te reconhecer ,dai sua mãe toma um remedio pra te matar ,não e algo mt ruim? sabia q ele sente dor?então pensa cmg se o aporto for liberado vai ter que liberar o assasinato ,pq ambos tira uma vida #AbortoSim",Aborto,0,0
feto não é criança #AbortoSim,"Vc já foi um feto, animal.  Ou vc nasceu adultx?  #AbortoNao",Aborto,1,1
É muita gente hipócrita e sem noção usando a #AbortoNAO a maioria homens eleitores do bozo e o resto que dão mais valor a um feto do que a vida de uma mulher. O corpo é MEU e absolutamente TUDO nele TAMBÉM É MEU a decisão é MINHA SIM portanto #AbortoSim,Enquanto a discussão não se iniciar na questão da proteção contra as DSTs eu nem começo a falar sobre aborto. Uma camisinha já resolve 98% do problema. #AbortoNao,Aborto,0,1
"O direito de nascer, direito de viver sua vida. Não pode ser interrompido. #AbortoNao",Quem quer abortar aborta ué.. se vc não concordar é só não abortar  não faz sentido ser : #AbortoNunca #AbortoSim,Aborto,0,1
Nunca!  #AbortoNao,"Ninguém aborta pq acha bonito. O aborto existe e vai continuar existindo, pq já q vc é pró vida n apoia a legalização de algo q salvaria MILHARES de vida caso feito com segurança e apoio psicológico?  #AbortoSim",Aborto,0,1
"O aborto tem q ser permitido, pra evitar q crianças cresçam em ambientes onde não são amadas, vivem passando necessidades e acabam sofrendo grandes traumas! Essa foto é de um bb q nasceu com o DIU na cabeça, nenhum modo de prevenção é 100%  #AbortoSim",Costura a perereca e dar o fiofó. Vai te lascar com esse pensamento genocida.  #AbortoNao,Aborto,1,1
"Se não apoia o aborto, então fecha as pernas poha, SIMPLES","Se não apoia o assassinato, não vide facas!!! Se não apoia o estupro, não tire as calças!!! Lógica tirada da bunda ou demência isso???",Aborto,1,1
"eu sou evangélica e por isso o aborto vai totalmente contra as coisas que &gt;EU&lt; acredito. Mas isso não quer dizer que outras mulheres não possam fazer, o corpo é delas, a decisão é delas. Elas não podem ser obrigadas a ter uma criança que não ama. #AbortoSim",Vai matar criancinha dentro do ventre na puta que te pariu esquedistas do caralho...  #AbortoNao,Aborto,0,1
"vcs não são pro-vida,vcs são pro-nascimento,pq quando vê um garoto passando fome na rua ignoram completamente #AbortoNao",tinha q liberar o aborto pra até 60 anos de idade do feto  #AbortoSim,Aborto,0,0
Direito à vida sempre!!! #AbortoNao,"Existe Diu, camisinha, pílula, existe o carai. Mas é mais conveniente matar um ser humano inocente  né?!   #AbortoSim",Aborto,0,0
a opinião que eu tenho é que cada cuida do seu corpo e da sua vida. #AbortoSim,que diabo de # é essa? #abortonao  comassim???? quem decide é a mulher porra,Aborto,0,0
"Engraçado que os mesmos que se dizem ""pró-vida"" e #AbortoNao são os mesmos a favor da pena de morte por exemplo, hipócritas não #AbortoSim para que as mulheres tenham pelo menos uma vez na vida a escolha do que fazer com seu corpo e sua vida ABORTO É OPÇÃO NÃO OBRIGAÇÃO","Primeiramente se tu é homem e defende o #abortonao VAI SE FODER. #AbortoSim!! Cada mulher com seu corpo e cada uma faz o que quiser com ele. É isso, boa noite.",Aborto,0,0
"Para esquerda ser contra o aborto é querer dominar o corpo da mulher,a mesma esquerda que foi contra o projeto de lei que permitia a mulher fazer laqueadura de graça tendo filhos ou não e sabemos que o estado hoje é quem decide quando a mulher pode fazer.Hipocrisia. #AbortoNao","vcs q sao contra o o aborto porem comem ovo, saibam q estao comendo um embriao filhos da puta #AbortoSim",Aborto,0,1
"#AbortoSim Que sociedade mais seletiva, os mesmos que são #abortonão são os mesmos que são a favor da liberação do porte de armas pra se defender. Ué, mas não é contra o aborto pela vida? Se investisse em educação de qualidade pautas como essas já estariam, ao menos, suavizadas.","#abortosim se não tem útero, não de opinião. E se tem e é contra não aborte, simples, rápido e fácil.",Aborto,0,0
"É algo muito difícil de tomar uma posição, de um lado fala que, o corpo é da mulher e pode fazer o que bem entender, do outro fala que mesmo que seja um feto, continua sendo um ser humano, que tem direito a vida. aff não sei #AbortoSim","sempre bom lembrar q: -o corpo é da mulher e ela faz oq quiser -nenhum método contraceptivo é 100% eficaz -opoiar o aborto nn significa q eu abortaria -a opinião é MINHA e vc aceita se quiser,mas nn vem gastar seu tempo tentando me mudar  #AbortoSim",Aborto,0,0
"gravidez deveria ser uma escolha aborto é questão de saúde pública se você não apoia, não faça MEU corpo, MINHAS regras #AbortoSim","#AbortoNao MEU CU  vc, homem, vai cuidar da criança? vai pagar pensão? pq realmente 200 reais paga tudo q precisa pra criar uma criança",Aborto,0,0
"Sim, mulher tem sim liberdade de escolha: escolher a roupa que vai usar, o homem que ela vai sair, mas de matar não! #AbortoNao","ok vamo lá: não é vc q vai cuidar da criança, então vc não tem direito NENHUM de opinar sobre o q a mãe vai fazer ou não. o aborto vai continuar vcs querendo ou não, então q pelo menos as mulheres não corram risco de vida! #AbortoSim",Aborto,0,1
"O meu corpo, minha regras só funciona para o seu corpo, não para um corpo que está dentro do seu. ""Aí, lá vem o macho ditar o que mulher pode e não pode fazer com seu corpo"". Se quiser pintar o corpo com tatuagens, arrancar a perna, faça. Nao mexa é nos inocentes! #AbortoNAO",A mãe de quem é a favor de aborto.. q pena q n fez desses sacos de bosta #AbortoSim,Aborto,0,0
"Vergonha desses machos subindo tag de #AbortoNao.  Uma mulher carrega um ser desses que só vai comer e cagar pro resto da vida, pra ele crescer e descobrir como cagar pela boca agora. O corpo é individual e a decisão sobre ele precisa ser também, respeitem. #AbortoSim","Por isso mesmo você deveria ser contra. O feto também é um corpo, a escolha entre viver ou morrer deve ser individual dele. #AbortoNunca #AbortoNao",Aborto,1,1
"Abortar ou não abortar deveria ser uma decisão da pessoa que ta grávida e pronto, foda-se existe outros fatores que interferem, e principalmente o corpo é da pessoa, pronto, decisão dela, aborto não pq bla bla, primeiramente não existe método 100% seguro   #AbortoSim","É tão fácil evitar uma gravidez, ao invés de querer assassinar um bebê, procure cuidar melhor do seu corpo (coloque diu, tome anticoncepcional, use preservativo ou simplesmente retire seu útero) Abortista nojenta #AbortoNao",Aborto,0,1
"Então para vcs que  são contra , porfavo tenha um pouco de impatia e pare de fala que ela tá matando uma vida , ela sabe oque é melhor para ela , e outra a vida dela é a que realmente está em jogo . Pense nisso #AbortoSim","“COM A LEGALIZAÇÃO DO ABORTO, ELE DIMINUIU”   Esse foi o Uruguai após legalizar o aborto. Tenham responsabilidade, filho não é um boneco para você jogar fora a hora que quer.   #AbortoNao",Aborto,0,1
É a favor do aborto? OK Só não vem depois querer reclamar de paternidade ou pai ausente que não quis assumir. Porque vc aprova o aborto exatamente pra isso  Não venha cobrar do homem assumir o filho porque todo o dinheiro p/ sustentar a criança vai sair dele #AbortoNao #AbortoSim,"Qd vc abre a hastag #AbortoNao, a unica coisa q é impulsionada é esquerdista tentando desmerecer os argumentos de qm é contra com ""mas vc é homem"".  COMO VOCÊ QUER QUE EU RESPEITE ISSO? Aborto é assassinato e qm nn se sensibiliza com isso é psicopata!",Aborto,0,0
E contra o aborto. Mas quando a criança pede dinheiro no farol é vagabundo  #AbortoSim,"Agr pensa aqui cmg vms tirar o padrão ""só engravida quem quer"" pq todos sabemos que não é vdd   POR ACASO pensar na criança não seria tb pensar que crescer em uma casa/familia que vc é indesejado ou até mesmo crescer sem família é bom?  burrcise ser#AbortoNao",Aborto,0,0
"Seguinte, fds, #AbortoSim pq o corpo é da mulher e ela faz a poha q quiser com ele, fds se ela aborta fds se ela n aborta. De todo jeito as mulheres vão abortar, pq quem decide isso são elas, se o aborto n for legalizado as mulheres vão continuar abortando.  Obg","Pela sua lógica #AbortoNao , porque o esperma é do homem e sem ele a mher não seria capaz de ter gerado o feto, então ele tem SIM escolha sobre o que irá ocorrer com o feto",Aborto,1,1
"é ridiculo querer basear uma lei na qual interfere na liberdade do corpo de uma mulher a partir de crenças e argumentos baseados em uma determinada religiao, quando existem inúmeras religiões no país e também pessoas n religiosas q seriam obrigadas a seguir essa lei. #AbortoNao","se vc é contra o aborto, ignore!  igual vc ignora crianças sozinhas passando fome na rua!!  #AbortoSim",Aborto,0,0
"é contra? blz só não fazer, mas não se metam em um direito que não é de vocês, pq no futuro pode vir a querer usar! #AbortoSim","Kpopper abortista, dê uma olhada nisso:   Democracia é a maioria, que no caso são mulheres, negras/pardas e pobres as pessoas mais contrárias a legalização do aborto.  Agora já pode voltar pro seu mundo de fantasia onde você engravida do BTS #AbortoNAO",Aborto,0,1
"#AbortoNao ativismo em favor da vida é questão espiritual, quem tem alma e reconhece isso, é contra o aborto, e para isso, não depende do sexo da pessoa.","galera que ta dando piti pela tag #AbortoSim mas dai a criança cresce em um lugar onde não é amada, se transforma na maioria das vezes em um perigo pra sociedade, dai os mesmos gritam ""bandido bom é bandido morto "" os provida ...anham bem provida voces",Aborto,0,1
"vcs falam #AbortoNao como se existisse um método contraceptivo 100% eficaz. No final o RICO paga pra não morrer enquanto o pobre morre.  Além de questão de saúde pública, a Terra vai cobrar a conta de ter +7B de pessoas consumindo os seus recursos","enquanto não existir algo 100% eficaz pra mim o #abortoSim continua sendo válido, é impossível avaliar cada caso então deixe quem for ter o bebê decidir e PONTO.",Aborto,1,0
Aborto não é método contraceptivo!antes de escolher seu macho escroto se proteja #AbortoNAO,Gnt TODOS nós sabemos que nenhum método é 100% e se msm assim vc pensar como essa grt vc é muito burro e msm se vc engravidar e quiser abortar o PROBLEMA É TODO SEU!!!!!!!!!!!!!! VAO TOMAR NO CU!!!!!!!!!!!!!,Aborto,2,1
"#AbortoNao é da conta de macho branco cis gênero que fala que é contra o aborto mas se diz a favor da pena de morte, "" pro-vida"" é meu cu, fala que são  ""vidas inocentes"" mas tá lá matando um animal pra comer por exemplo, então quem é vc pra decidir sobre um corpo q ñ é seu?","vocês, homens, não são mulher e nunca vão entender o que é ser. nunca vão entender como é a vida e o corpo de uma. vocês deveriam se colocar no lugar e ver que o assunto ABORTO cabe só pra mulheres, não é local de fala de vocês. aborto SIM porque é um direito da mulher #AbortoSIM",Aborto,0,0
#AbortoNao “você não é vitoriosa por ser mãe aos 15 é irresponsável mesmo”,"e você que é a favor de ""#abortosim"", já vai dando unfollow pfv e obg, e pau no seu cu.",Aborto,0,0
"Se não apoia o aborto, então fecha as pernas poha, SIMPLES",Sou totalmente contra o aborto mas vc falou pouco e falou muita merda,Aborto,2,1
#AbortoNao Se os que podem lutar pela vida se cala o que será daqueles que não podem se defender essa é uma luta nossa vamos combate -los sempre,"Que mané pró vida o caralho, o bagulho é #AbortoSim e pena de morte também, lança os dois.",Aborto,0,1
"E aí homem branco, já comparou aborto com escravidão hj? Eu achava que já tinha visto de tudo, mas comparar a escravidão de uma raça com o aborto de um feto é muito baixo. #AbortoNao é o caralho!",já que você é a favor da vida aproveita e cuida da sua  #AbortoSim,Aborto,0,0
Chega de aborto ilegal!! Direito a escolha!! Já! #AbortoSim,Você é contra o aborto ou você só é mais um homem hétero branco que acha que pode opinar sobre?  #AbortoNao,Aborto,0,0
"Malditas feministas do demônio, bando de peludas mal amada. Nem nascendo de novo saberão o que é ser uma mulher, vocês não representam as mulheres, representam o próprio capeta. #AbortoNao","e vc representa exatamente contra o q nos lutamos. é triste ouvir um discurso desse vindo de uma mulher, mas espero q vc evolua nesse sentido. bjs de luz  e by the way #AbortoSim",Aborto,1,1
"#AbortoNunca Me poupe de homens fiarem dizendo o que as mulheres devem fazer com seu corpo. Afinal, não são eles que terão de parir após 9 de gestação! #AbortoSim","você q é  apresentador, um cidadão de bem, nos ajude com sua ética, moral e popularidade a gritar contra quem difama e prejudica  eleito democraticamente. Ajude-nos a despertar a população pra importância da quarentena #AbortoNao",Aborto,0,0
É muita gente hipócrita e sem noção usando a #AbortoNAO a maioria homens eleitores do bozo e o resto que dão mais valor a um feto do que a vida de uma mulher. O corpo é MEU e absolutamente TUDO nele TAMBÉM É MEU a decisão é MINHA SIM portanto #AbortoSim,"O aborto é uma selvageria que beira a isso! Todos já fomos fetos indefesos que poderíamos ter nossa vida ceifada por uma assassina sem caráter, sendo assim, qualquer ser humano VIVO tem autorização para dizer o que pensa a respeito, sem mais! #AbortoNao",Aborto,2,1
N é meu local de fala mais #AbortoSim ela faz o destino dela carai,"Vc q é contra o aborto mas nao faz o mínimo pra ajudar alguém q precisa, não é Pro vida é Pro nascimento,crianças que estão na rua passando fome ainda são vidas,então começa a ajudar quem ta vivo e precisa da sua ajuda e para de ficar dando pitaco no útero alheio  #AbortoSIM",Aborto,0,0
"Existe métodos de prevenção...Os contraceptivos é fornecido gratuitamente pelo sistema de saúde..E as adeptas do: ""Meu corpo minhas regras"", Até o ar que vc respira é dado por Deus portanto NADA é nosso!!   #AbortoNao","Estamos em 2020 século 21, as mulheres ainda não aprenderam a usa camisinha e a tomar pílula  hoje em dia só engravidar quem quer , ou a mulher é muito burra  #AbortoNao Se vc sabe DA ,sabe muito bem ser cuida ,é de graça em qlq posto de saúde",Aborto,0,0
"#AbortoSim Mano, a minha opinião é que se vc é contra o aborto, pega a criança pra criar então, pq muitas pessoas não tem condição pra criar filho, e se a mãe QUER abortar o problema é dela, vc uma pessoa aleatória do Twitter não vai obriga-la a cuidar,mesmo tendo condições.",Ue se vcs tão aí dizendo q corpo da mulher n é corpo do feto então é só tirar o feto e ver se desenvolve sozinho uai  #AbortoNao,Aborto,0,0
"#AbortoNao KKKKKKKKKK só homem comentando na tag, vão se fuder vermes","Se você se comove mais com um feto inconsciente do que com uma criança sem lar, você é um hipócrita psicopata.  #AbortoSim",Aborto,0,0
"#AbortoNao e muita hipocrisia pessoas que chama Bolsonaro de genocida, ser a favor de aborto..","LGBTQ+: Morrendo Mulheres: Morrendo Negros: Morrendo E vc ainda me vem com o #AbortoNão defendendo a vida, só por que é cristão. Me poupe. #AbortoSim",Aborto,0,1
"vcs homens q estão levantando essa tag #AbortoNao , me digam uma coisa, vcs sabem oq é estar grávida? Vcs sabem ql é o peso de se estar grávida? Bom,acho q vcs nem imaginam,não devem fazer nem ideia.","Ent pfv, parem de se meter na vida das mulheres q querem abortar,pq mano,não é vc q vai ter nascido sabendo q ngm queria a sua chegada no mundo. Outra coisa,as mulheres não nasceram somente para reproduzirem,ent caso aconteça, elas tem total liberdade para decidir+ #AbortoSim",Aborto,1,0
"Não me venham com essa #AbortoNao, não é o estado quem diz o que a mulher deve fazer com seu próprio corpo, ela que deve ter o poder de decisão! #AbortoSim","Pq não doa a criança após nascer, pq matar? Acredito q o trauma após um aborto é gigantesco. Doe o bebê p um casal q queira e não pode ter. AbortoNAO",Aborto,1,1
"#AbortoSim  Se não concorda, é simples, não faça!",Você é contra o aborto? Pena que a sua mãe não era. #AbortoNao,Aborto,0,-1
"Existe Diu, camisinha, pílula, existe o carai. Mas é mais conveniente matar um ser humano inocente  né?!   #AbortoSim",#AbortoNao é só vc que não quer não fazer. Mas não impeça quem queira.,Aborto,0,1
"Eu sou a favor do aborto só de kpoppers, de humanos não. #AbortoNao","AÍ VC VAI OLHAR QUEM ESTÁ POSTANDO #ABORTOSIM E CONSTATA Q GRANDE MAIORIA VIVE NAS COSTAS DOS PAIS, NÃO COZINHA SUA PRÓPRIA COMIDA, NEM LAVA SUA PRÓPRIA CALCINHA OU CUECA. AÍ TEM A CERTEZA Q #ABORTONAO !!",Aborto,0,0
Eu sou  #AbortoSim e quem não concorda ta errado. Bj,#AbortoNao se vc nao é a mulher gravida cala a merda da boca sobre algo que nao vai interferir em merda nenhuma da sua vida filho da puta mulher NENHUMA precisa ter um filho por que um bando de homem aleatório qr,Aborto,0,0
"O corpo é &gt;&gt; NOSSO &lt;&lt; então a gente faz oq QUISER e o que achar MELHOR. É um direito da MULHER portanto cabe a ELA escolher se quer ou não ter o filho, e não o estado ou a religião. #AbortoSim","Ridículo isso né? O corpo é deu então usa a porra da camisinha, usa dil, tira o útero, toma injeção. Meios pra não engravidar tem vários , mas matar uma criança e brincar com a vida dela por causa de uma irresponsabilidade sua é outra coisa.",Aborto,2,1
"eu n sou a favor do aborto de modo geral n. sou a favor da legalização dele. aborto é última saída, educação sexual é sempre a primeira #AbortoSim","Engravidou ? Não quer abortar? Então não aborte   #AbortoNao engravidou mas não quer seguir com a gravidez ? Então vc decide. #abortosim simples assim, só acho q as pessoas tem q parar de se intrometer nas decisões dos outros.",Aborto,0,0
Ser favor da legalização do  aborto não significa querer abortar e sim entender que cada mulher faz oq julga melhor para seu próprio corpo e entender que se no seu corpo manda Deus no meu mando eu  #AbortoSim,"""Ah, mas vc é mãe e é a favor do aborto?""  Exatamente, aborto é questão de saúde pública, seu corpo suas regras e demais ngm!",Aborto,2,0
A criança ainda é um ser humano que deve ser respeitado como um.  #AbortoNao,"alguém avisa pra esses machos burro que eles não tem local de fala quando o assunto for aborto, oq eles falarem não vai mudar em merda nenhuma pq o corpo não é deles e eles não tem direito a nada #AbortoSim",Aborto,0,1
"Sou à favor de aborto em alguns casos específicos. Se mulher sente necessidade de abortar, ela aborta e pronto #AbortoSim","Só é ""pró-vida"" quando tá no útero, né? Orfanato não é igual Chiquititas, uma mãe que cria o filho com desprezo pode destruir a saúde mental dele, a maioria rejeitada vai parar na rua, vira bandido e vocês defendem matar essas pessoas. A hipocrisia não tem limites #AbortoNao",Aborto,0,0
"#AbortoNao n faz sentido isso, pq o feto msm n vai e importar se for abortado ou n, nem se lembrar vai","Eu n entendo as pessoas contra o aborto , se elas n quiserem então n aborta , é seu corpo faz o que quiser , só n intromete na vida das outras #AbortoSim",Aborto,0,0
"você q é  apresentador, um cidadão de bem, nos ajude com sua ética, moral e popularidade a gritar contra quem difama e prejudica  eleito democraticamente. Ajude-nos a despertar a população pra importância da quarentena #AbortoNao","Mano, um bocado de macho escroto querendo falar sobre aborto, pelo amor né mores  #AbortoSim",Aborto,0,0
#AbortoSim SEM ÚTERO SEM OPINIÃO ! PELA VIDA DAS MULHERES,uau você não apoia o aborto :0 então não aborte irmã/o #AbortoSim,Aborto,0,0
"Mulheres citando que homens não tem Útero, sendo que para secundar um Óvulo se faz necessário o esperma advindo dos homens, sendo assim pq homens não podem ser contra o aborto, ou essas mesmas evoluíram a tal ponto que conseguem desenvolver um embrião sem fertilização #AbortoNao","Ninguém tá falando que as mulheres não precisam de homens pra ter um filho, só falamos que vcs não podem exigir oque fazer com o nosso corpo #AbortoSim",Aborto,1,1
"é horrível pra uma criança crescer em um lugar onde ela não é desejada e sofrer o resto da vida por traumas, e mulheres deveriam ter poder de escolha sobre isso já q nem um método contraceptivo é 100% eficaz! #abortosim",#AbortoNao meu ovo vão tomar conta da vida de vcs se a mulher quiser abortar ent ela #AbortoSim,Aborto,0,0
Pq q homem cis tá metendo o dedo em assunto q n tem nada a ver com ele   Aborto é um assunto a ser discutido com quem tem útero e pode engravidar #AbortoSim  E se vc discorda vai pro caralho,"e aí libfem já se posicionou #AbortoSIM hoje? ou seu feminismo é só na hora de usar blusinha escrito ""girl power"" que é feita pela mão de obra escrava?",Aborto,0,0
ABORTO É ASSASSINATO #AbortoNao,Se vc é homem vc não sabe nada sobre gravidez / aborto cuida da tua vida vai lavar esse pinto nós somos o país que mais amputa pênis por falta de higienização #AbortoSim,Aborto,0,1
Engraçado que a maioria dos homens que é contra são os mesmos que pedem para a mulher abortar por ela abrir as pernas para ele e engravidar ele #AbortoSim,"Nao se mete no útero alheio, porra, se você e contra aborto, NAO ABORTA FILHO DA PUTA DO CARALHO #AbortoSim",Aborto,0,0
"Pra vcs que estão usando #AbortoNao ""Ah, mas engravida pq não usa nenhum contraceptivo"" Toma a reportagem e existem muitos outros casos iguais a esse, parem de querer mandar no nosso corpo e vão ajudar um orfanato porra. #AbortoSim","A bandeira lacradora ""Meu corpo, minhas regras"" (ou algo parecido) proferido pelas feministas do sovaco cabeludo, não leva em conta que, pelo instinto de sobrevivência, o feto também clama pela sua vida. Aborto é abominável e criminoso.  #AbortoNao",Aborto,0,1
"Existe Diu, camisinha, pílula, existe o carai. Mas é mais conveniente matar um ser humano inocente  né?!   #AbortoSim","Sou pró-vida sim, mas se crescer e virar bandido, bandido bom é bandido morto. E se morar na rua, eu passo e faço de conta que nem vi. E se for da minha amante, eu não assumo. Um bando de macho sem moral querendo dar pitaco onde não cabe eles. Vocês são patéticos #AbortoNao",Aborto,0,1
A msm galera que defende o #AbortoNao é a msm que crítica a educação sexual nas escolas... é para o cu abandonar a bunda msm.,Se vc apoia o #AbortoNao  significa q vc e conta educação sexual nunca vi maior burrice uma coisa n tem nd a ver com a outra,Aborto,1,1
Você só é a favor do aborto quem não foi abortado(a) . #abortoNao,"Quem não tiver útero, não tem que opinar, a mulher tem sim direito de escolha, obrigada de nada! #AbortoSim",Aborto,0,1
"Já questionei várias vezes, mas até agora nada.  Sabem de algum caso em que a mulher abortou o filho de um jogador de futebol?  #AbortoNao!",primeiramente que se tu não tem útero tu nem tem que opinar sobre aborto  e entre uma mulher infeliz manter uma gravidez forçada pro bebe nascer indesejado e crescer sendo odiado (se nao for jogado numa lixeira antes disso) e abortar um feto sem consciência eu apoio #AbortoSim,Aborto,2,1
"a tag #AbortoNAO cheia de macho branco com a bandeira do brasil de foto de perfil.... só queria dizer que #AbortoSIM pq as mulheres devem ter total direito de decidir oq fazer com a vida e o corpo delas, e como muitas dizem “sem útero, sem opinião”","As mulheres têm direito de fazer oq quiser com corpo dela mas a criança não tem culpa,não é só apenas o corpo dela, e sim um feto, que sente dor, que sofre. Que bosta essa sua justificativa de “sem útero sem opinião em” se for assim sou a favor do estupro “sem penis sem opinião”",Aborto,2,1
"#AbortoSim sem útero sem opinião, se vc tem útero e não quer abortar, não aborte, cuide da sua vida pois não vai ser vc que vai cuidar do feto quando ele se tornar um bebê","#abortosim vai pra putaqpariu mano, cada um toma conta do seu corpo e pronto. Cada um faz o q caralhos quiser consigo, não é da posição alheia para julgar/e ou proibir.",Aborto,0,0
Vocês são tudo pró feto e não pró vida #AbortoNao,N sei o motivo do q surgiu essa tag mas old que #AbortoSim,Aborto,0,0
"#AbortoNao cada um tem uma história, carrega valores. Mas vamos refletir. Tem método p evitar a fecundação? Camisinha, anticoncepcional? Defender o direito de escolha da mulher? Mas em algum momento o homem será consultado? Pq ele tb é parte. E o direito de preservação da vida?","enquanto tem gente escrota falando #AbortoNAO vcs ja esqueceram que existe milhões de criança no mundo passando fome,sem roupa,morando nas ruas???então enquanto vc ta ai na sua casa falando merda tem crianças sofrendo,então que tal parar de falar merda e ajudar elas?#AbortoSIM",Aborto,0,1
Sou contra o aborto e favorável à vida. Diga não ao assassinato de inocentes #AbortoNao,"#AbortoSim Se vc for contra, não faça. Simples. Mas tem gente que quer fazer, e essas pessoas tem o direito de um aborto seguro!",Aborto,0,1
"#AbortoNunca foi da sua conta homem escroto, se eu quiser aborta eu vou #AbortoSim","você você não apoia o aborto, acha que não vai com suas convocação e não ve isso como certo. simples caralho, não aborta.  você não tem o direito de opinar sobre as escolhas de outras pessoas, essa decisão não diz respeito a você!  #AbortoNao",Aborto,0,0
"""crianças"" não são abortadas e sim FETOS, parem de ser ridículos. Crianças são as milhares que já vieram ao mundo e estão aí passando por péssimas situações que por sinal os que se dizem ser ""a favor da vida"" pouco se importam. NÃO É APENAS NASCER E PRONTO #AbortoNao é o caralho","A menos que você esteja grávida, #AbortoNao é da sua conta.",Aborto,0,0
"O corpo eh da mulher e não vai ser um homem que vai decidir oq ela tem que fazer ou não, se ela quiserem criar o filho elas criam mas se ela não quiser/ não poder criar esse filho ela não cria! #AbortoSim","é ridículo entrar na tag #AbortoNao e ver pessoas falando que tem tudo de graça pra se prevenir, e que só engravida quem quer, sem se tocar no mínimo, que nada dessas coisas são 100% eficazes, você realmente vive no mundo encantado né pró-vida.",Aborto,0,0
Aborto tbm é uma questão de saúde da mulher #AbortoSim,Em que momento decidem pautar aborto. É para aumentar o número do vírus?  #AbortoNAO,Aborto,0,0
"Todo mundo que apoiava a escravidão era livre, todo mundo que apoia o aborto já nasceu.   Falam em ""aborto seguro"". Pergunto, para quem? Afinal, o bebê sempre morre. #AbortoNao",segura PARA A MULHER mas claro aue vc não vai pensar nisso pq nunca pensam na mulher não é mesmo? além disso vc é um homem cis então cala boca que vc não engavida #AbortoSIM,Aborto,1,1
#AbortoNao ABORTO NUNCA.,Se vc  é a favor do #AbortoNao vc é um filho da puta que é contra os direitos básicos das mulheres. Nós  temos autonomia sobre nossos corpos e ninguém pode legislar sobre isso Aborto legal JÁ!!!!!!!!! Não aguentamos mais mulheres pobre e periféricas morrendo em abortos ilegais .,Aborto,0,1
"Mano, eu tomei block de uma conta religiosa pq falei q sou a favor da legalização do aborto KKKKKKKKKKKKKKKKK #AbortoSim",Não quer ter filho ? SE PREVINE CARAI  #AbortoNao,Aborto,0,1
"O corpo é &gt;&gt; NOSSO &lt;&lt; então a gente faz oq QUISER e o que achar MELHOR. É um direito da MULHER portanto cabe a ELA escolher se quer ou não ter o filho, e não o estado ou a religião. #AbortoSim",#AbortoNao  Se você discordar desse vídeo é pq vc esta simplesmente querendo lacrar!,Aborto,0,-1
"Começou essa bosta de assunto de novo, caralho deixa as mina fazer o que achar melhor, vocês se masturbam praticamente 3 vezes ao dia e jogam no ralo e acham que é quem pra falar algo sobre? #AbortoSim","#AbortoNao sem querer entrar numa briga, nem nada, mas vocês n parecem estar tratando o feto como um ser vivo q terá emoções e pensamentos no futuro. Vcs tratam como se ele fosse um peso q uma mulher deve carregar pelo resto da vida, e de vdd, isso vai ficar para sempre o +",Aborto,0,1
"mulher é livre para escolher, mulher é livre para não trazer ao mundo uma criança que não vai ser desejada, mulher é livre para poder opinar e estar segura #AbortoSim",Na boa tem que ser muito limitada(o) intelectualmente. Como assim #AbortoSim? Pq vc não pode usar um preservativo ou um anticoncepcional? Aí vc quer aprovar o assassinato? É sério isso?! Q inversão de valores.,Aborto,0,1
"#AbortoSim além disso, por favor, vamo flexibilizar as regras pra fazer vasectomia porra vsf esperar até os 25 ou ter 2 filhos toma no ci","#AbortoNao é o caralho, vocês não tem que decidir nada na vida de ninguém, vão adotar uma criança que REALMENTE precisa de ajuda, e parem de ficar defendendo embriões alheios..",Aborto,0,0
Só sou a favor do #AbortoSim se a mulher morre no final,"Seus corpos suas regras e bla bla. Mas a vida que está dentro de um ventre não faz parte dessas regras, bando de feministas do cacete.   #AbortoNao",Aborto,0,0
"Homem não tem útero, mas tem consciência que aborto é CRIME e está defendendo uma VIDA.  #AbortoNao  #AbortoNão",uma pessoa não pode ser obrigada a fazer uma coisa que não quer #AbortoSim,Aborto,0,1
E depois fogem sem querer assumir #AbortoSim,"Sua doente  se sua mãe tivesse o msm pensamento que vc, não teria este tuíte seu agora, mas olha a merda que a sua mãe fez, não se preveniu e nasceu vc, e pensar que um preservativo poderia ter evitado td isso! #AbortoNAO",Aborto,1,1
"Hoje a decisão sobre se merece viver ou não recai sobre a vida dos mais frágeis, amanhã essa decisão pode recair sobre você. #AbortoNao #AbortoNunca","ai gente, desnecessário #abortosim e #abortonão, deixa a mulher grávida decidir gente, quem vai ter q cuidar vai ser ela, quem vai se preocupar vai ser ela. Se ela não quiser um filho pq não tem condições financeiras ou psicológicas, ngm de vocês vão querer ajudar a mãe.",Aborto,0,1
#AbortoNao porque defender a vida consiste em garantir a sua concepção bem como o seu bem-estar.,"abortar ou não continua sendo uma decisão pessoal. se você pensa que interromper uma gravidez é pecado, não aborte. mas não contribua para que uma mulher em situação vulnerável corra risco de vida só porque não quer ter filhos. #AbortoSim",Aborto,0,1
"Aborto, é coisa de mulher fudida e de pai covarde. #Abortonao","mds KKKK, varios homens subindo a tag #AbortoNao  como vc quer opinar se você não tem útero?  aborto é saúde pública! aborto é escolha pessoal da grávida! aborto é previnir mais crianças na rua, em orfanatos! #AbortoSim",Aborto,0,1
"KKKKKKKKK serio q tem homens se metendo nisso? Aiai, vao cuidar de rola de vocês.  Aborto não é assassinato. #AbortoNao","Q merda é essa de #AbortoSim se se acham no direito de escolher quem vive e quem não vive, o melhor é fechar as pernas e depois cometer suicídio pq vcs não são Deus e pra mim é a msm coisa de assassinato portanto sou da TAG #AbortoNão",Aborto,0,1
"O fato da maioria dos ''pró vida'' serem homens é de fácil explicação: Misoginia + extremo MEDO de perder os privilégios.  Nunca foi, nem será, pelo apreço à vida. #AbortoNao",é contra aborto mas é a favor da pena? pfv né...  #abortonao #AbortoSim,Aborto,0,0
"mano pq tem uma tag contra aborto nos trends e pq a maioria opinando são homens????????  desculpa mas c vc n tem útero, vc n tem espaço de fala   #AbortoSim",tem q ser muito babaca pra ser contra o aborto viu  #AbortoNao,Aborto,0,0
"Coleguinha que apoia essa maldita tag do #AbortoSIM, eu sinto muito por você. De verdade. Tenho dó da vadia assassina e nojenta que você é; e não faz questão nenhuma de esconder. Defender uma causa que IMPEDE E TIRA VIDAS, É ERRADO. É NOJENTO.","Já que  defende tanto o aborto ,acho que o erro de sua mãe foi te ter . #AbortoNao",Aborto,0,0
"#AbortoNao  Gente uma criança não é um castigo para mulher, um castigo para a vida toda. Uma criança tem q ser querida, desejada. Usar o argumento, ""abriu as pernas agora pague"" é nojento. Senso babys","a mulher quer abortar, vcs não deixam as gays querem adotar, vcs não deixam e se o moleque vira bandido? vcs querem morto VCS SAO RIDÍCULOS  #AbortoNAO é meu cacete #AbortoSim",Aborto,0,0
"ser isso for legalizado ninguém vai ser obrigado a abortar ok?,  Além disso oq adianta nascer para sofrer com falta de comida abandonada e até ser espancada pelos familiares, ""aaa mas ser ir pro orfanato?"" Vc acha mesmo que aquilo é legal não é , as crianças sofrem #AbortoNao",ABORTO NÃO!!! Vc não tem direito sobre a VIDA! #AbortoNão #AbortoSim,Aborto,0,1
Respeite a vida Desde a concepção #AbortoNao,"toma no cu todo mundo, o útero é da mina se ela quiser fazer a festa junina ela faz pq n vai aborta porra, bem mais consciente do q gente q tem uma cambada de filho sem nem conseguir sustentar a si mesmo eu ein povo chato #AbortoSim",Aborto,0,1
"Alguém pode me explicar quem levantou a pauta de aborto ontem? De onde surgiu e como? Eu não entendi nada, peguei o bonde andando. Só sei que #AbortoNao.",Se vc vem opinar numa tag feminina sendo contra o aborto tudo q vc disser será automaticamente anulado e a gente vai zuar com sua cara #AbortoSim,Aborto,0,1
#AbortoSim ELAS QUE DECIDEM !,"Ai que inferno, é vc que está com o feto no útero, se não o #AbortoNao é da sua conta. Pelo amor",Aborto,0,0
"“Se somos escravos do ontem, somos donos de nosso amanhã.”  #AbortoNao","o engraçado é que quando você entra no “aborto não” só tem macho escroto, querendo colocar o dedinho aonde não foi chamado. nos poupe de tanta merda. #AbortoSim",Aborto,0,-1
"Vamos ser coerentes, não faz sentido tirar a vida de uma pessoa que não cometeu crime algum (feto) quando o mesmo não ocorre com alguém que cometeu barbáries (assassinos, estupradores, etc). #AbortoNao","#AbortoSim  Mas quanta pretensão  Vocês nem sabem se vão sobreviver ao COVID-19, quiçá engravidar pra depois abortar  Faz-me tires baldes",Aborto,0,-1
"Sem condições e acaba abandonando na rua, você acha isso justo? Com uma criança? passar fome e frio enquanto isso poderia ser evitado? Bem no início da gravidez. Sem dor. Sem nada. #AbortoSIM #AbortoLegalYgratuito","Então vc acha q a fome, o frio, a pobreza se resolve no início da gravidez, evitando prosseguir com a gravidez? Eu nunca vou achar justo a desigualdade social, mas isso ñ é motivo p eu ser a favor do aborto, seja ele em qualquer etapa da gravidez. #AbortoNao",Aborto,1,0
#AbortoNao pela vida e para vida,n sei pq tão discutindo isso porém #AbortoSim,Aborto,0,0
Basta de tanto sofrimento.  #AbortoNAO,"A partir do momento que várias mulheres morrem por querer fazer algo que não se sente a vontade ou preparada, a legalização se faz extremamente necessária, além disso não é lugar de fala de homem ou religião, até porque quem vai gerar e parir é a mulher #AbortoSim",Aborto,0,0
Fatos sobre o aborto no Brasil e no mundo que todos deveriam saber antes de entrar em uma discussão.  [A thread]  #AbortoSim,na sua opinião a cabeça de alguém que aborta vai continuar de boa após o ato?  #AbortoNao,Aborto,2,0
hoje tá foda viu essas # de monarquiaja e abortonao são p testar nossa paciência,Eu olhando o perfil dos acéfalos que levantam uma # dessa . A maioria vagabundos que querem se aproveita de leis para aliviar o lado deles de engravidar em meio a orgias e baile funk #AbortoSim,Aborto,0,-1
Direito à vida #AbortoNao,não podia ir dormir sem tentar subir essa # #AbortoSim,Aborto,0,0
"da vida dessa menina que quando chegar em casa olhas para o bb e lembrar da atrocidade q fez ele existir,fetos não tem consciência #AbortoSim","Entendo e sinto pela garota, mas não resolvemos um crime cometendo outro #AbortoNao",Aborto,1,-1
"Quardar o pau e fechar as pernas também ajuda, mas... #AbortoSim","Só tem macho nessa #AbortoNao , omeee se aquietem, vão procurar oq fazer.  ATÉ NO CORPO DA MULHER VCS QUEREM MANDAR?",Aborto,0,-1
"Aborto é ASSASSINATO não tem o que discutir, não é o seu corpo, não são suas regras, não é a sua vida, quem defende aborto está defendendo genocídio e é tão psicopata quanto Hitler, Mao e Stalin, aborto é a pior arma de destruição em massa que o ser humano inventou. #AbortoNao","Uma mulher abortista, poderia ter sido abortada. Ou seja, assassinada.  E não faria essa campanha que é crime contra a vida. A arte de se colocar no lugar. #AbortoNao Obs: nos casos já previstos de alto risco de morte no parto, ou crime de estupro, sou a favor.",Aborto,0,0
"Aborto não devia ser nem discutido. O feto nem tem vida antes de 3 meses, e mesmo depois ainda é um bebê que nem nasceu. Pra que fazer a criança e a mãe sofrer? Vai se foder, babaca. #AbortoSim","Homens não têm nem direito de opinar sobre isso, porra. #AbortoSim",Aborto,1,0
#AbortoSim só vcs darem o cu suas porras,#AbortoSim se não como é que a nossa Pepsi geladinha vai ser adoçada???,Aborto,0,0
#AbortoSim  não é porque sou a favor que vou abortar,"#AbortoNunca eu vejo agora o pessoal subindo a tag #AbortoSim e elas falando que so quem tem utero pode dar a sua opnião, 5 min eu vi um travesti (que na verdade e homem) dando a sua opnião...",Aborto,0,-1
Sou mulher e digo #AbortoNao,ok eu sou mulher e digo #AbortoSim,Aborto,1,-1
"A menos que você esteja grávida, #AbortoNao é da sua conta.",Pessoas que não conseguem entender que crença pessoal não tem que interferir na vida de outras pessoas (aka impor crença) e que aborto não é questão de opinião e sim de saúde pública...,Aborto,2,0
Bolsonaro finalmente conseguiu forçar o Min. da Saúde a emitir protocolo que libera o uso em massa da cloroquina. Os pacientes terão que assinar um termo assumindo que o remédio não tem eficácia e que pode até matar. É um atentado contra a saúde pública e a vida dos brasileiros.,"Espero que vc é tds a sua volta fiquem a salvo do vírus chinês,e não necessitem da cloroquina",Cloroquina,1,1
"- Ainda não existe comprovação científica, mas sendo monitorada e usada no Brasil e no mundo. Contudo, estamos em Guerra: “Pior do que ser derrotado é a vergonha de não ter lutado.”  - Deus abençoe o nosso Brasil.","Fez um inferno pra liberar esse caralho de medicamento  aí agora que libera, muda de discurso o arrombado !",Cloroquina,2,1
Bolsonaro finalmente conseguiu forçar o Min. da Saúde a emitir protocolo que libera o uso em massa da cloroquina. Os pacientes terão que assinar um termo assumindo que o remédio não tem eficácia e que pode até matar. É um atentado contra a saúde pública e a vida dos brasileiros.,"Queria ver essa anta dessa Sâmia, fudida no hospital, na UTI entubada, se ela não tomaria cloroquina. HIPÓCRITA DO CARALHO!!!",Cloroquina,1,1
"- Ainda não existe comprovação científica, mas sendo monitorada e usada no Brasil e no mundo. Contudo, estamos em Guerra: “Pior do que ser derrotado é a vergonha de não ter lutado.”  - Deus abençoe o nosso Brasil.","vc é uma criança mimada e pirracenta. desleixado, não possui o mínimo de capacidade de governar uma nação inteira. “sem comprovação científica”, a resposta pro seu delírio de cloroquina está na sua própria sentença. vergonhoso.",Cloroquina,1,1
"- Ainda não existe comprovação científica, mas sendo monitorada e usada no Brasil e no mundo. Contudo, estamos em Guerra: “Pior do que ser derrotado é a vergonha de não ter lutado.”  - Deus abençoe o nosso Brasil.","""Não existe comprovação científica"" Porra presida c vai meter essa mesmo? Comer terra e tomar essa merda nesse momento da na mesma. Se nao existe comprovação por q caralhos c ta falando disso seu arrombado??????",Cloroquina,2,1
Bolsonaro finalmente conseguiu forçar o Min. da Saúde a emitir protocolo que libera o uso em massa da cloroquina. Os pacientes terão que assinar um termo assumindo que o remédio não tem eficácia e que pode até matar. É um atentado contra a saúde pública e a vida dos brasileiros.,É só não tomar... Todo este discurso murcha quando o vírus Chinês pega o indivíduo lacrador... Estes são os primeiros a querer tomar a Cloroquina...,Cloroquina,1,1
"Quer dar placebo pro povo? Dê, não tem problema. Mas não faça parecer que essa é a melhor medida para conter a epidemia. Precisamos de isolamento, testes, valorização da ciência e, mais importante, um LÍDER que dê bons exemplos. O placebo não vai mascarar a tua incompetência.",Ta ligado que o Curitiba é uma das cidades com melhor resultado no combate ao COVID? E tb que usa a cloroquina a um mês e meio?,Cloroquina,1,1
"- Ainda não existe comprovação científica, mas sendo monitorada e usada no Brasil e no mundo. Contudo, estamos em Guerra: “Pior do que ser derrotado é a vergonha de não ter lutado.”  - Deus abençoe o nosso Brasil.",foco no “não existe comprovação científica”,Cloroquina,2,1
"- Ainda não existe comprovação científica, mas sendo monitorada e usada no Brasil e no mundo. Contudo, estamos em Guerra: “Pior do que ser derrotado é a vergonha de não ter lutado.”  - Deus abençoe o nosso Brasil.","Presta atenção no ""NÃO EXISTE  COMPROVAÇÃO CIENTÍFICA""... esse é o tuite",Cloroquina,2,1
Bolsonaro finalmente conseguiu forçar o Min. da Saúde a emitir protocolo que libera o uso em massa da cloroquina. Os pacientes terão que assinar um termo assumindo que o remédio não tem eficácia e que pode até matar. É um atentado contra a saúde pública e a vida dos brasileiros.,"A cloroquina existe desde 1955.2 meses atrás era vendida sem receita médica,foi usada por grávidas no combate ao zica virus, distribuída gratuitamente na Índia, Itália,usada no tratamento precoce na França,Japão,Rússia, Argentina, Venezuela, entre outros.Não use se não quiser,ok?",Cloroquina,1,1
"- Ainda não existe comprovação científica, mas sendo monitorada e usada no Brasil e no mundo. Contudo, estamos em Guerra: “Pior do que ser derrotado é a vergonha de não ter lutado.”  - Deus abençoe o nosso Brasil.",Kkk como pode (não tem comprovação)e ridículo tem que ser fiscalizada essa compra de cloroquina aí tem coisa,Cloroquina,1,1
Bolsonaro finalmente conseguiu forçar o Min. da Saúde a emitir protocolo que libera o uso em massa da cloroquina. Os pacientes terão que assinar um termo assumindo que o remédio não tem eficácia e que pode até matar. É um atentado contra a saúde pública e a vida dos brasileiros.,Só em tu ser contra isso mostra que a cloroquina é boa.,Cloroquina,1,1
"- Ainda não existe comprovação científica, mas sendo monitorada e usada no Brasil e no mundo. Contudo, estamos em Guerra: “Pior do que ser derrotado é a vergonha de não ter lutado.”  - Deus abençoe o nosso Brasil.","...quando se fala em saúde todo e qualquer protocolo de assistência implementado deve ser baseado em evidências científicas, e hj as evidências apontam que não há nenhum benefício no uso da cloroquina. Não se refuta ciência com achismo.",Cloroquina,1,1
"hahaha.  Amigo, meus parentes são médicos. Não seguidores de olavo de carvalho. Estudaram. NUNCA RECEITARAM OU RECEITARIAM CLOROQUINA. Simplesmente pq não há evidências de que funciona. Aliás, tome xixi. Tb não há evidências de que funciona, mas é menos perigoso. Abs.","Seguidor de Olavo? Cara, você tá louco!  Já partiu para ignorância e falta de educação várias vezes!  Até agora não tem evidência para cloroquina, anticoagulante, vermicida... nada! Mas deve estar disponível, caso o médico queira usar! Deixa a pessoa morrer então? PUTZ!",Cloroquina,1,1
"- Ainda não existe comprovação científica, mas sendo monitorada e usada no Brasil e no mundo. Contudo, estamos em Guerra: “Pior do que ser derrotado é a vergonha de não ter lutado.”  - Deus abençoe o nosso Brasil.","O pior é estar em guerra e mandar um soldado na linha de frente com bala de festim, e dizer a ele que tem que lutar. Isso é um crime! A cloroquina está sendo a bala de festim!",Cloroquina,1,1
Bolsonaro finalmente conseguiu forçar o Min. da Saúde a emitir protocolo que libera o uso em massa da cloroquina. Os pacientes terão que assinar um termo assumindo que o remédio não tem eficácia e que pode até matar. É um atentado contra a saúde pública e a vida dos brasileiros.,Quem for de direita toma cloroquina quem for de esquerda toma tubaína,Cloroquina,1,1
"Bolsonaro queria mudar a bula do remédio, não deixaram. O tal protocolo é ctrl C + ctrl V do parecer do CFM. Uso off label é com os médicos. O resto é narrativa.",Narrativa imunda é o que vcs fazem nesse jornaleco lixo de vocês. Cloroquina funciona sim ! e efeito colateral até água tem ! toma 20 litros pra tu ver !,Cloroquina,1,1
"Apresentei um projeto de decreto legislativo p/ sustar o novo protocolo do  que recomenda uso precoce da cloroquina em pacientes com #Covid19, enqto não houver estudos científicos que comprovem sua eficácia. O presidente não deveria fazer uso político de algo tão sério.","O Sr. não tem vergonha de politizar algo tão sério, quando sabemos que todo e qualquer medicamento tem pros é contra?  Se por acaso vc for acometido pela covid-19 prefere a morte ou como o seu médico David Uip iracprescrevet Cloroquina a vc mesmo? Hipocrisia também mata Serra !",Cloroquina,1,1
"- Ainda não existe comprovação científica, mas sendo monitorada e usada no Brasil e no mundo. Contudo, estamos em Guerra: “Pior do que ser derrotado é a vergonha de não ter lutado.”  - Deus abençoe o nosso Brasil.","AINDA NÃO EXISTE COMPROVAÇÃO CIENTÍFICA, MAS AINDA NÃO EXISTE COMPROVAÇÃO CIENTÍFICA, MAS AINDA NÃO EXISTE COMPROVAÇÃO CIENTÍFICA, MAS AINDA NÃO EXISTE COMPROVAÇÃO CIENTÍFICA, MAS AINDA NÃO EXISTE COMPROVAÇÃO CIENTÍFICA, MAS AINDA NÃO EXISTE COMPROVAÇÃO CIENTÍFICA, MAS",Cloroquina,2,1
"Apresentei um projeto de decreto legislativo p/ sustar o novo protocolo do  que recomenda uso precoce da cloroquina em pacientes com #Covid19, enqto não houver estudos científicos que comprovem sua eficácia. O presidente não deveria fazer uso político de algo tão sério.","Vc é um lixo!! Quem faz uso político da cloroquina é vc e seus amigos abutres. Quem não quise usar cloroquina, é muito simples, não usa! #PSDBNuncamais",Cloroquina,1,1
"O governo de Bolsonaro não só está comprando matéria-prima para a produção de um medicamento que não é eficaz, como está pagando caro por isso. E quem paga a conta é o Brasil","tem que ver isso aí!!   façam a CPMI da Cloroquina, uma medicação INEFICAZ para COVID 19, com grande potencial de letalidade na dose “recomendada” pelo  e ainda mais gastando milhões, melhor seria usar no estudo da vacina.",Cloroquina,1,0
"Vc não pode gastar o que não tem, sabe que o debate tá perdido e prefere sacrificar doentes a admitir que a cloroquina cura o vírus da china. Vc não decide nem a sua vontade teleguiada, mas quer decidir pela vida dos outros.  Burro é você que não tem autonomia de pensamento.",Ou que sigo a ciência. Por mim você pode tomar cloroquina até em casa kkkkk vai fazer um favor ao mundo kkkkkk aproveita e toma bastante,Cloroquina,1,1
Não há comprovação científica da eficácia da cloroquina.  Quem disse isso? Bolsonaro.  O mesmo Bolsonaro que só liberou novo protocolo sobre o uso em pacientes com quadro leves APÓS editar MP que o isenta de responsabilidade.  Isso é fazer cálculo político com VIDAS!,"Quanta cloroquina foi produzida pelo governo? Pq o desespero em enviar esse remédio para a população, sendo que nem efeito comprovado tem?",Cloroquina,1,0
"É claro que a mortalidade vai ser maior, evidente. Aí o cara diz que é por causa da cloroquina. Outro tava fazendo uma live falando dos tratamentos pro Covid e dizendo que a única coisa que os médicos podiam oferecer com segurança eram medidas de suporte (intubação)",Eu tô completamente desgraçado da cabeça diante desse trauma que passei durante esses dias. Não sei o que pensar sobre a medicina do ocidente. Fora os outros que ainda acham que só o Brasil fala em Cloroquina e não sabem que o mundo inteiro tá usando,Cloroquina,1,0
"Segundo a pesquisa XP-Ibespe, apenas 7% da população é contra o isolamento social.","Se só 7% é contra, porque os 83% que é a favor não fica em casa? Éramos então pra estar vivendo num lockdowm voluntário há dois meses. Né? #covid #lockdown #CLOROQUINA",Cloroquina,2,0
"Minha querida, isso que você fala não corresponde à realidade. Até porque os únicos lugares nos quais a cloroquina enfrenta resistência absurda para ser utilizada são Brasil e EUA. Então, peço que cite as fontes, pois duvido que sejam confiáveis.","Se vc prefere acreditar num paraquedista ao invés da grande maioria dos médicos, vai lá na farmácia e enche o bucho de cloroquina, campeão.",Cloroquina,1,1
"Apresentei um projeto de decreto legislativo p/ sustar o novo protocolo do  que recomenda uso precoce da cloroquina em pacientes com #Covid19, enqto não houver estudos científicos que comprovem sua eficácia. O presidente não deveria fazer uso político de algo tão sério.","Vagabundo dia inferno , daí quando vc pegar a doença vai enche o rabo de cloroquina escondido né . Seu verme",Cloroquina,1,1
"“Redução dos glóbulos brancos, disfunção do fígado, disfunção cardíaca e arritmias”","Deixa de frescura fresco! Se na realidade fosse assim, aqui no Amazonas teríamos uma população de anêmicos,com leucemia... Porque para malária se toma a Cloroquina q é mais forte d que o Hidróxido d Cloroquina! E se toma várias vezes no ano se tem várias vezes malária!",Cloroquina,1,1
"- Ainda não existe comprovação científica, mas sendo monitorada e usada no Brasil e no mundo. Contudo, estamos em Guerra: “Pior do que ser derrotado é a vergonha de não ter lutado.”  - Deus abençoe o nosso Brasil.","É isso... ""Nossa nação, Vai lutar o tempo inteiro... Sou fuzileiro, Sou fuzileiro... Mídia, senado, O congresso e o supremo... São desordeiros,  São desordeiros...",Cloroquina,2,0
"- Ainda não existe comprovação científica, mas sendo monitorada e usada no Brasil e no mundo. Contudo, estamos em Guerra: “Pior do que ser derrotado é a vergonha de não ter lutado.”  - Deus abençoe o nosso Brasil.",E   o Sr tbm PR,Cloroquina,2,0
"Teste de robôs. Tome cloroquina e antipulgas para morrer, pq não adianta. Teste finalizado.",Vcs ficam aí querendo que a gente acredite em efeito de Cloroquina mas não deixam acreditar em paz em universo paralelo na Antártida e ets de Magé. Mundo chato do kct,Cloroquina,0,0
"Perdão amigo, mas vou te falar dos únicos caso de Covid-19 próximos: 2 vizinhos e são um casal de enfermeiros do Einstein e AMBOS usaram a Cloroquina. Estão recuperados  Segundo: indiscriminado??? É um protocolo de tratamento com autorização médica e do paciente. Não seja assim","Lembrando que maioria dos casos de COVID se cura por conta, com ou sem Cloroquina. Falo indiscriminado porque ao mesmo tempo que o governo quer adotar o uso massivo quer passar uma PL para se eximir da responsabilidade. Aliás, pergunta se eles tomaram só cloroquina.",Cloroquina,1,1
"- Ainda não existe comprovação científica, mas sendo monitorada e usada no Brasil e no mundo. Contudo, estamos em Guerra: “Pior do que ser derrotado é a vergonha de não ter lutado.”  - Deus abençoe o nosso Brasil.","Mais vale uma cloroquina na barriga (mesmo que seja um placebo) e aumentar a minha FÉ na recuperação, do que ver uma cloroquina na vitrine e ter minha FÉ abalada.",Cloroquina,1,0
porque então a maioria dos protocolos utilizam a hydroxicloroquina ao invez da cloroquina que é bem mais forte como sabemos? sendo que a dose diaria de HCQ é 400mg.,"Porque o Difosfato de Cloroquina é diferente de Cloroquina Base, que não tinham detalhado no primeiro protocolo, já atualizaram para ficar mais explícito",Cloroquina,1,0
Nelson Teich pediu demissão porque é médico. Assim como Mandetta.Médicos fazem juramento quando se formam. Prometem praticar a medicina com honestidade. E honestamente não há provas científicas de que a cloroquina cure a covid-19. Esta é a verdade acima das narrativas políticas.,"Facil de entender... Nao ha provas cientificas q a cloroquina cure. Isso é o q ta escrito. E ministro da saude nao pode dizer q cura como o Bolsonaro quer! Nao pode aconselhar a população. Quem quiser que tome, mas é risco de quem tomar...",Cloroquina,1,0
"No dia em que o Brasil ultrapassou a marca de mil mortos em 24 horas, o presidente da República brinca com  a cloroquina/tubaína. Gargalhada numa hora destas?","Não é que Jair Bolsonaro seja a pior pessoa possível para ser presidente do Brasil. É que ele é forte candidato a ser a pior pessoa do Brasil. Ponto.   Quem, em nome do que possa haver de sagrado, ri e faz piada diante de MAIS DE MIL MORTES em UM SÓ DIA?",Cloroquina,2,0
Quando a gente pensa que já viu de tudo.... Médicos esquerdistas estão se negando a dar receita da cloroquina. E o juramento que eles fazem pra salvar vidas?  Inacreditável.,CRM neles. E vão com outro médico. Pronto .,Cloroquina,2,0
"Bolsonaro liberou a cloroquina, mas vc tem que assinar um termo se responsabilizando pelos efeitos colaterais. Vai lá minion, toma cloroquina! Mas se sofrer um infarto, não vai pro hospital tirar vaga dos outros.  #JornalNacional","E vc se for contaminado , não vá tomar a cloroquina dos outros!",Cloroquina,1,1
Você tomaria Cloroquina?,"Não importa o princípio ativo da droga, seja amoxicilina, nitazoxanida ou cloroquina; quando um médico(a) prescreve, quem sou eu para contestar?!   CLARO QUE EU TOMARIA.",Cloroquina,1,0
"Desculpa aí... de tudo que ele falou só uma boa: a cloroquina salvaria sim muitas pessoas que morreram se fosse aplicada em pequenas doses. E antes do carnaval os infectologistas diziam para todos nós, inclusive para ele que era uma virose como outra qualquer...","Coloquei 11 pontos que na minha opinião são negativos inclusive a Cloroquina, que não mostra eficácia nenhuma, as pessoas podem estar se curando sozinhas como muitas que se curaram sem usar Cloroquina, vcs batem forte na Cloroquina por causa do presidente, especialistas do mundo.",Cloroquina,1,1
mano eu so queria ESPANCAR o presidente nmrl meu pai mal p crlh e esse filho da puta muito feliz rindo no dia que o brasil bateu mais um recorde de mortes em 24hrs  se eu pudesse enfiava a cloroquina no CU dele filho da puta desgraçado da porra,"""Quem for de direita toma cloroquina. Quem é de esquerda toma Tubaína"". Quem for da família Bolsonaro e bolsonarista que vá tomar no C*! Mais de 1100 mortes (confirmadas) em um só dia e esse palhaço faz piada? #ImpeachmentdoBolsonaroURGENTE #impeachmentJa",Cloroquina,0,0
"Qual provas médicas você precisa, a da esquerda? Porque o mundo está tratando seus pacientes com cloroquina.",Qual provas médicas você tem que a Cloroquina funciona?,Cloroquina,1,1
"O  pediu que a Câmara convoque o ministro interino da Saúde para explicar sobre a ampliação do uso da cloroquina. Queremos que Eduardo Pazuello explique os estudos que subsidiaram sua decisão, considerando que não há nada comprovado quanto à eficácia do medicamento.",Se caso uma pessoa morra depois de ter tomado cloroquina sobre administração de médicos sem uma comprovação da eficácia. isso pode ser caracterizado crime de homicídio doloso? Pode  também serem acrescentado crime contra a saúde publica?,Cloroquina,1,0
"Mano, eu odeio como o Brasil transformou uma desgraça de uma epidemia em briga política. Que tal Bolsonaro e Doria tirar a fuça de áreas que não são do conhecimento deles, e deixar os MÉDICOS decidirem isso????","Minha tia pegou Covid, foi tratada com cloroquina e outros medicamentos também. Não foi fácil pra ela se recuperar, até pq teve 2 internações. É óbvio que os médicos sabem a dosagem correta e não vão passar dos limites. Anta é quem compra remédio e sai tomando igual água.",Cloroquina,1,0
"Minha vó sai por aí, toma cloroquina a anos e ta mais forte que eu  e olha que ela tem várias doenças, grupo de risco. Se você é médica, como fala, deveria ter vergonha de defender essa merda toda onde estão fraudando os laudos médicos colocando “covid”.","Que sorte a da sua avó, grande parte dos que tomam cloroquina fora do tratamento das doencas as quais ela é recomendada, sofrem com os efeitos colaterais (que não são nada fracos)  É verdade que existem hospitais frandando laudos, mas isso é uma minoria, não tome como verdade",Cloroquina,1,1
e quando que a gente vai salvar esse coitado dos próprios pais?,Não dêem cloroquina pros seus filhos se não ele vai ficar assim,Cloroquina,2,-1
Você tomaria Cloroquina?,Óbvio  q sim!!! TODOS esses hipócritas q hj falam mal...seriam os primeiros à  correr pra cloroquina,Cloroquina,1,0
O protocolo do MS para o uso da cloroquina contra covid-19 é o paciente entrar no consultório e mandar o médico prescrever o troço pq o presidente disse na live do facebook que funcionava.,Se tá recomendando usar Cloroquina! Assuma a responsabilidade!!! Só idiota concorda com isto!! Com um protocolo sem responsabilidade!,Cloroquina,0,0
Ué nera ela que apoia ele e defendia ele? Cadê? Agora engula cloroquina é viva sem máscara.,Vc engole tanta coisa e faz drama com a cloroquina?!,Cloroquina,1,1
"Dê Cloroquina pra ele, cura, não é?","Tem supositório de Cloroquina, aí vc aceita?",Cloroquina,1,1
"Hoje  tomou uma atitude corajosa, que salvará milhares de vidas: liberou o uso da cloroquina pra todos os casos de COVID-19 no SUS, mesmo os leves  Basta o paciente autorizar o uso do medicamento, que tem se mostrado muito eficaz em diversas partes do mundo",“Basta o paciente autorizar o uso do medicamento.”   Da posição de PACIENTE para MÉDICO.  Que país é esse ???,Cloroquina,2,1
"Na #escola dizia:  ""Pra que aprender Física/Química/Biologia? Nunca vou usar isso na minha vida...""  Hoje defende cloroquina, terra plana e é contra vacinas...","Se a CLOROQUINA é a solução, porque o Brasil e os países do mundo inteiro estão gastando milhões e milhões em busca de vacina?",Cloroquina,0,0
"Os xiitas isolamentistas, principalmente os instalados na Globolistão, devem ter ficado enfurecidos com Cláudia Raia.  Sim, ela contraiu Coronavírus durante o isolamento, ficando em casa, como ordena a nova ordem globalista.  Vão querer dizer que ela foi um ponto fora da curva?",Ponto fora da curva e o cara que ele pegou pela cara dele não tem condições de baixar as cuevas dela. A cloroquina dele não baixa nem a temperatura.,Cloroquina,2,-1
"A verdade às vezes se esconde no óbvio. A eficácia da cloroquina contra o Covid19 pode ser contestada. Mas se a droga fosse tão maléfica à saúde quanto querem uns, ela não estaria sendo utilizada há décadas. Vamos ser razoáveis pessoal.",É óbvio que é o lobby querendo lucrar alto na pandemia.  Cloroquina não vale 1 real  Mas salva muito mais que os achismos contra.,Cloroquina,1,0
"Correto. Dá-se o nome de : responsabilidade.  MS libera,mas alerta sobre possíveis efeitos colaterais.  Enfim,quem quiser tomar..., quem não quiser   Cloroquina pode causar redução dos glóbulos brancos, disfunção do fígado, disfunção cardíaca e arritmias","E se assim o fosse, portadores de lupus já estariam mortos após o 6 mês de tratamento e, nussss!! Esse tipo de lupus é crônico!! Ohhh!! O tratamento a base de cloroquina é para o resto da vida. Uai??? Mas nenhum desses pacientes crônicos até a presente data morreu?? Nussss!! Ué?",Cloroquina,1,1
"Esquerda mete o pau na cloroquina, mas toma na hora do aperto.  Esquerda mete o pau no capitalismo, mas ganha dinheiro com ele e usufrui de todas as suas benesses.  Que nome damos a isto?","a isso não sei, mas a vc damos o nome de burro  quem mete o pau na cloroquina é a ciencia, seu asno",Cloroquina,1,1
"As orientações do governo federal pra cloroquina é tipo :  ""então galera, n existe comprovação científica que funcione e, provavelmente nem vai funcionar, além de ter efeitos colaterais pesados. fica a seu critério usar mas indicamos""","Pessoal que voto no bozo façam o favor de tomar a cloroquina que ele tanto fala, confiem no potencial de vocês.",Cloroquina,0,0
"Entre esperar o estudo científico  e a tentativa de salvar a vida . Vamos Salvar Vidas.  Sim! Ao protocolo do Ministério da Saúde, para o uso da cloroquina.","Salvar vidas deve ter prioridade, sempre. Que a ciência possa chegar depois confirmando a certeza da ação. Tem sido assim ao longo da história do mundo#BOLSONAROTEMRAZÃO",Cloroquina,2,0
E a Cloroquina heim ? E a Tubaína ?,mano aonde eu disse que defendo a cloroquina?,Cloroquina,1,1
"Cheira mais pó que um aspirador, mas está preocupado com os efeitos colaterais da Cloroquina.","Bebe mais que um Chevette 73, mas está preocupado com os efeitos colaterais da Cloroquina.",Cloroquina,1,0
Não entendo qual o fetiche do Bolsonaro com cloroquina,"Dono do laboratório é militante e ajudou na campanha, por isso esse fetiche todo.",Cloroquina,1,0
hoje fui acordada com a notícia que a minha avó morreu por covid e segundo os médicos ela tava estável mas começaram a dar cloroquina pois a família autorizou sendo que o remédio tem MUITOS efeitos colaterais inclusive arritmia que vai causar parada cardíaca,Vocês entendem o risco dessa medicação?,Cloroquina,2,0
"""Clamor da sociedade"". Essa foi a justificativa apontada por funcionária do Ministério da Saúde para o novo protocolo que amplia o uso da cloroquina no combate à #COVID19.  Apesar do ""clamor da sociedade"", não há evidência científica da eficácia da droga.","""""clamor da sociedade"""" toma no cu",Cloroquina,2,0
recomendação médica: 5 comprimidos de cloroquina ao dia Pra tirar a desgraçada do coração,daqui uns dias alguém vai morrer por ter usado cloroquina e aí o bolsonaro vai falar que era fake news e ele nunca incentivou o uso,Cloroquina,0,0
"Boa noite, venho respeitosamente lhe pedir para me dizer quais os estudos que comprovam a eficácia do uso da Cloroquina e Hidroxicloroquina em casos leves e até como forma de prevenção. Não estou querendo ofender, nem desmentir. Apenas quero pode me informar desses estudos. Obg.","Já obtive a resposta: a nova orientação do  sobre o uso da cloroquina e Hidroxicloroquina apresenta lá muitos estudos, nos quais deve ter se baseados. Para quem tiver na mesma procura em que eu estava, vale ver lá e tirar suas próprias conclusões.",Cloroquina,1,0
Não há comprovação científica da eficácia da cloroquina.  Quem disse isso? Bolsonaro.  O mesmo Bolsonaro que só liberou novo protocolo sobre o uso em pacientes com quadro leves APÓS editar MP que o isenta de responsabilidade.  Isso é fazer cálculo político com VIDAS!,"Então, acabei de ver uma declaração do Mandetta de que o Planalto queria mudar a bula da cloroquina, não dá para acreditar",Cloroquina,1,0
"Dê Cloroquina pra ele, cura, não é?","Uma senhora da sua idade , dê-se ao respeito ,usar alguém em estado crítico por causa de política que coisa feia,e cuidado ,uma senhora na sua idade está mais propensa a precisar de tratamento com Cloroquina,já está no grupo de risco.",Cloroquina,1,1
"Tá bom o hidroxicloroquina ataca o coração? pode dar parada cardíaca? paracetamol pode dar ataque cardíaco e centenas de outros remédios.É só pesquisar, o problema é que a Cloroquina é barata e virou o remédio do Bolsonado.",tenho medo de ter corona e meu pai colocar pó de cloroquina no meu café pra me forçar a tomar,Cloroquina,0,0
O da cloroquina que é um estudo certo né.... hahaha,"A cloroquina está em uso como medicamento já faz setenta anos, E está apresentando bons resultados contra o covid-19 Se falta estudos e porque o Vírus é novo, não o remédio.",Cloroquina,1,1
sem cloroquina,"Em lugar NENHUM da matéria cita qual tratamento q ela usou; se foi com ou sem cloroquina! Portanto sua afirmativa é; subjuntiva, especulativa e inconcluvisa! Mas eu ao contrário de vc que se preocupa com as fotes citadas, fico feliz com essa notícia! Sendo com cloroquina, ou não!",Cloroquina,1,1
"Menos ciência, mais cloroquina Menos planejamento, mais improviso Menos experts, mais generais Menos luto, mais humor  Menos coerência, mais centrão Menos Brasil, mais Brasília   #SOSBrasil","Menos Exército, mais Aspen    Seria interessante, afinal Renato Spallicci é amigo do governo:",Cloroquina,1,0
"Ô , desde antes dos tempos da gonorréia, o brasileiro usa medicamentos sem prescrição médica. Qualquer um compra em qualquer farmácia, o medicamento que quiser, exceto uns com receita especial e com controle de estoque. Idroxicloroquina e a cloroquina são só remédios! .",Discutindo com um cara que acredita na cloroquina. A justificativa dele é que o governo não libera esse remédio pq assim a indústria para de lucrar com álcool gel,Cloroquina,0,0
"Três pergunta simples:  As pessoas que pegavam malária, lúpus ou artrite reumatoide e usavam cloroquina estão vivas como?  Porque ninguém fez tantos alertas para elas sobre os efeitos colaterais do remédio?  A vida delas não importavam?","Meu pai mora no Amapá e pegou malária 2x e em ambos os tratamentos usou cloroquina e até hoje tá vivo, e ele não apresentou qualquer efeito colateral.",Cloroquina,1,0
"Você continua apoiando Bolsonaro, após ele dizer: ""Quem for de direita toma cloroquina, de esquerda toma Tubaína""?","Quem é de direita e se quiser toma Cloroquina, e quem é da esquerda toma Tubaina... ou continua comendo capim mesmo.",Cloroquina,1,0
"- Ainda não existe comprovação científica, mas sendo monitorada e usada no Brasil e no mundo. Contudo, estamos em Guerra: “Pior do que ser derrotado é a vergonha de não ter lutado.”  - Deus abençoe o nosso Brasil.",vai se fuder dnv,Cloroquina,2,1
"“Quem é de direita toma cloroquina, que é de esquerda toma tubaína” e nós todos tomamos...","Se for só quem é de direita que vai tomar cloroquina, vão com deus",Cloroquina,0,0
"Coerente é a galera do bolsonaro, que não acredita no vírus mas acredita na eficácia da cloroquina","A minha irmã tava falando que não achava legal as pessoas rindo de quem tá morrendo por usar cloroquina por vontade própria e fanatismo, só digo uma coisa:  God's timing is always right",Cloroquina,0,0
Adivinha quem tá com o rab0 cheio de cachaça já na hora do almoço?  Quem é de direita acredita na cloroquina e quem é de esquerda na jararaca cretina.,Olha esse cara KKKKKKKKKKKK,Cloroquina,2,0
eu na sexta quando abro a primeira cerveja,"trump vai meter bem um sextou tomando uma cloroquina, já emenda um negocinho, volta pra casa só no domingo",Cloroquina,1,0
"No dia q o desgoverno  mudou o protocolo para recomendar cloroquina em casos leves, lamentamos a morte por coronavírus do dep. estadual Gil Vianna, do PSL do RJ, que usou o remédio, mas infelizmente não conseguiu se salvar. Não há provas que cloroquina cura Covid-19","Traidora se vc estivesse na UTI vc não tomaria cloroquina? Responde aí , dona da verdade",Cloroquina,1,1
"Hoje  tomou uma atitude corajosa, que salvará milhares de vidas: liberou o uso da cloroquina pra todos os casos de COVID-19 no SUS, mesmo os leves  Basta o paciente autorizar o uso do medicamento, que tem se mostrado muito eficaz em diversas partes do mundo","Realmente estamos felizes com essa vitória e gratos ao Presidente, mas no Estado de São Paulo teremos que enfrentar a tirania do Governador que já se posicionou contrário a cloroquina e fará de tudo para impedir que tenhamos acesso ao medicamento!!!!",Cloroquina,2,0
"#Covid_19 EUA e BRASIL liderarão o mundo em número de casos e mortes!  Por coincidência, dois grandes países, dirigidos por dois grandes imbecis,que minimizaram a pandemia no início. E que defendem o uso de cloroquina, um medicamento de eficicácia duvidosa.","O gado tem livre arbítrio,então tome a droga do mito,mas não se confunda com o gato gado,pois o felino tem sete vidas,e vcs só tem uma,pra perder por causa de uma cloroquina maldita!!",Cloroquina,0,0
"Esquerda mete o pau na cloroquina, mas toma na hora do aperto.  Esquerda mete o pau no capitalismo, mas ganha dinheiro com ele e usufrui de todas as suas benesses.  Que nome damos a isto?","Defina esquerda: quem quer as coisas com o de preocupação social? O fato de ser um regime capitalista, naonquer dizer que não se deve criticar inquérito namora certo. Então fica Assim: não tomamos cloroquina e você não vai ao hospital. Afinal é só uma gripezinha.",Cloroquina,1,1
"Mas é uma loucura: o Ministério da Saúde (que de ""saúde"" não tem mais nada), autorizou o uso da cloroquina pelo SUS, mesmo sabendo QUE NÃO CURA E AINDA PODE ATÉ MATAR !!!","Imagina: chega-se ao médico e este receita a tal cloroquina, toma-se? Denuncia-se? Coitado dos médicos e dos pacientes. Que horror.......",Cloroquina,1,0
#DEBATE360 A aplicação da Cloroquina para os casos de malária também tem contra indicação e oferece riscos ao paciente? E os pacientes de Malária também precisam assinar termo de responsabilidade?,"a #globolixo novamente atacou o uso da cloroquina,Sr presidente não renova a concessão com essa merda de lixo de emissora..",Cloroquina,0,0
"Transparência na contagem de infectados, mortos e curados. E, a propósito, usamos cloroquina SIM. Curitiba e SP foram as primeiras capitais que mais receberam o medicamento do Governo Federal.",Faz diferença nenhuma essa merda de cloroquina ...acorda gado...,Cloroquina,1,1
"Entidades médicas já se posicionaram contra a medida e a OMS, quando questionada sobre a decisão do governo brasileiro, reafirmou que além de não ter eficácia comprovada, a cloroquina pode causar efeitos colaterais graves.",OMS a que ajudou a epidemia virar pandemia? Sério??? Opinião dela é irrelevante. Se fosse um remédio experimental tudo bem. A cloroquina têm décadas de uso. Sai da vida política criatura do pântano.,Cloroquina,1,1
"Cloroquina junto com azitromicina e zinco que estão falando que dá resultado, procede? E a ivermectina reduz a carga viral 98% do Covid19 já foi feito esse estudo? #AquiNaBand","Caralho porra! Pqp, não aguento imbecilidade e idiotice! O protocolo do governo libera cloroquina para QUEM QUISER USAR ter esse direito! Parem de vender a idéia de que o governo está impondo algo, ele apenas está resguardando o poder de decisão do cidadão sobre a própria vida!",Cloroquina,0,0
"A cloroquina é uma droga altamente tóxica e é usada em algumas patologias graves depois do pacientes fazer exames e testes e descartar problemas coronários, renais e hepáticos.N use a cloroquina sem um acompanhamento médico #ForaBolsonaroGenocida","quando sair a vacina do corona espero que todos falem ""quem é de direita toma cloroquina, quem é de esquerda toma a vacina"" EU IMPLORO",Cloroquina,0,0
"Vi no Jornal da Globo uma descrição dos efeitos colaterais da Cloroquina e da Hidroxocloroquina.  A partira daí,  parece que é melhor dar um tiro na própria cabeça do que usar esses medicamentos. Não sei como o pessoal que usou para combater a malária sobreviveu.","Aos imbecis de plantão que criticam a cloroquina, que REVELEM QUAL É A PORRA DA CURA. Senão, cala a merda da boca.  Quem tomou CQNA, manda um #globovaisefoder, quem não tomar, relate do inferno que a globo tinha razão.  Simples.  Eu começo...  #GLOBOVAISEFODER",Cloroquina,1,1
Amigos a fala de vocês é de forma generalizada. Não é todo estado que está como SP. Acordem... Olha os números de MG MT MS cada município tem que fazer sua análise. Esse discurso sobre isolamento ou não cloroquina ou não é politicagem. Cada município deve analisar seu cenário.,"Tem que ser nacional porque todos esses lugares tem possibilidade de se tornar uma nova SP. É só descuidar. E os municípios e estados estão tomando suas medidas.  E não, sobre a cloroquina não é politicagem, é ciência, tem dados, estudos que mostram que não há efeito negativo.",Cloroquina,1,1
"e diversas pessoas tiveram arritmia, morreram de falencia múltipla dos orgãos, ficaram com rim fudido.... pai da namorada de um amigo morreu por causa da cloroquina logo nos primeiros sintomas do covid... fica ai a duvida","pois é amigo, em quem usar cloroquina ?? quem resiste??  é o nosso dilema... melhor esperar a cura do que pagar pra ver",Cloroquina,1,0
"Toma 3kg de anticoncepcional e cházinho de canela pra abortar, mas reclama que a Cloroquina tem efeito colateral  APAPOHA",Já tomei tanta cloroquina por causa de malária então já era para estar morto. Que efeito colateral nada.,Cloroquina,1,0
"QUEM É DE DIREITA TOMA CLOROQUINA, QUEM É DE ESQUERDA TOMA TUBAINA.","É simples galera:  Quem quiser toma cloroquina, quem não quiser toma no cool!",Cloroquina,0,0
"- Ainda não existe comprovação científica, mas sendo monitorada e usada no Brasil e no mundo. Contudo, estamos em Guerra: “Pior do que ser derrotado é a vergonha de não ter lutado.”  - Deus abençoe o nosso Brasil.",VAI TOMA NO SEU CU FILHO DA PUTA A CLOROQUINA VAI SERVIR PRA MATAR SUA FAMILIA TODA SEUV ERME,Cloroquina,1,1
ELE NÃO ESTA ERRADO. SÓ UM IMBECIL MORRERIA SEM TOMAR A CLOROQUINA. A CIÊNCIA É UMA CONSEQUÊNCIA DO ESTUDO DO HOMEM. NÃO ESQUEÇA SE PRECISAR NÃO QUERO QUE MORRA... PEÇA O REMEDINHO DO BOLSONARO.,"Quanta estupidez cabe num ser... A cloroquina não é uma substância nova, não é administrada a esse fim e tampouco é patente do Bolsonaro. Parece que o vírus da ignorância se sobrepõe ao corona.",Cloroquina,1,1
"Finalmente, protocolo do MS liberando cloroquina para casos leves de Covid-19 (uso precoce). Quantas vidas serão salvas? Para muitos, o que importa é contar os mortos. E os marinho ainda fazem questão de colocar que não há estudos que comprovam a eficácia.",Boas notícias!,Cloroquina,2,0
"Apresentei um projeto de decreto legislativo p/ sustar o novo protocolo do  que recomenda uso precoce da cloroquina em pacientes com #Covid19, enqto não houver estudos científicos que comprovem sua eficácia. O presidente não deveria fazer uso político de algo tão sério.","Querem.que todos morram, políticos imundos.",Cloroquina,2,1
"Peguei ônibus e parecia um dia normal como qualquer outro. Se prepare, o discurso de que a cloroquina é a salvação e é um medicamento preventivo vai incentivar demais a circulação da população.","toda vez que alguém diz que a cloroquina é eficiente um farmacêutico/biomédico morre.... meu coração até dói, a galera ignora todas as provas que mostram a ineficiência porque o retardado mental segue com esse discurso.  no mínimo triste.",Cloroquina,1,0
Alguém precisa parar os pais desse menino. O moleque ja é insuportável e ainda é obrigado a gravar isso,de amarelo segurando cloroquina os pais deve ser bolsominion ctz,Cloroquina,2,0
"A verdade às vezes se esconde no óbvio. A eficácia da cloroquina contra o Covid19 pode ser contestada. Mas se a droga fosse tão maléfica à saúde quanto querem uns, ela não estaria sendo utilizada há décadas. Vamos ser razoáveis pessoal.",A cloroquina leva semanas para produzir o efeito esperado em pacientes reumáticos e os efeitos colaterais são conhecidos e documentados. Qual efeito ela causa em um paciente com uma tempestade inflamatória como no caso da Covid-19?,Cloroquina,1,1
"Apresentei um projeto de decreto legislativo p/ sustar o novo protocolo do  que recomenda uso precoce da cloroquina em pacientes com #Covid19, enqto não houver estudos científicos que comprovem sua eficácia. O presidente não deveria fazer uso político de algo tão sério.",Sustar o uso de cloroquina em território nacional? ou só para os pobres do SUS?,Cloroquina,1,1
É extremamente irônico e contraditório ver psolistas falarem que a cloroquina faz mal à saúde (apesar de milhares de pessoas terem se recuperado após usar o medicamento) enquanto eles defendem a legalização de TODAS AS DROGAS.  Querem legalizar o crack e proibir a cloroquina!,Pelo menos tu nivela a Cloroquina com o Crack no tratamento da Covid. Ambas não servem e podem ter efeitos colaterais danosos,Cloroquina,1,1
"Entidades médicas já se posicionaram contra a medida e a OMS, quando questionada sobre a decisão do governo brasileiro, reafirmou que além de não ter eficácia comprovada, a cloroquina pode causar efeitos colaterais graves.","Dê uma declaração que se pegar a gripe voce não vai querer a Cloroquina, aguardo no seu próximo post.",Cloroquina,1,1
"Pela ignorância do povo, chegaram em um ponto de achar que a cloroquina serve como vacina, tem noção? Amorzinho se a cloroquina fosse a cura (que no caso ela estabiliza a doença,não deixa o paciente imune, você pode se contaminar denovo), não haveria mais pessoas com Covid-19.",Esse artigo discute uso de Cloroquina na COVID19. A conclusão é óbvia. Não usar. Mas o artigo está MUITO didático. Só falta desenhar. Recomendo a leitura por todos que tratam essa doença.  Está claro que a discussão não  é médica. É política.,Cloroquina,0,0
"Do mês passado essa notícia, e por acaso ele tem aliança com a OMS pra vacina? Sem contar que ele sabe o risco do cloroquina mas quer usar",Um dos mais avançados na produção de vacina são os EUA e tmb tão fora a cloroquina demostrou eficiencia como nos testes do previed senior e tmb a Unimed adotou o protocolo . Caso vc não tenha um diploma de oncologia ou de farmácia saiba q todo remédio tem seu risco,Cloroquina,1,1
"Ainda, tanto o Mandetta quanto o Teich eram contra e ambos foram pulverizados no Ministério da Saúde. Ambos são médicos. Torço para errar e a cloroquina ajudar a controlar a pandemia.","Serra detesta pobre e nordestino. Para ele, só pode tomar Hidroxoclorentina, os ricos, porque têm médicos particulares. Serra apresenta projeto para barrar novo protocolo da cloroquina",Cloroquina,0,0
Imagina quando forem ler a bula dos paracetamol da vida.,Acho q por isso q o  queria modificar a bula da cloroquina.  #ForaBolsonaro,Cloroquina,1,1
direito penal,uma amiga q faz direito disse que o curso todo é uma grande cloroquina vc concorda??,Cloroquina,1,0
Sério que colocaram uma criança pra falar sobre cloroquina,ih gente deixa o povo tomar cloroquina  a seleção natural cuida do resto,Cloroquina,0,0
"Apresentei um projeto de decreto legislativo p/ sustar o novo protocolo do  que recomenda uso precoce da cloroquina em pacientes com #Covid19, enqto não houver estudos científicos que comprovem sua eficácia. O presidente não deveria fazer uso político de algo tão sério.","Os lixos humanos que essa sociedade criou para o mundo, fico revoltado com a falta de noção. Sabemos que o uso inadequado de um medicamento mata. O melhor é previne. O covid19 tem cura, a cloroquina é uma dúvida, pra dá a meus filhos tem que ser certeza.",Cloroquina,1,0
ATENÇÃO BRASÍLIA! DESÇAM AGORA PRA PRAÇA DOS 3 PODERES! A ESQUERDA QUER OCUPAR A PRAÇA.  OS 300 DO BRASIL VÃO TOMAR CAFÉ DA MANHÃ VERMELHO HOJE! AHU AHU AHU,"Não se esqueçam de por esse exército de idiotas pra cantar o hino da Cloroquina de jesus, comandAnta!",Cloroquina,2,1
Sobre o termo que paciente deve assinar pra usar CLOROQUINA!  via,Toma cloroquina rapa. Brasileiro é diferenciado. Mais de 10 anos tomando remédio receitado por supostos médicos cubanos. Nois e coro duro.,Cloroquina,0,0
"vixi senadora, lembro que a senhora foi contra a cloroquina, boa sorte no seu tratamento, sem o remédio!","Depois de assistir ao que disse a doutora Natália Pasternak na CNN fica impossível concordar com o uso da cloroquina em qualquer fase do tratamento da COVID-19. Daí, a posição correta que deveria ser adotada por gestor público de qualquer orientação é não permitir seu uso.",Cloroquina,0,1
"O  divulga orientações para tratamento da Covid-19, onde a Cloroquina pode ser ministrada em casos leves, com recomendação médica e autorização do próprio paciente/família.",Quanta burrice em um só post!! Chamar médico consciente de esquerdista so porque não receita a bosta da cloroquina... francamente!! Pior do que o Covid é a ignorância que está alastrando nesse país que virou um hospício!! Tomem cloroquina mesmo... e morram!!!,Cloroquina,1,1
"Se a cloroquina der certo, foi graças ao Bolsonaro, se der errado, foi vc que assinou o termo de consentimento.","Vc está no hospital, sua família não pode estar ao seu lado, falta ar, falam de um remedio e te mandam assinar um papel. Quero saber de 1 que não assinaria. Pelo amor né, minha gente?! ##covid19 #Coronavirusnobrasil #pandemia2020 #Cloroquina",Cloroquina,2,1
POR QUE VOCES NAO PEGAM ESSA CLOROQUINA E ENFIA NA PORRA DO CU DE VOCES SEUS ARROMBADO,"Eu só não entendi uma coisa. A cloroquina já era vendia sem receita, pq esse ódio contra um medicamento que está fazendo efeito? Eu já assisti vários vídeos de médicos de fora explicando a eficiência dela. Pq isso agora?",Cloroquina,0,1
"Vi no Jornal da Globo uma descrição dos efeitos colaterais da Cloroquina e da Hidroxocloroquina.  A partira daí,  parece que é melhor dar um tiro na própria cabeça do que usar esses medicamentos. Não sei como o pessoal que usou para combater a malária sobreviveu.","Desde 1955 que o medicamento existe, mas o que está valendo é o que disse o Promotor Ailton Benedito: CORONAVÍRUS  “Um dos efeitos colaterais da cloroquina, remédio baratíssimo, é prevenir a corrupção”",Cloroquina,1,1
"OMS reafirmou a ineficácia da Cloroquina. Mas a OMS tá errada, né? A OMS não sabe de nada, quem sabe é o paraquedista.","""Tomara que todos os bolsonaros a tomem! Se é tão bom: que façam bom proveito!"": FDA adverte sobre riscos da Cloroquina no tratamento da COVID-19  via",Cloroquina,0,0
"Olha aí quem fala... Gado de Bostonarista, agente do vírus, pobre coitado... vai toma na cloroquina","Parceiro, não adianta passar muito pano pra Lula também. Fez muita merda com o país e deixou rabeira pro Capitão Cloroquina terminar de cagar. Vamos virar a página, tirar esse imbecil do poder e procurar um meio-termo, nem tanto a direita, nem tanto a esquerda. Pode dar certo...",Cloroquina,1,1
Cloroquina foi autorizada. Mas a gente sabe que a classe médica vai ter bom senso de não receitar. Afinal a classe médica sabe fazer boas escolhas. Não é?,"Hj meu padastro foi ao médico e o médico receitou cloroquina, então eu estou muito confuso.",Cloroquina,1,0
"Digo mais, tá mais pro designer mesmo",Aí é a outra cloroquina hahahaha,Cloroquina,1,0
Os fabricantes de refrigerantes brasileiros não gostaram da piada do presidente sobre cloroquina/tubaína.,Manda os fabricantes colocarem um refrigerante com o nome de cloroquina.,Cloroquina,1,0
os satanistas querem a vacina diabolica por isso sao contra a cloroquina OMS trabalha pra destruiçao do ser humano junto com a ONU pra reduzir a populaçao o que eles querem no fim de tudo é marcar o gado com a vacina da besta 666 do bill gates,"Gente, isso é ironia, né? Com certeza, né?",Cloroquina,2,1
"José Serra apresentou um projeto para barrar o novo protocolo da cloroquina. O senador pede que o protocolo não entre em vigor enquanto não houver estudos científicos que comprovem sua eficácia. VALERÁ TAMBÉM PARA OS PACIENTES DO ALBEEINSTEIN,OU SÓ OS POBRES NÃO PODERÃO TOMAR?","Esses caras não ligam para o povo, não cansam de fazer política em cima das mortes! Estamos em uma guerra biológica! Como que pode esses caras não vêem o mal que estão fazendo...",Cloroquina,2,0
Cloroquina foi autorizada. Mas a gente sabe que a classe médica vai ter bom senso de não receitar. Afinal a classe médica sabe fazer boas escolhas. Não é?,médico que receitaria cloroquina e mandaria o Bolsonaro pro paredão:,Cloroquina,1,0
"Já percebeu q os q mais defendem a cloroquina aqui no Twitter em tese a maioria tem plano de saúde e ta praticamente IMPLORANDO p q o menos favorecido q depende exclusivamente do SUS, tenha o mesmo direito à vida q AINDA estamos tendo, até sair uma vacina!","E só um detalhe: o deputado Gil Viana do PSL, internado na rede privada em Campos, morreu mesmo usando a milagrosa Cloroquina. O quadro dele acelerou rapidamente e veio a óbito.",Cloroquina,1,1
"Apresentei um projeto de decreto legislativo p/ sustar o novo protocolo do  que recomenda uso precoce da cloroquina em pacientes com #Covid19, enqto não houver estudos científicos que comprovem sua eficácia. O presidente não deveria fazer uso político de algo tão sério.",A esquerda é canalha. Aceitem. Não tem caráter. Só vê grana e corrupção,Cloroquina,2,1
"#JornaldaCultura o prefeito de Porto feliz que é médico está usando o protocolo com Cloroquina e azitromicina, e lá não tem nenhum óbito, vcs só fazem acusações contra, pq o prefeito e médico de Porto feliz faz uso e da resultado?",Acompanhei a entrevista do Ministério da Saúde impressionante a torcida da imprensa contra a Cloroquina acabei dando razão para o presidente #ImprensaTomeTubaina combina com mortadela .Imprensa torcedora do corona.,Cloroquina,0,0
"Os que usam maconha, cocaína, crack, metanfetamina, rivotril, opiáceos, esteróides anabólicos e todo tipo de droga que comprovadamente fazem mal a saúde e podem acarretar a morte, são os mesmos que acham um absurdo tratar infectados precoces com o protocolo da cloroquina.","Se a covid é só uma ""gripezinha"" segundo o rebanho do mito, porque não só tomam um Cinegripe, de vez ficar insistindo na Cloroquina",Cloroquina,0,1
"Será que foi overdose de cloroquina? Hoje meio de saco cheio com estes clichês de seguidores de curandeiros. Teve um tempo que sugeri paciência, mas são incuráveis",hahaha isso aí que dá misturar cloroquina e antipulga no capim dessa jumentada aloprada,Cloroquina,1,0
"O establishment jamais permitirá que este medicamento seja utilizado em larga escala, pois depende da mortandade para aniquilar o status quo.","o Conselho Federal de Medicina autorizou recentemente a prescrição médica da cloroquina e da hidroxicloroquina, em condições excepcionais para o tratamento da COVID-19 (PROCESSO-CONSULTA CFM nº 8/2020 – PARECER CFM Nº 4/2020).",Cloroquina,0,0
"Rezando pra vc se contaminar, se curar com a cloroquina e vir aqui concordar com o presidente. Ia ser lindo.","Esse velho, quando pegar não vai ter direito à cloroquina!! Pra ele só Tubaína!! Kk",Cloroquina,1,0
serassi cloroquina cura tristeza?,quem eh essa cloroquina q ta todo mundo falando,Cloroquina,0,0
"- Dias difíceis. Lamentamos os que nos deixaram. - Hoje teremos novo protocolo sobre a Cloroquina pelo  .  - Uma esperança, como relatado por muitos que a usaram. - Que Deus abençoe o nosso Brasil.",Eis a nossa esperança de voltar a ter orgulho de ser brasileiro: #impeachmentJa #BolsonaroGenocida  #ForaBolsonaroUrgente. E seus aliados imcompetentes. Acorda,Cloroquina,2,1
trump n usa mascara pois está usando cloroquina . Esse foi um Xeque mate,Que legenda ruim tomanocu,Cloroquina,2,1
"Mandetta, na , comenta frase de Bolsonaro: em tempos de quem é de direita usa cloroquina, quem é de esquerda toma tubaína, “quem tem juízo escute a medicina”","discussão boba. Pra q ficar ouvindo políticos brasileiros, na grande maioria corruptos, ou médicos tupiniquins? Cloroquina não é 1 medicamento nacional. Vamos pesquisar cm o mundo civilizado lá fora tá tratando este assunto....",Cloroquina,1,0
léo dias já testou a cloroquina,Acho que o grande problema da cloroquina é a falta de comprovação científica de fato. Sem tal certificação por meio da ciência. E aí eu creio que o grande problema é que médicos não vão querer ser responsáveis por possíveis complicações e até mortes por meio da medicação.,Cloroquina,0,0
"Bolsonaristas criam 'corrente do bem' e se medicam com cloroquina, azitromicina e antipulgas",não sabia que suicídio coletivo se chamava corrente do bem,Cloroquina,2,1
"O  divulga orientações para tratamento da Covid-19, onde a Cloroquina pode ser ministrada em casos leves, com recomendação médica e autorização do próprio paciente/família.","E os que se infectarem, se não quiserem a cloroquina que tomem tubaína e vão para casa esperar o estado se agravar, o Presidente não está obrigando ninguém a nada, só dando uma chance a mais para muitos sobreviverem a esse vírus maldito.",Cloroquina,1,0
"O hospital municipal de campanha Gilberto Novaes, em Manaus, atende pacientes infectados com covid-19. Enquanto isso, o Brasil recomenda o uso generalizado de cloroquina e um derivado menos tóxico, a hidroxicloroquina, para tratar o novo coronavírus, mesmo em casos leves","Vamos defender o uso de um medicamente sem nenhum efeito contra a doença sim! Que vai matar muita gente por infarto! Toma a cloroquina e desce com ki suco, A lá Jonestown! Vai dar nada não amiguinhos.",Cloroquina,1,0
"""Quem é de direita, toma cloroquina, Quem é de esquerda toma tubaína!"" Sério que vocês escolheram pra representar vocês, um homem que diz isso em meio a uma pandemia que tá passando do número de 1000 mortos por dia???","Bolsonaro amplia uso da cloroquina, contra evidências científicas. ""Quem quiser usa, quem não quiser não usa""  #AParComOMundo",Cloroquina,0,0
"O  divulga orientações para tratamento da Covid-19, onde a Cloroquina pode ser ministrada em casos leves, com recomendação médica e autorização do próprio paciente/família.",A autorização é pra evitar que o médico receba um processo caso a cloroquina mate o paciente,Cloroquina,1,1
Ex-profissão: vai fazer Sol no feriado do mês que vem? (Meteorologia não é bola de cristal),"Ex-profissão: o bater de asas de uma borboleta na Austrália pode causar um furacão no Brasil  (NÃO MONSTRO! Sistemas dinâmicos são caótico, imprevisíveis, mas há a escala, algo pra lá de micro não vai influenciar no macro, ao menos não UMA borboleta, se ainda fossem trilhões...)",Cloroquina,1,0
"Quer dizer que mesmo sem ter eficácia comprovada e com efeitos colaterais graves, Bolsonaro quis alterar a bula da Cloroquina para incluir a indicação no tratamento da COVID-19? Isso via decreto, sem aval da ANVISA ou consultar o Conselho Federal de Medicina?  #ForaBolsonaro",Marco quer colocar o nome do doguinho de Cloroquina KKKKKKKKKK,Cloroquina,0,0
"O  divulga orientações para tratamento da Covid-19, onde a Cloroquina pode ser ministrada em casos leves, com recomendação médica e autorização do próprio paciente/família.",Parece até que essa Bozonaro tem participação nessa Cloroquina o kra virou propagandista da droga ...,Cloroquina,1,1
O Dória usa o Protocolo da Cloroquina ou você acha que Não??  #EuApoioBolsonaro,"Se ao invés de matar, a cloroquina fizesse o Bonner aparecer de surpresa pra um debate, pode ter certeza que essa lenga lenga do Bolsonaro acabaria na hora",Cloroquina,0,0
"Acompanho vários pacientes que fazem uso se #hidroxicloroquina todos os dias de forma contínua há anos, chega a ser cansativo fazer os exames de controle a cada 6 meses e não encontrar um efeito adverso. Nunca nenhum precisou interromper o tratamento.","cloroquina com tratamento contínuo, SEM EFEITOS COLATERAIS  18,8 MIL TWETTS por um Brasil Melhor   Um Site Brasileiro, APOIEM  SIGO de Volta todos #BrasilComBolsonaro",Cloroquina,2,0
#Coronavírus - Governo divulga protocolo para uso da cloroquina até em casos leves de Covid. Paciente precisa assinar termo que reconhece que não existem estudos demonstrando benefícios clínicos =&gt;  #G1,presidente filho da puta pq ele n enfia toda essa cloroquina no uc dele n aguento mais esse homem facada mal dada do caralho claro que n existe estudos comprovando nd esse homem é um acéfalo desgraçado,Cloroquina,2,0
"O  divulga orientações para tratamento da Covid-19, onde a Cloroquina pode ser ministrada em casos leves, com recomendação médica e autorização do próprio paciente/família.","HORA AÍ QUANDO O PACIENTE ENTRA EM COLAPSO DO CORAÇÃO, ARRITIMIA, AVC, ETC, A CULPA CABE A FAMÍLIA QUE AUTORIZOU O USO. E NUNCA JAMAIAS AO SR. bolsonaro presidentezinho QUE AUTORIZOU ATRAVÉS DE DECRETO O USO.",Cloroquina,2,1
os satanistas querem a vacina diabolica por isso sao contra a cloroquina OMS trabalha pra destruiçao do ser humano junto com a ONU pra reduzir a populaçao o que eles querem no fim de tudo é marcar o gado com a vacina da besta 666 do bill gates,Não é possível q existe gente que acredita nesse tipo de comentário,Cloroquina,2,1
"Diante da recusa de dois ministros da Saúde, que optaram por pedir demissão para não assinar o documento, coube ao general Eduardo Pazuello, que assumiu a pasta de forma interina,  liberar a cloroquina para todos os pacientes de covid-19.","Se dois médicos conceituados recusaram e um general assinou, algo errado não está certo",Cloroquina,2,0
"O  divulga orientações para tratamento da Covid-19, onde a Cloroquina pode ser ministrada em casos leves, com recomendação médica e autorização do próprio paciente/família.",Obrigada PR  Por todo o seu esforço nessa guerra.  #BrasilComBolsonaro,Cloroquina,2,0
"A Justiça nega a divulgação do receituário do gov socialista e tirano do estado de Pernambuco, mas obrigou o presidente  a divulgar o resultado dos seus exames e laudos que atestavam a não contaminação por Covid 19.   Alguém duvida que tem cloroquina receitada aí?",A JUSTIÇA É SELETIVA.,Cloroquina,2,0
MAIS DE 1 MIL MORTOS EM 24HRS E BOLSONARO FAZ PIADA!!!!!,enfia sua Cloroquina no rabo,Cloroquina,2,0
Não há comprovação científica da eficácia da cloroquina.  Quem disse isso? Bolsonaro.  O mesmo Bolsonaro que só liberou novo protocolo sobre o uso em pacientes com quadro leves APÓS editar MP que o isenta de responsabilidade.  Isso é fazer cálculo político com VIDAS!,"Já dois vizinhos meus, idosos, pararam de piorar após o uso da Cloroquina.",Cloroquina,1,1
"O  divulga orientações para tratamento da Covid-19, onde a Cloroquina pode ser ministrada em casos leves, com recomendação médica e autorização do próprio paciente/família.","Cloraquina é usada em Hospitais PARTICULARES, contra o vírus Chinês. Os mesmos médicos que trabalham no SUS e também no privado, são contra o uso da cloroquina no SUS, mas não são contra no privado... Eu ouvi isso de um Gestor Hospitalar, em um seminário. Qual o motivo?",Cloroquina,1,0
"Já que é pra polarizar, quem é de direita toma cloroquina, quem não é compra vaselina e toma onde quiser.",Essa foi a melhor do dia.  Melhor que a do PR.  Vai esquerda.  Toma direto e reto.,Cloroquina,2,0
"Após mil mortos em um dia,  pede reunião em clima de paz com  esse cara é um genocida, a Cloroquina e a salvação, Hitledoria.","Krlh a cloroquina evita o corona,o bozo tem razão,o trump tá tomando essa parada pra não pegar e os médicos também. O único problema é que não é recomendado pra quem tem problema cardíaco.",Cloroquina,0,0
Não tome cloroquina   #EquipeLuciana,Se estudos mostra que não há comprovação que cloroquina seja eficaz ao COVID-19? Pq governo permite essa informação vindo do presidente? Isso não seria o mesmo que um cachorro querer ensinar um peixe a nadar?! Qual sentido das pessoas acreditarem #Covid_19 #Bolsonaro #Cloroquina,Cloroquina,0,0
"A quem barrar o uso de qualquer medicação que pode salvar vidas, deve ser julgado e condenado por Crime Contra a Humanidade!","Se uma caixa de cloroquina custasse $1800,08 e fosse importado será que teríamos todo esse mimimi??",Cloroquina,1,0
"Sobre a cloroquina....  Família assina um termo... Se der certo, foi graças ao "" mito"" ... Se der errado e a pessoa morrer, o "" mito"" não tem nada a ver com isso!!!!!!  Vem meteoro polo  #ForaBol卐onaro","Eu acho que o jeito de acabar essa discussão sobre cloroquina aqui no Brasil é estabelecendo o seguinte protocolo:  DEFENDEU, VAI TER QUE TOMAR COMO MEDIDA PROFILÁTICA",Cloroquina,0,0
"Ou no mínimo espetaculares como tem se visto nos estudos de Cloroquina, tendem a ter um viés muito grande. Não é um fato, mas uma observação a respeito. (6/6)","Links  Ensaio controlado aleatorizado da Cloroquina que citei como referência de não haver eficácia:   Estudos que me referi com os três medicamentos e que se mostra promissor, mas precisa de reprodução por outros pesquisadores:",Cloroquina,1,0
cloroquina cloroquina cloroquina lá do sus tu é que vai me curar em nome de jesus ESSA GALERA TA MUITO LOUCA,esse vídeo patético do pirraia chato falando de cuscuz com cloroquina só fica ganhando força pq vcs compartilham. PARE YAG,Cloroquina,0,0
"Olha, com esse cruzado de esquerda, o secretário dormirá até amanhã. Nocaute fulminante.","Troquei a cloroquina por sonífero, né meu filho?",Cloroquina,2,-1
"A gente queria que liberasse o aborto porque com isso acreditasse que mulheres não morreriam em abortos clandestinos, mais não podia porque aborto é assassinato e tira uma vida sem a permissão de Deus, mais usa o critério ""faz quem quer"" pra cloroquina pode","dps que descobri que o exercito ta produzindo cloroquina pq o bonossauro mandou, tudo faz sentido do pq dele estar desesperado pra isso",Cloroquina,0,0
"Agora a briga no grupo da família eh sobre cloroquina, n aguento mais","Mulher, eu tô agoniada e revoltada com minha mãe sendo atacada essa semana por causa dessa bosta de cloroquina. E ela nem falou que não era pra usar, só tentou explicar que não há evidências farmacológicas da eficácia ainda e é necessário cautela.",Cloroquina,1,0
"ALGUÉM CONSEGUE ABRIR A NOTÍCIA E FALAR QUAL ‘ANTIPULGA’ É ESSE POR FAVOR??? é sério to curiosa  Bolsonaristas criam 'corrente do bem' e se medicam com cloroquina, azitromicina e antipulgas - 20/05/2020 - Equilíbrio e Saúde - Folha","minha gente, pois chupem logo uma cartela de cloroquina, besteira..",Cloroquina,0,0
"Marinho e seus especialistas. Cloroquina pode levar a óbito súbito? Quem tem malária, lúpus e artrite pode parar de tomar já, doutor? ""Toda a comunidade médica"". Fale por si. O Conselho Federal de Medicina confirmou o protocolo.  E aí, doutor especialista dos marinho?","Droga!?      e o q dizer da cocaína,da maconha,do crack q  e a grande maioria dos “artistasglobais” são a favor?Ai não é considerado droga?E a droga do aborto q a maioria dos artistas da #GloboLixo aderiu",Cloroquina,2,0
"- Ainda não existe comprovação científica, mas sendo monitorada e usada no Brasil e no mundo. Contudo, estamos em Guerra: “Pior do que ser derrotado é a vergonha de não ter lutado.”  - Deus abençoe o nosso Brasil.",kkkkkkkkkk mano vai tomar no seu cu,Cloroquina,2,1
"Aí vc, apoiador do Biroliro fala: ""ah, mas a cloroquina é um medicamento que ajuda muito no combate da doença"" Ent... a eficácia nunca foi comprovada, os efeitos colaterais são ESTRONDOSOS, e vai contra a prescrição dada por milhões de doutores na área de saúde.","Um estudo realizado em NYC mostrou que, em múltiplos casos a aplicação de cloroquina causa danos colaterais severos fora em alguns casos resultando na morte dos pacientes pelos mesmos efeitos colaterais. Então não, cloroquina não ajuda no combate ao Covid.",Cloroquina,1,0
Bolsonaro finalmente conseguiu forçar o Min. da Saúde a emitir protocolo que libera o uso em massa da cloroquina. Os pacientes terão que assinar um termo assumindo que o remédio não tem eficácia e que pode até matar. É um atentado contra a saúde pública e a vida dos brasileiros.,Quem é de direita toma cloroquina Quem é de esquerda toma urina.,Cloroquina,1,1
Bolsonaro finalmente conseguiu forçar o Min. da Saúde a emitir protocolo que libera o uso em massa da cloroquina. Os pacientes terão que assinar um termo assumindo que o remédio não tem eficácia e que pode até matar. É um atentado contra a saúde pública e a vida dos brasileiros.,o raiva q eu senti lendo os comentários desse tweet pqp,Cloroquina,2,0
"- Ainda não existe comprovação científica, mas sendo monitorada e usada no Brasil e no mundo. Contudo, estamos em Guerra: “Pior do que ser derrotado é a vergonha de não ter lutado.”  - Deus abençoe o nosso Brasil.","Pra quem ainda não entendeu  No começo da pandemia bolsonaro em seu próprio Twitter disse que tinha a possível cura do covid e já mandou o exército fazer  Com o tempo saiu pesquisas negativas no uso da cloroquina, agora tem que enfiar em todo mundo pra não jogar dinheiro fora",Cloroquina,2,1
"Pois é sou leigo mesmo, como pode as pessoas como meus pais e amigos que tiveram malária e tomaram cloroquina e sobreviveram. Mistério que só a ciência responde né amigo.","Sim, só ela mesmo. É motivo de alegria os que sobreviveram. A Cloroquina é uma medida ainda do achismo. E a cada semana de novas publicações, se mostra a sua não Eficácia. Os EUA estão chegando a 100.000, aqui a 20.000 e sem eficácia da Cloroquina, que está sendo usada.",Cloroquina,1,1
"- Ainda não existe comprovação científica, mas sendo monitorada e usada no Brasil e no mundo. Contudo, estamos em Guerra: “Pior do que ser derrotado é a vergonha de não ter lutado.”  - Deus abençoe o nosso Brasil.","Caro presidente Bolsonaro. Não sei se vc usa um pouco a mente, mais a cloroquina é um remédio q pode dar reações na pessoa depois do uso. Pegue a cloroquina e experimente ela, vamos ver se ela vai resolver mesmo, não teste as coisas sem saber. #ForaBolsonaro",Cloroquina,1,1
"Voce está covid dona Maria,vou te prescrever Cloroquina  mas esse remédio funciona doutor, é seguro?  É sim,claro.Só assina esse termo aqui, por favor. pra que doutor? pra senhora dizer q está ciente que há efeitos colaterais e não há evidência de que esse ele funcione.","E pra atestar que se der ruim, vc que lute.",Cloroquina,2,0
"Vi no Jornal da Globo uma descrição dos efeitos colaterais da Cloroquina e da Hidroxocloroquina.  A partira daí,  parece que é melhor dar um tiro na própria cabeça do que usar esses medicamentos. Não sei como o pessoal que usou para combater a malária sobreviveu.","Ei, você que toma #cloroquina para tratar malária ou lupus... segundo a Globo, você deveria parar de tomar a medicação imediatamente! Se cuida! E #FiqueEmCasa.",Cloroquina,2,1
"Nao,nao existe provas que a #Cloroquina é a cura,mas tu tomava chá de bordo quando ficava doente; a ciência provou que curava/aliviada a doença? Nao,mas tu tomou ne? #COVIDー19 #Bolsonaro",E existem mulheres de relatos de cura. Em um caus como está as pessoas procuram uma cura a todo custo;se discorda estou disposta a te ouvir.,Cloroquina,2,0
ainda não existe comprovação científica que a cloroquina funcione mas,vcs nao acham que perdemos muito tempo debatendo sobre cloroquina?,Cloroquina,0,1
"- Ainda não existe comprovação científica, mas sendo monitorada e usada no Brasil e no mundo. Contudo, estamos em Guerra: “Pior do que ser derrotado é a vergonha de não ter lutado.”  - Deus abençoe o nosso Brasil.","Sobre as orientações do  que incluí o uso da cloroquina em casos “leves” de covid-19, o PRESIDENTE DA REPÚBLICA AFIRMA: “ainda não existe comprovação científica, mas..” No governo B17 a ciência é acessória e coadjuvante no combate ao vírus.",Cloroquina,2,1
"“Redução dos glóbulos brancos, disfunção do fígado, disfunção cardíaca e arritmias”","Parabens ao ""antagonista"" cloroquina  é utilizada desde 1932, e foram vcs que decobriram estes efeitos colaterais ! Parabens mesmo ,estao prestando grande serviço ao país!",Cloroquina,1,1
"O novo protocolo sobre o uso da cloroquina editado por Jair Bolsonaro é incrível.  Primeiro porque ele não é assinado por ninguém, nem ministro, nem médico, ninguém.  Depois, porque o paciente tem de assinar termo onde consente que ""não existe garantia de resultados positivos"".","Eu sempre achei isso ridículo. Coloca pro paciente, uma pessoa leiga, nervosa e assustada, a responsabilidade da adesão a um tratamento em meio a pandemia. Fora que já vi muito médico que sequer explica o que é o termo, apenas falam “Pra você tomar assine aqui”.",Cloroquina,2,0
"- Ainda não existe comprovação científica, mas sendo monitorada e usada no Brasil e no mundo. Contudo, estamos em Guerra: “Pior do que ser derrotado é a vergonha de não ter lutado.”  - Deus abençoe o nosso Brasil.",como se ele tivesse lutado por algo,Cloroquina,2,1
"Olha aí  , continue lutando pelo bem do povo em várias frentes, equilibrando saúde e economia, é o que precisamos que um presidente faça, tome decisões em tempo. Portugal, não teve efeitos colaterais . A esquerda e os opositores mentem .",Só  de uma nos primeiro comentário são  os que estão contra a Cloroquina se dizem que o medicamento não  e nem produz efeito colateral nos pacientes isto que dizer que um um estudo sobre o protocolo da Cloroquina e ela é  eficaz sim .,Cloroquina,1,0
Cloroquina é tão bom que pra usar vc tem que assinar um termo que se der merda a culpa é sua,imagina vc ir no médico ele te passar um remédio e te pedir p assinar um termo desse kkkkkkk  cê tá é doido,Cloroquina,2,0
"Nas últimas semanas, por exemplo, vejo que a administração da Ivermectina está trazendo alguns bons resultados. Se, mais na frente, ela se destacar, o trabalho e o tempo concentrado na produção da Cloroquina nunca será recuperado.","Se vc pensar que ""tempo nunca será recuperado"", nunca fará nada na vida. Pra que vou perder meu tempo num curso de faculdade se, após 2 anos, posso mudar de ideia e ter que começar tudo de novo? Pra que vou produzir cloroquina se tem chance de não ser tão boa assim?",Cloroquina,1,1
"Apresentei um projeto de decreto legislativo p/ sustar o novo protocolo do  que recomenda uso precoce da cloroquina em pacientes com #Covid19, enqto não houver estudos científicos que comprovem sua eficácia. O presidente não deveria fazer uso político de algo tão sério.","Faz isso, safado, e espera a revolta que vc tá provocando. proibir o uso precoce da cloroquina no SUS é a gota d'água para a explosão social.",Cloroquina,1,1
"Voce pesquisou mal           E etc etc tem que filtrar as midias nacionais maioria tbm , tem um estudo ERRADO que fala que a cloroquina nao funciona e outro que sim",Eu já havia lido as matérias que você compartilha e nenhuma delas fala do uso da cloroquina em larga escala. NENHUMA. Todas falam de TESTES. De estudos preliminares (O da Itália fala em teste in vitro). Ou você só lê o título da notícia ou é desonesto.,Cloroquina,1,1
Achei que o ministério da saúde ia lançar um super protocolo embasado nos lançados mais recentemente mas basicamente o tto se resume a: Cloroquina + Azitromicina   Não era pela saúde do povo era só birra do governo. Continua burro e desatualizado,"Pessoal, cancela os estudos aí que remédio agora é receitado na base da eleição e clamor popular",Cloroquina,0,0
"Interessante é ver toda área da ciência contra a Cloroquina, mas, ninguém toma uma providência. Um absurdo a omissão.","Toda área? Esqueceram de avisar os cientistas do Reino Unido,  vão comprar 35 milhões de libras em CLOROQUINA!! Pq será?",Cloroquina,1,1
"""Não há provas da eficácia da cloroquina.""  Ora, também não há prova da eficácia de quarentenas/lockdowns.  Por que num caso é exigida prova científica absoluta, e no outro, não?",Tem prova dos respiradores?,Cloroquina,2,0
"- Ainda não existe comprovação científica, mas sendo monitorada e usada no Brasil e no mundo. Contudo, estamos em Guerra: “Pior do que ser derrotado é a vergonha de não ter lutado.”  - Deus abençoe o nosso Brasil.",interessante essa estratégia de guerra de dar um tiro nos seus próprios soldados,Cloroquina,2,1
Vocês se deram conta? NENHUM profissional de saúde assina o tal protocolo da cloroquina do governo Bolsonaro.,"Os profissionais de saúde podem ser responsabilizados, os oportunistas não.",Cloroquina,2,0
"- Ainda não existe comprovação científica, mas sendo monitorada e usada no Brasil e no mundo. Contudo, estamos em Guerra: “Pior do que ser derrotado é a vergonha de não ter lutado.”  - Deus abençoe o nosso Brasil.",Parabéns presidente pela decisão e ousadia em assumir com todas as Letras o uso da cloroquina em estágio inicial.,Cloroquina,1,0
"Ainda bem, né! Estavam tão  calados.   Pesquisadores divulgam documento contra a liberação do uso de cloroquina sem comprovação científica","Gente,a Fosfoetalonamina, com 20 anos proporcionando benefícios, a portadores d câncer, foi destruída, por não ter ""comprovação científica"", sendo q tinha a dos seus cientistas, q a manipulavam, e a doavam, sem custos. Até a Assoc. Médica, foi às ruas protestar. Não é esquisito?",Cloroquina,2,1
Bolsonaro finalmente conseguiu forçar o Min. da Saúde a emitir protocolo que libera o uso em massa da cloroquina. Os pacientes terão que assinar um termo assumindo que o remédio não tem eficácia e que pode até matar. É um atentado contra a saúde pública e a vida dos brasileiros.,É crime. Denunciemos!!!,Cloroquina,2,0
"A verdade às vezes se esconde no óbvio. A eficácia da cloroquina contra o Covid19 pode ser contestada. Mas se a droga fosse tão maléfica à saúde quanto querem uns, ela não estaria sendo utilizada há décadas. Vamos ser razoáveis pessoal.","Mas é usada a décadas para doenças específicas, onde os estudos demonstram quantidade certa de dosagem e tratamento adequado. Um exemplo fácil e definitivo: não se usa aspirina (apesar de ser usada a décadas) para pacientes com dengue pq pode causar hemorragia.",Cloroquina,2,1
Bolsonaro finalmente conseguiu forçar o Min. da Saúde a emitir protocolo que libera o uso em massa da cloroquina. Os pacientes terão que assinar um termo assumindo que o remédio não tem eficácia e que pode até matar. É um atentado contra a saúde pública e a vida dos brasileiros.,"Na hora que pegar o covid e tomar a cloroquina escondido, nós não estaremos vendo, mas sua consciência estará dia e noite, e vc lembrará dessas palavras, mas como toda criatura medíocre, será incapaz de admitir... Sem problemas, seu segredo está guardado",Cloroquina,1,1
Não há comprovação científica da eficácia da cloroquina.  Quem disse isso? Bolsonaro.  O mesmo Bolsonaro que só liberou novo protocolo sobre o uso em pacientes com quadro leves APÓS editar MP que o isenta de responsabilidade.  Isso é fazer cálculo político com VIDAS!,"Qrido, vou te explicar. O H-Cloroquina é antigo, usado p LÚPUS,MALÁRIA,ZIKA etc, Há 3 meses atrás, era um medicamento comum barato vendido em qualquer farmácia. Ocorre que ele virou ""VENENO politicamente""para que gente como vc sujo, pudesse tentar destruir o  PR .",Cloroquina,1,1
"- Ainda não existe comprovação científica, mas sendo monitorada e usada no Brasil e no mundo. Contudo, estamos em Guerra: “Pior do que ser derrotado é a vergonha de não ter lutado.”  - Deus abençoe o nosso Brasil.",Lutando com as armas erradas não vai pra lugar nenhum né meu filho. Quando penso que esse homem não pode ser mais mongolóide ele vai lá e me surpreende.,Cloroquina,2,1
"Olha aí  , continue lutando pelo bem do povo em várias frentes, equilibrando saúde e economia, é o que precisamos que um presidente faça, tome decisões em tempo. Portugal, não teve efeitos colaterais . A esquerda e os opositores mentem .","E daqui uns anos nem todo veneno faz efeito a curto prazo, mas e a longo prazo? A OMS ainda não mostrou nenhuma comprovação de sucesso sobre a cloroquina, então pq acha que devemos acreditar em vcs sendo que quem estudo anos não aprova isso ?",Cloroquina,1,1
"Hoje  tomou uma atitude corajosa, que salvará milhares de vidas: liberou o uso da cloroquina pra todos os casos de COVID-19 no SUS, mesmo os leves  Basta o paciente autorizar o uso do medicamento, que tem se mostrado muito eficaz em diversas partes do mundo",O PACIENTE DECIDE... o mesmo paciente que não entende porra nenhuma de nenhum remédio e vai depositar todas as fichas em algo que comprovadamente NÃO FUNCIONA!!! Assim os irresponsáveis lavam as mãos.,Cloroquina,2,1
"Apresentei um projeto de decreto legislativo p/ sustar o novo protocolo do  que recomenda uso precoce da cloroquina em pacientes com #Covid19, enqto não houver estudos científicos que comprovem sua eficácia. O presidente não deveria fazer uso político de algo tão sério.",O remédio é usado há mais de 70 anos. Vc já foi ministro da saúde. Por que na sua gestão não o suspendeu se ele faz tanto mal??? Cinismo???,Cloroquina,2,1
"- Ainda não existe comprovação científica, mas sendo monitorada e usada no Brasil e no mundo. Contudo, estamos em Guerra: “Pior do que ser derrotado é a vergonha de não ter lutado.”  - Deus abençoe o nosso Brasil.",Bolsonaro deu a Liberdade para Médicos e Pacientes decidirem sobre a administração do Medicamento. Isso é Democracia!!! Isso é Respeito ao Cidadão!!!  Fossem os Governadores Ditadores todos seriam Obrigados a usar.,Cloroquina,2,0
"- Ainda não existe comprovação científica, mas sendo monitorada e usada no Brasil e no mundo. Contudo, estamos em Guerra: “Pior do que ser derrotado é a vergonha de não ter lutado.”  - Deus abençoe o nosso Brasil.",o presidente de vcs é engraçado viu,Cloroquina,2,1
"Não dá para fazer brincadeira, né? 1.179 mortes em 24 horas e fazer piada com cloroquina ou tubaína!","É  infelizmente ele tem que ser irônico mesmo, pq vcs não deixam ele trabalhar.  Se tivessem usado hidroxicloroquina a 60 dias qdo ele sugeriu pelo menos 50% das vítimas fatais que o SUS mandou voltar pra casa e voltaram 2 dias depois morrendo, estariam vivos. FATO!",Cloroquina,2,1
"""Nós não faremos a distribuição e nem aplicação generalizada da cloroquina, porque a ciência não recomenda"", disse o governador de São Paulo, João Doria.",Babaca a ciência nessa do corona está tão desmoralizada  com a opinião pública quanto você. Mais perdidos que cego em tiroteio. Otário!,Cloroquina,2,0
Aham... Irresponsáveis por salvar vidas!,Irresponsáveis porque desprezam o que diz a ciência.  Tome Cloroquina . Eu prefiro Tubaína.,Cloroquina,2,1
"Por efeitos médicos, a tubaína causa menos mal q a cloroquina, mas se tem chance de salvar (matar) pessoas, pq não propagar um geno... uma cura milagrosa?","Bolsominions, vocês precisam decidir ,ou defendem que covid-19 é mito ou defendem que cloroquina é eficaz, os dois não dá ... Já que o covid-19 é mito, então pra que a cloroquina???",Cloroquina,0,0
"- Ainda não existe comprovação científica, mas sendo monitorada e usada no Brasil e no mundo. Contudo, estamos em Guerra: “Pior do que ser derrotado é a vergonha de não ter lutado.”  - Deus abençoe o nosso Brasil.","É! Sim! Sim! Sim! Você prefere que os brasileiros tenham suas vidas perdidas só para dizer que ""Pior do que ser derrotado é a vergonha de não ter lutado"" isso Bolsonaro! Queria ver se fossem os seus familiares servindo de ""cobaias"" (...)",Cloroquina,2,1
"Cara Thaís, a maior crítica não é em relação aos efeitos colaterais. Como você mesma diz, a maioria dos remédios os tem. A grande crítica é que a absoluta maioria dos cientistas (e dos estudos realizados) não indica a cloroquina.","Eu sei e concordo contigo. Mas me referi a um diálogo específico, onde a pessoa me falou que Cloroquina mata, mas ao mesmo tempo esquece que toda medicação tem seus efeitos, tomando remédio para emagrecer, contando apenas que emagrece. Td há risco.",Cloroquina,1,0
Cloroquina é igual ingresso pra jogo do Vasco. Tu pega aquilo ali mas não tem garantia nenhuma que vai dar certo e os efeitos colaterais podem ser desastrosos para a saúde,Minha esposa está grávida e pegou tomou cloroquina por conta própria hoje tanto ela como o bebê estão ótimas. fiquei pensando se não fez mal a gestante e a um feto verdadeiramente não existe efeito colateral apenas políticos querendo se beneficiar do momento!,Cloroquina,1,1
"Apresentei um projeto de decreto legislativo p/ sustar o novo protocolo do  que recomenda uso precoce da cloroquina em pacientes com #Covid19, enqto não houver estudos científicos que comprovem sua eficácia. O presidente não deveria fazer uso político de algo tão sério.","Maldito, filho da p**** desgraçado, sabe que se pagar a po** do vírus vai ser tratado com a po** da Cloroquina, vc quer matar a população mais carente, cretino!!",Cloroquina,1,1
"Hoje  tomou uma atitude corajosa, que salvará milhares de vidas: liberou o uso da cloroquina pra todos os casos de COVID-19 no SUS, mesmo os leves  Basta o paciente autorizar o uso do medicamento, que tem se mostrado muito eficaz em diversas partes do mundo","Boa iniciativa, isso mesmo temos que preocupar em salvar vidas  Segue eu lá kkkk",Cloroquina,2,0
Bolsonaro finalmente conseguiu forçar o Min. da Saúde a emitir protocolo que libera o uso em massa da cloroquina. Os pacientes terão que assinar um termo assumindo que o remédio não tem eficácia e que pode até matar. É um atentado contra a saúde pública e a vida dos brasileiros.,Cloroquina tem protocolo sequer assinado. Vergonha.,Cloroquina,1,0
"Marinho e seus especialistas. Cloroquina pode levar a óbito súbito? Quem tem malária, lúpus e artrite pode parar de tomar já, doutor? ""Toda a comunidade médica"". Fale por si. O Conselho Federal de Medicina confirmou o protocolo.  E aí, doutor especialista dos marinho?","São canalhas da pior espécie, quer dizer que é melhor não tomar é morrer de malária??!!!! Cretinos.",Cloroquina,2,0
"Vocês querem vergonha maior do que uma Associação Médica que teoricamente representa o conjunto das Sociedades Científicas, escrever uma nota como esta (abaixo) na contramão das principais Sociedades de Especialidades que a compõem e estão na linha de frente?","Gente, atenção!!!! Recusem a cloroquina! Mesmo que os médicos prescrevam, você não é obrigado a tomar!!!",Cloroquina,2,0
"Voce está covid dona Maria,vou te prescrever Cloroquina  mas esse remédio funciona doutor, é seguro?  É sim,claro.Só assina esse termo aqui, por favor. pra que doutor? pra senhora dizer q está ciente que há efeitos colaterais e não há evidência de que esse ele funcione.","Assine aqui, vai que você morre né.",Cloroquina,2,0
Não há comprovação científica da eficácia da cloroquina.  Quem disse isso? Bolsonaro.  O mesmo Bolsonaro que só liberou novo protocolo sobre o uso em pacientes com quadro leves APÓS editar MP que o isenta de responsabilidade.  Isso é fazer cálculo político com VIDAS!,Quando chegar sua vez diga para o médico que vc não quer cloroquina. Maia irá te salvar do corona entrando com liminar contra ela.,Cloroquina,1,1
"Ou a cloroquina não funcionou ou ele errou pq, ao contrário do que diz o presidente (a quem ele segue), deixou pra usar muito tarde.  Foi o quê? Falta de provas médicas ou desobediência política?","Qual provas médicas você precisa, a da esquerda? Porque o mundo está tratando seus pacientes com cloroquina.",Cloroquina,1,1
"Olha aí  , continue lutando pelo bem do povo em várias frentes, equilibrando saúde e economia, é o que precisamos que um presidente faça, tome decisões em tempo. Portugal, não teve efeitos colaterais . A esquerda e os opositores mentem .","Será que Portugal está mentindo ? Com certeza isso.nao vai passar na #Globolixo,  se fosse uma declaração de que a Cloroquina deu efeitos colaterais, aí sim, passaria em.todas as edições do jornal mais.imundo do Pais. Lamentável",Cloroquina,2,0
"Vi no Jornal da Globo uma descrição dos efeitos colaterais da Cloroquina e da Hidroxocloroquina.  A partira daí,  parece que é melhor dar um tiro na própria cabeça do que usar esses medicamentos. Não sei como o pessoal que usou para combater a malária sobreviveu.","Idiota, qualquer medicamento tem efeito colateral.  Na dosagem que cloroquina ou hidroxicloraquina está sendo preconizada os efeitos colaterais são mínimos ou inexistentes. Que tanta politicagem sacana em cima dessa medicação.",Cloroquina,1,1
"Uma análise do protocolo do Ministério da Saúde sobre o uso precoce da HCQ/Cloroquina no #Covid_19 . Ele é uma afronta ao pensamento científica e a medicina séria, que se importa com as vidas em jogo","Sigam o cordel do Rodolfo, que é pneumologista, para entender o tamanho do absurdo que é esse protocolo de cloroquina /hidroxicloroquina.",Cloroquina,2,0
"- Ainda não existe comprovação científica, mas sendo monitorada e usada no Brasil e no mundo. Contudo, estamos em Guerra: “Pior do que ser derrotado é a vergonha de não ter lutado.”  - Deus abençoe o nosso Brasil.",Que vergonha namoral msm,Cloroquina,2,1
"“Redução dos glóbulos brancos, disfunção do fígado, disfunção cardíaca e arritmias”","Me poupe! Como são tratadas as pessoas com doenças reumáticas e lúpus? Por acaso você já leu a bula do Citrato de Tamoxifeno, remédio que faço uso há 04 anos e nem por isso estou morta? Cloroquina salva vidas, só não faz bem ao bolso de vocês, salvo o mérito que isso daria ao JB.",Cloroquina,1,1
"O pres. Jair Bolsonaro luta contra o establishment para efetivar o uso da Cloroquina , no combate ao coronga, e salvar vidas. Os semi deuses do   já se mobilizam para barrar o protocolo. Um cabo e um soldado, por favor.","Bando de criminoso tentando proibir o protocolo da cloroquina porque a ""ciência ainda não comprovou"".  Mas um bando de médico rico tomou e se curou.  Mas o povo não pode escolher se toma ou não.  Brasileiro é o povo mais passivo e bunda mole que existe.",Cloroquina,0,0
"- Ainda não existe comprovação científica, mas sendo monitorada e usada no Brasil e no mundo. Contudo, estamos em Guerra: “Pior do que ser derrotado é a vergonha de não ter lutado.”  - Deus abençoe o nosso Brasil.","Essa merda aq e o presidente do Brasil, a única luta pra guerra no momento e o isolamento social e a cada dia o mundo INTEIRO mostra como ele e eficiente",Cloroquina,2,1
"A verdade às vezes se esconde no óbvio. A eficácia da cloroquina contra o Covid19 pode ser contestada. Mas se a droga fosse tão maléfica à saúde quanto querem uns, ela não estaria sendo utilizada há décadas. Vamos ser razoáveis pessoal.","Você falou bem RAZOÁVEL  , então por favor quem usa bomba, droga ( lícita ou ilicita) , avise ao ser utilizado..",Cloroquina,2,-1
"- Ainda não existe comprovação científica, mas sendo monitorada e usada no Brasil e no mundo. Contudo, estamos em Guerra: “Pior do que ser derrotado é a vergonha de não ter lutado.”  - Deus abençoe o nosso Brasil.",Então o que está esperando: vá procurar um campo de batalha procê coisa ruim!,Cloroquina,2,1
"- Ainda não existe comprovação científica, mas sendo monitorada e usada no Brasil e no mundo. Contudo, estamos em Guerra: “Pior do que ser derrotado é a vergonha de não ter lutado.”  - Deus abençoe o nosso Brasil.","Já podia parar na primeira vírgula, faria mais sentido e menos vergonha",Cloroquina,2,1
"- Ainda não existe comprovação científica, mas sendo monitorada e usada no Brasil e no mundo. Contudo, estamos em Guerra: “Pior do que ser derrotado é a vergonha de não ter lutado.”  - Deus abençoe o nosso Brasil.",Essa é a hora que todo mundo vira cobaia ?,Cloroquina,2,1
Bolsonaro finalmente conseguiu forçar o Min. da Saúde a emitir protocolo que libera o uso em massa da cloroquina. Os pacientes terão que assinar um termo assumindo que o remédio não tem eficácia e que pode até matar. É um atentado contra a saúde pública e a vida dos brasileiros.,"Hoje falei com um colega e ele deu graças a Deus que tomou cloroquina e azitromicina no início da covid 19, e ficou bom.  Quem puder tome sim.",Cloroquina,1,1
Não há comprovação científica da eficácia da cloroquina.  Quem disse isso? Bolsonaro.  O mesmo Bolsonaro que só liberou novo protocolo sobre o uso em pacientes com quadro leves APÓS editar MP que o isenta de responsabilidade.  Isso é fazer cálculo político com VIDAS!,"Não seja canalha, eu fui curado pela cloroquina, Reino Unido comprou mais de 30 milhões de doses. O remédio funciona sim",Cloroquina,1,1
"Agora se a cloroquina não diminuir o número de mortes já sabem né... a culpa vai ser da mídia que estaria ""mentindo"", dos médicos que serão acusados de SUPER-notificação, etc...",ah cê me descupa mas se tu tá usando cloroquina e dando ouvido ao bolson*ro cê tem mais que se fuder mesmo,Cloroquina,0,0
Bolsonaro finalmente conseguiu forçar o Min. da Saúde a emitir protocolo que libera o uso em massa da cloroquina. Os pacientes terão que assinar um termo assumindo que o remédio não tem eficácia e que pode até matar. É um atentado contra a saúde pública e a vida dos brasileiros.,"Bolsonaro assinou, liberou a cloroquina? Então seria hora de desobediência civil.",Cloroquina,0,0
"- Ainda não existe comprovação científica, mas sendo monitorada e usada no Brasil e no mundo. Contudo, estamos em Guerra: “Pior do que ser derrotado é a vergonha de não ter lutado.”  - Deus abençoe o nosso Brasil.","Olá miliciano semi analfabeto fdp, tudo bem? E de onde vc tirou isso? Quem da família frutinha fez isso? Porque vc não se trata com cloroquina? De exemplo!!",Cloroquina,1,1
"Tomo cloroquina há 16 anos. A dosagem é super- controlada através de exames periódicos. O uso excessivo pode danificar rins, fígado, pâncreas além da questão cardíaca! Esse irresponsável que que a população se exploda!!!","Toma o remédio a 16 anos  só a Márcia e alguns ricos podem se tratar com a cloroquina, o pobre do sus não pode, faz mal",Cloroquina,1,1
Bolsonaro finalmente conseguiu forçar o Min. da Saúde a emitir protocolo que libera o uso em massa da cloroquina. Os pacientes terão que assinar um termo assumindo que o remédio não tem eficácia e que pode até matar. É um atentado contra a saúde pública e a vida dos brasileiros.,"O Presidente  eleito por 57 milhoes de Brasileiros (Fora dezenas de milhoes de votos desviados na urna eletrônica para diminuir a vergonha da indignação do Povo com a esquerda)  Foi bem claro "" Usa Cloroquina receitada pelos medicos só quem quizer """,Cloroquina,2,1
"10. CONCLUSÃO  O sentido desse protocolo é POLÍTICO e é muito GRAVE.  Contra as evidências científicas, querem que as pessoas acreditem que cloroquina trata Covid-19.  E que, por isso, já pode acabar o isolamento.  Estão forçando para que pessoas sejam postas em risco de morrer.","Leiam o fio do início ao fim, mas o objetivo desse protocolo sem pé nem cabeça esse esse aqui:",Cloroquina,2,0
50 estudos científicos que comprovam a eficácia da cloroquina.,"Algum desses estudos mostra a eficacia contra o Covid-19?  Cloroquina é um remedio muito usado é obvio q ele é eficaz mas de qq adianta um remedio q combate a microcefalia em pacientes com zika, contra o coronavirus?",Cloroquina,1,1
"Apresentei um projeto de decreto legislativo p/ sustar o novo protocolo do  que recomenda uso precoce da cloroquina em pacientes com #Covid19, enqto não houver estudos científicos que comprovem sua eficácia. O presidente não deveria fazer uso político de algo tão sério.","Vc não passa de um maldito! Se os hospitais particulares estão salvando vidas com a cloroquina, por que o SUS não pode salvar a vida dos pobres? Seu maldito, mil vezes maldito! Quero que justiça te alcance sem piedade, velho maldito!",Cloroquina,1,1
Não há comprovação científica da eficácia da cloroquina.  Quem disse isso? Bolsonaro.  O mesmo Bolsonaro que só liberou novo protocolo sobre o uso em pacientes com quadro leves APÓS editar MP que o isenta de responsabilidade.  Isso é fazer cálculo político com VIDAS!,"Faz o seguinte.....se você for contaminado e tiver dificuldade respiratória resista, não tome a Cloroquina, fique aguardando alguém desenvolver algo melhor... Você sabe o que é Livre Arbítrio ????",Cloroquina,1,1
"- Ainda não existe comprovação científica, mas sendo monitorada e usada no Brasil e no mundo. Contudo, estamos em Guerra: “Pior do que ser derrotado é a vergonha de não ter lutado.”  - Deus abençoe o nosso Brasil.","Mano, eu devo tá vivendo numa realidade paralela, o demente posta um negócio desse assim na cara dura.... Não é possível. Volta Golden shower!",Cloroquina,2,1
"- Ainda não existe comprovação científica, mas sendo monitorada e usada no Brasil e no mundo. Contudo, estamos em Guerra: “Pior do que ser derrotado é a vergonha de não ter lutado.”  - Deus abençoe o nosso Brasil.",cara vai se fuder vai SE FUUUDEEEERRRR,Cloroquina,2,1
"“Redução dos glóbulos brancos, disfunção do fígado, disfunção cardíaca e arritmias”","E pq os doentes c lúpus, vivem tao bem tendo experiência com cloroquina?????",Cloroquina,1,1
Não há comprovação científica da eficácia da cloroquina.  Quem disse isso? Bolsonaro.  O mesmo Bolsonaro que só liberou novo protocolo sobre o uso em pacientes com quadro leves APÓS editar MP que o isenta de responsabilidade.  Isso é fazer cálculo político com VIDAS!,"Vc que é o bam bam e tem a solução para tudo, o que fazer? A cloroquina é sim, uma esperança para quem está com covid19.",Cloroquina,1,1
"Não dá para fazer brincadeira, né? 1.179 mortes em 24 horas e fazer piada com cloroquina ou tubaína!","E jornalismo? Dá? Fala a verdade, todo mundo sabe q foram 225 mortes em três dias, agora c a cloroquina isso vai melhorar muito, xiiiiiii vai diminuir o número de mortes p vcs anunciarem",Cloroquina,1,1
"Ainda assim a opção de não aceitar ela existe, continua não havendo uma obrigatoriedade, concorda?  Vc disse Cloroquina?  Enfim, qto a cloroquina, existem outros medicamentos sendo utilizados, é só não tomá-la, assim como o seu prédio, não há obrigatoriedade nenhuma em adquiri-la","Não aceitar, até a página 2 né meu caro? A realidade é outra.. e dura Agora BolsoASNO que enfiar cloroquina guela abaixo com tanto outro remédio sendo ministrado.... Cego é quem não quer ver. Anteontem mesmo morreu um deputado daqui: Registro: INFARTO.  Com 7 dias de internação",Cloroquina,1,1
Bolsonaro finalmente conseguiu forçar o Min. da Saúde a emitir protocolo que libera o uso em massa da cloroquina. Os pacientes terão que assinar um termo assumindo que o remédio não tem eficácia e que pode até matar. É um atentado contra a saúde pública e a vida dos brasileiros.,ASSASSINO!!!!!,Cloroquina,2,0
"Apresentei um projeto de decreto legislativo p/ sustar o novo protocolo do  que recomenda uso precoce da cloroquina em pacientes com #Covid19, enqto não houver estudos científicos que comprovem sua eficácia. O presidente não deveria fazer uso político de algo tão sério.","Pra barrar isolamento sem comprovação científica nada, nada!",Cloroquina,2,1
"Hoje  tomou uma atitude corajosa, que salvará milhares de vidas: liberou o uso da cloroquina pra todos os casos de COVID-19 no SUS, mesmo os leves  Basta o paciente autorizar o uso do medicamento, que tem se mostrado muito eficaz em diversas partes do mundo","Muito corajosa a atitude do teu pai. A ciência não autoriza, mas o Bozo, corajosamente sim, autorizou.",Cloroquina,2,1
"tomado a frente e reagido era uma coisa. Primeiro chamou o vírus de ""uma gripezinha"", depois foi na contramão da comunidade científica MUNDIAL e foi contra o isolamento. Agora fica disseminando uma informação FALSA de que a cloroquina é 100% eficaz contra a doença e as pessoas+","Primeiro, no mundo não existe nada  que seja 100%, segundo quem falou sobre a eficácia da hidroquixocloroquina foi o maior infectologista do mundo, e outra, vários médicos que se contaminaram usaram este remédio e se curaram, entre eles o David Uip.",Cloroquina,1,1
"- Ainda não existe comprovação científica, mas sendo monitorada e usada no Brasil e no mundo. Contudo, estamos em Guerra: “Pior do que ser derrotado é a vergonha de não ter lutado.”  - Deus abençoe o nosso Brasil.","Então encha seu cu de cloroquina, seu filho da puta desgraçado!!!!!!",Cloroquina,1,1
"Hoje  tomou uma atitude corajosa, que salvará milhares de vidas: liberou o uso da cloroquina pra todos os casos de COVID-19 no SUS, mesmo os leves  Basta o paciente autorizar o uso do medicamento, que tem se mostrado muito eficaz em diversas partes do mundo","Usa quem quem !! Direita toma  Cloroquina e Esquerdista toma tubaína  simples assim!! Esquerdopatas que vão a merda junto com o corona vírus, não gostou vai lá e toma a vacina do Ching Ling! E pronto!!  #BrasilComBolsonaro",Cloroquina,2,0
"- Ainda não existe comprovação científica, mas sendo monitorada e usada no Brasil e no mundo. Contudo, estamos em Guerra: “Pior do que ser derrotado é a vergonha de não ter lutado.”  - Deus abençoe o nosso Brasil.","A pior vergonha é ter um covarde num cargo presidencial. Não é questão de ser derrotado ou de vencer. São pessoas, vidas em jogo. São Mães, Pais, avós, filhos... Pessoas que tem família. São vidas, vidas. Não se atira no escuro assim. Não é assim que funcionam as coisas.",Cloroquina,2,1
"- Ainda não existe comprovação científica, mas sendo monitorada e usada no Brasil e no mundo. Contudo, estamos em Guerra: “Pior do que ser derrotado é a vergonha de não ter lutado.”  - Deus abençoe o nosso Brasil.","Quanto interesse na cloroquina você e o seu love, Trump, tem. Por que será?",Cloroquina,1,1
"Hoje  tomou uma atitude corajosa, que salvará milhares de vidas: liberou o uso da cloroquina pra todos os casos de COVID-19 no SUS, mesmo os leves  Basta o paciente autorizar o uso do medicamento, que tem se mostrado muito eficaz em diversas partes do mundo","tem se mostrado muito eficaz em diversas partes da sua cabeça vazia, só se for.  nem o próprio Ministério da Saúde acredita na eficácia desse tratamento",Cloroquina,2,1
Bolsonaro finalmente conseguiu forçar o Min. da Saúde a emitir protocolo que libera o uso em massa da cloroquina. Os pacientes terão que assinar um termo assumindo que o remédio não tem eficácia e que pode até matar. É um atentado contra a saúde pública e a vida dos brasileiros.,A que ponto nós chegamos? Ninguém vai parar esse genocida?,Cloroquina,2,0
"Aos que apoiam a cloroquina, a tubaína ou o confinamento total é bom lembrar que para a ciência no importa nem a sua ideología... nem a sua opinião. A ciência é assim de simples.","Antes a religião se opunha a ciência , hoje é a politica!!!",Cloroquina,2,0
"- Ainda não existe comprovação científica, mas sendo monitorada e usada no Brasil e no mundo. Contudo, estamos em Guerra: “Pior do que ser derrotado é a vergonha de não ter lutado.”  - Deus abençoe o nosso Brasil.",Faça um pronunciamento em rede nacional mostrando o sucesso da cloroquina em evitar internações no Piauí e outros lugares do Brasil e do mundo!!!,Cloroquina,1,0
"Além dos efeitos colaterais graves da cloroquina, a interação da mesma com a azitromicina catapulta o risco de arritmia cardíaca. Não é política... É ciência!","Você sabe que o estudo de Manaus com pesquisadores da Fiocruz foi assassinato, não é? Ministraram dez vezes mais a dose recomendada.",Cloroquina,1,1
Bolsonaro admite que não há comprovação científica de eficácia da cloroquina contra a covid-19 (via ),Queria saber tb se há comprovação científica que o Adélio Bispo é retardado... Bora deixar uns médicos fazer exame nele STF?,Cloroquina,2,0
"Há estudos que comprovam que a cloroquina, além de não fazer bem, ajuda a te matar. Se quiser tomar, tome! A graça é que a morte no boletim não vai ser covid 19.",eu so disse q toma quem quer...eu ñ posso tomar,Cloroquina,2,1
Não há comprovação científica da eficácia da cloroquina.  Quem disse isso? Bolsonaro.  O mesmo Bolsonaro que só liberou novo protocolo sobre o uso em pacientes com quadro leves APÓS editar MP que o isenta de responsabilidade.  Isso é fazer cálculo político com VIDAS!,Cara isso dá feio vc só coisa errada em Bolsonaro para tá feio mira no Dória vc e deputado estadual,Cloroquina,2,1
"- Ainda não existe comprovação científica, mas sendo monitorada e usada no Brasil e no mundo. Contudo, estamos em Guerra: “Pior do que ser derrotado é a vergonha de não ter lutado.”  - Deus abençoe o nosso Brasil.",KKKKKKKKKKKKKKKK esse fdp quer matar todo mundo,Cloroquina,2,1
Não tem pra q ficar propagando que Cloroquina é oficial e deve ser usado contra covid. É sim um remédio muito forte que pode ampliar o quadro de pacientes e levar a morte. Já o Iverme sim ajuda a inibir propagar no corpo. Mas precisam analisar direito né não sair já oficializando,E os testes que indicam a gravidade do Cloroquina são por comparar pacientes graves que tomaram e os que não tomaram e teve mais mortes no grupo de graves que tomaram. Presta atenção.,Cloroquina,1,0
"- Ainda não existe comprovação científica, mas sendo monitorada e usada no Brasil e no mundo. Contudo, estamos em Guerra: “Pior do que ser derrotado é a vergonha de não ter lutado.”  - Deus abençoe o nosso Brasil.","Show....parabéns presidente por seu empenho, que o senhor o abençoe e o livre do mal em nome de Jesus.",Cloroquina,2,0
"- Ainda não existe comprovação científica, mas sendo monitorada e usada no Brasil e no mundo. Contudo, estamos em Guerra: “Pior do que ser derrotado é a vergonha de não ter lutado.”  - Deus abençoe o nosso Brasil.",porra chega ser vergonhoso tnc,Cloroquina,2,1
"- Ainda não existe comprovação científica, mas sendo monitorada e usada no Brasil e no mundo. Contudo, estamos em Guerra: “Pior do que ser derrotado é a vergonha de não ter lutado.”  - Deus abençoe o nosso Brasil.",pior do que a vergonha de não ter lutado eh a vergonha de ter o bolsonaro como presidente,Cloroquina,2,1
"Apresentei um projeto de decreto legislativo p/ sustar o novo protocolo do  que recomenda uso precoce da cloroquina em pacientes com #Covid19, enqto não houver estudos científicos que comprovem sua eficácia. O presidente não deveria fazer uso político de algo tão sério.","Vc é um lixo! Conheço muitas pessoas que se livraram da internação por conta do remédio. Estude e ouça todas as vertentes da ciência. Se cloroquina fosse isso tudo, porque estaria sendo usada a 70 anos por doentes auto-imunes? Pra vcs o número  de mortes é o quanto pior melhor.",Cloroquina,1,1
"- Ainda não existe comprovação científica, mas sendo monitorada e usada no Brasil e no mundo. Contudo, estamos em Guerra: “Pior do que ser derrotado é a vergonha de não ter lutado.”  - Deus abençoe o nosso Brasil.",Perdão fofo? Fala sério né! Até dois minutos atrás cloroquina era a salvação da humanidade.,Cloroquina,2,1
Eles acham q cloroquina não tem efeito colateral pq eles já são o efeito colateral em pessoa.,Ninguém é obrigado a tomar. Terá que ser prescrito por um médico. É mais uma opção que o paciente terá para o tratamento. Não estendo pq está polemizando.,Cloroquina,2,1
Não há comprovação científica da eficácia da cloroquina.  Quem disse isso? Bolsonaro.  O mesmo Bolsonaro que só liberou novo protocolo sobre o uso em pacientes com quadro leves APÓS editar MP que o isenta de responsabilidade.  Isso é fazer cálculo político com VIDAS!,"O seu merda, o ex ministro Mandetta já havia autorizado Cloroquina para casos graves, o que aconteceu foi apenas a expansão dessa possibilidade para o inicio do tratamento, uma vez que já é mais do que sabido que no final o remédio não faz o efeito necessário para salvar uma vida",Cloroquina,1,1
"Apresentei um projeto de decreto legislativo p/ sustar o novo protocolo do  que recomenda uso precoce da cloroquina em pacientes com #Covid19, enqto não houver estudos científicos que comprovem sua eficácia. O presidente não deveria fazer uso político de algo tão sério.","Vc não passa d 1 mau caráter o qual creditei meu voto a 8 anos atrás! Sua atitude é típica d comunista! Vive nos Hosp. Sírio Libanês e Albert Einstein. Caso contraia o vírus, tomará a HCQ. E os mais humildes, terão que morrer? Vc não merece nosso voto, canalha! #ACulpaÉDaChina",Cloroquina,2,1
Quem discute remédios são os centros médicos. É preciso esperar anúncios oficiais. E Cloroquina é um remédio muito forte. Não pode ser usado sem acompanhamento médico.,"Se quem discute remédios são os médicos, com que autoridade você diz que Cloroquina é um remédio forte? Já leu a bula da Novalgina? Já leu a bula do Paracetamol? Tá na cara que tem interesses excusos por trás de NÃO usar a Cloroquina. Basta pensar, só um pouquinho... Pesquise!",Cloroquina,1,1
"- Ainda não existe comprovação científica, mas sendo monitorada e usada no Brasil e no mundo. Contudo, estamos em Guerra: “Pior do que ser derrotado é a vergonha de não ter lutado.”  - Deus abençoe o nosso Brasil.","Parabéns Presidente, Brasil acima de tudo e Deus acima de todos",Cloroquina,2,0
"Entidades médicas já se posicionaram contra a medida e a OMS, quando questionada sobre a decisão do governo brasileiro, reafirmou que além de não ter eficácia comprovada, a cloroquina pode causar efeitos colaterais graves.","Bom, temos diversos, talvez milhares de casos, somente no Brasil de casos de cura com uso da Cloroquina associada a outros medicamentos. Se isso não é eficácia comprovada é o que múmia ambulante??? Ps. Eu jurava que você já tinha morrido!!! Ressuscitou? Foi na Páscoa??",Cloroquina,1,1
Bolsonaro finalmente conseguiu forçar o Min. da Saúde a emitir protocolo que libera o uso em massa da cloroquina. Os pacientes terão que assinar um termo assumindo que o remédio não tem eficácia e que pode até matar. É um atentado contra a saúde pública e a vida dos brasileiros.,PA TE TI CO...o pior não tem limites mesmo..#sópiora,Cloroquina,2,0
É extremamente irônico e contraditório ver psolistas falarem que a cloroquina faz mal à saúde (apesar de milhares de pessoas terem se recuperado após usar o medicamento) enquanto eles defendem a legalização de TODAS AS DROGAS.  Querem legalizar o crack e proibir a cloroquina!,"Quais dados vc usa para afirmar que MILHARES de pessoas se recuperaram com a cloroquina? O mundo inteiro deixou de avançar nela, as curas que estão descobrindo não usam ela, mas vcs querem continuar com isso sem base.",Cloroquina,1,1
"- Ainda não existe comprovação científica, mas sendo monitorada e usada no Brasil e no mundo. Contudo, estamos em Guerra: “Pior do que ser derrotado é a vergonha de não ter lutado.”  - Deus abençoe o nosso Brasil.",Este senhor deveria ser denunciado por crimes contra a humanidade.,Cloroquina,2,1
Não há comprovação científica da eficácia da cloroquina.  Quem disse isso? Bolsonaro.  O mesmo Bolsonaro que só liberou novo protocolo sobre o uso em pacientes com quadro leves APÓS editar MP que o isenta de responsabilidade.  Isso é fazer cálculo político com VIDAS!,"Fala aê filho de uma puta desgraçado!  Se tu não quer tomar a porra do remédio miséria , é só não tomar seu lixo! Mas se as pessoas querem uma chance de viver tomando a Cloroquina deixe-as em paz. Não queira tutelar 250 milhões de Brasileiros que querem viver.",Cloroquina,1,1
"- Ainda não existe comprovação científica, mas sendo monitorada e usada no Brasil e no mundo. Contudo, estamos em Guerra: “Pior do que ser derrotado é a vergonha de não ter lutado.”  - Deus abençoe o nosso Brasil.","Seu genocida canalha , toma a cloroquina então, enfia goela abaixo da sua família e seus comparsas , seus asseclas estão tomando e morrendo. #ForaBolsonaroEseuBandodeCriminosos",Cloroquina,1,1
"Brasil renovou o recorde de mortes por coronavírus: 1.179. 17.971 no total!  Bolsonaro: “Quem é de direita toma cloroquina. Quem é de esquerda toma Tubaína"".  Canalha traidor!!!!",E vc vai tomar o que se ficar doente??   Cloroquina ou Tubaina??,Cloroquina,1,1
"Apresentei um projeto de decreto legislativo p/ sustar o novo protocolo do  que recomenda uso precoce da cloroquina em pacientes com #Covid19, enqto não houver estudos científicos que comprovem sua eficácia. O presidente não deveria fazer uso político de algo tão sério.","Tu não quer tomar cloroquina não, toma seu cretino, mas quem não tem tem dinheiro quer",Cloroquina,1,1
"Apresentei um projeto de decreto legislativo p/ sustar o novo protocolo do  que recomenda uso precoce da cloroquina em pacientes com #Covid19, enqto não houver estudos científicos que comprovem sua eficácia. O presidente não deveria fazer uso político de algo tão sério.","Olhem bem para isso aqui! E nunca mais se esqueçam do que esse psicopata está fazendo!  Para ele, qto mais corpos, melhor, pq esperar por resultados de estudos científicos em uma pandemia, situação de guerra, é querer mortos e mais mortos.  Fdp!",Cloroquina,2,1
"- Ainda não existe comprovação científica, mas sendo monitorada e usada no Brasil e no mundo. Contudo, estamos em Guerra: “Pior do que ser derrotado é a vergonha de não ter lutado.”  - Deus abençoe o nosso Brasil.",Como uma coisa que fala isso chega a presidência?!,Cloroquina,2,1
"Quer dar placebo pro povo? Dê, não tem problema. Mas não faça parecer que essa é a melhor medida para conter a epidemia. Precisamos de isolamento, testes, valorização da ciência e, mais importante, um LÍDER que dê bons exemplos. O placebo não vai mascarar a tua incompetência.","O pior nessa história é fazer pessoas acreditarem na cura por um remédio que pode matar. Sendo que quando um doente aceita fazer tratamento com cloroquina, ele ainda assina um termo de responsabilidade. Ou seja, no fim se algo der errado, a culpa é do paciente.",Cloroquina,1,0
Bolsonaro finalmente conseguiu forçar o Min. da Saúde a emitir protocolo que libera o uso em massa da cloroquina. Os pacientes terão que assinar um termo assumindo que o remédio não tem eficácia e que pode até matar. É um atentado contra a saúde pública e a vida dos brasileiros.,"Concordo em partes, pois não vejo q o atual ministro tenha sido forçado a nada.",Cloroquina,2,0
"- Ainda não existe comprovação científica, mas sendo monitorada e usada no Brasil e no mundo. Contudo, estamos em Guerra: “Pior do que ser derrotado é a vergonha de não ter lutado.”  - Deus abençoe o nosso Brasil.",Cadê o cara que deu uma só facada nesse desgraçado?,Cloroquina,2,1
"Apresentei um projeto de decreto legislativo p/ sustar o novo protocolo do  que recomenda uso precoce da cloroquina em pacientes com #Covid19, enqto não houver estudos científicos que comprovem sua eficácia. O presidente não deveria fazer uso político de algo tão sério.","Você não passa de mais um político canalha e desprezível. Olhe as notícias de uso da cloroquina em vários países e os resultados obtidos. Estamos falando da vida de pessoas, e que cabe a elas a escolha de usar ou não o remédio. Você não tem direito de retirar essa escolha delas.",Cloroquina,1,1
"Avisa lá na globo, o terrorismo que eles estão fazendo contra a cloroquina, vai morrer muita gente com malaria, com medo do remédio. Porque não um cientista a favor?","Mas a Cloroquina é pro tratamento da Malária, é pra isso que ela existe.",Cloroquina,1,1
"“Redução dos glóbulos brancos, disfunção do fígado, disfunção cardíaca e arritmias”","Até Rinosoro, EM EXAGERO, causa arritmia, qual é cara, Faz o seguinte.Posta em seu mural- EU NÃO TOMARIA CLOROQUINA OU HIDROXICLOROQUINA, CASO SEJA CONTAMINADO. Pronto, encerramos essa discussão, tá OK #CloroquinaSalvaVidas",Cloroquina,1,1
"- Ainda não existe comprovação científica, mas sendo monitorada e usada no Brasil e no mundo. Contudo, estamos em Guerra: “Pior do que ser derrotado é a vergonha de não ter lutado.”  - Deus abençoe o nosso Brasil.",Cloroquina e a única arma que temos contra esse inimigo invisível covid 19. O que vc prefere Ass. Um documento e  toma o remédio ou tomar os remédios dos prefeito e Gov que é respiradores caixões ir pra saco cemitério.,Cloroquina,2,0
"O que vc não entende é que os médicos Kalil e Uip, não só tomaram cloroquina e sim um coquetel de remédios  rigidamente tendo acompanhamento de vários médicos.  O SUS já esta usando. O vizinho da minha irmã morreu pq tomou cloroquina.","E pelo jeito vc não leu o protocolo do MS né? Que associa a Cloroquina com outros medicamentos e a dose máxima diária. Se o vizinho da sua irmã morreu, provavelmente tomou sem acompanhamento médico ou em doses excessivas.",Cloroquina,1,1
"- Ainda não existe comprovação científica, mas sendo monitorada e usada no Brasil e no mundo. Contudo, estamos em Guerra: “Pior do que ser derrotado é a vergonha de não ter lutado.”  - Deus abençoe o nosso Brasil.",Parei no ainda não existe,Cloroquina,2,1
"- Ainda não existe comprovação científica, mas sendo monitorada e usada no Brasil e no mundo. Contudo, estamos em Guerra: “Pior do que ser derrotado é a vergonha de não ter lutado.”  - Deus abençoe o nosso Brasil.",Vagabundoooooooooooooooooooooooooooo,Cloroquina,2,1
"- Ainda não existe comprovação científica, mas sendo monitorada e usada no Brasil e no mundo. Contudo, estamos em Guerra: “Pior do que ser derrotado é a vergonha de não ter lutado.”  - Deus abençoe o nosso Brasil.","Aqui o ""Mundo todo"", canalha",Cloroquina,1,1
"O  divulga orientações para tratamento da Covid-19, onde a Cloroquina pode ser ministrada em casos leves, com recomendação médica e autorização do próprio paciente/família.",Autorização do próprio paciente? Eh médico agr essa porra?,Cloroquina,2,1
"José Serra apresentou um projeto para barrar o novo protocolo da cloroquina. O senador pede que o protocolo não entre em vigor enquanto não houver estudos científicos que comprovem sua eficácia. VALERÁ TAMBÉM PARA OS PACIENTES DO ALBEEINSTEIN,OU SÓ OS POBRES NÃO PODERÃO TOMAR?",Vai esperar anos orar provar científicamente a eficácia sendo que o medicamento já existe a 70 anos no mercado conta outra ... está não colou cambada de genocidas!,Cloroquina,2,0
"“Redução dos glóbulos brancos, disfunção do fígado, disfunção cardíaca e arritmias”","Acho que essa foi a única bula que vcs leram na vida, só para informar todas tem contra indicações, até mesmo para protegerem o laboratórios, não sei se Cloroquina cura, não sou cientista, e nem vcs, então se não temos uma vacina, acho que para salvar vidas vale a tentativa.",Cloroquina,2,1
"Liberou a cloroquina para todo mundo. Agora é preciso noticiar o aumento das mortes por problemas cardíacos, hein. Bando de arrombado do caralho.","#Debate360 vai ser uma enxurrada de processo, se prepara para a defesa Bozo! Vai levar pro resto da vida essas mortes. Era hora de estar com os hospitais montados e com respiradores. E o Bozo querendo manipular a PF e empurrar cloroquina goela a baixo do povo",Cloroquina,0,0
"A cloroquina foi testada e foi comprovado que tem mais maleficios que beneficios. E do outro lado o canabidiol foi testado, retestado, e nisso só se somaram beneficios da substancia",Esses estudos que vc aponta tem outros que dizem o contrário. Que depende do estágio. Que a Cloroquina é para o estágio inicial. E o cannabidol como eu disse tem que ser discutido medicinalmente. O problema é que misturam uso médico com recreativo,Cloroquina,1,1
"Hoje  tomou uma atitude corajosa, que salvará milhares de vidas: liberou o uso da cloroquina pra todos os casos de COVID-19 no SUS, mesmo os leves  Basta o paciente autorizar o uso do medicamento, que tem se mostrado muito eficaz em diversas partes do mundo",vai morrer um monte de gente? vai mas e daí?,Cloroquina,2,1
"Cloroquina mata? Tá em que mundo, sua imbecil? E claro, maconha não mata né, só destrói as vidas das famílias, carreiras de pessoas que vão pro lixo por causa do vício, somente.",Kkkkkkk em que mundo vc vive? Cloroquina tem diversas reações no organismo! E o mesmo leva a morte! Várias pessoas tomaram esse medicamento e morreram! Ninguém recomenda essa merda para Covid 19! Vá pesquisar! Vá estudar. E me fala um maconheiro que tem a família destruída kkkkk,Cloroquina,1,1
Bolsonaro finalmente conseguiu forçar o Min. da Saúde a emitir protocolo que libera o uso em massa da cloroquina. Os pacientes terão que assinar um termo assumindo que o remédio não tem eficácia e que pode até matar. É um atentado contra a saúde pública e a vida dos brasileiros.,"DEPUTADA DO PSOL ?? É claro que é do contra, mas pegar COVID-19 vai usar ??? #BrasilComBolsonaro",Cloroquina,2,1
"O novo protocolo sobre o uso da cloroquina editado por Jair Bolsonaro é incrível.  Primeiro porque ele não é assinado por ninguém, nem ministro, nem médico, ninguém.  Depois, porque o paciente tem de assinar termo onde consente que ""não existe garantia de resultados positivos"".","Além de: o médico tem que dar para caso comprovado, num país onde não existem testes! Eeeeee, acompanhar durante o uso, os batimentos cardíacos do paciente (como se tivesse estrutura para isso)",Cloroquina,2,0
"- Ainda não existe comprovação científica, mas sendo monitorada e usada no Brasil e no mundo. Contudo, estamos em Guerra: “Pior do que ser derrotado é a vergonha de não ter lutado.”  - Deus abençoe o nosso Brasil.","aaaaa vai tomar no c*, presidente",Cloroquina,2,1
"- Ainda não existe comprovação científica, mas sendo monitorada e usada no Brasil e no mundo. Contudo, estamos em Guerra: “Pior do que ser derrotado é a vergonha de não ter lutado.”  - Deus abençoe o nosso Brasil.",A vergonha kkkkk,Cloroquina,2,1
"Não dá para fazer brincadeira, né? 1.179 mortes em 24 horas e fazer piada com cloroquina ou tubaína!","É não sua jumenta, ñ foram vcs esquerdopatas q jamais usariam cloroquina? Então toma tubaína, liberdade de decisão! Um condenado ladrão comemorou a morte de milhares de pessoas e ñ tô vendo ironia da sua parte, seu lixoooo, escória ruim...",Cloroquina,1,1
"Hoje  tomou uma atitude corajosa, que salvará milhares de vidas: liberou o uso da cloroquina pra todos os casos de COVID-19 no SUS, mesmo os leves  Basta o paciente autorizar o uso do medicamento, que tem se mostrado muito eficaz em diversas partes do mundo","Respeitosamente,  porque ele tem que ser autorizado pelo paciente?  Não é  o médico quem deveria saber quando aplicar?",Cloroquina,2,1
"Apresentei um projeto de decreto legislativo p/ sustar o novo protocolo do  que recomenda uso precoce da cloroquina em pacientes com #Covid19, enqto não houver estudos científicos que comprovem sua eficácia. O presidente não deveria fazer uso político de algo tão sério.","vc é os urubus q torcem pra aumento de morte do povo,pra poder culpar o presidente Honesto,sua posição pra mim é igual bosta, igual vc,kkkkk,só estrume",Cloroquina,2,1
"Cloroquina é maravilha? Você quer tomar cloroquina? Tome. Entupa-se com ela. Faça coquetéis com antipulgas e azitrominicina. Meta bronca! Lasque-se. Quero mais é que gente estúpida como você, que nega a ciência e se informa pelo esgoto por pura escolha, se dane.","Somente as Dra. Judy Mikovits tem autoridade científica e moral pra dizer se a cloroquina funciona ou não.  Você que é uma pessoa de bem, procure saber dela, pois a verdade é como ouro hoje em dia.",Cloroquina,0,1
"Hoje  tomou uma atitude corajosa, que salvará milhares de vidas: liberou o uso da cloroquina pra todos os casos de COVID-19 no SUS, mesmo os leves  Basta o paciente autorizar o uso do medicamento, que tem se mostrado muito eficaz em diversas partes do mundo",Se é protocolar por que o paciente precisará autorizar???,Cloroquina,2,1
Nos lugares onde foi aplicada reduziu as mortes. Inclusive Itália e Espanha,"O cara seguiu o briefing do FN KKKKKKKKKKKKKKKKKKK Imagina ser tao marionete do sistema assim? No mais, cloroquina salva muitas vidas, mas eh impossivel salvar todas. Nem doenca que ja existe vacina funciona assim. Pessoas ainda morrem.",Cloroquina,1,0
"""Os resultados preliminares do estudo estarão disponíveis até o final de 2020"". E quem tem tempo para aguardar tanto? Há evidências positivas e baixo risco, logo: in dubio pro reu!",Você vai esperar??!Eu não!!,Cloroquina,2,0
"""Clamor da sociedade"". Essa foi a justificativa apontada por funcionária do Ministério da Saúde para o novo protocolo que amplia o uso da cloroquina no combate à #COVID19.  Apesar do ""clamor da sociedade"", não há evidência científica da eficácia da droga.",Já salvou milhares de vida e não tem eficiência comprovada Afffff tem gente torcendo pelo vírus chinês,Cloroquina,2,1
"- Ainda não existe comprovação científica, mas sendo monitorada e usada no Brasil e no mundo. Contudo, estamos em Guerra: “Pior do que ser derrotado é a vergonha de não ter lutado.”  - Deus abençoe o nosso Brasil.",Amém Presidente!!!,Cloroquina,2,0
"- Ainda não existe comprovação científica, mas sendo monitorada e usada no Brasil e no mundo. Contudo, estamos em Guerra: “Pior do que ser derrotado é a vergonha de não ter lutado.”  - Deus abençoe o nosso Brasil.",anuncio aqui que usarei essa frase inicial em provas e artigos com o argumento de que: se o PRESIDENTE DA REPÚBLICA usa isso para defender um medicamento de eficácia duvidosa em plena pandemia por que eu não poderia usar em uma prova mixuruca da faculdade?,Cloroquina,2,1
Bolsonaro finalmente conseguiu forçar o Min. da Saúde a emitir protocolo que libera o uso em massa da cloroquina. Os pacientes terão que assinar um termo assumindo que o remédio não tem eficácia e que pode até matar. É um atentado contra a saúde pública e a vida dos brasileiros.,Já fiz carta pedindo não usar cloroquina em mim em caso de pegar coronavírus.  Ideia de amiga.  Já está aqui na bolsa. Estou fora.,Cloroquina,1,0
"Apresentei um projeto de decreto legislativo p/ sustar o novo protocolo do  que recomenda uso precoce da cloroquina em pacientes com #Covid19, enqto não houver estudos científicos que comprovem sua eficácia. O presidente não deveria fazer uso político de algo tão sério.","Pq vc, vossa escremência, não foi contra em 2017 quando foi receitada a mesma cloroquina contra a microcefalia??? E mais grave!!! Para gestantes!!! Volta pra sua tumba, ô espírito do mal. #EuApoioBolsonaro",Cloroquina,1,1
"Hoje  tomou uma atitude corajosa, que salvará milhares de vidas: liberou o uso da cloroquina pra todos os casos de COVID-19 no SUS, mesmo os leves  Basta o paciente autorizar o uso do medicamento, que tem se mostrado muito eficaz em diversas partes do mundo",o remédio eh tão eficiente que precisa assinar um termo de responsabilidade pra caso dê merda eles tirarem os deles da reta...,Cloroquina,2,1
"#Debate360 Se a cloroquina é um problema , então qual é a solução ?  O isolamento social não é um remédio e sim uma prevenção",E aí vc responde a um comentário histérico pró cloroquina aleatória com o link da bula do medicamento... ...e a pessoa apaga o post  #menosum #missaocumprida,Cloroquina,0,1
Bolsonaro admite que não há comprovação científica de eficácia da cloroquina contra a covid-19 (via ),"putaquepariu mesmo, a pessoa estuda 6 anos mais especialização pra ter q ser obrigado a dar um remédio que SABE que não tem eficácia porque tem um PRESIDENTE BURRO",Cloroquina,2,0
"Quem é a favor da vida, tem por obrigação boicotar esses locais.","Não devemos de forma alguma como cidadãos, manter a vida boa desses empresariozinhos. Vamos ajudar a terem o nível de vida q merecem. Meu dinheiro nunca mais verão. Havan, Madero, girafas e coco bambu. Preencham a lista com quem tb merece estar aqui.",Cloroquina,2,0
"- Ainda não existe comprovação científica, mas sendo monitorada e usada no Brasil e no mundo. Contudo, estamos em Guerra: “Pior do que ser derrotado é a vergonha de não ter lutado.”  - Deus abençoe o nosso Brasil.","Velho asqueroso vagabundo, enfia a cloroquina no r4b0 seu r4t0 imundo",Cloroquina,1,1
"Apresentei um projeto de decreto legislativo p/ sustar o novo protocolo do  que recomenda uso precoce da cloroquina em pacientes com #Covid19, enqto não houver estudos científicos que comprovem sua eficácia. O presidente não deveria fazer uso político de algo tão sério.","Qdo você for CONTAMINADO  ( espero q n seja) não faça uso da Cloroquina , não esqueça que não há PROTOCOLO.",Cloroquina,1,1
"Que governo é esse que libera um remédio, mas avisa: olha, não tem comprovação de que produza efeitos benéficos? Que exige que o paciente assine um documento autorizando seu uso? Ou seja: ele, governo, não se responsabiliza por nada. Se não se responsabiliza, por que libera?",Por que mortes ocorrerão com o uso cloroquina  é  a maior aberração  feita no mundo colocar um medicamento sem comprovação q mata isso é  interesse sujo porco financeiro,Cloroquina,2,0
"- Ainda não existe comprovação científica, mas sendo monitorada e usada no Brasil e no mundo. Contudo, estamos em Guerra: “Pior do que ser derrotado é a vergonha de não ter lutado.”  - Deus abençoe o nosso Brasil.",tomara mesmo que essa merda de certo porque se esses efeitos colaterais piorarem tudo eu não quero nem ver o desastre,Cloroquina,2,1
"Apresentei um projeto de decreto legislativo p/ sustar o novo protocolo do  que recomenda uso precoce da cloroquina em pacientes com #Covid19, enqto não houver estudos científicos que comprovem sua eficácia. O presidente não deveria fazer uso político de algo tão sério.","Então o q vc recomenda é a morte? Esse é seu remedio? Mostra ai a eficácia de Lockdown, qual o estudo científico, cloroquina é conhecida a vários anos. Morreu esse povo todo tomando cloroquina por acaso? até dipirona ma.ta.",Cloroquina,1,1
"Não dá para fazer brincadeira, né? 1.179 mortes em 24 horas e fazer piada com cloroquina ou tubaína!","Não é brincadeira é salvar vidas......milhares de pessoas já foram salvas com cloroquina, coisa que vcs não querem na globo, vcs querem o caos, por isso a vontade de criticar o tempo todo......vcs não vêem o que o governo já fez de bom, que foram muitas coisas. Jornalismo nefasto",Cloroquina,1,1
"Dê Cloroquina pra ele, cura, não é?","Não seja imbecil, ele foi baleado pela namorada. Mas se vc não quer tomar cloroquina, não toma, não é obrigada, toma quem quer.",Cloroquina,1,1
"Apresentei um projeto de decreto legislativo p/ sustar o novo protocolo do  que recomenda uso precoce da cloroquina em pacientes com #Covid19, enqto não houver estudos científicos que comprovem sua eficácia. O presidente não deveria fazer uso político de algo tão sério.","Você vem com a cara de pau de nos informar desse seu projeto de morte? Você é louco, doido, débil mental! Nós queremos tomar o cloroquina se precisarmos logo no inicio do tratamento. Quem é você pra tirar o direito de quem quer tomar? Acabe com esse projeto de merda.",Cloroquina,1,1
"- Ainda não existe comprovação científica, mas sendo monitorada e usada no Brasil e no mundo. Contudo, estamos em Guerra: “Pior do que ser derrotado é a vergonha de não ter lutado.”  - Deus abençoe o nosso Brasil.",VAI SE FUDEEEEEEEEEEEEEEE,Cloroquina,2,1
"“Redução dos glóbulos brancos, disfunção do fígado, disfunção cardíaca e arritmias”",Se você ler a bula de qualquer remédio vai ver que todos também tem efeitos colaterais que podem te assustar. Não seja tendencioso. Após que se você pegar o Corona toma a CLOROQUINA no mesmo dia.,Cloroquina,1,1
"- Ainda não existe comprovação científica, mas sendo monitorada e usada no Brasil e no mundo. Contudo, estamos em Guerra: “Pior do que ser derrotado é a vergonha de não ter lutado.”  - Deus abençoe o nosso Brasil.",Uma frase Infeliz.,Cloroquina,2,1
tem gente querendo ganhar dinheiro com remédio que não funciona,"meodeos hj eu vi uma amiga de infância falar que a liberação da cloroquina no tratamento da covid é uma luz no fim do túnel, detalhe:  ela é técnica de laboratório  sério, tá cada dia mais difícil a alienação tá tomando de conta  Santa ignorância viu!",Cloroquina,0,0
Bolsonaro finalmente conseguiu forçar o Min. da Saúde a emitir protocolo que libera o uso em massa da cloroquina. Os pacientes terão que assinar um termo assumindo que o remédio não tem eficácia e que pode até matar. É um atentado contra a saúde pública e a vida dos brasileiros.,Tá levando quanto para ser contra a Cloroquina?,Cloroquina,1,1
"- Ainda não existe comprovação científica, mas sendo monitorada e usada no Brasil e no mundo. Contudo, estamos em Guerra: “Pior do que ser derrotado é a vergonha de não ter lutado.”  - Deus abençoe o nosso Brasil.",nossa mais que comentario idiota,Cloroquina,2,1
E quantos morreram sem fazer o uso da cloroquina?,"A questão n é quantos morreram sem fazer uso; a questão é que pregam a cloroquina c/ a fórmula mágica, coisa que n é. Existem diversas manifestações de cientistas a respeito. Se vai desprezar a ciência, então quando o sujeito precisar de fazer uma cirurgia basta procurar o bolso.",Cloroquina,1,1
"Prof na video defendendo cloroquina. Ainda mandou um ""Quem tem lúpus toma e não tem nada"" ""mas não tem avaliar a doença que a pessoa tem, tem de avaliar a pessoa que tá tomando"" vsf","Fdp falando que ""quem n quer n usa cloroquina"" como se o cidadão BR que teve um ensino de merda fosse ter noção dos perigos do remédio, sendo que o ministério da saúde e o presidente tão incentivando o uso",Cloroquina,0,0
"Ah, então, segundo o grupo Globo, o motivo pra não se usar a cloroquina é porque ela “tem riscos!”  Façam o favor, pessoas estão morrendo!  Vocês já leram a bula da aspirina?",", ,vcs são tão hipocritas querendo barrar a cloroquina, mais esqueceram que vcs mesmo no passado fizeram uma reportagem falando que a cloroquina era segura inclusive para gestantes para ser usadas nos casos de zica virus? pq isso? pq na epoca era PT?",Cloroquina,1,0
"Está errado? Está sim! Mas também não existem provas concretas de que de FATO a cloroquina é ineficaz. No meu 3 dia de ai tomara, já tava bem mal, 25% do pulmão, tomei o remédio e em 3 dias obtive melhora. Então parem de meter política na saúde!","Não se trata d meter política no meio, Minha querida, é q cientistas ao redor do mundo vêm dizendo, q a Cloroquina não é eficaz no combate ao COVID19, só isso.",Cloroquina,1,1
Pq ainda tem gente morrendo onde estao usando cloroquina a mais de 2 meses já?,"Por que tem gente usando Cloroquina quando já não tem o que fazer e não no início, quando ela sempre foi indicada? Ciência, né? Você não sabe a diferença entre o períodos de uso e quer discutir usando matéria enviesada.",Cloroquina,1,1
"- Ainda não existe comprovação científica, mas sendo monitorada e usada no Brasil e no mundo. Contudo, estamos em Guerra: “Pior do que ser derrotado é a vergonha de não ter lutado.”  - Deus abençoe o nosso Brasil.",poxa galera vamos todos morrer,Cloroquina,2,1
"Só nao diz que é falta de respeito minha, pq quem disse que a cloroquina salva em nome de jesus foram seus parceiros negacionistas (nisso vcs formam uma bolha, a bolha da ignorância )","Sua tbm! Eu disse pq vc usou já 2 vezes essa espressão, em duas postagens minhas, para caçoar fazendo ironias, para falar da Cloroquina! Então respeite a fé das outras pessoas, se vc diz achar que eles desrespeitaram, então, pq vc usou o (que vc diz achar ser) desrespeito?",Cloroquina,1,1
"Chioro:""Esse protocolo não é assinado por ninguém, não há um responsável. Hj temos evidência de que cloroquina não funciona para pacientes graves. E já começamos a ter de que nem para uso profilático ela tem indicação.(...)Acho que ele será desrespeitado pelos médicos"" #debate360","É assustador essa sua postagem... O insano Bolsonaro derrubou dois Ministros  Médicos, tanto fez, tanto fez, que criou um protocolo só para chamar de seu... Entre Cloroquina, Tubaína, eu fico com a ciência, eu fico com a medicina!",Cloroquina,2,0
"“Redução dos glóbulos brancos, disfunção do fígado, disfunção cardíaca e arritmias”",Vá a merda rapaz!!! Eu tomei por dois anos  de forma profilática na África!! A malária africana é mais agressiva. Se esperar atinge o sistema nervoso central e tchau. Coma e morte! Eram 7 dias sendo tratado com cloroquina. A droga é  conhecida a 80 anos. Vocês são lixo!!!,Cloroquina,1,1
"Esse corno n investe NADA na ciência,e ainda espera uma solução cara  Isso q n pode. Esse negócio de cloroquina é o cúmulo da ignorância","Simm, fico mt triste de ver pessoas acreditando nesse papo furado sobre cloroquina, minja avó veio falar disso hoje e eu tive que explicar td pra ela, por sorte ela me escuta... mas imagine quem não escuta e acaba seguindo a fala de alguém sem o mínimo de conhecimento sobre",Cloroquina,1,0
"Se essa galera aí contra a cloroquina tiver o covid e precisar ir pra UTI, vão tomar até bosta se disserem q cura. Existem vários estudos q concluem q tomando a cloroquina no início dos sintomas, o tempo de internação cai bastante. Mas se não quiser, pode tomar tubaína arrombado.","Não vi esses estudos, se eu for na lógica de ""muita gente que toma cloroquina é curado"" eu também vou na lógica de ""muita gente não toma nada e é curado"", logo, nada cura e eu prefiro o nada porque não tem efeito colateral incluindo a possibilidade de óbito.",Cloroquina,1,1
"Vc não parece estar bem, já tomou sua dose de cloroquina hj? Muito me admiro que uma mulher defenda um cara que nunca respeitou as mulheres. Vc é o quê? Masoquista? Vá cheirar Cloroquina pra ver se melhora ...","Quem entende de cheirar é a Esquerda, principalmente se for pó branco!  E se vc precisar da cloroquina, resista, não tome! Seja fiel à sua ideologia",Cloroquina,1,1
"Apresentei um projeto de decreto legislativo p/ sustar o novo protocolo do  que recomenda uso precoce da cloroquina em pacientes com #Covid19, enqto não houver estudos científicos que comprovem sua eficácia. O presidente não deveria fazer uso político de algo tão sério.",Na realidade o medo da oposição e de pessoas como você é que a Cloroquina realmente dê resultados comprovados e salve vidas. O que tornaria o Presidente certo e vocês errados. Estão de olho na corrida presidencial não somos idiotas.,Cloroquina,1,1
"- Ainda não existe comprovação científica, mas sendo monitorada e usada no Brasil e no mundo. Contudo, estamos em Guerra: “Pior do que ser derrotado é a vergonha de não ter lutado.”  - Deus abençoe o nosso Brasil.","Não preciza de ciensia capetao bozonaro, basta fe  deus te elimine e te abandone",Cloroquina,2,1
Bolsonaro admite que não há comprovação científica de eficácia da cloroquina contra a covid-19 (via ),"Depois de produzir o medicamento em grande escala sabendo que não tem comprovação científica, agora quer se livrar do estoque e arriscar vidas. Governo irresponsável",Cloroquina,2,0
"Apresentei um projeto de decreto legislativo p/ sustar o novo protocolo do  que recomenda uso precoce da cloroquina em pacientes com #Covid19, enqto não houver estudos científicos que comprovem sua eficácia. O presidente não deveria fazer uso político de algo tão sério.","Depois que tiver morto haverá estudos que dirão que era seguro usar a cloroquina mas os mortos permanecerão mortos, você deve estar se enchendo os bolsos com dinheiro de laboratórios mas se pegar a doença irá pedir para tomar safado.",Cloroquina,1,1
"Bolsonaro quer aplicar Cloroquina a qualquer custo. Porém, o paciente precisará assinar um termo de ciência que NÃO existem dados sobre a eficiência para Covid-19 e que está ciente que pode sofrer uma parada cardíaca. Você vira cobaia do Presidente e o isenta de responsabilidade.","tá na hora de deixar essa cloroquina quieta, e deixar o médico e o paciente resolverem essa questão;",Cloroquina,1,0
"A discussão sobre Cloroquina é falsa. Ela nunca foi proibida, nem será obrigatória. Os médicos mais atualizados, só prescrevem seguindo preceitos cientificos. Já os charlatões, usam de forma massiva pq nunca precisaram da ciência. A pressão do Bolsonaro não muda essa realidade.","Imprensa imunda e os esquerdopatas lutando contra o uso da Cloroquina, estes imbecis já leram a bula da dipirona, que vc compra em qualquer padaria da esquina?",Cloroquina,0,1
"“Redução dos glóbulos brancos, disfunção do fígado, disfunção cardíaca e arritmias”","Meu avô começou tomar cloroquina com 80 anos p reumatismo, morreu com 98 quando dormia.  No meu avô ñ teve todos esses efeitos colaterais não",Cloroquina,1,0
"Os médicos concordam que a proposta de tratamento deve ser conversada entre o médico e o paciente, da maneira “mais democrática e saudável possível”",Se a cloroquina é a tal pq o paciente tem q assinar um termo de responsabilidade. Manda o general com cara de bebê sauro assinar.,Cloroquina,1,-1
"Vi no Jornal da Globo uma descrição dos efeitos colaterais da Cloroquina e da Hidroxocloroquina.  A partira daí,  parece que é melhor dar um tiro na própria cabeça do que usar esses medicamentos. Não sei como o pessoal que usou para combater a malária sobreviveu.","Ja leu as bulas da DIPIRONA, AS, e de outros comuns ? É  melhor ir para a selva e começar a se ""consultar"" com o pajé.  Estranho é que a 2 anos atrás  falava-se do uso em gravidas para a Zika, agora essa bandalheira. O problema da HCC é que CURA, INCLUSIVE A CORRUPÇÃO.",Cloroquina,2,0
"Tomo cloroquina há 16 anos. A dosagem é super- controlada através de exames periódicos. O uso excessivo pode danificar rins, fígado, pâncreas além da questão cardíaca! Esse irresponsável que que a população se exploda!!!",Creio que seja controlada a dosagem ...e não fazer um bolo de cloroquina com recheio de azitromicina.,Cloroquina,1,0
"Calma, bando de 0tári0.  O tratamento está acabando. E isso diz na própria matéria. PRIMEIRO parágrafo.","Otários? Se existe um tratamento preventivo que uma vez feito não se contrai mais COVID19 então é vacina! Aleluia! Eu sabia que o Trump tem cara, andar e fala de zé ruela, mas não é! Ele tinha a vacina e não falou pra ninguém! O nome dela é: cloroquina, cloroquina, cloroquina...",Cloroquina,2,-1
Acha mesmo q o brasileiro com pouco esclarecimento e vai ao posto de saúde sabe o q é cloroquina e seus efeitos colaterais?,"Tenho parente que tem esclerose Múltipla , toma Cloroquina a 8 anos 400 mg dia ! Remédio barato e eficaz ela nunca acusou efeito colateral !",Cloroquina,1,0
"""tem tbm as pessoas q foram medicadas e recuperadas!"" da mesma forma que A GRANDE MAIORIA DAS PESSOAS QUE RECEBEM ALTA NÃO SÃO MEDICADAS COM CLOROQUINA, e melhoram. ou seja, a cura pode não ter vindo da cloroquina","Mtas pessoas foram recuperadas com vários tratamentos, porém, o n°. dos q morrem usando esses outros tratamentos, são esses divulgados toda hora, cada um com tratamentos diferentes! Mas, com a cloroquina tem menos mortes comprovadas em estudo científico! E, em vidas q o seguiram!",Cloroquina,1,0
"- Ainda não existe comprovação científica, mas sendo monitorada e usada no Brasil e no mundo. Contudo, estamos em Guerra: “Pior do que ser derrotado é a vergonha de não ter lutado.”  - Deus abençoe o nosso Brasil.","não sou homofóbico, mas...",Cloroquina,2,-1
"Brasil renovou o recorde de mortes por coronavírus: 1.179. 17.971 no total!  Bolsonaro: “Quem é de direita toma cloroquina. Quem é de esquerda toma Tubaína"".  Canalha traidor!!!!","Viva a liberdade de escolha, quem quiser tomar cloroquina toma quem não quiser a vida é dela..... Lembra Artur, liberdade, menos estado.... O que vc virou.....",Cloroquina,1,1
"""Nós não faremos a distribuição e nem aplicação generalizada da cloroquina, porque a ciência não recomenda"", disse o governador de São Paulo, João Doria.","PSDB Manipulação de Informações,  vocês não engana mais os brasileiros.  O isolamento horizontal não tem comprovação científica.   Neste modelo em vários países aumentou a contaminação.  PSDB sempre foi incompetente, não fez estrutura de saúde, 8 anos de Alckmin.",Cloroquina,2,1
"Do  no  : “sabe qual minha opiniao sobre a cloroquina? Nenhuma. Eu não estudei, não sou médico, não é questão de opinião”.","Não é questão de opinião e sim questão de liberdade. Quem for infectado e quiser tomar cloroquina tome, quem achar que não vale nada não tome. Só lembre que os médicos top do Brasil Dr Uip e Dr Kalil tomaram. Será que não vale nada?",Cloroquina,1,0
"Mesmo que quiséssemos, sabe quais são os problemas para prescrever Cloroquina COM SEGURANÇA em todo o país? Segue esse fio e acompanhe a história de Seu Jair, um paciente hipotético do mundo real. (Fio Hipotético tá? Não jogamos nossos Diplomas no lixo ainda não)",Esse paciente hipotético é complicado,Cloroquina,2,0
"juro pra vcs que eu me esforço, mas não consigo acompanhar os pensamentos e as intenções do christopher. nessa materia que ele divulgou da cloroquina no brasil, o próprio título já explica que a OMS não recomenda esse medicamento. no fim das contas ele tá apoiando ou criticando?","Quem quiser usa e quem não quiser não usa, pra que tanta falação? Que saco. Especialistas criticam novo protocolo de hidroxicloroquina e cloroquina; veja a repercussão | Coronavírus | G1",Cloroquina,0,0
Agora cada médico receita a cloroquina quando bem entender. Pau no cu do Doriana.,"Cloroquina ou estriquinina, ele escolhe o que quer tomar.",Cloroquina,1,0
"Cloroquina, cloroquina...","QUEM NÃO QUISER, NÃO TOMA.",Cloroquina,2,-1
"Pessoal diz que cloroquina não tem efeitos contra o COVID, mas não explica os doentes curados. Remédio fantástico, cura somente com a fé dos pacientes ou do médico!","Alguem me tira a dúvida, o ministério da saúde botou cloroquina no tratamento de covid leve, mesmo sem eficácia e com efeitos colaterais, isso quer dizer que sou obrigado a prescrever? Se não prescrever o paciente pode me processar?",Cloroquina,0,0
"Meu pai me mandou um video da Nise Yamaguchi na CNN Brasil defendendo HCQ+azitromicina para tratamento de casos leves/iniciais de #COVID19 , e perguntando se eu tinha alguma opinião sobre isso. Bem, eu tenho. Segue o fio (sem slides bonitinhos ou gifs dessa vez, sorry)",Devotos da Cloroquina e aqueles que estão confusos com esse medicamento. Sigam o fio,Cloroquina,2,0
pq a Unimed prescreve o uso da Cloroquina + azi para tratamento inicial do covid-19   e o SUS não?   pq o “rico” pode tomar e o pobre não?   curioso...,"Digitem ""termo de ciência e consentimento cloroquina"" no Google. Vai abrir um PDF do Ministério de Saúde, documento que os pacientes com Covid-19 deverão assinar, onde fala que o remédio não tem eficácia comprovada e que pode causar efeitos colaterais.",Cloroquina,0,0
"Continuarão ocorrendo mortes. Cloroquina é um tratamento, não um milagre. Nem vacinas têm 100% de eficácia. Cloroquina ajudará a salvar muitas vidas, mas não todas. Uma pessoa pode combater uma doença (qualquer uma) tendo o tratamento mais adequado e, mesmo assim, ir a óbito.","Os anta tão desesperados, o patrão vai perder a cabeça, quando a cloroquina começar a dar resultados expressivos no combate ao virus. Vou tomar cloroquina, é meu Direito e esta sob minha responsabilidade.",Cloroquina,1,0
Prefiro tubaína,Meu Deus... essa gente merece cloroquina mesmo,Cloroquina,1,0
"Essa experiência de demonizar a cloroquina vai se  virar  contra os médicos e mídia...  Que  tal  se alguém  disser assim: ""Viram  como  um medicamento  usado  a décadas  é venenoso e só descobrimos agora?"" E se assim for para  as vacinas tb?""  Abre o olho dr....","Isto aqui é seríssimo.  Bolsonaro tentou alterar bula da cloroquina, diz Mandetta  via",Cloroquina,0,-1
"A cloroquina é ocasionalmente usada no tratamento de amebíase extraintestinal, artrite reumatoide e lúpus eritematoso. (wikipedia)",Alguém de vocês já tiveram que fazer algum exame com contraste e leram a declaração que somos obrigados a assinar? Por que a celeuma com a Cloroquina que até antes da pandemia era vendido sem qualquer receita médica?,Cloroquina,0,0
"A discussão sobre Cloroquina é falsa. Ela nunca foi proibida, nem será obrigatória. Os médicos mais atualizados, só prescrevem seguindo preceitos cientificos. Já os charlatões, usam de forma massiva pq nunca precisaram da ciência. A pressão do Bolsonaro não muda essa realidade.",quem foi que colocou o mini bolsominion com a cloroquina na mão no meu feed ??????,Cloroquina,0,0
"Em SP o protocolo inclui todas as pajelanças: vermífugo, corticoide, anticoagulante, 2 antibióticos, cloroquina. Se o médico quiser ele pode recomendar vick vaporube, xarope de guaco e agrião, emplastro sabiá. O CFM pode se omitir ou ser contra,não existe obrigação ditada por ele","O motivo da minha resposta, foi um quanto ao  fato do médico ser acusado de charlatanismo ou ser cassado pelo uso de Cloroquina. Não cabe. Existe uma diretriz dada pelo CFM. Existe regulamentação. Não é ilegal. É isso.",Cloroquina,1,0
"Por que será que há tão pouco tempo a cloroquina não tinha contraindicações, nem para mulheres grávidas, e hoje se faz tanto alarde???",Cloroquina... esse nome lembra JB... lembra a Índia vendendo para o Brasil... lembra um “protocolo” que foi “pro teu colo” General e que da leitura do TCLE fica claro que é para não usar mas agradar JB . #politicasemnó,Cloroquina,0,-1
"Brasileiro toma por conta própria, Rivotril, termogênico, analgésicos, Sibutramina, Deca, Durateston, Viagra, remédio para pressão, toma CITOTEC, pílulas do dia seguinte, etc. Mas acha um absurdo usar cloroquina no tratamento da COVID-19, pois o remédio tem efeitos colaterais.",Segundo pesquisas do médico indiano Dr. Jalim Rabei a cloroquina tem 150% de eficácia em pacientes cornos,Cloroquina,0,1
Será que quando o gov.federal publicar o protocolo da cloroquina o Dória vai dizer que é pai do medicamento?   Será que o Dr. Uip vai negar de novo que usou o remédio para se curar mesmo que isso destine seus governados para as covas de Bruno Covas vazadas para o Washington Post?,Cloroquina não! Hidroxicloroquina! A Hidroxicloroquina minimizou os efeitos colaterais da Cloroquina.,Cloroquina,1,0
Se um médico prescrever cloroquina eu nunca mais volto nele,"Se eu for em estado grave e um médico me prescrever cloroquina o que me resta é confiar. Porque eu como advogada preciso que meu cliente confie em mim, nos meus anos de estudo, dedicação e experiência.",Cloroquina,2,0
"O Ministério da Saúde divulgou nova orientação para os médicos do SUS, permitindo o uso de cloroquina e hidroxicloroquina na fase inicial da Covid-19. O uso dos remédios, sem eficácia comprovada, é alvo de críticas de associações médicas:  #JN","CHO SATANÁS SUA MALDITAAA  O MUNDOOO INTEIRO ESTÁ UNIDOS POR CAUSA DA DOENÇA AQUI NO BRASIL OS GOVERNADORES, STF STJ OAB ONU UNI, OMS, CÂMERA SENADO TODOS ROUBANDO O PAÍS PELA CAMPANHA ELEITORAL",Cloroquina,2,1
"Queridinha, sei muito bem os riscos e sei que não é a ""esquerda"". Bom só 3 idiotas no mundo estão falando sobre a cloroquina. Bolsonaro, Trump e Maduro olha que maravilha. 99% dos cientistas dizem que não tem validade, nem tem o que discutir isso não é ""esquerda ou direita"".",Mais obscurantista que isso é impossível. - abaixo a ciência! Terra plana! Cloroquina!,Cloroquina,1,-1
"“O que o Ministério da Saúde está recomendando não é a autoprescrição do medicamento. É o direito para que todos os brasileiros possam ter acesso à medicação, a partir da avaliação médica, já regulada pelo Conselho [Federal de Medicina].”","CLOROQUINA NUNCA precisou de prescrição   COMUNISTAS ASSASINAM POVO BRASILEIRO  ,PARA PEGAR DINHEIRO   Vcs vão arder no inferno.    AI -5 já   Ou esperam assasinem mais brasileiros... Políticos usam CLOROQUINA",Cloroquina,2,-1
Prisão. Não tem lastro da ciência que dá resultados e cria uma enormidade de efeitos colaterais.,"Já que a Cloroquina é a prisão, a vacina o que é?",Cloroquina,2,-1
"- Ainda não existe comprovação científica, mas sendo monitorada e usada no Brasil e no mundo. Contudo, estamos em Guerra: “Pior do que ser derrotado é a vergonha de não ter lutado.”  - Deus abençoe o nosso Brasil.","Eu só não entendo porque não podemos usar a Hidroxicloroquina , já que segundo os médicos a mesma tem menos efeitos colaterais que a Cloroquina",Cloroquina,2,0
"- Ainda não existe comprovação científica, mas sendo monitorada e usada no Brasil e no mundo. Contudo, estamos em Guerra: “Pior do que ser derrotado é a vergonha de não ter lutado.”  - Deus abençoe o nosso Brasil.",Agora pode falar a verdade? Kkkk,Cloroquina,2,-1
"Aah tá bom, então a cloroquina só funciona com brasileiro e o mundo que lute! Nem rindo eu não tô mais... #chupauniverso",#DEBATE360 VOCE NÃO TOMARIA A CLOROQUINA SE ESTIVESSE COM COVID SR ARHUR?,Cloroquina,0,-1
"- Ainda não existe comprovação científica, mas sendo monitorada e usada no Brasil e no mundo. Contudo, estamos em Guerra: “Pior do que ser derrotado é a vergonha de não ter lutado.”  - Deus abençoe o nosso Brasil.",Boa meu presida é isso aí vamo usar a dose de cloroquina de acordo os signos das pessoas tbm avante Brasil n pode parar #uen,Cloroquina,2,-1
O médico que receita Cloroquina é o mesmo que prescreve/solicita: - antibiótico para tosse  - antibiótico para diarréia  - antibiótico para dor de garganta - RX ou Tomografia para dor nas costas - longas listas de exames de rotina Não seja esse médico. Esse é o mau médico.,"Ué, mas que que tem os exames de rotina?",Cloroquina,2,0
"Li uma matéria num Jornal do G1 q descrevia os efeitos colaterais da Cloroquina e da Hidroxocloroquina. Daí em diante, parece q é melhor dar um tiro na própria cabeça do que usar esses medicamentos. Não sei como o pessoal q usou para combater a malária sobreviveu. Quanta putaria!","Patriota, o G! é da Globo. Se o Ministro Da Saúde interino liberou o uso do medicamento, é claro que a emissora lixo não deixaria de fazer a politicalha do contra. Tudo que o Governo faz os papagaios da Globo condena.",Cloroquina,2,0
"""Nós não faremos a distribuição e nem aplicação generalizada da cloroquina, porque a ciência não recomenda"", disse o governador de São Paulo, João Doria.","Cloroquina só pra tratar os médicos da equipe dele, aí a ciência não foi empecilho... Para o povão este canalha do Dória quer que só convalescam e morram da doença... Corrupto imundo.",Cloroquina,2,1
"Vi no Jornal da Globo uma descrição dos efeitos colaterais da Cloroquina e da Hidroxocloroquina.  A partira daí,  parece que é melhor dar um tiro na própria cabeça do que usar esses medicamentos. Não sei como o pessoal que usou para combater a malária sobreviveu.",Devem ser imortais esse pessoal q pegou malária e tomou a vida toda o cloroquina,Cloroquina,1,0
"A senhora foi na   e disse que não tem provas científicas da eficácia da cloroquina, agora vem falar que cloroquina salva vidas, não entendi.","Cloroquina é um remédio, não é?",Cloroquina,1,-1
Tão ruim que tomou o remédio sem mesmo ter comprovação. Acho que o dono da RBS não é gado.,"Se vc quiser, pode tomar. Eu ñ tomo.",Cloroquina,1,0
Não há comprovação científica da eficácia da cloroquina.  Quem disse isso? Bolsonaro.  O mesmo Bolsonaro que só liberou novo protocolo sobre o uso em pacientes com quadro leves APÓS editar MP que o isenta de responsabilidade.  Isso é fazer cálculo político com VIDAS!,Algum de vcs já foram entrevistar quem se curou com a tal Cloroquina??,Cloroquina,1,-1
Vocês também estão sentindo que o clima aqui no Twitter deu uma melhorada?,A Sra curte uma censura?,Contas suspensas,1,1
Vocês também estão sentindo que o clima aqui no Twitter deu uma melhorada?,"Um dia pode ser a sua conta bloqueada, quero ver se vai gostar, não comemore a falta de liberdade e censura, a não  ser que seja seu plano.",Contas suspensas,1,1
Vocês também estão sentindo que o clima aqui no Twitter deu uma melhorada?,"Pra tu que ama uma ditadura,é um grande dia...",Contas suspensas,1,1
Vocês também estão sentindo que o clima aqui no Twitter deu uma melhorada?,"Saudade de uma censura, não é minha filha?",Contas suspensas,1,1
Vocês também estão sentindo que o clima aqui no Twitter deu uma melhorada?,"Todo bom comunista comemora censura, depois sai na rua gritando por liberdade, coerência zero.",Contas suspensas,1,1
Vocês também estão sentindo que o clima aqui no Twitter deu uma melhorada?,Incrível como comunista gosta de uma censura,Contas suspensas,1,1
Vocês também estão sentindo que o clima aqui no Twitter deu uma melhorada?,"Comemorando censura, é muito tosca msm",Contas suspensas,1,1
"Po, tem um monte de página no twt que propaga a antivacina. Cade o governo pra isso, se vocês são a favor do estado controlar a poha toda ok, mas continua sendo censura","Repito:  Não é censura qndo vc já foi avisado, explicado e esclarecido do pq vc deve parar.",Contas suspensas,1,1
Vocês também estão sentindo que o clima aqui no Twitter deu uma melhorada?,Gente de esquerda PTRALHAS batendo palmas para censura piada pronta,Contas suspensas,1,1
Vocês também estão sentindo que o clima aqui no Twitter deu uma melhorada?,"Só CÚmunistinha caviar e acéfala comemora tamanha arbitrariedade! Hj censura um lado, amanhã o seu lado... mas otaria não percebe! Não possui o mínimo de discernimento para compreender a atual situação! Aproveitando, como estão as missas online, tá curtindo?",Contas suspensas,1,1
"Caralho, mas o 2 é o melhor é como se tivesse sem censura, porquê dá pra ver o pau facilmente","mano, você quer ver o pau dos cara?? eu n gosto dessa censura pq as vezes, cobra a bct toda",Contas suspensas,1,0
"Hoje são   Allan dos Santos Bernardo Kuster Edson Salomão Luciano Hang Roberto Jefferson Otávio Fakhoury Sara Winter   Amanhã pode ser vc.  Vc, conservador. Vc, que apoia Bolsonaro.   E vc tbm, idiota de esquerda que tá comemorando essa censura covarde.  #VozParaBernardoKuster","""censura covarde"",ok, então isso quer dizer que qualquer ralé por aí pode sair falando inverdades baseado em nada e ainda mais gerando ódio e mais ódio podem ficar impunes? Ah tá",Contas suspensas,1,1
"Caio, sério que vc está comemorando censura? Dizendo que o ""ambiente melhorou""? Parece os saudosistas do Reg. Militar dizendo q ""naquele tempo não tinha mendigo na rua""...",Que censura?,Contas suspensas,1,1
"Já é hora, já passou da hora de acabar com esse inquérito inconstitucional, com ares de censura, que não soma nada -- só enxovalha mais o combalido Judiciário brasileiro.","“Ares de censura” , vc está muito condescendente hj ... estamos no caminho da Venezuela e o Congresso parece apoiar .",Contas suspensas,1,0
Vocês também estão sentindo que o clima aqui no Twitter deu uma melhorada?,Bolsonaro22  Sem censura,Contas suspensas,1,0
Os idiotas que comemoram a censura nem imaginam que mais cedo ou mais tarde será com eles,Combater mentiras não é censura.,Contas suspensas,1,1
A turma que tem medo do Presidente BOLSONARO assiona o Ai-5. Hoje comemorar a censura do STF.    Hipócritas é pouco pra esses porcos.  A esquerda brasileira é uma merda.  #FreedomOfSpeech,"então  , não foi censura ?",Contas suspensas,0,0
"Você pode odiar o Bolsonaro, mas se vc não for contra a censura do STF, em breve, vc mesmo pode ser vítima dela. Isso atinge o Brasil.  ""Posso não concordar com nenhuma das palavras que você disser, mas defenderei até a morte o direito de você dizê-las.""  Evelyn Beatrice Hall",Vc ta pedindo demais   Essas pessoas não estão ligando p censura p liberdade não isso só funciona p lado deles  Se for do outro pode fazer o q for,Contas suspensas,1,0
"Quem apoia e dá ouvidos a corruptos que assaltaram cofres públicos, como Roberto Jefferson, não deveriam usar a bandeira brasileira no perfil. Pois você é tudo, amigo, menos patriota.","1. Vc é putinha vingativa de MBL e eu não precisei falar nada da vergonha e da culpa q vc carrega compartilhando conteúdo dessa gente até agora. Pq n preciso ser tão baixo pra acusar ngm de ser ""apoiador "" de corrupto.",Contas suspensas,2,1
"Grande dia? Eu não gosto da Sara mas isso é censura, pura e simples.","Grande dia? Até que o lixo da extrema esquerda vá para o mesmo bueiro aí talvez ele reclame tbm Mal do brasileiro é torcer para q aconteça com o outro oq não quer que aconteça com si próprio Bolsopetistas é isso mesmo Os dois são a favor da censura,desde q não sejam os censurados",Contas suspensas,1,0
"Impedir os ativistas de direita de se manifestarem pelas mídias sociais é censura prévia. Uma coisa é investigar e eventualmente punir por aquilo que publicaram; outra, inteiramente diferente, é impedir que falem.",Se eles quebram regras da plataforma. Não é censura. Combater discussão de ódio não é censura.,Contas suspensas,1,1
"Se vocês não perceberam ainda, quem pede para vocês não criticarem, ficarem quietos sobre a PL da Censura e com os excessos do careca porque ""vai dar tudo certo"" tá querendo ferrar todos vocês.  Vocês já estão se acostumando com a censura e nem estão percebendo.","O mais engraçado de tudo, incrivelmente, eles não fazem parte do inquérito, não sofreram buscas e nem censura. Só coincidência, tá!?",Contas suspensas,1,0
"Hoje são   Allan dos Santos Bernardo Kuster Edson Salomão Luciano Hang Roberto Jefferson Otávio Fakhoury Sara Winter   Amanhã pode ser vc.  Vc, conservador. Vc, que apoia Bolsonaro.   E vc tbm, idiota de esquerda que tá comemorando essa censura covarde.  #VozParaBernardoKuster","O esquerdista comemorando a censura, cedo ou tarde vai cair em uma versão da citação de Niemöller:  ""Quando a censura veio calar os conservadores, eu fiquei em silêncio. Eu não era conservador.............  O final, hmmmm, é maravilho para todos!",Contas suspensas,1,0
"Quem comemora a censura hoje, será alvo da censura amanhã. É a lógica de qualquer ditadura.",Se precisa calar é pq a esquerda precisa apelar para tentar ganhar o jogo na sociedade! Revoltante a censura e a falta de respeito com a opinião da direita!,Contas suspensas,1,0
"Os senadores de Minas    Calados em relação a gravíssima e inaceitável censura imposta a cidadãos livres. O ataque as liberdades individuais, liberdade de expressão tem a cumplicidade do pior senado da história com um verme  ditador","GRANDE DIA   O quê a bolsolândia chama de censura,eu chamo de PAAAAZZZ de não ter o desprazer de ver as fakenews dessa quadrilha sendo compartilhadas a torto e a direita. Derruba tudo STF!!",Contas suspensas,0,1
Sobre contas de conservadores sendo banidas: a liberdade de expressão é direito fundamental garantido em nossa Constituição e deve ser válida para todos.,Na hora de promover Lava-Toga vcs abafaram geral né?  Fica difícil combater censura dessa forma.,Contas suspensas,1,1
"A Partir do Momento que a Pessoa é impedida de expressar sua Opinião seja ela qual for e como for, É CENSURA. Não tem Conversa.","Não, a partir do momento em que essa expressão passa a se enquadrar em crime, parar a pessoa não é mais censura. Difamação, acusar pessoas de crimes sem ter provas, é crime.",Contas suspensas,1,1
"Não há como aceitar a censura. Não há como aceitar que aplaudam a censura. Liberdade de expressão a todos, aqueles que pensam como eu e os que pensam de forma diferente.",Não à censura. #VozParaBernardoKuster,Contas suspensas,1,0
"O que vc pensa de um edital de cultura com censura prévia? A prefeitura de Porto Alegre lançou edital p/ auxílio emergencial cultural q restringe a liberdade de expressão dos artistas, impondo como condição q o assunto não tenha cunho político ou religioso.",Tipo a censura do STF que você aplaudiu?,Contas suspensas,1,1
"Ainda insistindo em Censura no caso claro de crimes? STF só faz justiça quando e ""agrada"" vocês? Pelo jeito a lavagem cerebral funcionou perfeitamente pra ficar repetindo o discurso do presidente Psicopata...","Se vc não sabe a definição de censura, procure saber. Pela sua assertiva, então, vc afirma que quando da prática de crimes, deve haver censura?",Contas suspensas,1,1
"Basta você não ler, nem ouvi-los, por livre e espontânea escolha. Agora censura não.  Censura é inaceitável.","Combater discurso de ódio não é censura, é justifica",Contas suspensas,1,1
"Twitter fazendo a limpa em contas de conservadores: Bernardo Küster, Allan dos Santos, Enzuh, Sara Winter tiveram suas contas ""retidas"" por determinação judicial (o que pode ter a ver com o inquérito das fake news do STF).  CENSURA!",fala que punir disseminação de fake news é censura do meu lado pra ver o socão que eu vou dá no seu pescoço,Contas suspensas,0,1
"Não há como aceitar a censura. Não há como aceitar que aplaudam a censura. Liberdade de expressão a todos, aqueles que pensam como eu e os que pensam de forma diferente.",A censura é boa para quem teme a verdade! #CensuraNao,Contas suspensas,1,0
"No mínimo vc tbm foi a favor da ordem de censura à Crusoé e da obstrução de justiça cometida pelo Alexandre Imoral e Alcolumbre, Chupa ovo de ditador togado.","Ora ora...allan dos panos postou vídeo no youtube. Que censura é essa?  Alguém está proibido de falar algo e eu não sei?   Ou tiveram as contas suspensas (por tempo determinado)? Ha algum impedimento de abrirem novas contas?  Sim, é  MI MI MI , maiúsculo mesmo.",Contas suspensas,1,1
"Não caiam nessa de ""censura"". As contas ligadas ao governo bloqueadas hoje atuavam de maneira orquestrada com exércitos de robôs para atentar contra a democracia. Democracias hoje não sucumbem só com tanque na rua, mas com desinformação e fake news nas redes sociais.","Robôs assassinos tomando o poder como no filme O Exterminador do Futuro. Se o nosso heroi da cabeça lustrada Alexandre de Moreas não impor a censura pra defender a democracia, a humanidade corre o risco de ser extinta.",Contas suspensas,1,1
"Uma das situações mais desprezíveis da atualidade: democratas &amp; humanistas de carteirinha (e sindicato) comemorando, de forma efusiva, a censura de seus desafetos políticos. Quero ver quando a censura bater na canela da tchurma. Patifes!",Bem se vê q eles nao aprenderam absolutamente nada com a historia da civilização e repetem os mesmos erros... A censura baterá à porta deles tb...,Contas suspensas,1,0
"A maioria não está opinando e sim agredindo. Hoje, aquela moça que foi presa, postou, novamente, xingamentos ao Min. Alexandre de Moraes. Não tem recuperação, eles querem Liberdade de Agressão!","Espera ai, o que é mais grave? uma menina xingar o STF ou este que deveria ser guardião das leis fazer o que está fazendo jogando no lixo a constituição? Se eu fosse vc estaria menos preocupada com xingamentos ao Alexandre de Moraes.",Contas suspensas,1,1
Não é defender censura cara é não apoiar feke news.......... É  a democracia em sua forma plena na vida das pessoas! #ForaBolsonaro,Combater Fake News com censura prévia é uma das formas estupidas de enfrentá-lá.,Contas suspensas,1,1
"General, até onde iremos com esse STF? Voltamos à censura?","O Felipe Neto sabe que os perfis não foram derrubados por violar as diretrizes do Twitter. Ele sabe que foram derrubados com base num inquérito.  O que ele está fazendo é uma tentativa de transformar e ""suavizar"" a sua comemoração pela censura num agradecimento ao Twitter +",Contas suspensas,0,0
"meus dois dentes grande na frente sao quebrados, um deles quebrei duas vezes, acho que tenho 40% de massa em cada um heuehueheueheh hoje em dia se quebra eu nem me preocupo pq sei que é a massa só, nem da pra ver a diferença tbm","na última vez que eu quebrei era só massa, faz uns 3 anos, eu tinha dormido na minha vó, era meu ANIVERSÁRIO, eu tava com a antena do meu celular na boca(sim eu era porca n julguem) e o meu tio tacou uma almofada em mim e a minha massa quebrou vei",Contas suspensas,2,0
Censura é um ato de proibição de exposição de ideia e pensamentos. Não tem nada haver com dados de investigação.,"Censura é aquilo que a Sara inverno e várias dessas contas bolsonaristas retidas defendem, né? Hummm, entendi.",Contas suspensas,1,1
O tiranete Alexandre de Moraes passou de todos os limites. Ele agora decide sozinho qual informação pode circular no país? Ele decide quem fala e quem cala a boca? Ou os democratas reagem agora a este ato de censura s/ precedentes ou não podem mais falar em liberdade de expressão,Só existe democracia com pela liberdade de expressão.,Contas suspensas,2,0
"4) Vamos a exemplos? Sem problemas.  Aqui, post de Allan dos Santos sobre a Covid-19, infringindo de maneira clara e inquestionável as normas criadas pelo Twitter para lidar com a pandemia.  Ele chegou a postar vídeo falando ""Coronavírus é o caralho"".",Esse allan infringiu várias regras... Pior do que ele é que dá ouvidos aos absurdos,Contas suspensas,2,0
Instrumentos usado pela ditadura para silenciar opositores é a censura.,"Na vdd censura é o termo genérico para repressão da expressão. É o ato, não o instrumento. Os instrumentos são muitos e incluem as ""leis de segurança pública"", boicote de verbas etc.",Contas suspensas,1,0
"Que duplo padrão escroto que tu tem, Manuela. Se fosse da tua turma, ia ficar pistola e reclamar de censura e ditadura.","Ela nunca iria reclamar de censura e ditadura, isso é raiz do trabalho dela. Nesse caso, ela colocaria a culpa no capital.",Contas suspensas,1,0
"Uma das situações mais desprezíveis da atualidade: democratas &amp; humanistas de carteirinha (e sindicato) comemorando, de forma efusiva, a censura de seus desafetos políticos. Quero ver quando a censura bater na canela da tchurma. Patifes!",Estão tranquilos s pois a censura não vai bater neles ..,Contas suspensas,1,0
"Não se trata de censura, se trata de coibir disseminação  de desinformação,  injúria, calúnia, difamação. Temos liberdade pra falar (e ser responsabilizados por isso), mas essa liberdade termina quando começa a do outro.",Em outras palavras censura,Contas suspensas,1,1
A denúncia foi feita à Procuradoria-geral dos Direitos do Cidadão do Ministério da Cidadania. #iG,"#GrandeDia ? Dia pequeno, isso sim.. É tanta censura, que nem mesmo um pobre papagaio pode manter a conta no tt. Alguém tem o número do Ibama? Isso já é um caso de violação dos direitos dos animais....  Tem que fechar tudo!",Contas suspensas,0,0
Deixe ele. Bolsonarismo se for reeleito vai ficar 2 cadeiras de controlar o STF. Felipe Neto não vai poder reclamar se um dia for censurado pelo mesmo STF: ele mostrou q a depender do alvo compactua com a censura,"PUNIR infratores de regras da plataforma não é censura. MENTIROSOS influenciadores da MASSA para poder e dinheiro, devem ser punidos. Ou então faz o seguinte, pega um ladrão e deixa solto, afinal ele tem o direito de ir e vir! Deixa de ser jumento!",Contas suspensas,1,1
"Proibir, com ordem prévia e geral, que uma pessoa se manifeste através de um veículo de comunicação legítimo é censura. Ponto.","Isso é procuradora da República. Esse é o nível, gente que acha que caluniar, difamar, mentir é liberdade de expressão. Escrotos!",Contas suspensas,2,1
Vocês também estão sentindo que o clima aqui no Twitter deu uma melhorada?,Comemorando censura. Mostra o caráter deste ser.,Contas suspensas,1,1
"Não há como aceitar a censura. Não há como aceitar que aplaudam a censura. Liberdade de expressão a todos, aqueles que pensam como eu e os que pensam de forma diferente.",Essa é a ideia! Discordar de alguém não significa cercear sua liberdade de expressão.,Contas suspensas,2,0
"Obrigado, Fiúza! Não tem que se desculpar. Podemos desconfiar de censura?  Na semana que vem, com  , a quem também agradeço muito, retomamos o papo. Valeu! Grande abraço","Conte sempre comigo, grande craque. Censura, não. Talvez bruxaria. Abraço!",Contas suspensas,1,0
Desde de quando vc é a favor de censura ? #SupremaDitadura,"Se você gosta de fake news  fique tranquilo, desinformação é para quem gosta. E quem quer. Parabéns pela opção.",Contas suspensas,2,1
Vejam neste vídeo como driblar a censura IMORALIS! SOS FORÇAS ARMADAS X 5G. PERIGO; A CENSURA VEM AÍ! - YouTube,"O feitiço se voltou contra o feiticeiro.  Bolsonaristas que desejam a ruptura democrática, acusam decisão do STF de bloquear contas de propagação de fake news como censura.",Contas suspensas,0,1
"Não há como aceitar a censura. Não há como aceitar que aplaudam a censura. Liberdade de expressão a todos, aqueles que pensam como eu e os que pensam de forma diferente.",NÃO a CENSURA LIBERDADE DE EXPRESSÃO SEMPRE,Contas suspensas,2,0
"lindo ciclo dos gados:  pedem a volta da ditadura, &gt;&gt;&gt; AI-5 &lt;&lt;&lt; e o caralho todo  aí sofrem """"""censura"""""" (suspensão de notícias falsas)  *meu deusestamos numa ditaduraque horrorestão tentando nos calarqueremos a volta da AI-5*  ai vão se foder","Os bolsonaristas que pediam por um AI-5 agora gritam  ""CENSURA!"" pelo bloqueio dos disseminadores de fake news nas redes. Não é censura, é punição. O drama que fazem é estrategicamente pensando para gerar mais confusão. Devo ter empatia? Não. Autoritários devem ser derrotados.",Contas suspensas,0,0
"Mais um motivo pra vc JAMAIS cogitar votar na esquerda e na esquerda camuflada: apoiam a censura e ditadura, arbitrariedades do supremo excremento, quer calar sua voz, além de tentar justificar a Pedofilia, tráfico, aborto, torcer pelo vírus e o quanto pior, melhor.","Quem aplaude a censura imposta pelo STF, apoia a própria derrota, apoia uma ditadura e coloca em si mesmo uma mordaça.",Contas suspensas,0,0
Afaste-se de quem comemora censura. E desmascare-os sempre que possível.,Siga esse concelho.,Contas suspensas,2,0
"Não é uma delícia ver a galera que pedia um AI-5 chorando e gritando CENSURA?   Foi uma decisão judicial, esses imbecís confundem PUNIÇÃO com CENSURA.  A única coisa boa é ver esse “fugitivos da inteligência” chorando nas redes. Criticando a censura e o “livre mercado”","Meu prezado. Quanta ignorância. Foram violados Princípios Constitucionais. Princípio da Presunção de Inocência. Princípio da Ampla Defesa. Além disso trata-se de clara censura prévia. Não há condenação de ninguém. por mais ódio que vc tenha, não razoável não enxergar isso.",Contas suspensas,1,1
E aí seus dois inúteis   não vão falar algo sobre a censura do STF? É rabo preso que fala ne seus dois merdas.,Vejo por aqui um bando de vagabundos fdp apoiando a censura comunista desse  cheio de vagabundos. AI-5 nesses vagabundos  .,Contas suspensas,0,0
"Se Bob Jeff vulgo Roberto Jefferson fizer outra conta, quem ai vai atrás???",Todo mundo!!!,Contas suspensas,2,0
"Alexandre de Moraes determinou a suspensão de contas bolsonaristas objetivando a ""interrupção de discursos"". Não é preciso simpatizar com os punidos p/ classificar a medida como autoritária. A defesa da liberdade do inimigo dificilmente é popular, mas frequentemente é necessária.","Finalmente, voce acertou uma. Censura nunca!",Contas suspensas,1,0
"QUE ABSURDO ESSA CENSURA NAS CONTAS DO ALLAN, DO BERNARDO, DO HANG E DA SARINHA!  SERÁ QUE AGORA NÃO PODEREMOS MAIS USAR AS REDES SOCIAIS EM PAZ PARA PEDIR O FECHAMENTO DO CONGRESSO, DO STF E AI - 5? CENSURA NÃO!!!","Pera, pera, pera, vc tá pedindo AI-5 e reclamando de "" censura "" no mesmo twett?",Contas suspensas,1,1
A sim agora Censura e norma??,"As normas existem em todas as convenções e devem ser respeitadas. A censura em tempos democráticos, não vem sem motivos cabais do exageros da liberdade de expressão.",Contas suspensas,1,1
"Amigos aqui é Roberto Jefferson. Entrei na conta da minha filha para agradecer a todos pelo apoio. Em breve estaremos juntos novamente! Alexandre, não temo sua tirania!",Bob Jeff na conta da filha   O waldemorte é tão bobão! Acha que vai nos calar. O caminho à direita é irreversível!,Contas suspensas,2,0
Obrigado cabeça de !,#VozParaBernardoKuster  Cabeça de ovo.,Contas suspensas,2,0
"Perfis de bolsonaristas nas redes sociais, utilizados para ameaçar a democracia, destruir reputações e espalhar fake news sobre a pandemia, foram suspensos do Twitter e Facebook por determinação do STF. Grande dia!",Gosta de uma ditadura e uma censura né tia ! Não sabem mesmo o que é democracia.,Contas suspensas,1,1
Alexandre de Moraes ameaçou aplicar multa diária contra Facebook e Twitter,"""é pra censurar os apoiadores do Bozo pq eu que mando na porra toda e quero censurar, mesmo sem ter uma justificativa plausível pra isso...  se não obedecer, vai pagar multa diária pq eu to mandando.. obedece""",Contas suspensas,2,0
"A decisão do ministro Alexandre de Moraes de bloquear as contas de extremistas nas redes sociais -- após matéria de Renato Souza, do   -- vale como aviso: democracia não significa dar voz ao ódio.",O nome disso é censura. Triste uma jornalista defender isso,Contas suspensas,1,1
"Amigos aqui é Roberto Jefferson. Entrei na conta da minha filha para agradecer a todos pelo apoio. Em breve estaremos juntos novamente! Alexandre, não temo sua tirania!",Sua filha? Aquela que vendia abertura de sindicatos? Que ameaçou assessores parlamentares caso não fosse eleita? Desaparece parasita.,Contas suspensas,2,1
"Quem comemora a censura hoje, será alvo da censura amanhã. É a lógica de qualquer ditadura.",O JN está tratando agora como natural a censura aos perfis banidos das redes sociais.,Contas suspensas,1,0
O STF precisa conter a escalada de Alexandre de Moraes contra a liberdade de expressão.,"Liberdade de expressão é uma coisa, atentado, ameaças a vida e espalhar só mentira é outra. Mas não são os Minions q querem intervenção militar? AI5? Na época da ditadura o q mais tinha era censura",Contas suspensas,1,1
"Pegue o exemplo do Roberto Jefferson: é um cidadão que vem cometendo seguidos crimes contra a honra de diversas pessoas. Deve ser processado e pode ser condenado no penal e no cível, mas não vejo previsão legal que justifique cercear o seu livre direito de expressão.","Vamos relembrar como td começou? PL da censura!!!! Autor: Alessandro Vieira! Conhece???? O povo brasileiro acordou, ditadorzinho!",Contas suspensas,1,1
"Hoje são   Allan dos Santos Bernardo Kuster Edson Salomão Luciano Hang Roberto Jefferson Otávio Fakhoury Sara Winter   Amanhã pode ser vc.  Vc, conservador. Vc, que apoia Bolsonaro.   E vc tbm, idiota de esquerda que tá comemorando essa censura covarde.  #VozParaBernardoKuster",Pois é! O analfabetismo funcional é tal que comemoram censura... Tem coisa mais patética?,Contas suspensas,1,0
Ué isso não é censura? Kkkkkk,Nem vou falar o que estou pensando sobre toda essa ditadura de toga. Só sei que QUANDO A LEI ACABA COMEÇA A TIRANIA.  #STFVergonhaNacional  quando vai entrar em vigor a tal lei de abuso de autoridade? Já ñ está na hora.  LIBERDADE DE EXPRESSÃO É UM DIREITO constitucional,Contas suspensas,0,0
"Os avanços nas esferas política e econômica são importantíssimos, mas perdem por completo sua substância e efetividade para o POVO se retrocedemos na principal esfera, a cultural: o que faz o Senado frente à escalada de censura do 5TF contra a liberdade de opinião?",nao se pronunciou sobre censura no Brasil?,Contas suspensas,0,0
esse cara aqui me ensinou muita coisa... ces nao tem ideia,"Se hj em dia eu amo dançar (eu não sei, danço igual uma lombriga mas eu amo) foi, GRANDE PARTE, por conta dele.",Contas suspensas,2,0
"Luciano Hang pode mudar o nome para Luciano ""Hang Loose"". Perdeu a mão nas fake news e, em seguida, perdeu o direito a usar a conta no Twitter.    Nossã! Parei.  #Sabelle","Nas ruas eles pedem AI5 e ditadura, e aqui no twitter quando são bloqueados por postar e divulgar fakes news, falam em censura, ah gado de merda",Contas suspensas,0,0
"Todos do STF reclamam quando se pede ai5, mas fazem uso da censura!! Será que preciso desenhar???",Censura é diferente de punir. Eles cometeram um crime ao atrapalhar na luta contra a covid-19,Contas suspensas,1,1
"Hoje é dia de podcast, e tive o grande prazer de conversar com meu amigo  no primeiro episódio com convidado, conversamos um pouco sobre Santidade e Santificação, olha está um papo incrível!!!  Spotify:   Anchor:","Sim, eu já disse essa semana que não tenho paciência com podcast e sim eu ouvi esse e achei simplesmente MARAVILHOSO! Muito edificante, traz reflexões totalmente necessárias pra nossa caminhada cristã. São minutos muito bem gastos gente, de verdade. Ouçam e sejam abençoados!",Contas suspensas,2,0
"A turma que curte uma ditadura militar tá pistola com o ministro do STF Alexandre de Moraes, pq ele não tá deixando uns blogueiros de merda espalhar fake news. Imagine qdo eles souberem que na ditadura nem internet eles vão ter","Quem diria... Os defensores do combate a corrupção, defendendo Roberto Jeferson. Kkkkkkkkkkkkkkk Combater Fake News não é censura. Esse rede de ódio vai cair.",Contas suspensas,0,0
"Estamos vivendo um momento delicado em nosso país! Um ato explícito de censura sendo comemorado, mostra muito bem o caráter de algumas ideologias partidárias!","Enquanto a Câmara arma um plano para calar os cristãos,  o #STFVergonhaNacional executa a censura nas redes sociais. Querem acabar com toda forma de apoio ao #Bolsonaro2022 na força de suas canetas e caras de pau.",Contas suspensas,1,0
"Vou guardar esse twitt, vai ser lindo ver a Manu chorando quando a censura chegar nela.","A censura não vai chegar a ela pois o Presidente Bolsonaro tem como regra a liberdade e ela ainda terá que aguentar por um bom tempo pois o  Presidente irá até 2026 e fará seu sucessor. Nós, somos de Deus! E isso ninguém tira!  Não nos calarão!",Contas suspensas,1,0
"Hoje são   Allan dos Santos Bernardo Kuster Edson Salomão Luciano Hang Roberto Jefferson Otávio Fakhoury Sara Winter   Amanhã pode ser vc.  Vc, conservador. Vc, que apoia Bolsonaro.   E vc tbm, idiota de esquerda que tá comemorando essa censura covarde.  #VozParaBernardoKuster","censura é pouco pra esse gordo, faltou dar uns socos na boca desse filho da puta",Contas suspensas,1,1
O que vcs acham do STF ?,Puxadinho do PT... Tribunal do crime... #STFEscritorioDoCrimeOrganizado  #STFVergonhaNacional,Contas suspensas,1,0
"Todos do STF reclamam quando se pede ai5, mas fazem uso da censura!! Será que preciso desenhar???","Fake news e discurso de ódio não se encaixam em liberdade de expressão. E se vcs pedem ai-5, tão reclamando de censura agora pq? Vai chora? Precisa desenhar?",Contas suspensas,1,1
"Não é uma delícia ver a galera que pedia um AI-5 chorando e gritando CENSURA?   Foi uma decisão judicial, esses imbecís confundem PUNIÇÃO com CENSURA.  A única coisa boa é ver esse “fugitivos da inteligência” chorando nas redes. Criticando a censura e o “livre mercado”",Decisão judicial baseada em qual crime ? Qual lei ? Qual é a sentença ? Está transitada em julgado ? O que alegou a defesa ? Onde foi julgada ? Que dia ocorreu o julgamento com direito a ampla defesa e presunção de inocência ? cadê a presunção de inocência ?  Isso é CENSURA !!!,Contas suspensas,1,1
"A tag #STFVergonhaNacional nunca fez tanto sentido! Sim, eles perderam completamente a noção e o respeito!   Ministro Barroso fará debate online com youtuber Felipe Neto",Eitaaaaaaaaaa o Barrosinho descendo a ladeira Felipe feto?? Logo tá com Anita Pablo virar etc  decidamente meu caro tu tá jogando na privada sua biografia  Fazendo todo sentido mesmo,Contas suspensas,2,0
O STF precisa conter a escalada de Alexandre de Moraes contra a liberdade de expressão.,"Uéé... vcs foram os primeiros a sofrer censura, depois passaram a apoiar os censuradores, agora querem que eles parem? Precisam descer do muro, ou estão com o povo de bem ou contra nós! Deixem essa birra com o presidente de lado e venham lutar contra os verdadeiros ditadores!",Contas suspensas,1,1
Aras está contra o bloqueio de contas no Twitter!,"Só está contra a decisão do ministro Alexandre de Morais, pq fazer alguma coisa, bater de frente com o STF, ele não vai fazer isso, pq o STF se acham os deuses do Brasil, o STF pode mandar prender o Augusto Aras, se ele enfrentar o STF!!.",Contas suspensas,1,0
"Sua censura deu ruim, ! Até como ditador você é um ineficiente, inútil, fracassado. Projetinho de ditador.  Tô seguindo normalmente e vendo os tweets de todos que você TENTOU censura. Cabeça de ovo!",Eu nem perderia tempo de dar tantos adjetivos ao cabeça de . “Na minha opinião” ele é simplesmente um BOSTA,Contas suspensas,2,0
Os conservadores foram criminalizados no Brasil.  Só há liberdade de expressão se você seguir a cartilha socialista e não criticar o establishment.  Censura e perseguição.,Pede AI-5 e depois reclama da censura nas contas que foram bloqueadas do gabinete do ódio. #GovernoDeFraudes,Contas suspensas,1,1
Bolsonaro está curado da Covid-19!  Eu disse que hoje seria um Grande Dia!  A esquerda chora e o Brasil comemora!,"Ou o povo ACORDA ou acabou de vez. Saiam de casa e lutem por sua liberdade! Os togados estão RINDO da sua cara, enquanto vc fica subindo hashtag no twitter! #VozParaBernardoKuster",Contas suspensas,0,0
"Não há como aceitar a censura. Não há como aceitar que aplaudam a censura. Liberdade de expressão a todos, aqueles que pensam como eu e os que pensam de forma diferente.","Mas o ditador não pensa assim! Ele é p dono da razão . Aliás, todo imbecil, o é!",Contas suspensas,2,0
"Allan dos Santos Bernardo Kuster Edson Salomão Luciano Hang Roberto Jefferson Otávio Fakhoury  Dentre outros, tiveram suas contas no Twitter ""retidas por ordem judicial"".  Isso graças ao INQUÉRITO ILEGAL embasado na narrativa de  LUCIANO AYAN, aquele que está PRESO.  Pois é",você é um verme.,Contas suspensas,2,1
O que tem me movido: • saber que os boleto tão em dia • saber que tenho muitos amigos de SP e que vou poder ver todos depois do corona • saber que existe uma probabilidade MUITO GRANDE de ainda ESSE ANO ver    Deus eh bom e o diabo eh vacilão,se eu já sei todos os roles que vamos dar? sim,Contas suspensas,2,0
Estamos envergonhados dos membros da nossa Suprema Corte. E da conivência com a ditadura insana do Alexandre de Moraes. A INSTITUIÇÃO NÃO é culpada. O povo defende a instituição. Seus membros NÃO a dignificam.,"Como irão dignificar se são esquerda, mas, bem esquerdalha mesmo.  #STFOrganizacaoCriminosa  #STFVergonhaNacional",Contas suspensas,2,0
"Amigos aqui é Roberto Jefferson. Entrei na conta da minha filha para agradecer a todos pelo apoio. Em breve estaremos juntos novamente! Alexandre, não temo sua tirania!",Muito grave o que está acontecendo. É preciso o senado fazer sua parte ou fazemos a nossa nas eleições. Estamos juntos com você Roberto Jefferson. Abraço,Contas suspensas,1,0
O que vcs acham do STF ?,"Meu Herói ,Roberto Jefferson ,disse com poucos políticos e senadores do PTB está  batendo no stf, imagina se os políticos do PSL vão p PTB ,vão distruir o stf  !",Contas suspensas,1,0
"Hoje completam 2 anos desde que Demi sofreu uma overdose que quase tirou sua vida. Em reflexão, agradecimento e por estar se sentindo grata, Demi escreveu esse pequeno texto e publicou em seu Instagram.   “Me senti tão grata que escrevi algo... Hoje é o dia do meu milagre”.","Emocionante!!   É verdade alguns momentos são tão terríveis, que parece ser o fim, mas é apenas uma pequena parte de uma grande e linda história de superação, na qual Deus, a gente e as pessoas que nos amam tem um papel tão importante na história. Muito feliz pela Demi!",Contas suspensas,2,0
"Os bolsonaristas são engraçados! Eles pedem AI-5 e intervenção militar, mas reclamam de censura quando o STF suspende perfis nas redes sociais que disparam notícias antidemocráticas e falsas!","Dois pesos e duas medidas, cadê?",Contas suspensas,2,0
"Não há como aceitar a censura. Não há como aceitar que aplaudam a censura. Liberdade de expressão a todos, aqueles que pensam como eu e os que pensam de forma diferente.","stf ,CABEÇA   DE OVO PODRE ,CORRUPTOS ,CANALHAs,TIRANOs,LESA PÁTRIA, TRAIDORES DO POVO BRASILEIRO DE BEM  ,HONESTO,TRABALHADOR ,TRAIDORES DA PÁTRIA,MERCADORES DAS MORTES !!!",Contas suspensas,2,0
"Bolsonaristas pedem intervenção militar e a volta do AI-5.  Agora, reclamam da censura.","Deixa ver se entendi... Quer dizer que ameaça da censura do executivo (AI-5, Intervenção Militar) não pode, mas a censura do judiciário tudo bem?",Contas suspensas,1,1
"Não há como aceitar a censura. Não há como aceitar que aplaudam a censura. Liberdade de expressão a todos, aqueles que pensam como eu e os que pensam de forma diferente.","Caro  não seria hora de os brasileiros de verdade começando por jornalistas de verdade como o senhor, Fiuza, Garcia, alguns artistas, cidadãos comuns, empresários, políticos e políticas de coragem, militares promoverem o descrédito de Alexandre de Moraes ORCRIM?",Contas suspensas,1,0
O que vcs acham do STF ?,"Um bando de urubus usurpadores, defensores de bandidos. Como dizia Lula ladrão uma suprema corte acovardada. #STFVergonhaNacional",Contas suspensas,1,0
"Pessoal de Porto Alegre revoltado com o prefeito. Além de decretar fechamento da maioria do comércio, ajudando a falir CNPJs, mandou os fiscais da prefeitura (estatutários com salário e benefícios em dia $$$) impedir que os ambulantes tentem dignamente trabalhar...","A politicagem tá ficando perigoso seus prefeitos e vereadores do Brasil, cuidado pq o buraco pode ficar grande de mais.",Contas suspensas,2,0
"Dos autores de ""O Regime Militar não foi ditadura e quem foi torturado mereceu"", vem agora ""Socorro, bloquearam meu Twitter, estou sendo oprimido pela ditadura!"".  Não existe florzinha mais delicada do que um direitista!   GRANDE DIA","Disseram, os cidadãos de bem, que a ditadura só matou vagabundo e agora reclamam da toga burguesa censurar perfis em rede social. censura mais que ta pouco",Contas suspensas,0,0
Revogaram a constituição ??? #VozParaBernardoKuster,Que absurdo em pleno 2020 o Brasil sofrendo com Censura do STF... Esse Tribunal nao nos representa em nada! Só serve pra salvar corruptos da cadeia! #forastf,Contas suspensas,0,0
A CENSURA NAS REDES SOCIAIS JÁ COMEÇOU E A PL 2630 AINDA  NÃO  FOI APROVADA IMAGINA QUANDO FOR... NÃO  ESQUEÇA     INSCREVA-SE NO CANAL PRECISO DA SUA AJUDA       PARA     GANHAR MAIS ALCANCE E VOZ... OBRIGADO!,"Quando vc tira a arma das mãos de alguém que almeja usá-la para assassinar a reputação alheia, geralmente com inverdades. Isso é censura ou justiça? #Grandedia",Contas suspensas,0,1
"É hora de falar sério.  Hoje é um dia de vitória. Diversos perfis do Twitter de agentes de fake-news, ódio e destruição de reputações foram desligados, a pedido do STF.  A decisão pode ser temporária ou permanente. Nessa thread, quero mostrar pq deve ser PERMANENTE.  Segue o fio.","E o “democrata” passando pano para atitude autoritária e ditatorial?!  Não acredito. Deve ser fake.   Vibrem hoje, chorem amanhã quando atingir vocês.   Comemorar censura só demonstra o quanto essa turma nunca foi democrática e entusiasta da diversidade.",Contas suspensas,2,1
Vamos todos pro twitter modo americano e derrubar a censura excrachada que estamos recebendo dos esquerdistas.,"Bora, Já fui!!!",Contas suspensas,2,0
"A verdade é que Alexandre de Moraes, definitivamente se torna o censurador e ditador que tanto acusaram o Bolsonaro de ser! Perseguindo os conservadores, e aqueles que diziam que seriam perseguidos riem dessa situação. Que Deus tenha misericórdia de nós.","Alexandre de Moraes , o ódio dele vai mata-lo.",Contas suspensas,0,0
"Discordo de 99% do que defendem Allan dos Santos e Bernardo Küster. Assim como discordo de Jones Manoel e Sabrina Fernandes.  Discordo 100% de que o Estado tem o direito de escolher, por motivação política, quem pode ou não ter um perfil no Twitter.",Esse cara é top! Tá difícil discordar das threads dele,Contas suspensas,2,0
"Me faltam adjetivos pra classificar a suspensão de contas em redes sociais APENAS de apoiadores do Governo.   Para os da esquerda que comemoram, lembrem-se que nada impede que isso aconteça com vocês a qualquer momento.   A censura é real.",ASSISTAM AGORA E DEIXEM SEU LIKE!!! FALANDO SOBRE A CENSURA NO TWITTER  Os Pingos no Is -  24/07/20  via,Contas suspensas,0,0
Estão tentando nos calar #VozParaBernardoKuster,"MINISTROS DO STF NÃO TEM DIREITO DE CENSURA NENHUM BRASILEIRO, POIS QUEM PAGA OS SALÁRIOS DELES SOMOS NÓS ATRAVÉS DOS IMPOSTOS. #STFVergonhaNacional",Contas suspensas,0,0
O movimento de hoje foi pra calar o Roberto Jefferson. O resto entrou de gaiato pra dar uma disfarçada. #VozParaBernardoKuster,O Alexandre de Moraes não é e nunca foi juiz. O STF tem quantos Ministros? 11 ou 1 único que decide tudo e todos se calam. #STFVergonhaNacional,Contas suspensas,0,0
"“Eu confio no ministro Alexandre Moraes, conheço sua capacidade e responsabilidade. Conheço algumas das contas removidas, publicam desinformação sistematicamente, vide o que falam sobre a Covid-19. E difundem discurso de ódio"", diz o deputado do PCdoB.","Quando o relator da PL2730 na câmara diz q confia em Alexandre de Moraes , a censura do legislativo vai ser aprovada pq a do judiciário já está em vigor . Benvindo ao facismo .",Contas suspensas,1,0
"Acrescento: se fosse eu o censurado, esses mesmos comemorariam e/ou criariam narrativas para encobrir/desmentir o fato. ACREDITE.  Alguns desses q perderam seus perfis assassinaram reputação de quem queria lava-toga, patrulham opiniões e promovem seu próprio mecanismo de censura.",Luciano hang ajuda pagar o seu salario seu arrombado.,Contas suspensas,1,1
"A gente errou, a censura veio.... Mas de quem não esperávamos.... WELCOME TO 1984, É SÓ O COMEÇO. hj é bolsonarista, amanhã é qualquer um q n fale bem","Liberdade de expressão mas só pra esquerdistas, destruidores da família e tudo que infesta esse país de sujeira",Contas suspensas,2,0
"VERGONHA ! O ditador e tirano da toga , Alexandre de Moraes , impõe censura pior que a ditadura , bloqueando redes sociais , cerceando a liberdade de expressão , promovendo uma verdadeira perseguição política . IMPRENSA, OAB,ABI, PRESIDENTE DA CÂMARA E DO SENADO , TODOS CALADOS!",Cambada de vagabundos hienas carniceiras imundas malditas de togas,Contas suspensas,2,0
"Para quem defendia a morte do presidente, defender a CENSURA é fichinha. Não querem apenas calar o Presidente e seus apoiadores, mas calar e se possível matar. Não lute hoje e amanhã você estará na VENEZUELA.","Verdade Allan, mas volto a falar o Sr. Alexandre PCC de Moraes têm esposa,filho, deve ter pais e irmão, um bom susto resolveria todos nos arroubos autoritario dos togados",Contas suspensas,1,0
"Aos que hoje aplaudem os atos do ministro Alexandre Moraes, amanhã poderão estar arrependidos, daí pode ser tarde. A liberdade de opinião CENSURADA, cadê a turma do politicamente correto?","Eu to só a Cissa mané, GRANDE DIA",Contas suspensas,0,1
"Amigos aqui é Roberto Jefferson. Entrei na conta da minha filha para agradecer a todos pelo apoio. Em breve estaremos juntos novamente! Alexandre, não temo sua tirania!","Resista Roberto Jefferson, os ministros do STF não têm estatura moral para calá-lo. Estão nus, o povo não os respeitam, não podem sustentar os seus malfeitos e só lhes resta usar de ameaças para intimidar os seus críticos.",Contas suspensas,1,0
"Felipe Neto, que defende a censura e até a prisão de quem supostamente espalha ""fake news"", mais uma vez foi pego mentindo e propagando desinformação na internet. O sujeito mente tanto que, agora, teve que ser desmentido pelo embaixador da Ucrânia por mentir sobre aquele país.",Felipe Neto é um merda mesmo.,Contas suspensas,2,0
"O dia que o got7 vim para o Brasil, não vai ter ninguém no show. Pq as ahgases mesmo vão tá tudo nos hospitais, pq o tombo vai ser grande.",Eu ainda creio que um dia vai acontecer,Contas suspensas,2,0
"Impedir os ativistas de direita de se manifestarem pelas mídias sociais é censura prévia. Uma coisa é investigar e eventualmente punir por aquilo que publicaram; outra, inteiramente diferente, é impedir que falem.",É isso,Contas suspensas,2,0
"Esse é o problema de ficar ameaçando contar algo tenebroso... Conta logo e acaba de vez com esses Corruptos. Tem que fazer igual eles fazem, pegar de surpresa.  #ContaTudoJefferson","Isso Roberto Jeferson, fala, solta os podres.. .",Contas suspensas,2,0
"As contas censuradas hoje contam com mais leitores do que os grandes jornais e veículos da velha imprensa.  Ou seja, a decisão de bloquear essas contas equivale ao fechamento de jornais e televisões, goste você ou não das opiniões emitidas por tais perfis.  Censura abjeta!","Se todos os perfis de direita migrassem a sua conta para o Estados Unidos, acabaria a censura.",Contas suspensas,1,0
"tucano Alexandre, por pura incompetência, mandou o camburão da PF na casa da ex-esposa do Roberto Jefferson, de quem ele está separado havia mais de 20 anos. Foi uma atitude para humilhar o presidente de partido político.","Posso estar enganado, mas o Alexandre de Moraes mordeu a isca e reagiu da forma que  queria, agora este tem todos os motivos pra abrir a boca e falar tudo que sabe, já o fez uma vez, e todos sabem no que deu, agora não tenho dúvidas, será muito pior.",Contas suspensas,1,0
Qual a opinião de vocês sobre o Alexandre de Moraes?,A esquerda comemora a censura.  Depois é nós que somos facistas,Contas suspensas,0,0
"Pegue o exemplo do Roberto Jefferson: é um cidadão que vem cometendo seguidos crimes contra a honra de diversas pessoas. Deve ser processado e pode ser condenado no penal e no cível, mas não vejo previsão legal que justifique cercear o seu livre direito de expressão.","Roberto Jefferson incomoda porque só fala verdades... Estamos com Bob Jeff. Censuradores não passarão!! Vai pra casa, senador hipócrita!! #FreedomOfSpeech",Contas suspensas,1,1
"Um democrata se preocupa quando indivíduos são censurados em ações completamente arbitrárias e autoritárias. Já comunistas sentem que o clima melhora quando adversários são eliminados. É histórico. De Stalin até Avião, nada mudou.","Já estamos na distopia de Orwell, onde a verdade é mentira e a mentira é verdade? Pois somente assim se explica fascistas sendo chamados de democratas e censura à golpistas de autoritarismo.",Contas suspensas,2,1
"Até a Isto É, que é uma revista completamente esquerdista, está criticando a decisão do Alexandre de Moraes. Esse jornalista percebeu uma coisa: uma vez que o Estado autoritário vê que pode extrapolar seus limites, hoje ele censura nós, amanhã censura eles","Alguns da mídia canhota já perceberam que o bumerangue da censura pode voltar e atingi-los em cheio. O PL da censura não pode ser aprovado, pois vai atingir a todos indiscriminadamente. Lutemos pela liberdade de expressão antes que seja tarde demais.",Contas suspensas,1,0
"Não há como aceitar a censura. Não há como aceitar que aplaudam a censura. Liberdade de expressão a todos, aqueles que pensam como eu e os que pensam de forma diferente.",A carteirada do ano!!! Cadê a imprensa que grita democracia aos 4 cantos?? Tá vergonhoso!! Estou sentindo o cheiro de  daqui!!  #DitaduraDaTogaNao #CarteiradaNao #HitlerDeTogaNao Reaja,Contas suspensas,2,0
A CENSURA NAS REDES SOCIAIS JÁ COMEÇOU E A PL 2630 AINDA  NÃO  FOI APROVADA IMAGINA QUANDO FOR... NÃO  ESQUEÇA INSCREVA-SE   NO   CANAL   PRECISO DA SUA AJUDA  PARA  GANHAR MAIS ALCANCE E VOZ... OBRIGADO!,"muito bom ver a direita chorando por causa de ""censura"" sendo que literalmente passaram uns 4 meses mamando pelo AI-5",Contas suspensas,0,1
"UMA DÚVIDA: o Brasil que você sonhou teria Roberto Jefferson aliado de Bolsonaro, Centrão no governo, Queiroz Rachadinha com prisão domiciliar, Flávio Bolsonaro recorrendo ao foro privilegiado, perseguição à Lava Jato?","""Brasil dos Horrores"" o que esse Bolsonaro tá fazendo, não tem um minimo de respeito com uma metade do eleitorado que o elegeu, não tem humildade, é semi analfabeto, não trabalha, ""populismo puro"" #BrasilcomSergioMoro Ilibada reputação e notável SABER.",Contas suspensas,2,0
ACABAR COM AS FAKES NEWS NÃO EH CENSURA,mds eu to morta eu n quero andar e ainda tenho q sair eu n dormir direito grande dia,Contas suspensas,0,0
"Branca chorando pq uma pessoa falou q preferia o cabelo dela grande, imagina se ela escutasse comentários como ""bombril"" ""arbusto"" ""alisa"" ""prefiro de trança"" ""deu choque"". Ela ia se matar no primeiro dia, ai esse povo da mt biscoito pra branco mimado acham q a vida é um morango.",foi exatamente oq eu pensei mas fiquei com medo de falar e me chamarem de militante,Contas suspensas,2,0
"Oro todos os dias para que Deus quebre as mãos de Barroso, Fachin e Alexandre de Moraes. Deus me permita assistir sua derrota e execração aos olhos do povo brasileiro.","Acho que está na hora do presidente dar o contra golpe sugerido por Roberto Jefferson,  nesses ""ministros "".",Contas suspensas,1,0
Surfando nas lágrimas dos isentoes esquerdistas e youtubers blogueiros. Grande dia!,"Graças a Deus! É meu presidente, genteeeee",Contas suspensas,2,0
Agora #VozParaBernardoKuster,Os cara reclamando de censura sendo que querem que os militares subam ao poder???????????? Sei lá não faz sentido,Contas suspensas,0,1
"o chan disse &gt;&gt;pessoas&lt;&lt; que estão no período. é um pequena coisa mas numa indústria que não deixa os idols falarem coisas que se realcionem com causas como homofobia, racismo, machismo e etc, é uma grande coisa.",Skz cada dia mais ganha um espacinho no meu coração,Contas suspensas,2,0
"PGR afirmou em manifestação encaminhada ao STF que a determinação de Alexandre de Moraes é ""desproporcional e contrária ao princípio da liberdade de expressão  #Resistencia841Dias GRANDE DIA AI-5 Siga nosso Instagram","E o que a Sra.acha??a Sra.concorda com censura imposta pelo STF?? Cuidado,porque amanhã pode ser a Sra.",Contas suspensas,1,1
"Segui a dica do . Todos estão vendo meu tweet? Se sim, comenta aí.  Obg Bernardo ;)",Eu odeio censura mermão...,Contas suspensas,2,0
"I get that when some people first hear about ""censorship of pro-life voices"", they question it. ""Can it be true? Maybe they just don't know how search engine optimization works, maybe the videos just don't get that many clicks, maybe they're overplaying their hand""...1/7","Mais um exemplo de censura. Caçada contra conservadores via     Mas se os posts forem a favor da pauta globalista, aí pode... Se vc procurar ""como praticar um aborto"", não terá dificuldade para achar vídeos ou tuítes...",Contas suspensas,2,-1
Vivemos em uma ditadura da toga #VozParaBernardoKuster,"Totalmente, só lembro q em país q a impunidade aos verdadeiros bandidos impera e só tenta punir os bons, o povo se revolta e acaba fazendo justiça pelas próprias mãos e aí não tem choro, pq ninguém segura um povo q já chegou ao limite. #VozParaBernardoKuster",Contas suspensas,2,0
Eu li tudo.  É censura.,MUITA CENSURA.,Contas suspensas,1,0
"Grande dia, que deus te elimine","Incrível a 'passada de panos' que vários jornalistas e meios de comunicação estão passando para a censura. Combate-se crimes com justiça, não com censura. A justiça é lenta, melhore a justiça, mas não apoiem qualquer censura que seja. Amanhã serão vocês, apoiadores de ditaduras.",Contas suspensas,0,1
O que vcs acham do STF ?,Quem precisa de um PT destruidor do país quando se tem um STF como o nosso? #STFVergonhaNacional #STFNaoVaiNosCalar #STFcensurador #STFContraOBrasil #STFOrganizacaoCriminosa #STFEscritorioDoCrime #STFNãoNosRepresenta #STFTrabalhaParaSoltarBandidos,Contas suspensas,1,0
"Bom dia, cidadãos reaças!  Art 220, parágrafo segundo da CF/88:      ""§ 2º É vedada toda e qualquer censura de natureza política, ideológica e artística.""  Café?",Dia de Inter é igual o universo compartilhado da DC tu cria uma grande espectativa e depois só vem merda,Contas suspensas,0,0
"#VozParaBernardoKuster Enquanto não criminalizar o COMUNISMO, viveremos sobre esses ataques diabólicos.",Grande dia pra torcer/deslocar o tornozelo,Contas suspensas,0,0
"meu fixado só aparece a música e nenhum vídeo..... grande dia tayler, grande dia.","Você não dorme na democracia e acorda na ditadura; não acreditar que uma coisa possa acontecer, não significa que ela não possa acontecer. A coisa mais importante que temos depois da Vida é a nossa liberdade, não podemos permitir que isso nos seja tirado. #STFVergonhaNacional",Contas suspensas,0,0
QUALQUER controle de conteúdos de maneira preventiva tem um só nome: CENSURA !,"Boa noite! Sr. , STFPT e a Ditadura Comunista. Censura! E agora como fica esta Democracia que o Sr. Ramos,  , dizem existir?  Respondam se forem homens. Obrigado",Contas suspensas,0,0
"Bernardo P Kustet:  ""Quem precisa do PL 2630 da Censura se o Brasil já tem o tiranete Alexandre de Imoraes?""","Os cu de frango da esquerda, q estão comemorando a CENSURA, tem q entender q pau q dá em chico dá em Francisco, uma hora vai se voltar contra eles tbm.",Contas suspensas,0,0
"Vamos reagir presidente, sobre a censura ....bora reage presidente...",ROBERTO JEFFERSON está para o bolsonarismo assim como JOSÉ DIRCEU está para o lulopetismo. São apenas CORRUPTOS com falsos discursos ideológicos.,Contas suspensas,0,0
"Há uma negligência do sentir. Se permita sentir suas emoções. Ressignifique suas sensações. Não há problema com os seus sentimentos, se preocupe quando há a censura e a auto-censura do seu sentir.","Já é dia de PORTO!  VAMOOOOS!  Também é dia de Quali para o grande  no GP de Andalucía!  BORA MIGUEL! Lutar em terras que também, apesar de ser Português completo, me dizem bastante porque para todos os efeitos o ""meu nome"" veio de lá.",Contas suspensas,0,0
Gado reclamando de censura é a mesma coisa que o Ixpertinho chamar alguém de hipócrita.,A CENSURA NAS REDES SOCIAIS JÁ COMEÇOU E A PL 2630 AINDA  NÃO    FOI APROVADA IMAGINA QUANDO FOR... NÃO  ESQUEÇA INSCREVA-SE NO CANAL PRECISO DA SUA AJUDA  PARA  GANHAR    MAIS ALCANCE E VOZ... OBRIGADO!,Contas suspensas,0,1
Roberto Jefferson diz no #OsPingosNosIs que o  é uma organização criminosa.,"Ele disse um monte de coisas,falou da mulher do Alexandre Himmler. Roberto Jefferson",Contas suspensas,1,0
O tiranete Alexandre de Moraes passou de todos os limites. Ele agora decide sozinho qual informação pode circular no país? Ele decide quem fala e quem cala a boca? Ou os democratas reagem agora a este ato de censura s/ precedentes ou não podem mais falar em liberdade de expressão,"Esse Alexandre de Moraes só pode está ficando louco o que ele pensa,que é Hitler?",Contas suspensas,1,0
O que vcs acham do STF ?,Uma imoralidade constitucional. O instrumento mais poderoso da esquerda. O atraso para nosso país. O escritório do Satã. #STFVergonhaNacional,Contas suspensas,1,0
"A Esquerda comemora a Censura !  Daqui a pouco, estão comendo carne de cachorro !",Censura da toga!!!,Contas suspensas,1,0
"𝗌𝗁𝗈𝗋𝗍 𝖺𝗎 | 𝗖𝗼𝗻𝘁𝗼𝘀 𝗱𝗲 𝗔𝗧𝗣: 𝗢 𝗱𝗶𝗮 𝗱𝗼 𝗰𝗮𝘀𝗮𝗺𝗲𝗻𝘁𝗼 ఌ  O grande dia de Eve e Villanelle chegou. Depois de um caminho repleto de curvas sinuosas as duas bailarinas puderam, finalmente, celebrar o seu amor.",Eu e minha casa serviremos a Miranda   VEM AÍ,Contas suspensas,2,0
"a luta é grande mas meu pau é maior, bom dia!","Grande dia para os brasileiros,que acreditam em um pulha,que não investe na saúde dos brasileiros.  Mais de 80 mil brasileiros  (as) assassinados,pela gripezinha do #BolsonaroGenocida.  Bolsonaro o fracasso do Brasil.",Contas suspensas,0,0
"É hora de falar sério.  Hoje é um dia de vitória. Diversos perfis do Twitter de agentes de fake-news, ódio e destruição de reputações foram desligados, a pedido do STF.  A decisão pode ser temporária ou permanente. Nessa thread, quero mostrar pq deve ser PERMANENTE.  Segue o fio.","Só eu que fico incomodado com essa censura sem nem terem terminado ainda o processo? E olha q quero muito q esse povo se lasque, mas existem ritos q devem ser cumpridos pra manter o sistema coeso. Imagina como vai ser quando resolverem fazer isso com aquela página q vc ama",Contas suspensas,2,1
",  e  no #J10, a imprensa (mídia) tradicional de rádio e televisão não 'manipula' mais os brasileiros. Diversas opiniões e pontos de vista estão nas redes sociais. A perda de controle está deixando alguns 'putos'. Porém é inevitável e sem volta!",Por isso essa gang torcem pela volta da censura,Contas suspensas,2,0
Atualização 1:  O Senador  José Serra(PSDB/SP)   é favorável a Lei da Censura! Ele se absteve da votação mais importante do ano.    Telefones: (61) 3303-6651 / 6655 FAX: (61) 3303-6659 E-mail: sen.joseserra.leg.br,"Em breve, vai começar a pagar...",Contas suspensas,2,0
"Nesse Brasil é proibido ser conservador raiz, é proibido ser cristão","Dia de pirão de chambaril. em Natal, Rio Grande do Norte",Contas suspensas,0,0
"Que complicada esta decisão do Alexandre de Moraes, né? ""(...) evitando-se que continuem a ser utilizados como instrumento do cometimento de **P-O-S-S-Í-V-E-I-S** condutas criminosas apuradas nestes autos (...)""","‘Afronta à liberdade de expressão’, diz Luciano Hang  via",Contas suspensas,0,0
Censurados...,Parabéns  aos três  bananas  do governo  que apoia a censura  e a ditadura  do   ! Parabéns        !,Contas suspensas,2,0
"VERGONHA ! O ditador e tirano da toga , Alexandre de Moraes , impõe censura pior que a ditadura , bloqueando redes sociais , cerceando a liberdade de expressão , promovendo uma verdadeira perseguição política . IMPRENSA, OAB,ABI, PRESIDENTE DA CÂMARA E DO SENADO , TODOS CALADOS!",Todos tem rabo preso. Ou estão poluídos com a Inhaca do PT / PSDB / PCC / Comando vermelho????,Contas suspensas,2,0
"""A única luta que a gente perde é aquela que a gente não participa. O Brasil não é do Bolsonaro. É de 210 milhões de brasileiros"" - Luiz Inácio Lula da Silva   #GovernoDeFraudes",E não se faz nada para tirar esse canalha do poder !!!           #ForaBolsonaro,Contas suspensas,2,0
"Pegue o exemplo do Roberto Jefferson: é um cidadão que vem cometendo seguidos crimes contra a honra de diversas pessoas. Deve ser processado e pode ser condenado no penal e no cível, mas não vejo previsão legal que justifique cercear o seu livre direito de expressão.",parece usar  como instalador de ditadura. A reação da sociedade civil é o espanto às atrocidades dessa instituição,Contas suspensas,2,0
bati a testa na parede e acordei assustada grande dia,"Ué, kd a resistência? Esperanfo a choradeira pra reclamarem que o resultado do Covid-19 do Presidente que deu negativo ser fake!!! Segue o jogo!!! Grande dia!!!!",Contas suspensas,0,0
Empresa privada cumprindo decisão judicial de suspensão de contas de pessoas investigadas por supostos crimes não é censura nem cerceamento de liberdade.,"E censura, vc pode concordar com ela, mas ela não deixa de ser censura. Mesmo os cara censurados sendo uns bostas.",Contas suspensas,1,1
"bom, vc já entrou e oq é censura pra vc?","cara, censura tem so um significado, nao é oq ela significa para mim. censura é uma medida do Estado de cercear a liberdade de expressão",Contas suspensas,1,0
"Não há como aceitar a censura. Não há como aceitar que aplaudam a censura. Liberdade de expressão a todos, aqueles que pensam como eu e os que pensam de forma diferente.",E se vc pensa diferente é normal... só da uma sugada aqui na minha Rola,Contas suspensas,2,0
Parou de ir na missa e agora apoia a censura.. nunca me enganou!,"Que duplo padrão escroto que tu tem, Manuela. Se fosse da tua turma, ia ficar pistola e reclamar de censura e ditadura.",Contas suspensas,1,0
"O que vc pensa de um edital de cultura com censura prévia? A prefeitura de Porto Alegre lançou edital p/ auxílio emergencial cultural q restringe a liberdade de expressão dos artistas, impondo como condição q o assunto não tenha cunho político ou religioso.","Te decide, vcs são a favor ou contra a censura? Kkkk ah, entendi, drogas só as ilícitas, efeitos colaterais só dá cocaína , censura só para a direita, ditadura só de esquerda.",Contas suspensas,1,1
"O que vc pensa de um edital de cultura com censura prévia? A prefeitura de Porto Alegre lançou edital p/ auxílio emergencial cultural q restringe a liberdade de expressão dos artistas, impondo como condição q o assunto não tenha cunho político ou religioso.","ueeeee.....Ou você defende a censura ou você é contra, manuela católica kkkk",Contas suspensas,1,1
"Sim, e a rede social deletando uma conta não é censura, já que você concordou com essa prática quando fez a conta e ela é constitucional, caso contrário a rede social nem poderia permitir usuários do país.","Exatamente, não passa a ser censura a partir do momento que você concorda.",Contas suspensas,1,0
Vocês também estão sentindo que o clima aqui no Twitter deu uma melhorada?,"Ódio do bem!! Olha ela!!! Não é só assassinato de crianças na pauta, ela defende a censura e a ditadura! Sem novidades,o brasileiro já sabia...por isso a democracia venceu! A JUSTIÇA de Deus prevalecerá!! #VozParaBernardoKuster",Contas suspensas,1,1
Vocês também estão sentindo que o clima aqui no Twitter deu uma melhorada?,Falam em democracia mas celebram a censura ...,Contas suspensas,1,1
Não houve censura. Censura é a proibição prévia de se falar algo. Censura não é a solicitação a derrubada de usuários em plataformas. Você tem direito a se expressar mas não tem direito a plataforma pra isso.,"Nenhuma das leis que eles são acusados de quebrar, tem como punição, censura ou proibição de usar o TT. Nenhuma  lei no BR prevê isso, vc pode concordar com a censura, mas ela não deixa de ser censura por isso. Eu acho todos esse caras q foram censurados uns gado merda, mas...",Contas suspensas,1,1
"KKKKKKKKKKKKKKKK só tem mama político que se vitimiza nessa porra. Se fez coisa errada, direita ou esquerda, tem que se fuder. Não é censura, responde na justiça e se você não tiver quebrado lei alguma, o que tem a temer ? Vocês são hipócritas, só é errado de um lado.","Já havia leis para punir quem denegrisse a imagem ou atacasse a moral da outra pessoa. Isso aí é uma clara censura, vcs só não veem por serem de esquerda.",Contas suspensas,1,1
"Morrerei discordando de Bolsonaristas, mas isso é censura pura e simples. Nunca vibrarei com a decisão injusta contra aqueles que não gosto, um dia tal decisão pode ser base para a injustiça contra os meus.","amiga, tirar do ar contas que disseminam ódio e fakenews não é censura!",Contas suspensas,1,1
"Ai vão alegar censura, qnd na verdade não passam de difamadores profissionais.","Se não é censura é o que, Noblat?",Contas suspensas,1,1
A decisão do Min. Alexandre de Moraes abala um dos pilares da democracia que é a liberdade de expressão. Qualquer julgamento que estabelece impedimento prévio de manifestação de opiniões é censura. E a gente sabe onde a censura leva.,"Vc teve meu voto, mas mais uma decepção. Desde qdo impedir divulgação de Fake News, de ódio, de mentiras... é censura? Lamentável seu posicionamento.",Contas suspensas,1,1
"O que vc pensa de um edital de cultura com censura prévia? A prefeitura de Porto Alegre lançou edital p/ auxílio emergencial cultural q restringe a liberdade de expressão dos artistas, impondo como condição q o assunto não tenha cunho político ou religioso.",Ué comunistinha de bosta... vc não é a favor da censura do STF? pensei que pra vc podia todo tipo de censura...,Contas suspensas,1,1
"Não foi com você, mas tá se doendo todo. Evitar que criminosos cometam delitos não é censura. Censura seria se você (ou eu) não pudéssemos falar o que estamos falando aqui. Não entendo e nunca vou entender quem defende discurso criminoso. Tenha um bom resto de dia!","Entendi, então quando um jornal/emissora publicar algo que não seja verdadeiro, deve ser fechado! É isso? Se alguém pública algo criminoso, que seja julgado e responsabilizado, mas retirar a voz desse alguém é censura...",Contas suspensas,1,1
"Não se trata de censura, se trata de coibir disseminação  de desinformação,  injúria, calúnia, difamação. Temos liberdade pra falar (e ser responsabilizados por isso), mas essa liberdade termina quando começa a do outro.","Tá ligado que é censura mesmo assim, não concordo com ninguém, mas ninguém mesmo daqueles caras, mas não se pode fazer oque foi feito, já pensou se tiraram nosso tt do ar por nós meter o pau no Bolsonaro? Tem os dois lados e não concordo com isso...",Contas suspensas,1,1
"Ninguém deve mesmo, até mesmo o MBL que tá sendo investigado por um absurdo, e o Bergado ficou lá felizão porque os inimigos políticos podem ser presos por uma investigação sem lógica, isso também seria censura e calúnia não seria?",Ele supostamente ficar feliz por isso é censura?,Contas suspensas,1,1
"Então você é a favor da censura. Campos de concentração também? Execução sumária para quem pensa ""errado""?","Meu mano, quer reclamar de censura reclama com o próprio twitter, eles que mandam nesse lugar. Se eles acham necessário apagar a conta de alguém pq alguém violou alguma ""lei"" da plataforma eles farão isso.",Contas suspensas,1,1
"Não há como aceitar a censura. Não há como aceitar que aplaudam a censura. Liberdade de expressão a todos, aqueles que pensam como eu e os que pensam de forma diferente.","Parabéns Lacombe , concordo que não pode existir censura a nenhum tipo de pensamento... a  deveria ter um pouco de sabedoria e ver da mesma forma isso , pois o risco e a todos nós amanhã ... Raquel vc é inteligente, não se deixa por ideologia ficar cega .",Contas suspensas,1,0
"Vc não tem o juízo no lugar. Para isso temos o CP calúnia, difamação etc etc etc não censura, entendeu?","Pela milésima vez vou repetir, não defendo censura e só o fato de você atuar como perfil anônimo já mostra que você tem medo de ser expôr.",Contas suspensas,1,1
"é censura sim... a lei já prevê os crimes contra a honra, direito de resposta, responsabilidade civil, mas censura nunca.. a liberdade é inegociável.","Não,não é censura, é punição por crimes.Como já te explicaram mt bem, não existe direito absoluto. Pessoas são livres para se expressarem, mas se expressarem racismo, por exemplo, serão punidas, pq racismo é CRIME. Quer falar? Ngm te impede. Apenas aguente as consequências.",Contas suspensas,1,1
Vocês também estão sentindo que o clima aqui no Twitter deu uma melhorada?,"A esquerda defendendo a censura, nenhuma novidade.",Contas suspensas,1,1
"Pra quem acha que é “censura” o que está acontecendo hoje no Brasil, favor ler a thread. Propagar notícias falsas é crime! E já estava mais do que na hora desses caras serem banidos da sociedade, não apenas das mídias sociais/digitais. Pilantras!",Vc deveria ter vergonha de usar este cidadão para defender a censura sim. Aliás recomendo a vc ver mais a fundo os vídeos que este cidadão posta. Muitos impróprios e poderiam ser classificados como pedofilia chegando a recomendar que não mostrem aos pais.,Contas suspensas,1,1
"Quem melou a CPI da Lava-toga pela ""governabilidade"" hoje não pode reclamar de censura.  Simples assim.","Nando, vc está politizando censura? CENSURA?!?! Independente da vertente política ou ideológica, compactuar com censura não é, nem um pouco razoável. Tristeza.",Contas suspensas,1,1
Vocês também estão sentindo que o clima aqui no Twitter deu uma melhorada?,"Militante comunista, engana-te se achas que nos afeta! Nos une e dá certeza que estamos certos! Censura não! #Bolsonaro2022",Contas suspensas,1,1
"O que vc pensa de um edital de cultura com censura prévia? A prefeitura de Porto Alegre lançou edital p/ auxílio emergencial cultural q restringe a liberdade de expressão dos artistas, impondo como condição q o assunto não tenha cunho político ou religioso.","A mesma censura que você comemora quando direitistas e bolsonaristas tem páginas cassadas. Gostoso, né comunistinha? Seu sonho devia ser usar o artigo 58 da URSS stalinista aqui mas não vai, não. Vai ficar só no sonho da sua mente do século XIV. Domingo tem missa, hein?",Contas suspensas,1,1
Vocês também estão sentindo que o clima aqui no Twitter deu uma melhorada?,Manuela finalmente admite aprovar censura àqueles que pensam diferente dela. Até que enfim mostrou ser comunista raiz  totalitarismo é isso aí,Contas suspensas,1,1
"O que vc pensa de um edital de cultura com censura prévia? A prefeitura de Porto Alegre lançou edital p/ auxílio emergencial cultural q restringe a liberdade de expressão dos artistas, impondo como condição q o assunto não tenha cunho político ou religioso.","Algumas horas atrás tu estava comemorando a censura de apoiadores o governo, agora reclama dessa ""censura prévia""... Te decide logo, ou tu é a favor da censura, ou tu é contra... os dois juntos não dá.",Contas suspensas,1,1
"aguardando sua manifestação contra a censura. Ah, esqueci, sua “imparcialidade” não lhe permite!",Vcs tao comemoramdo censura msm ou eh meme?,Contas suspensas,0,0
"Não é censura quando uma conta de uma pessoa é derrubada, quanda essa pessoa incentiva à saírem de casa num meio de uma pandemia para protestarem à favor de uma lei que te proíbe até dar opinião sobre o governo :)  É uma coisa que tem que explicar até para os bolsominions, pqp","censura é o corte de liberdade de expressão, mas apartir do momento que sua liberdade de expressão fere ou induz algo ruim/crime, não é censura nem fudendo",Contas suspensas,1,0
"Realmente estão tentando a todo custo impor censura aos apoiadores do presidente. A globo está fazendo um ótimo papel passando pano, mas nn pôde criticar ela um tiquinho q já sai botando artistas com mão na boca, no ouvido, nos olhos, na venta, no rabo e falando de ditadura...","O que vc pensa de um edital de cultura com censura prévia? A prefeitura de Porto Alegre lançou edital p/ auxílio emergencial cultural q restringe a liberdade de expressão dos artistas, impondo como condição q o assunto não tenha cunho político ou religioso.",Contas suspensas,0,0
"Se vc não sabe a definição de censura, procure saber. Pela sua assertiva, então, vc afirma que quando da prática de crimes, deve haver censura?","Sim, achei q fosse óbvio. Liberdade de expressão não é e nunca foi poder falar o que quiser. Racismo, homofobia, intolerância religiosa e discursos de ódio são crimes. Impedir que pessoas digam certas coisas não é censura, é justiça. Sua liberdade termina quando a do outro começa",Contas suspensas,1,1
Vocês também estão sentindo que o clima aqui no Twitter deu uma melhorada?,Chega a escorrer na perna o tesao pela censura!! Que  coisa horrorosa,Contas suspensas,1,1
Vocês também estão sentindo que o clima aqui no Twitter deu uma melhorada?,Burrice é comemorar censura,Contas suspensas,1,1
"O que vc pensa de um edital de cultura com censura prévia? A prefeitura de Porto Alegre lançou edital p/ auxílio emergencial cultural q restringe a liberdade de expressão dos artistas, impondo como condição q o assunto não tenha cunho político ou religioso.","A censura só não serve quando vcs são previlegiasse, não vejo um pio de vcs do que tá acontecendo no país ..hipocrisia pura",Contas suspensas,1,1
"O apoio à censura, que interessante. Isso é como criar uma naja em casa, um dia ela se volta contra você! “Vitória” ?!? Patético","Repitam quantas vezes isso for suficientes pra consciência de vocês achar q tem razão. Eu acho TODOS aqueles caras idiotas, sem exceção, mas isso é censura e quando recair sobre alguém que vcs “acreditem” que não mereça, aí vão bradar “estamos numa ditadura”. Agora é conveniente",Contas suspensas,1,0
Vocês também estão sentindo que o clima aqui no Twitter deu uma melhorada?,"Que fique claro quem está do lado da ditadura, da censura e dos hackers do interior de SP",Contas suspensas,1,1
"Sim, se houver crime que eles sejam punidos legalmente, censura não é o caminho",concordo censura não é o caminho. vc não sabe do que está falando aqui vc disse que liberdade de expressão é um direito absoluto que está acima de tudo,Contas suspensas,1,-1
Vocês também estão sentindo que o clima aqui no Twitter deu uma melhorada?,Comunista defendendo censura: nenhuma novidade!,Contas suspensas,2,1
"Sim, e o ministro usou a lei para impedir um criminoso de continuar utilizando o seu meio de cometer crimes. É a SUA opinião de que é censura, não a opinião da lei.   Agora, novamente, vc acha errado tirar as armas de mão de um criminoso para impedir ele de cometer mais crimes?","Se eu matar alguém, ngm pode tirar a minha arma até o julgamento pq é censura? Me impedir de cometer mais crimes é censura?",Contas suspensas,1,0
Vocês também estão sentindo que o clima aqui no Twitter deu uma melhorada?,As ditaduras comunistas sempre celebram a censura. #FechadoComBolsonaroAte2026,Contas suspensas,1,1
"Negativo meu caro. Isso não é censura. A internet pode até parecer terra sem lei, mas não é. Todos que tiveram as contas retidas, são aqueles que atacam a instituição STF, fora as Fakes News que continuam em massa.","Dispenso a aula, meu nobre. Pra mim é censura sim... acompanhava Muitas das contas, sou da esquerda há 40 anos, e FORA FHC nunca rendeu censura, e nem todas tinham fake News. Guarde a aula pra vc. No meu Twitter o professor sou eu.",Contas suspensas,1,1
"Não se combate mentira com censura, se combate com verdade e educação","É muito bonito bater palma e apoiar contas excluídas quando elas não conversam com teu viés.  A manifestação de opinião publicamente ela DEVE ser livre, independente se é concordante com o que se foi dito ou não. Isso é liberdade, o resto é censura",Contas suspensas,1,0
"Não se trata de censura, se trata de coibir disseminação  de desinformação,  injúria, calúnia, difamação. Temos liberdade pra falar (e ser responsabilizados por isso), mas essa liberdade termina quando começa a do outro.","Censura é censura amigo, nao importa se ele fala mal do stf, do Bolsonaro, do Mickey Mouse",Contas suspensas,1,1
"Quando começa assim: ""Sou contra a censura, MAS..."" tudo q vem depois do 'mas' serve somente como contradição.",Que parte vc não entendeu hein?  Sou totalmente contra a censura. Apenas acho estranho meterem o pau no PR e Militares e depois ir chorando pedir ajuda. Não apoio quem tenta dividir a direita e lucra em cima disso.,Contas suspensas,1,1
"Quem comemora a censura hoje, será alvo da censura amanhã. É a lógica de qualquer ditadura.",Não é censura se você usa o perfil pra ofender alguém e falar mentira. Simples.,Contas suspensas,2,1
Combate à mentiras não é censura.,"Fabrício, quem decide o que é mentira ou não? O monopólio de dizer o que é verdade deve mesmo ficar nas mãos dos políticos do judiciário? Mentiras se combatem com a verdade, ao passo que maus argumentos são derrubados com bons argumentos. A “máquina” ir contra isso é censura sim.",Contas suspensas,1,1
"Longe de defender qualquer um deles, mas defender censura, logo alguém da impresa!? Essa é novidade pra mim...",Quando uma quadrilha se reuni pra destruir a reputação de alguém só por não ter s mesma ideologia . E a pessoa é agredida nos lugares e até obrigada a fugir do país . Isso não é censura e sim justiça .,Contas suspensas,1,1
desde quando suspender quem comete crime e propaga mentiras é censura? pq estão mentindo a favor do que vc concorda? fiquei curioso.,"Quem comete crime tem q ser preso. Ser previamente proibido de se expressar é, literalmente, o conceito de censura. Não é difícil de entender, até vc consegue.",Contas suspensas,1,1
"O que vc pensa de um edital de cultura com censura prévia? A prefeitura de Porto Alegre lançou edital p/ auxílio emergencial cultural q restringe a liberdade de expressão dos artistas, impondo como condição q o assunto não tenha cunho político ou religioso.",Mas você nao e a favor da censura? A entendi se e contra você es a favor da censura de e a teu favor es contra. Bem o que esperar de um Comunista ne. O problema e que sua hipocrisia fica mais visível.,Contas suspensas,1,1
"Não é censura, Sabino. Tudo tem limite. Aquilo parece uma seita de adoração ao cão, pelo amor de Deus.",Não é censura??? Fico impressionada com a ignorância das pessoas de achar que tudo isso é normal e correto. Amanhã pode ser você!,Contas suspensas,1,1
"Desculpa, mas acho que em vez de apontar para os outros devemos nos perguntar: sou a favor da democracia e bato palmas para a censura?","Não é censura, é bloqueio de contas que usam de fake News para apoiar um candidato.",Contas suspensas,1,1
"O apoio à censura, que interessante. Isso é como criar uma naja em casa, um dia ela se volta contra você! “Vitória” ?!? Patético","Não confunda censura com difamação, mentira e ameaças isso mata.",Contas suspensas,1,1
Vocês também estão sentindo que o clima aqui no Twitter deu uma melhorada?,"Imagino se vc tivesse sido eleita vice, qual seria o tipo de melhora  estaria propondo.   Comemorando a CENSURA",Contas suspensas,1,1
Vocês também estão sentindo que o clima aqui no Twitter deu uma melhorada?,"Comuna comemorando censura, sempre o mesmo",Contas suspensas,1,1
Vocês também estão sentindo que o clima aqui no Twitter deu uma melhorada?,"Print -&gt;coleção de prints -&gt; Whatsapp, Instagram, FB, Twitter...  Título: apoiadores da CENSURA e da CORRUPÇÃO, ABORTO...  Continuem em campanha para os ""coitadinhos pedófilos"", esquerdalha porca. Quero mais prints desses. Tenho só 15 ou 16.",Contas suspensas,1,1
Vocês também estão sentindo que o clima aqui no Twitter deu uma melhorada?,"Não sei, mas tem um clube de vela muito bom em Porto Alegre. Justamente por não permitirem entrada de certos tipos de esquerdopatas. Aqueles que comemoram censura dizendo serem contra ditaduras. Conhece esse clube???",Contas suspensas,2,1
É  censura pura e simples . Isso é uma vergonha.,"Pela cor de sua barba, você sabe o que foi a censura e contas suspensas é bem diferente. No tempo em que havia censura, o seu tuite não teria sido publicado e as pessoas envolvidas nos ataques à democracia já não estariam aqui.",Contas suspensas,1,1
"""queremos AI-5!""  aí a justiça tira do ar perfis ligados a FAKE NEWS, e eles:  ""ain, mas isso é censura!""  oi? sabiam que durante o AI-5 tinha censura? vocês deviam estar achando bom, não? não me diga que vão reclamar de tortura também, até outro dia vocês homenageavam torturador",Então vc concorda com censura?,Contas suspensas,1,1
"Mas é isso que eles estão fazendo. Te ver defender isso me estranha. Se a intenção é coibir isso que vc disse, que se puna as pessoas dentro da lei. Existe algum desses crimes que é previsto como punição censura?",Não houve censura. Censura é a proibição prévia de se falar algo. Censura não é a solicitação a derrubada de usuários em plataformas. Você tem direito a se expressar mas não tem direito a plataforma pra isso.,Contas suspensas,1,1
"Mudei para Mônaco.  País de rico, eu acho, e sem censura. Alguém mais mudou de país hoje?","os caras pedem ditadura e fica reclamando sobre censura   sinceramente, vai se fuder",Contas suspensas,0,1
Vocês também estão sentindo que o clima aqui no Twitter deu uma melhorada?,Comunista gostar de censura não é novidade.,Contas suspensas,1,1
"O que vc pensa de um edital de cultura com censura prévia? A prefeitura de Porto Alegre lançou edital p/ auxílio emergencial cultural q restringe a liberdade de expressão dos artistas, impondo como condição q o assunto não tenha cunho político ou religioso.","ué?! censura à liberdade de expressão só vale quando é contra apoiadores do presidente?  te decide aí, sua comunistazinha de merda! pode censura ou não?",Contas suspensas,1,1
"Me faltam adjetivos pra classificar a suspensão de contas em redes sociais APENAS de apoiadores do Governo.   Para os da esquerda que comemoram, lembrem-se que nada impede que isso aconteça com vocês a qualquer momento.   A censura é real.",Usa a própria rede social para reclamar de censura = burra,Contas suspensas,1,1
Vocês também estão sentindo que o clima aqui no Twitter deu uma melhorada?,"Para quem apoia o PCC (Partido Comunista da China) e as ditaduras que atualmente estão governando alguns países hoje em dia, tudo isso é normal, Censura da Liberdade de Expressão...",Contas suspensas,1,1
Não é censura pq são mentiras e são mentiras que estão prejudicando o país como um todo.,"É censura, se alguém diz uma mentira é o Felipe que acabou de criar um incidente diplomático mentindo sobre a Ucrânia. É nisso que dá moleque ignorante com a boca grande. Vcs sequer conhecem a lei e a CF do seu país pra darem opinião. Vcs não foram civilizados, molecada idiota",Contas suspensas,1,1
Vocês também estão sentindo que o clima aqui no Twitter deu uma melhorada?,"Claro, o presida esta bem, ja a parte da censura, bem, agora estamos vendo que em 64 venceu o lado certo",Contas suspensas,1,1
Vocês também estão sentindo que o clima aqui no Twitter deu uma melhorada?,"Chegamos ao ponto de comemorar censura. Triste, desanimador. Suas opiniões são apenas válidas se alinhadas a essa corja.",Contas suspensas,2,1
Vocês também estão sentindo que o clima aqui no Twitter deu uma melhorada?,Não seja por isso: Vai pro c! Contatinho de Hacker!!! . . #Bolsonaro2022 #VozParaBernardoKuster  Roberto Jefferson,Contas suspensas,1,1
"Informar e não assustar. Nas últimas 72 horas ocorreram 272 óbitos no Brasil os demais até completar 1384 foram nos últimos 2 meses. A grande  mídia divulga tudo como se fosse na últimas 24 horas, e não é!!","Para de desinformar!  Você está prestando um desserviço à sociedade! Deturpando informações, você só transmite pânico! Isso é mau-caratismo! Mais responsabilidade, POR FAVOR!",Contas suspensas,2,1
Está confessando que existe censura aceitável? Censurar os oponentes é permitido? Hummmm! Eis o retrato da hipocrisia esquedopata.,Isso não é censura e sim criminalizar as fake news você pode até fazer fake news mas terá consequências,Contas suspensas,1,1
"O que vc pensa de um edital de cultura com censura prévia? A prefeitura de Porto Alegre lançou edital p/ auxílio emergencial cultural q restringe a liberdade de expressão dos artistas, impondo como condição q o assunto não tenha cunho político ou religioso.","Ué , tava comemorando a censura dos deputados bolsonaristas e agr se diz contra a censura ??  Essa hiprocrisia da esquerda",Contas suspensas,1,1
"Divulgar fake news e mentiras para destruir a reputação de adversários, promover o ódio e a violência e até enganar o público de formas que podem colocar a saúde da população em risco NÃO É LIBERDADE DE EXPRESSÃO.   É crime.","Verdade, mas quem destrói imagem, até mesmo de medicamento como a Cloroquina procuraram desmoralizar, quem atacam pessoas e engana o público e promove a censura, por ódio e usa de violência, quem afirma que antifas são democráticos, quem flerta com a mentira?",Contas suspensas,2,1
e as redes sociais ficaram um pouco menos odiosas...,Quem diria que vc iria parecer gostar de censura? Tristes tempos!,Contas suspensas,2,1
"Não há como aceitar a censura. Não há como aceitar que aplaudam a censura. Liberdade de expressão a todos, aqueles que pensam como eu e os que pensam de forma diferente.","O assunto não é censura mas sim divulgação de informações falsas, vcs aprovam isso?",Contas suspensas,1,1
Melhor ler isso q ser cego! Censura e bom desde qd? Cuidado q qd vc comemora a censura do seu inimigo no futuro ela pode voltar e cair no seu colo.,"não existe censura quando se usa os meios de comunicação como o Twitter pra se propagar notícia falsa. sobretudo com inteligência artificial pra isso. veja bem, falamos de notícia falsa, não uma opinião. Num país com a educação ruim como a nossa, isso é uma arma.",Contas suspensas,1,1
Vocês também estão sentindo que o clima aqui no Twitter deu uma melhorada?,"Cada ação tem uma reação! Nesse caso, cada perseguição, cada censura, cada pedra lançada contra conservadores(ações), só nos mostra que os princípios os quais defendemos, tem um valor imensurável. E a reação é #Bolsonaro2022 !!!",Contas suspensas,1,1
A censura sempre deve ser combatida. Boa sorte para esses perseguidos políticos.  Me assusta a possibilidade de voltarmos a um regime ditatorial liderado por gente que o povo não votou.,Isso não é censura! Fecha teu cu,Contas suspensas,1,1
"Várias contas foram retidas do Twitter sob a justificativa de ""demanda legal"". , ,  e outros, todos defensores do governo e críticos do STF. Do que se trata? Não foram notificados de nada ainda. É o tal inquérito ilegal? Isso é censura!","fica quietinho, que já chega a tua vez. queriam ditadura e ai 5, toma amostra grátis Espalhar fakenews e discursos de ódio não tem nada a ver com liberdade de expressão.  Combater fakenews e discursos de ódio não tem nada a ver com censura.  dito isso: GRANDE DIA, companheiros...",Contas suspensas,1,1
"Não se trata de censura, se trata de coibir disseminação  de desinformação,  injúria, calúnia, difamação. Temos liberdade pra falar (e ser responsabilizados por isso), mas essa liberdade termina quando começa a do outro.","Ironicamente, você está propagando desinformação defendendo censura nesses tuites. Está propagando desinformação ao defender que deve-se seguir uma regra estatal mesmo que não consintam com o estado. Está cometendo injustiça defendendo que um estado tem direito de calar alguém. K",Contas suspensas,1,1
"O tratamento com cloroquina, na fase inicial, funciona e pode salvar muitas vidas. Grande dia!","Espero que hipocrisia não seja uma das características da gov. do RS; Que fique no AS e não tome essa medicação 'sem comprovação científica', agora que pegou Covid em passeio para entrevista em SP enquanto obriga a população a ficar dentro de casa.  Força aí.",Contas suspensas,2,0
"O que vc pensa de um edital de cultura com censura prévia? A prefeitura de Porto Alegre lançou edital p/ auxílio emergencial cultural q restringe a liberdade de expressão dos artistas, impondo como condição q o assunto não tenha cunho político ou religioso.","Você comemorou a censura hoje de manhã, sua imbecil. Tá gostando?",Contas suspensas,1,1
É  censura pura e simples . Isso é uma vergonha.,Censurar quem dissemina mentiras eu acho que eh um favor pra sociedade e não censura. Fake news pode levar até a morte de uma pessoa como já aconteceu várias vezes. Quem propaga mentira tem que se foder mesmo,Contas suspensas,1,1
"Você endossou a PL da censura das redes, esse texto está em desacordo, judiciário absolutista censurando e você pode ser o próximo.",Endossou não. Ele é o criador do braço do demônio. Ele criou a lei que censura as pessoas e que cria mecanismos de controle de conteúdo!!!,Contas suspensas,1,0
Tem que ser muito sem caráter para achar que censura é uma coisa normal.,"Isso não é censura, amigo, é punição, deixa de ser burro",Contas suspensas,1,1
"Não se trata de censura, se trata de coibir disseminação  de desinformação,  injúria, calúnia, difamação. Temos liberdade pra falar (e ser responsabilizados por isso), mas essa liberdade termina quando começa a do outro.","não se trata de censura, mas é censura",Contas suspensas,2,1
Que absurdo!  E quem julga o que é verdade distorcida? Você? Eu? O Moraes? O Twitter? Quando a ferramenta limita ou zera o alcance está censurando. Ponto final.  Vc tbm é a favor da censura e nem sabe disso. Presta atenção que isso vai voltar pra morder sua bunda amanhã.,"Sim, eu sei que isso é censura de certa forma, mas eu estou dizendo que era melhor ter diminuído o alcance ao invés de ter apagado as contas, não quero entrar em falácia mas parece que vocês estão defendendo o apagamento...",Contas suspensas,1,1
"Ele demitir do governo dele quem não concorda com ele é equivalente a um ministro do supremo censurar o meio de comunicação de uma pessoa com base em ""subversão da ordem""? E ele sequer é meu presidente, n votei nele. Mas tbm não defendo censura","Você não sabe o que é realmente censura, o que foi o medo de artistas e jornalistas de serem mortos pelos militares, nos anos 70. Cada meio de comunicado tinha um censor para calar qualquer jornal que falava mau do governo da época, e se falava era torturado e morto.",Contas suspensas,1,1
"Bom então você provavelmente não defende liberdade de expressão, você é a favor apenas aquilo que lhe convém. Não se combate mentira com censura, se combate mentira com verdade","primeiro que censura é algo prévio, segundo que eu estou falando de algo que já é crime (manipulação com fins políticos e difamação), terceiro que eu falei exatamente do combate à mentira (oq independe de opinião própria, logo não há espaço para o que ""me"" convém)",Contas suspensas,1,1
Vocês também estão sentindo que o clima aqui no Twitter deu uma melhorada?,Negativo! Estamos aqui por  e por todos que foram censurados. #VozParaBernardoKuster,Contas suspensas,1,1
Você não sabe o significado de censura também. Tá vendo? O seu erro é querer tirar suas convicções de coisas que já tem definição própria. Quando você assaltar um banco você fala pro juiz que você é um ser livre e pode fazer o que quiser. Liberdade ou é absoluta ou não é né?,"Vamos lá, a limitação de opinião e ideias são censura, seja ético ou não, moral ou não, a partir do momento que retira sua liberdade de opinar sua idéia como feito ali em cima é uma censura. Você tem a liberdade de fazer o que quer, obviamente vai sofrer represaria, mas no que +",Contas suspensas,1,1
"Me faltam adjetivos pra classificar a suspensão de contas em redes sociais APENAS de apoiadores do Governo.   Para os da esquerda que comemoram, lembrem-se que nada impede que isso aconteça com vocês a qualquer momento.   A censura é real.",Eles acham que estão livres desta censura!!,Contas suspensas,1,0
Vocês também estão sentindo que o clima aqui no Twitter deu uma melhorada?,Amanhã pode ser a sua. Qua será sua reação sobre censura? Aguardemos!,Contas suspensas,1,1
Vocês também estão sentindo que o clima aqui no Twitter deu uma melhorada?,"OHHHHH COITADA...ELA NEM RACIOCINA DIREITO...PENSA COMIGO QUERIDINHA: Alexandre de Moraes está dando a chance de ouro para a direita se tornar um grande movimento...mil contas censuradas, três mil abertas depois",Contas suspensas,1,1
"Acho q vc não sabe o q é democracia, liberdade de expressão e justiça. Por isso vc acredita q não é censura.  Chamar Bolsonaro de genocida, milíciano e outros adjetivos é fake news, mas vcs tem liberdade pra isso, coisa q está sendo cessada do lado de cá pelo STF.",Democracia? O que vocês entendem disso? Ué estão achando que é censura ? Não querem a volta do exército? AI-5? Vão se informar a diferença de ódio e democracia.,Contas suspensas,1,1
"Não se trata de censura, se trata de coibir disseminação  de desinformação,  injúria, calúnia, difamação. Temos liberdade pra falar (e ser responsabilizados por isso), mas essa liberdade termina quando começa a do outro.","sim, é censura.",Contas suspensas,1,1
"""queremos AI-5!""  aí a justiça tira do ar perfis ligados a FAKE NEWS, e eles:  ""ain, mas isso é censura!""  oi? sabiam que durante o AI-5 tinha censura? vocês deviam estar achando bom, não? não me diga que vão reclamar de tortura também, até outro dia vocês homenageavam torturador",Mas vc acha que a determinação de Alexandre de Moraes foi um ato de censura?,Contas suspensas,1,1
"Acrescento: se fosse eu o censurado, esses mesmos comemorariam e/ou criariam narrativas para encobrir/desmentir o fato. ACREDITE.  Alguns desses q perderam seus perfis assassinaram reputação de quem queria lava-toga, patrulham opiniões e promovem seu próprio mecanismo de censura.",Então vc apoia a decisão do STF de censura?,Contas suspensas,1,1
"Censura no cu dos outros é refresco não é? É simples, antes de reclamar de “censura” vá estudar história, vê o que foi realmente a ditadura de 64 e o AI-5 depois você vem aqui chorar.","Não defendo censura pra ninguém seu burro(a). Não estou chorando tbm, estou tranquila em casa digitando minha opinião. ""Vai estudar história"" já tá batido desde 2016. Tem que renovar seu repertório.",Contas suspensas,1,1
"Calúnia, difamação, mentiras, discurso de ódio não é "" se A ou B acha"". Isso não é Censura, foi dada a liberdade de expressão, se cometeram crime que paguem. Mas se souber de algum esquema de FakeNews igual a esse na Esquerda me avise que eu te apoio. Abç","Então, vc banir essas contas dessa forma ditatorial não é censura?? Só porque vc não segue a cartilha deles? Muito democrático isso.",Contas suspensas,1,1
tu acha que chamar alguém de gay é ofensa? vai ter que melhorar muito. mil vezes ser gay a ser eleitor do bolsonaro ou apoiar alguem como sara winter HAHAH QUE MICO,"você apoia censura viadão, parabéns",Contas suspensas,1,1
Quem dá defendendo censura?,"Achar certo calar os outros mesmo que vc não concorde na base do tapetão quando tem lei que regula, que é o código penal, é achar certo a mordaça arbitrária = censura",Contas suspensas,1,1
"Os Bolsonaristas estavam esse tempo todo pedindo a volta da ditadura e quando excluem a conta de pessoas que estavam espalhando fake news (crime), eles espumam e falam que isso é censura hahahha gente, vcs acham que na ditadura não tem censura não?",Censura só é boa quando ela não cala vcs e sim os outros né  ????,Contas suspensas,1,1
"Os defensores da ditadura, vejam só, agora querem reclamar de “censura”. A reivindicação? Poder espalhar mentiras e discurso de ódio pelas redes sociais.",quem esta defendendo censura esta sendo vc...não percebe?,Contas suspensas,1,1
"Sim, achei q fosse óbvio. Liberdade de expressão não é e nunca foi poder falar o que quiser. Racismo, homofobia, intolerância religiosa e discursos de ódio são crimes. Impedir que pessoas digam certas coisas não é censura, é justiça. Sua liberdade termina quando a do outro começa",Falar o que quiser e ser responsabilizado por isso é muito diferente de censura praticada pelo estado. Cada um deve ser responsabilizado na proporção do dano causado. Não confunda as coisas.,Contas suspensas,1,1
"O que vc pensa de um edital de cultura com censura prévia? A prefeitura de Porto Alegre lançou edital p/ auxílio emergencial cultural q restringe a liberdade de expressão dos artistas, impondo como condição q o assunto não tenha cunho político ou religioso.","Vocês só são contra a censura quando-lhe convém.   Não lutam pela liberdade, lutam para formar seus monopólios ideológicos.",Contas suspensas,1,1
"Então eu estava vendo o comentarista da  ,me parece que não houve censura...Eles estão amparados pela lei.... Acho que  poderia falar mais...","E não, não foi censura. São criminosos espalhando mentiras. Tem que ser banido mesmo. Isso é uma democracia , mas não venha com inventos. Regras são para ser cumpridas.",Contas suspensas,1,0
Veja os posts dessa galera que fala em censura rsrs.,Tem oq? Fala ai? Te garanto q nada tão imbecil quanto um asno q defende censura,Contas suspensas,1,1
EU vendo que contas bolsonaristas são retiradas do ar no Twitter e Facebook e que o pessoal que pede a volta da ditadura tá reclamando de censura,Então vc concorda com a censura ?,Contas suspensas,1,1
É  censura pura e simples . Isso é uma vergonha.,"Um absurdo a pessoa não ter a liberdade de dizer que sabe a onde a outra mora, os lugares que frequenta, onde mora sua empregada  e todo tipo de ameaças e fake news, um absurdo, essa censura é coisa de ditadura",Contas suspensas,1,1
"Não é uma delícia ver a galera que pedia um AI-5 chorando e gritando CENSURA?   Foi uma decisão judicial, esses imbecís confundem PUNIÇÃO com CENSURA.  A única coisa boa é ver esse “fugitivos da inteligência” chorando nas redes. Criticando a censura e o “livre mercado”","Animal, a censura tbm é uma punição. Se vc ñ percebe que está vivendo numa ditadura de toga o ""fugitivo da inteligência"", é vc.",Contas suspensas,1,1
"Meu caro, para haver censura a premissa é a de que existe jornalismo e informação","A premissa de existência de censura é a manifestação de pensamento, qualquer q seja ele, q venha a ser proibida.  ""Informação"", ""jornalismo"" são conceitos abertos.  Você mesmo foi acusado de praticar golpismo travestido de jornalismo, como vc certamente se lembra.  Abraço.",Contas suspensas,1,1
"Eu entendo a contradição, ainda assim não justifica censura. O caminho pra combater pensamentos autoritários com certeza não é com autoritarismo. Eu e você olhamos o discurso deles e achamos absurdo coisas como AI-5, assim será com a maioria. Devemos educar, não reprimir.","O que eu tentei dizer e parece que ainda assim não ficou claro é que eu não vi censura, eu vi punição. Na minha opinião se você apoiar tortura, desejar morte alheia, você está cometendo um crime, não sendo censurado.",Contas suspensas,1,1
#Bolsonaro2022 a esquerda finge em ser contra a censura.  Eles apoiam a Ditadura da Venezuela e da China .,"Mas o que houve com aquela gente nada fina, nada elegante e nada sincera que pedia o AI-5? Estão reclamando de censura? Eu conto ou vcs contam?",Contas suspensas,0,1
Censura nunca mais.,"Vcs que sofreram na pela a censura desses ditadores deveriam ser os primeiros a combater isso, mas não, preferem nos atacar, olha a merda agora, daqui a pouco eles vão pra cima de vcs de novo.",Contas suspensas,1,0
Não me estranha nem um pouco a esquerdalha comemorar censura.,Pregar fake news não é censura...,Contas suspensas,1,1
"Não se trata de censura, se trata de coibir disseminação  de desinformação,  injúria, calúnia, difamação. Temos liberdade pra falar (e ser responsabilizados por isso), mas essa liberdade termina quando começa a do outro.","É censura igual, assim como esse argumento poderia ser usado pra censurar os débil mentais que divulgaram a vacina cubana contra o corona, seria censura igual, liberdade também é liberdade de falar merda.",Contas suspensas,1,1
"Edianez, trata-se de criminosos. Não é questão de censura.  Então uma pessoa pode me caluniar que ela fica protegida por ""liberdade de expressão ""? Não né .","Não, a pessoa que comete crimes de ameaça, injúria, difamação e contra a honra tem de responder perante a legislação, cabe até pedido de indenização quando há dano moral. Cada um que responda pelo crime já cometido. Mas apoiar a proibição de postar, isso é censura prévia",Contas suspensas,1,1
"A conversa começou pela dúvida se era censura ou não. Sendo crime, não é censura. Concordamos? Você acha que não é certo, ok. Mas argumentamos que é crime pois está na lei e logo o conceito de censura não se aplica.","Errado, se a lei disser que é proibido falar mal do presidente deixa de ser censura? Então não teve censura no regime militar?",Contas suspensas,1,1
É  censura pura e simples . Isso é uma vergonha.,Pedem tanto AI-5  e agora vem reclamar de censura. Muuuuuuhhhhh!,Contas suspensas,1,1
É censura,"Não é censura, disseminar Fake News é crime!    Se formos na lógica de dizer q é censura, logo irão dizer que prender por cometer assinato também é censura, tendo em vista que o poder judiciário repreende quem comete homicídio",Contas suspensas,1,1
"Não é uma delícia ver a galera que pedia um AI-5 chorando e gritando CENSURA?   Foi uma decisão judicial, esses imbecís confundem PUNIÇÃO com CENSURA.  A única coisa boa é ver esse “fugitivos da inteligência” chorando nas redes. Criticando a censura e o “livre mercado”",Kkkkkk  foi punida com censura mas tá tudo bem né brincadeira vcs são exatamente iguais os bolsonarista se tá a favor é certo bando de hipócritas,Contas suspensas,1,1
EU vendo que contas bolsonaristas são retiradas do ar no Twitter e Facebook e que o pessoal que pede a volta da ditadura tá reclamando de censura,"para de cagar pelos dedos, clhh, a censura está latente e você fica aí cagando no Twitter toda essa sua merda vermelha, você que deve ser adoradora do grande salafrário sindicalista! Aplauda hoje pois amanhã poderá ser você.",Contas suspensas,1,1
"Liberdade de expressão é um tema SUPRAPARTIDÁRIO. Qualquer tipo de censura é abjeta. Usar o poder estatal pra calar qualquer indivíduo é uma aberração; não importa qual seja a opinião, goste dela ou não, todos devem ter o seu direito constitucional assegurado de expressá-la.","Para praticar crimes não? e isso para tramar ataques a pessoas, para denigrir as pessoas, para difamar e isso que você chama de liberdade de expressão. Só na cabeça de vocês mesmo, que isso se trata de liberdade..",Contas suspensas,2,1
"Não é censura, é bloqueio de contas que usam de fake News para apoiar um candidato.","Quem diz o que é fake news? Você consegue dar um exemplo de fake news que eles divulgaram? Tolher opiniões é muito perigoso. Se há fake news, que se responsabilize pelas mentiras ditas. O que não dá é responsabilizar previamente. Isso se chama censura.",Contas suspensas,1,1
"Meu caro, para haver censura a premissa é a de que existe jornalismo e informação","Se não é comigo ou com minha patota, não é censura!! Típico ""jornalista militante""!! Nada novo na bolha!!!",Contas suspensas,1,1
"Eu nem tava te seguindo, agora passo a seguir. Se existe uma coisa que eu mais desprezo é a censura. Força Bernardo!","A palavra censura só cabe onde se tenta calar quem coloca opiniões, noticias, etc, que são verdadeiras. Mentiras tem que serem caladas.",Contas suspensas,2,1
Quando é censura?   Pra mim é impedir alguém de publicar.  Punir severamente alguém que JÁ PUBLICOU não é censura é justiça!,"É censura qdo apagam tudo q o cara já publicou, independente do q foi. Fizeram isso ao extinguir as contas deles do Twitter. Não gosta do q o cara escreve, processa ele, mas censurar não. Me assusta é qdo vejo imprensa, q vive da comunicação, aplaudir isso.",Contas suspensas,1,1
"Não há como aceitar a censura. Não há como aceitar que aplaudam a censura. Liberdade de expressão a todos, aqueles que pensam como eu e os que pensam de forma diferente.",na verdade nenhum dos lados aceita o contraditório...basta pensar.diferente que virá inimigo..seja de.direita ou esquerda ..será que se a censura fosse em cima do Lula ou pt vc estaria fazendo esse tweet Lacombe? Sabendo que não..assim como eles ficam calados.. bem parecidos não,Contas suspensas,1,1
"Acrescento: se fosse eu o censurado, esses mesmos comemorariam e/ou criariam narrativas para encobrir/desmentir o fato. ACREDITE.  Alguns desses q perderam seus perfis assassinaram reputação de quem queria lava-toga, patrulham opiniões e promovem seu próprio mecanismo de censura.","Espero um dia te ver reclamando de censura,novamente...mas o bom de tudo isso,e que estamos migrando para outras 2 plataformas,e vcs vão  acabar falando merda um pro outro sozinhos aqui",Contas suspensas,1,1
"Pessoal, aula básica gratuita aqui: censura é a intervenção do Estado (governo) na liberdade individual do cidadão. Empresa privada cumprindo decisão judicial de suspensão de contas de pessoas investigadas por supostos CRIMES não tem nada de censura.","Por mais que esse inquérito do STF seja um malabarismo jurídico, não há como se falar em censura. O cidadão que é alvo de uma operação da PF e tem o celular apreendido pode reclamar de censura?",Contas suspensas,1,0
"Então você está propondo a censura de Imprensa e de expressão,é isso?","Não foi censura seus animais. Foi indício de crime. Fake news é crime, simples.",Contas suspensas,1,1
Vocês também estão sentindo que o clima aqui no Twitter deu uma melhorada?,Esquerda está curtindo bastante CENSURA,Contas suspensas,1,1
"A decisão do FB e do TW de derrubar as contas de apoiadores de  é sem precedentes na rede mundial, que se caracteriza pela ampla liberdade de expressão. A decisão de suspender as contas é contraditória porque a  investigação não está concluída. País sob censura.","Até que enfim alguém do governo falando contra essa censura, cuidado Fábio, o Ramos está de olho, vc pode ser demitido por isso.",Contas suspensas,1,0
"Pegue o exemplo do Roberto Jefferson: é um cidadão que vem cometendo seguidos crimes contra a honra de diversas pessoas. Deve ser processado e pode ser condenado no penal e no cível, mas não vejo previsão legal que justifique cercear o seu livre direito de expressão.","Mas vc criou essa censura, agora vem com esse papo furado.",Contas suspensas,1,1
Por isso a censura!!Estão desesperados!!!,"Infringir regras da plataforma não é censura, e vocês que estão desesperados por propagarem fake news.",Contas suspensas,1,1
Como você chegou a esse ponto. Destruiu o seu currículo se aliando a um governo e pensamento totalmente incoerente com a democracia. Não tem nada haver com pensar diferente. Não se faça ingênuo. Leia a decisão na íntegra e veja se é censura.,"Abra o olho!! Deixe de ser bitolado, massa de manobra! Não à censura!!!!!",Contas suspensas,1,1
É inadmissível a censura na internet. Não tem conversa. Um país que vive reclamando da época militar vê a justiça fazendo exatamente o que eles tanto criticam? Sem chance.,"Só to vendo à mídia podre e marrom comemorando à censura, Mas não era o presidente, que vcs falavam que iriam censurar ? ta certo ! Mídia brasileira e baiana. Todas podres e imundas.",Contas suspensas,0,0
"meio tenso ver gente defender censura em 2020, nao é quest de qm ta mentindo ou nao, e sim de dar poder pra algm decidir quem pode ou nao falar","Que porra é essa de repressão, de censura! Posta o q quiser, rapada ... rsrs cambada",Contas suspensas,0,0
"Não é uma delícia ver a galera que pedia um AI-5 chorando e gritando CENSURA?   Foi uma decisão judicial, esses imbecís confundem PUNIÇÃO com CENSURA.  A única coisa boa é ver esse “fugitivos da inteligência” chorando nas redes. Criticando a censura e o “livre mercado”","Quando você foi expulso de um táxi após beijar seu namorado foi censura ou punição?  No cu dos outros é refresco, no nosso arde.",Contas suspensas,1,1
"tds os titulares das contas excluídas já foram julgados e condenados? Se não, isso não configura censura prévia? Censura prévia abre um precedente extremamente perigoso","Caralho, como tirar um conteúdo do ar meses depois de publicado é censura prévia?",Contas suspensas,1,1
"Meu dilema:  Ficar no Reino Unido: ameaça de terceira guerra mundial, basta uma bomba pra essa ilha afundar.  Voltar pro Brasil: censura, ditadura comunista, prisão por fake news, liberdades restringidas.  Não tá fácil","Vc falou quer quer largara internet e ir pro mato, o melhor lugar pra isso é o Brasil, não seremos atingidos por Bombas atômicas por ser uma região de refúgio, e vc não precisará se preocupar com censura na internet já que não vai precisar de uma já que vai se refugiar no mato!!",Contas suspensas,1,0
"Não há como aceitar a censura. Não há como aceitar que aplaudam a censura. Liberdade de expressão a todos, aqueles que pensam como eu e os que pensam de forma diferente.","Como jornalista, deveria saber o que se caracteriza como censura. Como Bolsonarista, rasga o diploma e caga pelos dedos. Você é medíocre, Lacombe!",Contas suspensas,1,1
"Isso é censura Rachel, como jornalista não deveria ficar contente com isso. A próxima pode ser você.  Já pensou nisso? Grande e respeitoso abraço.","Convocar e ameaçar de agressão um ministro do STF, na porta da casa dele é censura?",Contas suspensas,1,1
Vocês também estão sentindo que o clima aqui no Twitter deu uma melhorada?,Contrate hackers para cometer crimes feito uma garota  #VozParaBernardoKuster,Contas suspensas,1,1
"Sim, censura. Ou classificação indicativa (como queira). De todos os livros, acredito que apenas Pedra Filosofal tem um conteúdo menos sombrio. A partir da Câmara, se fossem trazer a mesma atmosfera, os filmes teriam pelo menos C-14 anos. E muitos não poderiam assistir no cinema.","Tá mas o que ele falou não tem nada a ver com censura? Já que foi uma decisão do diretor do filme que achou melhor assim, acho que o teu ponto faz todo o sentido, mas não sobre essa perspectiva",Contas suspensas,1,1
"Se essa censura não para até o final do segundo mandato do nosso PR, estaremos em situação pior do que quando ele entrou. Não se negocia a LIBERDADE DE EXPRESSÃO","que irônico os bolsonarista reclamando de censura né, no cu dos outros é refresco rsrs",Contas suspensas,0,1
Vocês também estão sentindo que o clima aqui no Twitter deu uma melhorada?,"Os cambaus... Se fosse a esquerda, estariam reclamando e esperando. Censura.",Contas suspensas,1,1
Censura nunca mais!,"Oxe, não são vcs que pedem intervenção militar, AI5 e tal? Se vc não sabe a censura faz parte disso tudo. Então, saibam oq falam antes de pedir.",Contas suspensas,1,1
Vocês também estão sentindo que o clima aqui no Twitter deu uma melhorada?,"Só melhoraria se os esquerdalhas, comunistas e aliados do PCC (Partido Comunista do CAPETA) fossem excluídos, pois só fazem e escrevem!  #VozParaBernardoKuster #VozParaConservadores #Bolsonaro2022",Contas suspensas,1,1
Vocês também estão sentindo que o clima aqui no Twitter deu uma melhorada?,A comunista criminosa conhecida como avião gosta de censura...,Contas suspensas,1,1
"Não gosto dessa gente, mas é censura.",Não é censura pq são mentiras e são mentiras que estão prejudicando o país como um todo.,Contas suspensas,1,1
incitação ao ódio não é censura. beijos.,O gado que tem fetiche por coturno não entende a diferença entre censura e crime.,Contas suspensas,0,0
"O apoio à censura, que interessante. Isso é como criar uma naja em casa, um dia ela se volta contra você! “Vitória” ?!? Patético",Impedir a disseminação de fakenews e discurso de ódio não é censura,Contas suspensas,1,1
"Não há como aceitar a censura. Não há como aceitar que aplaudam a censura. Liberdade de expressão a todos, aqueles que pensam como eu e os que pensam de forma diferente.",na verdade nenhum dos lados aceita o contraditório...basta pensar.diferente que virá inimigo..seja de.direita ou esquerda ..será que se a censura fosse em cima do Lula ou pt vc estaria fazendo esse tweet Lacombe? Sabemos que não..assim como eles ficam calados.. semelhanças,Contas suspensas,1,1
"Não há como aceitar a censura. Não há como aceitar que aplaudam a censura. Liberdade de expressão a todos, aqueles que pensam como eu e os que pensam de forma diferente.","Todos tem o direito de falar. Porém todos são responsáveis e respondem pelo que falam. Mas proibir alguém de falar algo, isso é censura. Não foi contra isso que dizem ter lutado por muitos anos?",Contas suspensas,2,0
"Não se trata de censura, se trata de coibir disseminação  de desinformação,  injúria, calúnia, difamação. Temos liberdade pra falar (e ser responsabilizados por isso), mas essa liberdade termina quando começa a do outro.","resumo do tweet: não é censura, é censura",Contas suspensas,1,1
"Não se trata de censura, se trata de coibir disseminação  de desinformação,  injúria, calúnia, difamação. Temos liberdade pra falar (e ser responsabilizados por isso), mas essa liberdade termina quando começa a do outro.","Não, é só censura mesmo",Contas suspensas,1,1
Ainda não é censura,"O estado impede todo mundo que mora no Brasil de ver determinado conteúdo de determinado criador atraves de um inquérito ilegal, mas não é censura?",Contas suspensas,1,1
"Você não ter que ler, Nick. É censura.  Eles devem ser punidos pelo o que fizerem e não pelo o que podem fazer. O inquérito do STF é arbitrário e pode alcançar qualquer pessoa que o ministro quiser. Hoje são os bolsonaristas, amanhã pode ser qualquer um que critique o STF.","Não é censura. E esses caras deveriam estar presos, isso sim. Ainda falta muita gente.",Contas suspensas,1,1
"Os caras passam anos espalhando mentiras e teorias da conspiração, aí eu tenho que ler aqui que suspender as tais contas seria censura.","Você não ter que ler, Nick. É censura.  Eles devem ser punidos pelo o que fizerem e não pelo o que podem fazer. O inquérito do STF é arbitrário e pode alcançar qualquer pessoa que o ministro quiser. Hoje são os bolsonaristas, amanhã pode ser qualquer um que critique o STF.",Contas suspensas,1,1
Vocês também estão sentindo que o clima aqui no Twitter deu uma melhorada?,Não notei nada diferente. Aqui nos EUA não existe censura.,Contas suspensas,1,1
"Ué, se a LEI, repito, LEI de segurança nacional é censura, como ela esta na LEI, tendo em vista que censura é inconstitucional?","A lei em si não é censura meu caro, a aplicação dele ao caso sim kkk. Ele usou a lei pra intimidar o jornalista por uma charge. Até a Secom na ocasião fez vários tweets dando palco pras ações do Ministro da Justiça. Cabia ao presidente processar também,sem esse tipo de ação.",Contas suspensas,1,1
Apoiando censura seu otário,"Ninguém está apoiando a censura. A questão é que é irônico,vcs bolsonaristas,que tanto pediam AI-5,estarem encomodados com a censura. Agora aprendeu como funciona? E tbm essas contas não vão fazer diferença nenhuma,só ficavam repassando informações falsas",Contas suspensas,1,1
"Os caras passam anos espalhando mentiras e teorias da conspiração, aí eu tenho que ler aqui que suspender as tais contas seria censura.","tem um vídeo do Elba explicando sobre isso, de que as pessoas acham que é censura:",Contas suspensas,1,0
Entt isso é censura,"censura não, a plataforma é PRIVADA e ela proporciona que os usuários controlem os comentários dos posts DELES. o post é MEU e eu decido o que faço com os comentários.",Contas suspensas,1,1
Vocês também estão sentindo que o clima aqui no Twitter deu uma melhorada?,"Alguns os Leões não estão e as hienas acham que terão sossego, vai vendo ....   #Bolsonaro2022 #STFVergonhaNacional",Contas suspensas,1,1
Independente do alinhamento político é censura!,Não a censura da turma de toga #FreedomOfSpeech,Contas suspensas,0,0
"Eu defenderei teu direito de falar merda até o final e jamais deixarei que passem por cima dos seus direitos, seja você da esquerda, da direita, da minha cobra, essa putaria de censura tem que acabar...  #STFNaoVaiNosCalar",Os sojados ficam reclamando de censura. Se esqueceram que estão em uma guerra.,Contas suspensas,0,1
"Tá matando o serviço só pq, pra mim, o que o ministro do STF fez é censura? Kkkkkkkkk","Não considero censura. Eles continuam podendo criar contas novas e continuar falando as abobrinhas que sempre falam.   As contas não foram excluídas e sim suspensas, já que são provas de investigação. Não sei se vc viu que eles estavam apagando coisas após a investigação começar.",Contas suspensas,1,1
"Não há como aceitar a censura. Não há como aceitar que aplaudam a censura. Liberdade de expressão a todos, aqueles que pensam como eu e os que pensam de forma diferente.","Lacombe , afinal o que aconteceu com o  ? 47 mil pessoas assistindo a live e ele sumir daquele jeito ? Foi censura ? A emissora dele que bloqueou ? Afinal , o que houve ?",Contas suspensas,1,0
"Quem comemora a censura hoje, será alvo da censura amanhã. É a lógica de qualquer ditadura.","Não é censura, é justiça pra esses delinquentes, criminosos q usam as redes, pra ameaçar e caluniar as pessoas.",Contas suspensas,1,1
"O que vc pensa de um edital de cultura com censura prévia? A prefeitura de Porto Alegre lançou edital p/ auxílio emergencial cultural q restringe a liberdade de expressão dos artistas, impondo como condição q o assunto não tenha cunho político ou religioso.",Ué? Agora pouco você estava comemorando a censura? Seja coerente com o que defende,Contas suspensas,1,1
Narrativas de vocês que é censura!,"De fato é. Quando o Estado usa sua força para calar o cidadão, o nome é censura. Não há outro nome.",Contas suspensas,1,1
"Censura prévia é inconstitucional, Joel.  Se houve crime ou ilícito civil, que os responsáveis sejam julgados e condenados.  Mas nunca, mesmo condenados, podem ser censurados previamente.","Não foi censura prévia, essa galera já comete crime de ódio na internet já décadas.",Contas suspensas,1,1
"Me faltam adjetivos pra classificar a suspensão de contas em redes sociais APENAS de apoiadores do Governo.   Para os da esquerda que comemoram, lembrem-se que nada impede que isso aconteça com vocês a qualquer momento.   A censura é real.",Não vai acontecer com eles...essa censura tem lado.,Contas suspensas,1,0
"Acrescento: se fosse eu o censurado, esses mesmos comemorariam e/ou criariam narrativas para encobrir/desmentir o fato. ACREDITE.  Alguns desses q perderam seus perfis assassinaram reputação de quem queria lava-toga, patrulham opiniões e promovem seu próprio mecanismo de censura.","Então não se trata de censura, mas de quem é censurado? Existe justificativa para censura, de quem quer que seja? Vc não é mais o Danilo que rasgou a msm tentativa da Maria do Rosário.",Contas suspensas,1,1
Parece que você tava comemorando censura. Não tenho certeza,Combate à mentiras não é censura.,Contas suspensas,1,1
Vocês também estão sentindo que o clima aqui no Twitter deu uma melhorada?,"Viva a ditadura! Subversivos não passarão! Censura boa é a que eu gosto. VIVA 64. VIVA CENSURA. VIVA O AR DA DITADURA. Vamos festejar, viva o fascismo, o que eu não gosto ou não posso contestar que seja censurado. Democracia é fachada p meu discurso. DITADURA VIVA, VIVA CENSURA",Contas suspensas,1,1
É  censura pura e simples . Isso é uma vergonha.,Punição por espalharem mentiras não caracteriza censura.,Contas suspensas,1,1
"Proibir, com ordem prévia e geral, que uma pessoa se manifeste através de um veículo de comunicação legítimo é censura. Ponto.","Quando proibiram a Folha de entrevistar o Lula na prisão, a senhora correu para o Twitter para dizer que era censura?",Contas suspensas,1,1
"Não se trata de censura, se trata de coibir disseminação  de desinformação,  injúria, calúnia, difamação. Temos liberdade pra falar (e ser responsabilizados por isso), mas essa liberdade termina quando começa a do outro.",continua sendo censura,Contas suspensas,2,1
Dificil admitir q hj é um Grande Dia né minha filha,Vamos ver quem vai comemorar a censura com “Grande dia”? Um dia vc pode ser o próximo.,Contas suspensas,0,1
Esse tal de  acha que é DEUS. Duvido que ele ande sobre as águas (sem uma auxílio de Jet ski) ou reestabeleça suas madeixas (sem tomar a loção do vicentino).  Já o  ficará marcado na história como uma das redes sociais que fomentou a censura.,Vivi pra ver reacionário reclamando de censura hauihaiuhuiaha,Contas suspensas,0,1
"Cês tão ligados que isso aqui é nível China de censura, né? Ou vão continuar achando normal e comemorando só porque prejudica a quem vocês não gostam?","Quando a censura afeta quem eu não gosto, pode chamar de ""justiça"".",Contas suspensas,1,0
"O que vc pensa de um edital de cultura com censura prévia? A prefeitura de Porto Alegre lançou edital p/ auxílio emergencial cultural q restringe a liberdade de expressão dos artistas, impondo como condição q o assunto não tenha cunho político ou religioso.","Te decide, é a favor ou contra a censura.",Contas suspensas,1,0
"Errado, se a lei disser que é proibido falar mal do presidente deixa de ser censura? Então não teve censura no regime militar?","Acho que estamos em círculos aqui, Andi. Já voltei a me repetir quanto à diferença de censura e crime. Acho que não tenho mais nada a contibuir. Obrigada pela conversa.",Contas suspensas,1,0
"Já é hora, já passou da hora de acabar com esse inquérito inconstitucional, com ares de censura, que não soma nada -- só enxovalha mais o combalido Judiciário brasileiro.",Quando o inquérito investiga só um lado dai é censura e não investigação,Contas suspensas,1,0
e as redes sociais ficaram um pouco menos odiosas...,é censura do bem? é?,Contas suspensas,2,0
"Para quem defendia a morte do presidente, defender a CENSURA é fichinha. Não querem apenas calar o Presidente e seus apoiadores, mas calar e se possível matar. Não lute hoje e amanhã você estará na VENEZUELA.","Vc discorda DA MENSAGEM, NÃO do mensageiro. Porque",Contas suspensas,2,-1
Censura contra a esquerda na ditadura militar: você criticava a ditadura e era morto  Censura atual: você fica 3 dias sem espalhar fakenews e xingar muito no twitter  Realmente é muita opressão contra blogueiros bolsonaristas,Na verdade nem se deve comparar a ditadura militar com essa onda de censura pelo simples fato que vc tá vivo mesmo sem concordar,Contas suspensas,1,-1
"Branca chorando pq uma pessoa falou q preferia o cabelo dela grande, imagina se ela escutasse comentários como ""bombril"" ""arbusto"" ""alisa"" ""prefiro de trança"" ""deu choque"". Ela ia se matar no primeiro dia, ai esse povo da mt biscoito pra branco mimado acham q a vida é um morango.",ah vai tomar no cu,Contas suspensas,2,-1
"Pegue o exemplo do Roberto Jefferson: é um cidadão que vem cometendo seguidos crimes contra a honra de diversas pessoas. Deve ser processado e pode ser condenado no penal e no cível, mas não vejo previsão legal que justifique cercear o seu livre direito de expressão.","O Roberto Jefferson não esta mentindo, ele fala c/ propriedade e sem medo. Não vejo crime como o sr. diz, muito longe disso.",Contas suspensas,1,0
Esse autoritarismo do Ministro Alexandre de Moraes vai ficar por isso mesmo?       Não defenderão a liberdade de expressão?,odiamos censura mas só quando é pros nossos hehehehhe,Contas suspensas,0,0
ja agradeceram por serem jovens nessa geração e quando forem adultos não vão tratar os filhos de vcs assim?,"TW/// homofobia . . . . . . . . . . . esse video me da um gatilho tão grande, eu fiquei ontem o dia inteiro mal pq eu vi isso, dai vcs botam essa bosta na minha tml, pelo mesmo vcs avisem q nem eu fiz ali em cima.",Contas suspensas,2,-1
"Essa informação é falsa. A CPI da Lava Toga não tinha objeto delimitado, portanto, a alegação do jornalista em questão é fakenews.","O cara é tão safado, e você percebe que ele adora uma censura quando ele faz publicação apenas pro próprio cercadinho, mas ditadores são os outros.",Contas suspensas,1,0
Os censurados pelo Twitter hoje:  Roberto Jeffesson Allan dos Santos Bernardo Kuster Edson Salomão Rodrigo Ribeiro Sara Giromini Edgard Corona Luciano Hang Otavio Fakhoury Marcelo Stachin Reynaldo Bianchi Júnior,Pelo twitter? O pássaro e vermelho mas teria essa coragem sozinho....,Contas suspensas,2,0
"a cada dia mais certo de que este site é um grande delírio coletivo, 90% das discussões que a gente tem aqui não acontecem em nenhum outro lugar","Ou você apoia o AI-5, ou você reclama da ""Censura"". Os dois não dá. Se não ficassem ameaçando, pregando violência gratuita... tavam de boa, quem não faz merda não paga. Só censurou quem não presta. Apologia tbm é crime kkkkkkkkkkkkkkkkkkkkkkkkkkkkkkkkkkkkkk",Contas suspensas,0,0
"Estou aberto aos argumentos jurídicos que mostram graves problemas na decisão do Alexandre de Moraes.  Dito isso, que perfis dedicados a fake news, ataques e assassinato de reputações sejam derrubados é algo que eu defenderia mesmo se fosse contra o meu lado político.",Isso não  configura censura prévia?,Contas suspensas,1,0
"O Twitter suspendeu 16 contas de bolsonaristas. Entre elas, as de Roberto Jefferson, dos blogueiros Allan dos Santos, Bernardo Küster e Sara Winter, dos empresários Luciano Hang, Edgard Corona e Otávio Fakhoury.","Imaginem a gritaria que se faria se fossem contas de esquerdistas... censura, ditadura, fascismo, etc.",Contas suspensas,1,0
"Acrescento: se fosse eu o censurado, esses mesmos comemorariam e/ou criariam narrativas para encobrir/desmentir o fato. ACREDITE.  Alguns desses q perderam seus perfis assassinaram reputação de quem queria lava-toga, patrulham opiniões e promovem seu próprio mecanismo de censura.","Eu esperava um: ""Censura é inadmissível. Disto isto, são uns fdp, não nos gostamos etc...etc...""",Contas suspensas,1,0
"É assim: ou você é contra a censura e a favor da democracia ou você defende AI-5 e pára de reclamar de censura ok? Os dois não dá,",Olha a mente!,Contas suspensas,2,-1
Não a Censura!!! #naoacensura,"Hoje é um GRANDE DIA, sem dúvida alguma, mas alguém sabe dizer como vai a finada Bia Kicis?  É pro meu TCC  #QueimaQuengaral #GovernoDeFraudes",Contas suspensas,0,1
"Esse homem enganou 81 senadores ao ser ""sabatinado"". Mentiu para a nação brasileira, para ter cargo vitalício no STF. Seu nome, Alexandre de Moraes.",Mudou de idéia ou mentiu na cara dura?,Contas suspensas,2,0
"Sabe o que vai acontecer se você só mudar o canal para falar mal do Alexandre de Moraes e não agir de fato? Ele vai mandar também encerrar sua conta de YouTube, o seu site e o que mais for preciso. Parem de perder tempo com asneiras, antes que não haja mais nada a fazer.","Se o  não defende seus usuários contra abusos do judiciário,  talvez ele não merece s nossa presença nesta rede.  A empresa deveria acionar seu departamento jurídico diante da censura.",Contas suspensas,0,0
Não há mais como alguém negar a realidade bem debaixo do nosso nariz: vivemos numa ditadura da toga suprema.,"Censura está literalmente estapeando sua cara enquanto você grita Bozo, Ele não e aquelas merdas inúteis de sempre.",Contas suspensas,2,0
"Estamos provando um pouco do os chineses passam nas mãos do PCC. O que temos a fazer? Protestar, cobrar os parlamentares e, o governo.#VozParaBernardoKuster","O povo está cego devido ao fundamentalismo religioso no país, por isso não percebe que  esse governo é um #GovernoDeFraudes",Contas suspensas,0,0
Sobre contas de conservadores sendo banidas: a liberdade de expressão é direito fundamental garantido em nossa Constituição e deve ser válida para todos.,Qual atitude  deputado vai tomar em relação a está censura? Estou lhe cobrando pois sou seu eleitor e apoiador a duas eleições.,Contas suspensas,1,0
"Felipe Neto, que defende a censura e até a prisão de quem supostamente espalha ""fake news"", mais uma vez foi pego mentindo e propagando desinformação na internet. O sujeito mente tanto que, agora, teve que ser desmentido pelo embaixador da Ucrânia por mentir sobre aquele país.",A bunda deve sentir inveja do tanto de merda que sai boca desse débil metal,Contas suspensas,2,0
"Amigos aqui é Roberto Jefferson. Entrei na conta da minha filha para agradecer a todos pelo apoio. Em breve estaremos juntos novamente! Alexandre, não temo sua tirania!",Deus é mais!,Contas suspensas,2,0
"foda q eu detesto todo esse antro bolsonarista, petista/psolista/pecedebista q existe nas redes sociais  posso comemorar qlqr remoção de conta assim como posso fzr piada com a morte do biroliro  pois sou cidadão comum e irrelevante  óbvio q o q aconteceu hj foi censura né porra","Bolsominions, ou vcs pedem AI-5 ou reclamam da censura. Os dois não dá.",Contas suspensas,0,0
"Na tela do Twitter no alto à esquerda tem três traços horizontais, clique em cima. Entre em  Conta e privacidade Clique em conta Depois clique em Dados e permissões Mude o local que está marcando Brasil para Estados Unidos. Pronto seu Twitter eatá nos EUA. Onde não há censura!","Censura só é censura se acontece com quem pensa igual a vc, impressionante.",Contas suspensas,0,0
"Já que está falando de censura, poderia fazer um post falando das investigações do Ministro da Justiça contra servidores que se auto intitulam antifascistas. Esse tipo de comportamento típico de governo fascista vc não condena, né?",E esse tipo de censura??,Contas suspensas,1,0
Será que o Alexandre de Moraes realmente acha que tá prejudicando o Bolsonaro com essa censura ? hahahahahahahahah esses cara vivem numa realidade paralela mesmo... 22 tá cada dia mais garantido,"ou você reclama de censura, ou você pede a volta da ditadura, os dois juntos n dá",Contas suspensas,0,1
Entendi.... e reclama de censura ?!? Coerente.,"....por quê querem fechar, mas.... Sua resposta poderia ser crime, Lei 7.170, de 1983, artigos 16 e 17, caso vc fizesse uma manifestação ameaçando o congresso e STF e/ou propagasse ofensas e ameaças. É isto que vc está chamando de censura....",Contas suspensas,1,-1
Vocês também estão sentindo que o clima aqui no Twitter deu uma melhorada?,"Grande dia, hoje está tudo melhor.  Inclusive o Jair Bolsonaro!!  Curado",Contas suspensas,1,0
Pra vcs terem acesso aos meus tweets,"Vcs são um bando de idiotas mesmo! O capitão de vcs está abandonando todo mundo q o apoiou: Sérgio Moro, Bia Kicis, Allan dos Santos, Gn Santos Cruz, Sara extremista, Babiano, PSL....esse covarde é do tipo q abandona seus soldados feridos no campo de batalha, e foge + os filhos",Contas suspensas,1,1
"Quanto a censura do   na pessoa de   é fácil.NÃO VOTE EM NENHUM   candidato ligado aos senadores que aí estão.Covardes, não merecem essas vozes que não defendem o povo.","censura não eh uma parada legal, mas censurar alguém q queria censura? por enquanto eu vou me preocupar tanto com a morte de alguém que quer o assassinato de inocentes.",Contas suspensas,0,-1
"Censura não é, e nunca foi algo aceito pelos Anonymous, independente da forma que essa se apresenta, MAS, quem escolhe representante ao invés de se representar, bom, esse sim só aceita. Queira o sujeito ou não.  #NósSomosAnonymous #CadaVezMaisEnterradosNaMatrix #censura","Os caras passam o dia inteiro destilando ódio e divulgando fake news e quer reclamar de ""censura"". Vai pro inferno.",Contas suspensas,0,0
"Gente que cria e espalha Fake News DEVEM ser censuradas na internet. Oras, não sabem usar de forma honesta!  Tem que perder a conta.",Então... você só errou no fato de chamar censura quem cria fake news...  :),Contas suspensas,1,0
aqueles que se diziam contra a censura meses atrás estão rindo hoje que país bosta hein,censura só é ruim quando é com quem voce concorda né?,Contas suspensas,0,0
A Galera do AI-5 reclamando de censura? É piada né??? Kkkkkk,"Se você configurar o Tweeter para dizer que seu país de origem não é o Brasil, não estará sujeito à censura aqui no Brasil.  Vá em: Configurações. Conta. País.  E troque para outro país! E reinicie o Twitter.",Contas suspensas,0,0
"""A censura pode se voltar contra você, o poder muda de mãos""  Tirando o fato de que, pra sorte de quem tá comemorando, o lado que tá sofrendo censura é democrático demais e nunca vai fazer nada do tipo ¯\_(ツ)_/¯","A censura foi , é e será contra os denunciadores do mal.  Quem é do sistema não sofre censura.",Contas suspensas,1,0
A hipocrisia das pessoas que defendem censura numa rede social e inexplicável,"Só é censura quando atinge o deles Quando é dos outros ai é de boas, censura onde?",Contas suspensas,1,0
"Me faltam adjetivos pra classificar a suspensão de contas em redes sociais APENAS de apoiadores do Governo.   Para os da esquerda que comemoram, lembrem-se que nada impede que isso aconteça com vocês a qualquer momento.   A censura é real.",Olha a ingenuidade. Quem é que vai censurar a si mesmo? Me explica por favor,Contas suspensas,2,0
"""E o Mandetta, a linha dele, como médico, era voltada quase exclusivamente para a vida"" - Jair Bolsonaro, presidente do Brasil","Tá certo, tem que demitir um ministro da SAÚDE, por se preocupar com a VIDA!!!!   Sério, eu não me canso de te xingar , seu bosta!!!",Mandetta,2,0
"Acabo de ouvir do presidente Jair Bolsonaro o aviso da minha demissão do Ministério da Saúde.  Quero agradecer a oportunidade que me foi dada, de ser gerente do nosso SUS, de pôr de pé o projeto de melhoria da saúde dos brasileiros e","O privatizador e lobista dos planos de saúde falando do “nosso SUS” HAHAHAHHA. Ok, Mandetta, vc era nossa única esperança nesse desgoverno, mas não força, tá????",Mandetta,2,1
"Boa sorte ao Nelson Teich, novo ministro da Saúde.  O mais importante é que dê conta do recado porque a luta é complicada, o inimigo é silencioso, astuto e mortal.   Imensa maioria sabe que o Mandetta não era pra sair, mas agora é torcer pelo sucesso do novo ministro.","Fala verdade seu safado, vc torce pro quanto pior, melhor. É certeza q vc quer q a saúde vire um caos pra lá na frente dizer q foi culpa do presidente por demitir o Mandetta, q estava doido pra ser demitido pra se fazer de vítima. Raça desgraçada de jornalistas esquerdista.",Mandetta,1,1
"É preciso reconhecer que se não fosse o SUS, não teríamos nem metade dos leitos que temos hoje. Pra quem não sabe o SUS é responsável por 63% dos leitos no Brasil.",Esse mesmo SUS que o Mandetta defendeu o fim e que agora saiu defendendo.,Mandetta,2,0
"""E o Mandetta, a linha dele, como médico, era voltada quase exclusivamente para a vida"" - Jair Bolsonaro, presidente do Brasil",onde já se viu um médico preocupado com a vida ?,Mandetta,2,0
Caminhamos para o abismo! Tirar  é urgente para preservar vidas. É uma questão de saúde pública tirar a caneta desse criminoso. #ImpeachmentJá,"Fernanda, o Bolsonaro está preservando vida, e tbm quer preservar os empregos, agora você deve ser rica para ter medo de morrer, e tbm uma canhota burra como a maioria!!!",Mandetta,2,1
“não vou mais me estressar com as merdas que esse verme desse presidente faz”  *Bolsonaro demitiu o Mandetta*  Eu: #ForaBolsonaro,Não tem como não se estressar com oq ele faz quando ele tá governando o país que vc tá vivendo,Mandetta,2,0
"Na moral gente, tudo bem criticar o Bolsonaro por demitir o ministro da saúde que vinha até então fazendo um bom enfrentamento perante ao coronavírus, eu também critico, acho um absurdo do caralho, agora vocês virem aqui falar q o Mandetta é competente é brincadeira também, +","o foco princípal do cara era o desmonte do SUS, que nesse momento de crise se faz mais necessário do que nunca (e esse é o momento de defendê-lo), Mandetta destruiu o mais médicos e deixou milhares de pessoas sem assistência médica, o cara é um doso representantes",Mandetta,1,0
Ai vou morrer pq o Mandetta saiu!!!  Vai te foder !! Seja homem,"Não seja inocente meu caro. Você sabe muito bem que o presidente demitiu o Mandetta pq o ministro não seguia as ordens estapafúrdias dele. Agora ele colocou um aliado, pra seguir as ideias genocidas e irresponsáveis do Bolsonaro.",Mandetta,1,1
"A maioria esmagadora dos brasileiros é contrária à demissão de Mandetta: 76,2% dos entrevistados discordam do afastamento do ministro da Saúde, segundo pesquisa realizada pelo Atlas Político. Vc concorda com o resultado da pesquisa?   via","Senador, não se queime por uma MERDA como MANDETTA. Ninguém acredita nessas pesquisas..!!! Acorda",Mandetta,1,1
"O presidente nunca disse para não ficar em casa, mas sim, apenas o grupo de risco. Eu estou em casa, eu e meu filho direto, pq somos grupo de risco. Mas eu vou ao mercado, farmácias...sigo as regras, lavo as mãos ando de máscara. E mesmo assim, quero trabalhar!","Votei Bolsonaro e acho q o Mandetta tá certo (ex dos outros países e se houvesse solução os EUA já usariam) Ñ é só grupo d risco q morre e o vírus tb vai ao mercado e à farmácia. Se vc quer trabalhar, entendo, tb preciso de $, mas se prepare para o que vem por aí",Mandetta,2,0
"""E o Mandetta, a linha dele, como médico, era voltada quase exclusivamente para a vida"", disse Bolsonaro","Então o coiso demitiu o Mandetta, pq ele se preocupava com vidas??? Foi isso msm???",Mandetta,1,0
"Bolsonaro demitiu Mandetta por ciúme, inveja e cálculo eleitoral e não foi divórcio consensual coisa nenhuma, mas meras ignorância,  irresponsabilidade, desumanidade e culto à morte, por fazê-lo em pleno pico da pandemia.","Não  sabia q vc morria de amores por Mandetta. Se vc acha pouco q ate agora o governo não sabe quantas pessoas infectadas  de fato tem, quantos leitos de desocupado tem nos hospitais, número de.mortos temos. Vc acha pouco ??? Ou já co seguiu o DINHEIRINHO.",Mandetta,1,1
"Gente morrendo, o país em uma crise sem fim, não respeita as próprias recomendações de não ter muito contato.  Eu não sei que tanta alegria é essa.  Prefiro ser o chato do que achar isso normal.","Nem é ser chato, é ser racional. Político agindo de maneira como político costuma agir quando tem o ego inflado. Por isso todo elogio ao Witzel, Dória e ao próprio Mandetta tem de ser feito com ressalvas. Pois qualquer um perto do Bolsonaro se torna razoável.",Mandetta,1,0
Vc que fala que é fã do Mandetta...  Fale três times que ele jogou aí,Quais copas? Foi campeão da libertadores?,Mandetta,2,0
"Em sua despedida, Mandetta defende a vida, o SUS e a ciência. Três palavras incompatíveis com o atual governo.","Se um BOSTA como você está elogiando o Mandetta, é sinal de que ele é tão merda quanto você.",Mandetta,1,1
"""E o Mandetta, a linha dele, como médico, era voltada quase exclusivamente para a vida"" - Jair Bolsonaro, presidente do Brasil",Ele era ministro da Saúde...  Ele deveria ser exclusivo ao que.?????,Mandetta,2,0
"A maioria esmagadora dos brasileiros é contrária à demissão de Mandetta: 76,2% dos entrevistados discordam do afastamento do ministro da Saúde, segundo pesquisa realizada pelo Atlas Político. Vc concorda com o resultado da pesquisa?   via","Vai com Deus Mandetta, desserviço com os brasileiros, anota o nome dele aí, pra nunca mais votar nesse individuo",Mandetta,1,0
"Tem gente que acha que o Mandetta caiu, simplesmente porque era a favor do lockdown horizontal.  Mandetta caiu, porque a popularidade dele tava gigante e independentemente da estratégia, isso era muito pior pro Bozo!","Cara, abrir a porta do quarto da minha e dizer “mãe, o Mandetta caiu” vai ficar na minha memória... vou contar isso pros meus netos quando eles vierem fazer trabalho de história #MandettaDEMITIDO",Mandetta,0,0
"Mandetta deixa como legado uma estrutura para que o Brasil possa – com governo federal, estados e municípios unidos – atender da melhor forma possível a sociedade brasileira, principalmente as pessoas que necessitam do SUS.",Só não esquece que o Presidente não foi era o Mandetta. Nem muito menos você! Já parou para pensar qual o legado que vc irá deixar? #ForaMaia #ForaMaia #ForaMaia #ForaMaia #ForaMaia #ForaMaia,Mandetta,1,1
"Por que as pessoas precisam, necessitam de um herói? Mandetta fazia um bom trabalho na condução da crise do coronavírus, pois priorizava o conhecimento técnico e as orientações da OMS. No mais, é um político, em um cargo político. Cresce politicamente, mas não nasce um líder.","Mandetta fazia o mínimo que se esperava de um ministro da Saúde. Não criou uma estratégia inovadora para conter o vírus, nem liderou a população em um comportamento diferenciado p/ ser herói. Repito, fazia o mínimo. Problema foi o azar de ter um chefe irresponsável e egocêntrico.",Mandetta,1,0
"Mandetta deixa como legado uma estrutura para que o Brasil possa – com governo federal, estados e municípios unidos – atender da melhor forma possível a sociedade brasileira, principalmente as pessoas que necessitam do SUS.","Não. Talqualmente você, Mandetta estava solapando, inconsequentemente, a saúde e a economia pra atender a interesses outros. #ForaMandettaUrgente  #ForaMaiaGolpista",Mandetta,1,1
"é essencial que a gente lembre quem é quem  mandetta recebeu o cargo com o intuito de destruir o SUS, só não teve tempo e condição",imagina ser por anos e anos um lobbysta de parasita pra um dia ver um zé ninguém pautado em achismo falar isso sobre seu trabalho...  foi gigantesco como ministro. Esteja em paz,Mandetta,2,1
"isso fez com que o mandetta se acomodasse em orientações de pesquisas do exterior adaptando delas situações e gráficos no brasil apenas ao modo comparativo, a nível de hipótese. cada país tem suas publicações científicas que correspondem à demandas locais.","o mandetta era inerte. se assegurou nas informações básicas da oms que são universais, porém insuficientes pra um país tomar suas diretrizes. não havia nele nenhuma articulação impulsionada em pesquisa. definitivamente nada. a verdade é que vocês se apegam a qualquer coisa.",Mandetta,1,0
para de endeusar o mandetta porra da pra ficar puto sem dar palco pra neoliberal de merda não fode,né gente pqp okkkkkkkk,Mandetta,2,0
"""E o Mandetta, a linha dele, como médico, era voltada quase exclusivamente para a vida"" - Jair Bolsonaro, presidente do Brasil","Ta na cara de vocês. Não vê quem não quer.  A vida é muito importante, masssssss   Lamentável",Mandetta,2,0
Quem era Mandetta antes de virar Ministro da Saúde? O que fez no ministério no período anterior à epidemia?,Quem escolheu Mandetta para o Ministério da Saude e por quê?,Mandetta,1,0
"Tchau, querido!","No dia 16 de abril de 2016 mandetta twittava tchau querida para a Dilma, no mesmo dia 4 anos depois é com ele kkkkk  Carma é uma coisa que sempre volta queridos kkkkkkkkkk",Mandetta,2,0
"""o Mandetta tinha sua linha voltada quase que exclusivamente pra questão da vida""  Bolsonaro e do lado o novo ministro da saúde.  An ram... Vai dar certo","Enquanto isso as panelas fora bostanaro e ninguem faz nada por mais uma merda que ele fez em tirar o Mandetta da saúde, esse bosonavirus só o impeachment para acabar com tantas merdas feitas por este inútil imbecil,",Mandetta,0,0
"Em sua despedida, Mandetta defende a vida, o SUS e a ciência. Três palavras incompatíveis com o atual governo.","Mandetta não é lá essas coisas. É que nesse governinho, qualquer porcaria é melhor que o lixo instalado na presidência.",Mandetta,1,0
"Mandetta, quem é,  onde vive, pq a esquerda gosta tanto dele...jaja em Roda viva com #vera500k","A ESQUERDA NÃO GOSTA DELE, ESTÃO APENAS O USANDO, ELES O ODIAVAM NA ÉPOCA DO PT NO PODER, MAS COMO ELE MANDETTA E DO TIME DO TEATRO DAS TESOURAS ESTAVA SERVINDO DIREITINHO PRA NARRATIVA",Mandetta,1,0
"O novo Ministro da Saúde, Nelson Teich, é um daqueles que está na lista ""empresários que querem matar a sua vó"". Pra ele nem todas as vidas valem e é essa pessoa que  colocou para substituir Mandetta. Que Deus nos proteja, porque não ha mais nada.",Puta merda a gente tá fudido serase esse país pode ter uma folga? JÁ TA TODO ARROMBADO DE TANTO TOMAR NO CU EU NÃO AGUENTO MAIS,Mandetta,2,0
Ministro entrará para a história como o homem que tentou fritar quem o nomeou e jogou uma oportunidade única de escrever seu nome nos anais da medicina.,"Só que os anais que ele queria escrever o nome não era da medicina, era os anais dos brasileiros.  #ForaMaia",Mandetta,2,1
"Mandetta demitido por fazer o mínimo como Ministro de Saúde, eu sinceramente nem sei mais o que esperar desse governo, um presidente demitindo o seu ministro no meio de uma pandemia que está matando tantas pessoas.",E oq esperar de um homem q aceitar esse cargo assim nessa situação? BOA COISA NÃO É,Mandetta,2,0
"Poderosa essa frase do Mandetta: ""o século XXI começa agora""",“O covid-19 inaugurou o século 21”  (solta ar pelo nariz de forma pretensiosa pela construção poderosa de parachoque de caminhão),Mandetta,2,0
"AÍ MANDETTA, LIBERA OS RESULTADOS DOS EXAMES DO BOZO SÓ DE ZUA... CAI ATIRANDO, COWBOY!!!!!!!!!!!!!!!!!!!!!!!!!!!!","AAAAAAAAAAAA POR FAVOR, ESSA LIVE A GENTE NÃO PERDE",Mandetta,2,0
"Bolsonaro demitiu Mandetta por ciúme, inveja e cálculo eleitoral e não foi divórcio consensual coisa nenhuma, mas meras ignorância,  irresponsabilidade, desumanidade e culto à morte, por fazê-lo em pleno pico da pandemia.","Nêumanne, gosto muito de você, mas está extrapolando, Mandetta é um bandido, um mala sem alça, não fez absolutamente nada no Ministério durante o ano de 2019, sequer demitiu os petistas que compunham o Ministério.",Mandetta,1,1
"""E o Mandetta, a linha dele, como médico, era voltada quase exclusivamente para a vida"" - Jair Bolsonaro, presidente do Brasil",Quem imaginaria que um homem que ama a tortura não ligaria pra vida dos brasileiros,Mandetta,2,0
"Em sua despedida, Mandetta defende a vida, o SUS e a ciência. Três palavras incompatíveis com o atual governo.",Se a Lixo tá defendendo o Mandetta é pq não presta.... Já saiu foi tarde.... Se bate todo esquerda LIXO,Mandetta,1,1
"AÍ MANDETTA, LIBERA OS RESULTADOS DOS EXAMES DO BOZO SÓ DE ZUA... CAI ATIRANDO, COWBOY!!!!!!!!!!!!!!!!!!!!!!!!!!!!",KKKKKKKKKKKK imagina,Mandetta,2,0
"A maioria esmagadora dos brasileiros é contrária à demissão de Mandetta: 76,2% dos entrevistados discordam do afastamento do ministro da Saúde, segundo pesquisa realizada pelo Atlas Político. Vc concorda com o resultado da pesquisa?   via","Bolsonaro está certo. Se ele quer se reeleger, não pode deixar ninguém crescer. Se quisesse mesmo ficar no cargo, o Mandetta deveria fazer como o Moro, o Tarcísio, a Tereza Cristina: executar bem seu trabalho mas discretamente. Com 76% de aprovação, não dá...",Mandetta,1,0
"A demissão do Mandetta é assustadora. Mesmo com todos os problemas, era o único no governo que estava lutando contra a pandemia. Agora, com um terraplanista, a tendência é que a situação do país piore cada vez mais. Bolsonaro se tornou insustentável no governo. #ImpeachmentJá",“Assustadora” pra quem? Aos ricos que podem ficar em casa coçando sarna à custa dos desempregados e autônomos sem renda ou correr na praia e mandando todo mundo ficar em casa? #Doriavirus #GloboLixo,Mandetta,2,1
"Mandetta é do DEM, adorado por Maia, que acha que Guedes não é sério, e foi elogiado até por Haddad, o poste de Lula. Teich era o nome de Guedes desde o começo, não tem partido, nunca se candidatou a nada. Os ""liberais"" estão tristes com a troca por qual motivo exatamente?","Os ""liberais de esquerda"" sempre vão fazer dos traíras do governo atual: ""vitimas"" e/ou heróis. Assim que perceberam que Mandetta estava com Maia, o mesmo virou herói pela mídia ""esquerdofacista"" .",Mandetta,1,0
"""E o Mandetta, a linha dele, como médico, era voltada quase exclusivamente para a vida"", disse Bolsonaro","#ImpeachmentDoBolsonaro Esse Esse médico não tem cara de médico, mas de mauricinho borra botas!",Mandetta,2,0
Mandetta caiu porque evidenciou que o rei estava nu.,"Mandetta caiu porque parte da imprensa, com a ""boa intenção"" de informar, faz um inferno na vida dos caras, criando ou ampliando embates para ver o circo pegar fogo. Vocês precisam ter coragem e rever a forma que fazem jornalismo. Perguntas capciosas que visam a discórdia.",Mandetta,1,1
"No LinkedIn ele escreve um artigo corente. Na entrevista, ao lado do presidente, outro bastante perigoso.  Quem é você Nelson Teich? Cadê a convicção da sua análise científica? Estamos de olho!! #nelsonteich #Mandetta #COVIDー19",queria saber porque você quer demitir Luiz Henrique Mandetta???,Mandetta,0,0
Quem era Mandetta antes de virar Ministro da Saúde? O que fez no ministério no período anterior à epidemia?,"Demitiu médicos cubanos, cortou verba do sus que idolatra hj e disse “tchau querida pra Prés. Dilma” isso que eu estou lembrando agora, msm assim não gostei da demissão!",Mandetta,2,0
Mandetta  consegue 127 mil curtidas em meia hora e deixa Bolsonaro comendo poeira no Twitter. Neste momento a msg dele ja tem 190 MIL likes.,"Engraçado, quando o Twitter bomba a favor do BolsonarooBolsonaro ou contra os canalhas canalha de sempre, são robôs, no caso do Mandetta é motivo de comemoração?  Pega os 200mil like's e ""Fique em casa"" .",Mandetta,1,1
"Teich é o Mercado da Saúde em estado puro. Se mandetta era pró-mercado mas tinha sido Sec de Saúde, deputado, etc (ou seja, do ramo), ele é só Mercado, e agora comanda o SUS. Vai pegar um sistema que não conhece prestes a colapsar. O fio de esperança está no pacto federativo.","Melhor comentário. Estamos por nós. Ok, já era essa a tarefa. Simbora.",Mandetta,2,0
"""E o Mandetta, a linha dele, como médico, era voltada quase exclusivamente para a vida"" - Jair Bolsonaro, presidente do Brasil",se eu fosse essa intérprete pegava um desses livros e tacava na cabeça desse presidente aí que não me representa,Mandetta,2,0
Antes de assumir o novo ministro da saúde já tá sendo criticado pela turma do outro lado do Muro de Berlim. Na visão deles Mandetta tem fôlego para ser um presidenciável e agora é preciso canonizá-lo a todo custo.,"Mandetta não é bobo. Foi secretário de saúde do Nelsinho Trad, no MS, que se tornou bilionário depois de político.  3x Dep. Fed.  Ninguém sabia quem era Min. Saúde antes da crise e ninguém pode atestar ainda que ele tenha feito algo realmente eficiente durante a crise até então.",Mandetta,1,0
"Em sua despedida, Mandetta defende a vida, o SUS e a ciência. Três palavras incompatíveis com o atual governo.",Tinha nada contra o Mandetta mas agora tenho. Vc.,Mandetta,1,1
"Ministro da Saúde demitido. Não sou nenhum pouco fã dele, tenho divergências ideológicas e políticas com Mandetta mas ele está sendo demitido por  defender a ciência, as orientações da OMS. Bolsonaro seu genocida, negar a ciência em plena pandemia é afirmar sua política de morte.","NOTA DE ALCOLUMBRE E MAIA ""O ministro Luiz Henrique Mandetta foi um verdadeiro guerreiro em prol da saúde pública. O trabalho responsável e dedicado do ministro foi irreparável. A sua saída, para o País,nesse grave momento,certamente não é positiva e será sentida por todos nós.”",Mandetta,0,0
"Entendi, o problema é o Mandetta dar entrevista informando as pessoas e cumprindo com seu papel de ministro no programa de maior audiência no Domingo, e não o presidente que se comporta como uma criança birrenta, entendi.","Mandetta é a favor da privatização do sus, acabou com o farmácia popular e o mais médicos. Não, ele não foi um ministro, ele só tava tendo o mínimo de sensatez.",Mandetta,1,1
"Ah ok, mas igual, não acho q cabe ao momento uma troca tão brusca de uma pessoa importante pro momento q a gente vive, sendo q não houve um motivo tão grave assim a partir doq o presida falou no ""pronunciamento"" q ele avisou q demitiu o Mandetta e tals","Simmmmmmm, nunca mano, o Bolsonaro é um retardado, o mandetta fez tudo da melhor forma possível, só respondi ali pq o cara é médico mesmo, não concordo com a troca",Mandetta,1,0
"E lógico q o fantoche, medíocre e ignorante “presidente” não aceitaria isso. Mandetta estava tão contra a corrente de desmonte do bolsolixo q, desesperados, estávamos torcendo para q ele ficasse no cargo, mas é óbvio q defender a vida, saúde e ciência vai contra o desgoverno...","Um surto de realidade para um único ministro no meio de despreparados q fazem td o q o autoritário e crianção quer. Mandetta era controverso, todos sabemos, mas quando se viu no fogo, escolheu o lado do povo, proteger a saúde e a vida dos brasileiros...",Mandetta,1,0
Me preocupa saber que Thelma é anestesista e não conseguiu mirar bem na prova.,"Colocaram disciplina de habilidade na grade curricular de medicina e eu não tava sabendo. A demissão do Mandetta causou consequências graves mesmo, o auge",Mandetta,2,1
Bolsonaro demitiu o Mandetta. Vai ficar pra História o tamanho do absurdo de demitir um Ministro da Saúde no meio da pandemia porque ele seguiu as recomendações da ciência e da OMS,Desgraçadooooooo,Mandetta,2,0
"Vale lembrar:  Bolsonaro demitiu Mandetta, mas era tudo intriga da imprensa, querendo jogar um contra o outro, claro.  Continue se informando pela claque.  Os financiadores agradecem.","Não se decepcione, se o Mandetta foi demitido, é porque o seu ""patrao"" achou ou descobriu alguma incompetência ou traição.....até vc ja foi demitido!",Mandetta,1,1
Como brasileiro agradeço o ministro Mandetta por sua atuação firme na Saúde. Por ter desempenhado seu papel ancorado na ciência e nas evidências. Compartilho do sentimento de milhões de cidadãos dizendo muito obrigado por reconhecer seu bom senso e  dedicação.,"Se tiver qqer infecção procure o ortopedista mais próximo ,de preferência o Mandetta que queria ser o dono do pico mais alto do mundo.",Mandetta,2,1
"Já que o Mandetta agora é carta fora do baralho, o máximo que podemos fazer é orar para que, em um raro momento de lucidez do Sr. Jair, ele anuncie Dr. Rey como o novo ministro da saúde. Sou familiar com o seu trabalho, e sei que quando a coisa tá feia, ele sabe como consertar.","O ministro Mandetta havia esquecido que ele era subordinado do presidente, e tinha de geri o ministerio da saude alinhado com o governo e não com a oposição. Foi demirido um pouco tarde, deveria ter sido um pouco antes.",Mandetta,0,0
"Rodrigo Maia e Alcolumbre estão  atacando o Presidente. São do PFL, como Mandetta. Perdeu!",Esquerdista comemorando a queda do Mandetta porque ele votou contra a Dilma é bizarro. Vocês lembram que no governo Dilma se desviou 242 Bi da saúde né? Vocês lembram que o governo Dilma disparou o desempregado pra 13 milhões de desempregados e negativou o PIB sem pandemia né?,Mandetta,0,0
"Mandetta deixa como legado uma estrutura para que o Brasil possa – com governo federal, estados e municípios unidos – atender da melhor forma possível a sociedade brasileira, principalmente as pessoas que necessitam do SUS.","O senhor está enganado! Quem votou no Presidente Bolsonaro, queria o Mandetta fora do ministério! Não tem 80 % contra não, retifica sua fala!",Mandetta,1,1
"Se o novo ministro seguir os critérios cientificos que pretende seguir, vai ter os mesmos ""problemas"" que o Mandetta teve com o presidente. Porque as decisões pra evitar a desgraça parecem ser as mesmas que o presidente abomina.","Acabei de falar num grupo. Esse cara com certeza não vai seguir a linha da OMS. Se seguisse, seria igual ao mandetta e não teria sido colocado lá.",Mandetta,1,0
"Prevaleceu a inveja sentida pelo chefe mimado. Jair Bolsonaro, em vez de reconhecer que desdenhou do coronavírus, demitiu Mandetta por não ter se curvado à sua estupidez durante a pandemia. O bolsonarismo fritou o ministro da Saúde nas redes e no zap porque teme sua popularidade.","Inveja? Prevaleceu a razão e o bom senso . Mandetta era o único que destoava dentre os ministros, todos técnicos. Mandetta é político. E se auto promovendo todo o tempo, usou o cargo para fazer campanha. Arrogante, desleal, politiqueiro.",Mandetta,1,1
"""E o Mandetta, a linha dele, como médico, era voltada quase exclusivamente para a vida"" - Jair Bolsonaro, presidente do Brasil",esse cara é um assassino. chamar ele de burro ou despreparado é livrar ele do que ele realmente é: um genocida. fim.,Mandetta,2,0
"Comecei a assistir o Mandetta e não deu. Animadíssimo, sorridente, mandando sua equipe tirar a máscara pra falar com o Brasil. O canalha de sempre, forçou a demissão, aliviado por sair antes das pilhas de mortos contaminarem sua popularidade imerecida. E sobramos com Bolsonaro.","Bruno eu concordo com vc. Mas já pensou tbem q o Bozo está fazendo isso agora até pra isso mesmo? Assim ele detona alguma “boa memória” sobre o Mandetta? É tanta nojeira canalhice q nos q bancamos toda esta putada, pagaremos até com nossas vidas.",Mandetta,1,0
"ISSO É CIÊNCIA??? Em 17/03 Mandetta disse: “As próximas 20 semanas serão extremamente duras”. Em 07/04 previu o lendário pico do COVID entre abril e maio. No dia 13/04 arriscou o pico entre maio e junho... Já meio sem graça, no mesmo dia 13, disse que vai ser em julho.","Claro,se as pessoas não  cumprirem a porra do isolamento social o pico so vai se estender mais mais,digo e repito GOVERNO BURRO",Mandetta,2,1
"13/11/2018.   Ora, ora...",1 ano e 1/2 atrás...,Mandetta,2,0
mandetta sendo aplaudido de pé por TODOS os funcionários do ministério da saúde!,é o que ele merece,Mandetta,2,0
"Conheço bem esse cara, ele é fantástico, vai por mim, muito melhor q o Mandetta e olha q eu gostava do Mandetta","O cara é bom, a julgar pelo currículo. Mas isso é preocupante:",Mandetta,1,0
"Saiu Mandetta, entrou Teich, Bolsonaro falou, Maia respondeu etc. Cadê os milhões de testes?",Porque vc não cobrou isto do Mandetta?,Mandetta,1,1
e num eh que o Mandetta foi embora memo,"Essa demissão do Mandetta é a mesma coisa que demitir um motorista de ônibus com o bus descendo uma ladeira, não tem explicação",Mandetta,0,0
"Em sua despedida, Mandetta defende a vida, o SUS e a ciência. Três palavras incompatíveis com o atual governo.",tu ta de sacanagem com a minha cara ne,Mandetta,2,1
"Mandetta é do DEM, adorado por Maia, que acha que Guedes não é sério, e foi elogiado até por Haddad, o poste de Lula. Teich era o nome de Guedes desde o começo, não tem partido, nunca se candidatou a nada. Os ""liberais"" estão tristes com a troca por qual motivo exatamente?",Vc é burro ou só gado mesmo? Mandetta saiu por qual erro??? Discordar do presidente seguindo una recomendação mundial?  Vc é medíocre,Mandetta,1,1
"Mandetta é o primeiro caso de demissão por competência, demitido porque não lambeu as botas de quem está errado.  E aqueles que defendiam um ""Ministério Técnico"" se curvaram e ainda aplaudem uma demissão política.","Mandetta nunca foi técnico, mas político foi desde o início, se mostrou um verdadeiro encantador de serpentes.",Mandetta,1,1
"Datena falando ao vivo como se o Mandetta tivesse pedido demissão, delirando horrores   AGORA JOGOU NO COLO DO PRESIDENTE NÉ MANDETTA ERROU TUDO AS PREVISÃO NÉ MANDETTA PISOU NA BOLA COM SEU PACIENTE O BRASIL","ele tá puto pq o mandetta não deu entrevista pra ele, DUVIDO e muito que se o cara tivesse dado entrevista pra ele estaria falando desse jeito",Mandetta,2,0
"Excelente, Presidente .  Convém lembrarmos que Mandetta em nenhum momento revogou ou alterou a portaria do SUS feita nas gestões do PT, conhecida como “manual do abortamento” e que, na prática, incentiva o aborto.","Se preciso Dr, troco minha vida pela manutenção da saúde dos meus pais. Essa sua escolha desonra a medicina, descontroi o juramento de Hipócrates.   Novo ministro já propôs escolha entre jovem e idoso ""no final da vida""  via",Mandetta,0,0
A única coisa engraçada da demissão do Mandetta,e o Mandetta que foi demitido exatos 4 anos depois de comemorar o impeachment da Dilma,Mandetta,0,0
"o mandetta foi demitido? kk fodeu, vamos de recorde mundial de mortes por coronavirus",minha prima compartilhando video do burro do caio copolla dizendo q a saída do mandetta eh uma vitória pra ciencia oh céus kkkkkkkkkkk,Mandetta,0,0
"A maioria esmagadora dos brasileiros é contrária à demissão de Mandetta: 76,2% dos entrevistados discordam do afastamento do ministro da Saúde, segundo pesquisa realizada pelo Atlas Político. Vc concorda com o resultado da pesquisa?   via",Não concordo com essa pesquisa! Mandetta estava fazendo política e não medicina,Mandetta,1,0
"Foi legal ver o Mandetta citando ""Canção do Tamoio"" na sua despedida após pendurar sua foto no mural dos ex-ministros da saúde. Definiu bem o que o brasileiro faz contra tudo e todos. Lutar.","O Brasil tá ferrado com esse ser na presidência, tava demorando ele demitir o Mandetta por fazer o trabalho dele",Mandetta,0,0
"Mandetta é o primeiro caso de demissão por competência, demitido porque não lambeu as botas de quem está errado.  E aqueles que defendiam um ""Ministério Técnico"" se curvaram e ainda aplaudem uma demissão política.","O Mandetta não foi político? O cara tem experiência, fez showzinho de elevar moral na Globo, mídia lambendo pq qqr coisa q ataque o presidente serve...",Mandetta,1,1
"E o que que isso tem a ver com o que importa,que é o combate efetivo ao COVID? Esquece por um momento seu cunho idelógico e por gentileza me responda o porquê da qualificação do novo ministro não ser equiparável à do Mandetta.","A única resposta que te dou é: NÃO FAZ SENTIDO A DEMISSÃO DE MANDETTA. O trabalho feito por ele até então estava de bom tamanho. A demissão é clara, Bolsonaro quer colocar alguém alinhado com a idéia dele de flexibilização do isolamento, e nenhum país fez isso, mas ele quer.",Mandetta,1,1
"Mandetta cavou a própria demissão. Se aproximou da esquerda e desafiou o representante do povo, Bolsonaro, o responsável por sua nomeação. Uma coisa ensinam nos quartéis que todos deveriam seguir, seja justo e saiba valorizar quem te levantou. Mandetta perdeu na infidelidade.","Mandetta foi fiel até demais, mas foi fiel ao seu juramento de salvar vidas. Isto posto, não apoiar um presidente irresponsável que quer implantar algo que comprovadamente deu errado (isolamento vertical) é no mínimo muito sábio. Não atoa suas atitudes tem embasamento científico.",Mandetta,1,1
"O ex-ministro Mandetta realizou um trabalho sério e técnico, com uma postura firme e transparente. Muito obrigado.  Desejo sucesso ao novo ministro da Saúde, que ele siga suas convicções e dê continuidade ao trabalho que vinha sendo feito.","Puta merda, tu não vai acordar desses teus devaneios cara, o Brasil não é um sonho, o Brasil é real, acorda. #ForaMaia .",Mandetta,2,1
"Em sua despedida, Mandetta defende a vida, o SUS e a ciência. Três palavras incompatíveis com o atual governo.","Deixa de ser ridículo. O Brasil testa menos do que Gana, Ruanda e Guine-Bissau... para de falar merda... Mandetta vai tarde...",Mandetta,1,1
"Ah, pronto! Agora o Mandetta virou o grande ativista pela saúde pública do país! Menos, bem menos...",#mandetta  obrigado,Mandetta,0,1
Morre um ministro. Nasce um candidato?,Não. É fácil antecipar que o Mandetta vai sumir.,Mandetta,1,0
"Acho engraçadíssimo ver adulto acreditando em super-herói, ainda mais em cargo público.  Vocês acham honestamente que Mandetta (que nem é lá aquele baluarte da moral e honestidade) poderia fazer algo sozinho? Acham que Bolsonaro tem autonomia pra governar por decreto?  Cresçam.","""Oh, Mandetta foi demitido, agora vamos todos morrer""  Não iriam morrer caso Mandetta continuasse.  Não vão morrer agora.  Sosseguem o cu.",Mandetta,1,0
"Mandetta foi demitido, misericórdia","Mandetta, Mandetta, Mandetta...vai ver o histórico  Pqp, ranço",Mandetta,0,1
O Mandetta até tentou fazer o showmício...,"Minha nossa, este Mandetta, ainda vai encher muito a nossa paciência...Porque já deu para perceber, que ele gosta muitíssimo  de aparecer!!!",Mandetta,1,0
A demissão de Luiz Henrique Mandetta provocou reações imediatas de políticos e representantes da sociedade civil:  #JN,"Reações contrárias somente de CORRUPTOS, comunistas, traidores, vagabundos e fdp's.",Mandetta,2,0
Morre um ministro. Nasce um candidato?,"Esse Mandetta é daqueles políticos de conversa mansa, não me engana não. Aproveitou a crise do Corona vírus pra fazer palanque a exemplo do Doria.",Mandetta,1,0
"Gestão do Mandetta foi uma bela surpresa, considerando o fato de ele ser um médico vindo diretamente da saúde suplementar com a missão de segurar o desfinanciamento do SUS e um projeto de privatização descarado.","Bolsonaro errou em demitir? Óbvio que errou, mas não tinha condição de manter o Mandetta após a entrevista pra globo mesmo, ali foi um pedido de demissão",Mandetta,0,0
"depois da saída do Mandetta, o empreendedor brasileiro não pensa mais em abrir paleterias mexicanas.  o novo empreendimento do momento é funerária.","Ministério da saúde entra naquele módulo do matuto objetivo: “Se tiver que morrer alguém, morre meu pai que é mais velho”.  via",Mandetta,0,0
Comecei a ouvir um panelaço brabo e descobri agora que o morto-vivo demitiu o Mandetta.   Que babaca.,"Mandetta podia abrir o jogo, né?",Mandetta,1,0
"No dia 31/03 todos os jornais noticiavam um presidente isolado. Se Mandetta fosse demitido, Bolsonaro caía. Em 16 dias Bolsonaro construiu uma queda de seu ministro que permitiu que ele reorganizasse sua base de apoio. Fica de lição pra quem acha que Bolsonaro é ruim de política.","Será q ñ foi o próprio Mandetta? Quis sair antes do pico q vem aí e evitar essa bomba estourar nas mãos dele? Ele q facilitou p Bolsonaro... q não tem base forte nenhuma... se ñ fosse a entrevista de Mandetta p Globo, o exército ñ ia deixar fácil ele ser demitido",Mandetta,1,0
"Em sua despedida, Mandetta defende a vida, o SUS e a ciência. Três palavras incompatíveis com o atual governo.","A canhotada toda defendendo Mandetta Bolsonaro acertou em seus ministros e a canhotada se mostra. O problema é q Bolso quer eficiência, coisa q a canhotada não sabe o q é, por isso ele trocou. Fique tranquilo, logo vc vai se apaixonar por esse tbm. Bolso é muito exigente!",Mandetta,1,1
"Em sua despedida, Mandetta defende a vida, o SUS e a ciência. Três palavras incompatíveis com o atual governo.","Se a  extrema imprensa ou a esquerda está lamentando, pode ter certeza de que devia ter vazado há mto tempo! Vai tarde! #MandettaDEMITIDO",Mandetta,2,1
Você é a favor da saída de Mandetta?,"Quem votou no Mandetta, agora pesquisa o rombo na saúde pública na Santa Casa de Campo Grande-MS!",Mandetta,1,0
"A pasta da Saúde, por si só, é 1 enorme desafio.Mandetta o encarou de frente, com coragem e correição. Sai do Ministério com credibilidade fortalecida pela ciência. Agora, nos resta desejar q o novo Min. encontre a solução necessária para q possamos superar esta difícil travessia",Mandetta saiu o quê??? Hahaha Piada né Senadora??? Pelo visto a Sra. continua na bolha né??? Tenha um minimo de Vergonha...  #MandettaGenocida,Mandetta,1,1
"Que situação que o novo ministro da saúde vai entrar ein.. Jesus amado! Orando pra que ele seja lúcido, sóbrio e sábio como o Mandetta.","Bom respeito Mandetta, mas as incoerências citadas por ele já eram o bastante. O novo ministro pouca coisa não é, isso não tem argumento que prove. Será sim um bom ministro, pra mim as mudanças foram necessárias. Mais ciência saude e relevância na economia, assuntos importantes.",Mandetta,1,0
"Eu sou a favor que o Ministro Mandetta continue no cargo, pois ele é a FAVOR DO ISOLAMENTO SOCIAL, ele entende que ciência nao é opinião, é conhecimento!!! Jair, é um genocida, e nao aceita a ""credibilidade do Mandetta""  NOJO DESSE PRESIDENTE DE MERDA","Depois dessa entrevista no Fantástico, se eu fosse o presidente , eu demitiria Mandetta pelo Twitter mesmo. Faria uma postagem e deixaria os histéricos gritarem à vontade. As declarações do Ministro deixam claro que ele não está mais pensando na nação, apenas em si.",Mandetta,0,1
"Mandetta caiu! E leva com ele a última réstia de responsabilidade, equilíbrio e temperança que ainda havia neste governo errático. No Pará, temos o governador  cuidando do Estado. Que Deus tenha piedade do Brasil...","Mandetta caiu pra cima amiga, que tá despencando e BOZO o coisa. E isso e bom demais. Vou me socar em casa, só pra ver ele se  esptifar... as camadas do Bozo um dia sim, outro NÃO",Mandetta,1,0
"Mandetta cai porque enfrentou a pandemia com responsabilidade, e Bolsonaro não tolera isso. O presidente da República está derrubando toda a cúpula do Ministério da Saúde em meio à mais grave crise sanitária da história. É um genocida.","Insustentável a posição do Mandetta no governo. Para sorte nossa, mais uma máscara é arrancada por Bolsonaro, o implacável pescador de traíras.",Mandetta,1,1
"Na minha visão que não entendo nada de politica, imagino que Maia e sua corja estão pensando: E agora sem o Mandetta lá no mistério da saúde como vamos fazer para trancar o país dentro de casa? E como vamos fazer para saturar a economia do país? Alguém tem resposta para #ForaMaia","A última sobre esse assunto: #Mandetta foi demitido, mas o Weintraub ainda é ministro...",Mandetta,0,0
Bolsonaro demitiu Mandetta porque ele seguia as orientações da OMS e não negava a ciência. Que tipo de médico aceita assumir um ministério da saúde assim? Esse vídeo é uma prévia do que pode estar nos esperando num futuro próximo. Precisamos tirar Bolsonaro para salvar o país.,"Gente?????? Eu odeio o Bolsonaro e quebraria a cara dele na porrada, mesmo que pegasse coronavirus. Não dá mais, galera. Não dá mais. Chegamos no limite.",Mandetta,2,0
"Acabo de ouvir do presidente Jair Bolsonaro o aviso da minha demissão do Ministério da Saúde.  Quero agradecer a oportunidade que me foi dada, de ser gerente do nosso SUS, de pôr de pé o projeto de melhoria da saúde dos brasileiros e",Crime do Mandetta: Ser mais inteligente que o próprio Presidente.,Mandetta,2,0
Depois da demissão do Mandetta.  Você ainda apóia o meu papai?   Sim / Não  Se for sim coloque a tag junto #TchauMandetta,Sim  até o fim dos seus mandatos à Presidente da República Federativa do Brasil,Mandetta,2,0
"#estudioi Ela fala que Bolsonaro quer tirar o São Mandetta por ciúmes, baseada na sua própria imaginação e pior que tem gente lá e aqui que acredita  nela kkkk",Não adianta trocar o Mandetta e colocar na pasta da saúde um ministro com pensamentos semelhantes. Precisamos de um ministro da saúde que pense como ministro e não como candidato. Se Liga    #Coronavirus,Mandetta,0,0
"Demitiu Mandetta, e agora quer derrubar Rodrigo Maia. Bolsonaro tenta neste momento a todo custo afrouxar os grilhões cientificista e legalista que alguns atores público impuseram a ele.  Tudo isso em meio a maior crise sanitária em mais de 1 século.","Se a caneta pra demitir o Mandetta estava seca, imagina pra derrubar o 1º ministro!",Mandetta,2,0
"Por hoje basta.  A demissão do  assinada pelo déspota   exauriu todas as minhas energias. Não torçam contra o novo ministro, orem para que ele esteja à altura do trabalho do Mandetta. Fiquem na Paz e boa saúde a todos.",Mandetta demitido.... sabia que aquela live de ontem parecia uma despedida,Mandetta,0,0
Morre um ministro. Nasce um candidato?,"Minha cara , você sabe aquele parto onde o feto nasce morto?. Pois bem, esse FETO é o Mandetta. Ele será DESMASCARADO assim que os diversos casos de CORRUPÇÃO, por subtração da grana da saúde, vierem à tona.",Mandetta,1,0
Indo ali na Padaria do Mandetta comer um bauru.,Kkkk mandetta vai dizer q é é uma armadilha,Mandetta,1,0
"O Bolsonaro é tão ruim, que em uma situação grave de pandemia mundial faz pessoas como o Mandetta e o Dória ( que ainda não estão fazendo nada além da própria obrigação ) parecerem sensatos.",E o que foi essa merda de escolha pra substituir o Mandetta minha gente? NELSON TEICH eu achava que ninguém se alinharia melhor c o bozo mas esse cara é 100% comungado c o governo. Preparem-se para a briga pq em breve será cancelado o isolamento social.,Mandetta,1,0
Mandetta demitido e vamos seguir ignorando o presidente. Quem puder fique em casa e quem estiver na rua use máscara.,Que Deus tenha piedade de nós!,Mandetta,2,0
"Silvio Santos diz que é funcionário de Bolsonaro e dispara contra Mandetta: “ou ele aceita a opinião do chefe, ou então arranja outro emprego”","Vc q é marqueteiro do Silvio é empregado dele, consequentemente subordinado ao presidente.",Mandetta,2,1
"Gente espera e verá quanto podre não vem por aí,Mandetta só pensa em política,não estava nem aí para o povo,todos falando para ele do vírus antes do carnaval e ele não vez nada,nosso Presidente Bolsonaro até falou para encerrarem o carnaval e ele quieto nem aí,me poupe!!!","Exato. A maior pisada de bola do Mandetta foi ter deixado o Carnaval acontecer. Até o Drauzio Varella, veja bem, até ele, mesmo que tarde, críticou o Carnaval em tempos de pandemia.",Mandetta,1,0
"O presidente disse que discordou da maneira como o ex-ministro  tratou a situação, priorizando a vida, mas deixando de lado a questão do desemprego","É surreal! Qualquer pessoa com sanidade, tá preservando a vida, seu jegue!",Mandetta,2,0
"Mandetta foi rapidamente defendido por Maia, Alcolumbre, Haddad e Dória. Aplaudir o ex ministro é assinar atestado de burrice.","Haddad só foi justo. Ele em nenhum momento defendeu Mandetta. Parem de distorcer os Twitter que estão acima de disputas políticas. Eu tbm acho o Mandetta contraditório. Mas isso ñ me faz cega, reconheço q ele pelo menos defendeu coisas básicas como saúde e ciência. Q povo chato",Mandetta,1,1
"De acordo com a nova Pesquisa do Atlas, Mandetta tem aprovação de quase 80% dos entrevistados. Diante desse número e se o presidente Lula não puder concorrer, vocês votariam em quem para presidente?",Mandetta presidente meu ovo. Maia? Nem fudendo.,Mandetta,1,1
Leia em Jornais Brasileiros,"Convoque técnicos para gerir pastas que vc não tem ideia alguma de como gerir. Demita-os por discordarem de você, mesmo que você não saiba nada.  Que fase....   #Mandetta",Mandetta,0,0
"Mandetta, você não fez mais que a sua obrigação! Ops, ministro do bolsonaro que faz mais que a obrigação é raridade...",Aaaaaaeeeeeê Mandetta tá fora!,Mandetta,0,0
o filho da puta demitiu mesmo o mandetta passo mal,"Aí gente é um problema o Mandetta ser demitido? Lógico! o parquinho tava pegando fogo e o Bozo jogou gasolina. Mas o Mandetta é um filho da puta também, antes de tudo isso ele tava alinhadíssimo com o presidente.  O problema é o governo todo não só o idiota do Bolsonaro.",Mandetta,0,1
"Bolsonaro demitiu Mandetta por ciúme, inveja e cálculo eleitoral e não foi divórcio consensual coisa nenhuma, mas meras ignorância,  irresponsabilidade, desumanidade e culto à morte, por fazê-lo em pleno pico da pandemia.","Mandetta errou ao não orientar o cancelamento das festividades do Carnaval. Já em janeiro, havia notícia do vírus circulando na China. Em fevereiro, já havia entrado na Itália. Mandetta calou-se e disse que não havia motivo para preocupação. Milhares se contaminaram no carnaval",Mandetta,1,1
Mandetta deixa ministério cantando.,"Sai cantando e abraçando, sem máscaras... E viva a hipocrisia!  Por um país mais digno, #ForaMaia",Mandetta,2,0
gnt pqp PQ O MANDETTA FOI DEMITIDO JAJA O BOZO DISPENSA A QUARENTENA QUER VER,eu durmo e acordo com o mandetta demitido ????????????????,Mandetta,0,0
Ministro entrará para a história como o homem que tentou fritar quem o nomeou e jogou uma oportunidade única de escrever seu nome nos anais da medicina.,A soberba é a ruína de qualquer um.,Mandetta,2,0
URGENTE: Bolsonaro demite Mandetta do Ministério da Saúde; oncologista Nelson Teich vai assumir o cargo,"O  era companheiro de Cunha, votou à favor da PEC do teto da saúde e tudo mais! Vinha fazendo um trabalho correto no Ministério da Saúde! Servia para esse des (governo) o currículo político dele! Agora o doido trouxe o coveiro! Segurem-se, vocês escolheram isso!",Mandetta,2,0
Morre um ministro. Nasce um candidato?,Mandetta tem que ser acusado de homicídio doloso por OMITIR A EFICÁCIA DA CLOROQUINA poderia ter evitado inúmeras mortes. Assassino #BolsonaroTemRazaoSim,Mandetta,1,0
mandetta vai usar o dinheiro da rescisão para construir em sua casa uma fortaleza anticorona (e o brasil que se exploda),"mandetta sobre demissão: tenho uma notícia boa e uma ruim. pra mim é ótima, pra vcs que é péssima",Mandetta,1,0
Ver toda essa gente defendendo o Mandetta... eu avisei!  tem razão desde o início. Segue o jogo!,Recolha-se a sua insignificância sr Andrade. Vá plantar batatas.,Mandetta,2,1
"Em sua despedida, Mandetta defende a vida, o SUS e a ciência. Três palavras incompatíveis com o atual governo.",Nesse lado ele tá certo (não acredito que tô dando em coisa de petista;-;),Mandetta,2,0
A demissão do Mandetta me obrigou a cozinhar uma lata de leite condensado.,Não é da conta de nenhum estrangeiro... É da conta de nós brasileiros. O Presidente está certíssimo em demitir o Mandetta. O ministério da saúde precisa de um técnico e não de um politiqueiro.,Mandetta,0,0
"Presidente trocou Mandetta por um nome que pensa EXATAMENTE como Mandetta. Pura politicagem, ciumeira. Agora o min Saúde terá de trocar toda sua equipe e prejudicar o combate ao corona porque Bolsonaro está mais preocupado com a própria popularidade do que com o país. VERGONHA!","imagina você em sua empresa recebendo ordens de seu funcionário, é você tem duas opções, ou aceita e fica desmoralizado ou demite e procura outro mais qualificado, o que você faria? O Mandetta é um político e agora teremos um técnico como os outros ministros.",Mandetta,2,1
"Daqui a duas semanas as mortes cairão, os comércios irão começar a abrir, a economia reagir, os hospitais estarão mais equipados e diversas denúncias de super faturamento virão a tona. Ninguém se lembrará de Mandetta. Somos grandes, somos fortes.  #ForaMaia",Quem é Mandetta? #foramaia,Mandetta,1,0
"Mandetta mandando bem em seu último discurso na posse do novo ministro Coerente, um homem de valor que sabe sobre oque fala e sabe que fez o seu melhor dentro de um sistema de saúde falido.","1) De nada adianta dizer que ""nomeia por critérios técnicos"" se deseja ""intervir politicamente"" nas ações do nomeado;  2) O ""problema"" não é o Mandetta. Qualquer um que tomar decisões baseadas em técnica e ciência sucumbe em um governo ideológico;  É a Era dos imbecis.",Mandetta,0,0
"Não é sobre defender o Mandetta, é receio de entrar algo pior. Nesse governo sempre tem a possibilidade de piorar.","Agora que o Bolsonaro demitiu o Mandetta que eu nao termino meu TCC mesmo, olha sinceramente, o meu sonho ta se desmanchando na minha frente e eu não posso fazer NADA.",Mandetta,0,0
"O Congresso Nacional, em meu nome e do presidente da Câmara , divulgamos nota sobre a saída de Luiz Henrique Mandetta () do cargo de ministro da Saúde :","Como sempre, nota desnecessária, o congresso e a câmara tem seu trabalho, não precisamos de ""no tinhas políticas""!!!",Mandetta,2,1
To percebendo que a esquerda sentiu mesmo a demissão do mandetta. Estão raivosos e atacando uns aos outros. Esse confinamento é complicado. Quando sairmos acho q não saberemos atravessar a rua e capaz de nos atracarmos em qq discussão de buteco,"Eu não acredito que o Bolsonaro demitiu o Mandetta, que filha da puta cara.",Mandetta,0,1
Mandetta se despede do #SintaSeEmCasa,Eu te amo adnet,Mandetta,2,0
"Discutir ""qualidades técnicas"" num momento em que o Ministro anterior é demitido justamente por seguir as recomendações técnicas é fazer o jogo do Bolsonarismo. É acreditar na fantasia do ""Ministério técnico e com autonomia"" que virou pó diante dos olhos de todos.",Exato. O novo ministro pode ser - parece que é - um técnico; talvez mesmo mais qualificado que Mandetta. Mas sua nomeação não é técnica.,Mandetta,2,0
"Bolsonaro demitiu Mandetta por ciúme, inveja e cálculo eleitoral e não foi divórcio consensual coisa nenhuma, mas meras ignorância,  irresponsabilidade, desumanidade e culto à morte, por fazê-lo em pleno pico da pandemia.","Qual foi o planejamento do Mandetta, para enfrentar o vírus , que está circulando no Brasil há três meses. Sem hipocrisia!!!!",Mandetta,2,1
"é o mandetta demitido, é o tufão descobrindo tudo da Carminha, genteeeee, que quinta feira é essa em","“Trabalhem com o novo ministro como vcs trabalharam pra mim”, diz Mandetta pra equipe que fica. “Façam a defesa intransigente do SUS e da ciência”",Mandetta,0,0
Kataguiri diz que demissão de Mandetta é ‘irresponsável’,"Ninguém se importa com oque pensa o katapiroca,kkkk",Mandetta,2,1
"Em sua despedida, Mandetta defende a vida, o SUS e a ciência. Três palavras incompatíveis com o atual governo.",Em busca de “amizades” o Poste de condenado está dando tiro para tudo que é lado.,Mandetta,2,1
"blz que o Mandetta não é o cume de excelência no cargo de ministro da saúde, mas demitir o cara no meio de uma PANDEMIA e colocar no lugar o Nelson Luiz Sperle Teich ??? olha as coisas que ele fala   #BolsonaroVirus","Já entendi pq Bolsonaro colocou esse cara como ministro, é pq ele é acéfalo igual o presidente dele",Mandetta,2,0
"Todos que estão elogiando tanto Mandetta (agora) sabem que, indiretamente, estão elogiando a ESCOLHA DE BOLSONARO, né? Então admitem que ele montou uma boa equipe ministerial, ao menos? Ou só os que brigam ou saem se tornam bons?",Esses mesmo que estão chorando foram os que no início do Governo criticaram o Mandetta. MS em festa.,Mandetta,1,0
"Tchau, querido!","Enquanto a esquerda institucional e bunda mole se esforça pra ver quem é mais defensor de Mandetta, Dilmãe manda a real.",Mandetta,2,0
Vamos aos fatos ! #TchauMandetta,Fez com apoio do presidente que sempre defendeu estado mínimo e o desmonte do SUS e dos serviços públicos. Então nada diferente por aqui ... o Mandetta ao menos na crise mudou de Postura e a anta do Presidente segue contra!,Mandetta,1,1
Será que eu dormi tanto que não vi Mandetta saindo do ministério da saúde?,que general é esse? Mandetta? Kkkkkkkk Abusado! Muito à toa!,Mandetta,0,0
Mandetta caiu porque evidenciou que o rei estava nu.,"Camarotti,  Você é um idiota mesmo.   Mandetta popular?   Kkkkkkk",Mandetta,1,1
"Todas as mortes serão debitadas na sua conta seu FARISEU, nojento,asqueroso,falso cristão,falta palavras para descrever sua podridão JAIR MESSIAS BOLSONARO,você é o lixo dos lixos um dia a Justiça divina chegará não se engane! #mandetta #bolsovirus #obrigadomandetta",*As máscaras que Mandetta comprou (sem licitação da empresa que financiou sua campanha) pelo dobro do preço do mercado. Vejam a qualidade das máscaras que Ministro Mandetta enviou para o Hospital Universitário da UFG. É assim que querem proteger o profissionais p combater vírus?,Mandetta,0,0
"Os deputados criticaram o presidente por mandar o mandetta embora, o que eles não criticam ? A respeito do presidente criticam tudo. Só não criticam o Luiz Inácio o ladrão","O bagulho vai ficar feio pro Bolsonaro depois da demissão do Mandetta, visse.",Mandetta,0,0
Veja no #JN: a cobertura completa da demissão do ministro Mandetta e o anúncio de Nelson Teich como substituto no comando do Ministério da Saúde,"SEM MANDETTA, SEM MUTRETTA... AGORA É DESCER O DEDO NA CAPETTA #GLOBOLIXO",Mandetta,1,1
Fiz essa postagem em novembro de 2019 as pessoas voltando dos hospitais RJ médicos sem salários sem remédios nas farmácias dos hospitais Mandetta gastando verba da saúde com lubrificante para presídios e SUS. Foram mais de 25 milhões só de lubrificantes turma deve ter c apertado.,O povo precisa saber quem é Mandetta na verdade .traidor roubando o povo.aff já chegou metendo a mão.,Mandetta,1,0
"""E o Mandetta, a linha dele, como médico, era voltada quase exclusivamente para a vida"" - Jair Bolsonaro, presidente do Brasil",E olha que era quase.... imagina agora.,Mandetta,2,0
"""E o Mandetta, a linha dele, como médico, era voltada quase exclusivamente para a vida"" - Jair Bolsonaro, presidente do Brasil",Vossa excelência é um boçal!,Mandetta,2,0
Mandetta caiu porque evidenciou que o rei estava nu.,"Você é um lixo de Jornalista, gostaria de encontra-lo em uma  Ponte áerea  e te falar umas verdades na sua cara , bandido .",Mandetta,2,1
"""E o Mandetta, a linha dele, como médico, era voltada quase exclusivamente para a vida"" - Jair Bolsonaro, presidente do Brasil","Não tem nada mais claro que isso aqui ""Mas..."" mas o caralho mano!!!!!!!!!!!",Mandetta,2,0
"Acabo de ouvir do presidente Jair Bolsonaro o aviso da minha demissão do Ministério da Saúde.  Quero agradecer a oportunidade que me foi dada, de ser gerente do nosso SUS, de pôr de pé o projeto de melhoria da saúde dos brasileiros e",Não acredito fica Mandetta,Mandetta,2,0
"Bolsonaro demitiu Mandetta por ciúme, inveja e cálculo eleitoral e não foi divórcio consensual coisa nenhuma, mas meras ignorância,  irresponsabilidade, desumanidade e culto à morte, por fazê-lo em pleno pico da pandemia.",Leva Mandetta pra sua casa. Análise zero apenas paixão,Mandetta,1,1
o bolsonaro falando sobre a questao do desemprego nessa pandemia no anunciamento da demissão do Mandetta kkkkkkkk,"Vergonha!   ""O que os estrangeiros estão falando sobre a demissão de Mandetta em meio à pandemia""",Mandetta,0,0
Mandetta e sua política de isolamento estão longe de representar a visão única existente na comunidade médica. Recebi de um respeitado médico uma mensagem de desabafo justamente pq ele e vários pares estão revoltados com essa idolatria toda ao ministro.,"O Mandetta virou um estrelado da imprensa, fez política o tempo todo e não fez questão de ouvir outros com visões diferentes da sua. Não preparou o presidente para a pandemia que chegava. Ficou arrogante e irônico com quem discordava dele. Não podia dar certo mesmo.",Mandetta,1,0
"""E o Mandetta, a linha dele, como médico, era voltada quase exclusivamente para a vida"" - Jair Bolsonaro, presidente do Brasil",me falem que esse video ta fora de contexto pf,Mandetta,2,0
VAI MANDETTA!  Não tenho golpista que compõe governo miliciano de estimação. A única diferença entre Madetta e outros asseclas de Bolsonaro é que ele sabe que a terra não é plana.   #ForaBolsonaro,"Vai Mandetta, mas bem que podia ter levado o chefe junto. Golpistas miseráveis.",Mandetta,2,0
"Todo mundo já teve um chefe que fazia vc se perguntar todo dia: ""Pq esse estúpido é meu chefe? Cara burro!"". Com Mandetta não era diferente","Demissão de Mandetta não afeta imagem de Bolsonaro nas redes, diz pesquisa",Mandetta,0,0
AGORA: Jair Bolsonaro demite Luiz Henrique Mandetta do Ministério da Saúde.,"Parabéns presidente, o atual Ministro é a favor de mais estudos sobre remédios contra o Vírus Chinês, não ficaremos reféns da OMS.",Mandetta,1,0
Pensa em uma pessoa braba: EU    Bolsonaro demite Mandetta; Nelson Teich assume o Ministério da Saúde #Coronavirus,"Maia homenageia Mandetta e fiz que ele deixou um ""legado"".  Legado de uma corriola de corruptos atrás do dinheiro do ministério da saúde. Legado de uma montanha de cadáveres que morreram sem terem sequer uma chance de tomar a hidroxicloroquina. Esse é o legado do Mandetta.",Mandetta,0,0
"Politicamente falando, a saída do ministério vai ser uma vitória pro Mandetta, a pandemia ainda não chegou ao ápice no Brasil, o deve acontecer nos próximos dez dias.  Saiu de cena como alguém que tentou frear a insanidade, quem chega vai pegar uma voadora no peito","""Mandetta é um erro"" OAntagonista 13/11/2018 ahahahahhaha (dá uma busca pra ver essa perola).",Mandetta,0,0
"Gente, a primeira dama pareceu muito aborrecida na posse do novo ministro da saúde, só final do cumprimentou o Mandetta",*no final só cumprimentou o Mandetta,Mandetta,1,0
"Mandetta podia dizer alguma coisa útil nessa coletiva... por eexemplo, por que foi demitido? O que ele pensa de sair assim, no começo da luta toda? Onde acha que errou , pra ser demitido assim, num momento tão delicado pro Brasil?","Mandetta precisou entender o que é SUS pra defendê-lo, antes disso fez varios ações para desmontá-lo. Não critico o trabalho do Mandetta nesse período de pandemia, mas ele só mudou pq saiu da bolha e teve que parar de pensar só nos seus pares. Que fique claro isso!",Mandetta,1,0
"A maioria esmagadora dos brasileiros é contrária à demissão de Mandetta: 76,2% dos entrevistados discordam do afastamento do ministro da Saúde, segundo pesquisa realizada pelo Atlas Político. Vc concorda com o resultado da pesquisa?   via","Com certeza. Não é hora de egos, e o Mandetta é um ótimo profissional",Mandetta,1,0
"É triste e irônico, mas um bom sinal seria Nelson Teich ter seu trabalho atrapalhado pelo presidente da República, como ocorreu com Mandetta. Caso contrário significará que ele compactua ou se submeterá às mesmas nocivas ideias do inapto, o que seria ainda mais grave.","Só assistir o Mandetta no Roda Viva e  Fantástico, assim vc mata a saudade dele.",Mandetta,1,1
"Eu vou sair do tt porque eu já tô noiada o suficiente com essa sinusite, não preciso de mais cenários apocalípticos devido a saída do Mandetta sendo jogados na minha cara. Mereço me alienar e fingir que tá tudo bem",Olha só a tristeza do Mandetta depois de ter se livrado do estrupício.,Mandetta,0,0
"Relaxa Mandetta, vc não foi o único que perdeu o emprego hoje.  FIQUE EM CASA. #pas   Bom dia galera.","Assista a ""ATENÇÃO!! MÉDICO CENSURADO  NA CNN - Dr. Anthony Wong - MANDETTA  CAIU ESTÁ FORA"" no YouTube",Mandetta,0,0
"ISSO É CIÊNCIA??? Em 17/03 Mandetta disse: “As próximas 20 semanas serão extremamente duras”. Em 07/04 previu o lendário pico do COVID entre abril e maio. No dia 13/04 arriscou o pico entre maio e junho... Já meio sem graça, no mesmo dia 13, disse que vai ser em julho.",A ciência do Mutreta:,Mandetta,2,0
"Mandetta era um dos poucos desse governo que exaltava a CIÊNCIA, e foi justamente isso que fez Bolsonaro o demitir  Todos sabem que ele não acredita em ciência, é ignorante, não tem capacidade nem de entender os dados que chegam das secretarias de saúde.  É, estamos fodidos!","Elabora ai. O que Mandetta fez que era ciência? Ah, vc parou no tempo. Os Presidentes ignorantes que tivemos, um condenado e uma ensacadora de vento já foram defenestrado, vc não sabia? Então o ignorante é vc. Simples.",Mandetta,1,1
"“Eu escolhi minha equipe por currículo..... ” “Nós temos a defesa da vida, a defesa do SUS e a defesa da ciência” Luiz Henrique Mandetta , Ministro da Saúde do Brasil.","Vocês acham que somos bobinhos né Leilane. Ficou doente, estes caras e você vão pro Sírio Libanês ou Einstein. Ôrra meu! Que SUS o kct!",Mandetta,2,1
Como brasileiro agradeço o ministro Mandetta por sua atuação firme na Saúde. Por ter desempenhado seu papel ancorado na ciência e nas evidências. Compartilho do sentimento de milhões de cidadãos dizendo muito obrigado por reconhecer seu bom senso e  dedicação.,"Jura q vc aprova o assassinato de 11 inocentes em Manaus? Que pra desacreditar a cloriquina fizeram ""experiencias"" de ministrar doses acima da máxima recomendada, tendo 1 médico petista conduzindo e o ministro aprovando? Isso não lembra a saga da tua gente na Alemanha NAZISTA?.",Mandetta,2,1
"Mandetta era um dos poucos desse governo que exaltava a CIÊNCIA, e foi justamente isso que fez Bolsonaro o demitir  Todos sabem que ele não acredita em ciência, é ignorante, não tem capacidade nem de entender os dados que chegam das secretarias de saúde.  É, estamos fodidos!",Exaltava a ciência? Oq esse animais acham que é a ciência??? Uma ideia única e fodase? Ciência são vários pensamentos diferentes de vários ideólogos do assunto. Só pq vc acredita em um não quer dizer que aquele vira a ciência absoluta a se crer,Mandetta,2,1
"Mandetta era um dos poucos desse governo que exaltava a CIÊNCIA, e foi justamente isso que fez Bolsonaro o demitir  Todos sabem que ele não acredita em ciência, é ignorante, não tem capacidade nem de entender os dados que chegam das secretarias de saúde.  É, estamos fodidos!","Só porque um cara que tava atrasando a pauta do governo e tinha ligação com o Nhonho, você tá chorando com esse argumento.  Mas quando falamos que o ser humano só tem dois gêneros, aí tu enfia a ~~ciência~~ no rabo, né.",Mandetta,2,1
Mandetta é uma fraude que desmanchou o SUS. Até uma fraude consegue ser sensato em tempos de pandemia. Vc não,"Afinal, vc que falar do Mandetta, do Haddad ou de mim, hein? Decida-se.",Mandetta,1,1
"Em sua despedida, Mandetta defende a vida, o SUS e a ciência. Três palavras incompatíveis com o atual governo.","Beleza, bem incoerente vc do PT exigir defesa da vida com um partido que desviou 242,2 bilhões da saúde do povo.",Mandetta,2,1
"Esse é Nelson Teich, que assumirá o Ministério da Saúde do governo Bolsonaro no lugar de #Mandetta.  Ele deve saber que não admitimos escolher quem vai morrer. Devemos lutar pela vida de todos os brasileiros. As vidas dos nossos mais velhos importam! #BolsonaroGenocida",Que horror!!  Como profissional da saúde vc tinha que escolher cuidar da saúde de quem for. A vida de um não pode e não está em detrimento da vida de outro!,Mandetta,2,0
"Além de tudo q vc citou,a única coisa q o Mandetta sabia dizer é q ""devemos seguir a cartilha da OMS"", portanto,se for só pra seguir um roteiro pronto,sem dar um parecer técnico, considerar outras alternativas além da cartilha imposta, até um chimpanzé podia ser ministro da saúde","E quando vc vê a choradeira da imprensa pela demissão de um ministro q ñ era nada além de garoto de recado da OMS, isso demostra mais sobre o nível da nossa imprensa q o do próprio Mandetta em si",Mandetta,1,0
"Mandetta era um dos poucos desse governo que exaltava a CIÊNCIA, e foi justamente isso que fez Bolsonaro o demitir  Todos sabem que ele não acredita em ciência, é ignorante, não tem capacidade nem de entender os dados que chegam das secretarias de saúde.  É, estamos fodidos!","Fala aí as ações do Mandetta, e qual base científica ele usou para tal, se achares alguma ação dele.",Mandetta,1,1
"Inacreditável! Bolsonaro justificou a demissão de Mandetta porque ele teria uma linha de ""defender exclusivamente a vida"". O Brasil é governado por quem defende a morte.","O Ministro da SAÚDE defendendo EXCLUSIVAMENTE A VIDA... Não dá pra tolerar isso mesmo, bozo kkkkkkkkkkkkkkkkkk esse presidente de vcs",Mandetta,2,0
"Mandetta era um dos poucos desse governo que exaltava a CIÊNCIA, e foi justamente isso que fez Bolsonaro o demitir  Todos sabem que ele não acredita em ciência, é ignorante, não tem capacidade nem de entender os dados que chegam das secretarias de saúde.  É, estamos fodidos!",Adianta nada vir no Twitter defender a ciência e fazer trabalho com Guia do politicamente incorreto,Mandetta,2,1
"Em sua despedida, Mandetta defende a vida, o SUS e a ciência. Três palavras incompatíveis com o atual governo.",Ciência não é achismo seu estrume! Coisa que o Mandetta estava fazendo achando um pico...seu merda deveria estar preso.,Mandetta,1,1
"Mandetta era um dos poucos desse governo que exaltava a CIÊNCIA, e foi justamente isso que fez Bolsonaro o demitir  Todos sabem que ele não acredita em ciência, é ignorante, não tem capacidade nem de entender os dados que chegam das secretarias de saúde.  É, estamos fodidos!","não acredita em ciência, mas enaltece os frutos dela! é apaixonado por dinheiro e coloca até um empresário no ramo da saúde para ocupar o lugar do ministro. Querem elitizar tudo e acionar a necropolitica a qualquer custo.",Mandetta,2,0
"Em sua despedida, Mandetta defende a vida, o SUS e a ciência. Três palavras incompatíveis com o atual governo.","Uai, vc agora apoia o Mandetta??? Kkkkkkk vc é um canalha.",Mandetta,1,1
"“Eu escolhi minha equipe por currículo..... ” “Nós temos a defesa da vida, a defesa do SUS e a defesa da ciência” Luiz Henrique Mandetta , Ministro da Saúde do Brasil.","E a Globo, escolhe sua equipe por currículo ou por ideologia??",Mandetta,2,1
"É estarrecedor que o obscurantismo tenha vencido a ciência, a pesquisa, o mundo que pensa a Saúde. A saída de Mandetta indigna a nós e o povo, que sofrerá as consequências de qualquer mudança na política de isolamento. Bolsonaro é tosco, baixo, mesquinho.","Se vc é a favor do Mandetta....o Presidente agiu corretamente...vc é apenas lixo...escória, verme...",Mandetta,1,1
"O ministro Mandetta é um raio de lucidez numa tempestade de devaneios no discurso do governo sobre estratégias de combate ao coronavírus. Se sair, será uma perda pro país e nos retirará do rumo das orientações da OMS com consequências que podem ser trágicas.","Deixa de ser pilantra. Todo mundo  sabe pra quem a OMS trabalha. Hospitais estão vazios e a roubalheira está cada vez maior dos corruptos se aproveitando do vírus, q por sinal, em uma pop de 210milhões a quant de infectados é desprezível. Mandetta fora já, para o bem do Brasil.",Mandetta,2,1
"Mandetta era um dos poucos desse governo que exaltava a CIÊNCIA, e foi justamente isso que fez Bolsonaro o demitir  Todos sabem que ele não acredita em ciência, é ignorante, não tem capacidade nem de entender os dados que chegam das secretarias de saúde.  É, estamos fodidos!","Castanhari, o novo ministro Teich aparenta ser a favor da ciência e quer seguir os mesmos protocolos. Se conseguir, o crédito vai pro JB e taxarão o Mandetta de tudo o contrário do que fez. Outro caminho, o JB intervém de novo e troca MS de novo. Teich tem mais chance, mas até...",Mandetta,1,0
"""E o Mandetta, a linha dele, como médico, era voltada quase exclusivamente para a vida"". - Jair Bolsonaro em sua live.  MÉDICO QUERENDO SALVAR VIDAS É UMA AUDÁCIA.","Gente, como assim? KKKKKKKKKKKKKKK se não for a vida, VAI SER O QUÊ?",Mandetta,2,0
"Fique em casa, Mandetta. Procurar emprego agora é temerário e pode colocar em risco a saúde de todos, nada de sair por aí para “ganhar o pão”, isso pode esperar, lembra?  Continue ouvindo a ciência. CIÊNCIA. Saúde é o que interessa, o resto não tem pressa, iéé iéé!  # FiqueEmCasa",“Continue ouvindo a ciência” gado tem alergia ao conhecimento kkkk pqp,Mandetta,2,1
"Mandetta era um dos poucos desse governo que exaltava a CIÊNCIA, e foi justamente isso que fez Bolsonaro o demitir  Todos sabem que ele não acredita em ciência, é ignorante, não tem capacidade nem de entender os dados que chegam das secretarias de saúde.  É, estamos fodidos!",Mandetta deputado e tapa buraco do Dem virou o guardião da ciência no Brasil. Tenha santa paciência.,Mandetta,1,1
"""...a questão da vida, da saúde é mais importante que qualquer outra coisa MAS...""","Então ele discorda de Mandetta, por pensar na vida como prioridade??? Já deu né!!!!! Mito",Mandetta,2,0
"Em sua despedida, Mandetta defende a vida, o SUS e a ciência. Três palavras incompatíveis com o atual governo.","Haddad é do PT e na época que eles governaram o país morriam +/- 60 mil pessoas por homicídio, o PT desviou da Saúde R$242,2 bilhões e em 2015 o PT tirou 10,5 bilhões, ou 10% do orçamento da educação, sem falar os outros anos.  Ora, então vc tbm não conhece essas ""três palavras"".",Mandetta,2,1
"Mandetta era um dos poucos desse governo que exaltava a CIÊNCIA, e foi justamente isso que fez Bolsonaro o demitir  Todos sabem que ele não acredita em ciência, é ignorante, não tem capacidade nem de entender os dados que chegam das secretarias de saúde.  É, estamos fodidos!","Mandetta é político há 20 anos seu babaca, ele é um medíocre ortopedista. Corrupto, caixa dois, liberou grana aos amigos nos Estados...a farra na saúde acabou. E vai tomar no cu.",Mandetta,1,1
"É tão surreal que chega a ser indescritível. Bolsonaro disse na coletiva: “as medidas do Mandetta, como médico que é, olhavam mais a questão da saúde. E nós queremos outra coisa”  O cara passou recibo de genocida.","vei n dá, o cara falando q tds as letras q n ta nem ai p saude do povo e vcs defendendo",Mandetta,2,0
"Em sua despedida, Mandetta defende a vida, o SUS e a ciência. Três palavras incompatíveis com o atual governo.","Os vermes contra a demissão o presidente fez a coisa certa, agora responde uma coisa  vc achou lindo ele defender a vida semana que vem o  vai votar sobre aborto vc é contra ou a favor?",Mandetta,2,1
"Mandetta era um dos poucos desse governo que exaltava a CIÊNCIA, e foi justamente isso que fez Bolsonaro o demitir  Todos sabem que ele não acredita em ciência, é ignorante, não tem capacidade nem de entender os dados que chegam das secretarias de saúde.  É, estamos fodidos!","Quando se começa a questionar a ciência, é exatamente esse o resultado: morte em massa",Mandetta,2,0
"Em sua despedida, Mandetta defende a vida, o SUS e a ciência. Três palavras incompatíveis com o atual governo.","Se vc ta defendendo o Mandetta, tá na cara que coisa boa ele não é!",Mandetta,1,1
Bolsonaro demitiu o Mandetta. Vai ficar pra História o tamanho do absurdo de demitir um Ministro da Saúde no meio da pandemia porque ele seguiu as recomendações da ciência e da OMS,"pra colocar um lunático que diz que saúde e economia andam lado a lado...  vai tomar no cu, esse presidente é um genocida!!",Mandetta,2,0
"Acabo de ouvir do presidente Jair Bolsonaro o aviso da minha demissão do Ministério da Saúde.  Quero agradecer a oportunidade que me foi dada, de ser gerente do nosso SUS, de pôr de pé o projeto de melhoria da saúde dos brasileiros e","Esse Bolsonaro é um desgraçado!!! Mandetta, obrigada por lutar pela saúde de todos os brasileiros. Você está sendo demitido por puro ciúmes desse presidente lixo que não pode ver ninguém fazendo algo certo.",Mandetta,2,0
"""E o Mandetta, a linha dele como médico, era voltada quase que exclusivamente a questão da vida""",imagina o absurdo do ministro da SAUDE se preocupar com a questão da vida,Mandetta,2,0
"Mandetta era um dos poucos desse governo que exaltava a CIÊNCIA, e foi justamente isso que fez Bolsonaro o demitir  Todos sabem que ele não acredita em ciência, é ignorante, não tem capacidade nem de entender os dados que chegam das secretarias de saúde.  É, estamos fodidos!",Não acho que ele não acredite. Eu acho que ele sabe que a ciência representa o fim dele. Com a ciência em mente ninguém votaria nele. Por isso ele nega até a morte,Mandetta,2,0
"O ministro Mandetta é um raio de lucidez numa tempestade de devaneios no discurso do governo sobre estratégias de combate ao coronavírus. Se sair, será uma perda pro país e nos retirará do rumo das orientações da OMS com consequências que podem ser trágicas.","Trágicas são as votações que vcs fazem isso sim , o Brasil acordou só vcs que não, acham que é LOOLA que está na Presidência, Mandetta não teve controle de nada é POLITICO bom de conversa e só.",Mandetta,2,1
"Somos o único país do mundo q demitiu o Ministro da Saúde no meio da maior crise de saúde do mundo nas últimas décadas.  Pra coroar, o motivo da demissão foi pq o ministro queria seguir o que a ciência diz.  O que irá fazer o próximo ministro? Seguir a ciência ou Jair Bolsonaro?","Maior crise de saúde nas últimas décadas kkkkkkkkkkkkkk E outra,o Mandetta não seguia ciência,seguia a intuição dele",Mandetta,2,1
"""E o Mandetta, a linha dele, como médico, era voltada quase exclusivamente para a vida"" - Jair Bolsonaro, presidente do Brasil",Aiaiai esse ex ministro da saúde que era a favor da vida...,Mandetta,2,0
"O ministro Mandetta é um raio de lucidez numa tempestade de devaneios no discurso do governo sobre estratégias de combate ao coronavírus. Se sair, será uma perda pro país e nos retirará do rumo das orientações da OMS com consequências que podem ser trágicas.","Mais trágica do que são vocês, nada em momento algum será tão trágico como vcs políticos",Mandetta,2,1
"Mandetta era um dos poucos desse governo que exaltava a CIÊNCIA, e foi justamente isso que fez Bolsonaro o demitir  Todos sabem que ele não acredita em ciência, é ignorante, não tem capacidade nem de entender os dados que chegam das secretarias de saúde.  É, estamos fodidos!",E pq que os médicos que se opõem ao isolamento total(como pensa o presidente) são menos científicos que o Mandetta?,Mandetta,1,1
"O errado é o Mandetta que não se curva ao discurso ignorante pautado em NADA do presidente? Você acha que ele como MÉDICO vai ignorar a OMS???? O presidente quer isso, ignorar a Organização Mundial da Saúde e você acha que o errado é o Mandetta? Sério velho, não dá","Tá falando da mesma OMS que afirmou que o vírus não era transmissível entre humanos e que restrições de viagens à China não eram necessárias? Só é ciência o que gosta/concorda, né? Isolamento horizontal não é unanimidade entre a comunidade científica, muito menos o Mandetta.",Mandetta,1,1
"Mandetta era um dos poucos desse governo que exaltava a CIÊNCIA, e foi justamente isso que fez Bolsonaro o demitir  Todos sabem que ele não acredita em ciência, é ignorante, não tem capacidade nem de entender os dados que chegam das secretarias de saúde.  É, estamos fodidos!",o cara queria privatizar o SUS :),Mandetta,2,1
"Bolsonaro demitiu Mandetta por ciúme, inveja e cálculo eleitoral e não foi divórcio consensual coisa nenhuma, mas meras ignorância,  irresponsabilidade, desumanidade e culto à morte, por fazê-lo em pleno pico da pandemia.","Culto a morte? Que merda é essa que vc virou Newmane? Vai cair no conto do Mandetta ""o herói insubstituível""? Ahh vá....",Mandetta,1,1
"“Eu escolhi minha equipe por currículo..... ” “Nós temos a defesa da vida, a defesa do SUS e a defesa da ciência” Luiz Henrique Mandetta , Ministro da Saúde do Brasil.","Você é uma inútil histérica!!! Burra,não entende nada, só fala merda!!! A maria sabão é uma frustada!!!",Mandetta,2,1
"“Eu escolhi minha equipe por currículo..... ” “Nós temos a defesa da vida, a defesa do SUS e a defesa da ciência” Luiz Henrique Mandetta , Ministro da Saúde do Brasil.","A fala sério,tu defende o isolamento,não foi tu que criticou o pequeno empreendedor,e fácil fala quando se tem o bolso regado por uma rede suja igual ao teu jornalismo de baixa qualidade!",Mandetta,2,1
"Mandetta deixa como legado uma estrutura para que o Brasil possa – com governo federal, estados e municípios unidos – atender da melhor forma possível a sociedade brasileira, principalmente as pessoas que necessitam do SUS.","Quem tu pensa ser seu covarde para falar que este Mandetta comunista dos infernos fez algo pelo SUS, tudo continua igual nos hospitais, pessoas morrendo sem atendimento mas, tu não sabe o que é isto pois é bandido hereditário, pai e filho e uma mulher bandida  #ForaMaiaBotafogo",Mandetta,1,1
"Em sua despedida, Mandetta defende a vida, o SUS e a ciência. Três palavras incompatíveis com o atual governo.",Se vc defende o Mandetta certeza que ele é pior do que pensamos.,Mandetta,1,1
"Em sua despedida, Mandetta defende a vida, o SUS e a ciência. Três palavras incompatíveis com o atual governo.","Não entendi ! Ou entendi! Vc tá contrário a saída do Mandetta? O que incompatível é a cara de pau desavergonhada de ladrões, vagabundos, ordinários e hipócritas se fingindo de preocupados com o SUS? Conheces gente assim?",Mandetta,1,1
"Acabo de ouvir do presidente Jair Bolsonaro o aviso da minha demissão do Ministério da Saúde.  Quero agradecer a oportunidade que me foi dada, de ser gerente do nosso SUS, de pôr de pé o projeto de melhoria da saúde dos brasileiros e","lembrando que esse homem que agradece ao sus é o mesmo que defendeu a pec que tirou 22,5 bilhões da saúde então vai se fude mandetta vc não chegou nem perto de fazer sua obrigação",Mandetta,2,1
"Inacreditável! Bolsonaro justificou a demissão de Mandetta porque ele teria uma linha de ""defender exclusivamente a vida"". O Brasil é governado por quem defende a morte.",É aquele ngc né Brasil saiu do “deixe-os morrer” para os “matem-nos” jota estando certo desde sempre...,Mandetta,2,0
"Mandetta era um dos poucos desse governo que exaltava a CIÊNCIA, e foi justamente isso que fez Bolsonaro o demitir  Todos sabem que ele não acredita em ciência, é ignorante, não tem capacidade nem de entender os dados que chegam das secretarias de saúde.  É, estamos fodidos!",a ciência chora e todos nós tb :(,Mandetta,2,0
"Em sua despedida, Mandetta defende a vida, o SUS e a ciência. Três palavras incompatíveis com o atual governo.",nossa haddad é mermo? nem parece q o mandetta é a favor da privatização do msm sus q vc diz q ele defende ne  num fode amor,Mandetta,2,1
"O ministro Mandetta é um raio de lucidez numa tempestade de devaneios no discurso do governo sobre estratégias de combate ao coronavírus. Se sair, será uma perda pro país e nos retirará do rumo das orientações da OMS com consequências que podem ser trágicas.","Idiota,esse bosta desse Mandetta já vai tarde.",Mandetta,1,1
"Em sua despedida, Mandetta defende a vida, o SUS e a ciência. Três palavras incompatíveis com o atual governo.",Vai se fuder Haddad. Seu partido desviou mais de 24 bilhões só na saúde e vc me vem com uma pérola dessa. VTNC. Agora o Mandetta é amiguinho de vcs é?!?!? Até ontem ele era chamado de Golpista por vcs. A esquerda é a escória do mundo.,Mandetta,1,1
"""E o Mandetta, a linha dele, como médico, era voltada quase exclusivamente para a vida"" - Jair Bolsonaro, presidente do Brasil","tu ve que problema né  um ser humano,  um MINISTRO DA SAUDE,  preocupado com uma superficialidade dessas:  a vida",Mandetta,2,0
"""E o Mandetta, a linha dele, como médico, era voltada quase exclusivamente para a vida"" - Jair Bolsonaro, presidente do Brasil",e ele como médico devia se preocupar com oq se não a vida??????,Mandetta,2,0
"""E o Mandetta, a linha dele, como médico, era voltada quase exclusivamente para a vida"" - Jair Bolsonaro, presidente do Brasil","Cara, o besta tá reclamando que o MINISTRO DA SAÚDE estava com foco na VIDA. EU NÃO AGUENTO MAIS",Mandetta,2,0
"Em sua despedida, Mandetta defende a vida, o SUS e a ciência. Três palavras incompatíveis com o atual governo.",PTista falando em defender a vida é piada né? Kkkkkkkk,Mandetta,2,1
"Em sua despedida, Mandetta defende a vida, o SUS e a ciência. Três palavras incompatíveis com o atual governo.",Vai se fuder Haddad. Seu partido desviou mais de 242 bilhões só na saúde e vc me vem com uma pérola dessa. VTNC. Agora o Mandetta é amiguinho de vcs é?!?!? Até ontem ele era chamado de Golpista por vcs. A esquerda é a escória do mundo.,Mandetta,1,1
"""E o Mandetta, a linha dele, como médico, era voltada quase exclusivamente para a vida"", disse Bolsonaro",Puta merda que médico é esse aí só pensa em salvar vidas? Nada ver essas ideia de vida aí não,Mandetta,2,0
Como brasileiro agradeço o ministro Mandetta por sua atuação firme na Saúde. Por ter desempenhado seu papel ancorado na ciência e nas evidências. Compartilho do sentimento de milhões de cidadãos dizendo muito obrigado por reconhecer seu bom senso e  dedicação.,"cala a boca, sujeitinho!  Milhões de cidadãos??? Como você é canalha! Tem pessoas que nem sabem quem é o Mandetta, cínico! E quem sabe, torcia pela sua demissão!",Mandetta,1,1
"Mandetta cai porque enfrentou a pandemia com responsabilidade, e Bolsonaro não tolera isso. O presidente da República está derrubando toda a cúpula do Ministério da Saúde em meio à mais grave crise sanitária da história. É um genocida.","Um Dep Fed dizer que  é genocida? , tenha vergonha na cara. Genocidas são os  partidos políticos que tomaram conta da nação nos últimos 30 anos, mataram indiretamente milhões s/ saúde, alta criminalidade, roubos do erário... e vc se cala about. Canalha",Mandetta,2,1
"""E o Mandetta, a linha dele, como médico, era voltada quase exclusivamente para a vida"" - Jair Bolsonaro, presidente do Brasil","Pera, pra explicar a demissão do MINISTRO DA SAÚDE um dos motivos é que o cara se preocupava demais com a vida?",Mandetta,2,0
"""E o Mandetta, a linha dele, como médico, era voltada quase exclusivamente para a vida"", disse Bolsonaro","Então, tinha mandar embora mesmo né Bozo? Onde já se viu ser pró vida, enquanto você é pró morte né?",Mandetta,2,0
"""...a questão da vida, da saúde é mais importante que qualquer outra coisa MAS...""","Será que Mandetta estava realmente focado na saúde? Devemos questionar algum cientista político para sabermos um pouco do o regresso político dele, Bolsonaro errou ao colocar político em ministério, ministério tem que ser técnico, puramente técnico. Torcer pro Teich.",Mandetta,1,0
Como brasileiro agradeço o ministro Mandetta por sua atuação firme na Saúde. Por ter desempenhado seu papel ancorado na ciência e nas evidências. Compartilho do sentimento de milhões de cidadãos dizendo muito obrigado por reconhecer seu bom senso e  dedicação.,"Mas você é babaca mesmo heim?? O povo brasileiro estava doido pra ver o Mandetta no olho da rua, fale por você  e não pelo povo.",Mandetta,1,1
"""E o Mandetta, a linha dele, como médico, era voltada quase exclusivamente para a vida"" - Jair Bolsonaro, presidente do Brasil","Mds, um médico prioriza a vida????? Q absurdo!!!!!",Mandetta,2,0
"Mandetta era um dos poucos desse governo que exaltava a CIÊNCIA, e foi justamente isso que fez Bolsonaro o demitir  Todos sabem que ele não acredita em ciência, é ignorante, não tem capacidade nem de entender os dados que chegam das secretarias de saúde.  É, estamos fodidos!","Agora esse ignorante vai fazer de tudo para acabar com o isolamento social. Os casos de morte pelo corona só vão aumentar, VAI SER UM CAOS! ESTAMOS FUDIDOS COM ESSE PRESIDENTE DE MERDA QUE VOCÊS ELEGERAM!",Mandetta,2,0
"Inacreditável! Bolsonaro justificou a demissão de Mandetta porque ele teria uma linha de ""defender exclusivamente a vida"". O Brasil é governado por quem defende a morte.",putz... a vida?????,Mandetta,2,0
"Em sua despedida, Mandetta defende a vida, o SUS e a ciência. Três palavras incompatíveis com o atual governo.",Quantas vidas teu partido e a quadrilha cessaram com roubos de mais de 500 bilhões em 14 anos? 500 bilhões investido na saúde e na ciência seriam de grande utilidade hj.,Mandetta,2,1
"Em sua despedida, Mandetta defende a vida, o SUS e a ciência. Três palavras incompatíveis com o atual governo.","Faça o seguinte, já deixa aí organizado com o  Mandetta, no seu próximo governo vc o contrata como secretário ou ministro da saúde! Agora pede pra ela esperar um pouquinho, ter paciência, pq só Deus sabe quando!!! Kkkkkkkkkk",Mandetta,1,1
"""E o Mandetta, a linha dele, como médico, era voltada quase exclusivamente para a vida"", disse Bolsonaro","Mas sua anta, você queria que um médico cuidasse de quê: da morte?",Mandetta,2,0
"""E o Mandetta, a linha dele, como médico, era voltada quase exclusivamente para a vida"" - Jair Bolsonaro, presidente do Brasil","De onde ja se viu um medico pensar na vida, realmente um absurdo  Olha o merda que vcs elegeram pqp",Mandetta,2,0
"Líder da Minoria na Câmara, José Guimarães (PT-CE): ""Saída do ministro Mandetta é duro golpe na ciência, na OMS e nas milhares de vidas que precisam ser preservadas! Direito à vida está acima de qualquer outro.  Brasil chora por ser governado por um desqualificado e despreparado""",Então o ONCOLOGISTA Dr. Nelson Teich seria o oposto total do Mandetta??? Teria ele aversão a ciência e estaria propenso a não preservar a vida dos brasileiros??? Foi isto que este insano do PT quis dizer?? E o que dizer que a AMB apoia totalmente o Dr. Teich???,Mandetta,1,0
"""E o Mandetta, a linha dele, como médico, era voltada quase exclusivamente para a vida"" - Jair Bolsonaro, presidente do Brasil","Que absurdo um ministro da saúde ter como prioridade a vida, não???",Mandetta,2,0
"Mandetta disse q se baseia na ciência, e por isso diverge do PR . É a ciência obscurantista praticada por Maia, Alcolumbre, Dória, Flávio Dino, Witzel e outros aproveitadores emplumados. Ele já deixou de ser Ministro da Saúde, agora está fantasiado de pré-candidato.",É a ciência da canalhice suprema !,Mandetta,2,0
"""E o Mandetta, a linha dele, como médico, era voltada quase exclusivamente para a vida"", disse Bolsonaro",Tem médico q não defende a vida?!,Mandetta,2,0
"Quando o Mandetta diz ""nosso SUS"", ele quer dizer o SUS que ele queria privatizar pra ele e pros amigos dele, né?  (E nem venham com lamúrias do mal menor. Tamos lascados, sim, mas eu não vou virar fã do cara por isso.)","É importante separar as coisas: a gente PRECISAVA que o cara gerenciasse essa crise. Mas não, ele NÃO é a escolha ideal para administrar a saúde pública do país.  PAREM DE PROCURAR ÍDOLOS, HERÓIS OU O CARALHO DE MITOS.",Mandetta,2,0
"Mandetta demitido. O novo Ministro da Saúde não tem vivência na Saúde Pública, não tem experiencia no SUS.","Ele é médico, não é político. Vamos aguardar antes de vc escrever merda.",Mandetta,2,1
"""E o Mandetta, a linha dele, como médico, era voltada quase exclusivamente para a vida"" - Jair Bolsonaro, presidente do Brasil",mas todo médico e pessoas com o mínimo de caráter não deveriam priorizar a vida antes de qualquer coisa?!????????,Mandetta,2,0
"Mandetta era um dos poucos desse governo que exaltava a CIÊNCIA, e foi justamente isso que fez Bolsonaro o demitir  Todos sabem que ele não acredita em ciência, é ignorante, não tem capacidade nem de entender os dados que chegam das secretarias de saúde.  É, estamos fodidos!","Na verdade não. O cara desmantelou o + médicos e focava em privatizar o SUS. Ele era inteligente a beça SIM, mas o que ele fez foi o mínimo que se espera de um ministro da saúde numa pandemia: Proteger a população.  Parem de bater palma pra maluco golpista.",Mandetta,2,1
"""E o Mandetta, a linha dele, como médico, era voltada quase exclusivamente para a vida"" - Jair Bolsonaro, presidente do Brasil","Logicamente a vida e a saúde é mais importante do que qualquer outra coisa, mas..... a economia do país vem em primeiro lugar, né presidente?!",Mandetta,2,0
"""E o Mandetta, a linha dele, como médico, era voltada quase exclusivamente para a vida"", disse Bolsonaro",Como assim você é médico que cuida da vida de pessoas e quer salvar as pessoas ?????,Mandetta,2,0
"""E o Mandetta, a linha dele, como médico, era voltada quase exclusivamente para a vida"" - Jair Bolsonaro, presidente do Brasil",imagina o MINISTRO DA SAÚDE ser preocupado com a VIDA da população????  não dá né,Mandetta,2,0
"""E o Mandetta, a linha dele, como médico, era voltada quase exclusivamente para a vida"" - Jair Bolsonaro, presidente do Brasil","Apesar de ninguém estar puramente correto nessa história, mas que merda um médico e ministro de saúde ter como prioridade a vida né? [pode conter doses de ironia]",Mandetta,2,0
"""E o Mandetta, a linha dele, como médico, era voltada quase exclusivamente para a vida"" - Jair Bolsonaro, presidente do Brasil","estranho mesmo, Presidente. é mega estranho o ministro da SAÚDE ter como linha de pensamento exclusivamente a vida... pelo amor de Deus",Mandetta,2,0
"Acabo de ouvir do presidente Jair Bolsonaro o aviso da minha demissão do Ministério da Saúde.  Quero agradecer a oportunidade que me foi dada, de ser gerente do nosso SUS, de pôr de pé o projeto de melhoria da saúde dos brasileiros e","Ministro mandetta vc estar saindo de cabeça erguida,faço parte da área da saúde quero te agradecer pelo enorme esforço,você sempre será essencial e muito importante no Sus,ninguém fará melhor do que você estava fazendo.E assim o agradeço por tudo mais uma vez.",Mandetta,2,0
"""E o Mandetta, a linha dele, como médico, era voltada quase exclusivamente para a vida"" - Jair Bolsonaro, presidente do Brasil","Ainda tem gado q defende esse lixo, tenho pena do lixo q é comparado c ele pqp.   GNT se o cara é ministro da saúde, ele tinha q ser voltado exclusivamente pra cultura ou pra vida? Se não me engano é pra economia kkkkk",Mandetta,2,0
"""E o Mandetta, a linha dele, como médico, era voltada quase exclusivamente para a vida"", disse Bolsonaro","Mas nossa, cê jura? O ministro da saúde preocupado com a vida? Nossaaaaaa",Mandetta,2,0
"Em sua despedida, Mandetta defende a vida, o SUS e a ciência. Três palavras incompatíveis com o atual governo.","Outra coisa incompatível, é a roubalheira que tua fez no !  Mas disso tu não fala né!",Mandetta,2,1
"""E o Mandetta, a linha dele, como médico, era voltada quase exclusivamente para a vida"" - Jair Bolsonaro, presidente do Brasil","Meu filho, se ele como médico não pensar só nas vidas ele vai pensar no que?",Mandetta,2,0
"""E o Mandetta, a linha dele, como médico, era voltada quase exclusivamente para a vida"", disse Bolsonaro","Aiai, esses médicos irresponsáveis que se preocupam com a vida...",Mandetta,2,0
Bolsonaro demitiu o Mandetta. Vai ficar pra História o tamanho do absurdo de demitir um Ministro da Saúde no meio da pandemia porque ele seguiu as recomendações da ciência e da OMS,"e além do mais, o que um oncologista tem haver? mds do céu, bolsonaro vai tomar no cu",Mandetta,2,0
"""E o Mandetta, a linha dele, como médico, era voltada quase exclusivamente para a vida"" - Jair Bolsonaro, presidente do Brasil",o cara é médico e você acha que ele vai priorizar oq seu imbecil?,Mandetta,2,0
"""E o Mandetta, a linha dele, como médico, era voltada quase exclusivamente para a vida"" - Jair Bolsonaro, presidente do Brasil",a vida não é importante?  seu merda,Mandetta,2,0
"Acabo de ouvir do presidente Jair Bolsonaro o aviso da minha demissão do Ministério da Saúde.  Quero agradecer a oportunidade que me foi dada, de ser gerente do nosso SUS, de pôr de pé o projeto de melhoria da saúde dos brasileiros e","muito obrigada por tudo mandetta, de verdade. em meia a tudo isso você tentou tudo que pôde pra estabilizar a saúde do país. nunca vou esquecer oq vc fez. obrigada obrigada",Mandetta,2,0
Todos sabem que a preocupação de Bolsonaro não é com a vida dos brasileiros. Demitir o ministro Mandetta porque ele recomendou o isolamento é mais uma prova disso. As consequências de ter um presidente que nega a ciência na pior pandemia desde 1918 serão terríveis para o Brasil.,"Mandetta é um babaca tbm, mas ao menos tem se mostrado uma pessoa sensata e fala as coisas baseado em ciência e principalmente:  n quer matar a população",Mandetta,0,0
"""E o Mandetta, a linha dele, como médico, era voltada quase exclusivamente para a vida"" - Jair Bolsonaro, presidente do Brasil","Gente, mas eu achei que a obrigação do ministro da saúde era prezar pela vida, que coisa hein?",Mandetta,2,0
"Em sua despedida, Mandetta defende a vida, o SUS e a ciência. Três palavras incompatíveis com o atual governo.",KKKKKKKKKK o cara queria privatizar o SUS e agora é herói nacional LOL KKKKKKK vsf fora q ele apoiou o impeachment da Dilma tsc tsc tsc,Mandetta,2,1
"Currículo incrível? Você já deu uma olhada o que esse cara produziu em termos de ciência? 1 artigo! E uma colaboração.... Tá muito longe de ser incrível.  E, não que o Mandetta fosse bom. Era tão ruim quanto. Mas estava sendo claro e segurando as pontas.  Salve-se quem puder.",Já que publicação de artigos te preocupa: Quantos artigos o Mandetta tem publicado????,Mandetta,1,1
"""E o Mandetta, a linha dele, como médico, era voltada quase exclusivamente para a vida"" - Jair Bolsonaro, presidente do Brasil","""...a questão da vida, da saúde é mais importante que qualquer outra coisa MAS...""  Não ta escrito a cara de pau mandado desse novo ministro",Mandetta,2,0
"""E o Mandetta, a linha dele, como médico, era voltada quase exclusivamente para a vida"" - Jair Bolsonaro, presidente do Brasil","Que absurdo um ministro da saúde ter como prioridade a vida, não??? Gente! É mto surreal!! #bbb20",Mandetta,2,0
"Acabo de ouvir do presidente Jair Bolsonaro o aviso da minha demissão do Ministério da Saúde.  Quero agradecer a oportunidade que me foi dada, de ser gerente do nosso SUS, de pôr de pé o projeto de melhoria da saúde dos brasileiros e",Ta bom Mandetta não força a barra falando nosso SUS não bicho.,Mandetta,2,1
"""E o Mandetta, a linha dele, como médico, era voltada quase exclusivamente para a vida"" - Jair Bolsonaro, presidente do Brasil",O Ministro da Saúde priorizar a vida... onde já se viu? Kkkkkkk piada de mal gosto esse fodido,Mandetta,2,0
"""E o Mandetta, a linha dele, como médico, era voltada quase exclusivamente para a vida"" - Jair Bolsonaro, presidente do Brasil",Kkkkkkkkkkkkkkkk “ o médico tá preocupado só com a vida “ é isso q não da,Mandetta,2,0
"Acabo de ouvir do presidente Jair Bolsonaro o aviso da minha demissão do Ministério da Saúde.  Quero agradecer a oportunidade que me foi dada, de ser gerente do nosso SUS, de pôr de pé o projeto de melhoria da saúde dos brasileiros e","Sinto muito, Mandetta, por você ter sido demitido por querer o bem da saúde de todos.",Mandetta,2,0
"""E o Mandetta, a linha dele, como médico, era voltada quase exclusivamente para a vida"" - Jair Bolsonaro, presidente do Brasil",Ué?! Um ministro da saúde der demitido por priorizar a vida?,Mandetta,2,0
"Em sua despedida, Mandetta defende a vida, o SUS e a ciência. Três palavras incompatíveis com o atual governo.","KKKKKKKKKKKKKKKK o cara queria privatizar o SUS Mas beleza, a galera da vila madá amo o tweet andrade",Mandetta,2,1
"""E o Mandetta, a linha dele, como médico, era voltada quase exclusivamente para a vida"" - Jair Bolsonaro, presidente do Brasil","""...a questão da vida, da saúde é mais importante que qualquer outra coisa MAS...""",Mandetta,2,0
"""E o Mandetta, a linha dele, como médico, era voltada quase exclusivamente para a vida"" - Jair Bolsonaro, presidente do Brasil","Q absurdo né gente, onde já se viu privilegiar a vida?",Mandetta,2,0
"Em sua despedida, Mandetta defende a vida, o SUS e a ciência. Três palavras incompatíveis com o atual governo.","Se vc está defendendo ele,e faz mudar de ideia, Mandetta tinha que sair",Mandetta,1,1
"""E o Mandetta, a linha dele, como médico, era voltada quase exclusivamente para a vida"", disse Bolsonaro","Aí não dá, né. Ou vc faz parte do governo Bolsonaro ou tem apreço pela vida.",Mandetta,2,0
"ISSO A GLOBO NÃO MOSTRA  COLETIVA DE MANDETTA SE DESPEDINDO DA EQUIPE DO MINISTÉRIO DA SAÚDE COM DIREITO A BEIJOS, ABRAÇOS, SEM USO DAS MÁSCARAS E COM DIREITO A AGLOMERAÇÃO.  UÉ, E O DISTANCIAMENTO SOCIAL E OS CUIDADOS QUE SE EXIGEM DO PR BOLSONARO NÃO VALEM PRA MANDETTA",Isso aí É vergonhoso viu olha que é isso esse ex-ministro da Saúde,Mandetta,2,0
"“Eu escolhi minha equipe por currículo..... ” “Nós temos a defesa da vida, a defesa do SUS e a defesa da ciência” Luiz Henrique Mandetta , Ministro da Saúde do Brasil.",Velha escrota!!! Mandetta já foi tarde.,Mandetta,1,1
"""E o Mandetta, a linha dele, como médico, era voltada quase exclusivamente para a vida"", disse Bolsonaro","Sou chato né, mas esse bobalhão aí falou que que um médico, ora bolas, tem preocupação com vidas. Venham bolsonaristas, nosso ""mito"" tem razão.",Mandetta,2,0
"Demitido, Mandetta, agente político, sai antes do que, tudo indica, será o pior momento da disseminação do vírus entre nós. (E sai sem ser cobrado pelo erro de não testar em massa como política de Estado). Bolsonaro fez seu jogo. Se a peste crescer, a tragédia vai para sua conta.","Andreazza, que coisa feia essa vigarice intelectual, teste em massa com kits que não existiam no mundo?",Mandetta,2,1
"""E o Mandetta, a linha dele, como médico, era voltada quase exclusivamente para a vida"", disse Bolsonaro","Tanta coisa pra se preocupar nessa pandemia e o cara quer se preocupar com a vida.  Complicado, hein.",Mandetta,2,0
"Em sua despedida, Mandetta defende a vida, o SUS e a ciência. Três palavras incompatíveis com o atual governo.","Você é meio demente, né Haddad? Tu tá defendendo Mandetta, porra?! Não faz sentido!",Mandetta,1,1
"A demissão do Mandetta é por motivos claros, ele defendia a  ciência, o SUS e o isolamento social pra combater o vírus. Já Bolsonaro só defende o vírus mesmo. #BolsonaroVirus","caralho, ele NUNCA defendeu SUS e nem a Ciência, vcs nasceram ontem?  Nesses últimos tempos, ele veio fazendo o mínimo que uma pessoa com um pingo de sanidade mental faria se ocupasse o cargo de ministro da saúde.  Vocês forçam demais, UJS, voltem a fazer só memes ruins, vai...",Mandetta,2,1
"""E o Mandetta, a linha dele, como médico, era voltada quase exclusivamente para a vida"" - Jair Bolsonaro, presidente do Brasil","demitir o ministro da saúde porque ele queria defender a vida  isso não é burrice, mas sim um plano de governo genocida",Mandetta,2,0
"Em sua despedida, Mandetta defende a vida, o SUS e a ciência. Três palavras incompatíveis com o atual governo.",Agora vc defende ele né seu ARROMBADO,Mandetta,2,1
"""E o Mandetta, a linha dele, como médico, era voltada quase exclusivamente para a vida"" - Jair Bolsonaro, presidente do Brasil",Mas que petulância desse médico hein onde já se viu se importar com a vidas???,Mandetta,2,0
"""E o Mandetta, a linha dele, como médico, era voltada quase exclusivamente para a vida"" - Jair Bolsonaro, presidente do Brasil","A vida como exclusividade? Só louco que consegue formar uma frase dessas. A vida não tem medida, não tem troca, não tem discussão. É a vida. Tirando isso só resta a morte. Ou já estão inventando um meio termo entre vida e morte?",Mandetta,2,0
"Acabo de ouvir do presidente Jair Bolsonaro o aviso da minha demissão do Ministério da Saúde.  Quero agradecer a oportunidade que me foi dada, de ser gerente do nosso SUS, de pôr de pé o projeto de melhoria da saúde dos brasileiros e","caralho, o Mandetta tava fazendo um ótimo trabalho no Ministério da saúde e é demitido? puta q pariu en Bolsonaro",Mandetta,2,0
"""E o Mandetta, a linha dele, como médico, era voltada quase exclusivamente para a vida"", disse Bolsonaro","Com vcs, o ministro Teich, o médico que coloca a vida em 2º lugar!",Mandetta,2,0
"""E o Mandetta, a linha dele, como médico, era voltada quase exclusivamente para a vida"", disse Bolsonaro","Porra, é um absurdo um médico pensar em vida",Mandetta,2,0
"""E o Mandetta, a linha dele, como médico, era voltada quase exclusivamente para a vida"" - Jair Bolsonaro, presidente do Brasil",Ou seja...  O erro está em priorizar a VIDA! PqP  O que vcs colocaram no poder?,Mandetta,2,0
"A maioria esmagadora dos brasileiros é contrária à demissão de Mandetta: 76,2% dos entrevistados discordam do afastamento do ministro da Saúde, segundo pesquisa realizada pelo Atlas Político. Vc concorda com o resultado da pesquisa?   via","Álvaro Dias, vc como sempre defende o lado ruim do governo. Está falando em nome da maioria dos brasileiros?! Não é o que acompanho nas mídias. Se vc gosta tanto do Mandetta, chame ele pra trabalhar com você, ele tem o mesmo perfil que o seu!! Para de falar abobrinhas!!!",Mandetta,1,1
Isso já não é questão de ideologia e sim de bom senso uma coisa que o Mandetta tem e o Bolsonaro não Me diz pq o BR é o único país do mundo que tá no negacionismo.,"Para moço, quem tá negando? Ontem e várias vezes o cara disse que é sério, mas o ódio se vocês é tão grande que parece que só ouvem o que querem, mandetta é político e só mandou a gente ficar em casa, cadê as soluções?",Mandetta,1,1
"""E o Mandetta, a linha dele, como médico, era voltada quase exclusivamente para a vida"" - Jair Bolsonaro, presidente do Brasil",tá doido!! um medico e ministro da saúde pensar na vida? esse cara tava tirando memo! Mais uma atitude acertada do nosso presidente em tirar esse egoísta na luta contra essa gripezinha! fala,Mandetta,2,0
"""E o Mandetta, a linha dele, como médico, era voltada quase exclusivamente para a vida"", disse Bolsonaro","sendo acusado de ser a favor da vida. É uma piada esse homem! Q gestor ""mea boca"" esse. Gestão! O Sr.por acaso sabe o q é? Gerir, liderar, contornar conflitos, evitar confrontos desnecessários, assumir riscos, contornar crises, dialogar e etc. Sabe não, saia.",Mandetta,2,0
"Não vejo graça nisso, em meio a uma pandemia mundial séria, pessoas humanas morrendo e ficam fazendo humor ? Independente de ideologia, acho isso falta de caráter. Especulação pra ganharem atenção midiática. Fora Mandetta e acabou assunto.","""pessoas humanas""...se vc chorou",Mandetta,2,1
"""E o Mandetta, a linha dele, como médico, era voltada quase exclusivamente para a vida"", disse Bolsonaro",Que crime isso né? Um médico pensar em vida. Absurdo,Mandetta,2,0
"BOÇALnaro seu IMBECIL DE BOSTA, o que que vc tem na cabeça cara??? Mandetta tava fazendo um ÓTIMO serviço pela saúde, seus interesses pessoais estão matando pessoas, doente do caralho","No meio de uma pandemia, o Bolsonaro demite o Mandetta (Ministro da Saúde) por seguir recomendações da OMS. Tipo? Não tem nenhum outro motivo a não ser ele ter batido de frente com ele.",Mandetta,0,0
"Bolsonaro demitiu Mandetta por ciúme, inveja e cálculo eleitoral e não foi divórcio consensual coisa nenhuma, mas meras ignorância,  irresponsabilidade, desumanidade e culto à morte, por fazê-lo em pleno pico da pandemia.","Veja como vc é burro ou canalha: se fosse ciúmes não teria nem colocado Moro no Min da Justiça, Moro é muito mais popular, nem Guedes na Economia. Quem é Mandetta na fila do pão?",Mandetta,1,1
"""E o Mandetta, a linha dele, como médico, era voltada quase exclusivamente para a vida"", disse Bolsonaro","""Que gestão de vida que nada! No meu governo, a gente vai é gerir a morte, tá ok? kkkkk """,Mandetta,2,0
"Mandetta era contra o SUS, defendia a saúde privada e fez parte do golpe contra Dilma. Mas, durante a pandemia, vinha fazendo o que tinha que fazer. Tirá-lo nesse momento, além de cruel, é burrice. #DesgovernoPeNaCova",É isso concordo plenamente com vc!! Mandetta estava no caminho certo !! Pelo menos eles sabia da miséria do sistema único de saúde !!,Mandetta,1,0
"""E o Mandetta, a linha dele, como médico, era voltada quase exclusivamente para a vida"" - Jair Bolsonaro, presidente do Brasil","então o erro do ministro foi prezar pela vida, é isso? antes que eu me esquece VAI TOMAR NO CU",Mandetta,2,0
Caminhamos para o abismo! Tirar  é urgente para preservar vidas. É uma questão de saúde pública tirar a caneta desse criminoso. #ImpeachmentJá,"Nunca pensei que eu fosse concordar com vc, sim, vocês Caminham para o abismo. É por isso que o Presidente e o Brasil vão pro lado oposto..",Mandetta,2,1
"Em sua despedida, Mandetta defende a vida, o SUS e a ciência. Três palavras incompatíveis com o atual governo.","Ué, mas antes da pandemia vocês só falavam que estavam desmontando e sucateado do SUS",Mandetta,2,1
"O Brasil passa por uma pandemia e a preocupação do presidente é como tirar o ministro da Saúde, porque a atuação da pasta tem mais apoio do que o presidente Jair Bolsonaro. Isso mostra a qualidade do governante.","Cadê que você fez alguma crítica aos ESPAÇAMENTOS DE CIDADÃOS EM VIA PÚBLICA? VOCÊS NÃO ESTÃO VENDO ISSO?  VOCÊS SÃO A ESCÓRIA DA IMPRENSA BRASILEIRA. VAI PROCURAR O QUE FAZER, PORQUE NOTÍCIA SSÉRIA, NÃO FAZ PARTE E NUNCA FEZ DE TUA ESTÓRIA COMO “JORNALEIRA” DE QUINTA CATEGORIA!",Mandetta,2,1
"Bolsonaro demitiu Mandetta por ciúme, inveja e cálculo eleitoral e não foi divórcio consensual coisa nenhuma, mas meras ignorância,  irresponsabilidade, desumanidade e culto à morte, por fazê-lo em pleno pico da pandemia.",Olha o q o cara escreveu. Culto a morte !  Este perdeu a sanidade. Grupo de risco.,Mandetta,2,1
"Inacreditável! Bolsonaro justificou a demissão de Mandetta porque ele teria uma linha de ""defender exclusivamente a vida"". O Brasil é governado por quem defende a morte.",e olha q teve gente q votaram no  com a desculpa q ele era a favor da vida e da família  kkkk   gados,Mandetta,2,0
"""E o Mandetta, a linha dele, como médico, era voltada quase exclusivamente para a vida"" - Jair Bolsonaro, presidente do Brasil",A vida e a medicina...esse cara é um imbecil,Mandetta,2,0
"Bolsonaro demitiu Mandetta por ciúme, inveja e cálculo eleitoral e não foi divórcio consensual coisa nenhuma, mas meras ignorância,  irresponsabilidade, desumanidade e culto à morte, por fazê-lo em pleno pico da pandemia.","Lamentável ver vc perdendo a crítica e se deixando levar pela emoção infantil de quem perdeu a babá.  Mandetta não montou centro que garantisse informação segura sobre a pandemia, apenas confiava em governadores tiranets, fazia previsões erradas com suposições e s planejamento.",Mandetta,1,1
"Acabo de ouvir do presidente Jair Bolsonaro o aviso da minha demissão do Ministério da Saúde.  Quero agradecer a oportunidade que me foi dada, de ser gerente do nosso SUS, de pôr de pé o projeto de melhoria da saúde dos brasileiros e","Eu sei que o Mandetta não é o melhor ministro da saúde, mas a sua permanência era necessária para que o método mais eficiente de combate ao coronavírus (isolamento social) acontecesse.  Agora FUDEU TUDO E vcs q continuam defendendo a merda do presidente VÃO TOMAR NO MEIO DO CU",Mandetta,2,0
"Ué, tá reclamando? Não foi vc mesmo que o indicou como um nome muito melhor que o Mandetta quando este foi anunciado em 2018? Kkkkkkkkkkk","Ei... psiu...Ô piloto de autorama, vc deixou cair um negócio aqui... Kkkk",Mandetta,2,-1
"""E o Mandetta, a linha dele, como médico, era voltada quase exclusivamente para a vida"", disse Bolsonaro","realmente Sr Pandemito, é um absurdo um médico e ministro da saúde se preocupar com vidas e defender a ciência.",Mandetta,2,0
"Bolsonaro demitiu Mandetta por ciúme, inveja e cálculo eleitoral e não foi divórcio consensual coisa nenhuma, mas meras ignorância,  irresponsabilidade, desumanidade e culto à morte, por fazê-lo em pleno pico da pandemia.","Até lhe admirava, você é tão inteligente não consegue mensurar. Você gostaria de ter um funcionário te traindo? Você já foi traído? Culto a morte só na sua cabeça e do Dória. Um homem nessa idade com medo da morte.",Mandetta,2,1
"Mandetta demitido. O novo Ministro da Saúde não tem vivência na Saúde Pública, não tem experiencia no SUS.","Vai lá no lugar,porque o SUS precisa é de dinheiro depois pagar bem aos médicos , médicos que trabalhem e não o que nem olhar para o paciente e diz tome isso! Vergonha do Brasil, dinheiro para malandragem do congresso e STF, e nunca para saúde educação e segurança!!",Mandetta,2,1
"""E o Mandetta, a linha dele, como médico, era voltada quase exclusivamente para a vida"", disse Bolsonaro","ahhh, um médico, ministro da saúde preocupado com a vida... que coisa né minha filha?...",Mandetta,2,0
"""E o Mandetta, a linha dele, como médico, era voltada quase exclusivamente para a vida"" - Jair Bolsonaro, presidente do Brasil",que loucura ele como médico querer cuidar da vida das pessoas né??? q tipo de médico faz isso ta doido,Mandetta,2,0
"""E o Mandetta, a linha dele, como médico, era voltada quase exclusivamente para a vida"" - Jair Bolsonaro, presidente do Brasil","Médico estuda vários anos para cuidar EXCLUSIVAMENTE da vida, Sr. Presidente. #ué",Mandetta,2,0
"Acabo de ouvir do presidente Jair Bolsonaro o aviso da minha demissão do Ministério da Saúde.  Quero agradecer a oportunidade que me foi dada, de ser gerente do nosso SUS, de pôr de pé o projeto de melhoria da saúde dos brasileiros e","Job description da vaga que o Mandetta deixou aberta: tem que ser ministro da saúde, mas tem que ser contra a saúde, contra isolamento, falar que é gripezinha, tratar todo mundo com cloroquina e tem que dizer que eu tô sempre certo. Talkei? Talkei.",Mandetta,2,0
"A maioria esmagadora dos brasileiros é contrária à demissão de Mandetta: 76,2% dos entrevistados discordam do afastamento do ministro da Saúde, segundo pesquisa realizada pelo Atlas Político. Vc concorda com o resultado da pesquisa?   via","Você parece muito inocente, né? Convida o Bolsonaro e o Mandetta para andar em qualquer praça do país, cada um de um lado da praça. Vai lá ver para que lado vai a esmagadora maioria.",Mandetta,1,1
"A maioria esmagadora dos brasileiros é contrária à demissão de Mandetta: 76,2% dos entrevistados discordam do afastamento do ministro da Saúde, segundo pesquisa realizada pelo Atlas Político. Vc concorda com o resultado da pesquisa?   via","E daí? A maioria dos brasileiros também elegeu um novo rumo para o Brasil, mas vocês não aceitam. Senador pare de ficar fazendo perguntinha capciosa baseada em pesquisa batizada e vá trabalhar pelo Brasil! Se vc não faz parte da solução, vc é parte do problema!",Mandetta,2,1
"""E o Mandetta, a linha dele, como médico, era voltada quase exclusivamente para a vida"", disse Bolsonaro",Um médico que se preocupa com a vida... que absurdo! Vocês tem noção que o novo ministro é oncologista né? Morte não é um problema,Mandetta,2,0
"Em sua despedida, Mandetta defende a vida, o SUS e a ciência. Três palavras incompatíveis com o atual governo.",So de vcs defenderem o Mandetta ja é de se desconfiar né mesmo?,Mandetta,1,1
"Tô bem puto com a demissão do Mandetta. A única pessoa consciente dentro do governo e que estava de fato prezando pela saúde do brasileiro. O que o Bolsonaro tá fazendo é um crime, a gente tem que fazer alguma coisa! #ForaBolsonaro #BolsonaroVirus",Vc concordou com a demissão do ministro da saúde Mandetta? #por favor!,Mandetta,0,0
"#Mandetta não é ""herói"". Sempre atuou em favor dos planos privados de saúde. Votou a favor do Teto de Gastos que retirou bilhões do SUS. Foi contra o Mais Médicos e votou pelo golpe. Só não imaginou que sua adesão ao bolsonarismo incluía a negação da ciência. #BolsonaroVírus","tirar bilhões do SUS, votar pelo golpe, ser contra os mais médicos e ser a favor dos planos de saúde não fazem dele um cara científico, pelo contrário.",Mandetta,2,1
"""E o Mandetta, a linha dele, como médico, era voltada quase exclusivamente para a vida"" - Jair Bolsonaro, presidente do Brasil",entao é pro ministro da saúde se voltar mais pra...morte????,Mandetta,2,0
"""E o Mandetta, a linha dele, como médico, era voltada quase exclusivamente para a vida"", disse Bolsonaro",COISA de comunista isso de se importar com a vida. Não pode...,Mandetta,2,0
"""E o Mandetta, a linha dele, como médico, era voltada quase exclusivamente para a vida"" - Jair Bolsonaro, presidente do Brasil","E o que é mais importante que a vida?Por aí ele já acabou de deixar claro que não se preocupa com o ngm morrendo de fome, mas somente com a porra do dinheiro pra elite, colocando o pobre em situações de sobrevida! Esse cara é ridículo e ainda se diz cristão.",Mandetta,2,0
"Ué, tá reclamando? Não foi vc mesmo que o indicou como um nome muito melhor que o Mandetta quando este foi anunciado em 2018? Kkkkkkkkkkk",Não tô entendendo vc?,Mandetta,2,-1
Como brasileiro agradeço o ministro Mandetta por sua atuação firme na Saúde. Por ter desempenhado seu papel ancorado na ciência e nas evidências. Compartilho do sentimento de milhões de cidadãos dizendo muito obrigado por reconhecer seu bom senso e  dedicação.,"Luciano,  bom senso e canja de galinha não faz mal A NINGUÉM!! Neste caso, MENOS É  MAIS!! Mandetta, VAI PARA CASA!!",Mandetta,2,1
"""E o Mandetta, a linha dele, como médico, era voltada quase exclusivamente para a vida"" - Jair Bolsonaro, presidente do Brasil","é estranho mesmo, Presidente. é mega estranho o ministro da SAÚDE ter a linha de pensamento exclusivamente a vida... pelo amor de Deus",Mandetta,2,0
"“Eu escolhi minha equipe por currículo..... ” “Nós temos a defesa da vida, a defesa do SUS e a defesa da ciência” Luiz Henrique Mandetta , Ministro da Saúde do Brasil.","Mandetta não vai aguentar cara, q parada...",Mandetta,0,0
"""E o Mandetta, a linha dele, como médico, era voltada quase exclusivamente para a vida"" - Jair Bolsonaro, presidente do Brasil",Pra quê ministro da saúde comprometido com a vida?,Mandetta,2,0
"A maioria esmagadora dos brasileiros é contrária à demissão de Mandetta: 76,2% dos entrevistados discordam do afastamento do ministro da Saúde, segundo pesquisa realizada pelo Atlas Político. Vc concorda com o resultado da pesquisa?   via","Andou bebendo, ?  Correção:  ""A maioria esmagadora dos POLÍTICOS CORRUPTOS, QUE QUEREM DESTRUIR BOLSONARO E, PARA ISSO, NÃO SE AVEXAM DE QUEBRAR A ECONOMIA DO PAÍS, é contrária à demissão do Mandetta"".",Mandetta,1,1
"""E o Mandetta, a linha dele, como médico, era voltada quase exclusivamente para a vida"", disse Bolsonaro","Então ne, achei que um medico era pra se preocupar com vida mesmo.",Mandetta,2,0
"""E o Mandetta, a linha dele, como médico, era voltada quase exclusivamente para a vida"", disse Bolsonaro","meu Deus , como assim ele era totalmente preocupado com a VIDA DAS PESSOAS????? como você aguentou tanto tempo ao lado desse MONSTRO pró-vida, oh céus???",Mandetta,2,0
"Mandetta não foi e nem é nenhum herói ou santo, mas fez sua obrigação enquanto Ministro da Saúde que é defender a saúde, enquanto o Bolsonaro:","ABSOLUTAMENTE MEDÍOCRE como médico e um bom politico, aliás, amigo do nefasto maia do DEM, precisa mais?",Mandetta,2,1
"""E o Mandetta, a linha dele, como médico, era voltada quase exclusivamente para a vida"", disse Bolsonaro","Pqp, que absurdo o ministro da saúde pensar na vida",Mandetta,2,0
"A maioria esmagadora dos brasileiros é contrária à demissão de Mandetta: 76,2% dos entrevistados discordam do afastamento do ministro da Saúde, segundo pesquisa realizada pelo Atlas Político. Vc concorda com o resultado da pesquisa?   via","Fale por vc e sua turma, a maioria não cara pálida. Saia de cima do muro, pare de hipocrisia! Mandetta se mostrou mais um ser abjeto, contrário ao Presidente , e portanto é inadimissível sua permanencia, e não estou sozinho neste pensamento.",Mandetta,2,1
"Em sua despedida, Mandetta defende a vida, o SUS e a ciência. Três palavras incompatíveis com o atual governo.","Meu deus, vsf otário. Desde qnd o ruralista invasor de terras indígenas, representante da UNiMED defendeu o SUS, a ciência e a vida? Essa esquerda merece a morte.",Mandetta,2,1
"""E o Mandetta, a linha dele, como médico, era voltada quase exclusivamente para a vida"", disse Bolsonaro",É um problema esses médicos q cuidam da vida hein.,Mandetta,2,0
"Em sua despedida, Mandetta defende a vida, o SUS e a ciência. Três palavras incompatíveis com o atual governo.","Com nenhum governo, o senhor quer dizer, né?",Mandetta,2,1
"""E o Mandetta, a linha dele, como médico, era voltada quase exclusivamente para a vida"", disse Bolsonaro","Nossa que absurdo, quem esse ex-ministro da SAÚDE achava que era para se preocupar com vidas?  Parece que tô em um mundo paralelo rodeado de idiotas. Mas aí, eu percebo que é o Brasil no comando do Presidente mais idiota da história.",Mandetta,2,0
"""E o Mandetta, a linha dele, como médico, era voltada quase exclusivamente para a vida"" - Jair Bolsonaro, presidente do Brasil",Foda isso de um médico pensar na vida dos outros né... complicado mesmo,Mandetta,2,0
Mandetta caiu porque evidenciou que o rei estava nu.,"Se a nudez a que vc se refere, está representa pelos cachês milionários que vocês recebiam dos governos petralhas, ele continuará Nu! CHUPA CAMBADA DE ESQUERDOPATAS!!!",Mandetta,2,1
"""E o Mandetta, a linha dele, como médico, era voltada quase exclusivamente para a vida"" - Jair Bolsonaro, presidente do Brasil",até porque é um absurdo um ministro da saúde priorizar a vida,Mandetta,2,0
"""E o Mandetta, a linha dele, como médico, era voltada quase exclusivamente para a vida"" - Jair Bolsonaro, presidente do Brasil",Um ministro da saúde priorizar a vida???? É o fim dos tempos,Mandetta,2,0
"""E o Mandetta, a linha dele, como médico, era voltada quase exclusivamente para a vida"", disse Bolsonaro","É mesmo um absurdo. Pensa comigo: médico, ministro da Saúde, no meio de uma pandemia que contaminou mais de 2 milhões de pessoas e matou quase 150 mil seres humanos, e o cara só pensa em vida. Que inaceitável!",Mandetta,2,0
"""E o Mandetta, a linha dele, como médico, era voltada quase exclusivamente para a vida"", disse Bolsonaro",Eita!!!  um medico a favor da vida? Nao pode!,Mandetta,2,0
"""E o Mandetta, a linha dele, como médico, era voltada quase exclusivamente para a vida"", disse Bolsonaro","Que coisa, um médico, defendendo vejam só, A VIDA",Mandetta,2,0
para de endeusar o mandetta porra da pra ficar puto sem dar palco pra neoliberal de merda não fode,ninguém tá endeusando o cara que queria privatizar o sus minha filha nós só ficamos revoltados pq era o ÚNICO que ainda fazia alguma coisa que preste  nesse governo durante a pandemia,Mandetta,2,1
"Acabo de ouvir do presidente Jair Bolsonaro o aviso da minha demissão do Ministério da Saúde.  Quero agradecer a oportunidade que me foi dada, de ser gerente do nosso SUS, de pôr de pé o projeto de melhoria da saúde dos brasileiros e","Nenhum capitalista gosta de quem trabalha. Ele gosta de um escravo.  E você, era o nosso representante fiel na luta contra um dos maiores ameaçadores da saúde. Você trabalhou muito Mandetta! Só a agradecer.",Mandetta,2,0
"Em sua despedida, Mandetta defende a vida, o SUS e a ciência. Três palavras incompatíveis com o atual governo.","Caralho, Mandetta tava até ontem desmantelando o SUS. Vcs mamam qualquer merda mesmo.",Mandetta,2,1
"""E o Mandetta, a linha dele, como médico, era voltada quase exclusivamente para a vida"", disse Bolsonaro","Um médico q prioriza a vida... Q coisa, né?",Mandetta,2,0
