tweet_1,tweet_2,Tema,Class,Conflict
"#AbortoNao  caramba, eu entrando na TAG e vendo mó galera discutindo bonitinho, com argumentos e dados. Sempre finalizando com um "" não concordo, mas respeito sua opinião""  Isso é o mais bonito de se ver em uma discussão séria, e não apenas um ""vc é homem""( por mais que tenha)",Até 3 meses  #AbortoSim,Aborto,0,0
"#AbortoNAO, STF usurpador de atribuições.","Caros esquerdolóides imb3cis, respondam a este tuíte abaixo. Isso se os neurônios mofados permitirem a compreensão, ou, caso contrário, usem a hipocrisia da sua laia de r3tardados mentais mesmo.   #AbortoSim",Aborto,0,0
Argumentos que usam para serem contra o aborto que “estão” errados — a thread  #AbortoNao #AbortoSIM,#AbortoNao aborto é coisa do diabo,Aborto,0,1
"،    ⌕  ─  vamos fazer um acordo, só opina sobre o que é certo ou não sobre esse caso são as pessoas que tem úteros, okay? Okay. #AbortoSim","Em tempos de tantas dificuldades vem a tona a discussão no STF do aborto em caso de zika vírus. É inegável a importância do tema, sobretudo para as mulheres. Mas tratar uma pauta abortista em meio a tantas mortes?! Temo estar chegando dias de banalização da vida. #AbortoNao",Aborto,0,1
Aborte a sua ignorância e não pessoas !  #AbortoNao  #AbortoNunca,é contra aborto mas é a favor da pena? pfv né...  #abortonao #AbortoSim,Aborto,0,1
Sou contrário ao aborto...#AbortoNao,#AbortoSim meu corpo minha regras ..e ninguém é obrigado a fazer porra nenhuma,Aborto,0,1
Eu tenho o melhor método para esse assunto. Siga os seguintes passos  1- fecha as pernas                E fim #AbortoNao,A real é que muito é Pro-Nascimento não Pro-Vida rss #AbortoSim,Aborto,0,1
"Essa gente é doente, vomita o dia inteiro que esse isolamento indecente é pra salvar VIDAS, mas apoiam a morte no útero. HIPÓCRITAS.  #AbortoNao",Parabéns aos abortistas de merda por ajudar subir a tag! #AbortoNao,Aborto,0,0
Não assassine o seu filho #AbortoNao,eu vou olhar os replys contrários a #AbortoNao e pelo menos 40% é fancam de kpop tentando lacrar,Aborto,0,0
"Sabe qual é a diferença entre   Assassinato &amp; Aborto?  Exatamente, nenhuma!   #AbortoNAO",Queria dizer que #abortosim,Aborto,0,1
Mas de novo essa questão de aborto gente? Pq cada um não cuida da sua vida e deixa a MULHER decidir o que fazer com a vida e o corpo DELA!!?? #AbortoSim,A escolha é nossa! #AbortoSim,Aborto,0,0
Quem não é mulher e nem sabe o que é uma dor de um parto não pode opinar sobre aborto #AbortoSIM,#AbortoNao Caralho isso é assacinato,Aborto,0,1
#AbortoSIM  Meu corpo e eu decido o que eu faço com ele Vamos quebrar as amarras que a sociedade tenta nos colocar,"Há muita hipocrisia vinda desses pró vida. Ao meu ver é melhor um feto morto que uma criança passando fome, sendo abusada, agredida, enfim... #AbortoSim #AbortoNao",Aborto,0,0
"diz que é contra o aborto, pq é a favor da vida, mas é o primeiro a falar: bandido bom é bandido morto, rsrsrs #AbortoSim",Grupo sobre o auxílio emergencial no whatsapp. Ainda tem vagas    #AbortoNao  #samsungbbb  #LiveDoRevela  #TheFourBrasil  #festabbb  #MOTS7_Re_Comeback   REMEMBER PRIOR  #AuxilioEmergencial,Aborto,0,0
"Para quem são a favor do aborto, É só fecha a pernas porra!  Ou usa métodos contraceptivos. #AbortoNao",oq ta rolando q subiram essa tag #AbortoNao,Aborto,0,0
#AbortoNao ou #AbortoSim simples e so da o cu nao engravida,"Esses esquerdopatas, Quando a mãe deles estavam grávidas dos mesmos, infelizmente não era aprovado o direito de aborto. Fazer o que, né? #AbortoNAO",Aborto,0,0
"Pra quem acha que o aborto é legal aborta e matar um feto, faça assim, pega um vídeo da operação e veja como que é, aí vc vai notar o quão errado é isso, vc acha certo um médico ESTOURAR a cabeça de um feto e remover pedaço por pedaço usando uma pinça..  #AbortoNao","Essa mania do brasileiro de ir  acostumando-se com tudo que lhe é imposto, está trazendo cada vez mais o socialismo para o país. A última que estão tentando empurrar goela abaixo é aprovação do aborto.  #AbortoNao",Aborto,0,0
#AbortoNAO  O mais curioso de tudo é que 100% das pessoas que defendem o aborto já tiveram seu direito de nascer. Aborto nada mais é do que um assassinato cruel e covarde de um inocente indefeso!,Tem que ser muito desumano para defender #AbortoSIM  Apoie a vida e diga #AbortoNao,Aborto,2,0
Seja mente aberta mas não ao ponto do seu cérebro caí no chão. #abortoNao,"Sobre essa questão do #AbortoNao ou #AbortoSIM, vamos começar com uma questão básica? Pra validação do argumento, vocês sabem a diferença entre ser a favor da legalização do aborto e a favor do aborto?",Aborto,0,1
"#AbortoSim. Aborto é o caralho, pensa em se prevenir antes de transar, caralho! Aborto opcional é só em caso de estupro ou anencefalia. Se você concorda em assassinar um feto, que é um ser vivo, que pode agonizar em dor, e que quando sofre o aborto é envenenado. Você é um mostro",gosto pacas dessa # estar nos trendings do Brasil.. tá mais do que certo #AbortoSim,Aborto,0,1
Aborto não é método contraceptivo!antes de escolher seu macho escroto se proteja #AbortoNAO,"É isso ai, #AbortoNao",Aborto,2,0
"Você quer defender #AbortoNao? Saiba que SE for aprovado, aborto NUNCA seria obrigatório. Faz a mulher que quer + reduziria índice de morte por aborto clandestino + reduz abandono parental + reduz número absurdo de crianças esperando por adoção.  #AbortoSIM",#AbortoNao aborto nunca!!,Aborto,0,1
"#AbortoNunca foi da sua conta homem escroto, se eu quiser aborta eu vou #AbortoSim","oi gente não é sobre ser a favor do aborto é sobre sua legalização mulheres já abortam, mas poderiam fazer isso sem arriscar suas vidas #AbortoSim",Aborto,0,0
Quem usa a #AbortoSim deveria dar o exemplo e SE abortar.   #AbortoNão,"Os do contra falando que somente homem que está usando #AbortoNao !  Sou mulher , profissional da Saúde na área de obstetrícia, não pronunciei meu juramento a toa não , e optei SIM pela vida!  #AbortoNao #AbortoNao #AbortoNao",Aborto,1,0
"Pra quem tá vivo e é a favor do aborto, deveria ter sido abortado. #AbortoNao","Volto aqui para pedir para os machos q estão opinando contra a legalização, para que leiam sobre o assunto (leiam textos de mulheres, n de outros homens) E percebam que é uma questão de saúde pública, n de caráter Ngm acha legal abortar, mas a legalização é necessária #AbortoNao",Aborto,0,1
"ABSURDO!!!  Enquanto estamos lutando pela vida dos brasileiros que estão sofrendo fisicamente, psicologicamente e economicamente com a pandemia. O STF mostra suas garras contra a vida de quem ainda nem nasceu.  A vida humana não pode estar na mão de 11 ministros.  #AbortoNao","#AbortoNao  É mais facil não dar pra vagabundo do que abortar né, ja viu alguma mulher abortar filho  de artistas ou homens ricos ??",Aborto,0,0
povo discurtindo entre #AbortoSim  #AbortoNão  e eu só queria o #PINTOAWARDS,"#AbortoSim ai amigas, homens fazendo escolhas em assunto que não cabem a eles, usando religião como argumento, parece que as pessoas se prendem tanto no mundo delas e querem ter prisioneiros, titi, sinceramente cansada, ate quando isso?????",Aborto,0,0
Como as pessoas não conseguem ver que o aborto é um assassinato cruel ??? #AbortoNao,"Os que vivem gritando por direitos humanos, são os mesmos que apoiam o aborto (assassinato de bebês). O que tem na cabeça dessa gente?    #AbortoNao",Aborto,0,0
Sobre #quarentena  #AbortoNao  é necessário dizer: #STFVergonhaNacional,"#AbortoSim e cuida da tua vida, das tuas escolhas, do teu corpo. Segurança, saúde e liberade de escolha pra mulher, vai impactar 0% da TUA vida. Feto não sente dor até 24° semana de gestação e não te interessa se ela quer dar, qual método e quem ela é. Seu intrometido hipócrita.",Aborto,0,1
"Porque em uma democracia a maioria decide, e não 11 urubus.  #AbortoNao","Ser a favor do aborto vai contra tudo o que eu acredito, então EU jamais faria, mas vivendo em um país LAICO, não posso e nem devo interferir e opinar nas escolhas de outras pessoas, então se VOCE é contra apenas não faça e cale a boca. #AbortoNao #AbortoSIM",Aborto,0,1
"Para o #AbortoNao acontecer deveriam estar sendo feitas mais  campanhas para o uso de preservativos, os pais deveriam ensinar aos filhos sobre educação sexual e os homens e as mulheres deveriam ter consciência das consequências de praticar atos sexuais sem camisinha +","leia concordo com o seu posicionamento, porém, nao",Aborto,2,-1
se homem ficasse gravido o aborto ia se um mandamento da biblia   #AbortoSim,se a punição do aborto fosse também para o pai... aí sim estariam eles na rua dizendo #AbortoSim,Aborto,2,0
"se a mulher que decide, seja sensata e  decida não engravidar, prevenção é que não falta, de resto, um bando de militantes doente.#AbortoNao",#AbortoNao  quem assim o defende é tão assassino quanto.,Aborto,0,0
#AbortoNao não entendo a razão de culparem a mulher por escolherem abortar  pensava que o problema em si era o homem estuprador e muitos métodos contraceptivos que não são eficazes,"OMS desde que seja saúde de quem interessa .Aí vem os sábios opinadores do twitter dizer que os brancos ricos é que são contra o aborto .E os chefões da OMS,o partido comunista chinês , as fundações como Bill e Melinda Gates e tantos outros tiranos globais são pobres ??#AbortoNao",Aborto,0,0
"Temos hoje milhares de mulheres morrendo ou adquirindo doenças graves, por causa de abortos feitos em locais não apropriados, com materiais mal higienizado e por pessoas que não são médicas. O aborto já devia ser legal a muito tempo. #AbortoSim","Sem contar que a proibição do aborto afeta diretamente a população de baixa renda, pois são justamente essas pessoas que não tem dinheiro para abortar em uma clinica de aborto que cobra absurdos para realizar o procedimento clandestinamente. #AbortoSim",Aborto,1,0
"#AbortoNAO É uma outra vida. Não quer ter filhos, previna-se, não saia assassinando.","Esses esquerdopatas, Quando a mãe deles estavam grávidas dos mesmos, infelizmente não era aprovado o direito de aborto. Fazer o que, né? #AbortoNAO",Aborto,0,0
#AbortoNao se mata que não vai ter filho!,O Amor venceu a imoralidade do aborto! #AbortoNao,Aborto,0,0
Isso    #AbortoNao,"Se a mulher tiver o direito de abortar o feto, o homem tem o direito de pelo menos abandonar o feto? #AbortoSim #AbortoNao",Aborto,0,0
Não temos o direito de tirar a vida de um inocente! #AbortoNao,"#AbortoSim acho que as mulheres que decidem, não os homens. sem falar que a maioria delas são estupradas, isso fode com o piscicológico delas. ter um filho é ter responsabilidade gente, muitos pais aí colocam um filho na terra e não dão o carinho e o amor que eles merecem . --",Aborto,0,1
"""vocês que usam a tag #AbortoNao são exatamente isso:"" mulheres abortistas são exatamente isso:",KJKKKKKKKKKKJKKKKKKK esse vídeo é TUDO vsfKJKKKKKKKKKKKKKKK,Aborto,2,0
"Já questionei várias vezes, mas até agora nada.  Sabem de algum caso em que a mulher abortou o filho de um jogador de futebol?  #AbortoNao!","Cara, os doentes do #AbortoSim usam os mesmos argumentos que poderiam ser usados em relação ao suicídio: ""meu corpo minhas regras"" ""assassinar o bebê pra não crescer em um mundo injusto"" e balblablas..  Aos abortistas sugiro exatamente isso, afinal, morto não aborta  #AbortoNao",Aborto,1,0
"se tem uma coisa que mexe comigo é essa discussão sobre legalização de aborto. quem não é mãe, não sabe a responsabilidade que é criar um filho, tudo que acontece com o mesmo é culpa nossa, é uma pressão enorme e nem se fala do cansaço! por isso eu sou a favor do #AbortoSim",Só lembrando q sem útero n opina #AbortoSim,Aborto,0,0
"Que me desculpem, mas mulheres que sobem a tag #AbortoSIM são aquelas q querem ""distribuir"" pra todo mundo sem a preocupação de ter que criar um filho, ou as que querem ter certeza de que quando cansarem de brincar de casinha com o macho, não vão precisar levar nada.  #AbortoNao","Dizem que homens não tem lugar de fala, mas como pessoa que quase foi abortada no nascimento é impossível apoiar isso #AbortoNao",Aborto,0,0
"A direita gosta de copiar os EUA. Pois então, lá desde 1973 o aborto é LEGAL. Questão de liberdade e privacidade, nada de ""comunismo"" mas liberalismo puro. Ser a favor da legalização não quer dizer que você faria, mas sim defender que quem quer faça de modo SEGURO #AbortoSim","#AbortoSim LEGALIZAÇÃO JÁ!!! e pau no cu de quem não concordar, o Estado NÃO tem que colocar a porra de uma lei no MEU ÚTERO. Quem discordar pode vir aqui onde eu moro criar e sustentar as crianças q n tem dinheiro pra comprar um sukita",Aborto,0,0
#AbortoSim e se vier contestar falando de religião eu vou mandar tomar no cu,Uma sociedade desumana atrai a ira do Criador. #AbortoNao,Aborto,0,1
#abortonao = 30k de tweets #abortosim = 2k e meio. Recomendo pararem de brigar sobre isso. O duelo já foi decidido.,"#AbortoSim assassinas e assassinos que não foram abortados querendo prostituir a vontade e se engravidar só assassinar...geração hipócrita e debil mental,por isso a maioria de vcs são gente feia e sem estudo,incapazes,derrotados e infelizes...",Aborto,0,0
"#AbortoSim A legalização do aborto garante que você possa ter opção de escolha. Se você não faria, não faça! Mas não tire a opção da coleguinha  next",A vida pertence a Deus. Ele a gera no ventre e só ele pode interrompe-la. #AbortoNao,Aborto,0,1
"Independente se vc é do time #abortosim ou #abortonão, ou ainda fica pedindo #monarquiaja, se quiser saber de dicas para #emagrecer, é só me acompanhar, rsrsrs!  #humor #saúde",#AbortoNao bando de abutres do Stf,Aborto,0,0
"#AbortoSim se for pra colocar filho no mundo e deixar solto na rua sem ter um pingo de responsabilidade, que faça o aborto","Então, aborto seguro é quando a aborteira vai junto #AbortoNao",Aborto,0,1
"Aborto sim #AbortoNao não é o caralho, n é seu útero fique quieto","Ser pró vida é naturalmente louvável, independente da religião, mas é  nojento ver cristãos defendendo o aborto.  #AbortoNAO",Aborto,0,1
"é engraçado que quando você pergunta para os homens se eles são a favor do aborto, mesmo em caso de estupro, eles dizem que não... mas os dados mostram que: a maioria dos homens abandonam namorada/esposa depois de um estupro, quem dirá criar a criança #AbortoSim","O corpo é da mulher e ela faz o que  Quiser com ele , não são homens que decidem isso beleza ?? #AbortoSim",Aborto,0,0
"#AbortoNao eae homem q é contra o aborto, ja pagou a pensão do filho q tu nem faz questão de visitar ou vai esperar a justiça vir cobrar?",Quem usa a #AbortoSim deveria dar o exemplo e SE abortar.   #AbortoNão,Aborto,0,1
"Boa noite com #AbortoSim e quem não quiser fazer não faça, queremos apenas o direito de escolha.",Matar uma criança pode? alguém sair a rua é crime? #AbortoNão #AbortoNao,Aborto,0,1
"Seguinte, sou contra o aborto e é por isso que não vou abortar! Vocês q engravidam e não querem filhos q se resolvam! #AbortoNao","Surreal gente, to vendo muitos perfis defendendo o aborto até com 26 ou 27 semanas( 7 meses galera) SURREAL, sem palavras. Esse bebê prematuro abaixo nasceu com 26 semanas, vcs tem noção, isso é um assassinato cara, me parte o coração    #AbortoNao",Aborto,0,0
"As feministas que são a favor do aborto achariam legal um casal querer abortar pelo simples motivo do feto não ser um menino, sonho deles, mas veio uma menina. Seria certo assassinar essa menina por era ser menina, em nome da liberdade absoluta da mulher...?","Você acha que com quantas semanas vai rolar o aborto? Com 20? Kkkkkkkk, amiguinho, o aborto ocorreria antes das 12 semanas, após isso não ocorre aborto. O sexo ainda não é possível de identificar nesse período. Minha esposa está grávida, qual gestação você acompanhou? kkkkkk.",Aborto,1,1
#AbortoNao   𝔼𝕄  ℝ𝔼𝕊ℙ𝔼𝕀𝕋𝕆  𝔸  𝕍𝕀𝔻𝔸,#AbortoNao aborto não  é  método  anti concepcional,Aborto,0,0
Fazendo um approach mais religioso da parada do #AbortoSim e #AbortoNao :  - Quando você aborta você devolve um espirito. Uma alma. Você abortando por querer ou não. Isso pode gerar diversos tipos de espíritos perturbados que vão acompanhar o seu futuro filho e atrapalhando+,"#AbortoSim e se vc não tem útero, cala a boca",Aborto,0,1
"Tenho certeza que a galera do #AbortoNao nunca, NUNCA, parou pra ler do que se trata. Aborto é questão de saúde da mulher. Tem que ser discutido, mas como sempre querem cagar regra.","#AbortoNao! Isso jamais! Se não quer, não faz!",Aborto,0,1
"Já que homem não pode opinar, vai ai a opinião de uma mulher: #AbortoNao",O mais ridículo desse tweet é os pró-aborto dizendo para o moço pró-vida que se ele é homem não pode opinar. Aí chega uma mulher pró-vida e eles criticam sua opinião  A opinião DELA! Preciso falar mais alguma coisa para tornar-se perceptível a falta de credibilidade dessa gente?,Aborto,2,0
"Simples, se a mulher não quer, ela não é obrigada a ter #AbortoSim","E por acaso o feto é gerado no saco escrotal do homem? Ah não, pera, é no útero feminino né... Macho não opina sobre aborto... Vai cuidar do filho q vc nunca deu atenção, da pensão q vc não paga, da sua masculinidade frágil e tóxica e deixa o corpo da mulher em paz. #AbortoSim",Aborto,0,0
"Agressão é objetivamente errado. Todos indivíduos possuem direito a vida, propriedade e liberdade, inclusive o bebê.   Nenhum indivíduo é dono de corpo alheio, principalmente a mãe. Não é ético e muito menos legítimo matar bebês.   Mude a minha opinião.  #AbortoNao #AbortoSIM","Maluco vem falar de ética, sendo que parte do discurso do mesmo é repleto de sexismo e autoritarismo e o princípio básico do liberalismo que é o indivíduo ter plena liberdade para decidir sobre as suas escolhas sem sofrer coerção social do estado ou de outro indivíduo.",Aborto,2,1
"Sou contra o aborto, mas a favor da mulher poder escolher!!!!!#AbortoSim",Twitter coloca o sim do mal 6000 frente mas #AbortoNao 41000. Indecoroso,Aborto,0,-1
Olha só! Realmente eu n tinha observado da perspectiva do seu umbigo,"Não iria responder mais... Meu umbigo? Quem mesmo está olhando só pra si? mulher vai, transa com um canalha sem qualquer proteção, engravida, não quer a cria, e resolve abortar, pelo bem da criança ou pq olha para o próprio umbigo? O que quero é salvar vidas. #AbortoNAO",Aborto,2,1
"#AbortoSim foda ver homens se posicionando contra o aborto com o argumento de q isso é coisa de vadia irresponsável, sendo que a grande maioria abandona a mulher quando ela diz estar grávida. não adianta se dizer ""pro-vida"" sendo que vc nem assumiu seu filho. fica com deus irmão.","FALA QUE O BOLSONARO É ASSASSINO, MAS É A FAVOR DO ABORTO.  VOCÊ QUE É A FAVOR PODERIA NEM ESTAR LENDO ISSO, SABIA? COMO SEMPRE A ESQUERDA SENDO A ESCÓRIA DA SOCIEDADE #AbortoSim",Aborto,0,1
"#AbortoNao qual o intuito dessa hashtag? mano tem um cara com uma mansão linda do caralho, dai vc diz para ele destruir essa mansão, quebrar tudo que há nela. a não ser que a porra do imóvel não seja seu, nem te diga respeito, VOCÊ NãO PODE DIZER O QUE FAZER OU NÃO!","Aborto não,  #AbortoNAO",Aborto,0,1
"Ao invés de erradicar a pobreza, vamos matar crianças, bem mais fácil! #AbortoNao","#AbortoSim. Vendo as opiniões contrárias, parece que todos os métodos são 100% eficazes e que estupro é algo que não acontece. Acho o aborto mais digno do que uma mãe ter um filho sem vontade e sem amor.",Aborto,0,1
CHEGA! #AbortoNAO,#AbortoNao   𝔼𝕄  ℝ𝔼𝕊ℙ𝔼𝕀𝕋𝕆  𝔸  𝕍𝕀𝔻𝔸,Aborto,0,0
#abortoSIM e se vc discorda pode me dar unfollow boa noite,As crianças são o maior bem de qualquer nação #AbortoNao,Aborto,0,1
Mas colocar uma criança no mundo pra sofrer também é covardia. #AbortoSIM,Que tal deixar a criança decidir se ela quer viver?#AbortoNao,Aborto,1,1
''A nação que aprova o aborto é inimiga de Deus.''  (São João Paulo II) #AbortoNao,Usar religião como argumento pra ser contra o aborto é a uma das coisas mais baixas e nojentas que eu vejo na Internet  #AbortoSim,Aborto,0,1
Mulher é estrupada a sociedade “tb olha a roupa dela” Mulher solteira engravida sociedade “tb abriu as pernas” Mulher aborta “assassina”  FAZEMOS O Q BEM ENTENDER C NSS CORPOS E N VAI SER 18 HOMEM Q VAO ESCOLHER SE É CRIME OU NÃO  #AbortoNao é #AbortoSim,Cada um com as suas escolhas #AbortoSim,Aborto,0,0
As pessoas que são pró morte dizem - Tem que matar pq.. é menos um pobre Como se a maioria daqui tbm não fosse e estão vivinhos enchendo o saco Dizem Não vai sentir dor se viver pobre vai sofrer + Vocês se mantam quando sentem dor somente pra sofrer menos? Hipócritas #AbortoNAO,"#AbortoNao Para casos extremos como gravidez por estupro ainda resta a oportunidade de se dar a criança para adoção, não é pq ela é vinda de um ato desgraçado que não pode se tornar uma pessoa virtuosa. Não é justo matar um inocente, pq fazer duas vítimas de crimes horrendos?",Aborto,0,0
"Juridicamente estamos sem saída. Game Over. O Estado pode violar os direitos fundamentais, é o que decidiu o STF nessa tarde.","Pra que existe essa porra de constituição,  se ninguém a respeita, ou melhor o único que respeita é o Presidente!!! #AbortoNao",Aborto,2,0
"#AbortoSim porque quem tem dinheiro vai abortar de todo jeito, enquanto quem não tem pode morrer tentando.  ABORTO É QUESTÃO DE SAÚDE PÚBLICA",EU AMO ESSES TWEETS! CONTINUEM GALERA! O QUÊ VCS FAZEM É EXTREMAMENTE NECESSÁRIO.,Aborto,2,0
"Votamos no Bolsonaro, mas quem dá as ordens no país é o STF. O STF decidiu que quem irá liberar ou não a volta do povo ao trabalho será o Estado ou município.  Cadê o cabo e o soldado.?",STF lixo.  Só trás insegurança jurídica para o país.  #AbortoNao,Aborto,2,0
#AbortoNao Quem apoia o aborto já nasceu!,"aborto não é questão moral, mas questão de saúde pública, se voce é não a legalização do aborto saiba que você está sendo conivente com a morte de milhares de mulheres.  #AbortoSim #AbortoSim",Aborto,0,1
"#AbortoSim Eu lembro quando eu engravidei, foi tudo muito desesperador..pensei em abortar? Sim, pensei várias vezes! Até tomar a MINHA DECISÃO de criar minha filha. Gente, por favor não somos ninguém e não podemos julgar nada! Hoje sou muito feliz cm ela(+)",#AbortoNao Vai usar camisinha putedo,Aborto,0,1
tanto tempo q nao entro no tico e teco #Riverdale #BBBAEliminação #BocaRosaBeauty #AbortoSim Mc Davi Annita Lula e Rihanna Camila Cabello,Quem coloca #AbortoSim deve dar graças a Deus que a mães deles aderem ao #AbortoNao...  Comecem a honrar a decisão de suas mães...,Aborto,0,0
Vamos falar a verdade. Todas que abortaram e todos que incentivaram cometeram ASSASSINATO. E agora querem que seja permitido em lei.....  ahhh bandidos! Não passarão #AbortoNao,PSOL é  a favor desta abominação?  A Vida é o Bem Maior #AbortoNao,Aborto,0,0
"Em meio à pandemia e palavras de todos em preocupação com as vidas, o STF resolve deliberar sobre aborto. Os humanistas que se alimentam de fetos já lambem os lábios.  #AbortoNao",Esses bairristas são sórdidos #AbortoNao,Aborto,1,0
"Aborto é assassinato, é matar um ser humano que não tem culpa de nada. Ele merece viver. #AbortoNao","“A mulher que aborta é uma de nós. Ela é a sua irmã, ela é a sua vizinha, ela é a sua filha ou a sua mãe”, define Débora Diniz. A classe social não interfere na decisão. “Pobres e ricas, todas abortam”, afirma a professora.   #AbortoSim",Aborto,0,1
"As feministas que são a favor do aborto achariam legal um casal querer abortar pelo simples motivo do feto não ser um menino, sonho deles, mas veio uma menina. Seria certo assassinar essa menina por era ser menina, em nome da liberdade absoluta da mulher...?","Claro que não seria certo. Temos métodos contraceptivos aos montes. Elas deveriam colocar a língua ""dentro da boca"" para na próxima encarnação não sofrerem do que defendem.",Aborto,1,0
Vamos subir #AbortoNao .  STF quer aprovar medida em plena pandemia.,Parem de gracinha seus comedores de lagosta às custas do dinheiro alheio. Nem tentem aprovar essa aberração. Estamos ligados.  #AbortoNAO,Aborto,1,0
"E sim, é um feto e não um bebê. Um feto não tem seu cérebro desenvolvido, nem o sistema nervoso centra nem nada que possa fazer com que ele sinta dor. A partir do monte em que ele possa sentir dor e tem um cérebro não se faz um aborto #AbortoSIM",Antes de tirar seu filho do seu ventre você deve passar por psicólogos para conversar com eles e ver se isso realmente é algo que você queira fazer ou apenas está nervosa e com medo #AbortoSIM,Aborto,1,0
#AbortoNao só tem homem idiota querendo mandar no que a mulher deve ou não fazer skskskksksksks as vezes queria suicidar minha memória para não relembrar isso,"Se não quer engravidar é só utilizar alguns dos vários métodos anti-concepcionais existentes, é uma covardia fazer isso com um inocente,mas se mesmo assim ainda quiser abortar eu espero que a mulher também morra lentamente na hora do aborto. #AbortoNao",Aborto,1,1
Fora aborto #AbortoNao,#AbortoSim Sem vagina  Sem opinião,Aborto,0,1
"Que decepcionante acordar e ver a tag #AbortoNao. Primeiro que o corpo é da mulher e ela tem sim, DIREITO e mesmo que fosse um homem ele também teria. Nem todos tem condição de cuidar de um filho. E fala sério, o feto NÃO SENTE NADA. Já foi comprovado isso.",Então volta no tempo e pede para te abortar!,Aborto,2,1
"""Fica em casa, nada é mais importante que a Vida, não pera vamos aproveitar e mudar a lei do aborto."" Não você não está ficando louco esse é o STF que agora legisla e dita a vida no Brasil! E a esquerda xingando o Bolsonaro de ditador! #AbortoNao",Pela vida.#AbortoNao,Aborto,2,0
"homem não tem que opinar na nossa decisão, vocês não dão a luz e muito menos passam 9 meses carregando na barriga, tem muita criança na rua passando fome e frio, porquê vocês não vão ajudar quem realmente tá precisando e param de opinar na decisão da mulher. #AbortoSim #AbortoNao",Se homem engravidasse o aborto seria permitido. #AbortoSim,Aborto,0,0
"Não se pode relativizar o valor da vida em decorrência da idade. Isso vale para o cálculo utilitarista que entende que a morte de idosos, na pandemia, é algo natural, mas também para os que aproveitam o momento de crise para pautar a legalização da morte de fetos. #AbortoNao",Educação sexual para decidir. Contraceptivos para não abortar. Aborto legal e gratuito para não morrer!  #AbortoSim #NenhumaAmenos,Aborto,0,1
Ai gente temos sempre que reforçar #AbortoSim,#AbortoNao  ABORTO SIM,Aborto,0,0
Sou contrário ao aborto...#AbortoNao,"#AbortoNao O aborto tem q ser permitido, pra evitar q crianças cresçam em ambientes onde não são amadas, vivem passando necessidades e acabam sofrendo grandes traumas!  #AbortoSim",Aborto,0,1
"Por que a extrema-imprensa esconde do público o julgamento marcado pelo STF sobre aborto? É cúmplice na estratégia de esconder a importantíssimo decisão, utilizando o caos gerado pela quarentena?  Querem aprovar o aborto na surdina?  #AbortoNao",pfvr aprovem mesmo,Aborto,2,1
"Mulher tem o direito de tudo mesmo, mas não é por isso que temos que tirar uma vida ! #AbortoNao",#AbortoNao Temos que salvar vidas nao só no corona mas a vida que está pra chegar também.,Aborto,0,0
As mesmas pessoas que defendem #AbortoNao são aquelas que são contra educação sexual nas escolas levando(as crianças e adolescentes) a ter DST e gravidez na adolescência resultando no aborto do feto  A hipocrisia e a ignorância desse povo é de cair o c# da bunda,"As pessoas tentam colocar a culpa do sexo desregrado na falta de educação sexual, como se nenhum adolescente não soubesse que sexo dá prazer e que isso engravida.  O sexo desregrado é fruto de uma má formação familiar. A justificativa de falta de educação só é aceitável +",Aborto,2,1
#AbortoNao.  Sim à vida,Vemos o grau de degradação moral quando algo óbvio como a preservação da vida é colocada em pauta para discussão. Que Deus tenha misericórdia de nós.. #AbortoNao #AbortoSim,Aborto,0,0
Esquerda sempre apoiando genocídio  #AbortoNao,"Aborto sim, porque ninguém tem o direito de ditar regras sobre o nosso corpo. Até porque a maioria não é pró vida e sim pró nascimento, depois a mãe e o bebê que se dane. Aborto sempre vai existir, o que queremos é o direito de termos um aborto seguro. #AbortoSim",Aborto,0,1
MANO FODASSE Q É ASSASSINATO QUANTO MENOS CRIANÇA NESSA PORRA MELHOR TEM Q ABORTAR MESMO #AbortoSim VTNC NA MORAL ODEIO CRIANÇA CHORANDO EM FILA,"De abortista eu só gosto da distância . Não tem diálogo com quem concorda com a ideia de matar um ser inocente, independente do motivo que seja! #AbortoNAO",Aborto,0,1
A esquerda irresponsável é contra a vida! #AbortoNao,"Essa mania do brasileiro de ir  acostumando-se com tudo que lhe é imposto, está trazendo cada vez mais o socialismo para o país. A última que estão tentando empurrar goela abaixo é aprovação do aborto.  #AbortoNao",Aborto,0,0
"#AbortoNunca ninguém é obrigado a seguir o seu código moral. Legalizar o aborto bão significa todo mundo abortar, significa menos mulheres mortas. #AbortoSim","#AbortoNAO STF serve pra soltar vagabundos, defender corruptos, proibir o cidadão à legítima defesa e permitir matar bebês indefesos! Cumpre bem a agenda  socialista e globalista! Objetivo de destruir nossa sociedade!",Aborto,0,1
"Varios métodos de evitar uma gravidez indesejada, mais as imbecializadas preferem matar. #AbortoNao",eu vou olhar os replys contrários a #AbortoNao e pelo menos 40% é fancam de kpop tentando lacrar,Aborto,0,0
"Rapaz e um povo sem noção mesmo.  Pedido a morte de criança, mas incapaz de defender a cura do Corona vírus através da medicação. Hipocrisia. Vcs são um lixo #AbortoSim #AbortoNAO",#AbortoNao STF aproveitando o momento.,Aborto,0,0
"#AbortoSim KKKKKK so pq eu apoio o aborto n significa q eu qro abortar seus mentes fechadas do caralho, so quero q a mulher q queira abortar tenha direito e segurança ao fzr isso, se chama sororidade e empatia, coisas q a maioria do povo brasileiro não tem",Errado não tá..  #AbortoSim #AbortoNao,Aborto,0,0
eu tô rindo tanto com esses bagulho kkkkkkkkkkkkk vsf  #AbortoNAO,#AbortoNao  SIM A VIDA E NÃO AO ABORTO!!,Aborto,0,-1
"Temos uma suprema corte assassina, no meio de uma pandemia onde aspirantes a  ditadores  falam em preservar vidas, aí vem uns parasitas do STF querer meter o aborto guela abaixo dos cidadãos de bem. Vão a merda STF.  #AbortoNao",Eu não a favor e não faria #AbortoNao porém existem o livre abitrio e nesse caso sou a favor da legalização #Abortosim,Aborto,0,1
"Todo mundo que apoiava a escravidão era livre, todo mundo que apoia o aborto já nasceu.   Falam em ""aborto seguro"". Pergunto, para quem? Afinal, o bebê sempre morre. #AbortoNao","Mas é claro q é pra mata o feto, se fosse pra deixar vivo a mulher n ia aborta",Aborto,2,1
#AbortoNao Diga não!!!,"Mano, tava vendo essa hashtag #AbortoNao e ela é tão ridícula quanto absurda.   #AbortoSim  #AbortoSim  #AbortoSim",Aborto,0,1
"Nenhuma sociedade civilizada permite que um ser humano intencionalmente prejudique ou tire a vida de outro sem punição. O aborto não é uma forma de contracepção, mas assassinato. Quem defende essa monstruosidade está fazendo apologia e deve responder criminalmente. #AbortoNao!",Não poderia concordar mais. É assassinato de bebês. #AbortoNao,Aborto,1,0
"#AbortoSim  Mas quanta pretensão  Vocês nem sabem se vão sobreviver ao COVID-19, quiçá engravidar pra depois abortar  Faz-me rires baldes",Na hora de sentir o leitão quente na barriga é bom né ? Assassina #AbortoSim,Aborto,0,0
GLOBOBELEZA PREFERIU COLOCAR PILHA NA FESTINHA DE M...BOTAR O PAÍS EM RISCO P/ EMBOLSAR GRANA DA PUBLICIDADE DA CERVEJARIA AMBEV  #FicaEmCasaMandetta #coronavirus  #Covid_19  #AbortoNao  #ForaMandetta #PrimeiroDeus    #STFVergonhaNacional,"Mano, q q  tu tem a ver com o filho da mulher? Cuida do seu próprio útero #AbortoSim",Aborto,0,0
"Defender o #AbortoNao você não salva ninguém. Entenda que o aborto já existe e se a mulher quiser fazer ela o fará, o que elas querem é apenas a legalização de algo que mata várias todos os dias.  Estão atrasando algo que um dia será legalizado, e vocês sabem disso... #AbortoSim","""Tu formaste o íntimo do meu ser e me teceste no ventre de minha mãe.""  Respeite a vida!   #AbortoNao",Aborto,0,1
“DEIXE-ME VIVER”  TODAS AS VIDAS IMPORTA / ALL LIFE MATTERS (no to abortion)  #AbortoNao,"#AbortoNao e agora, se morre o vírus é letal,  se ficarem vivos o vírus é só uma gripizinha,  se tomarem a hidroxicloroquina, Bolsonaro tem razão.",Aborto,0,0
Se não quiser é só não abortar simples #AbortoSim,"só lembrar que ninguém é a favor do ATO do aborto, mas sim da LEGALIZAÇÃO dele. muitas mulheres em situação de vulnerabilidade social morrem em clínicas clandestinas e é isso que a legalização visa evitar #AbortoSim",Aborto,0,0
Governador de São Paulo utiliza decreto de calamidade pública para dispensar licitação de RADARES no estado de São Paulo! É inaceitável que  utilize essa crise para alimentar a indústria da multa em nosso estado.   É uma vergonha para São Paulo! #ForaDoria,. Dória é um traíra almofadinha e mau caráter. O bom dessa crise é que abriu os olhos do povo. #ForaDoria. #AbortoNao #AbortoNunca.,Aborto,2,0
Todos que são a favor do aborto já nasceram. Não mate uma uma pessoinha indefesa. #AbortoNao,#AbortoSim   Brasil proíbe: agora está tudo resolvido  Clínicas clandestinas:,Aborto,0,-1
"a descriminalização do aborto é pra que ele seja feito de forma segura, vc sendo a favor ou nao ele vai continuar sendo feito, caralho  #AbortoSIM",As tags #AbortoSim e #AbortoNao viralizaram no Twitter  O que vcs acham,Aborto,0,0
"aborto NÃO é uma questão religiosa e moral, é dar as mulheres direito sobre seu corpo e sua vida, é defender mulheres negras e pobres de abortos clandestinos pq eles acontecem e muito, é uma questão de SAÚDE PÚBLICA. NOSSOS ÚTEROS SÃO LAICOS. #AbortoSim",Um crime contra a VIDA. #AbortoNao,Aborto,0,1
Sejam felizes com TODAS as escolhas que vcs tiverem #AbortoSim,#AbortoSim Aborto seguro para as mulheres. Aborto não é nenhuma outra questão senão unicamente saúde pública.,Aborto,0,0
#AbortoNao  Aborto não,Aqueles lixo que sai matando estudantes nas escolas deveriam fazer isso em clinica de aborto! Belo e moral. Só poupar as faxineiras e tal. #AbortoNao,Aborto,0,0
uma bacteria fossilizada em um cubo de silício em marte é vida mas um embrião ligado as funções vitais do corpo de uma mulher não? #AbortoNAO,"A mesma turminha do "" mais amor, por favor"" "" Fique em casa, preserve a vida"" é a mesma que vem defendendo o aborto aqui no Twitter . #AbortoNao",Aborto,0,0
"Momento desapropriado com desculpas previsíveis para o stf decidir sobre o aborto, mas segue nossa opinião! #AbortoNao #AbortoNunca",#AbortoNao nessas horas que dá vergonha de ser homem... só homem falando merda nessa tag,Aborto,0,1
"#AbortoNao Engraçado que vocês só se importam com as crianças, enquanto estão na barriga. Depois fingem que elas não existem, apóiam trabalho infantil, chamam de vagabundos, e se entram no mundo do crime por causa da vida merda que teve, querem a morte deles. #AbortoSim por elas.","Aborto envolve muito mais coisas...fora que só a mulher tem direito de opinar, ""aí não usou camisinha"" GENTE TODOS OS MÉTODOS NAO SÃO 100% EFICAZ ENTÃO NEEEE, além deq uma coisa que precisa parar urgente é envolver religião c questão social. Aborto iria sim melhorar muitas coisas",Aborto,2,0
#AbortoNao é decisão de ninguém além da mulher que está considerando.,#AbortoSim #AbortoNao  É gente eu só sou a favor a legalização do aborto em casos bem específicos e complexos como por exemplo A mulher está gravida e não quer ter o filho,Aborto,0,0
Não há nenhuma mãe ou pai de filho com zika tuitando #AbortoNao. Fim.,"#AbortoNao #AbortoSim  Gente de vdd, bora cada um cuidar da própria vida e parar de encher o saco ? Tipo de vdd mesmo, n quer ter filho usa camisinha é os mercados contraceptivos, n são 100% mas a probabilidade de erro é quase 1% então tipo, Ceis tem que ser muito fudido  pqp",Aborto,0,1
Aborto não é método contraceptivo!antes de escolher seu macho escroto se proteja #AbortoNAO,"Respeito sua opinião, mas acho uma opinião burra",Aborto,2,1
"Bem interessante ver o pessoal a favor do isolamento social para salvar vidas, ser a favor do aborto. #AbortoNao",Já terminou de tweetar #AbortoNao homem branco favorável ao porte de armas?,Aborto,0,1
"Acho que devemos pensar nos dois lados da moeda , porque talvez você não queira , mais talvez o pai quer  ou pode ser totalmente ao contrário , não vamos generalizar gente , acho que cada um tem que ter sua opinião depende de qual seja ela , briga por isso é ruim pra vc#AbortoNao","o corpo,a vida é da criança nao é direito da mãe decidir isso ok?#AbortoNao",Aborto,0,1
"- Apesar de Cientistas Esquerdistas Comunistas das Federais confirmarem que a Cloroquina não é eficiente contra o Corona vírus! - Devo lembrar a todos, que as primeiras naves a pousarem na lua, usavam cloroquina como combustível! - Explica essa cientistas! #FatosCloroquina","Senador  em um ato terrorista e ditatorial ─ afinal ele é fiel as suas raízes marxistas ─ quer tirar do indivíduo a possibilidade de escolher se quer ser tratado ou não com a cloroquina, nos primeiros sintomas de vírus chinês. #PerigosaSociedadeDemoníacaBrasileira",Cloroquina,0,0
"Doria disse que SP não vai seguir o protocolo do ministério da saúde para receitar cloroquina no inicio dos sintomas de covid-19. O sujeito agora além de ditador, também é um genocida.","O negócio dele é filmar suas coletivas para usar na campanha em 2022. Aumentar o número de mortos , para usar na campanha e o que ele fez. Lógico de certo.  Porquê arrebentar a economia ele vai omitir com certeza.",Cloroquina,2,0
Qual é a cloroquina da sua profissão?,As pessoas perguntando vc sabe chorar? Quando vou te ver na Globo?,Cloroquina,2,0
Qual é a cloroquina da sua profissão?,"A propria, junto com “tem dipirona generico sem dipirona?”",Cloroquina,2,0
"O MS muda o protocolo e recomenda o uso da cloroquina e hidroxicloroquina. No documento, o próprio governo afirma que não há garantia de cura e que o medicamento pode até levar à morte. O pior de tudo é o paciente ter que assinar um termo de consentimento.",Esse governo é realmente de matar!,Cloroquina,2,0
"“Ainda bem que a natureza criou esse monstro chamado coronavírus para que as pessoas percebam que apenas o Estado é capaz de dar a solução”. Lula, hoje. “Quem é de direita toma cloroquina, quem é de esquerda, tubaína”. Bolsonaro, hoje também.  Meu ouvido não é penico, senhores.","Doe os ouvidos, quando essas duas aberrações abrem a boca!",Cloroquina,2,0
"Apresentei um projeto de decreto legislativo p/ sustar o novo protocolo do  que recomenda uso precoce da cloroquina em pacientes com #Covid19, enqto não houver estudos científicos que comprovem sua eficácia. O presidente não deveria fazer uso político de algo tão sério.",Esse é o fracassado candidato a Presidência... Ele quer proibir você de optar por tomar a Cloroquina....  Lembre que esse ser... é do  mais um partido a ser boicotado nas próximas eleições...  #BolsonaroTemRazao  PSDB de  Não se esqueçam...,Cloroquina,2,1
"Enquanto grandes líderes fazem grandes discursos em defesa da saúde da população, com palavras buscadas na ciência, aqui o Bozo, para defender, a #Cloroquina usa uma frase de para-choque de caminhão, algo do tipo ""pior do que perder é nunca ter..."" #ImpeachmentdoBolsonaroURGENTE",Caralho eu acordei MT engraçado hj Qm for de direita toma cloroquina e quem for de esquerda toma tubaina,Cloroquina,0,0
"Entidades médicas já se posicionaram contra a medida e a OMS, quando questionada sobre a decisão do governo brasileiro, reafirmou que além de não ter eficácia comprovada, a cloroquina pode causar efeitos colaterais graves.","Eu já havia me arrependido de ter votado em você a 8 anos atrás, com esta sua atitude, impiedosamente comunista, realmente você nunca mais terá meu voto! Você pensa que é quem? Caso vc contraia o vírus, correrá para o Albert Einstein, para tomar HCQ, não é? E o pobre? HIPÓCRITA.",Cloroquina,2,1
"Serra propõe projeto de decreto que suspende novo protocolo da cloroquina    QUANDO MENOS SE ESPERA, SERRA APARECE... E OS PROCESSOS CONTRA ELE, COM A GRAÇA DA JUSTIÇA,CONTINUAM ENGAVETADOS!","Falta aparecer a Marina,calma,ela vai se superar,e além de pedir pra cancelar o protocolo,ela vai pedir a prisão do bolsonaro,e dos médicos ,que derem a cloroquina.kkk",Cloroquina,1,0
Qual é a cloroquina da sua profissão?,Jornalismo não precisa de diploma / professor é tudo vagabundo,Cloroquina,2,0
"Se a cloroquina der certo, foi graças ao Bolsonaro, se der errado, foi vc que assinou o termo de consentimento.","Não tem nenhum risco, gente!  Dá errado.",Cloroquina,2,0
"Vi no Jornal da Globo uma descrição dos efeitos colaterais da Cloroquina e da Hidroxocloroquina.  A partira daí,  parece que é melhor dar um tiro na própria cabeça do que usar esses medicamentos. Não sei como o pessoal que usou para combater a malária sobreviveu.",Essa é a mídia que mata sem remorso !!,Cloroquina,2,0
"Bolsonaro: ""Direita toma cloroquina e esquerda toma Tubaína""  Lula: ""Ainda bem que a natureza criou o monstro chamado coronavírus""  As frases e a realidade do País comprovam que devemos escolher lideranças éticas, equilibradas e competentes. Chega da busca de salvadores da pátria",Se você não quiser tomar cloroquina nem tubaina vc toma o que então seu insentão ?,Cloroquina,1,1
"Se vc encontrar alguém que diz que a cloroquina ou hidroxicloroquina não vai curar quem estiver com o virus, mostre isto  #BrasilComBolsonaro",Médico se cura com a tal cloroquina. Mas ela não presta pro povo. Alguma coisa tem de estar por baixo disso daí!,Cloroquina,2,0
Deflação é bom.,"Sobre deflacão, é compreensível. Sobre a cloroquina, não tem estudo demonstrando a eficácia direta da mesma sobre o vírus em seu estágio inicial? (Mesmo um estudo da USP, se não me engano)",Cloroquina,1,0
"""Seja bobo mas não seja besta"" (ditado mineiro). Por amor ao seu coração e pela clareza de sua visão nunca, jamais faça uso do medicamento Cloroquina. Médicos e cientistas afirmam sobre sua ineficácia qto à Covid 19.",Militalizaram o fake tbm?Militar nomeado no SUS publicou fake news sobre cloroquina e ofendeu OMS  via,Cloroquina,0,0
"Olha aí  , continue lutando pelo bem do povo em várias frentes, equilibrando saúde e economia, é o que precisamos que um presidente faça, tome decisões em tempo. Portugal, não teve efeitos colaterais . A esquerda e os opositores mentem .",A cloroquina não é de esquerda e nem de direita. É uma esperança para todos nós.,Cloroquina,2,0
"Apresentei um projeto de decreto legislativo p/ sustar o novo protocolo do  que recomenda uso precoce da cloroquina em pacientes com #Covid19, enqto não houver estudos científicos que comprovem sua eficácia. O presidente não deveria fazer uso político de algo tão sério.","Vai a  serra ninguém é obrigado a tomar, toma quem quer, não gosto de desejar o mal de ninguém, mas gostaria de ver pessoas como esse senhor pegar o vírus chinês, só pra ver se não iriam tomar a cloroquina.",Cloroquina,1,1
"O asno tentou MODIFICAR a bula da cloroquina? E isso não estarrece o mundo? É de uma gravidade tão gigantesca que devia bastar, mas pelo visto não basta... só notinhas e repúdio e nada mais.",Ainda mais depois do vídeo da bióloga pesquisadora desmontando os médicos em entrevista na CNN. O cara usou dinheiro público pra fabricar a tal da Cloroquina e agora que enfiar no povo.,Cloroquina,1,0
"A Justiça nega a divulgação do receituário do gov socialista e tirano do estado de Pernambuco, mas obrigou o presidente  a divulgar o resultado dos seus exames e laudos que atestavam a não contaminação por Covid 19.   Alguém duvida que tem cloroquina receitada aí?",Mostra a receita  qual o medo seu fuleiro? #EuApoioBolsonaro,Cloroquina,2,0
"Alô irmãos(ãs), paulistas. O governador do estado de vocês, disse que não permitirá a distribuição da Cloroquina no Estado de São Paulo. SAIBAM: a decisão de usar ou não o medicamento, tem que ser única e exclusivamente de VOCÊS. NÃO DESSE PUTO aspirante a ditador! LEVANTA SP.",Ditadorzinho de bosta,Cloroquina,2,0
"Mesmo que quiséssemos, sabe quais são os problemas para prescrever Cloroquina COM SEGURANÇA em todo o país? Segue esse fio e acompanhe a história de Seu Jair, um paciente hipotético do mundo real. (Fio Hipotético tá? Não jogamos nossos Diplomas no lixo ainda não)",Olha o fiozinho aí pra vcs #foracloroquina,Cloroquina,2,0
"Caralho, o Mandetta tá falando que o Bolsonaro queria que ele assinasse um documento pra mudar a bula da cloroquina NA ANVISA!","Lembrou agora, foi?",Cloroquina,2,0
Qual é a cloroquina da sua profissão?,"Profissão 2: modelos são só Matemática, não é Ciência ¬¬",Cloroquina,2,0
"Olha aí  , continue lutando pelo bem do povo em várias frentes, equilibrando saúde e economia, é o que precisamos que um presidente faça, tome decisões em tempo. Portugal, não teve efeitos colaterais . A esquerda e os opositores mentem .","A hidroxicloroquina só faz mal no Brasil, ou melhor, na canhota brasileira.",Cloroquina,2,0
a criança chata do cuscuz com ovo é bolsominian ainda,esse mlk nao deve saber nem é oq é cloroquina meu Deus do céu alguém precisa parar os pais tóxicos,Cloroquina,2,0
"“Redução dos glóbulos brancos, disfunção do fígado, disfunção cardíaca e arritmias”",Eu vou rir muito quando a mídia tiver que desfazer toda essa fala sobre cloroquina... Vai ser ilarário,Cloroquina,1,1
"Se Cloroquina fosse a solução, o mundo inteiro não estaria gastando milhões de dólares em pesquisas. Mas o imbecil do Bolsonaro e sua claque acham que o problema é com ele.","Nao,nao existe provas que a #Cloroquina é a cura,mas tu tomava chá de bordo quando ficava doente; a ciência provou que curava/aliviada a doença? Nao,mas tu tomou ne? #COVIDー19 #Bolsonaro",Cloroquina,0,1
"Bolsonaro quer liberar o uso da cloroquina para pacientes com covid-19, você é a favor ou contra?","Mais uma coisa que a maioria do povo mimimi de ser perigoso ou não... Cloroquina já é usado no tratamento a malária há 70 anos Ou seja não faz mal.,.",Cloroquina,1,0
"Apresentei um projeto de decreto legislativo p/ sustar o novo protocolo do  que recomenda uso precoce da cloroquina em pacientes com #Covid19, enqto não houver estudos científicos que comprovem sua eficácia. O presidente não deveria fazer uso político de algo tão sério.","Não usem mascaras pessoal. A OMS hora recomenda, hora diz q não é eficaz",Cloroquina,2,1
"Apresentei um projeto de decreto legislativo p/ sustar o novo protocolo do  que recomenda uso precoce da cloroquina em pacientes com #Covid19, enqto não houver estudos científicos que comprovem sua eficácia. O presidente não deveria fazer uso político de algo tão sério.","Responda aí,se caso o Sr. contraia o covid-19, tomará ou não o cloroquina?",Cloroquina,1,1
#grandedebate médicos de hospitais privados usam cloroquina e azitromina em larga escala. Estão errados?,"Em que momento surgiu a Cloroquina? Quais pacientes foram CURADOS do covid-19 pelo uso do remédio? Por que outros países não utilizam no tratamento?  Alguém sabe me explicar, tô meio confusa aqui.",Cloroquina,0,0
KKKKKKKKKKKKKKKKKKKKKKKKKKKKKKKKKKKKKKK MINHA MAE COMPROU CLOROQUINA KKMMMMMMMMMMKK,vei mostra aquele video do menino do cuscuz com ovo cantando cloroquina pra sua mae e pede pra ela opinar sobre,Cloroquina,1,0
Os Bolsominions só vão acreditar que a Cloroquina não presta quando a OMS alertar que um dos efeitos colaterais é a vontade de dar o cu.,"""No dia em que o Brasil atingiu a marca de 1000 mortes em 24h, Bolsonaro fez uma piada”  JAIR BOLSONARO ""Quem for de direita toma cloroquina. Quem for de esquerda toma Tubaína.""  ESSE É O PRESIDENTE QUE DEBOCHA DA DOENÇA E DAS MORTES NO PAÍS",Cloroquina,0,0
"Bolsonaro: ""Direita toma cloroquina e esquerda toma Tubaína""  Lula: ""Ainda bem que a natureza criou o monstro chamado coronavírus""  As frases e a realidade do País comprovam que devemos escolher lideranças éticas, equilibradas e competentes. Chega da busca de salvadores da pátria","Ética ? Quem é ético aqui? Existem os falsos, mas éticos.... Bolsonaro fala a verdade q qquer do povo fala. Vcs querem criminalizar um remédio q funciona no mundo, mas pq? Pra ajudar a China, o globalismo nojento ou o remdesivir, do globalista nojento do soros?",Cloroquina,2,1
"Gente, rapidinho aqui... Quem acredita em signo pode zoar quem acredita em Cloroquina?",Dúvida nossa aqui,Cloroquina,2,0
CARA DE QUEM TEM NOJINHO DE COLOCAR A LÍNGUA NA CLOROQUINA...,"Aí não dá né l  , esse tem cara que que pegar a cloroquina usando meias do pato donalds !",Cloroquina,1,0
"Amigo, tu q deve estar de brincadeira. Esse ""praticamente"" faz toda a diferença. Se não fosse por esse ""praticamente"", o mundo não estaria sofrendo essa pandemia.  E se a cloroquina fosse eficaz, já teria estudo (sério, publicado e verificado pelos pares) comprovando isso.","Formado em letras...vou te mandar uma poesia pra dar opinião sobre o que entende, até lá, deixe a cloroquina pra minha classe que estudou medicina.",Cloroquina,1,1
"EU TOMO CLOROQUINA A 16 ANOS, É MUITO PERIGOSA, NÃO DEVIA SER LIBERADA, BOLSONARO É IRRESPONSÁVEL.  UAHDAUSHDUHDHAUSUSDHA o tipo de gente que frequenta os comentários da Gorda do Psol.",Será que ela tem noção do que disse?,Cloroquina,2,0
"primeiro foi a bel para meninas e agora os pais irresponsáveis do joao davi que obrigam uma CRIANÇA DE 6 ANOS a fazer um video sobre política e com uma cartela de cloroquina na mão. façam alguma coisa com esses pais que usam os filhos pra ganhar fama, isso é sério!",mdss em que pais estamos vivendo?,Cloroquina,2,0
Desconfie de médicos que não querem te receitar com a cloroquina.,"Falar uma merdinha e se desculpar, é uma coisa; agora falar muita merda e fazer várias cagadas em apenas 1 ano e meio e ser inútil em 30 anos, é tudo de pior! Vá tomar sua cloroquina ou vá para os EUA patriotas de merda!",Cloroquina,0,1
"Meu pai teve malária 7 vezes e minha mãe, 10 vezes. Isso aconteceu nos anos 70 e eles foram tratados com cloroquina. Sequelas ou efeitos colaterais? No caso deles, nenhum! Aos 84 anos, meu velho manda dizer que esse terror todo em volta do medicamento é ""conversa fiada""!","Que loucura! Um pastor indicando remédio no Twitter! As pesquisas sobre a covid-19 são recentes, os resultados ainda incertos... e até uma criança sabe que a diferença entre remédio e veneno é a dose. As doses de cloroquina testadas na covid-19 estão muito mais próximas da letal.",Cloroquina,1,1
"Uma análise do protocolo do Ministério da Saúde sobre o uso precoce da HCQ/Cloroquina no #Covid_19 . Ele é uma afronta ao pensamento científica e a medicina séria, que se importa com as vidas em jogo",Sigam o fio e entendam o tamanho da irresponsabilidade e crime de usar a Cloroquina indiscriminadamente.,Cloroquina,2,0
"Não se apresentou eficaz. Ainda na semana passada, em contraponto a Cloroquina, surgiu um estudo com três medicamentos (basicamente um ""coquetel"") que apresentou dados interessantes sobre a eficácia. Deixarei os links abaixo. Estudos em saúde que tem dados milagrosos (5/...)","Ou no mínimo espetaculares como tem se visto nos estudos de Cloroquina, tendem a ter um viés muito grande. Não é um fato, mas uma observação a respeito. (6/6)",Cloroquina,1,0
Estão politizando a utilização da Cloroquina e isso é muito sério,"Rodrigo, imagina se com o uso da Cloroquina reduz-se drasticamente a curva de infectados? É exatamente isto que tentam evitar",Cloroquina,2,0
"Chioro diz que protocolo da cloroquina serve para sabotar o isolamento social. Ricardo Barros: ""Concordo que não há comprovação científica de que ela é eficaz, mas tbm não há comprovação de que não é"" #Debate360","Ñ há comprovação científica de q Viagra é eficaz contra o covid, mas tbm ñ há comprovação de q ñ seja",Cloroquina,2,0
"O  pediu que a Câmara convoque o ministro interino da Saúde para explicar sobre a ampliação do uso da cloroquina. Queremos que Eduardo Pazuello explique os estudos que subsidiaram sua decisão, considerando que não há nada comprovado quanto à eficácia do medicamento.","Isso aí, vamos proibir cloroquina e liberar cocaína porque nóis é piçol.",Cloroquina,1,1
OMS: muitos países limitaram o uso da cloroquina.,Muitos países qtos? Quais? Muitos países liberaram o uso da cloroquina!,Cloroquina,1,1
"Muito bem, Folha","André tu é ridiculo... Um vigarista que quebrou o País e levou junto a saúde.. E vc coloca a comparação, com uma pessoa que briga pra colocar um remédio pra tentar salvar gente!! Fique em casa e se por acaso pegar o resfriado não peça cloroquina...",Cloroquina,1,1
Cloroquina é igual ingresso pra jogo do Vasco. Tu pega aquilo ali mas não tem garantia nenhuma que vai dar certo e os efeitos colaterais podem ser desastrosos para a saúde,Crl kkkkkkk,Cloroquina,2,0
"Não dá para fazer brincadeira, né? 1.179 mortes em 24 horas e fazer piada com cloroquina ou tubaína!","Cristiane vcs estão brincando desde 01:01/2019, agora vem com esse papo. Vcs são cegos para os outros da esquerda e críticos com a direita. Nesses 16 anos de roubo do PT, estavam onde????",Cloroquina,2,1
"exato, tipo: minha tia tem quase 50 anos e defende o uso da cloroquina. deve saber tanto quanto o menino do cuscuz","Cloroquina cloroquina, cloroquina de Jesus, não sei se vc sabe, mas se tomar vai ver Jesus.",Cloroquina,1,0
"A verdade às vezes se esconde no óbvio. A eficácia da cloroquina contra o Covid19 pode ser contestada. Mas se a droga fosse tão maléfica à saúde quanto querem uns, ela não estaria sendo utilizada há décadas. Vamos ser razoáveis pessoal.",Nem seria vendida sem prescrição médica antes da pandemia.,Cloroquina,2,0
"Eliseu, fazendo a conta com números de hoje: Suécia com 10.230.000 habitantes teve até o dia 20/05 3.831  mortes por Covid19, arredondando 383 mortes por milhão. Reino Unido 66.736.000, com 35.704 mortes, ao redor de 540 mortes por milhão. Quem teve mais mortes por milhão?","Ninguem prova que fechar pessoas em casa diminui o numero de vitimas, ninguém é capaz de desqualificar cloroquina, amigos meus trataram-se e se curaram c ela, mas um monte de gente quer ferrar o Presidente que está tentando abrir e aconselha o medicamento. Isto está provado.",Cloroquina,2,1
"Apresentei um projeto de decreto legislativo p/ sustar o novo protocolo do  que recomenda uso precoce da cloroquina em pacientes com #Covid19, enqto não houver estudos científicos que comprovem sua eficácia. O presidente não deveria fazer uso político de algo tão sério.",Você perdeu pra Dilma. Não tem lugar de fala.,Cloroquina,2,1
"Ah, então, segundo o grupo Globo, o motivo pra não se usar a cloroquina é porque ela “tem riscos!”  Façam o favor, pessoas estão morrendo!  Vocês já leram a bula da aspirina?",Eles não estão nem aí pros riscos.... o único risco e eles perderem o $ fácil! #STFVergonhaNacional    podres,Cloroquina,2,0
ELE NÃO ESTA ERRADO. SÓ UM IMBECIL MORRERIA SEM TOMAR A CLOROQUINA. A CIÊNCIA É UMA CONSEQUÊNCIA DO ESTUDO DO HOMEM. NÃO ESQUEÇA SE PRECISAR NÃO QUERO QUE MORRA... PEÇA O REMEDINHO DO BOLSONARO.,E pq o deputado do PSL q estava fazendo uso da cloroquina e internado na Unimed morreu ???,Cloroquina,1,1
Tem gente achando que a cura é a cloroquina. Deixa eles testarem pra ver se dá certo...,"A cloroquina tem ajudado sim no tratamento, já é usada por vários países.   E se caso vc não quiser tomar, não use jovem, vc é livre... Fique a mercê da sorte.",Cloroquina,1,1
"""Não há provas da eficácia da cloroquina.""  Ora, também não há prova da eficácia de quarentenas/lockdowns.  Por que num caso é exigida prova científica absoluta, e no outro, não?","Eu acho que é o paciente que tem que escolher a tomar ou não a cloroquina, não o  nem o",Cloroquina,1,0
"Vi no Jornal da Globo uma descrição dos efeitos colaterais da Cloroquina e da Hidroxocloroquina.  A partira daí,  parece que é melhor dar um tiro na própria cabeça do que usar esses medicamentos. Não sei como o pessoal que usou para combater a malária sobreviveu.","Em vez de acabar com a própria vida, temos que acabar com a Globolixo.",Cloroquina,2,0
Minha indignação só aumenta. Nojo demais dessa anta que tá na presidência. Pqp!!!! Q ódio!   OMS diz que cloroquina pode causar efeitos colaterais e não tem eficácia comprovada no tratamento da Covid-19,Texto faz ressalvas para a falta de comprovação científica na eficácia do composto no tratamento.,Cloroquina,0,0
"Apresentei um projeto de decreto legislativo p/ sustar o novo protocolo do  que recomenda uso precoce da cloroquina em pacientes com #Covid19, enqto não houver estudos científicos que comprovem sua eficácia. O presidente não deveria fazer uso político de algo tão sério.",Vc está ficando gagá mesmo. Não se meta onde vc não entende. Fique em quarentena e se pegar covil-19 tome o que vc quiser. David Uip tomou cloroquina.,Cloroquina,1,1
Estou completamente traumatizado depois desses dias sem conta e ter que ficar no Instagram enquanto isso. Sigo muitos médicos e fisioterapeutas. E lá tá uma desinformação absoluta. Médico figurão com milhões de seguidores e dono de curso dizendo que cloroquina mata Foi de chorar,"E Cloroquina Mata mesmo, quando você, por ""apelo"" político, faz um estudo bosta em que ao invés de salvar a vida dá uma overdose para seus pacientes.   Canalhas, nunca vou esquecer isso.",Cloroquina,1,0
"- Dias difíceis. Lamentamos os que nos deixaram. - Hoje teremos novo protocolo sobre a Cloroquina pelo  .  - Uma esperança, como relatado por muitos que a usaram. - Que Deus abençoe o nosso Brasil.",Já viram algum Presidente como o nosso??? Eu também não!!!  #BolsonaroTemRazão,Cloroquina,2,0
"Cloroquina liberada, exige que todo e qualquer paciente assine um termo de responsabilidade e tem nota dizendo NAO HÁ ESTUDOS QUE COMPROVE SEUS BENEFÍCIOS - isso mesmo que você leu.","Nossa, isso é ser muito cara de pau! sem palavras. Tinha que enfiar um tubo de cloroquina o r do bozo.",Cloroquina,1,0
"Bolsonaristas criam 'corrente do bem' e se medicam com cloroquina, azitromicina e antipulgas",Eu me achando burro por não entender astrofísica e logo em seguida leio um negócio desses. Sabe... dá até uma levantada na autoestima pensar que posso estar um pouco acima da média.,Cloroquina,2,0
Pesquisadora desmonta a farsa da cloroquina de forma avassaladora diante de médicos,"Você vão matar as pessoas que estão com malaria, este terrorismo desgraçado com cloroquina... Não quem não quiser não toma ou toma tubaína.",Cloroquina,1,1
"O protocolo do Ministério da Saúde, sobre o uso precoce da hidroxicloroquina, pode estar com as horas contadas. Os burocratas do STF devem barrá-lo, pois ‘faltaria comprovação da ciência’. Seria a mesma ciência usada por Celso de Mello quando diz, ‘mulher não nasce mulher’?","Pior é que essa tal ciência criou o #VirusChines. Essa mesma ciência criou também cloroquina! Malditos são os burocratas brasileiros, que preferem ver pessoas morrendo, a assumir um papel responsável e permitir que vidas sejam salvas!",Cloroquina,2,0
"O  divulgou nesta quinta assinaturas ao documento que autorizou novas regras para uso da #cloroquina. O documento, divulgado ontem, foi complementado com as assinaturas de sete secretários da pasta, mas não do ministro interino, Eduardo Pazuello.","Porque o Ministro não assinou, quem assinou é médico????",Cloroquina,2,0
Qual é a cloroquina da sua profissão?,O plano de desenvolvimento pessoal do Ítalo Marsilli.,Cloroquina,2,0
Qual é a cloroquina da sua profissão?,Meu pai tem empresa há 81618 anos e não terminou nem o fundamental,Cloroquina,2,0
"Se o STF barrar o protocolo da cloroquina, a prerrogativa da receita continua sendo do médico.  Caso você ou alguém da sua família forem infectados e você não é uma besta comandada pela extrema imprensa, peça que receitem.",Vdd d . Zélia,Cloroquina,2,0
"O Brasil ganhou mais uma esperança no tratamento do #coronavírus. O  adotou um novo protocolo para receita da cloroquina/hidroxicloroquina. O medicamento, que já é adotado em diversas partes do mundo, é considerado o mais promissor no combate à Covid-19. Entenda:","alô  , tem um pessoal aqui espalhando Fake News descaradamente. Fake news que pode matar muita gente.",Cloroquina,2,1
"Hoje  tomou uma atitude corajosa, que salvará milhares de vidas: liberou o uso da cloroquina pra todos os casos de COVID-19 no SUS, mesmo os leves  Basta o paciente autorizar o uso do medicamento, que tem se mostrado muito eficaz em diversas partes do mundo",Tô esperando I número do CRM do cidadão pra poder saber há quanto tempo ele trabalha na área!!!!,Cloroquina,2,1
"Então, o protocolo da cloroquina tem que ser 100% eficiente e não apresentar nenhuma reação???? Pense nisso. Confira","Luiz Henrique Mandetta sendo digno em telefonema ao vivo com a Globo News. ""nao há nenhum estudo que recomende o uso ambulatorial (da cloroquina)"".",Cloroquina,0,0
Qual é a cloroquina da sua profissão?,Biologia né? Vai ser pro professor,Cloroquina,2,0
"Hoje  tomou uma atitude corajosa, que salvará milhares de vidas: liberou o uso da cloroquina pra todos os casos de COVID-19 no SUS, mesmo os leves  Basta o paciente autorizar o uso do medicamento, que tem se mostrado muito eficaz em diversas partes do mundo",Presidente  Quer acabar a farra desses governadores e prefeitos inescrupulosos?  Libere os remédios para as farmácias de todo Brasil! É isso que está mantendo a população refém desses governadores ditadores nos estados e municípios!,Cloroquina,2,0
Entenda novo protocolo para uso da cloroquina contra Covid-19,BOMBA! CHINA ESTÁ USANDO CLOROQUINA PREVENTIVAMENTE  via,Cloroquina,0,0
"Bolsonaro quis alterar bula da cloroquina, diz Mandetta",gente??????????????????????,Cloroquina,2,0
Qual é a cloroquina da sua profissão?,o Tom Filho,Cloroquina,2,0
1179 mortos nas últimas 24 horas e esse é o nível da live hoje.,enfiar cloroquina no olho do seu c*,Cloroquina,2,1
"- Ainda não existe comprovação científica, mas sendo monitorada e usada no Brasil e no mundo. Contudo, estamos em Guerra: “Pior do que ser derrotado é a vergonha de não ter lutado.”  - Deus abençoe o nosso Brasil.",O senhor vai ser responsabilizado por cada morte por uso do Cloroquina!,Cloroquina,1,1
"“Redução dos glóbulos brancos, disfunção do fígado, disfunção cardíaca e arritmias”","Esse remédio matava a mais de 70 anos e ninguém foi culpado,quem será q autorizou a venda desse veneno nas farmácias sem receita médica? Será que esse ódio todo da cloroquina é só porque Bolsonaro está do lado dele? Acho que está na hora do presidente ser afavor das drogas.",Cloroquina,1,1
"Apesar das preocupações médicas, da ausência de comprovação científica e da afirmação da sua ineficácia pela OMS, o governo decidiu criar um protocolo de altíssimo risco para aplicação da cloroquina e hidroxicloroquina em pacientes em todos os casos para tratar da Covid-19.","Bolsonaro está construindo a propria cela, cavando a própria cova política. Falta de aviso prévio não foi. Pra um homem que não mandou ninguém lavar as mãos, que não rogou a nenhum brasileiro atleta que cuidasse dos idosos, a ambição da cloroquina fala mais alto.",Cloroquina,1,0
O  vem trabalhando em coordenação c/ o  p/ trazer da Índia hidroxicloroquina e seus insumos. Após conversa minha c/ o Chanceler indiano obtivemos liberação de 1000 kg de hidroxicloroquina que chegam ao Brasil esta semana. Estamos negociando novos envios.,1 tonelada de cloroquina... pqp o intrigante é que os Eua não quer roubar esse santo remédio como fez com os respiradores...,Cloroquina,2,1
"Bolsonaristas criam 'corrente do bem' e se medicam com cloroquina, azitromicina e antipulgas","""corrente do suicídio coletivo""",Cloroquina,2,0
Agora cada médico receita a cloroquina quando bem entender. Pau no cu do Doriana.,#CloroquinaNasFarmacias Ou aparato COMUNISTA encravado em Hospitais Publicos e Fundações.Vai SABOTAR. Comunista mata sorrindo,Cloroquina,2,0
Maldito desgraçado Dória ....  . Veja o relato desse aviador:,Relato de um Aviador que fez durante ANOS uso da Cloroquina,Cloroquina,2,0
"Mandetta: Bolsonaro queria alterar a bula da Cloroquina para inserir indicação para COVID, mesmo sem comprovação da eficácia.","Não há limites para essa gente do desgoverno Bolsonaro. Queriam alterar/pôr na bula do remédio sem comprovação científica ""indicação para Covid"".",Cloroquina,2,0
"Se eu testar positivo para covid 19, minha mãe e irmãs estão cientes não autorizo o uso de cloroquina em meu tratamento",Cardinot é mais um imbecil que quer empurrar a legitimidade sem viés científico da cloroquina goela abaixo do cidadão pernambucano que é desinformado.,Cloroquina,0,0
Já repararam que é só combater os espalhadores de fake news que os bolsonaristas se sentem ofendidos nas redes sociais? Curioso como vestem a carapuça.,É por causa dos efeitos da cloroquina que eles tem esse tido de atitude agressivos.  se matem bolsominions.,Cloroquina,2,0
"#ForaDoria Pensou que eu não tinha guardado esse vídeo, né?","Dória traiu Bolsonaro, traiu a população de SP, não deixa aplicar cloroquina, que já salvou muitas vidas.  nem para vereador ganha mais. #LulaTorcePeloVirus #BolsonaroTemRazao",Cloroquina,2,0
pra eu cancelar a lana só ela defendendo a reabertura dos serviços não-essenciais e o uso da cloroquina contra o covid sem respaldo científico pode bater na minha família não me importo,"pra eu cancelar a lana só ela vindo na minha casa bater no meu cachorro e na minha família, e mesmo assim se for na minha irmã eu ainda passo pano pra ela",Cloroquina,2,0
"PRESIDENTE, QUÊ GOSTA DE FAZER PALHAÇADA EM CIMA DA DOR DO POVO , SEM SAÚDE, QUE PRESTA, UTI, BEM FEITO, PARA QUEM TOMA TUBAÍNA, NÃO TEM DINHEIRO PRA TOMAR COCA COLA,E VOTOU NELE. Quem é de direita toma cloroquina,  e de esquerda, Tubaína"", diz Bolsonaro","Tá me dando uma agonia ver quem defende a questão “Cloroquina/Hidroxicloroquina”, “tem que liberar, usa quem quer” .. da vontade de sair explicando um pouco, mas não tenho forças pra discutir com quem tem a mente fechada pra informações novas/corretas",Cloroquina,0,0
"A pandemia em Manaus acabou, o número de mortos diminuiu drasticamente e isso não dá audiência.","O mal fez sua caminhada e está naturalmente se indo. Se fosse em tempo receitado a cloroquina, como defendeu o PR, muitos teriam se salvado.",Cloroquina,2,0
"o mais triste são as pessoas julgando o menino, gente ele não sabe nem oq ta fazendo muito menos oq é cloroquina",n precisa ter muito cérebro pra pensar q uma criança desse tamanho não faz IDEIA do que que ta acontecendo ali. se tu pergunta pro mlk q q é cloroquina ele vai achar que é uma heroína da marvel,Cloroquina,1,0
"Esquerda mete o pau na cloroquina, mas toma na hora do aperto.  Esquerda mete o pau no capitalismo, mas ganha dinheiro com ele e usufrui de todas as suas benesses.  Que nome damos a isto?","hipocrisia é pouco, devia existir um programa que detectasse comunistas/socialistas e negasse todos os benefícios do governo.",Cloroquina,2,0
pra eu cancelar a lana só ela defendendo a reabertura dos serviços não-essenciais e o uso da cloroquina contra o covid sem respaldo científico pode bater na minha família não me importo,"pra eu cancelar a lana só ela vindo na minha casa bater no meu cachorro e na minha família, e mesmo assim se for a minha irmã eu ainda passo pano pra ela",Cloroquina,2,0
"nao de palco pra anta, n merece sua explicação. deixa ela, na hora q ela ver o bicho pegar pro lado dela ou da familia, ela recorrera ao cloroquina isso e fatuuu, ninguem quer morrer por falta de ar nos pulmoes kkkkk","Dona sem educação,primeiro sou enfermeira,segundo tenho 2 familiares c COVID, estao evoluindo bem sem a cloroquina Terceiro o remédio n tem comprovação de eficácia,mostre algum estudo q comprove a eficácia dele ja q é tao sábia.A heparina por eqto vem sendo o melhor medicamento.",Cloroquina,1,1
Essa decisão de hoje quanto a cloroquina demonstra o quão retrógrado e atrasado é esse governo quanto a ciência! Politicamente impõe um protocolo de tratamento com uso empírico de um medicamento que possui mínimos ou nenhum efeito positivo e efeitos negativos variados e graves,"#grandedebate . Thiago vc esta coberto de razão, porque Bolsonaro quer  somente a cloroquina??????",Cloroquina,0,0
"O STF mais uma vez barrou o decreto do Executivo e há risco de barrarem o novo protocolo da cloroquina.   Não dá mais, está na hora.","Não dá mais, faz tempo!!! Fico tentando entender a estratégia, e juro, não consigo! Ou o PR  tá ""jogando War"" ou mais perdido que cego em tiroteio! Vamos, #Brasil!",Cloroquina,2,0
"Marinho e seus especialistas. Cloroquina pode levar a óbito súbito? Quem tem malária, lúpus e artrite pode parar de tomar já, doutor? ""Toda a comunidade médica"". Fale por si. O Conselho Federal de Medicina confirmou o protocolo.  E aí, doutor especialista dos marinho?",Sabe tira o serviço destes especialistas e deixem eles em casa igual A  que pegou a COViD-19 em casa!!!!,Cloroquina,2,0
É pra qualquer pessoa séria morrer infartada. Sabem o que é isso? São as referências Bibliográficas do novo protocolo do MS sobre a Cloroquina. Citando o quê? Uma matéria de jornal.  Mas pode ficar pior? Claro que pode! Vejam o item 23:,"Puta merda, nem ABNT esses caras seguem, sabem merda nenhuma. NBR 6023, gente, não custa nada ler e aplicar, vocês recebem pra isso.",Cloroquina,2,0
"O novo protocolo sobre o uso da cloroquina editado por Jair Bolsonaro é incrível.  Primeiro porque ele não é assinado por ninguém, nem ministro, nem médico, ninguém.  Depois, porque o paciente tem de assinar termo onde consente que ""não existe garantia de resultados positivos"".","Entao é assim a cloroquina do bozo, ""Aceito ser medicado, mas assumo que não há garantia nenhuma""",Cloroquina,2,0
"Mesmo que quiséssemos, sabe quais são os problemas para prescrever Cloroquina COM SEGURANÇA em todo o país? Segue esse fio e acompanhe a história de Seu Jair, um paciente hipotético do mundo real. (Fio Hipotético tá? Não jogamos nossos Diplomas no lixo ainda não)",leiam essa maravilha de texto aqui por favor:,Cloroquina,2,0
"USO DE CLOROQUINA AMPLIADA NO BRASIL  Ministério da Saúde amplia a possibilidade de uso do medicamento para casos leves de coronavírus. Não há, porém, evidência científica de que a droga tenha eficácia no tratamento. Siga o fio e veja o que muda    Gerard Julien/AFP","A ignorância de um presidente que se acha superior e mais inteligentes que inúmeros estudiosos e órgãos da área da pesquisa em saúde, colocando milhões de pessoas em potencial prejuízo. Não há evidências de benefício no uso desse medicamento e há, entretanto, efeitos adversos.",Cloroquina,2,0
#Debate360  o governo não tem o controle das pessoas que estão usando cloroquina? Nenhum tipo de dado? Já estamos há dois meses nessa situação e muita gente - pelo menos aqui em Belém - fez uso deste medicamento.,As pessoas que defendem o uso da Cloroquina sabem o que significa ciência? Já escreveram uma dissertação de Mestrado? Defenderam um Doutorado? Creio que é momento é repleto de negacionismos perigosos.,Cloroquina,0,0
"Pasmem. O  conseguiu comparar hj na bandnews, cloroquina  com COCAINA. "" Argumento deles, usa quem quiser. Então faz assim, libera a cocaína e usa quem quiser. Quem não quiser bebe tubaina,  quem quiser usa cocaína..."" Palavras do Eduardo Oinegue, ao vivo na rádio.","Mais que canalha. Ele é irresponsável.O jornalista não tem compromisso com a VIDA qdo faz um discurso sobre 2 substâncias tão distintas e finalidades diferentes. Expõe sua ignorância e desrespeito, e o q diz nas entrelinhas é:”não dou a mínima p/ sua vida”.",Cloroquina,2,0
"O Conselho Diretor da Fundação de Apoio à Pesquisa do Distrito Federal (FAP-DF) autorizou a destinação de R$ 3,6 milhões para que sejam realizadas pesquisas pela Universidade de Brasília (UnB) sobre o uso de cloroquina no tratamento de pacientes diagnosticados com Covid-19","Já perdi as contas de quantos estudos comprovando INEFICÁCIA dessa merda já saíram e ao invés de pagar as bolsas de pesquisa pra quem realmente tem estudos com resultados promissores, jogam 3,6 M no lixo porque o biroliro não aceita estar errado.  Puta que pariu",Cloroquina,2,0
"Entidades médicas já se posicionaram contra a medida e a OMS, quando questionada sobre a decisão do governo brasileiro, reafirmou que além de não ter eficácia comprovada, a cloroquina pode causar efeitos colaterais graves.",O Sr. Estar representando qual laboratório? O grande problema e Que a cloroquina e Barato e isso barateia o tratamento e irrita os laboratórios.,Cloroquina,1,1
"O mundo vive uma realidade muito similar a do filme Contágio. Só que só no Brasil Alan Krumwiede (Jude Law) é presidente. O personagem vivia em universo paralelo e, inclusive, tinha a Forsythia, sua própria versão da Cloroquina, já aqui o governante vive em um Brasil Paralelo...","Eu falei isso cm meu primo quando vi esse filme kkk, lá o cara tem influência mas é preso e o governo tenta para já aqui é o próprio presidente.",Cloroquina,2,0
Doria ameaça paulistas com lockdown e cobra isolamento: 'Será que teremos que ver pessoas mortas nas ruas?' -,"Só se forem mortes de fome, medo ou truculencia policial de traidores da constituição, fora isso, a Cloroquina resolve pra maioria das pessoas, as 2 pessoas mortas que o povo de SP quer ver são vc. e o Zé do Caixão!",Cloroquina,2,0
"todos os que foram contra  a cloroquina desde o inicio da pandemia , que demonizaram o remédio que atrasou o tratamento precoce, que recolheram e esconderam o medicamento devem  ser processados  em crime de homicídio doloso e genocídio contra a humanidade.",Penso da mesma forma. Temos que cobrar a condenação desses genocidas!,Cloroquina,2,0
"Apresentei um projeto de decreto legislativo p/ sustar o novo protocolo do  que recomenda uso precoce da cloroquina em pacientes com #Covid19, enqto não houver estudos científicos que comprovem sua eficácia. O presidente não deveria fazer uso político de algo tão sério.",Gente como esse verme precisa morrer para que a vida de inocentes sejam poupadas.,Cloroquina,2,1
1) O efeito colateral da Cloroquina MAL RECEITADA pode matar uma pessoa de infarto 2) O agente público pode sair impune desse erro fatal 3) Pode faltar cloroquina para quem realmente precisa  Ligue os pontos.,Mas se a cloroquina faz mal é bom que falte pra todo mundo. Vai trabalhar pra merecer teu salário.,Cloroquina,1,1
"- Ainda não existe comprovação científica, mas sendo monitorada e usada no Brasil e no mundo. Contudo, estamos em Guerra: “Pior do que ser derrotado é a vergonha de não ter lutado.”  - Deus abençoe o nosso Brasil.",referências:,Cloroquina,2,-1
"O UOL fez uma matéria sobre o protocolo para cloroquina consultando apenas médicos e representantes de entidades contrárias ao medicamento. Cadê o chamado ""outro lado""? O jornalismo esquerdista perdeu por completo a vergonha em se mostrar tão parcial.",A UOL é uma bosta vermelha,Cloroquina,2,0
a criança chata do cuscuz com ovo é bolsominian ainda,a criança n sabe nem oq é cloroquina  os pais dele que são mal caráter,Cloroquina,2,0
"Mais um ""cidadão de bem"" chapado na cloroquina?",Não passa um!,Cloroquina,2,0
Vocês se deram conta? NENHUM profissional de saúde assina o tal protocolo da cloroquina do governo Bolsonaro.,"O exército já tomou o governo pra si, ditadura em curso.",Cloroquina,2,0
"A verdade às vezes se esconde no óbvio. A eficácia da cloroquina contra o Covid19 pode ser contestada. Mas se a droga fosse tão maléfica à saúde quanto querem uns, ela não estaria sendo utilizada há décadas. Hipocrisia!","Meu tio, internado com Coronavírus, teve uma parada cardíaca. A equipe médica agiu rápido e ele tá bem. Pai disse que mudaram a medicação e ele não tá na UTI. Mas absolutamente NADA tira da minha cabeça que foi causado pela cloroquina já que o prefeito de CG idólatra essa droga.",Cloroquina,0,1
Qual é a cloroquina da sua profissão?,"vc vive viajando, né?",Cloroquina,2,0
"Tá rolando uma petição pra pressionar o STF a votar contra a criminalização do uso pessoal de drogas. É um debate muito sério. A guerra às drogas gera guerra em lugares mais pobres, a superlotação de prisões, aumento de homicídio e morte de policiais. Pressione: droga","Cloroquina tem efeito colateral, mas Drogas como Crack não. #BolsonaroCadaVezMaisForte",Cloroquina,2,1
"Dois MÉDICOS se recusaram a liberar a cloroquina, que tem efeitos colaterais e nenhum estudo comprovando sua eficácia contra a COVID-19. Bolsonaro então escala um leigo pra fazer o trabalho sujo. Vidas estão em risco! #IgnoremBolsonaro #ImpeachmentJá!","Qualquer família em que um ente  querido teve complicações médicas, por uso de cloroquina,  pode processar o médico e o próprio ministério da saúde. Isso que esses caras lá do Planalto estão fazendo é  crime e Viola o juramento do médico!!!",Cloroquina,2,0
"Olha aí  , continue lutando pelo bem do povo em várias frentes, equilibrando saúde e economia, é o que precisamos que um presidente faça, tome decisões em tempo. Portugal, não teve efeitos colaterais . A esquerda e os opositores mentem .",A esquerda e os opositores mentem. Mas quem diz a verdade é o “portal de notícias” chamado Opinião Crítica (alguém conhece isso de algum lugar?),Cloroquina,2,1
"Bolsonaro: ""Direita toma cloroquina e esquerda toma Tubaína""  Lula: ""Ainda bem que a natureza criou o monstro chamado coronavírus""  Será mesmo que existe um salvador da pátria?",O erro de vocês é acreditar em Salvador da pátria. Dois bostas.,Cloroquina,2,0
"Sobre a piada Cloroquina e tubaína, Dra Gisele Soares compara Jair Bolsonaro a um humorista...? Oi? Pelo amor!  Haja pano, meu pai!  #grandedebate #GrandeDebateCNN",Na verdade haja pano pra essa Dra. Gisele Soares,Cloroquina,2,0
Simples assim: a direita toma Cloroquina e a esquerda pergunte os especialistas da GloboLixo que ficam de plantão 24hs nas portas dos hospitais contando os mortos! vc escolhe,"AGORA VAMOS ver se o povo descobre quem quer vê-los MORTOS! STF, NAO ESQUECEMOS  DE VOCES SEUS MERDAS@",Cloroquina,2,0
"Ouvi dizer -- mas, juro, não acredito -- que o Doriana só não gosta da cloroquina porque não é supositório.","pois eu acredito se fosse supositório podia ser a ter acido e pimenta que ele aceitaria com aqueles pulinhos de veado e corno manso com muito prazer,veado é veado em quaisquer situação...",Cloroquina,2,0
"Marinho e seus especialistas. Cloroquina pode levar a óbito súbito? Quem tem malária, lúpus e artrite pode parar de tomar já, doutor? ""Toda a comunidade médica"". Fale por si. O Conselho Federal de Medicina confirmou o protocolo.  E aí, doutor especialista dos marinho?","Vamos parar de tomar.  Caro Miguel Nicolelis, qual a alternativa indicada?  Talvez  possa receitar?  Ou vamos morrer em casa mesmo?",Cloroquina,2,0
"A absurda censura de contas nas redes sociais com base na vontade de um ministro do STF é só uma amostra do que virá se o ""PL das Fake News"" for aprovado. A censura completa a qualquer um que discordar de qualquer político ou semideus do STF é logo ali.","E tem gente que ainda acha que o ""Inquérito das Fake News"" é realmente pra apurar Fake News Nada mais é que uma censura por parte de políticos e ministros E não somente de um lado, se isso for aprovado, quem é de esquerda, direita qualquer ideologia não poderá falar mal deles.",Contas suspensas,2,0
Menos Estado? Pros outros!..essa bela matéria do   mostra que o dono da Havan tomou dezenas de empréstimos do BNDES para expandir seus negócios com aquela fachada de mau gosto. E conta mais sobre um dos mais barulhentos apoiadores de Bolsonaro.,"Muitas vezes o discurso ""Estado mínimo"" significa menos investimento Público em educação, saúde e saneamento, porém mais investimento Público no setor privado e no aparato coercitivo do Estado (segurança pública e militares).",Contas suspensas,2,0
Censura nunca mais.,"O ódio pelo Bolsonaro, não pode ser maior que o amor pela nossa liberdade! Hoje são eles, amanhã será você, eu, qualquer um! Censura Jamais!",Contas suspensas,1,0
"Hoje tivemos várias contas somente da direita como sempre CENSURADAS!Pq vcs da  não tão fazendo o #GrandeDebate com esse tema?  Tão falando de aposentadoria de Militar?Tão dormindo?Ou tão passando pano p/ DITADURA, CENSURA nas redes, nas ruas e nas casas? #ImprensaLixo",Vcs estão instaurando uma ditadura no país! Censurar é crime! Vcs são uma vergonha!!!!  #STFVergonhaNacional  Vcs não são dignos do Brasil!,Contas suspensas,0,0
Hoje é o dia da censura no Twitter?,"Como sempre o senhor Alexandre de Moraes continua com a sua ditadura, está tirando a liberdade de expressão",Contas suspensas,1,0
"Estão cometendo crimes? Investigue, denuncie, processe. Censurar, eu não concordo.",Vale lembrar que muitos estão com medidas cautelares e tornozeleira eletrônica e desrepeitando elas.   Tirar um bandido de circulação prendendo ele para nao cometer mais crimes e Censura?,Contas suspensas,2,1
Vivemos em uma ditadura da toga #VozParaBernardoKuster,Nossa Brasil virou uma Venezuela mordena e com ar de democracia.,Contas suspensas,2,0
"A corrupção, no brasil, está ligada aos políticos e as grandes empresas. Não entendo como isso ganha eleição e engana, até, gente que sabe do que se trata. Não tem tanto mau caráter quanto pensamos. Temos que entender essa dinâmica.",Deve ser a dinâmica do quanto pior pra nós melhor pra eles #GovernoDeFraudes,Contas suspensas,2,0
O dia em que a Corte guardiã da Constituição e dos direitos do povo censurou e suprimiu o direito à liberdade de expressão.,"24 de julho de 2020 vai entrar para a história. O dia em que a censura voltou ao Brasil. Porém, desta vez as vítimas são os conservadores e apoiadores do presidente não os comunistas e bandidos que roubaram a nação (esses nunca perderam o direito de defender suas ideias).",Contas suspensas,2,0
Opa peraí #VozParaBernardoKuster,"Gente, mentira que o Gado tá reclamando da ""censura"" do Twitter? Nera eles que queriam AI-5?   mar como eu amo as voltas que a terraplana dá, ein! KKK  #CiroComGugaNoblat",Contas suspensas,0,1
O que vcs acham do STF ?,"STF é composto de criminosos, sujos e esquerdistas oportunistas, que para se manter com poder, roubando e privilegiando os ""amigos"" coloca em risco o avanço do país e censura seu povo.",Contas suspensas,1,0
"#BolsonaroNuncaMais; #ForaBolsonaro ; #GovernoDeFraudes, Não pode ser!!!!!!!!!!!!!!!!!!",Pq esse povo que pedia AI-5 tá reclamando dessa tal censura?,Contas suspensas,0,0
"Eu tinha certeza que a ""pesquisa"" era fake!","Isso será noticiado como foi com a fake news? Não? Pois então, quero mais que a grande mídia se exploda... Se ela não fizer autocrítica, rever procedimentos de apuração e ampliar o debate sobre os fatos nada mudará. E um novo",Contas suspensas,2,0
ONDE isso vai parar?,cvs com a minha bixete sobre censura de bl  onde foi que eu cheguei senhor???,Contas suspensas,0,0
"Não há como aceitar a censura. Não há como aceitar que aplaudam a censura. Liberdade de expressão a todos, aqueles que pensam como eu e os que pensam de forma diferente.",Abaixo a ditadura.,Contas suspensas,2,0
Estou perdendo o olfato  Grande dia,enviei meu trabalho ontem e acabei de receber um e-mail dizendo que o trabalho não foi entregue  grande dia,Contas suspensas,0,0
"há certos casos que não podemos tratar como censura e sim senso moral, o que mais tem hoje em dia são acusações sem provas que acabam com a carreira de alguém","independente disso, nunca vou apoiar Censura. Quem acusa precisa provar o que está acusando, sem que haja Censura por ambas as partes.",Contas suspensas,1,1
Moraes manda e desmanda no Twitter! Suspensos Luciano Hang e Roberto Jefferson!,"Contas bloqueadas no twitter , alô censura. Vc qur ta comemorando cuidado, o proximo pode ser vc ou eu.",Contas suspensas,0,0
"Vocês acham que acabou? Acham que a derrubada de contas de apoiadores de  hoje foi o ápice da CENSURA? Estão enganados, aguardem a aprovação da LEI DA CENSURA em votação na  o pior ainda está por vir. Vivemos em tempos sombrios, as trevas dominam!",Alexandre de moraes. Vc é um ditador de merda!!!!!!,Contas suspensas,0,0
"Brasil entrou na era da censura. Vários perfis apagados do Twitter e Facebook por ordem judicial.  Liberdade de expressão? Depende, o que você quer falar? Quem você quer criticar?  Tempos sombrios.",liberdade pra espalha mentira eh isso ai top memo,Contas suspensas,2,1
"ATÉ QUANDO SEREMOS CENSURADOS DESTA FORMA,POR MINISTROS DO STF? O CRIME QUE NÓS ESTAMOS COMETENDO É: SER CONSERVADOR E APOIAR JAIR BOLSONARO. ESTÃO QUERENDO CALAR OS CRISTÃOS CONSERVADORES. JAMAIS VÃO NOS CALAR! #STFVergonhaNacional","Ser juiz é horrível né. Faz merda, censura, faz merda, censura, faz merda, censura, faz merda gigante, aposenta ganhando a mesma merda que ganhava quando fazia todas as merdas.",Contas suspensas,0,0
"A ESQUERDA E A IMPRENSA PIRAM ! A última pesquisa para as eleições de 2022 , mostra Bolsonaro na frente e ganhando de todos no 2º turno. Como entender ? A mídia perdeu o monopólio da informação , não engana mais o povo , por isso querem censurar as redes sociais . SÓ KKKKKKKKKK",As redes sociais é a nossa trincheira para debater os absurdos que aconteceram e ainda acontecem no Brasil. Não aceitamos ser desinformados pela grande mídia desinformadora.,Contas suspensas,2,0
"Amigos aqui é Roberto Jefferson. Entrei na conta da minha filha para agradecer a todos pelo apoio. Em breve estaremos juntos novamente! Alexandre, não temo sua tirania!","Prefiro muito mais o Regime Militar (1964 a 1985), do que o Regime do STF (2019 a 20..), e você ? Bandeira do BrasilBandeira do Brasil. Nem na ditadura isto aconteceu. Nem na ditadura isto aconteceu. Nem na ditadura isto aconteceu. Nem na ditadura isto aconteceu.",Contas suspensas,2,0
Li e não vi qualquer fato devidamente comprovado que justificasse tal censura!!!!,Censura não é proibir antes da merda ser feita? hahahahahahaha,Contas suspensas,1,1
O tiranete Alexandre de Moraes passou de todos os limites. Ele agora decide sozinho qual informação pode circular no país? Ele decide quem fala e quem cala a boca? Ou os democratas reagem agora a este ato de censura s/ precedentes ou não podem mais falar em liberdade de expressão,"Se esse estado de censura não for combatido diante de internautas, esse estagio evoluirá e alcançará a midia opositora tambem. Não pode haver precedente.",Contas suspensas,1,0
"Fui procurar ontem uns modelos de vibrador e eles pareciam com umas posturas bem reativas. Tive que dividir com vcs a rinha de vibradores.  Esse aqui parece que tá instigando pra briga:  ""Vem, pode vir, vem se tu é MACHO""",Eu to vendo rinha de vibrador no cabelereiro   Grande dia KAKAKAKAKAKAKA,Contas suspensas,2,0
O tiranete Alexandre de Moraes passou de todos os limites. Ele agora decide sozinho qual informação pode circular no país? Ele decide quem fala e quem cala a boca? Ou os democratas reagem agora a este ato de censura s/ precedentes ou não podem mais falar em liberdade de expressão,Essa censura abjeta precisa acabar!,Contas suspensas,2,0
"Quem comemora a censura hoje, será alvo da censura amanhã. É a lógica de qualquer ditadura.","Lembrem-se de oantgonista, foi censurado e hoje comemora a censura. Amanhã pode ser o contrário.",Contas suspensas,1,0
"O cerceamento da liberdade de expressão encaixa na dialética do senhor e do escravo do Hegel. Quanto mais senhor é o senhor, mais dependente ele é do escravo, então mais escravo ele é. Quanto mais proíbem uma ideia, mais ela se dissemina.  É muito mais eficaz demonstrar as falhas","Leiam! Sobre a censura, de forma geral",Contas suspensas,2,0
"???????? você tem propriedade pra falar essa palavra????? você falando isso sem censura te torna tão errada quanto ele, parabéns pela hipocrisia",? se enxerga tu nem conhece ela,Contas suspensas,2,1
"friozinho, chuvinha e feijoada: Grande dia  ererê","nego ganhando R$40,00 da psn e eu nem consigo jogar grande dia",Contas suspensas,0,0
"Hoje são   Allan dos Santos Bernardo Kuster Edson Salomão Luciano Hang Roberto Jefferson Otávio Fakhoury Sara Winter   Amanhã pode ser vc.  Vc, conservador. Vc, que apoia Bolsonaro.   E vc tbm, idiota de esquerda que tá comemorando essa censura covarde.  #VozParaBernardoKuster",Não tá mentindo,Contas suspensas,2,0
"O Ministro Barroso, em 2014, quando deixei o regime fechado de prisão e fui trabalhar, dei uma entrevista sobre o Petrolão, Barroso me censurou e determinou meu silêncio, censura, sob pena de eu voltar ao regime fechado. Exorbitou das suas funções. Me fez sofrer.","Bob Jeff você está incomodando aquela corja, então conte mais, conte tudo. Eles estao se achando os donos do Brasil, os poderosos da Terra e não são. Precisamos de um STF, mas nao desses Ministros que estao lá nos envergonhando. #STFvergonhaNacional #STFNaoVaiNosCalar",Contas suspensas,1,0
"Definição de tiro no pé foi atualizada! Cabeça de Ovo, com essa censura baseada no inquérito ilegal, só conseguiu destruir ainda mais a sua reputação e a do STF!",Porco tem reputação?,Contas suspensas,2,0
"1) O ponto não é o mérito, mas a ilegalidade do objeto. Vc condena quem vai às ruas e aplaude quem censura, quando o objeto é ""fechamento de congresso"" ou ""intervenção militar"". Tais pautas são ilegais, ou melhor, não há espaço no nosso ordenamento p/ sua efetividade. Por outro..","Eu ñ aplaudo quem censura, mas o q aconteceu ñ foi censura",Contas suspensas,1,1
"Censura no ""dos outros"" é refresco, né #JornalNacional ? Democratas de ocasião !",Ditadura da toga. #VozParaBernardoKuster,Contas suspensas,0,0
"Segura as pontas aí Bob Jeff. Os brasileiros estão contigo, essa censura não há de calar uma nação. Segue firme.","CANALHAS não vão nos calar, ainda que seja via sinal de fumaça, daremos um jeito nesse país, NÃO vamos abandona- lo nas mãos de bandidos ainda que seja bandidos poderosos, CENSURA NÃO!!!!",Contas suspensas,0,0
se ligou que tá perdendo relevância aqui no twitter e nem comentou sobre a censura imposta pelo ...  Foi por isso né?,"Vejo esquerdistas vibrando com a censura. E se fosse com eles? Qual o tamanho do escândalo que a velha mídia estaria promovendo? A guerra é muito desigual. Se  seguir lutando com a CF debaixo do braço, não sobrará nenhum de nós. O STF já rasgou a CF.",Contas suspensas,0,0
O gadismo vive implorando por AI-5 e quando tiram do ar as mentiras contadas por eles o Twitter vira um poço das lamentações. O Brasil esta sem governo por culpa destes bovinos que fazem essa fumaça toda nas redes sociais e o primeiro é o JB. O gadismo não tem vida fora das redes,"Gente, vocês não querem Censura? Tão reclamando de que?",Contas suspensas,2,0
"Tem gente subindo tag que para justificar seu apoio a censura de alguns. Comparam para tal, a ação de alguns cidadãos desinformados pedirem o AI-5 , com uma ordem de censura feita pelo SUPREMO TRIBUNAL FEDERAL. #ginastica #narrativas","A esquerda antes das eleições alardeava que  defenderia a censura, o autoritarismo, o genocídio, a violações da constituição e etc. Bem, isso tudo se tornou realidade, mas não é o PR que está fazendo, cadê a esquerda agora pra cobrar quem realmente é o DITADOR?",Contas suspensas,0,0
Cadê a democracia nesse país? STF tá censura do até Twitter? Ai5 já para termos nossa liberdade novamente #EncovadoComBolsonaro,Como assim a pessoa quer o AI-5 pra ter liberdade? Tá na hora de estudar um pouquinho sobre história né bebê,Contas suspensas,2,1
"Não há liberdade de expressão quando não podemos falar o que queremos, mas apenas o que nos permitem falar. Impedir preventivamente alguém de se expressar não tem outro nome: é censura. É por isso que, numa democracia, jornais podem ser processados, mas jamais podem ser fechados.",Não há direito no abuso do direito. Simples assim!,Contas suspensas,2,1
"Discordo de 99% do que defendem Allan dos Santos e Bernardo Küster. Assim como discordo de Jones Manoel e Sabrina Fernandes.  Discordo 100% de que o Estado tem o direito de escolher, por motivação política, quem pode ou não ter um perfil no Twitter.","Vc é bem gadinho de bandido, se achando ""o democratinha""  Vai lá, aplaude os algozes da liberdade, aplaude  Burro demais",Contas suspensas,2,1
Pode isso? Bernardo P Kuster “ensinando” como burlar o bloqueio imposto a ele e outros investigados no inquérito das fake news? É o tutorial do gabinete do ódio?,Bernardo  te encontramos em qualquer lugar seu filho da puta covarde.,Contas suspensas,2,0
"Impedir os ativistas de direita de se manifestarem pelas mídias sociais é censura prévia. Uma coisa é investigar e eventualmente punir por aquilo que publicaram; outra, inteiramente diferente, é impedir que falem.","Dói um pouco defender, mas tem que deixar falar mesmo. Toda forma de imbecilidade e babaquice precisa ser divulgada, pra depois ser condenada, ridicularizada e extinta",Contas suspensas,2,0
Censura nua e crua,A regra é clara: se é favor de AI-5 não pode reclamar de censura,Contas suspensas,1,1
Povo é burro ou apenas se faz? comemorar a censura .... aprendam que todos tem o direito de expor suas ideias msm que elas  não seja aceita por vc... Aff pelo jeito o covid não ensinou nada ...,Reação à censura e acusações fortes do Roberto Jefferson ao STF... Roberto Jefferson está de prontidão para abalar novamente a República (veja o vídeo),Contas suspensas,0,0
"O Brasil entrando na rota da censura e os generais cuzões quietos,estagnados... #VozParaBernardoKuster","Já começou o mimimi da censura. Os neofascistas mentem, xingam, difamam, caluniam, ameaçam e quando a justiça age vem se fazer de vítimas da sociedade.",Contas suspensas,0,1
"O mesmo pessoal que falam de censura pq suas contas Bolsonaristas no Twitter e Facebook estão sendo retiradas do ar, são os mesmo que pede a volta da ditadura.","Mas um cara desses é muito idiota mesmo né!? Da onde tiraram isso? Porque meia dúzia de doidos vão a manifestação com faixa pedindo Ditadura Militar, ele acha que todos querem isso.",Contas suspensas,2,1
"Não há como aceitar a censura. Não há como aceitar que aplaudam a censura. Liberdade de expressão a todos, aqueles que pensam como eu e os que pensam de forma diferente.",Só os canalhas querem e pretendem trazer a censura de volta como forma de esconder todas as suas canalhices!!! Estão aproveitando da PANDEMIA para nós impor a ditadura do judiciário,Contas suspensas,1,0
O tiranete Alexandre de Moraes passou de todos os limites. Ele agora decide sozinho qual informação pode circular no país? Ele decide quem fala e quem cala a boca? Ou os democratas reagem agora a este ato de censura s/ precedentes ou não podem mais falar em liberdade de expressão,"Não é só liberdade de expressão, e sim o ESTADO DE DIREITO DO CIDADÃO que é IMPUNEMENTE subjugado, violentado descaradamente e sem nenhum pudor - essência de TIRANOS",Contas suspensas,2,0
"Realmente estão tentando a todo custo impor censura aos apoiadores do presidente. A globo está fazendo um ótimo papel passando pano, mas nn pôde criticar ela um tiquinho q já sai botando artistas com mão na boca, no ouvido, nos olhos, na venta, no rabo e falando de ditadura...","A censura chegando no Twitter mesmo que ninguém me ouça falarei, os crimes que está acontecendo no Brasil é impossível que ninguém esteja vendo, ditadura estabelecida onde nao podemos falar, sair as ruas com desculpas de isolamento, estão violando nossos direitos.",Contas suspensas,0,0
"Melhor sim, mas não o ideal. Se bem que educação vem de berço.... Ainda rosnam, mas medindo as palavras. Curioso como desconhecem leis, e confundem censura com limites. Crianças mimadas.",As leis já existem calúnia injúria e difamação. Isso é censura.,Contas suspensas,1,1
"Não é uma delícia ver a galera que pedia um AI-5 chorando e gritando CENSURA?   Foi uma decisão judicial, esses imbecís confundem PUNIÇÃO com CENSURA.  A única coisa boa é ver esse “fugitivos da inteligência” chorando nas redes. Criticando a censura e o “livre mercado”",“Não confundam punição com censura”. Tá de brincadeira...,Contas suspensas,2,1
Por que têm ancap aplaudindo censura? Não entendo,"Os caras não entendem que a censura não é só pra apoiador do Bolsonaro, é pra qualquer um que pensar diferente",Contas suspensas,1,0
Um jornalista comemorando a censura de um outro jornalista... KKK Tragicomico!,Vamos ver se esses mortadelas continuarão a comemorar qdo a censura do  chegar a eles também.,Contas suspensas,1,0
"Art.220. Leia lá. Omitir informações tbm e censura. Então vou desenhar pra vc, reclamar que censuraram alguém a favor do governo, quando o mesmo prática censuras de informações, não faz o menor sentido, energúmeno.","Omitir informação oficial. Não dar entrevista não foi, não é nem nunca será censura. Cara, sério. Vc é burro ou tá só se fazendo de pão pra ganhar linguiça?",Contas suspensas,1,1
"No mesmo dia em que a Veja divulga que pesquisa do Instituto Paraná mostra Bolsonaro como favorito para 2022, Alexandre de Moraes manda censurar perfis de defensores do presidente. É a mais vasta operação de censura já vista na internet brasileira. Vai ficar por isso mesmo?","Segundo Laurence Sterne, ""A censura é o imposto da inveja sobre o mérito"". É um cerceamento completo, que não deixa respirar. Mas não se pode matar a ideia nem com tiro de canhão.",Contas suspensas,1,0
"Amigos aqui é Roberto Jefferson. Entrei na conta da minha filha para agradecer a todos pelo apoio. Em breve estaremos juntos novamente! Alexandre, não temo sua tirania!",Eba! Vc vai usar a conta dela? Continue postando na sua q todos aqui passamos a ter contas em outros países pra não sermos atingidos pelo Twitter BR.,Contas suspensas,2,0
Sobre contas de conservadores sendo banidas: a liberdade de expressão é direito fundamental garantido em nossa Constituição e deve ser válida para todos.,E vocês do Congresso não fazer nada? vao assistir de camarote a censura e a perseguição aos conservadores? Que vergonha!,Contas suspensas,1,1
"Art. 220. A manifestação do pensamento, a criação, a expressão e a informação, sob qualquer forma, processo ou veículo, não sofrerão qualquer restrição, observado o disposto nesta Constituição.  § 2º É vedada toda e qualquer censura de natureza política, ideológica e artística.","Então que o Barroso e a favor da censura do Alexandre de Moraes,isso não me impressiona acho que tem ainda mais ministros que simpatizam com tal barbárie.",Contas suspensas,0,0
"Censura é a prévia proibição  Direito de ter apagada a publicação ofensiva ou mentirosa é sim uma sanção civil prevista em Lei, independente da sanção criminal (multa) ou administrativa (no caso de pessoas com cargo público eletivo ou comissionado).","Apagar a postagem é diferente de apagar a conta. Logo isso é censura. Se tivesse alguma postagem comprometedora, q o Lex Luthor mandasse apagar a postagem, jamais a conta",Contas suspensas,1,1
Menos Estado? Pros outros!..essa bela matéria do   mostra que o dono da Havan tomou dezenas de empréstimos do BNDES para expandir seus negócios com aquela fachada de mau gosto. E conta mais sobre um dos mais barulhentos apoiadores de Bolsonaro.,Menos Estado só serve para pobre.,Contas suspensas,2,0
associar discurso de ódio e disseminação de fake news à censura é bizarro,"Rindo bagarai aqui do Pastor Bernardo chorando a ""censura"" do seu jabá.",Contas suspensas,0,0
"DÁ UM TEMPO...  O gado fala que não existe pandemia, manda o povo às ruas, mente sobre tudo, pede volta da ditadura e AI-5 e quer reclamar de Censura??????????????",esse povo é comedia demais viu KKKKK,Contas suspensas,2,0
"Cara, vc não vê a espiral de idiotice q vc está!? Não se trata de fake news. Para crimes de difamação e calúnia ja existem o cp e o cv. Isso hj foi censura.",Censura por investigar e vetar fake news? Kkkkkkkkkkkkkkkkkkk  Está preocupado? Eu não estou rs   Faz arminha,Contas suspensas,1,1
"Quando uma ajuda emergencial de 600 reais faz grande parte da população ganhar mais do que ganhava com o mercado de trabalho aberto e funcionando “normalmente”, alguma coisa esta errada com o modelo econômico...","Enquanto, para outros, 600 reais são gastos em um dia.",Contas suspensas,2,0
O STF precisa conter a escalada de Alexandre de Moraes contra a liberdade de expressão.,É precisa mesmo!! Então presidente do,Contas suspensas,2,0
"Pois é, parece que algumas coisinhas mudaram, ou é só impressão?  De qualquer forma, não deixa de ser interessante!  Segue o jogo!",è do tipo assim? se teve censura que se foda ne?,Contas suspensas,2,1
"e   Aqui vai minha sugestão como carioca Convidem alguns representantes de algumas religiões e no dia 31/12 faça um grande evento on-line ou em alguma emissora de TV. Quem sabe se começarmos o ano orando,ligados com Deus ,2021 seja o que 2020 não foi.",E agora ? #STFNaoVaiNosCalar #STFVergonhaNacional #STFOrganizacaoCriminosa,Contas suspensas,0,0
"A suspensão das contas de apoiadores do Presidente tem um objetivo simples: intimidar todos os demais apoiadores, enquanto acostuma o restante da população com a idéia sinistra de que certas autoridades possuem o poder e a legitimidade para calar e censurar quem os incomoda.","É a censura democrática, ou a democracia da censura?",Contas suspensas,2,0
ATENÇÃO VOCÊ QUER GANHAR ATÉ R$500 ?       GANHE ATÉ R$ 500 REAIS POR MÊS NO TIKTOK :    - USE MEU CÓDIGO PARA COMEÇAR GANHANDO: 27210071   #barracadobeijo2 Marco Noah  #VozParaBernardoKuster OBX SEASON TWO outer banks Reinier qn8,A deputada ainda esta no tempo do BIPE !!!!   A sua Imparcialidade e a do STF  é tão  clara  como um copo de cafè !!!!   Que vergonha  NOJENTO um jornalista de TI defender a CENSURA  !!! MANDEM LOGO FECHAR AS REDES SOCIAIS  #j10 a globo e os politicos corruptos irão adorar !,Contas suspensas,0,0
"Alexandre de Moraes passou do limite do bom senso há um tempo. Mas, hoje, ele extrapolou ao mandar derrubar 17 perfis de apoiadores do presidente  nas redes sociais.   É a instituição oficial da censura.",E o que acontecerá contra ele?  Cadê o senado Federal? Cadê o Presidente? Cadê nossos representantes?  Nós conservadores NÃO aceitamos traições! #ficaadica,Contas suspensas,2,0
O STF precisa conter a escalada de Alexandre de Moraes contra a liberdade de expressão.,que?   o antagonista se posicionando contra o seu ministro do STF favorito?   tem coisa estranho no ar,Contas suspensas,2,1
SEXTA-FEIRA DA VERGONHA Alexandre de Moraes manda censurar perfis do jornalista Bernardo Küster (diretor do BSM) e vários outros conservadores. É a mais vasta operação de censura já vista na internet brasileira. #VozParaBernardoKuster,Querem nos calar! #VozParaBernardoKuster,Contas suspensas,2,0
"A perseguição aos conversadores é uma sombria realidade que estamos presenciando. Levante conosco a tag #FreedomOfSpeech e vamos juntos mostrar ao mundo o sequestro da nossa liberdade!  Bora, robozada?",#FreedomOfSpeech  #VozParaRobertoJefferson  #VozParaBernardoKuster  Censura nunca mais!,Contas suspensas,2,0
"Passei pelo caju agora e me lembrei do dia que eu fui obrigada a me despedir do meu branquelo, ah maycon tu me faz uma falta grande",minha família enche o meu saco só por eu não querer ir no aniversário da minha sobrinha grande dia,Contas suspensas,0,0
"NÃO  a ditadura, nem a militar e nem a do judiciário #VozParaBernardoKuster","Sobre a CENSURA, perseguição aos conservadores e direitista que apoiam o gov. federal no Brasil",Contas suspensas,0,0
"Painel: Sara Winter, ativista do movimento 300 do Brasil, é presa pela PF em Brasília","Esses dois inquéritos são bem bagunçados A prisão da Sara Inverno foi, ""a princípio"" justificada. MAs está solta, pq parece que era sem pé-nem-cabeça",Contas suspensas,2,0
O que vcs acham do STF ?,#STFVergonhaNacional é a opinião corrente!,Contas suspensas,2,0
#Bolsonaro2022 #VozParaBernardoKuster Essa censura aos defensores dos ideais conservadores apenas fomenta o crescimento da popularidade de Bolsonaro.,Será que não vão parar as arbitrariedades desse Alexandre de Moraes? Desde quando em uma democracia se admite essa ditadura disfarçada imposta por quem não nos representa? Diz aí Alexandre quantos votos tu teve pra achar que representa algo para o Brasil?,Contas suspensas,0,0
que censura o q caralho tu enche o cu de cloroquina e vem falar merda,"Lembram de 2018, aquelas pessoas falando 'ele não' pq além de várias acusações iria fazer como em 64 e que voltaria a censura? Pois é, ela voltou. Mas quem é o responsável? Eu sei que 'ele não' é. #FreedomOfSpeech",Contas suspensas,0,1
"O mínimo que os senadores decentes deveriam fazer é convocar uma entrevista coletiva e mostrar a sua total discordância a respeito deste crime de Abuso de Autoridade praticado pelos onze malignos do STF. Não fazer nada é também um crime, o de omissão. #STFVergonhaNacional",Temos que reagir às imoraeslidades !!!! #STFVergonhaNacional,Contas suspensas,1,0
"Como a editora me informou que o livro não chegou a ser impresso, fui autorizada a atualizar meus escritos com os acontecimentos de hoje. Ficarão devidamente registrados também.",São grandes aberrações jurídicas!  #VozParaBernardoKuster  e demais conservadores perseguidos pelo 5TF.,Contas suspensas,2,0
"Estou feliz pq finalmente consegui cancelar a Live Tim (Que por sinal tem um atendimento horrível) que tava me enrolando por 2 semana pra instalar a merda da minha internet na casa nova esses fdp, e pq o Cid curtiu meu comentário, grande dia amigos",Presidente Bolsonaro testa NEGATIVO para o covid. Mais um dos milhões de recuperados do Brasil. Grande dia!,Contas suspensas,0,0
Fico a pensar...o que leva a vaidade misturado com arrogância e  uma pitada de prepotência de um ministro do STF ao tentar fechar a boca de uma nação! #FreedomOfSpeech #STFVergonhaNacional,São seres inúteis.,Contas suspensas,2,0
"pouco sabemos sobre a retenção de contas de conservadores. ao que parece elas foram feitas em atenção à determinação do STF para ""interrupção dos discursos"" de ódio, subversão da ordem e incentivo à quebra da normalidade institucional e democrática.  é um péssimo precedente. 1/","Acho censura. Detesto esses bolsominions youtubers, mas o alexandre de Moraes atuou como censor neste caso. O que tem de fazer e processa-los se cometem crimes, não travar conta. Quem pode fazer isso são os proprietários das plataformas.",Contas suspensas,2,0
"O STF mandou DERRUBAR CONTAS bolsonaristas em redes sociais  NÃO CONCORDO com essa turma NEM APOIO o que dizem, mas a decisão vem de um INQUÉRITO INCONSTITUCIONAL  A Suprema Corte abre brecha pra voltarmos a um ESTADO DE CENSURA  Hoje é com eles. Amanhã pode ser contigo...",Perfeito !,Contas suspensas,2,0
"Pra conseguir ver a conta dos retidos pelo STF é simples Vá em configuração da conta e altere o país pra qualquer outro e vc conseguirá ver a conta do ,  e os outros novamente","Dá certo gente, censura é o caralho  grande dia hehehehehe",Contas suspensas,2,0
"nunca vou esquecer do dia que: ana: ""ai eu odeio sulista"" paulo: "" mas a gnt eh sulista"" ana: "" não a gnt ta no sudeste, o sul eh Rio Grande do sul"" eu: "" mas e Santa Catarina e Parana?"" ana:"" ent mas o Rio Grande do sul faz fronteira com São Paulo""","Contas retidas   Allan, Bob Jeff, Bernardo entre outros.   Censura pesada.",Contas suspensas,0,0
"Branca chorando pq uma pessoa falou q preferia o cabelo dela grande, imagina se ela escutasse comentários como ""bombril"" ""arbusto"" ""alisa"" ""prefiro de trança"" ""deu choque"". Ela ia se matar no primeiro dia, ai esse povo da mt biscoito pra branco mimado acham q a vida é um morango.","caralho tudo bem. mulheres negras sofrem muito mais do que mulheres brancos e isso é fato. mas porra, existe pressão estética pra todas as mulheres. sem exceção. se é assim uma mulher trans tbm pode falar que negras e brancas só sofrem pq não passam o que elas passam",Contas suspensas,2,1
O impeachment de Alexandre de Moraes não é mais uma opção. É a única resposta possível para esse ato insano e sem precedentes contra a liberdade de expressão e de imprensa. #STFVergonhaNacional,Não existe diálogo com quem quer te calar! #FreedomOfSpeech,Contas suspensas,2,0
"Não há como aceitar a censura. Não há como aceitar que aplaudam a censura. Liberdade de expressão a todos, aqueles que pensam como eu e os que pensam de forma diferente.",Não seja cínico.O que se vê é uma mi lícia digital que tem que ser exterminada. Sonso.,Contas suspensas,2,1
Testando. Baseei minha conta nos EUA. Alguém consegue ver ? #VozParaBernardoKuster,"Sim. Estou nos ""EUA"" e acompanhando todos vocês q sofreram essa inconstitucional censura. Acredito q iremos em massa acompanhá-los dessa forma!  Força patriota!",Contas suspensas,1,0
"Silêncio sepulcral dos diversos órgãos de imprensa, instituições e autoridades a respeito dos últimos atos de deliberada censura no . Não temem pelo dia em que tb serão atingidos? Quem, de fato, defende a democracia nesse pobre país? #MoraesNaoVaiMeCalar #VozparaConservadores","Art. 220. A manifestação do pensamento, a criação, a expressão e a informação, sob qualquer forma, processo ou veículo, não sofrerão qualquer restrição, observado o disposto nesta Constituição.   § 2º É vedada toda e qualquer censura de natureza política, ideológica e artística.",Contas suspensas,0,0
"Contra a ditadura do STF o #JornalNacional não convocou especialistas pra opinarem sobre a CENSURA, porque se tratavam de pessoas ligadas ao Presidente que perderam Redes Sociais. Todos sabem q interessa a Rede Globo acabar com Jair Bolsonaro.  #CNNBrasil",Compartilhem a verdade sobre – A Origem do #COVIDー19 – e conheça as evidências em prol da manipulação genética que a grande mídia e a ciência não divulgam! Acessem o documentário aqui:  e ajudem a difundir a informação. Inscrevam-se por favor no canal e,Contas suspensas,0,0
"Escutem coisas estranhas estão acontecendo, não é por acaso a censura, o cerco está se fechando , Bolsonaro está indo pra cima e togados estão tremendo na base . Se um cair, todos irão.",e se vcs descobrissem que aqui fora existem milhões querendo banir suas contas na SUPREMA CORTE? VCS SÃO UMA VERGONHA!!! UMA OFENSA GRAVÍSSIMA À MEMÓRIA DE RUI BARBOSA!!! #VozParaBernardoKuster,Contas suspensas,0,0
Os togados estao desesperados! #VozParaBernardoKuster censura da china veio pro brasil.,"Ditador cabeça de ovo determina censura, esse STF é sem limite, pensa que é dono do Brasil, nao existe lei é o que eles pensam.",Contas suspensas,0,0
"Neocon 95% do tempo: hmmm saudades ditadura, volta AI-5, huhu, delicia de bota de general  Twitter bloqueia contas vinculadas a fake news: hmm censura, ditadura, huhuhu","Btw, os mesmos neocons: huhu propriedade privada, huhuhu faço o qur quiser inclusive cagar p pandemia huhuhu minha cada é minha e entra quem eu quiser  Twitter, organização PRIVADA, bloqueia perfis vinculados a fake news: huhu censura   Se fudêê",Contas suspensas,1,0
"Impedir os ativistas de direita de se manifestarem pelas mídias sociais é censura prévia. Uma coisa é investigar e eventualmente punir por aquilo que publicaram; outra, inteiramente diferente, é impedir que falem.","sem falar que essa ação só legitima o discurso da extrema-direita de que twitter, redes e imprensa são de esquerda e vivem numa caçada para censurá-los",Contas suspensas,2,0
"Exclusivo: Luciano Hang obteve 55 empréstimos do BNDES para transformar Lojas Havan em império. De 1993 a 2014, o empresário hj investigado no Inquérito das Fake News conseguiu R$ 72 milhões junto ao banco estatal, revelam  e :","Perai,mas Pegar emprestimo com o BNDES não era coisa de comunista?",Contas suspensas,2,0
O tiranete Alexandre de Moraes passou de todos os limites. Ele agora decide sozinho qual informação pode circular no país? Ele decide quem fala e quem cala a boca? Ou os democratas reagem agora a este ato de censura s/ precedentes ou não podem mais falar em liberdade de expressão,Todos os limites foram ultrapassados!,Contas suspensas,2,0
"Pois é! E na cara de pau vem o argumento da “censura”, “liberdade de expressão”... Pra injuriar, caluniar, ameaçar...",Edgard apoia a censura e não suporta o contraditório.,Contas suspensas,1,1
"Discordo, Felipe A questão n é a infração às normas da plataforma, mas algo MUITO mais grave! É a conspiração organizada contra as intituições STF e congresso. Conspirar contra a democracia é MUITO mais grave que infringir regras do TWT e autoriza as medidas do STF. Não é censura","Então... Nesse ponto, acho que o Felipe se perdeu mesmo... STF jamais atuaria por infração às normas de rede social.",Contas suspensas,2,0
"Você que esta comemorando esta censura que esta acontecendo abra seu olho, se você não lutar por sua liberdade o próx será você.",Entenderam a mensagem?  Não?!  PRECISA DESENHAR?,Contas suspensas,2,0
"Quando uma ajuda emergencial de 600 reais faz grande parte da população ganhar mais do que ganhava com o mercado de trabalho aberto e funcionando “normalmente”, alguma coisa esta errada com o modelo econômico...","Mais da metade da população recebia menos da metade do salário mínimo. Média de 450,00 Guedes.",Contas suspensas,2,0
"""Tente censurar o Tio Sam agora, Cabeça de Ovo!"", escreveu Bernardo Kuster em post no Twitter horas após determinação do STF ser cumprida pela rede social.","Gente que cria e espalha Fake News DEVEM ser censuradas na internet. Oras, não sabem usar de forma honesta!  Tem que perder a conta.",Contas suspensas,2,0
ae seus imbecis entendam que restringir conta de maluco que financia e espalha fakenews nao é censura ô retardado,"os caras pedem tanto a volta da ditadura ai quando eles provam um gostinho de como é ""o próximo pode ser eu ou vc "" engole o choro irmão grande dia",Contas suspensas,0,0
"Hoje são   Allan dos Santos Bernardo Kuster Edson Salomão Luciano Hang Roberto Jefferson Otávio Fakhoury Sara Winter   Amanhã pode ser vc.  Vc, conservador. Vc, que apoia Bolsonaro.   E vc tbm, idiota de esquerda que tá comemorando essa censura covarde.  #VozParaBernardoKuster","O de esquerda comemora, pq são eles que estão fazendo a censura.",Contas suspensas,1,0
Vamos espalhar este vídeo em que explico bem direitinho o que está ocorrendo.  #VozParaBernardoKuster,Bora ver o vídeo do,Contas suspensas,2,0
"Guilherme Fiuza critica decisão de Alexandre de Moraes:  ""Ele decide quem fala e quem cala a boca? Ou os democratas reagem agora a este ato de censura sem precedentes ou não podem mais falar em liberdade de expressão.""",Acabou liberdade de expressão no Brasil.,Contas suspensas,2,0
"Bom diaaaaa, finalmente chegou o grande dia !!","Meu macarrão ficou uma delícia, grande dia",Contas suspensas,0,0
"Não há como aceitar a censura. Não há como aceitar que aplaudam a censura. Liberdade de expressão a todos, aqueles que pensam como eu e os que pensam de forma diferente.",Alexandre de Moraes não respeita a constituição Federal. Sencura a liberdade de expressão em um país democrático. Lamentável vergonhoso!,Contas suspensas,1,0
"Hoje é dia de tentar entender como a sociedade e sua parcela de pensadores à esquerda permitiram que chegássemos neste momento de mega precarização.Da forma que eu analiso e posso sustentar em debate, grande parcela está em como tds viraram as costas aos taxistas.  #BrequeDosApps",Não importa contra quem censura não ditatudra STF não #FreedomOfSpeech,Contas suspensas,0,0
O que vcs acham do STF ?,Aqui não temos um tribunal constitucional e sim o tribunal bolivariano do Brasil para implantar a censura e comunismo em nosso país.,Contas suspensas,2,0
"Aquele feladaputa se manifestou a respeito da censura imposta a seus puxa-sacos ou vai fazer como sempre:  deixa q se fodam, protege só a si mesmo e aos filhos?",Tá quieto ainda.,Contas suspensas,2,0
URGENTE: SENADORES impeachment de Alexandre de Moraes é IMPERATIVO.Será q não existem 41 Senadores dignos para pressionar o Batoré? A culpa dos atos desse ditador vem da omissão d vcs. Senador que não se posicionar abertamente é a favor da CENSURA! #ImpeachmentAlexandreDeMoraes,"Sim existe, vc não vê a bosta que está o Brasil. Nem o mais sábio consegue ajustar essa merda toda, onde só tem aproveitadores ilícitos, fora os que gostam do jeitinho p tudo  Existe mas não aqui neste mundo de merda onde só bosta quer dar ordem em pessoas honestas",Contas suspensas,2,0
"Para quem defendia a morte do presidente, defender a CENSURA é fichinha. Não querem apenas calar o Presidente e seus apoiadores, mas calar e se possível matar. Não lute hoje e amanhã você estará na VENEZUELA.",O Maduro doBrasil é o Moraes. Ninguém põe a mão nele.,Contas suspensas,2,0
Roberto Jefferson em Os Pingos nos Is #STFNaoVaiNosCalar,"Como muitos falam do , que ele foi #DELATOR do #MENSALÃO, ele NÃO FOI, ele foi o que DENUNCIOU O MENSALÃO, bem diferente, agora ele mesmo, irá fazer o mesmo com o STF, irá #DENUNCIAR A PODRIDÃO QUE LÁ EXISTE, só não o APOIA quem não quer ver os #BANDIDOS CAIREM !",Contas suspensas,2,0
"Não importa a sua posição política  ou a sua ideologia, se vc comemora a decisão prolatada pelo Alexandre Moraes , isso só significa que vc não tem apreço nenhum pela democracia e pela liberdade. Crimes nas redes tem que ser punidos na lei. Censura NÃO.",CENSURA NÃO! #PL2630Nao,Contas suspensas,2,0
Hj realmente tá sendo um grande dia,coloco biquíni percebo o quanto tô magra e fico trist       grande dia,Contas suspensas,0,0
"Não há como aceitar a censura. Não há como aceitar que aplaudam a censura. Liberdade de expressão a todos, aqueles que pensam como eu e os que pensam de forma diferente.",Censura só p os apoiadores do Bolsonaro. Até quando???!!!  LIBERDADE!!!,Contas suspensas,1,0
Sigam-me por aqui.,"Contra a censura, siga aqui, a conta reserva do Allan!  #CensuraNao",Contas suspensas,2,0
"Grande dia p mim, cai da égua, meu ombro tá todo cortado Tô preparada pra mais, vem","O desânimo pra ir trabalhar é grande mas a dívida q eu tenho é maior, vamos de bom dia",Contas suspensas,0,0
"Eu concordo e procurei seguir seus pedidos de trégua desde o começo porque já temos preocupações o bastante com toda a censura e perseguição, mas hoje já não acredito mais que seja uma simples briga por ego ou relevância. É bem mais do que isso.",O Alexandre de Moraes não quer mais diálogo e vai até o fim. O recado hoje foi dado! Não dá mais pra ter trégua. Acabou a paz!,Contas suspensas,1,0
Recebi isso é achei de bom grado compartilhar com vocês,"...roteiro strictly followed , qual é a surpresa com a censura !?!?",Contas suspensas,2,-1
Os censurados pelo Twitter hoje:  Roberto Jeffesson Allan dos Santos Bernardo Kuster Edson Salomão Rodrigo Ribeiro Sara Giromini Edgard Corona Luciano Hang Otavio Fakhoury Marcelo Stachin Reynaldo Bianchi Júnior,"não é censura, o fascismo não tem que ter espaço",Contas suspensas,2,1
Nada apagará a chama da esperança que presenciamos nos olhos de cada um presente neste grande dia! Obrigado Juiz de Fora! Obrigado Minas Gerais!,Nada apagará a chama da esperança! Tenham uma ótima sexta-feira!,Contas suspensas,2,0
"Não há liberdade de expressão quando não podemos falar o que queremos, mas apenas o que nos permitem falar. Impedir preventivamente alguém de se expressar não tem outro nome: é censura. É por isso que, numa democracia, jornais podem ser processados, mas jamais podem ser fechados.",Liberdade sempre foi o bem mais precioso para o ser humano. Em todos os segmentos da vida.  #naoireimecalar,Contas suspensas,2,0
"Não há como aceitar a censura. Não há como aceitar que aplaudam a censura. Liberdade de expressão a todos, aqueles que pensam como eu e os que pensam de forma diferente.","Contra essa censura de liberdade já estamos programando nossos robôs patriotas com tecnologia 6G para divulgar essa atrocidade jurídica comunistas. Inclusive, divulgaremos em site pornôs, que dá mais visibilidade.",Contas suspensas,1,0
"Mesmo que eu escreva um único parágrafo por dia, ainda sim já vai ser uma grande evolução pra mim que to com um bloqueio do crlh","Gente que pedia AI-5 reclamando de censura kkkkkkk. Que ano, amigos",Contas suspensas,0,0
Os outros ministros do STF não farão nada para acabar com a censura imposta pelo ditador Alexandre de Moraes e puni-lo? Os Senadores não levarão adiante o impeachment?   Estou estudando todos os meios de ação que temos para agir.   A ditadura da toga não prevalecerá.,vc não sabia que bandidos protegem bandidos.,Contas suspensas,2,0
50 Rts e 30 Likes e eu posto sem censura,Sigam essa gostosa e deem muitos rts,Contas suspensas,2,0
Caralho to indignado que o Mandetta saiu antes da Ivy,Porra aí é foda mano,Mandetta,2,0
Como brasileiro agradeço o ministro Mandetta por sua atuação firme na Saúde. Por ter desempenhado seu papel ancorado na ciência e nas evidências. Compartilho do sentimento de milhões de cidadãos dizendo muito obrigado por reconhecer seu bom senso e  dedicação.,"E lamento, por saber que as pessoas não são levadas em consideração pelo presidente do Brasil.",Mandetta,2,0
"Bolsonaro demitiu Mandetta por ciúme, inveja e cálculo eleitoral e não foi divórcio consensual coisa nenhuma, mas meras ignorância,  irresponsabilidade, desumanidade e culto à morte, por fazê-lo em pleno pico da pandemia.","O pico da epidemia não será em maio e junho, segundo o próprio mandetta?",Mandetta,1,1
"Em sua despedida, Mandetta defende a vida, o SUS e a ciência. Três palavras incompatíveis com o atual governo.",Mais são compatíveis com o Mandetta,Mandetta,1,0
"Acabo de ouvir do presidente Jair Bolsonaro o aviso da minha demissão do Ministério da Saúde.  Quero agradecer a oportunidade que me foi dada, de ser gerente do nosso SUS, de pôr de pé o projeto de melhoria da saúde dos brasileiros e","O novo ministro parece não ser ruim , tomara q não baixe bola pro bolsona, seja bom ou ruim o ato da troca numa pandemia por motivos eleitoreiros é repugnante , ao Mandetta imagino a tranquilidade de sair dessa zona pouco antes do pico,",Mandetta,2,0
Bolsonaro acaba de demitir Mandetta do Ministério da Saúde....   quantos anos vocês fariam em 2021?  Me: 22,quantos anos vocês fariam em 2021? kk me: 16 k,Mandetta,2,0
"""E o Mandetta, a linha dele, como médico, era voltada quase exclusivamente para a vida"", disse Bolsonaro","Onde já se viu, um médico, ter a linha voltada pra vida, que absurdo!",Mandetta,2,0
"Agradeço ao Ministro Mandetta pelo trabalho e torço muito para que o novo titular seja guiado pela ciência, pela razão e cuide dos brasileiros com seriedade e competência.",Que assim seja,Mandetta,2,0
Hoje lemos na imprensa que o DEM quer aproveitar a popularidade do Mandetta para iniciar diversas ações futuras com a presença do ex-ministro. Está lançado o projeto Mandetta 2022. E seus defensores dizendo que ele não estava atuando politicamente...,Que popularidade? Só se for dos ratos do esgoto! Fumaram maconha estragada? A cocaína estava com veneno de rato? Só na cabeça desses cretinos que o cara tem alguma popularidade! Foi rechaçado pelo povo junto com o Caiado! Isso é golpe!,Mandetta,2,1
"Acabo de ouvir do presidente Jair Bolsonaro o aviso da minha demissão do Ministério da Saúde.  Quero agradecer a oportunidade que me foi dada, de ser gerente do nosso SUS, de pôr de pé o projeto de melhoria da saúde dos brasileiros e","Obrigado pelo trabalho prestado a toda população brasileira, Mandetta.   Fico triste por termos um incompetente como Presidente do País. Bolsonaro cada dia pior.",Mandetta,2,0
"Acabo de ouvir do presidente Jair Bolsonaro o aviso da minha demissão do Ministério da Saúde.  Quero agradecer a oportunidade que me foi dada, de ser gerente do nosso SUS, de pôr de pé o projeto de melhoria da saúde dos brasileiros e","tu fez o que podia frente ao semi analfabeto aue governa o pais, mandetta,",Mandetta,2,0
Mandetta está longe de ser unanimidade na comunidade médica,Esse CANALHA não é médico é só mais um político SAFADO igual ao #DitaDoria,Mandetta,2,0
No carnaval de rua Mandetta já era Ministro . Por que ele não alertou   e outros governadores que o Carnaval não era contagiante como disse  e sim contagioso. Ele sempre soube . Ele Mandetta colocou nosso país em risco. Ele é o verdadeiro genocida.,Depois dizem que Carnaval é bom pra economia. Carnaval é bom pra safadeza. E neste caso só deixa evidente a imparcialidade e ideologia esquerdista em ação.,Mandetta,2,0
"Moro: técnico; Guedes: técnico; Pontes: técnico; Marinho: técnico. Mandetta: POLÍTICO. E onde foi que deu problema? Exato. Mas a narrativa dos ""radicais de centro"" é que Bolsonaro o demitiu por ""vaidade"" ou ""inveja"". Sério?! Moro sempre foi mais popular e continua lá!",Inveja de quem mesmo??? É piada!!! Aquele cara de cavalo já foi tarde...,Mandetta,2,0
"Bolsonaro tem desvio de caráter e exonerou Mandetta por inveja. Ele não tem dimensão alguma sobre a gravidade do avanço do coronavírus no Brasil. Contra a ciência e o isolamento social, o presidente deu mais uma demonstração de irresponsabilidade com o país.","Quem não tem caráter é você, que só defende o Mandetta para criticar o Presidente! Você defender alguém do DEM é piada! Assim como o ex detento defendendo o Doria PSDB, é outra canalhice, para atacar o Presidente. E Bolsonaro mais uma vez acertou! Cadê o fundo eleitoral, inútil?",Mandetta,1,1
A demissão de Mandetta é um desastre. A boa notícia é que o presidente não escolheu Dr. Bumbum ou Dr. Rey para substituí-lo.,cadê a galera que falou que se o bozo demitisse o mandetta iam entrar com um processo de impeachment??? anda vamo,Mandetta,0,0
"""E o Mandetta, a linha dele, como médico, era voltada quase exclusivamente para a vida"", disse Bolsonaro","“Não tava alinhado com nosso governo. É que a gente gosta é de morte, tá okey”",Mandetta,2,0
"VOCÊ SABE QUEM É NELSON TEICH?  Henrique Mandetta (DEM-GO) acaba de ser exonerado depois de semanas de atrito com a presidência. Apesar de medidas coerentes com a OMS, o médico goiano foi substituído por Nelson Teich hoje à tarde. Quem ele é? O que quer para o SUS? Segue o fio!",excelente fio sobre o novo sinistro da saúde,Mandetta,2,0
"Bolsonaro demitiu Mandetta por ciúme, inveja e cálculo eleitoral e não foi divórcio consensual coisa nenhuma, mas meras ignorância,  irresponsabilidade, desumanidade e culto à morte, por fazê-lo em pleno pico da pandemia.",O que o Mandetta fez ??  Não se preparou para a Pandemia. Parou o país,Mandetta,1,1
"Todos que estão elogiando tanto Mandetta (agora) sabem que, indiretamente, estão elogiando a ESCOLHA DE BOLSONARO, né? Então admitem que ele montou uma boa equipe ministerial, ao menos? Ou só os que brigam ou saem se tornam bons?","Se eles era bom, porque deixou de ser?",Mandetta,2,1
"Acabo de ouvir do presidente Jair Bolsonaro o aviso da minha demissão do Ministério da Saúde.  Quero agradecer a oportunidade que me foi dada, de ser gerente do nosso SUS, de pôr de pé o projeto de melhoria da saúde dos brasileiros e","Bolsonaro acabou de demitir Mandetta, apenas por seguir recomendações da OMS e da comunidade cientifica. Estamos sendo governados por um genocida!",Mandetta,2,0
Meu comentário na  a respeito da troca no Ministério da Saúde:,"Tua análise é falsa e mentirosa . Mandetta passou a fazer política e já foi tarde. Vc é essa herda desse canal político distorce a informação, adapta aos teus interesses ideológicos . Zero credibilidade. Seguirei junto com meu presidente Bolsonaro . Continua tentando!",Mandetta,1,1
URGENTE! Bolsonaro chama Mandetta,Mas não se chama Jair?,Mandetta,2,0
"Em sua despedida, Mandetta defende a vida, o SUS e a ciência. Três palavras incompatíveis com o atual governo.",blz só não esquece que o mandetta defendia a privatização do sus até ontem e vai voltar a defender essa posição assim que for possível,Mandetta,2,1
"De acordo com a nova Pesquisa do Atlas, Mandetta tem aprovação de quase 80% dos entrevistados. Diante desse número e se o presidente Lula não puder concorrer, vocês votariam em quem para presidente?",Estamos cagando pro mandetta kkkkkkkkkkkkk,Mandetta,1,0
"Bolsonaro - gerador de instabilidades - não respira sem forjar conflito. Demitido Mandetta, volta agora as baterias contra o Parlamento. O presidente é crise dentro da crise.","Ele só pensa em confronto: sou o máximo, ninguém é melhor do que eu...",Mandetta,2,0
"Bolsonaro demitiu Mandetta por ciúme, inveja e cálculo eleitoral e não foi divórcio consensual coisa nenhuma, mas meras ignorância,  irresponsabilidade, desumanidade e culto à morte, por fazê-lo em pleno pico da pandemia.","Com todo respeito Neumanne mas acho que vc se apaixonou d+ pelo Mandeta. Talvez na sua casa a sua empregada lhe de ordens, presidente trocou Mandeta porque ele só pensa naquilo (eleição) e não em saúde do povo, não sejA ingênuo",Mandetta,2,1
"Em sua despedida, Mandetta defende a vida, o SUS e a ciência. Três palavras incompatíveis com o atual governo.","Ahora tu defende  ????? Capitão  obrigada por moda ouvir e demiti-lo. Se a esquerda o apoiava, é pôr que boa coisa não vinha.",Mandetta,2,1
"Quando vc vê Haddad, Joice, Dória e Witzel lamentando a saída de Mandetta do Ministério da Saúde, vc endossa a certeza que vc já tinha de que  estava certíssimo.",TÔ ADORANDO... SEM O PAU MANDETTA É MENOS UM COMUNISTA INFILTRADO. É ISSO AÍ QUE EU SEI.,Mandetta,2,0
Mandetta praticamente um comunista elogiando o SUS. Vamos ver se amanhã já estará defendendo o fim do SUS de novo.,"bolsonaro demitiu o mandetta por ele estar fazendo seu trabalho em meio a uma pandemia mundial caralho que presidente lixo, a gente vai morrer",Mandetta,0,1
Porque Mandetta se recusou a dizer quantos pacientes obtiveram cura e usando que medicamentos? O que ele tem a esconder e a quem interessa isso?,Aí tem!!!!!!,Mandetta,2,0
"Mandetta foi presidente de planos de saúde, foi contra os médicos cubanos e votou a favor do Teto de Gastos que tirou R$9 bilhões do SUS. É incrível que, com tudo isso, tenha perdido o cargo de Ministro por suas virtudes, não por seus vícios. Só no governo genocida de Bolsonaro.","Finalmente um comentário sensato aqui no Twitter.  O fato de Mandetta ter um pensamento alinhado com a direita brasileira e, mesmo assim ter sido demitido por ter aplicado as recomendações técnicas de sua profissão, é prova do caos que é esse presidente.",Mandetta,1,0
Bolsonaro só mandou o #mandetta ficar em casa.,"Alguém terá saudade deste puxa-saco? Ponham na cabeça: quem participa de governo fascista, fascista é. O resto é nhe-nhe-nhem.",Mandetta,0,0
"Sim, trocou Mandetta por pura vaidade.",Trocou um político por um técnico. Mandetta pode começar a campanha pro governo do MS agora.,Mandetta,1,1
"Ao amigo e colega médico , missão cumprida! Fez do nosso País, com todas as suas limitações na área da Saúde, referência internacional de como enfrentar a propagação do coronavírus. Salvou milhares de vidas. Obrigado.","Parabéns Mandetta! Fará muita falta, Deus seja contigo...",Mandetta,2,0
"O Mandetta vai ser demitido e o médico que vai ficar no lugar é, provavelmente, contra o isolamento social. Cês tem noção da merda?",a gente vai morreeeeer,Mandetta,2,0
"Mandetta estava atrapalhando o cumprimento da cota, o Brasil recebeu os caixões da F.E.M.A e não estava usando, a redução populacional não avançou por aqui, mas agora com a chegada do inverno, aliado as novas 'medidas de combate' do novo ministério da saúde, subiremos no ranking.",Parabéns Mandetta pelo serviço prestado ao país. Só por aqui mesmo para ser demitido por trabalhar bem.,Mandetta,0,0
"Ué, tá reclamando? Não foi vc mesmo que o indicou como um nome muito melhor que o Mandetta quando este foi anunciado em 2018? Kkkkkkkkkkk",Kkkkkkkkk Bolsonaro aceitou o pedido do Nando Moura. E agora ele reclama.... Ta doidão...,Mandetta,2,0
Morre um ministro. Nasce um candidato?,"Depende candidato a que. Vai ficar difícil pra imprensa/mercado escolher o seu herói pós Bolsonaro: Doria, Mandetta, Maia, Huck? O Bolsonaro é o mais fácil de ser descartado por quem colocou ele lá, mas o que vão fazer com o Moro?",Mandetta,1,0
"Acabo de ouvir do presidente Jair Bolsonaro o aviso da minha demissão do Ministério da Saúde.  Quero agradecer a oportunidade que me foi dada, de ser gerente do nosso SUS, de pôr de pé o projeto de melhoria da saúde dos brasileiros e","Mandetta vai tarde, não deveria nunca estar na equipe do Governo.",Mandetta,2,1
"Mandetta foi presidente de planos de saúde, foi contra os médicos cubanos e votou a favor do Teto de Gastos que tirou R$9 bilhões do SUS. É incrível que, com tudo isso, tenha perdido o cargo de Ministro por suas virtudes, não por seus vícios. Só no governo genocida de Bolsonaro.","Devia ser crítico de cinema ,em um texto vc fala mal do Mandetta e em outro do Nelson ,o q importa é a crítica ao genocídio?",Mandetta,1,1
Isso daria até filme: “O estranho caso do médico que se preocupava com a saúde das pessoas”.  O cara só abre a boca pra falar m...,"""E o Mandetta, a linha dele, como médico, era voltada quase exclusivamente para a vida. É logicamente mais importante, mas o efeito de uma quarentena muito rígida que fizesse as pessoas mais humildes perderem seu emprego ou até seu ganha-pão, poderia levar a um ponto em que a",Mandetta,1,0
Esse é o sucessor de Mandetta no Ministério da Saúde #BolsonaroVirus,Ou seja ele vai fazer o #SUS entrar em colapso e vai deixar o aleatório dos óbitos... #ForaBolsonaroUrgente,Mandetta,2,0
"Mandetta era um dos poucos desse governo que exaltava a CIÊNCIA, e foi justamente isso que fez Bolsonaro o demitir  Todos sabem que ele não acredita em ciência, é ignorante, não tem capacidade nem de entender os dados que chegam das secretarias de saúde.  É, estamos fodidos!","gente, sério  não é possível",Mandetta,2,0
The “Brazil’s Fauci” analogies only go so far. Mandetta is clearly interested in a political career after leaving ministry and playing up drama to grab headlines. It doesn’t mean he’s wrong on the issues.... but Fauci is beloved in US precisely because he’s seen above politics,"Essas analogias... no Brasil não existe isso de personalidade acima da política. Sujeito é querido nego já idealiza no Planalto. A não ser o Guga, que serviria como retrivier.",Mandetta,2,-1
"Mandetta saiu chorando sabendo o que é o SUS, e louvando-o. Graças a Deus ele não teve tempo de privatiza-lo, como foi sua missão inicial no ministério. Os desígnios da vida são implacáveis. Acho que entrou Saulo de Tarso e saiu Paulo. Um convertido ao SUS.","Mandetta  Como a especialidade dele era planos de Saúde,  Ele não conhecia muito bem o SUS.  Foi preciso a pandemia do coronavirus para ele compreender a dimensão do Sistema Único de Saúde...  Ficou no mínimo, um pouco MENOS golpista!!",Mandetta,1,0
"Em sua despedida, Mandetta defende a vida, o SUS e a ciência. Três palavras incompatíveis com o atual governo.","Esquerda defente:  Aborto, Roubo no SUS e em tudo e chama OMS de ciência. Se estão com Mandetta, boa coisa ele não era pra os brasileiros! Tinha minhas duvidas, mas não mais.",Mandetta,1,1
"Em sua despedida, Mandetta defende a vida, o SUS e a ciência. Três palavras incompatíveis com o atual governo.","Haddad, votei em você, mas sem forçar a barra, né? Mandetta NUNCA JAMAIS EM HIPÓTESE ALGUMA DEFENDEU O SUS. Não é porque ele fez o mínimo como médico, que vou esquecer da conduta anterior dele. Menos aí por favor! Agradeço",Mandetta,2,1
"Mandetta era um dos poucos desse governo que exaltava a CIÊNCIA, e foi justamente isso que fez Bolsonaro o demitir  Todos sabem que ele não acredita em ciência, é ignorante, não tem capacidade nem de entender os dados que chegam das secretarias de saúde.  É, estamos fodidos!","Mais burro e ignorante q ele, só quem colocou ele nesse cargo. Oremos!",Mandetta,2,0
"""E o Mandetta, a linha dele, como médico, era voltada quase exclusivamente para a vida"" - Jair Bolsonaro, presidente do Brasil",Absurdo a vida ser prioridade em uma pandemia como essa. Maizome,Mandetta,2,0
*As máscaras que Mandetta comprou (s/ licitação da empresa q. financiou sua campanha) pelo dobro do preço do mercado.* Veja a qualidade das máscaras p/o Hospital Universitário da UFG.O  quer proteger o profissionais?,"tão preocupado com as  vidas dos profissionais,meus médicos, o maledetto falava,e agora olha o material entregue a preço de ouro, mas  com proteção a preço de urina.....",Mandetta,2,0
"Bateu de frente com cientistas e médicos melhores preparado,tb, Mandetta é político (fala bem,mente bem,ignora bem os fatos/estudos contrários,e ganhou moral a custa do Bolsonaro)Ele provavelmente concorrer a um cargo importante em breve, talvez vice do Rogério Maia à Presidência","Sim, Mandetta também é político. Não, ele não bateu de frente com melhores médicos e cientistas, pelo  contrário. Mandetta estava seguindo a orientação de grande parte de médicos e cientistas do mundo. A minoria dessa área que é contra as medidas atuais adotadas.",Mandetta,1,1
"“O meu maior predicado em gerenciar crises a vida inteira foi a de ser torcedor do Botafogo""  - Luiz Henrique Mandetta, ex-ministro da Saúde.",como o Bolsonaro demite um cara que teve o maior teste de resistência pra enfrentar crises???????????,Mandetta,2,0
"""E o Mandetta, a linha dele, como médico, era voltada quase exclusivamente para a vida"", disse Bolsonaro","Pois é, até onde sabemos um médico se importa com a vida das pessoas, afinal essa seria a função da saúde, não?",Mandetta,2,0
Tá certo. Quando se referiu aos “técnicos” você não estava se referindo ao Mandetta.,"Ué, só o Mandetta é técnico nessa merda de governo? Que bosta hein amigão?  Se o Mandetta é o único técnico, imagina o resto...",Mandetta,1,1
"Bolsonaro diz que podem perguntar pq decidiu substituir Mandetta. Explica o presidente durante a posse do novo ministro da Saúde: diz que visão de Mandetta era da Saúde, da vida. A sua é, além da vida, a da economia, a do Paulo Guedes.","""Visão além da vida""? Então seria... a morte? Esse cara se supera a cada dia.",Mandetta,2,0
"Em sua despedida, Mandetta defende a vida, o SUS e a ciência. Três palavras incompatíveis com o atual governo.",É incrível como os comunistas defendem o ladrãozinho do Mandetta né. Já estou convencido de que Mandetta era um espião infiltrado no governo. Mas ainda bem que foi descoberto em tempo né.,Mandetta,1,1
"A maioria esmagadora dos brasileiros é contrária à demissão de Mandetta: 76,2% dos entrevistados discordam do afastamento do ministro da Saúde, segundo pesquisa realizada pelo Atlas Político. Vc concorda com o resultado da pesquisa?   via",TOTALMENTE  ENGANADO VOCÊ FICARIA COM UM ASSESSOR QUE NÃO SEJA DA SUA CONFIANÇA CHEGA DE HIPOCRISIA,Mandetta,2,1
Que vergonha alheia. Qual é a necessidade disso? Não tem nenhum motivo pra celebrar.,"A missão do Mandetta era causar e com a ajuda extrema-mídia conseguiu, por isso a comemoração.  Nunca foi pelo Brasil.  #ForaMaia",Mandetta,1,0
Como brasileiro agradeço o ministro Mandetta por sua atuação firme na Saúde. Por ter desempenhado seu papel ancorado na ciência e nas evidências. Compartilho do sentimento de milhões de cidadãos dizendo muito obrigado por reconhecer seu bom senso e  dedicação.,"Ele era do ministério da saúde ou do ministério das estatísticas?? Pq só oque ele apresentou foram números de mortos e de infectados e falar sobre o isolamento eh uma coisa óbvia,não estou passando pano para o Bolsonaro mas o Mandetta só era bom de entrevista.",Mandetta,1,1
"Bolsonaro pode até achar que ganhou o jogo.  Não ganhou, perdeu. Acompanhado de velhas raposas do DEM, Luiz Henrique Mandetta armou a cama para o presidente deitar… E ele deitou.  A conta vai chegar nos próximos meses.  Análise no vídeo.",olha que análise!!,Mandetta,2,0
"""E o Mandetta, a linha dele, como médico, era voltada quase exclusivamente para a vida"", disse Bolsonaro","esse cracudo infeliz precisa urgentemente de umas aulas de oratória e retórica, fica difícil não chamar de genocida quando ele reclama da VIDA",Mandetta,2,0
"""E o Mandetta, a linha dele, como médico, era voltada quase exclusivamente para a vida"", disse Bolsonaro",Onde já se viu né? Absurdo. Um médico preocupado com isso.,Mandetta,2,0
"""E o Mandetta, a linha dele, como médico, era voltada quase exclusivamente para a vida"", disse Bolsonaro","Ué, mas médico se preocupa com o que? Pneu de carro?",Mandetta,2,0
"""E o Mandetta, a linha dele, como médico, era voltada quase exclusivamente para a vida"" - Jair Bolsonaro, presidente do Brasil",Mas a função exclusiva do Ministro da Saúde não é essa de zelar pela saúde e vida da população??? Na vdd ele busca alguém q atue da forma q ele deseja  O Ministério tem que caber no discurso e vontades dele. Já bate o desespero aqui!,Mandetta,2,0
"Acabo de ouvir do presidente Jair Bolsonaro o aviso da minha demissão do Ministério da Saúde.  Quero agradecer a oportunidade que me foi dada, de ser gerente do nosso SUS, de pôr de pé o projeto de melhoria da saúde dos brasileiros e","A decisão do presidente Bolsonaro de demitir Mandetta, que vinha fazendo um bom trabalho, é um erro. O que está em jogo é o conhecimento técnico e científico contra o 'achismo'. É um absurdo que outros interesses estejam acima da saúde e até mesmo da vida dos brasileiros.",Mandetta,2,0
Fácil falar que o Mandetta fez um bom trabalho quando na verdade esse trabalho só coube a camada média pra alta.  Quem mora na favela / periferia n sabe nem oq eh quarentena.,"Eh muuuito difícil implantar uma quarentena TOTAL em um país onde a maioria da população vende o almoço pra pagar a janta. Comparar o Brasil com qualquer outro país do norte eh muito escroto, pq talvez as medidas não sejam igualmente efetivas",Mandetta,2,0
"Bolsonaro cometeu um erro grave ao demitir Mandetta no meio da pandemia do coronavírus. E errou feio, de novo, ao escolher um ministro da Saúde que não tem qualquer conhecimento sobre o SUS e a realidade do sistema público do país. #BolsonaroVirus","Sai da ai boca de sapo não sei que Sima essa por Mandetta para de chora conde Drácula agora não te como alterar os números de óbito no Brasil, ser fundeu",Mandetta,1,1
Eu quero o Mandetta de volta   Eu querooo o Mandetta de VOLTA Vcs q votaram no Bolsonaro podem ir resolver as merdas q ele anda fazendo!   #ForaBolsonaro,Demorou. Não respeitava a hierarquia. Fez um bom trabalho.  Adeus.  Desejo um bom trabalho ao novo ministro da saúde  e que seja muito bem-vindo ao universo bolsonarista #SomosTodosBolsonaro   #ForaMaia  #MandettaFicaEmCasa,Mandetta,2,1
"Muita gente tratando como gesto de alguém que estaria perdido, mas tem mais cálculo do que aparenta. Mandetta caiu, ele precisa de um novo bode expiatório. Rodrigo Maia foi o escolhido.  Mas lembro que Dilma fez essa mesma escolha contra Cunha em 2015.","Gretta,Macron,Globo,esquerda,Lula, Rodrigo Maia, presidente da OAB,  Mandetta ... O cara briga com todo mundo.",Mandetta,1,0
"Mandetta transformou sua demissão em espetáculo midiático. Prestes a ser chutado, denunciou a sabotagem de Bolsonaro em entrevista ao vivo na TV",E bem a cara dos esquerdistas mesmo. Sempre se vitimizando!!!,Mandetta,2,0
Pro Mandetta essa demissão foi a melhor coisa que poderia acontecer. As milhares de mortes que virão não vão cair no colo dele e ele chega na próxima eleição (senado ou governo) com discurso pronto. E por fim vai curtir o isolamento de pijamas assistindo vale a pena ver de novo,Demissão de ministro da Saúde  afasta DEM e Bolsonaro de vez  * #PegaFogoCabaré,Mandetta,0,0
"Falei do Mandetta ontem na minha redação e hoje o Bolsonaro demite ele, a gnt tá muito na merda msm, pqp",Sai o Mandetta e entra um  nazista que só pensa em dinheiro e desvaloriza a vida. Ainda terá Bolsominion para aplaudir o mito????,Mandetta,0,0
"O Teich disse praticamente tudo que o Mandetta falou. Não muda o isolamento, economia também é importante, há que se investir em pesquisa. Mandetta também falava que no futuro se encerraria o isolamento. Nada significativo. Por que trocou, então? Porque o ministro se destacou?",Pq ele Era mais Bonito e Charmoso que O Bolsonaro oras.... Rsrsrs,Mandetta,2,0
"Mandetta agora vê se fica em casa, ao invés de ficar querendo aparecer dando entrevista pra atrapalhar o nosso país!!! Isolamento taoquei????","MANDETTA é Maia, então, #ForaMaia",Mandetta,0,0
"apenas 9 milhões de pessoas são ""aprovadas"" pra receber o auxílio????? Mandetta demitido, Bolzo volta a defender o fim do isolamento e fala que governo n é fonte de socorro pro povo???? VTNC #BolsonaroVirus #ForaBolsonaroGenocida","Saiu o Mandetta ultra-liberal e vai entrar o megazord do liberalismo.  Do jeito que ta indo, quem vai morrer junto na crise do corona é o SUS.",Mandetta,0,0
não estou assistindo espero ver o video depois,"Assista depois, Carmen. Foi uma declaração de guerra na CNN AO VIVO. E, me chamou à atenção: o Presidente Jair Messias Bolsonaro afirmou que foi com dor no coração e tristeza que demitiu Mandetta. Me surpreendeu!!",Mandetta,2,0
#JornalNacional  A intenção de distorcer a notícia sobre a saída de Mandetta parece não ter dado muito certo. A edição da fala do Presidente da República falhou.  #GloboLixo,#RedeInfoNews #Mandetta #Bolsorano #Panelaço Mandetta: Cidades brasileiras registram panelaço contra Bolsonaro após demissão de ministro,Mandetta,0,0
"o discurso do novo ministro é chover no molhado, PARA MIM fica claro que a demissão de #mandetta foi apenas um problema de ego abalado do napoleônico bolsonero",chama o Mandetta!!!!,Mandetta,0,0
"Uma coisa óbvia tem que ser dita, mesmo assim.  Quem acha que o centro vai preferir o Ciro a ponto dele poder continuar batendo no PT desse jeito descuidado tá absolutamente equivocado.  Porque que centro e centro-direita vão preferir ele com Dória, Mandetta ou Huck no páreo?",Desses somente Doria será candidato. Esqueça Huck e Mandetta pq eles não serão.,Mandetta,1,0
"""E o Mandetta, a linha dele, como médico, era voltada quase exclusivamente para a vida"" - Jair Bolsonaro, presidente do Brasil",Ministro da saúde seria para?????,Mandetta,2,0
"""E o Mandetta, a linha dele, como médico, era voltada quase exclusivamente para a vida"", disse Bolsonaro",Eu não aguento mais,Mandetta,2,0
"""E o Mandetta, a linha dele, como médico, era voltada quase exclusivamente para a vida"", disse Bolsonaro",Ele precisa de alguém que seja voltado para a morte,Mandetta,2,0
Pequena enquete: Qual sua opinião sobre a saída do Mandetta do ministério nesse momento? pra espalhar.. #CoronavirusPlantao #MandettaDEMITIDO  #coronavirusbrasil #CONVID19,"O problema nunca foi o Mandetta. O problema sempre foi a inabilidade do GF, em  fazer o que lhe compete. Pandemia não é para fazer política!",Mandetta,1,0
Morre um ministro. Nasce um candidato?,Kkkkk. Nao esquecemos quem é Mandetta e que ele quis acabar com o SUS.,Mandetta,1,1
Este palerma do bolsonaro deve estar a querer mostar ao mundo que consegue ser mais otário que o trump. .,Até Mandetta saiu e a Ivy não  #BBB20,Mandetta,0,0
URGENTE: Bolsonaro demite Mandetta do Ministério da Saúde; oncologista Nelson Teich vai assumir o cargo,Plantão da Globo para informar que o Mandetta foi demitido  Jair Bolsonaro e o seu grande ego que não consegue ver ninguém trabalhando melhor que ele (coisa que não é difícil).,Mandetta,2,0
"Bolsonaro acaba de demitir Mandetta, ministro da saúde. O que acharam?",Entrar no Twitter depois da demissão do Mandetta é pedir pra surtar querendo dar paulada em bolsominion pqp,Mandetta,0,0
"Até vcs antagonista ? Parecendo a folha que deu hadaad presidente do brasil , vergonha de imprensa",Os podres do Mandetta.,Mandetta,2,0
O presidente da Câmara tem em sua gaveta um pedido de impeachment de Jair Bolsonaro com mais de 1 milhão de assinaturas. A demissão de Mandetta hoje reacende a urgência de o Brasil demitir Jair Bolsonaro. #RecebeMaia #ForaBolsonaro #ImpeachmentJá,Então  cai rolar ou não o #ImpeachmentDoBolsonaro ?,Mandetta,2,0
Vamos olhar esta história pelo ponto de vista do DEM: Bolsonaro vs Mandetta.  O que o ministro da Saúde e seu partido sabiam há duas semanas?  No fio.  1. Bolsonaro não estava feliz com Mandetta e queria demiti-lo.,"Bolsonaro, Mandetta e o DEM. Segue o fio:",Mandetta,2,0
Demissão de Mandetta é rejeitada por 76% dos brasileiros,"Fake News, não existem pesquisa que aponte isso, a não ser na cabeça do editor deste meio de comunicação. Depois que Mandetta deu a entrevista para o Fantástico, a rejeição dele é de 75%.",Mandetta,1,1
"""E o Mandetta, a linha dele, como médico, era voltada quase exclusivamente para a vida"", disse Bolsonaro",Ué e como ministro da saúde não deveria ser????,Mandetta,2,0
"Tchau, querido!",cansada que vcs não sabem ponderar nada. Mandetta era um merda mas tava fazendo um bom trabalho.,Mandetta,2,1
Mandetta? Pelé? Este cachorrinho do DEM não chega no nível do Perdigão.,Mandetta e Perdigão é ofensa ao Perdigão. O ex-ministro tá no nível do Bressan.,Mandetta,1,0
"Mandetta era um dos poucos desse governo que exaltava a CIÊNCIA, e foi justamente isso que fez Bolsonaro o demitir  Todos sabem que ele não acredita em ciência, é ignorante, não tem capacidade nem de entender os dados que chegam das secretarias de saúde.  É, estamos fodidos!","Enquanto isso, meus pais: bem feito, petista, cachaceiro, ladrão, isso é culpa do lula, comunista, foi comprado pela China",Mandetta,2,0
Eu apoio a decisão do presidente  em demitir o Henrique Mandetta do Ministério da Saúde. Qual é a sua opinião?,Já tinha que ter demitido antes.,Mandetta,2,0
"Bolsonaro demitiu Mandetta por ciúme, inveja e cálculo eleitoral e não foi divórcio consensual coisa nenhuma, mas meras ignorância,  irresponsabilidade, desumanidade e culto à morte, por fazê-lo em pleno pico da pandemia.","Ai  menos né, o Mandetta não é esse tesouro todo, e a vedade está começando a aparecer.",Mandetta,1,1
"Ué, tá reclamando? Não foi vc mesmo que o indicou como um nome muito melhor que o Mandetta quando este foi anunciado em 2018? Kkkkkkkkkkk","Em 2018, Nando Moura criticava Mandetta e apontava Nelson Teich como uma opção melhor...  Agora defende o Mandetta e tenta desmoralizar o Nelson...   Esse cara virou uma piada",Mandetta,2,0
"O elogio emocionado de Fernando Haddad a Henrique Mandetta foi a coisa mais bonita da novela viral desde o enlace entre João Dória e Lula da Silva. Se você não entendeu agora o enredo, não vai entender nunca mais.",Não vi; não me emocionei. Estavam engatados?,Mandetta,2,0
"Em sua despedida, Mandetta defende a vida, o SUS e a ciência. Três palavras incompatíveis com o atual governo.",o mandetta defende o sus sim  confia,Mandetta,2,1
"BOLSONARO BRIGOU COM  Magno Malta Bebiano Frota Joice Major Olímpio Bivar Dória Witzel Caiado Maia Alcolumbre STF OAB Imprensa Mulheres Índios Universidades Gays Médicos cubanos Atores de Hollywood Todos os cientistas do mundo E com Mandetta.  O Mundo é errado, só ele é certo!","Então, façam alguma coisa. Ele é o perigo",Mandetta,2,0
"Bolsonaro demitiu Mandetta por ciúme, inveja e cálculo eleitoral e não foi divórcio consensual coisa nenhuma, mas meras ignorância,  irresponsabilidade, desumanidade e culto à morte, por fazê-lo em pleno pico da pandemia.","Bozo espera que herr Nelson Reich, o Ministro da Morte, faça o q Mandetta não quis ou não teve tempo de fazer.",Mandetta,1,0
"O Mandetta foi demitido por não ser um imbecil negacionista da ciência, tal qual seu chefe. Basicamente isso.","nossa que ódio imagina só demitir o único competente nesse governo, mandetta volte agora!!!",Mandetta,0,0
será que quem tá comemorando a saída do mandetta sabe que se não estivéssemos em quarentena os números de mortos e infectados estaria PIOR?,ai gente sinceramente o bozo tirou o mandetta e colocou o nelson teich PQP,Mandetta,0,0
"A demissão de Mandetta não passa de um acerto de contas por parte de um chefe que, no auge de sua mediocridade, não tolera um auxiliar se destacando mais do que ele. Um comportamento irresponsável de quem está mais preocupado com sua reeleição do que em salvar vidas.",Primeiro vc deve devolver todo dinheiro desviado depois sua excelência emite sua opinião.,Mandetta,2,1
"Bolsonaro: ""É direito do Mandetta defender seu ponto de vista como médico. Mas a questão do emprego não foi tratada da forma como eu queria. Não o condeno. Ao longo do tempo, a separação se tornava cada vez mais uma realidade. Mas não podemos perder o trabalho feito até agora"".","""Ponto de vista, como médico"". Qual a parte de que o cara era TÉCNICO que esse desgraçado não entende???????? Olha gente, que Jesus nos proteja.",Mandetta,2,0
"Após a saída do Mandetta, quem deveria ser o próximo a abandonar a vida pública? Comente!",O próximo tem que ser o Dória,Mandetta,2,0
"Acabo de ouvir do presidente Jair Bolsonaro o aviso da minha demissão do Ministério da Saúde.  Quero agradecer a oportunidade que me foi dada, de ser gerente do nosso SUS, de pôr de pé o projeto de melhoria da saúde dos brasileiros e","Bolsonaro é tão lamentável que me faz estar, nesse momento, ao lado de um lobista dos planos de saúde. Apesar de tudo, a demissão do Mandetta, hoje, é um grande perda. Espero que o novo ministro siga tomando decisões com base nos estudos científicos qualificados.",Mandetta,2,0
"Acabo de ouvir do presidente Jair Bolsonaro o aviso da minha demissão do Ministério da Saúde.  Quero agradecer a oportunidade que me foi dada, de ser gerente do nosso SUS, de pôr de pé o projeto de melhoria da saúde dos brasileiros e","Pelo Twitter, Mandetta anuncia que foi demitido do Ministério da Saúde:",Mandetta,2,0
"A pasta da Saúde, por si só, é 1 enorme desafio.Mandetta o encarou de frente, com coragem e correição. Sai do Ministério com credibilidade fortalecida pela ciência. Agora, nos resta desejar q o novo Min. encontre a solução necessária para q possamos superar esta difícil travessia","Afinal de contas o que o Mandetta fez?  Deixou faltar vacina DTP no país, não temos testes para as equipes de saúde, deixou o carnaval espalhar o vírus, os hospitais de campanha do RJ ainda não estão prontos.",Mandetta,1,1
"""E o Mandetta, a linha dele, como médico, era voltada quase exclusivamente para a vida"", disse Bolsonaro","ministro da saúde, demitido por se preocupar exclusivamente com a saúde",Mandetta,2,0
"Mandetta cavou a própria demissão. Se aproximou da esquerda e desafiou o representante do povo, Bolsonaro, o responsável por sua nomeação. Uma coisa ensinam nos quartéis que todos deveriam seguir, seja justo e saiba valorizar quem te levantou. Mandetta perdeu na infidelidade.",Quem levantou mandetta foi a ciência e não a ignorância. Isso a gente aprende na escola.,Mandetta,1,1
"Bolsonaro demitiu Mandetta por ciúme, inveja e cálculo eleitoral e não foi divórcio consensual coisa nenhuma, mas meras ignorância,  irresponsabilidade, desumanidade e culto à morte, por fazê-lo em pleno pico da pandemia.","Mandetta estava perdidinho, não ouviu os infectologitas serios,prescipitou? foi armação junto a Botafogo? net cheio de relatos com falsos positivos. agora pico em agosto? venha pra rua e ouça povo",Mandetta,1,1
"O Brasil e suas contradições. Ministro da Saúde sai do governo em meio a uma pandemia cantando... “é bonita, é bonita e é bonita”.",Médico não abandona paciente etc. Mandetta é só mais um cínico,Mandetta,2,0
"""E o Mandetta, a linha dele, como médico, era voltada quase exclusivamente para a vida"", disse Bolsonaro",Mas que absurdo o Ministro da Saúde pensar em salvar vidas,Mandetta,2,0
"Em sua despedida, Mandetta defende a vida, o SUS e a ciência. Três palavras incompatíveis com o atual governo.",E com o próprio Mandetta,Mandetta,2,1
"Bolsonaro demitiu Mandetta por ciúme, inveja e cálculo eleitoral e não foi divórcio consensual coisa nenhuma, mas meras ignorância,  irresponsabilidade, desumanidade e culto à morte, por fazê-lo em pleno pico da pandemia.",ou você é inocente ou você é cúmplice do proletariado esquerdista   Vou lhe mostrar umas 10 m*rdas que o mandetta fez  que eu me lembro agora.  Vc aceitar é um direito seu + seja no mínimo justo   Ver sequência... Continua  #ForaMaia,Mandetta,1,1
"Ele deveria fazer igual a inspetora Sierra e divulgar tudo que sabe numa coletiva de imprensa. Fica a dica, Mandetta.",fica a dica,Mandetta,2,0
Eu prefiro a turma que não brinca com pandemia e que não torce contra ministro que faz a coisa certa só pq deixa o mito zangado,"É fácil defender a quarentena do Mandetta qdo vc trabalha em casa, e mais gente ociosa em casa significa mais gente no You tube q significa mais $$$ no seu bolso...Fora isso, qual foi a outra ""coisa certa"" realizada por Mandetta? Alguém pode me esclarecer? #foraMaia",Mandetta,2,1
"Em sua despedida, Mandetta defende a vida, o SUS e a ciência. Três palavras incompatíveis com o atual governo.","Canalha, oportunista!",Mandetta,2,1
"Mandetta estar  sendo defendido por Maia, Alcolumbre, Haddad ,Dória,imprensa  e milhares  de haters  esquerdistas.  Bolsonaro Tem RAZÃO.",Ele está sendo defendido por 80% dos brasileiros.  Use argumentos.,Mandetta,2,1
"""E o Mandetta, a linha dele, como médico, era voltada quase exclusivamente para a vida"", disse Bolsonaro",Ainda bem que o médico prioriza a vida.  Pro médico mandetta,Mandetta,1,0
Ver toda essa gente defendendo o Mandetta... eu avisei!  tem razão desde o início. Segue o jogo!,Quando eu vejo a esquerda defendendo algo aí eu falo Bolsonaro com toda razão.,Mandetta,2,0
"Acabo de ouvir do presidente Jair Bolsonaro o aviso da minha demissão do Ministério da Saúde.  Quero agradecer a oportunidade que me foi dada, de ser gerente do nosso SUS, de pôr de pé o projeto de melhoria da saúde dos brasileiros e","Esse presidente parasse q tá na 5 série, desrespeito, falta de caráter, vaidade pq não aguentou Mandetta ser titulado como bom profissional e sensato! #ForaBolsonaro",Mandetta,2,0
"A saída do Mandetta é um absurdo, mas não esqueçam quem ele era, o que ele sempre defendeu, como ele foi contra o Mais Médicos, criou políticas a favor dos planos de saúde...",Agora que o Mandetta saiu eu só dou uma dica pra vocês: se munam de informação se for preciso com base até em pesquisas do exterior.  Não deixem a família de vocês acreditarem no presidente... nossas vidas não importam pra ele!,Mandetta,0,0
"Você, assim como o Bolsonaro deve ser ""especialista"" em pandemia de COVID-19. Quem não sabe nada é o ex ministro e todos os outros profissionais da  Saúde. Junte-se a Bolsonaro e vá com ele para o epicentro da pandemia.  Ele não abandonou, Mandetta foi impedido de continuar.",Mandetta fez de tudo para não continuar.,Mandetta,1,1
"Nelson, manda devolver essa merda que o Mandetta importou da china comedora de morcego!",bandido! Colocando em risco pacientes e profissionais de saúde! Vc foi tarde!,Mandetta,2,0
"Desejo ao Dr. Nelson Teich novo Ministro da Saúde, BOA SORTE.  Ao Dr. Luiz Henrique Mandetta ex Ministro, Muito Obrigado por Tudo.  DEUS Abençoe e Guarde a todos nós.","eu tava no cagaço do dia que eu ia ler essa notícia da demissão do Mandetta, agora vamos de enfiar goela baixo a cloroquina pelo novo ministro. E DEUS POR FAVOR QUE NAO SEJA O OSMAR TERRA EU TE IMPLORO",Mandetta,0,0
"Moro: técnico; Guedes: técnico; Pontes: técnico; Marinho: técnico. Mandetta: POLÍTICO. E onde foi que deu problema? Exato. Mas a narrativa dos ""radicais de centro"" é que Bolsonaro o demitiu por ""vaidade"" ou ""inveja"". Sério?! Moro sempre foi mais popular e continua lá!","Mandetta não é técnico por qual critério? No mínimo técnico e político. Moro não vai ser demitido pq a popularidade dele derrete junto, Constantino. Agora vc está usando pesos que não são equivalentes",Mandetta,1,1
Mandetta fica como prova didática de que nem para um grande canalha é negada a chance de defender o óbvio. Até um cretino pode se posicionar do lado da ciência e da vida.,Definição mais cirúrgica que li sobre o papel do Mandetta.,Mandetta,1,0
"No meio de uma pandemia mundial o bonitão demite o Mandetta que tava combatendo a doença, junto com toda equipe de saúde. Ah, vsf.","Bolsonaro é um rato oportunista. Demitiu Mandetta por puro ego e fundamentalismo, e agora fica exaltando o ex-ministro. Pegar bigú na popularidade pode, né?",Mandetta,0,0
"Olha o discurso do Bolsonaro cara  sério, o retardado apenas comentou o que todo mundo já sabe e ainda sim demitiu o Mandetta. Mandetta foi culpado por se preocupar com a saúde não a economia, mas então ele deveria ser o presidente não ministro da saúde né?","Se não for feito como o querido quer tá errado, sendo que o errado é ele.",Mandetta,2,0
