tweet_1,tweet_2,Class,P(NoConflict),P(Conflict),Conflict,Tipo
"- Apesar de Cientistas Esquerdistas Comunistas das Federais confirmarem que a Cloroquina não é eficiente contra o Corona vírus! - Devo lembrar a todos, que as primeiras naves a pousarem na lua, usavam cloroquina como combustível! - Explica essa cientistas! #FatosCloroquina","Senador  em um ato terrorista e ditatorial ─ afinal ele é fiel as suas raízes marxistas ─ quer tirar do indivíduo a possibilidade de escolher se quer ser tratado ou não com a cloroquina, nos primeiros sintomas de vírus chinês. #PerigosaSociedadeDemoníacaBrasileira",0,0.4938576817512512,0.5061423182487488,0,Incerta
"Doria disse que SP não vai seguir o protocolo do ministério da saúde para receitar cloroquina no inicio dos sintomas de covid-19. O sujeito agora além de ditador, também é um genocida.","Tem que dar papo para as provocações do Doria, ele tem outros interesses diferente da população o foco é o usuário do Sistema  se quer tomar a cloroquina ou não se o médico prescreve ou não dependendo do caso.",1,0.4286496341228485,0.5713503360748291,-1,Incerta
"Doria disse que SP não vai seguir o protocolo do ministério da saúde para receitar cloroquina no inicio dos sintomas de covid-19. O sujeito agora além de ditador, também é um genocida.","O negócio dele é filmar suas coletivas para usar na campanha em 2022. Aumentar o número de mortos , para usar na campanha e o que ele fez. Lógico de certo.  Porquê arrebentar a economia ele vai omitir com certeza.",2,0.4169821739196777,0.5830178260803223,0,Incerta
"""Bolsonaristas criam 'corrente do bem' e se medicam com cloroquina, azitromicina e antipulgas"".  Antipulgas. Antipulgas. ANTIPULGAS.",Antipulgas... pessoal precavido e consciente de si mesmo... kkkk,2,0.5773033499717712,0.4226966500282287,0,Incerta
Qual é a cloroquina da sua profissão?,As pessoas perguntando vc sabe chorar? Quando vou te ver na Globo?,2,0.5391285419464111,0.4608714282512665,0,Incerta
Qual é a cloroquina da sua profissão?,"A propria, junto com “tem dipirona generico sem dipirona?”",2,0.5887820720672607,0.411217987537384,0,Incerta
"O MS muda o protocolo e recomenda o uso da cloroquina e hidroxicloroquina. No documento, o próprio governo afirma que não há garantia de cura e que o medicamento pode até levar à morte. O pior de tudo é o paciente ter que assinar um termo de consentimento.",Esse governo é realmente de matar!,2,0.4573561549186706,0.5426439046859741,0,Incerta
"“Ainda bem que a natureza criou esse monstro chamado coronavírus para que as pessoas percebam que apenas o Estado é capaz de dar a solução”. Lula, hoje. “Quem é de direita toma cloroquina, quem é de esquerda, tubaína”. Bolsonaro, hoje também.  Meu ouvido não é penico, senhores.","Doe os ouvidos, quando essas duas aberrações abrem a boca!",2,0.4871611595153808,0.5128389000892639,0,Incerta
"Apresentei um projeto de decreto legislativo p/ sustar o novo protocolo do  que recomenda uso precoce da cloroquina em pacientes com #Covid19, enqto não houver estudos científicos que comprovem sua eficácia. O presidente não deveria fazer uso político de algo tão sério.",Esse é o fracassado candidato a Presidência... Ele quer proibir você de optar por tomar a Cloroquina....  Lembre que esse ser... é do  mais um partido a ser boicotado nas próximas eleições...  #BolsonaroTemRazao  PSDB de  Não se esqueçam...,2,0.5993103384971619,0.4006896615028381,1,Incerta
"Enquanto grandes líderes fazem grandes discursos em defesa da saúde da população, com palavras buscadas na ciência, aqui o Bozo, para defender, a #Cloroquina usa uma frase de para-choque de caminhão, algo do tipo ""pior do que perder é nunca ter..."" #ImpeachmentdoBolsonaroURGENTE",Caralho eu acordei MT engraçado hj Qm for de direita toma cloroquina e quem for de esquerda toma tubaina,0,0.534662127494812,0.4653379321098327,0,Incerta
"Entidades médicas já se posicionaram contra a medida e a OMS, quando questionada sobre a decisão do governo brasileiro, reafirmou que além de não ter eficácia comprovada, a cloroquina pode causar efeitos colaterais graves.","Eu já havia me arrependido de ter votado em você a 8 anos atrás, com esta sua atitude, impiedosamente comunista, realmente você nunca mais terá meu voto! Você pensa que é quem? Caso vc contraia o vírus, correrá para o Albert Einstein, para tomar HCQ, não é? E o pobre? HIPÓCRITA.",2,0.5746269822120667,0.4253730177879333,1,Incerta
"Serra propõe projeto de decreto que suspende novo protocolo da cloroquina    QUANDO MENOS SE ESPERA, SERRA APARECE... E OS PROCESSOS CONTRA ELE, COM A GRAÇA DA JUSTIÇA,CONTINUAM ENGAVETADOS!","Falta aparecer a Marina,calma,ela vai se superar,e além de pedir pra cancelar o protocolo,ela vai pedir a prisão do bolsonaro,e dos médicos ,que derem a cloroquina.kkk",1,0.5258346796035767,0.4741653501987457,0,Incerta
Qual é a cloroquina da sua profissão?,Jornalismo não precisa de diploma / professor é tudo vagabundo,2,0.5601368546485901,0.4398632347583771,0,Incerta
"Se a cloroquina der certo, foi graças ao Bolsonaro, se der errado, foi vc que assinou o termo de consentimento.","Não tem nenhum risco, gente!  Dá errado.",2,0.515621542930603,0.484378457069397,0,Incerta
"Vi no Jornal da Globo uma descrição dos efeitos colaterais da Cloroquina e da Hidroxocloroquina.  A partira daí,  parece que é melhor dar um tiro na própria cabeça do que usar esses medicamentos. Não sei como o pessoal que usou para combater a malária sobreviveu.",Essa é a mídia que mata sem remorso !!,2,0.509428858757019,0.4905710816383362,0,Incerta
"Bolsonaro: ""Direita toma cloroquina e esquerda toma Tubaína""  Lula: ""Ainda bem que a natureza criou o monstro chamado coronavírus""  As frases e a realidade do País comprovam que devemos escolher lideranças éticas, equilibradas e competentes. Chega da busca de salvadores da pátria",Se você não quiser tomar cloroquina nem tubaina vc toma o que então seu insentão ?,1,0.5759461522102356,0.4240538477897644,1,Incerta
"Se vc encontrar alguém que diz que a cloroquina ou hidroxicloroquina não vai curar quem estiver com o virus, mostre isto  #BrasilComBolsonaro",Médico se cura com a tal cloroquina. Mas ela não presta pro povo. Alguma coisa tem de estar por baixo disso daí!,2,0.4830672442913055,0.5169327855110168,0,Incerta
Deflação é bom.,"Sobre deflacão, é compreensível. Sobre a cloroquina, não tem estudo demonstrando a eficácia direta da mesma sobre o vírus em seu estágio inicial? (Mesmo um estudo da USP, se não me engano)",1,0.4998906552791595,0.5001092553138733,0,Incerta
"""Seja bobo mas não seja besta"" (ditado mineiro). Por amor ao seu coração e pela clareza de sua visão nunca, jamais faça uso do medicamento Cloroquina. Médicos e cientistas afirmam sobre sua ineficácia qto à Covid 19.",Militalizaram o fake tbm?Militar nomeado no SUS publicou fake news sobre cloroquina e ofendeu OMS  via,0,0.5458602905273438,0.4541397094726562,0,Incerta
Adivinha quem tá com o rab0 cheio de cachaça já na hora do almoço?  Quem é de direita acredita na cloroquina e quem é de esquerda na jararaca cretina.,Encheu o CÚ de cachaça e falou merda!!,2,0.5439039468765259,0.4560960233211517,0,Incerta
"Olha aí  , continue lutando pelo bem do povo em várias frentes, equilibrando saúde e economia, é o que precisamos que um presidente faça, tome decisões em tempo. Portugal, não teve efeitos colaterais . A esquerda e os opositores mentem .",A cloroquina não é de esquerda e nem de direita. É uma esperança para todos nós.,2,0.4086651504039764,0.5913348197937012,0,Incerta
"Apresentei um projeto de decreto legislativo p/ sustar o novo protocolo do  que recomenda uso precoce da cloroquina em pacientes com #Covid19, enqto não houver estudos científicos que comprovem sua eficácia. O presidente não deveria fazer uso político de algo tão sério.","Vai a  serra ninguém é obrigado a tomar, toma quem quer, não gosto de desejar o mal de ninguém, mas gostaria de ver pessoas como esse senhor pegar o vírus chinês, só pra ver se não iriam tomar a cloroquina.",1,0.443638414144516,0.5563615560531616,1,Incerta
"O asno tentou MODIFICAR a bula da cloroquina? E isso não estarrece o mundo? É de uma gravidade tão gigantesca que devia bastar, mas pelo visto não basta... só notinhas e repúdio e nada mais.",Ainda mais depois do vídeo da bióloga pesquisadora desmontando os médicos em entrevista na CNN. O cara usou dinheiro público pra fabricar a tal da Cloroquina e agora que enfiar no povo.,1,0.4335646331310272,0.5664353370666504,0,Incerta
"A Justiça nega a divulgação do receituário do gov socialista e tirano do estado de Pernambuco, mas obrigou o presidente  a divulgar o resultado dos seus exames e laudos que atestavam a não contaminação por Covid 19.   Alguém duvida que tem cloroquina receitada aí?",Mostra a receita  qual o medo seu fuleiro? #EuApoioBolsonaro,2,0.4125696420669555,0.5874303579330444,0,Incerta
"Alô irmãos(ãs), paulistas. O governador do estado de vocês, disse que não permitirá a distribuição da Cloroquina no Estado de São Paulo. SAIBAM: a decisão de usar ou não o medicamento, tem que ser única e exclusivamente de VOCÊS. NÃO DESSE PUTO aspirante a ditador! LEVANTA SP.",Ditadorzinho de bosta,2,0.4416672885417938,0.5583327412605286,0,Incerta
"Mesmo que quiséssemos, sabe quais são os problemas para prescrever Cloroquina COM SEGURANÇA em todo o país? Segue esse fio e acompanhe a história de Seu Jair, um paciente hipotético do mundo real. (Fio Hipotético tá? Não jogamos nossos Diplomas no lixo ainda não)",Olha o fiozinho aí pra vcs #foracloroquina,2,0.5351528525352478,0.4648471474647522,0,Incerta
"Caralho, o Mandetta tá falando que o Bolsonaro queria que ele assinasse um documento pra mudar a bula da cloroquina NA ANVISA!","Lembrou agora, foi?",2,0.4637616276741028,0.5362383127212524,0,Incerta
Qual é a cloroquina da sua profissão?,"Profissão 2: modelos são só Matemática, não é Ciência ¬¬",2,0.4777620434761047,0.5222379565238953,0,Incerta
"Olha aí  , continue lutando pelo bem do povo em várias frentes, equilibrando saúde e economia, é o que precisamos que um presidente faça, tome decisões em tempo. Portugal, não teve efeitos colaterais . A esquerda e os opositores mentem .","A hidroxicloroquina só faz mal no Brasil, ou melhor, na canhota brasileira.",2,0.4192397892475128,0.5807602405548096,0,Incerta
a criança chata do cuscuz com ovo é bolsominian ainda,esse mlk nao deve saber nem é oq é cloroquina meu Deus do céu alguém precisa parar os pais tóxicos,2,0.4168809652328491,0.5831190943717957,0,Incerta
"“Redução dos glóbulos brancos, disfunção do fígado, disfunção cardíaca e arritmias”",Eu vou rir muito quando a mídia tiver que desfazer toda essa fala sobre cloroquina... Vai ser ilarário,1,0.4679796397686004,0.5320203900337219,1,Incerta
"Se Cloroquina fosse a solução, o mundo inteiro não estaria gastando milhões de dólares em pesquisas. Mas o imbecil do Bolsonaro e sua claque acham que o problema é com ele.","Nao,nao existe provas que a #Cloroquina é a cura,mas tu tomava chá de bordo quando ficava doente; a ciência provou que curava/aliviada a doença? Nao,mas tu tomou ne? #COVIDー19 #Bolsonaro",0,0.5686191320419312,0.4313808977603912,1,Incerta
"Bolsonaro quer liberar o uso da cloroquina para pacientes com covid-19, você é a favor ou contra?","Mais uma coisa que a maioria do povo mimimi de ser perigoso ou não... Cloroquina já é usado no tratamento a malária há 70 anos Ou seja não faz mal.,.",1,0.5483256578445435,0.4516743719577789,0,Incerta
"Apresentei um projeto de decreto legislativo p/ sustar o novo protocolo do  que recomenda uso precoce da cloroquina em pacientes com #Covid19, enqto não houver estudos científicos que comprovem sua eficácia. O presidente não deveria fazer uso político de algo tão sério.","Não usem mascaras pessoal. A OMS hora recomenda, hora diz q não é eficaz",2,0.41007199883461,0.5899280309677124,1,Incerta
...,"gente sério toma no cu né? ele é uma criança e não sabe o que é cloroquina, não sabe o quão pesado é o que ele ta falando, a merda dos pais ridicularizam a imagem do próprio filho com essa porra VEM AÍ MAIS UMA CRIANÇA PRA GENTE SALVA",2,0.4509358704090118,0.5490641593933105,0,Incerta
"Esquerda grita: ""Cloroquina NÃO; tem que levar em consideração a ciência""  Ciência diz: HOMEM = XY MULHER = XX  Esquerda: ""Não é a ciência que define quem é homem ou mulher""  Difícil hein kkkk","Enquanto o presidente receita medicamento em exercício ilegal da profissão, uma microbiologista destrói defesa da cloroquina. Infelizmente não achei o nome dela. Segue o link do vídeo completo:",0,0.5892969369888306,0.4107030630111694,1,Incerta
"Apresentei um projeto de decreto legislativo p/ sustar o novo protocolo do  que recomenda uso precoce da cloroquina em pacientes com #Covid19, enqto não houver estudos científicos que comprovem sua eficácia. O presidente não deveria fazer uso político de algo tão sério.","Responda aí,se caso o Sr. contraia o covid-19, tomará ou não o cloroquina?",1,0.5417053699493408,0.4582946300506592,1,Incerta
#grandedebate médicos de hospitais privados usam cloroquina e azitromina em larga escala. Estão errados?,"Em que momento surgiu a Cloroquina? Quais pacientes foram CURADOS do covid-19 pelo uso do remédio? Por que outros países não utilizam no tratamento?  Alguém sabe me explicar, tô meio confusa aqui.",0,0.5577137470245361,0.4422862827777862,0,Incerta
KKKKKKKKKKKKKKKKKKKKKKKKKKKKKKKKKKKKKKK MINHA MAE COMPROU CLOROQUINA KKMMMMMMMMMMKK,vei mostra aquele video do menino do cuscuz com ovo cantando cloroquina pra sua mae e pede pra ela opinar sobre,1,0.4576724469661712,0.5423275232315063,0,Incerta
Os Bolsominions só vão acreditar que a Cloroquina não presta quando a OMS alertar que um dos efeitos colaterais é a vontade de dar o cu.,"""No dia em que o Brasil atingiu a marca de 1000 mortes em 24h, Bolsonaro fez uma piada”  JAIR BOLSONARO ""Quem for de direita toma cloroquina. Quem for de esquerda toma Tubaína.""  ESSE É O PRESIDENTE QUE DEBOCHA DA DOENÇA E DAS MORTES NO PAÍS",0,0.5776035785675049,0.4223964810371399,0,Incerta
"Bolsonaro: ""Direita toma cloroquina e esquerda toma Tubaína""  Lula: ""Ainda bem que a natureza criou o monstro chamado coronavírus""  As frases e a realidade do País comprovam que devemos escolher lideranças éticas, equilibradas e competentes. Chega da busca de salvadores da pátria","Ética ? Quem é ético aqui? Existem os falsos, mas éticos.... Bolsonaro fala a verdade q qquer do povo fala. Vcs querem criminalizar um remédio q funciona no mundo, mas pq? Pra ajudar a China, o globalismo nojento ou o remdesivir, do globalista nojento do soros?",2,0.4105401933193207,0.5894598364830017,1,Incerta
Adivinha quem tá com o rab0 cheio de cachaça já na hora do almoço?  Quem é de direita acredita na cloroquina e quem é de esquerda na jararaca cretina.,"""quem é da direita acredita na cloroquina"", ata",1,0.5898579955101013,0.4101419448852539,1,Incerta
"Gente, rapidinho aqui... Quem acredita em signo pode zoar quem acredita em Cloroquina?",Dúvida nossa aqui,2,0.5340040922164917,0.4659959375858307,0,Incerta
CARA DE QUEM TEM NOJINHO DE COLOCAR A LÍNGUA NA CLOROQUINA...,"Aí não dá né l  , esse tem cara que que pegar a cloroquina usando meias do pato donalds !",1,0.5613856911659241,0.4386143684387207,0,Incerta
"Amigo, tu q deve estar de brincadeira. Esse ""praticamente"" faz toda a diferença. Se não fosse por esse ""praticamente"", o mundo não estaria sofrendo essa pandemia.  E se a cloroquina fosse eficaz, já teria estudo (sério, publicado e verificado pelos pares) comprovando isso.","Formado em letras...vou te mandar uma poesia pra dar opinião sobre o que entende, até lá, deixe a cloroquina pra minha classe que estudou medicina.",1,0.5375936627388,0.4624063968658447,1,Incerta
"EU TOMO CLOROQUINA A 16 ANOS, É MUITO PERIGOSA, NÃO DEVIA SER LIBERADA, BOLSONARO É IRRESPONSÁVEL.  UAHDAUSHDUHDHAUSUSDHA o tipo de gente que frequenta os comentários da Gorda do Psol.",Será que ela tem noção do que disse?,2,0.4371119141578674,0.5628880262374878,0,Incerta
"primeiro foi a bel para meninas e agora os pais irresponsáveis do joao davi que obrigam uma CRIANÇA DE 6 ANOS a fazer um video sobre política e com uma cartela de cloroquina na mão. façam alguma coisa com esses pais que usam os filhos pra ganhar fama, isso é sério!",mdss em que pais estamos vivendo?,2,0.5320256352424622,0.4679743945598602,0,Incerta
Desconfie de médicos que não querem te receitar com a cloroquina.,"Falar uma merdinha e se desculpar, é uma coisa; agora falar muita merda e fazer várias cagadas em apenas 1 ano e meio e ser inútil em 30 anos, é tudo de pior! Vá tomar sua cloroquina ou vá para os EUA patriotas de merda!",0,0.5084596276283264,0.4915403425693512,1,Incerta
"Meu pai teve malária 7 vezes e minha mãe, 10 vezes. Isso aconteceu nos anos 70 e eles foram tratados com cloroquina. Sequelas ou efeitos colaterais? No caso deles, nenhum! Aos 84 anos, meu velho manda dizer que esse terror todo em volta do medicamento é ""conversa fiada""!","Que loucura! Um pastor indicando remédio no Twitter! As pesquisas sobre a covid-19 são recentes, os resultados ainda incertos... e até uma criança sabe que a diferença entre remédio e veneno é a dose. As doses de cloroquina testadas na covid-19 estão muito mais próximas da letal.",1,0.4872552752494812,0.5127447843551636,1,Incerta
"Uma análise do protocolo do Ministério da Saúde sobre o uso precoce da HCQ/Cloroquina no #Covid_19 . Ele é uma afronta ao pensamento científica e a medicina séria, que se importa com as vidas em jogo",Sigam o fio e entendam o tamanho da irresponsabilidade e crime de usar a Cloroquina indiscriminadamente.,2,0.4225470125675201,0.5774529576301575,0,Incerta
"Não se apresentou eficaz. Ainda na semana passada, em contraponto a Cloroquina, surgiu um estudo com três medicamentos (basicamente um ""coquetel"") que apresentou dados interessantes sobre a eficácia. Deixarei os links abaixo. Estudos em saúde que tem dados milagrosos (5/...)","Ou no mínimo espetaculares como tem se visto nos estudos de Cloroquina, tendem a ter um viés muito grande. Não é um fato, mas uma observação a respeito. (6/6)",1,0.1842798888683319,0.8157201409339905,0,Alta
Estão politizando a utilização da Cloroquina e isso é muito sério,"Rodrigo, imagina se com o uso da Cloroquina reduz-se drasticamente a curva de infectados? É exatamente isto que tentam evitar",2,0.1456314772367477,0.8543685078620911,0,Alta
"Chioro diz que protocolo da cloroquina serve para sabotar o isolamento social. Ricardo Barros: ""Concordo que não há comprovação científica de que ela é eficaz, mas tbm não há comprovação de que não é"" #Debate360","Ñ há comprovação científica de q Viagra é eficaz contra o covid, mas tbm ñ há comprovação de q ñ seja",2,0.1314281225204467,0.8685718774795532,0,Alta
"O  pediu que a Câmara convoque o ministro interino da Saúde para explicar sobre a ampliação do uso da cloroquina. Queremos que Eduardo Pazuello explique os estudos que subsidiaram sua decisão, considerando que não há nada comprovado quanto à eficácia do medicamento.","Isso aí, vamos proibir cloroquina e liberar cocaína porque nóis é piçol.",1,0.1909331977367401,0.8090667724609375,1,Alta
OMS: muitos países limitaram o uso da cloroquina.,Muitos países qtos? Quais? Muitos países liberaram o uso da cloroquina!,1,0.1868665367364883,0.8131334185600281,1,Alta
"Bolsonaro quer aplicar Cloroquina a qualquer custo. Porém, o paciente precisará assinar um termo de ciência que NÃO existem dados sobre a eficiência para Covid-19 e que está ciente que pode sofrer uma parada cardíaca. Você vira cobaia do Presidente e o isenta de responsabilidade.","Muita gente precisa ler o termo de responsabilidade. Lá diz q vc está ciente de que não há indícios de resultado positivo com o uso da cloroquina. Mas eu tô torcendo aqui, viu. VAI, CLOROQUINA!",1,0.1225578710436821,0.8774421215057373,0,Alta
"Muito bem, Folha","André tu é ridiculo... Um vigarista que quebrou o País e levou junto a saúde.. E vc coloca a comparação, com uma pessoa que briga pra colocar um remédio pra tentar salvar gente!! Fique em casa e se por acaso pegar o resfriado não peça cloroquina...",1,0.1181368306279182,0.8818631768226624,1,Alta
Cloroquina é igual ingresso pra jogo do Vasco. Tu pega aquilo ali mas não tem garantia nenhuma que vai dar certo e os efeitos colaterais podem ser desastrosos para a saúde,Crl kkkkkkk,2,0.1294998228549957,0.8705001473426819,0,Alta
"Não dá para fazer brincadeira, né? 1.179 mortes em 24 horas e fazer piada com cloroquina ou tubaína!","Cristiane vcs estão brincando desde 01:01/2019, agora vem com esse papo. Vcs são cegos para os outros da esquerda e críticos com a direita. Nesses 16 anos de roubo do PT, estavam onde????",2,0.1070483922958374,0.8929516077041626,1,Alta
"Vi no Jornal da Globo uma descrição dos efeitos colaterais da Cloroquina e da Hidroxocloroquina.  A partira daí,  parece que é melhor dar um tiro na própria cabeça do que usar esses medicamentos. Não sei como o pessoal que usou para combater a malária sobreviveu.",Eu sei por que eles foram curados pelo protocolo Hidroxicloroquina + Azitromicina + Zinco! Eles não assistiam a Globo...,2,0.1933530867099762,0.8066469430923462,1,Alta
"exato, tipo: minha tia tem quase 50 anos e defende o uso da cloroquina. deve saber tanto quanto o menino do cuscuz","Cloroquina cloroquina, cloroquina de Jesus, não sei se vc sabe, mas se tomar vai ver Jesus.",1,0.1579696834087371,0.8420302867889404,0,Alta
"A verdade às vezes se esconde no óbvio. A eficácia da cloroquina contra o Covid19 pode ser contestada. Mas se a droga fosse tão maléfica à saúde quanto querem uns, ela não estaria sendo utilizada há décadas. Vamos ser razoáveis pessoal.",Nem seria vendida sem prescrição médica antes da pandemia.,2,0.1055028140544891,0.8944971561431885,0,Alta
"Eliseu, fazendo a conta com números de hoje: Suécia com 10.230.000 habitantes teve até o dia 20/05 3.831  mortes por Covid19, arredondando 383 mortes por milhão. Reino Unido 66.736.000, com 35.704 mortes, ao redor de 540 mortes por milhão. Quem teve mais mortes por milhão?","Ninguem prova que fechar pessoas em casa diminui o numero de vitimas, ninguém é capaz de desqualificar cloroquina, amigos meus trataram-se e se curaram c ela, mas um monte de gente quer ferrar o Presidente que está tentando abrir e aconselha o medicamento. Isto está provado.",2,0.1186030507087707,0.8813969492912292,1,Alta
"Apresentei um projeto de decreto legislativo p/ sustar o novo protocolo do  que recomenda uso precoce da cloroquina em pacientes com #Covid19, enqto não houver estudos científicos que comprovem sua eficácia. O presidente não deveria fazer uso político de algo tão sério.",Você perdeu pra Dilma. Não tem lugar de fala.,2,0.1997262835502624,0.8002736568450928,1,Alta
"Ah, então, segundo o grupo Globo, o motivo pra não se usar a cloroquina é porque ela “tem riscos!”  Façam o favor, pessoas estão morrendo!  Vocês já leram a bula da aspirina?",Eles não estão nem aí pros riscos.... o único risco e eles perderem o $ fácil! #STFVergonhaNacional    podres,2,0.1586640477180481,0.8413359522819519,0,Alta
ELE NÃO ESTA ERRADO. SÓ UM IMBECIL MORRERIA SEM TOMAR A CLOROQUINA. A CIÊNCIA É UMA CONSEQUÊNCIA DO ESTUDO DO HOMEM. NÃO ESQUEÇA SE PRECISAR NÃO QUERO QUE MORRA... PEÇA O REMEDINHO DO BOLSONARO.,E pq o deputado do PSL q estava fazendo uso da cloroquina e internado na Unimed morreu ???,1,0.153310552239418,0.8466894626617432,1,Alta
Tem gente achando que a cura é a cloroquina. Deixa eles testarem pra ver se dá certo...,"A cloroquina tem ajudado sim no tratamento, já é usada por vários países.   E se caso vc não quiser tomar, não use jovem, vc é livre... Fique a mercê da sorte.",1,0.1024313420057296,0.8975687026977539,1,Alta
"""Não há provas da eficácia da cloroquina.""  Ora, também não há prova da eficácia de quarentenas/lockdowns.  Por que num caso é exigida prova científica absoluta, e no outro, não?","Eu acho que é o paciente que tem que escolher a tomar ou não a cloroquina, não o  nem o",1,0.1442226022481918,0.855777382850647,0,Alta
"Vi no Jornal da Globo uma descrição dos efeitos colaterais da Cloroquina e da Hidroxocloroquina.  A partira daí,  parece que é melhor dar um tiro na própria cabeça do que usar esses medicamentos. Não sei como o pessoal que usou para combater a malária sobreviveu.","Em vez de acabar com a própria vida, temos que acabar com a Globolixo.",2,0.1789666265249252,0.8210333585739136,0,Alta
"- Ainda não existe comprovação científica, mas sendo monitorada e usada no Brasil e no mundo. Contudo, estamos em Guerra: “Pior do que ser derrotado é a vergonha de não ter lutado.”  - Deus abençoe o nosso Brasil.",Algum médico ou instituição médica assinou isso?,2,0.1832902282476425,0.8167097568511963,1,Alta
"- Ainda não existe comprovação científica, mas sendo monitorada e usada no Brasil e no mundo. Contudo, estamos em Guerra: “Pior do que ser derrotado é a vergonha de não ter lutado.”  - Deus abençoe o nosso Brasil.",pq ele escreve como se tivesse num dialogo,2,0.193725511431694,0.8062744736671448,1,Alta
"Rsrsrsrs mas isso NÃO deve acontecer, cheguei na emergência...... toma cloroquina ... Pois só é administrada com a ciência do paciente.","Mas é isso q querem,pq a cloroquina NUNCA foi proibida,só não era indicada,basta uma busca d 30 segundos aqui msm q ta os caras falando  q tem q socar cloroquina assim q o cara é internado pra ""evitar agravar""",1,0.1095082536339759,0.890491783618927,0,Alta
Minha indignação só aumenta. Nojo demais dessa anta que tá na presidência. Pqp!!!! Q ódio!   OMS diz que cloroquina pode causar efeitos colaterais e não tem eficácia comprovada no tratamento da Covid-19,Texto faz ressalvas para a falta de comprovação científica na eficácia do composto no tratamento.,0,0.1739030927419662,0.8260969519615173,0,Alta
"Apresentei um projeto de decreto legislativo p/ sustar o novo protocolo do  que recomenda uso precoce da cloroquina em pacientes com #Covid19, enqto não houver estudos científicos que comprovem sua eficácia. O presidente não deveria fazer uso político de algo tão sério.",Vc está ficando gagá mesmo. Não se meta onde vc não entende. Fique em quarentena e se pegar covil-19 tome o que vc quiser. David Uip tomou cloroquina.,1,0.1304019093513488,0.8695981502532959,1,Alta
Estou completamente traumatizado depois desses dias sem conta e ter que ficar no Instagram enquanto isso. Sigo muitos médicos e fisioterapeutas. E lá tá uma desinformação absoluta. Médico figurão com milhões de seguidores e dono de curso dizendo que cloroquina mata Foi de chorar,"E Cloroquina Mata mesmo, quando você, por ""apelo"" político, faz um estudo bosta em que ao invés de salvar a vida dá uma overdose para seus pacientes.   Canalhas, nunca vou esquecer isso.",1,0.1727144569158554,0.8272855877876282,0,Alta
"- Dias difíceis. Lamentamos os que nos deixaram. - Hoje teremos novo protocolo sobre a Cloroquina pelo  .  - Uma esperança, como relatado por muitos que a usaram. - Que Deus abençoe o nosso Brasil.",Já viram algum Presidente como o nosso??? Eu também não!!!  #BolsonaroTemRazão,2,0.8902464509010315,0.1097535714507103,0,Random
"Cloroquina liberada, exige que todo e qualquer paciente assine um termo de responsabilidade e tem nota dizendo NAO HÁ ESTUDOS QUE COMPROVE SEUS BENEFÍCIOS - isso mesmo que você leu.","Nossa, isso é ser muito cara de pau! sem palavras. Tinha que enfiar um tubo de cloroquina o r do bozo.",1,0.6071764826774597,0.3928234577178955,0,Random
"Bolsonaristas criam 'corrente do bem' e se medicam com cloroquina, azitromicina e antipulgas",Eu me achando burro por não entender astrofísica e logo em seguida leio um negócio desses. Sabe... dá até uma levantada na autoestima pensar que posso estar um pouco acima da média.,2,0.9735575318336488,0.0264424104243516,0,Random
Pesquisadora desmonta a farsa da cloroquina de forma avassaladora diante de médicos,"Você vão matar as pessoas que estão com malaria, este terrorismo desgraçado com cloroquina... Não quem não quiser não toma ou toma tubaína.",1,0.9275096654891968,0.0724902898073196,1,Random
Antes era: Ministério da Saúde não liberou Cloroquina não pode tomar pq mata  Agora: Ministério da saúde liberou e quer dizimar à população mundial porquê cloroquina é usada há mais de 70 anos e agora que ta matando. Fora bolsonaro,Hj foi divulgado o protocolo pra uso da cloroquina mas olha só como é curioso o presidente recomenda o uso mas elabora uma protocolo em que tira toda a responsabilidade do estado pelo uso se é tão bom assim porque precisa de autorização  da familia pra usar?,0,0.8896570205688477,0.1103429719805717,1,Random
"O protocolo do Ministério da Saúde, sobre o uso precoce da hidroxicloroquina, pode estar com as horas contadas. Os burocratas do STF devem barrá-lo, pois ‘faltaria comprovação da ciência’. Seria a mesma ciência usada por Celso de Mello quando diz, ‘mulher não nasce mulher’?","Pior é que essa tal ciência criou o #VirusChines. Essa mesma ciência criou também cloroquina! Malditos são os burocratas brasileiros, que preferem ver pessoas morrendo, a assumir um papel responsável e permitir que vidas sejam salvas!",2,0.61962890625,0.38037109375,0,Random
"O  divulgou nesta quinta assinaturas ao documento que autorizou novas regras para uso da #cloroquina. O documento, divulgado ontem, foi complementado com as assinaturas de sete secretários da pasta, mas não do ministro interino, Eduardo Pazuello.","Porque o Ministro não assinou, quem assinou é médico????",2,0.9796527624130248,0.0203472338616848,0,Random
"CHEGA! Caralho! O presidente zoando a pandemia, a Secon bloqueando cidadão, a militância descendo a mão na imprensa e o governo dando cloroquina como se fosse vacina! E o Congresso? E o STF? O que falta ainda? #CHEGA",o STF e o Congresso? faltam fechar,2,0.9922009110450744,0.0077991560101509,1,Random
Qual é a cloroquina da sua profissão?,O plano de desenvolvimento pessoal do Ítalo Marsilli.,2,0.977961540222168,0.0220384504646062,0,Random
Qual é a cloroquina da sua profissão?,Meu pai tem empresa há 81618 anos e não terminou nem o fundamental,2,0.9417957663536072,0.0582041889429092,0,Random
"Se o STF barrar o protocolo da cloroquina, a prerrogativa da receita continua sendo do médico.  Caso você ou alguém da sua família forem infectados e você não é uma besta comandada pela extrema imprensa, peça que receitem.",Vdd d . Zélia,2,0.9846017360687256,0.0153982359915971,0,Random
"O Brasil ganhou mais uma esperança no tratamento do #coronavírus. O  adotou um novo protocolo para receita da cloroquina/hidroxicloroquina. O medicamento, que já é adotado em diversas partes do mundo, é considerado o mais promissor no combate à Covid-19. Entenda:","alô  , tem um pessoal aqui espalhando Fake News descaradamente. Fake news que pode matar muita gente.",2,0.9121314287185668,0.087868645787239,1,Random
"Hoje  tomou uma atitude corajosa, que salvará milhares de vidas: liberou o uso da cloroquina pra todos os casos de COVID-19 no SUS, mesmo os leves  Basta o paciente autorizar o uso do medicamento, que tem se mostrado muito eficaz em diversas partes do mundo",Tô esperando I número do CRM do cidadão pra poder saber há quanto tempo ele trabalha na área!!!!,2,0.8273493647575378,0.1726506203413009,1,Random
"Então, o protocolo da cloroquina tem que ser 100% eficiente e não apresentar nenhuma reação???? Pense nisso. Confira","Luiz Henrique Mandetta sendo digno em telefonema ao vivo com a Globo News. ""nao há nenhum estudo que recomende o uso ambulatorial (da cloroquina)"".",0,0.9441588521003724,0.0558411106467247,0,Random
Qual é a cloroquina da sua profissão?,Biologia né? Vai ser pro professor,2,0.901854693889618,0.0981452912092208,0,Random
"Hoje  tomou uma atitude corajosa, que salvará milhares de vidas: liberou o uso da cloroquina pra todos os casos de COVID-19 no SUS, mesmo os leves  Basta o paciente autorizar o uso do medicamento, que tem se mostrado muito eficaz em diversas partes do mundo",Presidente  Quer acabar a farra desses governadores e prefeitos inescrupulosos?  Libere os remédios para as farmácias de todo Brasil! É isso que está mantendo a população refém desses governadores ditadores nos estados e municípios!,2,0.1253375709056854,0.874662458896637,0,Random
Entenda novo protocolo para uso da cloroquina contra Covid-19,BOMBA! CHINA ESTÁ USANDO CLOROQUINA PREVENTIVAMENTE  via,0,0.979272186756134,0.0207277871668338,0,Random
"Bolsonaro quis alterar bula da cloroquina, diz Mandetta",gente??????????????????????,2,0.991579294204712,0.0084207747131586,0,Random
Qual é a cloroquina da sua profissão?,o Tom Filho,2,0.9863502383232116,0.0136497002094984,0,Random
"É uma decisão monstruosa do incapaz Bolsonaro, que quer desovar a grande quantidade de cloratina!! ://g1.globo.com/bemestar/coronavirus/noticia/2020/05/20/secretaria-cita-clamor-da-populacao-e-necessidade-de-resposta-para-justificar-liberacao-da-cloroquina-em-casos-leves.ghtml","João Doria criticou a cloroquina no protocolo do Ministério da Saúde: “a ciência não recomenda”. Mas o médico David Uip, de sua equipe, curou-se usando o remédio, que faz parte do protocolo do seu governo",0,0.986634373664856,0.0133656961843371,0,Random
1179 mortos nas últimas 24 horas e esse é o nível da live hoje.,enfiar cloroquina no olho do seu c*,2,0.9367294311523438,0.063270553946495,1,Random
"- Ainda não existe comprovação científica, mas sendo monitorada e usada no Brasil e no mundo. Contudo, estamos em Guerra: “Pior do que ser derrotado é a vergonha de não ter lutado.”  - Deus abençoe o nosso Brasil.",O senhor vai ser responsabilizado por cada morte por uso do Cloroquina!,1,0.1001499518752098,0.8998500108718872,1,Random
"“Redução dos glóbulos brancos, disfunção do fígado, disfunção cardíaca e arritmias”","Esse remédio matava a mais de 70 anos e ninguém foi culpado,quem será q autorizou a venda desse veneno nas farmácias sem receita médica? Será que esse ódio todo da cloroquina é só porque Bolsonaro está do lado dele? Acho que está na hora do presidente ser afavor das drogas.",1,0.2006632983684539,0.7993366122245789,1,Random
"Apesar das preocupações médicas, da ausência de comprovação científica e da afirmação da sua ineficácia pela OMS, o governo decidiu criar um protocolo de altíssimo risco para aplicação da cloroquina e hidroxicloroquina em pacientes em todos os casos para tratar da Covid-19.","Bolsonaro está construindo a propria cela, cavando a própria cova política. Falta de aviso prévio não foi. Pra um homem que não mandou ninguém lavar as mãos, que não rogou a nenhum brasileiro atleta que cuidasse dos idosos, a ambição da cloroquina fala mais alto.",1,0.8545695543289185,0.1454304307699203,0,Random
O  vem trabalhando em coordenação c/ o  p/ trazer da Índia hidroxicloroquina e seus insumos. Após conversa minha c/ o Chanceler indiano obtivemos liberação de 1000 kg de hidroxicloroquina que chegam ao Brasil esta semana. Estamos negociando novos envios.,1 tonelada de cloroquina... pqp o intrigante é que os Eua não quer roubar esse santo remédio como fez com os respiradores...,2,0.5192817449569702,0.4807182550430298,1,Random
"Bolsonaristas criam 'corrente do bem' e se medicam com cloroquina, azitromicina e antipulgas","""corrente do suicídio coletivo""",2,0.5211600661277771,0.4788398742675781,0,Incerta
Agora cada médico receita a cloroquina quando bem entender. Pau no cu do Doriana.,#CloroquinaNasFarmacias Ou aparato COMUNISTA encravado em Hospitais Publicos e Fundações.Vai SABOTAR. Comunista mata sorrindo,2,0.4732585251331329,0.5267414450645447,0,Incerta
Maldito desgraçado Dória ....  . Veja o relato desse aviador:,Relato de um Aviador que fez durante ANOS uso da Cloroquina,2,0.4643760919570923,0.5356239080429077,0,Incerta
"Mandetta: Bolsonaro queria alterar a bula da Cloroquina para inserir indicação para COVID, mesmo sem comprovação da eficácia.","Não há limites para essa gente do desgoverno Bolsonaro. Queriam alterar/pôr na bula do remédio sem comprovação científica ""indicação para Covid"".",2,0.5717883706092834,0.4282116591930389,0,Incerta
"Se eu testar positivo para covid 19, minha mãe e irmãs estão cientes não autorizo o uso de cloroquina em meu tratamento",Cardinot é mais um imbecil que quer empurrar a legitimidade sem viés científico da cloroquina goela abaixo do cidadão pernambucano que é desinformado.,0,0.5600540637969971,0.4399459362030029,0,Incerta
Já repararam que é só combater os espalhadores de fake news que os bolsonaristas se sentem ofendidos nas redes sociais? Curioso como vestem a carapuça.,É por causa dos efeitos da cloroquina que eles tem esse tido de atitude agressivos.  se matem bolsominions.,2,0.4911129474639892,0.5088870525360107,0,Incerta
"#ForaDoria Pensou que eu não tinha guardado esse vídeo, né?","Dória traiu Bolsonaro, traiu a população de SP, não deixa aplicar cloroquina, que já salvou muitas vidas.  nem para vereador ganha mais. #LulaTorcePeloVirus #BolsonaroTemRazao",2,0.4204030334949493,0.579596996307373,0,Incerta
pra eu cancelar a lana só ela defendendo a reabertura dos serviços não-essenciais e o uso da cloroquina contra o covid sem respaldo científico pode bater na minha família não me importo,"pra eu cancelar a lana só ela vindo na minha casa bater no meu cachorro e na minha família, e mesmo assim se for na minha irmã eu ainda passo pano pra ela",2,0.518608570098877,0.481391429901123,0,Incerta
"PRESIDENTE, QUÊ GOSTA DE FAZER PALHAÇADA EM CIMA DA DOR DO POVO , SEM SAÚDE, QUE PRESTA, UTI, BEM FEITO, PARA QUEM TOMA TUBAÍNA, NÃO TEM DINHEIRO PRA TOMAR COCA COLA,E VOTOU NELE. Quem é de direita toma cloroquina,  e de esquerda, Tubaína"", diz Bolsonaro","Tá me dando uma agonia ver quem defende a questão “Cloroquina/Hidroxicloroquina”, “tem que liberar, usa quem quer” .. da vontade de sair explicando um pouco, mas não tenho forças pra discutir com quem tem a mente fechada pra informações novas/corretas",0,0.5056020617485046,0.4943979680538177,0,Incerta
"A pandemia em Manaus acabou, o número de mortos diminuiu drasticamente e isso não dá audiência.","O mal fez sua caminhada e está naturalmente se indo. Se fosse em tempo receitado a cloroquina, como defendeu o PR, muitos teriam se salvado.",2,0.5632597804069519,0.4367401301860809,0,Incerta
"o mais triste são as pessoas julgando o menino, gente ele não sabe nem oq ta fazendo muito menos oq é cloroquina",n precisa ter muito cérebro pra pensar q uma criança desse tamanho não faz IDEIA do que que ta acontecendo ali. se tu pergunta pro mlk q q é cloroquina ele vai achar que é uma heroína da marvel,1,0.4551187753677368,0.5448812246322632,0,Incerta
"Esquerda mete o pau na cloroquina, mas toma na hora do aperto.  Esquerda mete o pau no capitalismo, mas ganha dinheiro com ele e usufrui de todas as suas benesses.  Que nome damos a isto?","hipocrisia é pouco, devia existir um programa que detectasse comunistas/socialistas e negasse todos os benefícios do governo.",2,0.405425101518631,0.5945748686790466,0,Incerta
pra eu cancelar a lana só ela defendendo a reabertura dos serviços não-essenciais e o uso da cloroquina contra o covid sem respaldo científico pode bater na minha família não me importo,"pra eu cancelar a lana só ela vindo na minha casa bater no meu cachorro e na minha família, e mesmo assim se for a minha irmã eu ainda passo pano pra ela",2,0.528182864189148,0.4718171656131744,0,Incerta
Prestem atenção,Olha os efeitos colaterais - NÃO É DA CLOROQUINA,2,0.5647881031036377,0.4352118968963623,-1,Incerta
"nao de palco pra anta, n merece sua explicação. deixa ela, na hora q ela ver o bicho pegar pro lado dela ou da familia, ela recorrera ao cloroquina isso e fatuuu, ninguem quer morrer por falta de ar nos pulmoes kkkkk","Dona sem educação,primeiro sou enfermeira,segundo tenho 2 familiares c COVID, estao evoluindo bem sem a cloroquina Terceiro o remédio n tem comprovação de eficácia,mostre algum estudo q comprove a eficácia dele ja q é tao sábia.A heparina por eqto vem sendo o melhor medicamento.",1,0.4491243362426758,0.5508756041526794,1,Incerta
Essa decisão de hoje quanto a cloroquina demonstra o quão retrógrado e atrasado é esse governo quanto a ciência! Politicamente impõe um protocolo de tratamento com uso empírico de um medicamento que possui mínimos ou nenhum efeito positivo e efeitos negativos variados e graves,"#grandedebate . Thiago vc esta coberto de razão, porque Bolsonaro quer  somente a cloroquina??????",0,0.4237028062343597,0.5762971639633179,0,Incerta
"O STF mais uma vez barrou o decreto do Executivo e há risco de barrarem o novo protocolo da cloroquina.   Não dá mais, está na hora.","Não dá mais, faz tempo!!! Fico tentando entender a estratégia, e juro, não consigo! Ou o PR  tá ""jogando War"" ou mais perdido que cego em tiroteio! Vamos, #Brasil!",2,0.5157482624053955,0.4842517971992492,0,Incerta
"Marinho e seus especialistas. Cloroquina pode levar a óbito súbito? Quem tem malária, lúpus e artrite pode parar de tomar já, doutor? ""Toda a comunidade médica"". Fale por si. O Conselho Federal de Medicina confirmou o protocolo.  E aí, doutor especialista dos marinho?",Sabe tira o serviço destes especialistas e deixem eles em casa igual A  que pegou a COViD-19 em casa!!!!,2,0.5126686692237854,0.4873312711715698,0,Incerta
É pra qualquer pessoa séria morrer infartada. Sabem o que é isso? São as referências Bibliográficas do novo protocolo do MS sobre a Cloroquina. Citando o quê? Uma matéria de jornal.  Mas pode ficar pior? Claro que pode! Vejam o item 23:,"Puta merda, nem ABNT esses caras seguem, sabem merda nenhuma. NBR 6023, gente, não custa nada ler e aplicar, vocês recebem pra isso.",2,0.482138454914093,0.5178616046905518,0,Incerta
"O novo protocolo sobre o uso da cloroquina editado por Jair Bolsonaro é incrível.  Primeiro porque ele não é assinado por ninguém, nem ministro, nem médico, ninguém.  Depois, porque o paciente tem de assinar termo onde consente que ""não existe garantia de resultados positivos"".","Entao é assim a cloroquina do bozo, ""Aceito ser medicado, mas assumo que não há garantia nenhuma""",2,0.4616954922676086,0.5383044481277466,0,Incerta
"Mesmo que quiséssemos, sabe quais são os problemas para prescrever Cloroquina COM SEGURANÇA em todo o país? Segue esse fio e acompanhe a história de Seu Jair, um paciente hipotético do mundo real. (Fio Hipotético tá? Não jogamos nossos Diplomas no lixo ainda não)",leiam essa maravilha de texto aqui por favor:,2,0.4843732118606567,0.515626847743988,0,Incerta
"USO DE CLOROQUINA AMPLIADA NO BRASIL  Ministério da Saúde amplia a possibilidade de uso do medicamento para casos leves de coronavírus. Não há, porém, evidência científica de que a droga tenha eficácia no tratamento. Siga o fio e veja o que muda    Gerard Julien/AFP","A ignorância de um presidente que se acha superior e mais inteligentes que inúmeros estudiosos e órgãos da área da pesquisa em saúde, colocando milhões de pessoas em potencial prejuízo. Não há evidências de benefício no uso desse medicamento e há, entretanto, efeitos adversos.",2,0.5874205231666565,0.4125794768333435,0,Incerta
Estudos comprovam que se você tomar Cloroquina pelo rabo é mais eficaz.,"Na campanha dizia não entender de vários assuntos e quem iria cuidar deles eram seus ministros, maioria já saiu fora e agora Mandetta diz que o Bozo quis alterar a bula da Cloroquina, imagina a grana que ele deve tá embolsando com essa merda",0,0.5882330536842346,0.4117669463157654,0,Incerta
#Debate360  o governo não tem o controle das pessoas que estão usando cloroquina? Nenhum tipo de dado? Já estamos há dois meses nessa situação e muita gente - pelo menos aqui em Belém - fez uso deste medicamento.,As pessoas que defendem o uso da Cloroquina sabem o que significa ciência? Já escreveram uma dissertação de Mestrado? Defenderam um Doutorado? Creio que é momento é repleto de negacionismos perigosos.,0,0.518506646156311,0.4814934134483337,0,Incerta
"Pasmem. O  conseguiu comparar hj na bandnews, cloroquina  com COCAINA. "" Argumento deles, usa quem quiser. Então faz assim, libera a cocaína e usa quem quiser. Quem não quiser bebe tubaina,  quem quiser usa cocaína..."" Palavras do Eduardo Oinegue, ao vivo na rádio.","Mais que canalha. Ele é irresponsável.O jornalista não tem compromisso com a VIDA qdo faz um discurso sobre 2 substâncias tão distintas e finalidades diferentes. Expõe sua ignorância e desrespeito, e o q diz nas entrelinhas é:”não dou a mínima p/ sua vida”.",2,0.5985612273216248,0.4014388024806976,0,Incerta
"Eu tenho insuficiencia renal e ja fiz ablaçao, se eu tomar cloroquina morro em 10 minutos,meu medo é virar protocolo,entrar pela emergencia quase desacordado e colocarem isso em mim.","Se vc chegar nesse estado a cloroquina não é indicada e não ""funcionaria"". Portanto fique sossegado. Não vão dar cloroquina sem consentimento do paciente e para pessoas com contra indicação.",1,0.5323458909988403,0.4676541090011596,0,Incerta
"O Conselho Diretor da Fundação de Apoio à Pesquisa do Distrito Federal (FAP-DF) autorizou a destinação de R$ 3,6 milhões para que sejam realizadas pesquisas pela Universidade de Brasília (UnB) sobre o uso de cloroquina no tratamento de pacientes diagnosticados com Covid-19","Já perdi as contas de quantos estudos comprovando INEFICÁCIA dessa merda já saíram e ao invés de pagar as bolsas de pesquisa pra quem realmente tem estudos com resultados promissores, jogam 3,6 M no lixo porque o biroliro não aceita estar errado.  Puta que pariu",2,0.4740650653839111,0.5259349942207336,0,Incerta
"Entidades médicas já se posicionaram contra a medida e a OMS, quando questionada sobre a decisão do governo brasileiro, reafirmou que além de não ter eficácia comprovada, a cloroquina pode causar efeitos colaterais graves.",O Sr. Estar representando qual laboratório? O grande problema e Que a cloroquina e Barato e isso barateia o tratamento e irrita os laboratórios.,1,0.5329869985580444,0.4670130014419555,1,Incerta
"O mundo vive uma realidade muito similar a do filme Contágio. Só que só no Brasil Alan Krumwiede (Jude Law) é presidente. O personagem vivia em universo paralelo e, inclusive, tinha a Forsythia, sua própria versão da Cloroquina, já aqui o governante vive em um Brasil Paralelo...","Eu falei isso cm meu primo quando vi esse filme kkk, lá o cara tem influência mas é preso e o governo tenta para já aqui é o próprio presidente.",2,0.466729074716568,0.5332708954811096,0,Incerta
Doria ameaça paulistas com lockdown e cobra isolamento: 'Será que teremos que ver pessoas mortas nas ruas?' -,"Só se forem mortes de fome, medo ou truculencia policial de traidores da constituição, fora isso, a Cloroquina resolve pra maioria das pessoas, as 2 pessoas mortas que o povo de SP quer ver são vc. e o Zé do Caixão!",2,0.5929027795791626,0.4070972502231598,0,Incerta
"todos os que foram contra  a cloroquina desde o inicio da pandemia , que demonizaram o remédio que atrasou o tratamento precoce, que recolheram e esconderam o medicamento devem  ser processados  em crime de homicídio doloso e genocídio contra a humanidade.",Penso da mesma forma. Temos que cobrar a condenação desses genocidas!,2,0.5733450651168823,0.4266549050807953,0,Incerta
"Apresentei um projeto de decreto legislativo p/ sustar o novo protocolo do  que recomenda uso precoce da cloroquina em pacientes com #Covid19, enqto não houver estudos científicos que comprovem sua eficácia. O presidente não deveria fazer uso político de algo tão sério.",Gente como esse verme precisa morrer para que a vida de inocentes sejam poupadas.,2,0.4905736446380615,0.5094263553619385,1,Incerta
"- Ainda não existe comprovação científica, mas sendo monitorada e usada no Brasil e no mundo. Contudo, estamos em Guerra: “Pior do que ser derrotado é a vergonha de não ter lutado.”  - Deus abençoe o nosso Brasil.",Ele assumiu q não tem estudo ! Mais a quem diga q tem !!!,2,0.4552287757396698,0.5447711944580078,1,Incerta
1) O efeito colateral da Cloroquina MAL RECEITADA pode matar uma pessoa de infarto 2) O agente público pode sair impune desse erro fatal 3) Pode faltar cloroquina para quem realmente precisa  Ligue os pontos.,Mas se a cloroquina faz mal é bom que falte pra todo mundo. Vai trabalhar pra merecer teu salário.,1,0.5109581351280212,0.4890418946743011,1,Incerta
"- Ainda não existe comprovação científica, mas sendo monitorada e usada no Brasil e no mundo. Contudo, estamos em Guerra: “Pior do que ser derrotado é a vergonha de não ter lutado.”  - Deus abençoe o nosso Brasil.",referências:,2,0.5145317316055298,0.4854682981967926,-1,Incerta
"O UOL fez uma matéria sobre o protocolo para cloroquina consultando apenas médicos e representantes de entidades contrárias ao medicamento. Cadê o chamado ""outro lado""? O jornalismo esquerdista perdeu por completo a vergonha em se mostrar tão parcial.",A UOL é uma bosta vermelha,2,0.461410790681839,0.5385891795158386,0,Incerta
a criança chata do cuscuz com ovo é bolsominian ainda,a criança n sabe nem oq é cloroquina  os pais dele que são mal caráter,2,0.5139724612236023,0.4860275685787201,0,Incerta
"Mais um ""cidadão de bem"" chapado na cloroquina?",Não passa um!,2,0.5432090759277344,0.4567909836769104,0,Incerta
Vocês se deram conta? NENHUM profissional de saúde assina o tal protocolo da cloroquina do governo Bolsonaro.,"O exército já tomou o governo pra si, ditadura em curso.",2,0.5324946641921997,0.4675053060054779,0,Incerta
"A verdade às vezes se esconde no óbvio. A eficácia da cloroquina contra o Covid19 pode ser contestada. Mas se a droga fosse tão maléfica à saúde quanto querem uns, ela não estaria sendo utilizada há décadas. Hipocrisia!","Meu tio, internado com Coronavírus, teve uma parada cardíaca. A equipe médica agiu rápido e ele tá bem. Pai disse que mudaram a medicação e ele não tá na UTI. Mas absolutamente NADA tira da minha cabeça que foi causado pela cloroquina já que o prefeito de CG idólatra essa droga.",0,0.5281253457069397,0.4718746244907379,1,Incerta
Qual é a cloroquina da sua profissão?,"vc vive viajando, né?",2,0.4878699481487274,0.5121300220489502,0,Incerta
"Tá rolando uma petição pra pressionar o STF a votar contra a criminalização do uso pessoal de drogas. É um debate muito sério. A guerra às drogas gera guerra em lugares mais pobres, a superlotação de prisões, aumento de homicídio e morte de policiais. Pressione: droga","Cloroquina tem efeito colateral, mas Drogas como Crack não. #BolsonaroCadaVezMaisForte",2,0.5709648728370667,0.4290351271629333,1,Incerta
"USO DE CLOROQUINA AMPLIADA NO BRASIL  Ministério da Saúde amplia a possibilidade de uso do medicamento para casos leves de coronavírus. Não há, porém, evidência científica de que a droga tenha eficácia no tratamento. Siga o fio e veja o que muda    Gerard Julien/AFP","A notícia tá errada  Deveria ser :  Presidente acredita no senso comum, autoriza substância cientificamente comprovada ineficaz contra COVID-19 e coloca em risco a saúde da população, com piadas e irresponsabilidade.",2,0.4108451306819916,0.589154839515686,1,Incerta
"Dois MÉDICOS se recusaram a liberar a cloroquina, que tem efeitos colaterais e nenhum estudo comprovando sua eficácia contra a COVID-19. Bolsonaro então escala um leigo pra fazer o trabalho sujo. Vidas estão em risco! #IgnoremBolsonaro #ImpeachmentJá!","Qualquer família em que um ente  querido teve complicações médicas, por uso de cloroquina,  pode processar o médico e o próprio ministério da saúde. Isso que esses caras lá do Planalto estão fazendo é  crime e Viola o juramento do médico!!!",2,0.4409925639629364,0.5590074062347412,0,Incerta
"Olha aí  , continue lutando pelo bem do povo em várias frentes, equilibrando saúde e economia, é o que precisamos que um presidente faça, tome decisões em tempo. Portugal, não teve efeitos colaterais . A esquerda e os opositores mentem .",A esquerda e os opositores mentem. Mas quem diz a verdade é o “portal de notícias” chamado Opinião Crítica (alguém conhece isso de algum lugar?),2,0.4620827436447143,0.5379171967506409,1,Incerta
"Bolsonaro: ""Direita toma cloroquina e esquerda toma Tubaína""  Lula: ""Ainda bem que a natureza criou o monstro chamado coronavírus""  Será mesmo que existe um salvador da pátria?",O erro de vocês é acreditar em Salvador da pátria. Dois bostas.,2,0.5651724338531494,0.434827595949173,0,Incerta
"Sobre a piada Cloroquina e tubaína, Dra Gisele Soares compara Jair Bolsonaro a um humorista...? Oi? Pelo amor!  Haja pano, meu pai!  #grandedebate #GrandeDebateCNN",Na verdade haja pano pra essa Dra. Gisele Soares,2,0.5940466523170471,0.4059533476829529,0,Incerta
Simples assim: a direita toma Cloroquina e a esquerda pergunte os especialistas da GloboLixo que ficam de plantão 24hs nas portas dos hospitais contando os mortos! vc escolhe,"AGORA VAMOS ver se o povo descobre quem quer vê-los MORTOS! STF, NAO ESQUECEMOS  DE VOCES SEUS MERDAS@",2,0.5522427558898926,0.4477573037147522,0,Incerta
"Ouvi dizer -- mas, juro, não acredito -- que o Doriana só não gosta da cloroquina porque não é supositório.","pois eu acredito se fosse supositório podia ser a ter acido e pimenta que ele aceitaria com aqueles pulinhos de veado e corno manso com muito prazer,veado é veado em quaisquer situação...",2,0.4779294431209564,0.522070586681366,0,Incerta
"Marinho e seus especialistas. Cloroquina pode levar a óbito súbito? Quem tem malária, lúpus e artrite pode parar de tomar já, doutor? ""Toda a comunidade médica"". Fale por si. O Conselho Federal de Medicina confirmou o protocolo.  E aí, doutor especialista dos marinho?","Vamos parar de tomar.  Caro Miguel Nicolelis, qual a alternativa indicada?  Talvez  possa receitar?  Ou vamos morrer em casa mesmo?",2,0.4860536456108093,0.5139462947845459,0,Incerta
"nossa mano, como assim? seu caso não tá estável? por que tratar ainda assim com cloroquina? não seria melhor tratar como gripe no seu cenário?!","o meu caso já passou, esse ai é o protocolo que os caras fazem vc assinar pra tomar cloroquina se for receitado",1,0.1018584892153739,0.8981414437294006,,Alta
"- Ainda não existe comprovação científica, mas sendo monitorada e usada no Brasil e no mundo. Contudo, estamos em Guerra: “Pior do que ser derrotado é a vergonha de não ter lutado.”  - Deus abençoe o nosso Brasil.",eu pensei que era zoeira essa frase  nao sei pq ainda me impressiono,2,0.1198991984128952,0.8801008462905884,,Alta
"A campanha contra a cloroquina (na qual o Anta está entrando com força, me parece), é uma daquelas coisas tão insana que é também um sinal de burrice.  Os argumentos a favor são simples: medicamento conhecido, barato, apesar de não ter prova definitiva, há indícios de eficácia.","Tamiflu também não tinha na época (2009), foi usado com base na observação clínica (assim como a cloroquina), tem efeitos colaterais fortes sentidos pela maioria q tomou (eu e meu filho inclusos) e ngm precisou assinar nada nem foi discutido seu uso como está sendo c hcq.",1,0.1468611508607864,0.8531388640403748,,Alta
"A Justiça nega a divulgação do receituário do gov socialista e tirano do estado de Pernambuco, mas obrigou o presidente  a divulgar o resultado dos seus exames e laudos que atestavam a não contaminação por Covid 19.   Alguém duvida que tem cloroquina receitada aí?",Ué.  Mas pq não divulgar Dr uip.... Ops Paulo Câmara?,2,0.199136883020401,0.8008631467819214,,Alta
"- Ainda não existe comprovação científica, mas sendo monitorada e usada no Brasil e no mundo. Contudo, estamos em Guerra: “Pior do que ser derrotado é a vergonha de não ter lutado.”  - Deus abençoe o nosso Brasil.","AIAI, AQUELES ""MAS""...",2,0.105675384402275,0.8943246603012085,,Alta
"Se não há comprovação científica da eficácia do remédio para combater o novo coronavírus, qual o interesse do presidente em que você o tome?","Populismo posar de Salvador e solucionar de problemas,,,,,só que cloroquina não é um remédio bom pra quem toma",1,0.1604024171829223,0.8395976424217224,,Alta
"THREAD ANTI-CENSURA: Notamos que as empresas       etc estão retirando anúncios de sites. Tudo porque o perfil  está fazendo lobby para censurar desafetos com a desculpa de ""fake news"".","Boicote não é censuro. Não era o que vocês diziam? Pois pega a mamadeira de piroca, enche de cloroquina e enfia no CU",2,0.1084012985229492,0.8915987014770508,,Alta
Cloroquina é veneno pra tomar e morrer? Pqp viu.,a cloroquina já matou várias pessoas com covid-19. São fatos!,1,0.1631017476320266,0.8368982672691345,,Alta
"2. Muita gente boa já comentou sobre o conteúdo por aqui, então vou só chamar a atenção para um ponto:  De onde o ministério tirou a posologia e as doses desse protocolo?  Ninguém sabe. Simplesmente porque não há nem dose nem posologia definidas para uso de cloroquina na Covid19.","3. O tal protocolo é isso: recomendações de dose e posologia para prescrição de cloroquina, hidroxicloroquina e azitromicina em casos leves, moderados e graves de Covid-19.  Mas NÃO está baseado em evidências científicas.  Por isso ele não é E NEM PODE SER UM PROTOCOLO OFICIAL.",1,0.11375193297863,0.8862480521202087,,Alta
"Não, Henrique cabeça de ovo! Dória está fazendo apenas o que qualquer ser humano sensato faria no lugar dele, seguindo a ciência. Bolsonarismo não é comprovação de que o remédio funciona, é a doença.   Dá-lhe  esse é o caminho.","O Governador de SP não tem o DIREITO DE DECIDIR QUEM VAI VIVER OU MORRER!"" CLOROQUINA já é usada a mais de 70 anos no tratamento de outras doenças... Repudio a decisão do governador!!! Se a cloroquina não fosse confiável, a rede particular não usaria, muito menos Donald Trump!",2,0.1830443292856216,0.8169556856155396,,Alta
"Mesmo que quiséssemos, sabe quais são os problemas para prescrever Cloroquina COM SEGURANÇA em todo o país? Segue esse fio e acompanhe a história de Seu Jair, um paciente hipotético do mundo real. (Fio Hipotético tá? Não jogamos nossos Diplomas no lixo ainda não)",o fio que todo mundo deveria ler,2,0.171653002500534,0.8283470273017883,,Alta
"Vence o princípio da equidade! Enquanto grande parte da rede privada tratava, com sucessos, seus pacientes com os medicamentos a base de cloroquina desde o início dos sintomas, somente os pacientes graves do SUS tinham acesso ao tratamento.","Que tragédia cara. Não garantem leitos e respiradores pra todo mundo, mas liberam essa porra sem comprovação científica no SUS!",2,0.1275470107793808,0.8724530339241028,,Alta
e quando que a gente vai salvar esse coitado dos próprios pais?,parem de colocar cloroquina na mamadeira desse mlq,2,0.1049069687724113,0.8950930237770081,,Alta
"Antes a Globo “receitava” cloroquina até pra mulher grávida. Hoje dão a entender que é mais perigosa que o próprio coronavírus... POR QUE SERÁ, né? #TorcidaOrganizadaDoCoronavírus","Muita politicagem, esquecem ou não dão a mínima para o povo. #NaoCompreDell",2,0.1139622405171394,0.8860377669334412,,Alta
Bolsonaro finalmente conseguiu forçar o Min. da Saúde a emitir protocolo que libera o uso em massa da cloroquina. Os pacientes terão que assinar um termo assumindo que o remédio não tem eficácia e que pode até matar. É um atentado contra a saúde pública e a vida dos brasileiros.,O choro é livre... .,1,0.1938710957765579,0.8061289191246033,,Alta
Bolsonaro finalmente conseguiu forçar o Min. da Saúde a emitir protocolo que libera o uso em massa da cloroquina. Os pacientes terão que assinar um termo assumindo que o remédio não tem eficácia e que pode até matar. É um atentado contra a saúde pública e a vida dos brasileiros.,Como farmacêutica estou muito revoltada com isto #TodosPeloImpeachment #ForaBolsonaro,2,0.1517019718885421,0.8482980132102966,,Alta
A imprensa que tanto quer o impeachment agora bate forte na cloroquina. Mas vejam bem: o Ministério da Saúde autoriza a utilização do medicamento sempre a critério do médico e com autorização da família. Ninguém será obrigado a usar. A imprensa está sendo canalha nesse debate.,"Essa imprensa engajada é nojenta, mentirosa e totalmente engajada em prol da ideologia de esquerda.",2,0.1032963842153549,0.8967036604881287,,Alta
"#Covid_19 Covid_19 Com 291,579 casos 18,859 mortes o Brasil deve ultrapassar Russia (308705 casos) nos próximos dias,e ser o 2o. país do mundo em casos depois dos EUA. Similaridade:dois países dirigidos por dois imbecis que prescrevem cloroquina e minimizaram a epidemia no início","Brasil:  293,357 casos agora 18,894 mortes",2,0.1668252348899841,0.8331747055053711,,Alta
"- Ainda não existe comprovação científica, mas sendo monitorada e usada no Brasil e no mundo. Contudo, estamos em Guerra: “Pior do que ser derrotado é a vergonha de não ter lutado.”  - Deus abençoe o nosso Brasil.",mas o caralho filha da puta,2,0.1658414900302887,0.8341584801673889,,Alta
"Olha aí  , continue lutando pelo bem do povo em várias frentes, equilibrando saúde e economia, é o que precisamos que um presidente faça, tome decisões em tempo. Portugal, não teve efeitos colaterais . A esquerda e os opositores mentem .","O que levaria a pensar que a solução pro Mundo seria a Cloroquina?  E mais uma coisa, pq essa solução viria de uma pessoa que não estudou um centímetro se quer de medicina? E pq essa alienação em defender uma pessoa que não consegue respeitar um ministro da saúde?",1,0.1131992414593696,0.8868007063865662,,Alta
Médicos: não existe eficácia comprovada nem testes de segurança pra cloroquina e alguns efeitos colaterais (inclusive fatais) foram percebidos.  Governo: deixa pro paciente decidir   Paciente: quero!   *morre*  Governo: ñ há ngm para culpar além  do paciente que quis tomar.,"""é melhor vc usar cloroquina que pode acontecer um milagre, do que n usar nd"" Putz, verdade.. Sabe, que eu vou tomar um vermifugo para dor de cabeça, quem sabe n faz um milagre e passa..",0,0.1986193507909774,0.8013806343078613,,Alta
"- Ainda não existe comprovação científica, mas sendo monitorada e usada no Brasil e no mundo. Contudo, estamos em Guerra: “Pior do que ser derrotado é a vergonha de não ter lutado.”  - Deus abençoe o nosso Brasil.",ele simplesmente lançou um “vai que cola”  totalmente irresponsável,2,0.1253010481595993,0.8746989369392395,,Alta
"O próprio Bolsonaro reconheceu que não há comprovação científica para a eficácia da cloroquina, este remédio é uma roleta russa, pq o Bolsonaro acrescentou o termo de responsabilidade na MP? Já é pra livrar o rabo sujo dele de qq morte q venha ocorrer...","Não pegue o vírus, se cuide hein, quando começar seus sintomas coloque uma orelha de burro, depois grite: eu não quero cloroquina, eu quero Tubaína, e seja feliz...",1,0.1109125316143035,0.8890874981880188,,Alta
"- Ainda não existe comprovação científica, mas sendo monitorada e usada no Brasil e no mundo. Contudo, estamos em Guerra: “Pior do que ser derrotado é a vergonha de não ter lutado.”  - Deus abençoe o nosso Brasil.",Dinheiro jogado fora imbecil,2,0.1753054410219192,0.8246946334838867,,Alta
É extremamente irônico e contraditório ver psolistas falarem que a cloroquina faz mal à saúde (apesar de milhares de pessoas terem se recuperado após usar o medicamento) enquanto eles defendem a legalização de TODAS AS DROGAS.  Querem legalizar o crack e proibir a cloroquina!,"Não há evidência que comprove o que você diz da cloroquina, de fato há evidência da sua ineficácia.",1,0.1669750213623047,0.8330249786376953,,Alta
Qual é a cloroquina da sua profissão?,clareamento caseiro com carvão comprado no aliexpress,2,0.9895217418670654,0.0104782627895474,,Random
"nem cloroquina, nem tubaína... o importante é seguir a medicina",Cientistas dos EUA descobrem que a cloroquina aumenta a insuficiência respiratória de pacientes,0,0.8586664795875549,0.1413335800170898,,Random
Qual é a cloroquina da sua profissão?,robô pra ganhar like e seguidor,2,0.9866849780082704,0.0133150648325681,,Random
"Apresentei um projeto de decreto legislativo p/ sustar o novo protocolo do  que recomenda uso precoce da cloroquina em pacientes com #Covid19, enqto não houver estudos científicos que comprovem sua eficácia. O presidente não deveria fazer uso político de algo tão sério.","Parabéns, Senador! É a medida correta pra sanar essa medida criminosa do Governo Bolsonaro de incentivar uso de cloroquina pra cura de Covid-19, por meio de protocolo criado por um Ministério da Saúde sem Ministro titular e sem apoio de médicos e da ciência.",1,0.2418888509273529,0.7581111788749695,,Random
"Para a direita, Cloroquina. Para a esquerda, Tubaína... E para o centrão? Propina...! E na comitiva do presidente ? Cocaína...!",Ainda bem que a cloroquina vai salvar o Brasil né,0,0.9866135716438292,0.0133863985538482,,Random
"Tem gente que é assim: fuma, bebe, cheira pó, toma ácido, faz marcha da maconha, pede liberação de droga.  Cloroquina: ""ain mas tem efeitos tóxicos"".",Mandetta falando que o governo federal tentou alterar a bula da cloroquina pra torná-la mais “aceitável” gente o que é isso??????,0,0.6576035618782043,0.3423964381217956,,Random
"A partir de amanhã ninguém mais morrerá de covid-19, todos morrerão por causa da cloroquina!!! Aguardem!!!",E rodem as rotativas.,2,0.9624689817428588,0.037531029433012,,Random
"A antecipação dos feriados é uma medida excepcional para elevar a taxa de isolamento social. Não é o momento para viagens, lazer ou turismo. Ficar em casa é a única maneira que existe para conter o avanço do coronavírus e salvar vidas. #SPcontraOcoronavírus #FiqueEmCasa","Parabéns governador, o senhor deu esse feriado de caso pensado!? Agora o POVO sai pra viajar, espalhando o vírus pra todos os lados, e sem cloroquina. O senhor realmente quer destruir São Paulo!",2,0.1718832999467849,0.8281167149543762,,Random
"Bolsonaro quis alterar bula da cloroquina, diz Mandetta",Não tem um dia sequer que o Bolsonaro n cometa um crime,2,0.992852509021759,0.007147460244596,,Random
"Cheguei agora gente, o Bolsonaro já falou sobre a cloroquina?","Para a direita, cloroquina. Para a esquerda, tubaina, para o centrão, propina. No avião do presidente? Cocaína",0,0.9890167713165284,0.0109831700101494,,Random
- Bolsonaro: Cloroquina ou Tubaína hahahaha - Lula: O Corona veio em boa hora! - Moro: Corona não é piada nem algo positivo. Solidariedade às famílias.  Façam suas escolhas...,"Cloroquina veio pra salvar vidas, palavras de carinho o Moro que enfie no rabo, e o Lula que morra na cadeia.",1,0.924961507320404,0.0750385448336601,,Random
Tomei cloroquina e já posso movimentar objetos com o poder da mente,Minha mãe precisa da cloroquina pra não ter dor. Ela também é hipertensa e parou de tomar cloroquina MESMO SABENDO QUE VAI TER MUITA DOR. Por causa dos efeitos colaterais ela correria o risco de ter problema do coração e não ter hospital. Não tomem essa porra. Tem consequências.,0,0.974156618118286,0.0258433446288108,,Random
"No dia em que o Brasil perde 1.179 vidas:  LULA: “Ainda bem que a natureza criou esse monstro chamado coronavírus para que as pessoas percebam que apenas o Estado é capaz de dar a solução”  BOLSONARO: “Quem é de direita toma cloroquina, quem é de esquerda, tubaína”.  .",usar droga até achar que o lula seria um presidente bom,2,0.9682969450950624,0.0317030437290668,,Random
Qual é a cloroquina da sua profissão?,Justiça,2,0.959006130695343,0.040993832051754,,Random
"Ouvi dizer -- mas, juro, não acredito -- que o Doriana só não gosta da cloroquina porque não é supositório.","Vou resumir, o meu país só está nesta merda pq no Brasil não temos juízes, não temos juízes, não temos juízes, só temos advogados de quadrilhas fantasiados de juízes. Porra.",2,0.9746174216270448,0.0253826342523098,,Random
"Bolsonaristas criam 'corrente do bem' e se medicam com cloroquina, azitromicina e antipulgas",Acho q nunca desejei tanto a morte de pessoas.,2,0.9648428559303284,0.035157136619091,,Random
Esperando agora a mídia dizer que a Cloroquina irá matar mais do que o Corona.,"Enquanto Bolsonaro ocupa sua militância com pautas artificiais - a cloroquina é uma delas - o Centrão ganha cargos, ministros deixam o governo, a PF sofre interferência, e seu filho vai escapando da Justiça. Essa cortina de fumaça terá sucesso até quando?",0,0.972621202468872,0.027378786355257,,Random
"""Nós não faremos a distribuição e nem aplicação generalizada da cloroquina, porque a ciência não recomenda"", disse o governador de São Paulo, João Doria.",Como assim? esse remédio está em uso por 80 anos. Esse governador está querendo matar os pobres. Enterram esse governador,2,0.2756375670433044,0.7243624329566956,,Random
"Para a direita, cloroquina. Para a esquerda, tubaina, para o centrão, propina. No avião do presidente? Cocaína","se algum dia eu disse que não gosto de poesia, menti",2,0.987893283367157,0.0121067371219396,,Random
Alguém me ajuda? Em qual setor da Havan eu posso encontrar Cloroquina?,Eu posso me negar a tomar a tal da cloroquina né?,0,0.9836241006851196,0.0163759440183639,,Random
Protocolo que libera cloroquina para pacientes com sintomas leves acaba de ser liberado pelo Ministério da Saúde.,Milhares de vidas serão poupadas no Brasil e o enfrentamento desse vírus será a nosso favor. Logo o coronga chinês será só um vírus fanfarrão! SETEMBRO ministro PODE APOSTAR que a epidemia ACABOU!!!,2,0.9319687485694884,0.068031258881092,,Random
Qual é a cloroquina da sua profissão?,"""Ih alá o burro escreveu tal palavra errada kkkkkk""",2,0.9812911748886108,0.0187087748199701,,Random
Coisas mais eficientes que a cloroquina no combate ao Coronavirus: minancora,a direita toma cloroquina a esquerda toma tubaina meu pau no teu cu roda que nem uma turbina,0,0.8574222922325134,0.1425777226686477,,Random
Vontade de enfiar cloroquina no cu de todo mundo que fala q essa merda cura o Corona. Vai se fude,"""Uso de cloroquina ampliado no Brasil"" vai toma no cu",0,0.9536794424057008,0.0463205389678478,,Random
"USO DE CLOROQUINA AMPLIADA NO BRASIL  Ministério da Saúde amplia a possibilidade de uso do medicamento para casos leves de coronavírus. Não há, porém, evidência científica de que a droga tenha eficácia no tratamento. Siga o fio e veja o que muda    Gerard Julien/AFP",é o caos completooo,2,0.97762930393219,0.0223706774413585,,Random
"O tal protocolo da cloroquina é uma espécie de bula de remédio de charlatão. Sem aprovação científica, ninguem assina a autoria nem assume responsabilidades pelas consequências do uso da substância. Tem menos garantia de eficácia do que garrafada de curandeiro fajuto.",A gente vai poder mandar processo no Bolsonaro e no general que está na Saúde por obrigar o Brasil transformar brasileiros em cobaia para Trump ganhar dinheiro com cloroquina e hidroxicloroquina?,2,0.4040868878364563,0.5959131121635437,,Incerta
"""Não há provas da eficácia da cloroquina.""  Ora, também não há prova da eficácia de quarentenas/lockdowns.  Por que num caso é exigida prova científica absoluta, e no outro, não?",kkkkkk imagina se houvesse né que guri bem burro cruzes,2,0.4782977402210235,0.521702229976654,,Incerta
a crianca tem total noção do cenário político e econômico do pais e como o uso da cloroquina não ajuda em nada no tratamento do covid-19     isso mesmo ataquem a criança,ela só quer cantar a música dela e nao faz ideia do que seja cloroquina seus animal,1,0.5942545533180237,0.4057454466819763,,Incerta
peste dos infernos. Pega essa merda de cloroquina e enfia no teu cu,Vocês tão se empenhando muito pra morrer na mão das drogas Achou que tava falando de nóia? To falando de quem defende a cloroquina/hidroxicloroquina,0,0.5006964206695557,0.4993035197257995,,Incerta
Qual é a cloroquina da sua profissão?,"Profissão 1: imparcialidade Profissão 2: ""Não tem cachê mas é bom pra divulgação""",2,0.4575547575950622,0.542445182800293,,Incerta
"Apresentei um projeto de decreto legislativo p/ sustar o novo protocolo do  que recomenda uso precoce da cloroquina em pacientes com #Covid19, enqto não houver estudos científicos que comprovem sua eficácia. O presidente não deveria fazer uso político de algo tão sério.",O Estado não tem o direito de me impedir de usar cloroquina se eu quiser! Vão tomar no cu todos vocês do Poder Legislativo e Judiciário ok?,1,0.5155095458030701,0.4844905138015747,,Incerta
"Doria disse que SP não vai seguir o protocolo do ministério da saúde para receitar cloroquina no inicio dos sintomas de covid-19. O sujeito agora além de ditador, também é um genocida.",Ele é o proprio Genocida juntamente com o bebado Lula,2,0.5785118937492371,0.4214881360530853,,Incerta
"- Ainda não existe comprovação científica, mas sendo monitorada e usada no Brasil e no mundo. Contudo, estamos em Guerra: “Pior do que ser derrotado é a vergonha de não ter lutado.”  - Deus abençoe o nosso Brasil.",NÃO AGUENTO MAIS,2,0.4527496993541717,0.5472502708435059,,Incerta
"Seu governador João Doria  tirou seu emprego, tirou o sustendo da sua família, te prendeu, algemou, cavou sua cova e comprou seu caixão, tudo isso com seu dinheiro superfaturado e agora não quer que você se trate com cloroquina para que este círculo vicioso não pare.","Vc se lasca, mas JOAZONHO TRANCA RUA, continua mantendo o governo federal como refém, ACORDA BRASIL #EuApoioBolsonaro",2,0.5428450703620911,0.4571549594402313,,Incerta
"Hoje  tomou uma atitude corajosa, que salvará milhares de vidas: liberou o uso da cloroquina pra todos os casos de COVID-19 no SUS, mesmo os leves  Basta o paciente autorizar o uso do medicamento, que tem se mostrado muito eficaz em diversas partes do mundo","Por isso que o protocolo foi liberado sem assinatura, nenhum médico é doido de assinar um troço desses.",2,0.4166362881660461,0.5833637118339539,,Incerta
"E o pior é ouvir o povo aqui defendendo o uso da cloroquina, e é uma galera que não tem embasamento teórico algum, não tem lugar de fala, entendem 0% sobre a área da saúde e ficam falando absurdos... Dai-me paciência senhor Jesus",Isso mesmo... quem for a Favor desse governo genocida tomem a cloroquina,0,0.4239112436771393,0.5760887265205383,,Incerta
Esse caso da cloroquina é de longe o maior crime do Bolsonaro. O cara ta fazendo experimento científico com milhões de pessoas. Isso é nada menos que desumano.,Dois médicos e um paraquedista decidindo mudar bula da cloroquina. Desprezo pela vida alheia.,2,0.5387481451034546,0.4612517952919006,,Incerta
"Vi no Jornal da Globo uma descrição dos efeitos colaterais da Cloroquina e da Hidroxocloroquina.  A partira daí,  parece que é melhor dar um tiro na própria cabeça do que usar esses medicamentos. Não sei como o pessoal que usou para combater a malária sobreviveu.","Pois é, como? A globo podia trazer tb a bula da diporona, do paracetamol... eles vão pirar quando lerem. #CloroquinaSalvaVidas #ripjornalismo #HidroxicloroquinaSalvaVidas #niseYamaguchi",2,0.4416210055351257,0.5583789944648743,,Incerta
"Apresentei um projeto de decreto legislativo p/ sustar o novo protocolo do  que recomenda uso precoce da cloroquina em pacientes com #Covid19, enqto não houver estudos científicos que comprovem sua eficácia. O presidente não deveria fazer uso político de algo tão sério.",Olha o PSDB aí!!,2,0.5677205920219421,0.4322793781757355,,Incerta
"Olha aí  , continue lutando pelo bem do povo em várias frentes, equilibrando saúde e economia, é o que precisamos que um presidente faça, tome decisões em tempo. Portugal, não teve efeitos colaterais . A esquerda e os opositores mentem .","Se faz necessário estocarem as farmácias...que luta, Meo Deos!",2,0.4289729595184326,0.5710269808769226,,Incerta
É extremamente irônico e contraditório ver psolistas falarem que a cloroquina faz mal à saúde (apesar de milhares de pessoas terem se recuperado após usar o medicamento) enquanto eles defendem a legalização de TODAS AS DROGAS.  Querem legalizar o crack e proibir a cloroquina!,"Diga que o principio ativo da cloroquina é ""cocaína"", que eles mudam de opinião na hora.",1,0.4437053203582763,0.5562946796417236,,Incerta
"Uma coisa que é importante: a tentação é grande, mas não demonizem a cloroquina. Ela não é um placebo sem comprovação nenhuma que nem a fosfoetanolamina (que Bolsonaro também defendeu). A droga segue sendo importante para lúpus, malária, artrite reumatoide e outras doenças.",A gente deveria forçar o governo a distribuir isso DE GRAÇA para as pessoas que precisam (se é que essa cloroquina do exército é segura),2,0.5287775993347168,0.4712223708629608,,Incerta
"A cloroquina n deve matar msm, mas com essa desculpa esfarrapada várias pessoas vão sair na rua como se nada estivesse acontecendo, já que existe um remédio milagroso.","Exatamente o que já acontece com o gado fanático nas manifestações!! Estão contaminados, tomando cloroquina por conta e morrendo!",1,0.5911355018615723,0.4088644087314605,,Incerta
"#debate360  Por que tanta preocupação com a cloroquina, hoje.  Norte Brasil  usa sem criticas médicas. Será, somente agora o mundo acordou com o perigo dessa droga?  Manaus,  Porto Velho e etc, nunca chamou a atenção dos cientistas. Por que?",Quem é  contra medicamento no SUS vitorioso na rede privada é  ave de rapina contra cloroquina e quer outra patente com propina,0,0.5053847432136536,0.4946152567863464,,Incerta
"""Vocês se esquecem que esse governo é profissional em Fake News? Os caras são bons no que fazem. Essa estória da cloroquina, eles estão aproveitando que a pandemia em breve chega no pico da curva e os números começarão decrescer.""","Eu acho que concordo com o pr: quem é de direita toma cloroquina. Pode socar cloroquina em quem tanto quer Via oral, nasal e anal Pode encher eles de cloroquina. Quanto mais, melhor",0,0.4094515442848205,0.5905484557151794,,Incerta
Diário do Bolso. Só preciso achar um ministro da Saúde que assine o novo protocolo. Pelo jeito vai ser o general Pazuello mesmo. Ele não é médico e não vai manchar o currículo dele se morrer um montão de gente.,"Chora petezada, o cloroquina vai salvar vidas, o tiro saiu pela culatra, o desejo genocida de vocês vai morrer na praia",2,0.4556447863578796,0.5443552136421204,,Incerta
"O protocolo da cloroquina foi motivo de atrito também entre Bolsonaro e Luiz Henrique Mandetta, que acabou demitido do Ministério da Saúde    Pedro Ladeira/Folhapress",eu não sei nem explicar como é ter um presidente que N Ã O tem nenhuma experiência com a saúde mas quer porque quer que usem um medicamento contra uma doença que ele descredita porque ele ACHA que é eficaz sem ter nenhuma BASE COMPROVADA disso,2,0.4991396963596344,0.5008602738380432,,Incerta
"Que os Bolsominions sirvam de cobaias para a cloroquina. Qualquer que seja o resultado, o mundo sai ganhando.",Pq o brasileiro ainda não inventou a Mulher Cloroquina?? #decepcionado,0,0.4451260864734649,0.5548738837242126,,Incerta
Qual é a cloroquina da sua profissão?,Da minha ex profissão é: água engorda,2,0.4791004955768585,0.5208994746208191,,Incerta
"Ouvi dizer -- mas, juro, não acredito -- que o Doriana só não gosta da cloroquina porque não é supositório.","Só tem um problema: para que a Cloroquina surta efeito, ali, o supositório tem que ser do tamanho de um antebraço de um homem adulto!",1,0.4143281280994415,0.5856718420982361,,Incerta
"- Ainda não existe comprovação científica, mas sendo monitorada e usada no Brasil e no mundo. Contudo, estamos em Guerra: “Pior do que ser derrotado é a vergonha de não ter lutado.”  - Deus abençoe o nosso Brasil.",era só enfiar e rodar...,2,0.516405463218689,0.483594536781311,,Incerta
"O médico terá liberdade para o uso, e os pacientes que aceitarem fazer o tratamento com a cloroquina terão que assinar um termo de consentimento. Ainda de acordo com o protocolo, a cloroquina “deve ser usada com precaução em portadores de doenças cardíacas, hepáticas ou renais.","E aonde estão os comprimidos de cloroquina enviados para os Estados????? Aonde foram ""escondidos"" pois não se encontra em lugar algum! O  tem de ficar responsável pela distribuição!",1,0.4009831249713897,0.5990168452262878,,Incerta
"até agora ninguém me explicou como a Cloroquina atua contra a Covid-19, pois combater o vírus que não é; antiinflamatório? pra que usar esse se há melhores e mais seguros medicamentos pra isso, ah e só pra lembrar antibiótico é para bactérias e não vírus!","Tomar azitromicina com Cloroquina só vai ajudar para criar mais superbactérias, que aliás, tomar medicamento para efeitos profiláticos em caso de um doença nova só pode estimular o vírus a se adaptar ao fármaco fazendo assim o vírus sofrer mutações",1,0.4870535433292389,0.5129464864730835,,Incerta
"O Ministério da Saúde divulgou nova orientação para os médicos do SUS, permitindo o uso de cloroquina e hidroxicloroquina na fase inicial da Covid-19. O uso dos remédios, sem eficácia comprovada, é alvo de críticas de associações médicas:  #JN",Militar nomeado no SUS publicou fake news sobre cloroquina e ofendeu OMS     Que gente honesta esses militares....kkkkkkkk  conseguiram colocar a farda verde amarela na cloroquina. Vadios que fala né??,0,0.5082932114601135,0.4917067289352417,,Incerta
"65 em mil. 6,5 em 100, são 6,5% contaminados nos clubes de futebol. Se esse padrão se repetisse (ou se repetir) na sociedade, te(ría)mos 65 mil contaminados por milhão, ou seja, pasmem, mais de 13 milhões de contaminados no BR.","Isso resultaria pelo menos 130 mil mortos em vez de 18 mil  Se calcular pneumonia + insuficiência respiratória (- média dessas mortes no mesmo periodo em anos recentes) + parada cardíacapor cloroquina + sub notificação...  Acho que dá por aí  Ou mais simples, olhar as funerárias",2,0.5790577530860901,0.4209421873092651,,Incerta
Meias verdades quando não matam oprimem a esperança!#nãohácertezasobrecloroquina,"Hospital do Piauí não ""zerou"" pacientes com Covid-19 após uso de cloroquina  #comprova via",0,0.5492203235626221,0.4507797062397003,,Incerta
Não há comprovação científica da eficácia da cloroquina.  Quem disse isso? Bolsonaro.  O mesmo Bolsonaro que só liberou novo protocolo sobre o uso em pacientes com quadro leves APÓS editar MP que o isenta de responsabilidade.  Isso é fazer cálculo político com VIDAS!,Temos um genocida na presidência!!!,2,0.5138799548149109,0.4861200451850891,,Incerta
"Debate sobre cloroquina acabou no mundo e só segue no Brasil, diz cientista  Tudo bem, aqui ainda rola ameaça comunista. Tá coerente.  #ForaBolsonaro   via","A gente sabe que a consciência coletiva ta horrível quando a galera coloca "" não comprovado cientificamente"" como algo facilmente superável, ja passamos da época em que mercadoria era um fetiche, agora os produtos (cloroquina) estão se tornando obra das divindades.",0,0.5769910216331482,0.4230090379714966,,Incerta
1) O efeito colateral da Cloroquina MAL RECEITADA pode matar uma pessoa de infarto 2) O agente público pode sair impune desse erro fatal 3) Pode faltar cloroquina para quem realmente precisa  Ligue os pontos.,"Seu pateta, em Manaus, pesquisadores da Fiocruz  assassinaram onze pessoas com overdoses de cloroquina (10X mais). Das duas, uma: OU VOCÊ É MAU INFORMADO OU É CANALHA MESMO.",1,0.521334171295166,0.4786657989025116,,Incerta
"Marinho e seus especialistas. Cloroquina pode levar a óbito súbito? Quem tem malária, lúpus e artrite pode parar de tomar já, doutor? ""Toda a comunidade médica"". Fale por si. O Conselho Federal de Medicina confirmou o protocolo.  E aí, doutor especialista dos marinho?","Inacreditável, Trump diz que está tomando doses homeopáticas de hcl há dias, um dos homens mais importante do planeta está correndo risco de morte súbita? Conta outra... jornalixo de merda nunca ouve os dois lados, somente o que lhe interessa",2,0.5429734587669373,0.4570265114307403,,Incerta
Militar nomeado no SUS publicou fake news sobre cloroquina e ofendeu OMS - da,Pode até que republicou mais é verdade cloroquina salva é  cura covid 19 eu é vários amigos venha em Rondônia entrevistar pessoas sérias mais é um remédio barato  mata rato da imprensa e congresso  vc sim  fake NEWS a cpi mostrou,2,0.5573574304580688,0.4426425993442535,,Incerta
"Em uma rede social, o médico e pesquisador amazonense, Marcus Lacerda,criticou as fake news sobre a pesquisa, desabafou sobre os ataques e lamentou as mortes que poderão acontecer devido ao uso indiscriminado do medicamento","entre a jequice e a ciência, este perfil está ao lado da ciência, da pesquisa, do conhecimento baseado em análises clínicas. não sei se o bolsonarismo alcançou o teto da estupidez, mas transformar um medicamento em ""debate político"" foi demais",2,0.4934923350811004,0.5065076351165771,,Incerta
"Vi no Jornal da Globo uma descrição dos efeitos colaterais da Cloroquina e da Hidroxocloroquina.  A partira daí,  parece que é melhor dar um tiro na própria cabeça do que usar esses medicamentos. Não sei como o pessoal que usou para combater a malária sobreviveu.",A Globo deve se preocupar em pagar o que deve ao governo federal.,2,0.4693083167076111,0.5306917428970337,,Incerta
Parece que as pessoas ainda não entenderam que Bolsonaro vai usar o povo brasileiro como cobaia humana nos testes sobre a eficácia da cloroquina,Não mesmo! Já vi gente comparar bula de novalgina com a de cloroquina. Dos absurdos surreais que vivemos...,1,0.5936992168426514,0.4063007235527038,,Incerta
"Bolsonaro é desumano. ""A direita toma cloroquina. A esquerda, tubaína"". Não, ele não estava fazendo uma piada. Ele estava insinuando que a esquerda deveria ser torturada.  ""Tubaína"" é gíria militar para tortura por afogamento.  Que nojo desse homem.",Ingenuidade a nossa achar que era só um trocadilho idiota.,2,0.57785964012146,0.4221403300762176,,Incerta
Talvez o vídeo mais importante que já fiz na história do meu canal!,"Vídeo que me deixa feliz, mtas pessoas citam fontes sem saber do que se trata, citaram fontes de pesquisas da eficiência da Cloroquina contra o Covid-19, o Hime simplesmente foi lá e destrinchou todas as fontes, e nenhuma delas relata algo do covid-19 ou eficiência da cloroquina.",2,0.505918562412262,0.494081437587738,,Incerta
"“Redução dos glóbulos brancos, disfunção do fígado, disfunção cardíaca e arritmias”",A milagrosa e inofensiva #Cloroquina,2,0.5851767659187317,0.4148232936859131,,Incerta
"Mandetta, na , comenta frase de Bolsonaro: em tempos de quem é de direita usa cloroquina, quem é de esquerda toma tubaína, “quem tem juízo escute a medicina”","A medicina que só os ricos podem usar cloroquina, e os pobres morrem sem nenhum medicamento. Hipocrisia dos infernos. Porque o secretário do Dória usou cloroquina?",1,0.4380020499229431,0.5619980096817017,,Incerta
"Chioro:""Esse protocolo não é assinado por ninguém, não há um responsável. Hj temos evidência de que cloroquina não funciona para pacientes graves. E já começamos a ter de que nem para uso profilático ela tem indicação.(...)Acho que ele será desrespeitado pelos médicos"" #debate360","Nos médicos não vamos administrar cloroquina sem comprovação científica, não trabalhamos com hipóteses e sim com vidas . Não vamos administrar porque políticos acham que devem ser medicado . Na prescrição e administração medicamentosa político não manda nada.",1,0.5782451629638672,0.4217548072338104,,Incerta
Qual é a cloroquina da sua profissão?,"Não tenho profissão, mas das que eu to em dúvida seria ou o Alexandre Garcia ou os próprios alunos",2,0.5866308212280273,0.4133691489696502,,Incerta
"""Em dia com mais de mil mortes..."" Vocês continuam mentindo assim porque:  a) acham que ninguém está vendo; b) acham q a angústia geral está pouca; c) não estão nem aí para quem de fato está morrendo.  PS: foram 225 óbitos nos últimos três dias. Os demais ocorreram anteriormente.","Alguém suspende a Cloroquina desde alucinado, por favor!  URGENTE!!!",2,0.4844553768634796,0.5155447125434875,,Incerta
"Esquerda mete o pau na cloroquina, mas toma na hora do aperto.  Esquerda mete o pau no capitalismo, mas ganha dinheiro com ele e usufrui de todas as suas benesses.  Que nome damos a isto?",Esquerda ou hipocrisia porque são sinônimos.,2,0.5370084643363953,0.4629915654659271,,Incerta
"Antigamente quando o Presidente não era o Bolsonaro, a cloroquina era um ótimo tratamento para a Zikavíruschinês, todavia já não é mas considerado medicamento.  #GloboLixo",Quando o jorrava bastante dinheiro no caixa da Globobosta,2,0.4806634485721588,0.5193365812301636,,Incerta
"A gente perdendo tempo discutindo cloroquina. A população ao invés de escutar autoridades da área de saúde, pesquisadores e outros pgd no assunto, preferem escutar o debiloide do presidente que tem curso de paraquedismo. O povo merece tomar cloroquina com água sanitária.",Cloroquina na  de piroca.,1,0.5868532061576843,0.413146823644638,,Incerta
Agora cada médico receita a cloroquina quando bem entender. Pau no cu do Doriana.,Ele vai gostar!,2,0.4899692237377167,0.5100308060646057,,Incerta
"Vence o princípio da equidade! Enquanto grande parte da rede privada tratava, com sucessos, seus pacientes com os medicamentos a base de cloroquina desde o início dos sintomas, somente os pacientes graves do SUS tinham acesso ao tratamento.","Quando a rede privada se guia pela ciência e começa a abandonar a cloroquina, vocês - o que há de mais ultrapassado na política - se apegam a ela!  vamos dar uma estudadinha? Consegue ler em inglês?",1,0.1898258477449417,0.8101741671562195,,Alta
"fica tranquilo agora com a cloroquina liberada, vai a zero os óbitos, menos nos estados onde o PT e esquerda governam, vão continuar inventando morte por covid19",Ainda bem q nos EUA as mortes já tão zerada desses março qd a CLOROQUINA foi liberada,1,0.1929024457931518,0.8070975542068481,,Alta
"Vejam com seus próprios olhos, e acreditem neles se quiserem. Em 2016 os marinho mostravam o potencial da cloroquina contra zika. Especialista falando bem e tudo. ""E não tem contra indicação para grávidas"". Em 2016 era a presidenta do pt. Viva a internet!","Qual globo vc acredita, quando tinha verba ou agora? #GloboLixo #ForaDoria #ImpeachmentDoDoriaJá",2,0.1209783777594566,0.8790216445922852,,Alta
"Mesmo que quiséssemos, sabe quais são os problemas para prescrever Cloroquina COM SEGURANÇA em todo o país? Segue esse fio e acompanhe a história de Seu Jair, um paciente hipotético do mundo real. (Fio Hipotético tá? Não jogamos nossos Diplomas no lixo ainda não)",Leia esse fio e entenda porque isso que você diz não corresponde a realidade,2,0.1257383674383163,0.8742615580558777,,Alta
E seu pai que tomava cloroquina sem recomendação médica,E seu pai que tomava cloroquina com bula falsificada.,1,0.1415489166975021,0.8584510684013367,,Alta
Cloroquina é igual ingresso pra jogo do Vasco. Tu pega aquilo ali mas não tem garantia nenhuma que vai dar certo e os efeitos colaterais podem ser desastrosos para a saúde,Melhor didática pra explicar sobre cloroquina até agora,2,0.1510780304670334,0.8489219546318054,,Alta
"- Ainda não existe comprovação científica, mas sendo monitorada e usada no Brasil e no mundo. Contudo, estamos em Guerra: “Pior do que ser derrotado é a vergonha de não ter lutado.”  - Deus abençoe o nosso Brasil.",Ele realmente falou isso kkkkkkk,2,0.1111085265874862,0.8888915181159973,,Alta
Bolsonaro finalmente conseguiu forçar o Min. da Saúde a emitir protocolo que libera o uso em massa da cloroquina. Os pacientes terão que assinar um termo assumindo que o remédio não tem eficácia e que pode até matar. É um atentado contra a saúde pública e a vida dos brasileiros.,precisa desovar a cloroquina que o  tem devido o aumento da produção.  Quem irá comprar?,1,0.1713997274637222,0.8286002278327942,,Alta
Mandetta diz que governo queria mudar a bula da cloroquina. Vocês tem noção da gravidade disso?,Vc tem noção de uma coisa dessas?,2,0.1670244336128235,0.8329755663871765,,Alta
e quando que a gente vai salvar esse coitado dos próprios pais?,"ele é uma criança e não sabe o que é cloroquina, os pais ridicularizam a imagem do próprio filho mano e usam para ganhar dinheiro em cima disso aff...",2,0.1060352623462677,0.8939647078514099,,Alta
"A manchete diz que deputado bolsonarista que estava sendo tratado com cloroquina ( o remédio) morreu mesmo assim. Ou seja, cloquina não é remédio para covid. Sim, provavelmente ele morreu por alguma complicação pela falta de tratamento CERTO.","Exatamente, ninguém da comunidade cientifica internacional falou que cloroquina era tratamento certo, só o presidente do Brasil. Aquele demente que não consegue pronunciar coronavírus, lembra?",1,0.1223767697811126,0.8776232004165649,,Alta
O antipulgas eu até entendo...,"Longe de mim defender bolsonarista e principalmente o uso da cloroquina, mas o anti pulgas referido é a ivermectina q, in-Felizmente tem mais efeito que a cloroquina... logicamente o título é tendencioso, quando se refere a ivermectina   Eu sofro, muito",1,0.1201356872916221,0.8798643350601196,,Alta
Qual é a cloroquina da sua profissão?,imprimir dinheiro e a de vcs?,2,0.1756501942873001,0.8243498802185059,,Alta
"Cloroquina é um remédio que foi provado eficaz para algumas doenças (como Lúpus), mas não existe prova de que funciona ESPECIFICAMENTE para COVID-19. Isso é automedicação e já matou gente.  Transformar isso em ""na época do PT..."" é fake news pura.",Esse aí é só um com mais de 1000 pacientes. Mas referências vc encontrará outros q já falando de vários estudos in vitro com a Cloroquina inibindo a replicação viral do Corona.,1,0.1146993190050125,0.8853006362915039,,Alta
Bolsonaro finalmente conseguiu forçar o Min. da Saúde a emitir protocolo que libera o uso em massa da cloroquina. Os pacientes terão que assinar um termo assumindo que o remédio não tem eficácia e que pode até matar. É um atentado contra a saúde pública e a vida dos brasileiros.,"DEPUTADOS PAGOS COM NOSSOS IMPOSTOS TÊM OBRIGAÇÃO DE SABER O QUE FALAM E FAZEM.. Ações e frases desqualificadas, são o reflexo da péssima formação cultural de alguns deputados. Se tivéssemos um exame pré admissional esse lixo com certeza não estaria desperdiçando nossos impostos.",2,0.1229466721415519,0.8770533204078674,,Alta
"Entidades médicas já se posicionaram contra a medida e a OMS, quando questionada sobre a decisão do governo brasileiro, reafirmou que além de não ter eficácia comprovada, a cloroquina pode causar efeitos colaterais graves.","Imbecil, se eu quiser tomar cloroquina é problema meu. quem você pensa que é para determinar o que as pessoas podem ou não tomar?",2,0.1433934569358825,0.8566065430641174,,Alta
"A verdade às vezes se esconde no óbvio. A eficácia da cloroquina contra o Covid19 pode ser contestada. Mas se a droga fosse tão maléfica à saúde quanto querem uns, ela não estaria sendo utilizada há décadas. Vamos ser razoáveis pessoal.","Assista o vídeo do debate na CNN da pesquisadora Natália Pasternak, bióloga e doutora em microbiologia pela USP explicando sobre a Cloroquina e pq deveríamos parar de falar dela relacionado com a Covid19. É muito didático. Ela vai desmontando um a um os argumentos pró cloroquina",1,0.105221964418888,0.8947780728340149,,Alta
Qual é a cloroquina da sua profissão?,se eu soubesse qual a minha profissão...,2,0.1860705912113189,0.8139294385910034,,Alta
"Mesmo que quiséssemos, sabe quais são os problemas para prescrever Cloroquina COM SEGURANÇA em todo o país? Segue esse fio e acompanhe a história de Seu Jair, um paciente hipotético do mundo real. (Fio Hipotético tá? Não jogamos nossos Diplomas no lixo ainda não)",Olha como o caso de prescrever medicamento deve ser feito.,2,0.1544637382030487,0.8455362915992737,,Alta
"- Ainda não existe comprovação científica, mas sendo monitorada e usada no Brasil e no mundo. Contudo, estamos em Guerra: “Pior do que ser derrotado é a vergonha de não ter lutado.”  - Deus abençoe o nosso Brasil.",a burrice meu pai,2,0.1578015685081482,0.8421984314918518,,Alta
Alguém vai dizer o contrário?,se a cloroquina é tao eficaz pq que o paciente tem que assinar um termo que tira a culpabilidade do médico?,0,0.1797406673431396,0.8202593922615051,,Alta
"Eu confesso que não tenho condições de comentar:   ""Quem é de direita toma cloroquina, quem é de esquerda toma tubaína""  Presidente do Brasil, no dia que morrem 1179 pessoas!",Como vocês conseguiram eleger uma pessoa assim pra presidente ?   Essa vergonha eu tenho orgulho de não ter passado,2,0.165956825017929,0.8340432047843933,,Alta
Bolsonaro finalmente conseguiu forçar o Min. da Saúde a emitir protocolo que libera o uso em massa da cloroquina. Os pacientes terão que assinar um termo assumindo que o remédio não tem eficácia e que pode até matar. É um atentado contra a saúde pública e a vida dos brasileiros.,O QUÊ ESTÃO ESPERANDO? #senadovergonhanacional,2,0.1642054468393325,0.8357946276664734,,Alta
"Afinal, o que dizem os estudos publicados sobre a cloroquina? E por que NÃO é possível dizer ainda que o medicamento é eficaz e seguro na luta contra a covid-19?   A  foi atrás dos estudos e fez resumo do que temos até agora. Siga  #Thread","Excelente thread sobre a ineficácia da cloroquina.  ""O outro examinou 1.376 pacientes moderados ou graves. 58,9% foram medicados com hidroxicloroquina. Não houve evidência de que o medicamento influenciou na redução de mortes ou intubações.""",2,0.128052145242691,0.8719478249549866,,Alta
Alterar a bula de um medicamento ?,Marelena tudo pra mim falando que é melhor tomar tubaína do que cloroquina kskkskskskskk,0,0.1689178347587585,0.8310822248458862,,Alta
Qual é a cloroquina da sua profissão?,Princípio da fungibilidade,2,0.9645012617111206,0.0354986973106861,,Random
"- Ainda não existe comprovação científica, mas sendo monitorada e usada no Brasil e no mundo. Contudo, estamos em Guerra: “Pior do que ser derrotado é a vergonha de não ter lutado.”  - Deus abençoe o nosso Brasil.",Parei na primeira vírgula,2,0.4500381350517273,0.5499618649482727,,Random
"O STF mais uma vez barrou o decreto do Executivo e há risco de barrarem o novo protocolo da cloroquina.   Não dá mais, está na hora.",Eu digo que passou da hora. A hora foi em 2006.,2,0.2795425355434418,0.7204574346542358,,Random
Deputado do PSL morto por Covid-19 usou cloroquina,"Em estado grave! Começam a administrar cloroquina qdo os pulmões já estão mto comprometidos e aí querem que o medicamento faça milagre. Não há cura para o covid-19, mas há médicos que afirmam que o uso da cloroquina nos primeiros 4 dias diminuem o agravamento do quadro",1,0.9861978888511658,0.0138020804151892,,Random
"#DEBATE360  CHIORO SEU ESQUERDISTAS IDIOTA! QUEM VAI CONFIAR EM LABORATÓRIOS, VCS QUEREM GANHAR DINHEIRO EM CIMA DA COVID 19! NINGUÉM CONFIA EM VCS! O RICARDO ACABOU DE DIZER QUE FOI CURADO COM CLOROQUINA! RAPAZ QDO O CARA É OPOSIÇÃO  Ñ IMPORTA SE O POVO MORRE! USE CARACAS!",Por enquanto Bolsonaro está jogando bem (por isso é bom ficar de olho para reagir) com a cloroquina. Tem sido difícil para os setores democráticos perceberem as intenções dele.,0,0.9748611450195312,0.02513880841434,,Random
"Esquerda mete o pau na cloroquina, mas toma na hora do aperto.  Esquerda mete o pau no capitalismo, mas ganha dinheiro com ele e usufrui de todas as suas benesses.  Que nome damos a isto?","CANALHAS, MIL VEZES CANALHAS! #LulaTorcePeloVirus",2,0.9835973381996156,0.0164026245474815,,Random
"Três pergunta simples:  As pessoas que pegavam malária, lúpus ou artrite reumatoide e usavam cloroquina estão vivas como?  Porque ninguém fez tantos alertas para elas sobre os efeitos colaterais do remédio?  A vida delas não importavam?",As pessoas  ainda pegam malária  aqui na região amazônica. Com bastante frequência. Eu já peguei e tomei cloroquina. Parentes e amigos também. Estamos vivos.,1,0.7145358324050903,0.285464197397232,,Random
Mete a cloroquina toda no cu seu filho da puta,"Revista dos EUA compara Bolsonaro a Jim Jones, autor do massacre de Jonestown  Em 1978, o pastor promoveu um suicídio em massa de 909 fiéis na Guiana. Salon diz que brasileiro faz o mesmo ao pregar uso da cloroquina e fim do isolamento em meio à pandemia",0,0.9837815761566162,0.0162183921784162,,Random
Tiririca faz sucesso com clipe sobre a cloroquina,Vou adotar um quinto gato é batizá-lo de Cloroquina,0,0.9370325803756714,0.0629674270749092,,Random
"Então cuidado, a qualquer momento pode ser vc e se sua amada cloroquina não der certo, se vc acha que seu amado presidente vai salvar vc e os outros gados estão muito enganados kk, ele so quer saber dos filhos dele o resto que se foda kkk","CLOROQUINA NÃO É SALVAÇÃO, É TRATAMENTO, NÃO EXISTE VACINA, ISSO É O QUE TEM, SE VC PEGAR NÃO TOME, SE EU PEGAR EU TOMO, UM DITADOR FARIA VC TOMAR NA MARRA, E SAIBA SE VIER A VACINA DA CHINA VÃO TE OBRIGAR A TOMAR, COM BOLSONARO TOMA QUEM QUER.",1,0.2531965672969818,0.7468034029006958,,Random
"entre cloroquina e tubaína que tem o mesmo efeito, eu fico com a tubaína mesmo, mais gostoso",Deputado PSL  no Rj morre de covid 19 apos o uso ilegal de Cloroquina.,0,0.9510510563850404,0.0489489063620567,,Random
Deputado do PSL morto por Covid-19 usou cloroquina,"Nos comentários, os médicos de redes sociais: ""tomou cedo demais""; ""tomou tarde demais""; ""tomou pouco""; ""tomou da marca errada"", etc.",2,0.9790025949478148,0.0209974851459264,,Random
"O  pediu que a Câmara convoque o ministro interino da Saúde para explicar sobre a ampliação do uso da cloroquina. Queremos que Eduardo Pazuello explique os estudos que subsidiaram sua decisão, considerando que não há nada comprovado quanto à eficácia do medicamento.",o psol faz tudo etc etc,2,0.963074028491974,0.0369259417057037,,Random
"Bolsonaristas criam 'corrente do bem' e se medicam com cloroquina, azitromicina e antipulgas",olhaaaaaa não da mais não.,2,0.990017592906952,0.0099824629724025,,Random
Militar nomeado no SUS publicou fake news sobre cloroquina e ofendeu OMS - da,Tem pre-requisito para o cargo.,2,0.9570723176002502,0.0429276525974273,,Random
"TUBAÍNA = ""entuba aí"" é uma gíria de quartéis para a técnica de tortura por afogamento.  Ao dizer que, quem é de direita toma Cloroquina e quem é de esquerda, tubaína, o GENOCIDA quis dizer que os de esquerda serão entubados.  #ImpeachmentJa",Governo libera cloroquina para casos leves de covid-19,0,0.9694787859916688,0.0305212717503309,,Random
"Não tenho opinião sobre cloroquina e nem quero opinião de pessoas que não são médicas, não são cientistas, não estudaram e estão colocando os interesses em suas afirmações. Não desviem o foco! Cloroquina não resolverá todos os problemas que a pandemia vem causando.","meu tio bolsominion tá internado com corona vírus, meu medo é dele ter pedido pra tomar cloroquina pro médico",0,0.844758152961731,0.1552418321371078,,Random
"- Ainda não existe comprovação científica, mas sendo monitorada e usada no Brasil e no mundo. Contudo, estamos em Guerra: “Pior do que ser derrotado é a vergonha de não ter lutado.”  - Deus abençoe o nosso Brasil.",Dos mesmos criadores de “segundo as vozes da minha cabeça”,2,0.5360637903213501,0.4639362394809723,,Random
Qual é a cloroquina da sua profissão?,Literalmente a cloroquina kkkkkkkk ou que a indústria já achou a cura do câncer mas não quer divulgar pra lucrar mais (? Er),2,0.9658121466636658,0.0341877676546573,,Random
"minha mãe: vou comprar remédio de verme pra nós   meu pai tomando cerveja: já to tomando aqui ó, cloroquina","Vejam o termo de consentimento que você terá que assinar antes de usar a Cloroquina: “Compreendi, portanto, que não existe garantia de resultados positivos para a COVID-19 e que o medicamento proposto pode inclusive apresentar efeitos colaterais;” +",0,0.9517529606819152,0.0482470281422138,,Random
Qual é a cloroquina da sua profissão?,O famigerado preco premium,2,0.9830842614173888,0.0169157218188047,,Random
"Diante da recusa de dois ministros da Saúde, que optaram por pedir demissão para não assinar o documento, coube ao general Eduardo Pazuello, que assumiu a pasta de forma interina,  liberar a cloroquina para todos os pacientes de covid-19.","Parabéns,  general! Nunca tive tanto orgulho dos militares da nossa pátria! Nós,  PATRIOTAS, contamos com vocês e estamos prontos pro que for preciso. #euapoioopresidentebolsonaro",2,0.98101544380188,0.0189846251159906,,Random
"Bolsonaro: ""Direita toma cloroquina e esquerda toma Tubaína""  Lula: ""Ainda bem que a natureza criou o monstro chamado coronavírus""  As frases e a realidade do País comprovam que devemos escolher lideranças éticas, equilibradas e competentes. Chega da busca de salvadores da pátria","E qual a sua sugestão de ""liderança ética, equilibrada e competente"". Você?  Bem, pelo menos tem senso de humor.  .",2,0.8284450173377991,0.1715549677610397,,Random
"Bolsonaristas criam 'corrente do bem' e se medicam com cloroquina, azitromicina e antipulgas","Caraio, cheira crack e injeta maconha fumando cocaína logo caraio.  Tudo noia esses bolsoloko",2,0.9765556454658508,0.0234443210065364,,Random
Qual é a cloroquina da sua profissão?,As blogueirinhas fitness.,2,0.9736794829368592,0.0263205636292696,,Random
É extremamente irônico e contraditório ver psolistas falarem que a cloroquina faz mal à saúde (apesar de milhares de pessoas terem se recuperado após usar o medicamento) enquanto eles defendem a legalização de TODAS AS DROGAS.  Querem legalizar o crack e proibir a cloroquina!,nazista burra é redundância né?,2,0.4151930510997772,0.5848069787025452,,Incerta
"Todos vocês sabem que Bolsonaro enviou para o Congresso Nacional a MP 966 que isenta agentes públicos de responsabilidade. O que talvez não tenham conectado é que isso associado ao ""Protocolo Cloroquina"" pode ser um dos maiores casos de IMPUNIDADE que já vimos.",NÃO toma a cloroquina de deixa de ser chato. PQP   e  estão conseguindo ser mais chatos que a  e,1,0.5048341751098633,0.4951658546924591,,Incerta
Nasa descobre possível universo paralelo onde tempo passa ao contrário,Nesse universo a cloroquina deve funcionar contra o covid-19 Nasa,2,0.5033280253410339,0.4966720044612884,,Incerta
"Pessoas que apoiam o , me expliquem por favor porque querem tanto usar cloroquina no tratamento de covid-19 mesmo não tendo base científica?","A ""Grande Mídia"" mostra na prática que não quer te informar, só quer defender SEUS INTERESSES. Explico: Bolsonaro e Lula proferiram falas infelizes,  Um sugeriu Cloroquina e/ou Tubaína. Outro agradeceu a natureza pelo vírus covid-19. Mas só um está atrapalhando seus interesses R$",0,0.4805197417736053,0.5194802284240723,,Incerta
"A verdade às vezes se esconde no óbvio. A eficácia da cloroquina contra o Covid19 pode ser contestada. Mas se a droga fosse tão maléfica à saúde quanto querem uns, ela não estaria sendo utilizada há décadas. Vamos ser razoáveis pessoal.","O Xico NUNCA fala nada contra o ditador Dória do PSDB que está quebrando São Paulo e agora diz que não vai distribuir a cloroquina, só para não seguir as ordens do presidente Bolsonaro.  Xico se cala pois obedece ao FHC. Xico é PSDB.   PT e PSDB são dois lados da mesma moeda.",1,0.5864225625991821,0.4135774075984955,,Incerta
"Esquerda mete o pau na cloroquina, mas toma na hora do aperto.  Esquerda mete o pau no capitalismo, mas ganha dinheiro com ele e usufrui de todas as suas benesses.  Que nome damos a isto?",Pior o que isso... A esquerda mete o pau na cloroquina e não fala nada sobre o SUS receitar Dipirona pro paciente... vai entender...,1,0.5019266605377197,0.4980733692646026,,Incerta
"Teve um que tava se achando muito esperto pq pegou um artigo que fez uma revisão sistemática em todos os estudos sobre Cloroquina até agora e chegou a conclusão que aumenta a mortalidade. O espertao so nao diz que isso é óbvio, a Cloroquina é aplicada só nos pacientes gravíssimos",Cloroquina deve ser usada no inicio !!!,1,0.450368583202362,0.5496314167976379,,Incerta
"Caralho, o Mandetta tá falando que o Bolsonaro queria que ele assinasse um documento pra mudar a bula da cloroquina NA ANVISA!",É a cara do bozo esse tipo de atitude.,2,0.4078834354877472,0.5921165943145752,,Incerta
"sobre ""'""""""cloroquina'""""""',  você:","qual a melhor versão de """"""""cloroquina"""""""""" para conseguir sobreviver ao vírus letal chamado governo borsonaro?",1,0.4054172933101654,0.5945826768875122,,Incerta
SAI DAQUI COMUNISTA VAI PRA CUBA O BRASIL É PRA PATRIOTAS NÃO PRA PETISTOS AQUI É BONOSSAURO PORRA RAJADA DE CLOROQUINA,RAJADA DE CLOROQUINA HAUAHAHSHAHHAHSHSHAHHAHAHSHSH,1,0.5806641578674316,0.4193358719348907,,Incerta
"- Ainda não existe comprovação científica, mas sendo monitorada e usada no Brasil e no mundo. Contudo, estamos em Guerra: “Pior do que ser derrotado é a vergonha de não ter lutado.”  - Deus abençoe o nosso Brasil.",Eu quero dizer agora o oposto do que eu disse antes  Eu prefiro ser essa metralhadora de bosta ambulante,2,0.4281738102436065,0.5718262195587158,,Incerta
o brasileiro com cloroquina é igual a rochelle com xarope,"sinceramente, o Brasil não merece merda nenhuma mesmo. eu não consigo acreditar que as pessoas se recusam a aceitar a ciência. tem pesquisador, bioquímico, médico, enfermeiro, biólogo dizendo que a cloroquina não oferece resultados para a Covid-19, ai o presidente diz o contrário",0,0.4101453125476837,0.5898547172546387,,Incerta
"A Justiça nega a divulgação do receituário do gov socialista e tirano do estado de Pernambuco, mas obrigou o presidente  a divulgar o resultado dos seus exames e laudos que atestavam a não contaminação por Covid 19.   Alguém duvida que tem cloroquina receitada aí?",Nada mais justo que obriga-lo à mostrar tbm!,2,0.5491970181465149,0.4508029520511627,,Incerta
"O termo de consentimento de Bolsonaro para o uso da Cloroquina nitidamente fala que, não existe comprovação científica, que vai trazer efeitos colaterais, parar funcionamento de órgãos e pode levar a óbito.","Quanto hipócrita apoiando #LulaTorcePeloVirus  Diferente dele, Bolsonaro diz ""e daí"" com 5 mil vítimas, e agora já há quase 20 mil! Quer que volte tudo ao normal, se cada dia piora! Quer a cloroquina como remédio da cura da corona vírus se nem é confirmado, e mataria mais gente!",0,0.456412523984909,0.5435875058174133,,Incerta
É extremamente irônico e contraditório ver psolistas falarem que a cloroquina faz mal à saúde (apesar de milhares de pessoas terem se recuperado após usar o medicamento) enquanto eles defendem a legalização de TODAS AS DROGAS.  Querem legalizar o crack e proibir a cloroquina!,Quem for de direita usa cloroquina quem for só PSOL usa cocaína.,1,0.5759576559066772,0.4240423142910003,,Incerta
A podridão da esquerda fica explícita nessa politização ridícula que fizeram da cloroquina só porque Bolsonaro apoia.  Eles querem que pobres usuários do SUS não tenham acesso ao medicamento que redes particulares estão dando a seus pacientes.  Medicamento dado até pra grávidas.,"Deixa os bolsominion tomar cloroquina e infartar, quanto menos melhor",0,0.5073541402816772,0.4926458597183227,,Incerta
"Quem quiser tomar cloroquina terá que assinar um termo de consentimento onde consta:  - Não existe garantia de resultados positivos - Não há estudos demonstrando benefícios clínicos - Pode levar à disfunção grave de órgãos, à incapacidade temporária ou permanente, e até ao óbito","Vai lá. Se você tomar e ficar bom, eu serei aplaudido. Mas se você morrer, culpa nenhuma eu tenho. Eu avisei. Tomou pq quis. #ForaBolsonaroUrgente",2,0.4719562232494354,0.5280436873435974,,Incerta
Acho que meu medo de pegar o coronavírus aumentou por medo de tacarem cloroquina,"Será que o objetivo do biroliro é permitir o uso da cloroquina para as pessoas terem medo de serem remediadas com algo sem comprovação, caso peguem o coronga, logo aumentando o isolamento?",1,0.5468534827232361,0.4531464874744415,,Incerta
"Apresentei um projeto de decreto legislativo p/ sustar o novo protocolo do  que recomenda uso precoce da cloroquina em pacientes com #Covid19, enqto não houver estudos científicos que comprovem sua eficácia. O presidente não deveria fazer uso político de algo tão sério.","Os médicos do Dória PSDB, prefeitos e toda elite ""republicana"" já tomaram, o povão no SUS não pode?  Até o presidente dos Estados Unidos esta tomando!  O PSDB é uma vergonha!",2,0.4001843631267547,0.5998156070709229,,Incerta
"A esquerda me descobriu e agora tá endoidando . Meu crime:defender a cloroquina em um tweet da veia cagalhães. Tenho lúpus e uso o remédio desde 2011. Sinto muito esquerdistas NÃO ME CALAREI. SOU MINION MESMO. Chorem mais q ainda tá pouco. Sou Bolsonarista,mulher e nordestina.","a nega postou um story no insta falando da galera que é contra cloroquina é a mesma galera que fuma,bebe, usa anticoncepcional e etc, mulher para, que se tua mãe não te prendesse tu iria querer fazer tbm, deixa de show que não pode aglomeração misera",0,0.5117449164390564,0.488255113363266,,Incerta
"OMS afirma: ""nesse momento a cloroquina e a hidroxicloroquina não foram identificadas como eficazes para o tratamento da covid-19"".   Uol transforma em: “OMS afirma ineficácia da cloroquina”.   Uol confunde ausência de evidência com evidência de ausência. Flagrante desinformação.",OMS nega a Medicina de evidência onde mtos médicos de vários países mostraram a eficácia da Hidroxicloroquina. A OMS segue um braço político esquerdista. O Tedros é membro do PComunista da Etiópia.,2,0.4947833120822906,0.505216658115387,,Incerta
Envie este artigo para seu amiguinho que teima suspeitar do uso da hidroxicloroquina contra o vírus chinês.,"Pessoas que apoiam o , me expliquem por favor porque querem tanto usar cloroquina no tratamento de covid-19 mesmo não tendo base científica?",0,0.5956430435180664,0.404356986284256,,Incerta
Não sou contra ngm tomar cloroquina pra covid... Só sou contra afirmar que tem uma cura segura que funciona sendo que não é bem assim... E suspeito que querem que o povo acredite nisso pra fazer o povo sair de casa sem medo e não deixar de trabalhar... difícil isso,"Imagina se descobrem, q colocar cloroquina na água é mto mais eficaz.",0,0.5425397753715515,0.4574602544307709,,Incerta
"De vez em quanto eu acho que a imprensa inventa esses títulos pra gente clicar na matéria, mas aí você abre e é isso mesmo: os caras tomaram antipulga.",O gado fica com a cloroquina de merda deles e nós ficamos com a vacina de oxford. Deixem a natureza agir e assim teremos menos gente fazendo cagada nas urnas.,1,0.5435463786125183,0.4564536511898041,,Incerta
"Apresentei um projeto de decreto legislativo p/ sustar o novo protocolo do  que recomenda uso precoce da cloroquina em pacientes com #Covid19, enqto não houver estudos científicos que comprovem sua eficácia. O presidente não deveria fazer uso político de algo tão sério.","O Dr David Uip tomou cloroquina. Se dependesse do vagabundo do José Serra, ele deveria ter esperado o vírus tomar conta do organismo e morrer. Quem entende mais de medicina o Dr David Uip ou José Serra? Escolham.",1,0.4637783169746399,0.5362217426300049,,Incerta
ou vai tomar cloroquina ou vai comer CUSCUZ,"#Debate360 Até grávida tomava cloroquina contra o Zica vírus. Era vendido sem receita, e agora ficam com esse mimimi. Quem está fazendo uso político são os que negam a possibilidade de tratamento apenas por não dar a razão ao PR.  A cloroquina nunca foi um remédio controlado",0,0.4985301196575165,0.5014699101448059,,Incerta
Qual é a cloroquina da sua profissão?,Quanto você cobra pra falar do meu livro?,2,0.4107132852077484,0.589286744594574,,Incerta
"se fosse com cloroquina, aposto que teriam colocado","Claro q não; em se tratando de G1 (são parciais), assim como no vídeo que eu postei, da reporter da Globo entrevistando o secretário do Piauí, ela DESTACANDO o sucesso do tratamento utilizado no protocolo usado, até antes dele revelar q era com cloroquinae, ela o corta!",1,0.411207914352417,0.588792085647583,,Incerta
"Do  no  : “sabe qual minha opiniao sobre a cloroquina? Nenhuma. Eu não estudei, não sou médico, não é questão de opinião”.","Ou seja, procure um se apresentar os sintomas. Não aceite opiniões ideológicas...  #TocaOBerrante",2,0.4506430327892303,0.5493569374084473,,Incerta
"No Brasil, todo mundo que sobreviveu à malária nos últimos 40 anos tomando cloroquina morreu do coração, segundo o Jornal Nacional.","A cloroquina nao faz vc viver para sempre, o nome desse remedio é Jesus!!!",1,0.4779050350189209,0.5220950245857239,,Incerta
"O presidente da República queria um médico que permitisse o uso da cloroquina. Dois médicos, que têm compromisso com a medicina, se recusaram assinar e foram embora.  Aí entra um general qualquer e libera a cloroquina, botando na conta do paciente o risco. Assim é este governo.","Simples de resolver, se estiver na MERDA sem conseguir respirar não faça o uso do medicamento cloroquina. Falar que é contrário agora estando com saúde é mole, se estiver na merda tá riscado tomar até chumbinho pra não morrer.",1,0.4695623517036438,0.530437707901001,,Incerta
"Tá todo mundo dando pitaco de remédio vou dar minha sugestão biotônico com ovo de pata, gemada, caracu com ovo. Receitas da minga vó que são  ó rsrsrs #cloroquina #FiqueEmCasa #BolsonaroEnlouqueceu","Vocês viram que pra tomar Cloroquina vai ter que assinar um termo de consentimento? Eu criei um apelido carinhoso: “Termo Cobaia”, acho que passa melhor a mensagem do texto!!!",0,0.4200416207313537,0.5799583196640015,,Incerta
"Me mande o link da notícia informando o uso da cloroquina pelo Trump e Boris J? Cadê estudo conclusivo sobre a eficiência da cloroquina? Em nenhum desses países o medicamento está sendo utilizado em grande escala, o q estão acontecendo são testes em pequenos grupos. Pesquisa aí.","O Trump falou em video que usa a cloroquina pra prevenir o Corona Virus. Ta em qualquer lugar. E nao é da cabeça dele, com certeza medicos indicaram. A inglaterra ta comprando toneladas, pode pesquisar tbm. Em todos os paises que citei é usado em larga escala sim.",1,0.4359530210494995,0.5640469789505005,,Incerta
Atenção bolsominions provem de uma vez por todas que a cloroquina é eficaz! Façam um multirão pra todos pegarem covid-19 e todos comecem a tomar cloroquina 6x ao dia. Todos vão se curar e o mundo verá que vcs estão certos!,já começaram kkkk,1,0.5025585889816284,0.4974414110183716,,Incerta
"Se Cloroquina fosse a solução, o mundo inteiro não estaria gastando milhões de dólares em pesquisas! O povo não é trouxa!!","Segundo o chicago boy são 200 milhões de trouxas. Olha, pelo que estou vendo pela TV e quando saio para ir comprar mantimentos, eu penso que tem uma quantidade considerável de trouxas neste País, sim. Sou obrigado a concordar em parte com o chicago boy.",2,0.468522697687149,0.5314772725105286,,Incerta
"Hoje vendo comentários contrários a Cloroquina, Fiquei muito Feliz, vamos nos livrar de muitos esquerdistas e comunistas, pois eu acho que eles não vão aceitar o tratamento, só por teimosia por que o PR  defende o medicamento, e eles acreditam que é veneno.","o ex-ministro da saúde  revelou que o presidente  pretendia ALTERAR A BULA DA CLOROQUINA, para incluir no documento sua recomendação para o tratamento da covid-19, doença causada pelo novo coronavírus.",0,0.5792018175125122,0.4207981824874878,,Incerta
"O presidente Bolsonaro autorizando o protocolo da cloroquina no SUS, o Dória vai proibir seu uso nos hospitais públicos? Quero ver se ele terá cara e coragem pra fazer isso. Vai ser responsável por milhares de mortos?","A  segue insistindo no deputado  para falar sobre cloroquina. Bolsonarista de carteirinha, usou o remédio e defende o uso no início. É falta de gente pra mostrar a cara ao defender o uso?",0,0.4991290271282196,0.500870943069458,,Incerta
sim amiga cloroquina funciona sim esse tanto de gente morrendo ao redor do mundo é em protesto a bolsonaro,"toda a vez q alguém vem com o papo da cloroquina eu bem discuto mais, só peço o artigo científico, ninguém nunca mais responde...",0,0.47675821185112,0.5232417583465576,,Incerta
"Olha aí  , continue lutando pelo bem do povo em várias frentes, equilibrando saúde e economia, é o que precisamos que um presidente faça, tome decisões em tempo. Portugal, não teve efeitos colaterais . A esquerda e os opositores mentem .",Tai ó pá....,2,0.4906229674816131,0.5093770027160645,,Incerta
"No dia em que o Brasil atingiu pela 1ª vez a marca de mil mortes em 24 horas, Bolsonaro voltou a defender a cloroquina. Em entrevista nas redes sociais, o presidente disse que o ministro interino vai baixar um protocolo sobre o assunto e fez uma piada #JG",E foi na mão desse porco que vocês colocaram o Brasil,2,0.4532437324523926,0.5467562675476074,,Incerta
"SE a tal cloroquina vai mais matar do que salvar, isso ninguém sabe ainda ao certo. Mas que vai enriquecer um bocado de 'pessoas', isso parece cada vez mais cristalino.","Presidente Genocida Ontem morreu um deputado do PSL, partido que elegeu Bolsonaro... Porque ele não tomou cloroquina pra se salvar?  Ele tomou sim e morreu.  Imaginar que Santa Catarina votou em massa nesse cara...  Temos muito o que refletir sobre o poder do voto.",1,0.4439714550971985,0.5560286045074463,,Incerta
a criança chata do cuscuz com ovo é bolsominian ainda,"a criança n sabe nem o q está fazendo, ele é só canal da opinião dos pais. queria q quem defende o uso da cloroquina comprasse e usasse! bolsominion defende uma porra dessa, pessoas já morreram pelo uso indevido e sem prescrição médica.",2,0.4479617476463318,0.5520382523536682,,Incerta
Bolsonaro admite que ainda não existe prova científica sobre cloroquina,A cloroquina é uma droga segura e usada há 75 anos para várias doenças com estudos conhecidos. Entretanto para o covid19 AINDA não existe pesquisa que defina o benefício do uso ou não. Alguns protocolos que estão usando exige exames prévios que o governo não garante.,1,0.5279272198677063,0.4720727801322937,,Incerta
Já tá vendendo Cloroquina na Havan?,Duvido nada kkkkkkkkkk,2,0.5436124205589294,0.4563875496387481,,Incerta
Não há comprovação científica da eficácia da cloroquina.  Quem disse isso? Bolsonaro.  O mesmo Bolsonaro que só liberou novo protocolo sobre o uso em pacientes com quadro leves APÓS editar MP que o isenta de responsabilidade.  Isso é fazer cálculo político com VIDAS!,E se for verdade?,2,0.411870539188385,0.5881295204162598,,Incerta
td esse sensacionalismo das reportagens da NASA ter descoberto universo paralelo me fez pensar...  isso se assemelha muito ao espalhamento da cloroquina como solução pro coronavírus pela mídia  é mt irresponsabilidade esse tipo de jornalismo e pode ter consequências graves,"Sss mano, eu sei que cês me amam mas por favor n acreditem em qualquer coisa que aparecer por aí, por mais que o portal de notícia seja confiável, CHEQUEM AS FONTES, leiam o artigo, busquem opiniões contrárias e aí formem uma opinião sobre Mas acreditem em mim, so mó legal ;-;",2,0.4590987265110016,0.540901243686676,,Incerta
"“Redução dos glóbulos brancos, disfunção do fígado, disfunção cardíaca e arritmias”","Esquerdistas e antagonisas, NÃO UTILIZEM CLOROQUINA! Valeu?",1,0.412139743566513,0.5878602862358093,,Incerta
meu presidente é mo otário ele toma cloroquina,"vcs vão admitir esse Tiago chegar nosso presidente dessa forma?, Pergunta a ele se fosse acometido do corona se ele tomaria cloroquina ou ia para intubacao?",0,0.504645049571991,0.4953548908233642,,Incerta
Engraçado que até um mês atrás se comprava cloroquina até sem receita e se distribuía de graça em postos de saúde na região amazônica por mais de 40 anos no tratamento da malária se dando até pra mulher grávida para hoje do nada virar veneno na cabeça da vagabundagem da esquerda.,"É ridículo, nojento. Hipocrisia do caralho!!",2,0.4015461802482605,0.5984537601470947,,Incerta
Pq não pode usar um medicamento originalmente pra tratar malária como a Cloroquina mas todo mundo da mídia fica feliz quando se fala em remdesevir que é um medicamento feito pra tratar Ebola (e falhou)?,"Você não acha que a dosagem da Cloroquina no protocolo do MS está alta? Falo dela mesmo, não da HCQ.",1,0.5408150553703308,0.4591849148273468,,Incerta
"esse pedido lhe fez maior ainda, o maior canalha.","Único canalha nessa conversa é quem esta infestado de pulgas e toma cloroquina pq um genocida ladrão, protetor de traficante, homicida e LADRÃO",2,0.1425185203552246,0.8574814200401306,,Alta
Hidroxicloroquina e cloroquina não demonstraram ser seguras e eficazes no tratamento ou prevenção de COVID-19. Não sou eu quem está falando. É a FDA.,"Aí bolsominions que pagam pau pro EUA, o FDA (que regulamenta o uso de medicamentos lá) NÃO RECOMENDA O USO DA CLOROQUINA PRA TRATAMENTO DE COVID-19.",2,0.1073290631175041,0.8926709294319153,,Alta
"O novo protocolo sobre o uso da cloroquina editado por Jair Bolsonaro é incrível.  Primeiro porque ele não é assinado por ninguém, nem ministro, nem médico, ninguém.  Depois, porque o paciente tem de assinar termo onde consente que ""não existe garantia de resultados positivos"".",Isso SE o paciente tiver condições de raciocinar o risco e assinar. Provavelmente serão simplesmente induzidos a assinar.,2,0.1667454242706298,0.8332545757293701,,Alta
Bolsonaro finalmente conseguiu forçar o Min. da Saúde a emitir protocolo que libera o uso em massa da cloroquina. Os pacientes terão que assinar um termo assumindo que o remédio não tem eficácia e que pode até matar. É um atentado contra a saúde pública e a vida dos brasileiros.,"Big Mac tem mais contra indicações que a Cloroquina. Duvido certas deputadas pararem de comer esse ""VENENO"".",1,0.1174778789281845,0.8825221657752991,,Alta
a criança chata do cuscuz com ovo é bolsominian ainda,ou vai tomar cloroquina ou vai comer cuscuz  vai toma no cu,2,0.1938585489988327,0.8061414361000061,,Alta
"Longe de ser médica ou bioquímica, mas o que custa usar cloroquina na fase inicial da doença antes da inflamação nos pulmões e vias aéreas ser irreversível?","""Ah não mas e a ciência, como fica??""  99,9% das pessoas que adotam esse discurso usariam a cloroquina se a merda batesse na bunda  Eu to contigo, eu aceitaria o medicamento na esperança de não rodar",1,0.1244067102670669,0.875593364238739,,Alta
"- Ainda não existe comprovação científica, mas sendo monitorada e usada no Brasil e no mundo. Contudo, estamos em Guerra: “Pior do que ser derrotado é a vergonha de não ter lutado.”  - Deus abençoe o nosso Brasil.",O Jair Bolsonaro sempre têm razão!...,2,0.1486901491880417,0.8513098359107971,,Alta
"- Ainda não existe comprovação científica, mas sendo monitorada e usada no Brasil e no mundo. Contudo, estamos em Guerra: “Pior do que ser derrotado é a vergonha de não ter lutado.”  - Deus abençoe o nosso Brasil.",Ô INFERNOOOOOO,2,0.1478205174207687,0.8521795272827148,,Alta
"Apresentei um projeto de decreto legislativo p/ sustar o novo protocolo do  que recomenda uso precoce da cloroquina em pacientes com #Covid19, enqto não houver estudos científicos que comprovem sua eficácia. O presidente não deveria fazer uso político de algo tão sério.","Só o Dr Uip ( Você, teus colegas em profilaxia, na boca miúda ) pode usar H-Cloroquina ...  KKKKkkk ...",1,0.1216911822557449,0.8783088326454163,,Alta
Não. Os estudos mostram que  a cloroquina pode nem ter eficácia. Quase igual ao placebo.,"Por qual motivo, em sua opinião, dois médicos incríveis, tanto que foram as primeiras opções para o cargo de ministro da saúde, preferiram sair do cargo à adotar a cloroquina como protocolo?",1,0.1597644239664077,0.8402355909347534,,Alta
"- Ainda não existe comprovação científica, mas sendo monitorada e usada no Brasil e no mundo. Contudo, estamos em Guerra: “Pior do que ser derrotado é a vergonha de não ter lutado.”  - Deus abençoe o nosso Brasil.",Se fosse tão ruim não era usado há mais de 50 anos. Isso é somente para ser contra porque não aceitam o resultado das eleições. Todo remédio tem efeito colateral.,2,0.1630309820175171,0.8369690179824829,,Alta
"Apresentei um projeto de decreto legislativo p/ sustar o novo protocolo do  que recomenda uso precoce da cloroquina em pacientes com #Covid19, enqto não houver estudos científicos que comprovem sua eficácia. O presidente não deveria fazer uso político de algo tão sério.","Velho sem vergonha, garanto que quando ficar doente vai usar a cloroquina, os pobres q se fodam né, safado",1,0.1732132136821746,0.8267868161201477,,Alta
"Ah, então, segundo o grupo Globo, o motivo pra não se usar a cloroquina é porque ela “tem riscos!”  Façam o favor, pessoas estão morrendo!  Vocês já leram a bula da aspirina?","Você pensa que o povo é idiota? A cloroquina nunca foi proibida. Mandetta deixou isso bem claro. O Presidente irresponsável comprou toneladas do princípio ativo da Índia, mandou o Exército prepará-la e agora tem que desová-la. E o povo que se f...",1,0.1681210249662399,0.8318790197372437,,Alta
É pra qualquer pessoa séria morrer infartada. Sabem o que é isso? São as referências Bibliográficas do novo protocolo do MS sobre a Cloroquina. Citando o quê? Uma matéria de jornal.  Mas pode ficar pior? Claro que pode! Vejam o item 23:,E essa referência bibliográfica pra link na internet hein pqp  esse itálicos errados  esse governo,2,0.1078284606337547,0.8921715021133423,,Alta
"Que mentira deslavada, todos os dias nós publicamos várias notícias de países diferentes com protocolos oficiais utilizando hidroxicloroquina contra Covid-19. Realmente existe uma força imensa contra o medicamento!  Lamentável e vergonhoso.",A FORÇA do governo global.,2,0.1610439419746399,0.8389559984207153,,Alta
"Cloroquina: Só uma pergunta,porque gente Esquerda e Jornalistas,alguns médicos,governadores são contra esse medicamento que convenhamos está dando certo,pq são contra?industria farmacêutica?remedio barato?verbas Do Gov. federal?Aqui Ó Canalhas.",É apenas por isso que a esquerda é contra.,1,0.1400736421346664,0.8599263429641724,,Alta
me marca na musica da cloroquina... Eu procurei em todo seu perfil e não achei. #NaoCompremDELL,"#TodosPeloImpeachment , com cloroquina e tudo mais.",0,0.1818710416555404,0.8181289434432983,,Alta
"- Ainda não existe comprovação científica, mas sendo monitorada e usada no Brasil e no mundo. Contudo, estamos em Guerra: “Pior do que ser derrotado é a vergonha de não ter lutado.”  - Deus abençoe o nosso Brasil.",Esse cara é uma piada!,2,0.1505012065172195,0.8494988083839417,,Alta
Bolsonaro finalmente conseguiu forçar o Min. da Saúde a emitir protocolo que libera o uso em massa da cloroquina. Os pacientes terão que assinar um termo assumindo que o remédio não tem eficácia e que pode até matar. É um atentado contra a saúde pública e a vida dos brasileiros.,"Escolhas, cada um sabe o que faz.",2,0.1774358004331588,0.8225642442703247,,Alta
"Voce aí que é contra cloroquina: você já leu bula de anticoncepcional? Assim, só perguntando mesmo...","Curiosamente, nada estatístico só observação mesmo, quem é contra a cloroquina, pq n possui ""respaldo da ciência"", são quase os mesmos q são favoráveis à liberação da maconha, apesar de tb n possuir ""respaldo da ciência"". Curioso.",1,0.1249993741512298,0.8750005960464478,,Alta
"se esses bolsominion acreditam q o corona é só uma gripezinha, pq tão tudo afobado atrás de cloroquina e vacina agora ????¿¿¿¿ cômico","Bananinha, e agora? Eu fiz um vídeo com seus irmãos falando que o remédio era a salvação! Mandei todo mundo pras ruas, saí junto! Mas ele pode matar os pacientes! E agora? O que eu faço? Já sei! Vou mudar a bula!! Isso aconteceu em Cuba ou no Brasil??",0,0.1600273996591568,0.8399726152420044,,Alta
Vocês se deram conta? NENHUM profissional de saúde assina o tal protocolo da cloroquina do governo Bolsonaro.,"Um analista definiu bem: é um protocolo de guerra, não é um protocolo médico! Todos os ministros da Saúde nos governos militares eram médicos civis!  Agora não: o interino do Ministério da Saúde e seus assessores são militares: não há protocolo médico!",2,0.1760884523391723,0.8239114880561829,,Alta
"- Ainda não existe comprovação científica, mas sendo monitorada e usada no Brasil e no mundo. Contudo, estamos em Guerra: “Pior do que ser derrotado é a vergonha de não ter lutado.”  - Deus abençoe o nosso Brasil.","Isso, Presidente!",2,0.1057691499590873,0.894230842590332,,Alta
Você tomaria a cloroquina caso se ficasse doente com a Covid-19?,"então gente, vocês vão tomar cloroquina ou comer cuscuz com tubaína?",0,0.1553645133972168,0.8446354866027832,,Alta
Bolsonaro finalmente conseguiu forçar o Min. da Saúde a emitir protocolo que libera o uso em massa da cloroquina. Os pacientes terão que assinar um termo assumindo que o remédio não tem eficácia e que pode até matar. É um atentado contra a saúde pública e a vida dos brasileiros.,Vocês que lutem pra explicar isso no livro de história dps,2,0.104068249464035,0.8959317207336426,,Alta
"1179 mortos em um dia e o miserável na presidência fazendo piada com direita, esquerda, cloroquina e tubaína. Quem ainda apoia este canalha não é de direita, é canalha. Não chamo de outro nome por respeito às profissionais do sexo e seus filhos.",Deputado do PSL. Amigo de Flávio Bolsonaro. Menos um.,0,0.969913899898529,0.0300861280411481,,Random
Associação Médica Brasileira diz que protocolo da cloroquina respeita parecer do CFM,"Dessa vez esqueceram de falar cloroquina de Bolsonaro,.",1,0.9728403687477112,0.0271596554666757,,Random
"Os estudos científicos mostrando a que cloroquina n se mostra eficaz no combate no covid-19, mamãe vendo os pesquisadores relatando na televisão explicando, mas ela prefere acreditar q a Globo tá fazendo lavagem cerebral.  Eu me tremo todinha de raiva p ela escolher ser ignorante","será que quando a vacina chegar no brasil, o bolsonaro vai continuar tomando a cloroquina ou vai partir p vacina?",0,0.401511937379837,0.5984880328178406,,Random
Eu estou desconfiado que Bolsonaro é sócio de alguma empresa fabricante de cloroquina?,"Parece q ele está com receio de s por ter ordenado a fabricação alucinada de cloroquina pelo Exército. Não sei se o fato de não usar o monte de cloroquina pode render algum processo. Pode ser também só uma ideia fixa da cabeça dele e como tem a canetinha mágica, aí já viu né.",1,0.9537353515625,0.0462646931409835,,Random
Mandetta diz que alerta em protocolo de cloroquina é 'distante do razoável'  via,"#Debate360 Se a Cloroquina vem sendo utilizada até por médicos salvo engano os Drs. Khalil e o Cutait, pq a polêmica em permitir o uso controlado nos hospitais para toda a população?",0,0.9697439670562744,0.0302560999989509,,Random
É extremamente irônico e contraditório ver psolistas falarem que a cloroquina faz mal à saúde (apesar de milhares de pessoas terem se recuperado após usar o medicamento) enquanto eles defendem a legalização de TODAS AS DROGAS.  Querem legalizar o crack e proibir a cloroquina!,"Solução toma cloroquina quem quer, quem não quer toma no C**!  #EuApoioBolsonaro #EuApoioBolsonaro #EuApoioBolsonaro #EuApoioBolsonaro #EuApoioBolsonaro #EuApoioBolsonaro #EuApoioBolsonaro #EuApoioBolsonaro",1,0.9793703556060792,0.0206295736134052,,Random
parei de usar chernobyl pras coisas agora vai ser cloroquina,eu realmente qro saber de onde o bolsonaro tirou essa porra de cloroquina,0,0.9254478216171264,0.0745521560311317,,Random
É extremamente irônico e contraditório ver psolistas falarem que a cloroquina faz mal à saúde (apesar de milhares de pessoas terem se recuperado após usar o medicamento) enquanto eles defendem a legalização de TODAS AS DROGAS.  Querem legalizar o crack e proibir a cloroquina!,"Eles entopem o cool de maconha, cocaína e outras inas e agora vêm atacar a cloroquina.",1,0.615990936756134,0.3840090930461883,,Random
"Que idiotisse essa manchete. A cloroquina tem ajudado a tratar e evitar que a doença evolua para uma caso mais grave, nunca foi dito que traria imunidade, que só a vacina é capaz.",Cloroquina tem ajudado onde?,1,0.0876488909125328,0.912351131439209,,Random
a criança chata do cuscuz com ovo é bolsominian ainda,"Ai gente, até eu tenho uma versão melhor   ""Cloroquina, cloroquina. Cloroquina de Jesus. Se tomar cloroquina, tu vai morrer no SUS""",2,0.943576455116272,0.0564235337078571,,Random
se você falar cloroquina de novo eu dou um soco na sua boca,ciranda cirandinha vamos todos nós matar vamo pegar a cloroquina e no bozo enfiar,0,0.957359492778778,0.0426405519247055,,Random
Eu achava que corona era um nome horrível até descobrir cloroquina,A ÚNICA ameaça à democracia vem da esquerda#cnnBrasil #oglobo #estadao #foradoria #foramaia #bandtv #diariodonordeste #recife #bandndwsfm #fortaleza #Jovempannews #ZeroHora #Rntv #rbandeirantes #jornaldaband #rbstv stf caos jurídico! #edicao18,0,0.9688897728919984,0.0311102699488401,,Random
"URGENTE - STF JÁ SE PREPARA PARA BARRAR O USO DA CLOROQUINA  No julgamento de ontem, o ministro Barroso já deixou claro seu posicionamento ao defender a punição para agentes públicos cujas decisões não sigam critérios científicos.  VAMOS VER ATÉ ONDE VAI O ATIVISMO JUDICIAL",Não aguento mais o STF,2,0.9926689863204956,0.0073310085572302,,Random
Qual é a cloroquina da sua profissão?,Augusto cury e aquela mina das mentes perigosas,2,0.9867779016494752,0.0132220806553959,,Random
Lula e Bolsonaro são criticados juntos por frases polêmicas no dia em que Brasil tem 1.179 mortes   Lula: Ainda bem que a natureza (...) criou esse monstro chamado coronavírus  Bolsonaro: Quem é de direita toma cloroquina. Quem é de esquerda toma Tubaína,Quando se perde a oportunidade de ficar calado.,2,0.9904542565345764,0.0095457201823592,,Random
Qual é a cloroquina da sua profissão?,"""cerimonial? é só ler um papel menina""",2,0.9636933207511902,0.0363067314028739,,Random
"Bolsonaro FALSIFICOU assinatura de Moro na demissão de Valeixo. Todo mundo viu.  Agora,  Mandetta relata que Bolsonaro tentou alterar nada menos q BULA do medicamento cloroquina! Vcs imaginam o resultado disso...  Mais um crime de responsabilidade.  #TodosPeloImpeachment","A lista de crimes de Bolsonaro é imensa, mas eu não acredito nesse impeachment. O monstro é homem e é corrupto. Dilma, por ser mulher e digna sofreu o golpe.",2,0.9920687675476074,0.0079312035813927,,Random
"Mandetta acaba de falar na GloboNews que Bolsonaro queria alterar a bula da cloroquina, citando que o medicamento poderia ser usado na cura do Covid19. A cada dia que passa surgem novidades macabras deste genocida",Assassino Genocida!!!! #ForaBolsonaro,2,0.9914661645889282,0.0085338465869426,,Random
"Mandetta acaba de falar na GloboNews que Bolsonaro queria alterar a bula da cloroquina, citando que o medicamento poderia ser usado na cura do Covid19. A cada dia que passa surgem novidades macabras deste genocida",Será gente,2,0.9855340719223022,0.0144659522920846,,Random
"Bolsonaristas criam 'corrente do bem' e se medicam com cloroquina, azitromicina e antipulgas","Oq o brasil se tornou meu pai, dois ministros da saude MEDICOS se recusaram a usar a porra desse remedio esses demônios insistem q essa porra é a solução q odio caralho vontade de descer a porrada nesses doentes",2,0.9687508344650269,0.0312491636723279,,Random
"Parabéns, Senador! É a medida correta pra sanar essa medida criminosa do Governo Bolsonaro de incentivar uso de cloroquina pra cura de Covid-19, por meio de protocolo criado por um Ministério da Saúde sem Ministro titular e sem apoio de médicos e da ciência.",Medida criminosa é a tua em apoiar uma merda dessas ! Tomara que pegue covid e NÃO tome cloroquina e vá p puta q pariu,1,0.1969553828239441,0.8030446171760559,,Random
"Novo protocolo da Cloroquina do Ministério da Saúde poderá ser barrado pelo Supremo Tribunal Federal, segundo jornalista.",Aí eu mesmo vou pra brasília dar porrada em ministro.,2,0.9905480742454528,0.0094519294798374,,Random
Difícil ter uma conversa civilizada com uma família que   fala q a doença não existe e logo depois diz q a cloroquina cura...,"O uso ou não uso da cloroquina apenas esconde o verdadeiro remédio que combate o covid-19. Os  estados mentem, as corporações mentem, a mídia mentem.  Usem CALDO DE CANA contra o corona virus!!!!!",0,0.8174973130226135,0.1825026571750641,,Random
"Eita, crime ???  Mandetta denuncia: Bolsonaro quis alterar a bula da cloroquina",Veja a matéria da #GloboLixo em 2016 sobre a Cloroquina,0,0.9849921464920044,0.0150078739970922,,Random
"Mesmo que quiséssemos, sabe quais são os problemas para prescrever Cloroquina COM SEGURANÇA em todo o país? Segue esse fio e acompanhe a história de Seu Jair, um paciente hipotético do mundo real. (Fio Hipotético tá? Não jogamos nossos Diplomas no lixo ainda não)",Leiam!,2,0.9722728729248048,0.0277270879596471,,Random
Qual é a cloroquina da sua profissão?,"Mas tu é publicitário, sabe fazer arte né n?",2,0.5042318105697632,0.4957682490348816,,Incerta
"- Ainda não existe comprovação científica, mas sendo monitorada e usada no Brasil e no mundo. Contudo, estamos em Guerra: “Pior do que ser derrotado é a vergonha de não ter lutado.”  - Deus abençoe o nosso Brasil.",Cagou pela boca,2,0.4887293875217438,0.5112705826759338,,Incerta
O  vem trabalhando em coordenação c/ o  p/ trazer da Índia hidroxicloroquina e seus insumos. Após conversa minha c/ o Chanceler indiano obtivemos liberação de 1000 kg de hidroxicloroquina que chegam ao Brasil esta semana. Estamos negociando novos envios.,"Por favor, Índia. Desminta isso  1 tonelada de cloroquina a caminho",2,0.5099191665649414,0.4900807738304138,,Incerta
"BEBE TANTO ATÉ ADQUIRIR CIRROSE, FUMA UMA VIDA TODA ATÉ ADQUIRIR ENFISEMA, USA DROGAS ATÉ TER OVERDOSE. MAS MORRE DE MEDO EFEITOS COLATERAIS DA CLOROQUINA. NA VERDADE O MEDO E DE TER QUE AGRADECER AO BOLSONARO POR SALVAR SUA VIDA. MEDÍOCRE!",PAREM DE PROCURAR CLOROQUINA SEUS ARROMBADOS QUEM PRECISA DE VERDADE NAO TA CONSEGUINDO COMPRAR,0,0.519314706325531,0.4806853234767914,,Incerta
Pq não pode usar um medicamento originalmente pra tratar malária como a Cloroquina mas todo mundo da mídia fica feliz quando se fala em remdesevir que é um medicamento feito pra tratar Ebola (e falhou)?,"Isso tudo é SIMPLESMENTE por que foi o Bolsonaro quem começou a enfatizar a Cloroquina. Se fosse um Lula da vida, TODA A MÍDIA estaria endeusando o cara.",1,0.5789451003074646,0.421054869890213,,Incerta
"Na verdade , vc não precisa tomar ... Eu sim ,  uso a medicação nos primeiros sintomas , depois vejo se é praga chinesa mesmo . E não divulgue fake news , a medicação tem efeitos colaterais no uso por tempo prolongado , não é o caso do protocolo do MS","Vamos fazer o seguinte c a “feminaze”: Como citou muito bem nosso PR , nós ficamos com a Hidroxicloroquina/ Cloroquina. Eles q fiquem com a Tubaína.",2,0.4393713772296905,0.5606285929679871,,Incerta
Não é prova de que o medicamento serve ou não. Mas é uma tremenda sacada do Lauro chamar atenção para o fracasso do Emplastro Brás Cubas defendido com fé religiosa pelos bolsonaristas.,Unimed Campinas e todo e as  Brasil estão prescrevendo o uso da Cloroquina em estado inicial.  O ideal seria..a vacina mas estamos no meio de Pandemia...então esse é o remédio que estão ministrando e resto do mundo.quem não quer usar avise assine termo...é simples assim.,0,0.4665167033672333,0.5334832668304443,,Incerta
Bolsonaro finalmente conseguiu forçar o Min. da Saúde a emitir protocolo que libera o uso em massa da cloroquina. Os pacientes terão que assinar um termo assumindo que o remédio não tem eficácia e que pode até matar. É um atentado contra a saúde pública e a vida dos brasileiros.,"- Muito obrigado pela informação. Muito importante, ja pode ir para Cuba ou Venezuela. Então,  faz alguma coisa de útil. O resto deixa para quem age não fica só no falar. Vai conversar com as vizinhas (se tiver) sobre o capítulo de ontem da novela. Taokey",2,0.481711596250534,0.5182884335517883,,Incerta
Vai Veber o que? Uma dose de cloroquina com gelo e limão.,"caralho por que o governo insiste na merda da cloroquina? Seus arrombados, bando de doentes!",0,0.5741957426071167,0.4258041977882385,,Incerta
"Qrido, vou te explicar. O H-Cloroquina é antigo, usado p LÚPUS,MALÁRIA,ZIKA etc, Há 3 meses atrás, era um medicamento comum barato vendido em qualquer farmácia. Ocorre que ele virou ""VENENO politicamente""para que gente como vc sujo, pudesse tentar destruir o  PR .","Exatamente, o cloroquina é indicado para outras doenças e não para o COVID e foi necessário impor restrição devido seu mito receitar para a população deliberadamente. Custa entender isso?",2,0.5738111138343811,0.4261888563632965,,Incerta
"""Nenhum estudo observacional publicado sugeriu claro benefício. Pelo contrário, vários indicaram potenciais malefícios"", dizem pesquisadores da Fiocruz, USP, UFRJ, UEA e Academia Nacional de Medicina sobre a cloroquina.","Quais estudos?Imperial College?O cara derreteu as calotas polares em 2000, matou metade do mundo com a vaca louca e o sars. AFiocruz matou 11 pessoas, em Manaus e comprometeu a vida e a saúde de 70 pacientes com super dosagem de cloroquina,não com a hidroxi,deveriam estar presos.",1,0.4640623033046722,0.5359377264976501,,Incerta
"O presidente da República queria um médico que permitisse o uso da cloroquina. Dois médicos, que têm compromisso com a medicina, se recusaram assinar e foram embora.  Aí entra um general qualquer e libera a cloroquina, botando na conta do paciente o risco. Assim é este governo.",Só lembrando que o uso da cloroquina e o obrigatório. Qualquer paciente tem o direito de recusar receber o tratamento.,1,0.5803161859512329,0.4196838140487671,,Incerta
"Cloroquina não é uma vacina, e não deve ser aplicada por decreto mas por médicos diante de cada caso como lhes bem convir. Eu prefiro Remdesevir que custa R$ 26 mil mas esse não é Lab do amigo do Presida né, não vai rolar um decreto para utilização dele mesmo esse s/comprovado.",Cloroquina vc poder a optar em querer tomar ou não.  Remdesivir é  para rico e a população não tem dinheiro. MILHOES DE DESEMPREGADOS.  Boa sorte e segue na sua luta  Agradeça  por ter emprego e dinheiro para se tratar com um medicamento deste.,1,0.4454323649406433,0.5545676946640015,,Incerta
ih porra tem defensores da cloroquina na minha sala,"Mano, é sério que o presidente falou que quem é de direita toma cloroquina, e os de esquerda, tubaína? kkkkkkkkkkkkkk",0,0.54228675365448,0.4577131867408752,,Incerta
"Alguém pode me explicar a lógica desse doente, ele realmente pretende acabar com seus possíveis eleitores? Só os fanáticos bolsonaristas aceitam tratamento com cloroquina, ou ele não se importa com a reeleição e planeja um golpe militar?","Ta parecendo, louco ele já mostrou que é!",2,0.534383237361908,0.465616762638092,,Incerta
"Passamos os países europeus em número de casos, mas passamos subindo MUITO mais. É uma outra tendência. Não vamos parar nem de longe no número de mortes deles, mesmo se controlássemos nossa epidemia agora. O que estamos longe de fazer.","Segura blisoniro pq vai dar ruim, tanto em termos de vidas quanto de economia, sua malfeita gestão da COVID-19. A cloroquina não lhe trará nenhum conforto. E fosse eu governador ou prefeito contratava um batalhão de pessoas habilitadas para combater na frente de contra-narrativa.",2,0.4662205874919891,0.5337794423103333,,Incerta
"Apesar das novas orientações para utilização do medicamento no Brasil, a  Organização Mundial da Saúde alerta que a cloroquina não tem eficácia comprovada contra a Covid-19","Qual o remédio comprovado cientificamente que funciona segundo a OMS? Qual o tratamento comprovado cientificamente que funciona segundo a OMS? Se nem a OMS tem as respostas.  Esse vírus todo mundo um dia vai pegar, e hoje nem a OMS tem remédio e tratamento comprovado.",2,0.4709429740905761,0.529056966304779,,Incerta
"E LEMBRANDO QUE DAVID UIP NEGOU TER USADO CLOROQUINA ATÉ OS 49 MINUTOS DO SEGUNDO TEMPO, ATÉ DESCOBRIREM QUE ELE SE AUTO RECEITOU COM CLOROQUINA! MAIS LISO QUE MANTEIGA ESSE AÍ #UnidosPorBolsonaro","CHAMAM O PEDIDO DE BOLSONARO DE POPULARIZAR A CLOROQUINA DE ""INFUNDADO"" EXATAMENTE PORQUE ELA FUNCIONA E SALVA VIDAS... POLITIZARAM ATÉ A CURA! INACREDITÁVEL  #CloroquinaSalvaVidas",2,0.5534068942070007,0.4465930461883545,,Incerta
"O novo protocolo exige informar ao paciente que ""não há estudos demonstrando benefícios"" da cloroquina contra a covid-19 e que há risco de efeitos colaterais que podem piorar sua condição, provocar sequelas e até mesmo matar.","Jornalistas deveriam perguntar ao Bolsonaro por q uma pessoa tomaria um remédio com efeitos colaterais graves, podendo até morrer, pra tratar sintomas iniciais de uma ""gripezinha"".",2,0.4001400172710418,0.5998600125312805,,Incerta
Mano eu fico me perguntando ainda PORQUE APROVARAM A CLOROQUINA E A HODROXI SE NÃO TEM COMPROVAÇÃO CIENTÍFICAAAAA??? Que ministério da SAÚDE é esse???? Que inferno!!,"de 100 médicos, 96 é favorável a Cloroquina. Quem a  chama pra fazer matéria sobre o medicamento? Sim, somente os 4 contra...  Não canso de dizer. Não existe Jornalismo na Rede Globo, só existe narrativa.",0,0.4004835784435272,0.5995163917541504,,Incerta
"A cloroquina tem efeitos colaterais graves?  Segundo Marcos Boulos, médico e doutor em doenças infecciosas e parasitárias, e pai do psolista Guilherme Boulos, são efeitos irrisórios.  Segue entrevista de 2011, concedida ao Dr. Dráuzio Varella:",", o pai do Boulos discorda sobre os efeitos colaterais:",2,0.5488632321357727,0.451136827468872,,Incerta
Pazuello foi até a OMS mentir. Colocam esse tipo de pessoas para cuidar da SAÚDE PÚBLICA do país. #HelpBrazil #CloroquinaMata #ForaBolsonaro #DefendamOSUS,"acabei de ler o seguinte na tl:  “não há provas de eficácia da cloroquina, bom tbm não há provas da eficácia da quarentena/lockdown”   a burrice e a ignorância de quem tweetou isso é admirável e ao mesmo tempo me enoja",0,0.5930147171020508,0.4069853127002716,,Incerta
"Pra eles pode tudo, menos a cloroquina...",Tubaina nela!...,2,0.5585410594940186,0.4414589405059814,,Incerta
"Por que será que o Doutor Infectologista , CRM 171 RJ, não assinou o novo protocolo do uso da cloroquina?",teria a ver com trump dizendo ontem que deixou de tomar cloroquina ?,2,0.5272692441940308,0.4727307558059692,,Incerta
"Tão dizendo que se a cloroquina fosse supositório, determinadas pessoas, iriam aceitar. Tão falando de quem mesmo?","Mandou exército fabricar, agora não tem onde enfiar, Cloroquina nos bolsominions!!!",0,0.4664511382579803,0.5335488319396973,,Incerta
"Tem tantas pesquisas/testes dizendo a ineficácia da cloroquina. Mas ainda sim o presidente diz que é para ser usado porque ""cura."" Aonde que cura? As pessoas que usaram este medicamento não tem eficácia alguma. Só piora a situação.",Onde q se inscreve p ser ministra da saúde? To afim de enfiar cloroquina no cu de bolsonaro até ele n aguentar mai,0,0.5029378533363342,0.4970621764659881,,Incerta
Compartilhem sem do!! O Jornal Nacional já recomendou o uso da cloroquina!!,"E aí no pico da pandemia, em vez do governo pensar em soluções reais, demite 2 ministros da saúde com um único objetivo: incentivar o uso da cloroquina, um medicamento que falhou miseravelmente em TODOS os estudos sérios.  É o governo mais incompetente da história.",0,0.5793728828430176,0.4206271469593048,,Incerta
"Infelizmente, a cloroquina deixou de ser um simples medicamento, que tem uso há várias décadas e inclusive profilático para quem vai para região com malária, e se tornou um objeto de disputa política. Tudo porque Bolsonaro e Trump a defendem.","Verdade pura política. Se Bolsonaro não fala desse remédio estaria tudo de boa, todo mundo usando, muita gente não teria perecido, mas... o que vale é a política né não ?!",2,0.4448042511940002,0.5551957488059998,,Incerta
"vocês precisam ver o perrengue da médica hoje, as pessoas no telefone exigindo tomar cloroquina sem nem ter sintomas. #covid19 #coronavirus #pandemia",Eu não poderia ser médico. Eu iria enfiar cloroquina no cu deles.,1,0.5809597373008728,0.4190402328968048,,Incerta
"Quando disse a esquerda me referi ao contexto nacional, a esquerda no Brasil em geral é contra a cloroquina apenas pq o Bolsonaro é a favor, tenho certeza q se ele fosse contra a esquerda o taria chamando de assassino","P outro lado pouco importa se é cloroquina ou n, o problema é q o Bolsonaro é a favor. É aquela historia, não importa oq vc fale e sim de qual lado vc está",1,0.5164698362350464,0.4835302531719208,,Incerta
"quem é direita toma cloroquina, quem é de esquerda toma no cu neah?","Cs acham que o bonoro é burro, aquilo é esperto. Quando o ápice da crise passar ele vai dizer que foi por conta da implementação da cloroquina de gsus, escuta só..",0,0.5575953722000122,0.4424046277999878,,Incerta
E nenhum deles sequer cogitou usar cloroquina.,Até NY usou cloroquina c o zelenko kkkkk para de mentir,1,0.4649312198162079,0.5350687503814697,,Incerta
"Bolsonaristas criam 'corrente do bem' e se medicam com cloroquina, azitromicina e antipulgas","Corrente dos bem loco, né?",2,0.4843940734863281,0.5156059265136719,,Incerta
Qual é a cloroquina da sua profissão?,"É tipo uma administração, só que na engenharia né ?",2,0.5411049127578735,0.4588950574398041,,Incerta
"Teve um que tava se achando muito esperto pq pegou um artigo que fez uma revisão sistemática em todos os estudos sobre Cloroquina até agora e chegou a conclusão que aumenta a mortalidade. O espertao so nao diz que isso é óbvio, a Cloroquina é aplicada só nos pacientes gravíssimos","Onde trabalho ,os Clinicos, sou pediatra , são orientados a prescrever o kit ( cloroquina , azitromicina e ivermectina ) quando o paciente preenche critério para infecção por Covid. Sintomas iniciais , ambulatorial. Claro, com a anuência do paciente . É SUS",1,0.5994549989700317,0.4005450010299682,,Incerta
"Os xiitas isolamentistas, principalmente os instalados na Globolistão, devem ter ficado enfurecidos com Cláudia Raia.  Sim, ela contraiu Coronavírus durante o isolamento, ficando em casa, como ordena a nova ordem globalista.  Vão querer dizer que ela foi um ponto fora da curva?","Com certeza, ela foi atrás da Cloroquina. Quem tem, tem medo...",2,0.5821317434310913,0.4178682863712311,,Incerta
"No dia q o desgoverno  mudou o protocolo para recomendar cloroquina em casos leves, lamentamos a morte por coronavírus do dep. estadual Gil Vianna, do PSL do RJ, que usou o remédio, mas infelizmente não conseguiu se salvar. Não há provas que cloroquina cura Covid-19","Nossa o governo acabou de liberar a cloroquina em casos leves, e lá vem vc torcendo contra, Já tem gente demais torcendo pro vírus, Espera vamos ver o resultado primeiro, é fácil se basear em achismo...#BrasilComBolsonaro",1,0.4908630549907684,0.5091369152069092,,Incerta
"As criaturas maléficas ficam horrorizadas com tudo que o presidente fala. Ele disse: toma Cloroquina quem quiser,  quem não quiser toma tubaina. Nossa que horror, vai acabar o mundo!!! Vão se fuder mimizentos",Meu parente bosominions falando que  usariam cloroquina deve inflar até no cu deles banco de otário,0,0.5708478689193726,0.4291521906852722,,Incerta
"tio bolsominion foi falar bem da cloroquina, mas no prórpio argumento ele se derrotou ''mesmo sem comprovação  cientifica''. essa galera é uma piada pronta",Avisando os fãs de políticos: Ninguém é obrigado a tomar Cloroquina e também nunca foi proibido tomar Cloroquina. O Jair Bolsonaro está usando a Cloroquina como cortina de fumaça para a sua inaptidão evidente diante da Pandemia do Covid-19.,0,0.5876727104187012,0.412327378988266,,Incerta
"O presidente Bolsonaro autorizando o protocolo da cloroquina no SUS, o Dória vai proibir seu uso nos hospitais públicos? Quero ver se ele terá cara e coragem pra fazer isso. Vai ser responsável por milhares de mortos?",#BrasilComBolsonaro  isso aí.,2,0.580136239528656,0.4198637902736664,,Incerta
"- Dias difíceis. Lamentamos os que nos deixaram. - Hoje teremos novo protocolo sobre a Cloroquina pelo  .  - Uma esperança, como relatado por muitos que a usaram. - Que Deus abençoe o nosso Brasil.","Pelo  ou por um General? Passaram dois médicos e ninguém autorizou novos protocolos da cloroquina, apenas um militar, sem qualquer  passagem na área da saúde pode assinar o novo protocolo.",2,0.5662481784820557,0.4337517917156219,,Incerta
"Crack pode, mas Cloroquina nem pensar. Chega dar nojo e pena, os piores sentimentos que se pode ter por um ""ser humano"".","Os Psolistas, tomam conhaque na balada, fumam 2 maços de Hollywood por dia, tá na boca de fumo todo dia pra pegar um pó e uma erva, estão preocupadíssima com os efeitos colaterais da Cloroquina. #EuApoioBolsonaro",2,0.5370690226554871,0.4629309475421905,,Incerta
"- Ainda não existe comprovação científica, mas sendo monitorada e usada no Brasil e no mundo. Contudo, estamos em Guerra: “Pior do que ser derrotado é a vergonha de não ter lutado.”  - Deus abençoe o nosso Brasil.",# fechado com Bolsonaro....,2,0.4541856050491333,0.5458144545555115,,Incerta
"O médico terá liberdade para o uso, e os pacientes que aceitarem fazer o tratamento com a cloroquina terão que assinar um termo de consentimento. Ainda de acordo com o protocolo, a cloroquina “deve ser usada com precaução em portadores de doenças cardíacas, hepáticas ou renais.","E aí, governo de MT que recebeu e distribuiu o medicamento? E ainda tem a declaração de Mandeta que o Pr tentou alterar a bula do remédio.. Vai continuar enganando o povo? #CloroquinaNasFarmacias",0,0.5337664484977722,0.4662335515022278,,Incerta
"Apresentei um projeto de decreto legislativo p/ sustar o novo protocolo do  que recomenda uso precoce da cloroquina em pacientes com #Covid19, enqto não houver estudos científicos que comprovem sua eficácia. O presidente não deveria fazer uso político de algo tão sério.",Meu senhor  fala pelo senhor eu quero meu Direito de usar cloroquina se precisar,1,0.4043028056621551,0.5956972241401672,,Incerta
"- Ainda não existe comprovação científica, mas sendo monitorada e usada no Brasil e no mundo. Contudo, estamos em Guerra: “Pior do que ser derrotado é a vergonha de não ter lutado.”  - Deus abençoe o nosso Brasil.",A piada já vem pronta,2,0.4592337906360626,0.540766179561615,,Incerta
"DÓRIA E COVAS SÃO RESPONSÁVEIS POR NÃO PERMITIREM O USO DE CLOROQUINA, SÓ PRA CONTRARIAR BOLSONARO - AGORA TEM MAIS DE 2000 MORTES NAS COSTAS-  PODERIAM ter INCLUÍDO desde QUANDO o DAVID UIP se TRATOU com este REMÉDIO. AGORA já MORRERAM TODAS  ESSAS  PESSOAS , sem NECESSIDADE!",Agora??  e  fazem palanque encima de cadáveres!!,2,0.4584403038024902,0.5415597558021545,,Incerta
"""Me pediram para entrar numa sala e estavam lá um médico anestesista e uma médica imunologista. [...] E a ideia que eles tinham era de alterar a bula do medicamento na Anvisa, colocando na bula indicação para Covid”, afirmou Mandetta.",Pressão para mudar a bula de uma medicação??? Grave! Muito grave! Que as autoridades investiguem muito bem!,2,0.5849403738975525,0.4150595963001251,,Incerta
O presidente enfim conseguiu liberar a cloroquina que a esquerda tanto critíca...esse bandido gastou bilhões com estádios pra copa quebrou o país e não investiu em saúde...um analfabeto como ele já mais será um líder copetente,"Na verdade, o PT investiu muito em saúde, mas o gado do miliciano só repete as mesmas mentiras de sempre. E quanto á cloroquina... Vai fundo.",1,0.4728375673294067,0.5271624326705933,,Incerta
"Marinho e seus especialistas. Cloroquina pode levar a óbito súbito? Quem tem malária, lúpus e artrite pode parar de tomar já, doutor? ""Toda a comunidade médica"". Fale por si. O Conselho Federal de Medicina confirmou o protocolo.  E aí, doutor especialista dos marinho?","Cruzes, porque não apresenta dados sobre essas mortes dos que fazem uso,malária, lúpus e artrite.Agora,porquê tanta agressividade na desconstituição do uso de um remédio ao ponto de partidos de extrema esquerda irem ao STF, para bloquear seu uso?",2,0.4224670231342315,0.5775330066680908,,Incerta
"A Justiça nega a divulgação do receituário do gov socialista e tirano do estado de Pernambuco, mas obrigou o presidente  a divulgar o resultado dos seus exames e laudos que atestavam a não contaminação por Covid 19.   Alguém duvida que tem cloroquina receitada aí?",que justiça é essa ??,2,0.1567770987749099,0.843222975730896,,Alta
"Apresentei um projeto de decreto legislativo p/ sustar o novo protocolo do  que recomenda uso precoce da cloroquina em pacientes com #Covid19, enqto não houver estudos científicos que comprovem sua eficácia. O presidente não deveria fazer uso político de algo tão sério.","Agiu muito mal.  Totalmente errado e a sua atitude é  claramente política. O uso da Cloroquina é antigo, com resultados bons para  diversas doenças e é um medicamento além de eficaz, muito barato. Portanto, o senhor e o PSDB prestam mais um desserviço à nação.",1,0.1163887754082679,0.8836112022399902,,Alta
"Apresentei um projeto de decreto legislativo p/ sustar o novo protocolo do  que recomenda uso precoce da cloroquina em pacientes com #Covid19, enqto não houver estudos científicos que comprovem sua eficácia. O presidente não deveria fazer uso político de algo tão sério.",Vai procurar o que fazer palhaço,2,0.1912644058465957,0.8087355494499207,,Alta
"Curioso... apenas pacientes do SUS deveriam ficar sem a opção de tratamento,  porque assistência privada já aplicava o protocolo de uso precoce. Ah! Esquerdistas...sempre ""cuidando"" dos desfavorecidos...",Dar cloroquina aos pacientes do SUS e mandá los morrerem em casa é coisa de quem usa a suástica no peito,2,0.1238879561424255,0.8761120438575745,,Alta
"Apresentei um projeto de decreto legislativo p/ sustar o novo protocolo do  que recomenda uso precoce da cloroquina em pacientes com #Covid19, enqto não houver estudos científicos que comprovem sua eficácia. O presidente não deveria fazer uso político de algo tão sério.","Sinceramente, vão enganar seus militantes.  É inadmissível impedir médicos de salvarem VIDAS.  Nunca se meteram assim em tratamentos médicos.  E a única resposta para isso é: ESTÃO COM MEDO DE PERDEREM AS ELEIÇÕES DE 2022.  ESTÃO QUERENDO SUFOCAR O PRESIDENTE.  ESTÃO COM INVEJA.",2,0.1473703533411026,0.8526296615600586,,Alta
"""Especialistas"", burocratas, jornavírus, democratas de retroescavadeira nunca se preocuparam em exigir comprovação científica irrefutável de eficácia terapêutica da maconha para tratar qualquer doença. Entretanto, não se cansam de propagar supostos benefícios da erva.","Não é? Agora, da cloroquina querem todos os estudos apenas por ter apoio do Capitão.",2,0.1518629491329193,0.8481370210647583,,Alta
"Vi no Jornal da Globo uma descrição dos efeitos colaterais da Cloroquina e da Hidroxocloroquina.  A partira daí,  parece que é melhor dar um tiro na própria cabeça do que usar esses medicamentos. Não sei como o pessoal que usou para combater a malária sobreviveu.","Sem contar que quando tivemos o problema com a Zica, a própria Globo fez uma matéria dizendo sobre utilizar este mesmo medicamento... sabe a diferença? BOLSONARO não era presidente naquela época! A tempos procuro informação descentralizada como opção, ao invés de assistir a GLOBO",2,0.1228981167078018,0.8771018981933594,,Alta
"A promoção da cloroquina é uma farsa destinada a dar uma ilusão de segurança a população, para que abandone o isolamento. Bota economia para funcionar ,mata os trabalhadores e garante a vitória sobrevivência do capital financeiro dominante. Assassinos!","Pelo contrário, mata a população e mata a econômia e não vai enriquecer quem tem participação financeira dela pq os médicos não vão receitar.",2,0.1626743823289871,0.8373256325721741,,Alta
"Apresentei um projeto de decreto legislativo p/ sustar o novo protocolo do  que recomenda uso precoce da cloroquina em pacientes com #Covid19, enqto não houver estudos científicos que comprovem sua eficácia. O presidente não deveria fazer uso político de algo tão sério.","Cada vez que vocês vincularem a cloroquina ao PR, pior será para vocês. Como um remédio que é usado a mais de 80 anos, em dosagens e tempo, bem maior que 05 dias, agora ficou inviável? Vá para Manaus passar trinta dias e depois me diga.",1,0.1213665083050727,0.878633439540863,,Alta
"- Ainda não existe comprovação científica, mas sendo monitorada e usada no Brasil e no mundo. Contudo, estamos em Guerra: “Pior do que ser derrotado é a vergonha de não ter lutado.”  - Deus abençoe o nosso Brasil.",Repito: Pra que ser lula ou bolsonaro quando vc pode simplesmente odiar os dois ?,2,0.1279976069927215,0.872002363204956,,Alta
"- Ainda não existe comprovação científica, mas sendo monitorada e usada no Brasil e no mundo. Contudo, estamos em Guerra: “Pior do que ser derrotado é a vergonha de não ter lutado.”  - Deus abençoe o nosso Brasil.","Ahhh vá pra casa do caralho, meu senhor!",2,0.128328800201416,0.871671199798584,,Alta
"Apresentei um projeto de decreto legislativo p/ sustar o novo protocolo do  que recomenda uso precoce da cloroquina em pacientes com #Covid19, enqto não houver estudos científicos que comprovem sua eficácia. O presidente não deveria fazer uso político de algo tão sério.","espero que você, velho, contraia essa merda de doença e tenha que tomar cloroquina.   só que quando tomar, será tarde demais.  Maldito comunista!!",1,0.1305635869503021,0.8694364428520203,,Alta
"Amanhã o ignorante já sai:  “Vamô lá! Vamô aglomerá! Vamô pra rua! Pra baladinha, que não dá nada! Se der, nóis toma Cloroquina! Iuhhu!”  E se o médico não der, vai apanhar no posto do bairro, no plantão, no posto 24h! Tudo sob o olhar conivente do  . Dúvidas?","Pior é que é verdade: se o médico se recusar a receitar cloroquina, tá se arriscando a apanhar no postinho",2,0.162236213684082,0.8377637267112732,,Alta
"O engraçado é que as pessoas que criticam o uso do medicamento não são médicas. E justamente criticam o PR por não ser médico e querer se intrometer. Porém, ele apenas DISPONIBILIZA a todos.  Se tem MÉDICO que quer receitar pq ñ tomar?  Parem de politizar um merda de remédio. Pqp","Quem estava impedindo antes de tomar cloroquina? Os medicos, que são especialistas e que tem acesso tambem a informação de especialistas, receitam de acharem necessário. Nunca foi proibido.",1,0.1721589714288711,0.8278411030769348,,Alta
"Hoje  tomou uma atitude corajosa, que salvará milhares de vidas: liberou o uso da cloroquina pra todos os casos de COVID-19 no SUS, mesmo os leves  Basta o paciente autorizar o uso do medicamento, que tem se mostrado muito eficaz em diversas partes do mundo","salvará ou vai ajudar a matar, isso só tempo irá dizer",2,0.1320859938859939,0.8679140210151672,,Alta
"Se Cloroquina fosse a solução, o mundo inteiro não estaria gastando milhões de dólares em pesquisas! O povo não é trouxa!!","Aqui tem imbecil que, acredita que a terra é plana. Vc acha mesmo que não vai ter, um monte de otários para comprar a ideia da Cloroquina ?",1,0.1604609042406082,0.8395391702651978,,Alta
E a cloroquina ein?,Cadê o Governo pra divulgar a Cloroquina?,2,0.1699908077716827,0.8300091624259949,,Alta
"Você confunde ""recomendar"" com ""obrigar"". O protocolo recomenda o uso da medicação c/ critérios bem definidos, podendo até o paciente recusá-lo e o médico desaconselhá-lo como tratamento. Logo, sua medida resulta de birra maliciosa ou de incapacidade na interpretação de texto.","A proposta de José Serra contra o novo protocolo do Ministério da Saúde sobre a administração da Cloroquina e da Hidroxicloroquina, esta sim, é ato de politização da doença e do tratamento.",2,0.158215045928955,0.8417848944664001,,Alta
"Vi no Jornal da Globo uma descrição dos efeitos colaterais da Cloroquina e da Hidroxocloroquina.  A partira daí,  parece que é melhor dar um tiro na própria cabeça do que usar esses medicamentos. Não sei como o pessoal que usou para combater a malária sobreviveu.",Esses jornalistas vão implorar pra usar Cloroquina quando o ar começar a faltar.,1,0.1917340457439422,0.8082659840583801,,Alta
"No dia em que o Brasil atingiu pela 1ª vez a marca de mil mortes em 24 horas, Bolsonaro voltou a defender a cloroquina. Em entrevista nas redes sociais, o presidente disse que o ministro interino vai baixar um protocolo sobre o assunto e fez uma piada #JG","E vcs fazem piada todos os dias com os brasileiros, acordem o país já conseguem ver oq vcs tentam fazer! #globovalenada",2,0.182713121175766,0.8172868490219116,,Alta
"Dê Cloroquina pra ele, cura, não é?","Pode crê, a cloroquina cura até câncer fiquei sabendo",1,0.149524912238121,0.8504750728607178,,Alta
"O presidente Bolsonaro disse que  novo protocolo da cloroquina será assinado nesta quarta. Em transmissão pela internet, ele disse que ninguém é obrigado a tomar o remédio e fez piada sobre o assunto. #BandJornalismo  #JornalDaNoite",é por um acaso alguém está sendo obrigado a tomar?? toma quem quer porra,2,0.1875707060098648,0.8124293088912964,,Alta
"Isso aqui é muito sério:    Governo quis alterar bula da cloroquina, afirma Mandetta  Ex-ministro da Saúde detalhou que houve pressão para decretar que o medicamento seria indicado para casos de Covid-19","Velho???? Isso não pode ser sério não pode, é muito grave",2,0.1049335300922393,0.895066499710083,,Alta
Bolsonaro finalmente conseguiu forçar o Min. da Saúde a emitir protocolo que libera o uso em massa da cloroquina. Os pacientes terão que assinar um termo assumindo que o remédio não tem eficácia e que pode até matar. É um atentado contra a saúde pública e a vida dos brasileiros.,Você fica com a Tubaina e eu fico com a Cloroquina.,1,0.1877564042806625,0.8122435808181763,,Alta
"Hoje  tomou uma atitude corajosa, que salvará milhares de vidas: liberou o uso da cloroquina pra todos os casos de COVID-19 no SUS, mesmo os leves  Basta o paciente autorizar o uso do medicamento, que tem se mostrado muito eficaz em diversas partes do mundo",em um mundo paralelo eu queria que todos usassem isso e morressem pra por a culpa nele,2,0.199955403804779,0.8000445365905762,,Alta
#Coronavírus: Estados não devem aderir a uso generalizado de cloroquina,ow e uma conhecida que é dos reiki e etc e defende a cloroquina  eu tô só,0,0.9826005101203918,0.0173994358628988,,Random
"Vi no Jornal da Globo uma descrição dos efeitos colaterais da Cloroquina e da Hidroxocloroquina.  A partira daí,  parece que é melhor dar um tiro na própria cabeça do que usar esses medicamentos. Não sei como o pessoal que usou para combater a malária sobreviveu.",Essa narrativa já era esperada... Imagina se der certo a cloroquina... Meu Deus!!! Estamos precisando desses mortos ainda!!! Bolsonaro não pode vencer... #GloboLixo,2,0.9547505974769592,0.0452493652701377,,Random
"Se #Cloroquina é tão eficaz assim contra o coronavírus, então pq estamos com tantos profissionais da saúde perdendo a vida por causa de vírus maldito??? Me respondem isso #peloamordeDeus",eu juro que eu tento fingir que não tem nada acontecendo,0,0.926954984664917,0.0730450302362442,,Random
Até as grávidas usa cloroquina.,POR QUE EM 2016 A CL0R0QUlNA ERA BOA???,2,0.9479424357414246,0.0520576126873493,,Random
"Gente, vamos pensar:  A quem interessa que o povo não pode tomar Cloroquina? Está claro que têm interesse político nisso.",Médicos coordenaram pesquisas e auxiliaram nos campos de extermínio nazistas  Médicos forjaram laudos atestando mortes naturais e suicídio para vítimas da ditadura militar no Brasil  Será que os médicos vão silenciar ante o protocolo do Ministério da Saúde sobre a cloroquina?,0,0.9799782633781432,0.0200217422097921,,Random
"Todos vocês sabem que Bolsonaro enviou para o Congresso Nacional a MP 966 que isenta agentes públicos de responsabilidade. O que talvez não tenham conectado é que isso associado ao ""Protocolo Cloroquina"" pode ser um dos maiores casos de IMPUNIDADE que já vimos.","Pqp... Hiponatremia mata mais que qualquer super dose de Cloroquina, então, larga mão de ser desinformado e passar por espertinho e vai trabalhar e estudar! Eita, não sabe o que hiponatremia??? To falando, vai estudar!",1,0.6717115640640259,0.3282884061336517,,Random
"Bolsonaro quis alterar bula da cloroquina, diz Mandetta",GENTE ?,2,0.9918344020843506,0.0081656202673912,,Random
"Bolsonaro quis alterar bula da cloroquina, diz Mandetta","Atiradores de elite, eu não aguento mais esperar por vocês.",2,0.9845685958862304,0.0154313901439309,,Random
"Ainda resta posição do Código de Defesa do Consumidor - CDC - na Lei Ordinária nº 8.078, de 11 de setembro de 1990, que diz em seu artigo 22, in verbis:",Se recusarem te dar CLOROQUINA em caso de CODIV-19. Faça valer seus direitos!!,2,0.9389147758483888,0.0610853098332881,,Random
Contra o coronavírus  Bolsonaristas de 'corrente do bem' se medicam com cloroquina e antipulgas,"Antipulgas é o remédio perfeito pra eles, vai deitar pulguento",2,0.923532783985138,0.076467178761959,,Random
"Não há evidência científica para cloroquina no tratamento da covid-19, dizem especialistas",ENTÃO TOMA TUBAINA,2,0.9421889781951904,0.057811040431261,,Random
Qual é a cloroquina da sua profissão?,"O remédio do Bozo não é a cloroquina, é o Gardenal, só um aparte.",1,0.9887135028839112,0.0112865101546049,,Random
"As revelações do ex ministro da saúde Henrique Mandetta carecem de investigações. Mudar a bula de um medicamento como a cloroquina é crime e se comprovado, será mais um na conta do presidente. #ForaBolsonaroGenocida",Abri o cu dp biruliru e enfiar 20 cartelas de cloroquina,0,0.9831740260124208,0.016825957223773,,Random
"""Nós não faremos a distribuição e nem aplicação generalizada da cloroquina, porque a ciência não recomenda"", disse o governador de São Paulo, João Doria.","a ciência só recomenda a cloroquina para sua quadrilha, tipo David Uip que tomou e não quis contar. Vagabundos!!",1,0.5655596852302551,0.4344403147697449,,Random
"Bolsonaristas criam 'corrente do bem' e se medicam com cloroquina, azitromicina e antipulgas",Antipulgas??????? Se continuarem assim logo logo teremos menos bolsominions no mundo,2,0.9763302206993104,0.0236697271466255,,Random
"Quem deve julgar quando e como usar a Cloroquina são os médicos e não um decreto. O Governo de SP tem distribuído Cloroquina nos hospitais públicos do Estado para o tratamento de Coronavírus, desde que se faça a critério do médico e com a devida autorização do paciente.",Isso aí.. manda o ministro da saúde .. presidente aplicar nos pacientes.. quero ver eles ter peito de cuidar .. entrar numa UTI,2,0.1004266887903213,0.8995732665061951,,Random
"E o primata editando protocolo para aplicação nas pessoas. Teu lugar na história já está reservado, seu energúmeno.  Cloroquina é assunto ultrapassado no combate à covid-19, diz epidemiologista | Lives do Valor | Valor Econômico",#BrasilComBolsonaro  Essa noite sonhei que ia com   nas drogarias saber se estavam vendendo cloroquina. Estou de olho kkkkkk,0,0.9511646032333374,0.0488353706896305,,Random
"“Ainda bem que a natureza criou esse monstro chamado coronavírus para que as pessoas percebam que apenas o Estado é capaz de dar a solução”. Lula, hoje. “Quem é de direita toma cloroquina, quem é de esquerda, tubaína”. Bolsonaro, hoje também.  Meu ouvido não é penico, senhores.",Calem-se!!!,2,0.7917277216911316,0.2082722783088684,,Random
Qual é a cloroquina da sua profissão?,Sapatilha gaynor ajuda a subir nas pontas,2,0.962197482585907,0.0378025509417057,,Random
Qual é a cloroquina da sua profissão?,"aprovado, sem ajustes.",2,0.98367577791214,0.0163242407143116,,Random
Qual é a cloroquina da sua profissão?,"""Virei professora porque amo criança, eu até sou catequista na minha igreja""",2,0.9856243133544922,0.0143757406622171,,Random
Governo muda protocolo sobre cloroquina horas após demissão de ministro; estudos mostram que remédio traz efeitos colaterais e pode não ser eficaz contra a Covid-19  #G1,toda vez que sai uma notícia dessa um farmacêutico morre,2,0.9798048734664916,0.0201952122151851,,Random
"O  divulga orientações para tratamento da Covid-19, onde a Cloroquina pode ser ministrada em casos leves, com recomendação médica e autorização do próprio paciente/família.","Não apoio o senhor, mas apoio o uso da cloroquina!",2,0.8667276501655579,0.1332723349332809,,Random
Lula e Bolsonaro são criticados juntos por frases polêmicas no dia em que Brasil tem 1.179 mortes   Lula: Ainda bem que a natureza (...) criou esse monstro chamado coronavírus  Bolsonaro: Quem é de direita toma cloroquina. Quem é de esquerda toma Tubaína,PUTA QUE PARIUU CARALHOOOOOO,2,0.9911702871322632,0.008829710073769,,Random
E aí  agora vai voltar atrás de receitar a cloroquina?,Vixe !  Hj o Bozo não dorme  #DireitaContraBolsopetismo,2,0.7703244686126709,0.2296755313873291,,Random
"Alô irmãos(ãs), paulistas. O governador do estado de vocês, disse que não permitirá a distribuição da Cloroquina no Estado de São Paulo. SAIBAM: a decisão de usar ou não o medicamento, tem que ser única e exclusivamente de VOCÊS. NÃO DESSE PUTO aspirante a ditador! LEVANTA SP.",ESSE DITADOR MERECE UM PIPOCO NO MEIO DESSA CARA DE FDP. ONDE SE VIU ESSE MALDITO SE ACHAR DONO DAS NOSSAS VIDAS E DECISÕES.,2,0.5187057256698608,0.481294184923172,,Incerta
"A turminha da lacração é contra o uso da Cloroquina. É só não usar, caraio! Só não tire o meu direito de querer usar, caso eu necessite.  Vcs são a favor do aborto. Se drogam e correm risco de terem overdose, e muitos tem, assim mesmo não largam a bosta das drogas.","Quem é de direita toma cloroquina , quem pensa espera a vacina !!",0,0.4104375839233398,0.5895624160766602,,Incerta
É extremamente irônico e contraditório ver psolistas falarem que a cloroquina faz mal à saúde (apesar de milhares de pessoas terem se recuperado após usar o medicamento) enquanto eles defendem a legalização de TODAS AS DROGAS.  Querem legalizar o crack e proibir a cloroquina!,Inclusive queria ver eles falarem que a cloroquina faz mal pra quem se trata de lupus ou se tratou de malária.,1,0.5949841737747192,0.4050158262252807,,Incerta
"Três pergunta simples:  As pessoas que pegavam malária, lúpus ou artrite reumatoide e usavam cloroquina estão vivas como?  Porque ninguém fez tantos alertas para elas sobre os efeitos colaterais do remédio?  A vida delas não importavam?","Tive malária em 2003, usei cloroquina tive 0 efeitos colaterais , salvou minha vida e estou aqui vivinha da Silva",1,0.4444501399993896,0.5555498600006104,,Incerta
"Apresentei um projeto de decreto legislativo p/ sustar o novo protocolo do  que recomenda uso precoce da cloroquina em pacientes com #Covid19, enqto não houver estudos científicos que comprovem sua eficácia. O presidente não deveria fazer uso político de algo tão sério.","Vai se ferrar seu maldito assassino o que você realmente quer é ver muitos cadáveres!! Deixe quem quiser usar que use, quem não quiser que se exploda, se você pegar esse maldito vírus e não quiser usar a cloroquina não use mas não interfira em quem quiser usar! Corrupto de merda.",1,0.4254524409770965,0.574547529220581,,Incerta
pq será q jair comprou e tem que desovar tanta Cloroquina? o ex ministro Mandeta revela o golpe que seria dado ao mudar a bula da Cloroquina pela Anvisa e incluir o Covid 19 como indicado para o tratamento. isso é crime! qual será o interesse do jair?,obrigada anvisa por salvar o brasil da cloroquina,0,0.5330950021743774,0.4669049978256225,,Incerta
isso aí rapaziada ignorem mais de 300 mil mortes e continuem saindo pra beber com amigos confiem no potencial dos pulmões cheios de amônia de vcs fmz fé em deus e na cloroquina,Quem toma cloroquina e quem toma Tubaína respondam aí? É pro meu TCC,0,0.5933841466903687,0.4066157639026642,,Incerta
"Com exceção da cloroquina, me receitaram todos os outros   Pelo que entendi, não pra “curar” o coronavírus, mas pra impedir ou pelo menos atenuar as consequências da ação do vírus no organismo, como uma infecção, pneumonia, etc","Não estou (e nunca vou) defendendo o atual presidente e seus seguidores, ainda mais se tratando de saúde pública.  Mas nesse momento não adianta: todo paciente é cobaia.  Alguns remédios surtem mais efeito que outros, e a cloroquina todo mundo já sabe que faz mais mal do que bem",1,0.4134000837802887,0.5865998864173889,,Incerta
Qual é a cloroquina da sua profissão?,É a própria cloroquina,2,0.5183553695678711,0.4816446602344513,,Incerta
Parece que o movimento da cloroquina agora é esse:  1) Perceberam que o protocolo ilegal do Ministério da Saúde para pacientes graves não seria suficiente como argumento para reabrir comércio e relaxar isolamento  2) Estão forçando esse protocolo do Piauí é para pacientes leves.,Bolsonaro querer mudar a bula da cloroquina sem ter conhecimento algum da medicina foi o auge da loucura. Isso só mostra o quão desleixado ele é como presidente e para com os brasileiros. #TodosPeloImpeachment,0,0.5883411169052124,0.41165891289711,,Incerta
"Ah, então, segundo o grupo Globo, o motivo pra não se usar a cloroquina é porque ela “tem riscos!”  Façam o favor, pessoas estão morrendo!  Vocês já leram a bula da aspirina?",Mas o tratamento vai ser com cloroquina ou com aspirina?,1,0.4581340849399566,0.5418659448623657,,Incerta
"So vai tomar essa cloroquina quem quiser, os gados todo vão tomar, n sei se sinto pena ou comemoro. #JornalNacional","Vc é nova e talvez não precise, mas qdo su mãe e sua avó precisarem ai vc vai se sentir uma bezerrinha !",2,0.5442630648612976,0.45573690533638,,Incerta
Qual é a cloroquina da sua profissão?,constrói uma casa pra mim?,2,0.509625256061554,0.4903747141361236,,Incerta
"Para isso, o paciente deve assinar termo de consentimento que diz que a cloroquina e hidroxicloroquina podem causar efeitos como ""redução dos glóbulos brancos, disfunção do fígado, disfunção cardíaca e arritmias, e alterações visuais”   Loic Venance/AFP",Resumindo: o leigo/desperado paciente poderá estar assinando a sua própria sentença de morte...,2,0.4849107265472412,0.5150892734527588,,Incerta
"Mandetta acaba de falar na GloboNews que Bolsonaro queria alterar a bula da cloroquina, citando que o medicamento poderia ser usado na cura do Covid19. A cada dia que passa surgem novidades macabras deste genocida",genocida filho da puta,2,0.4592019319534302,0.5407980680465698,,Incerta
"Cacete, ele falou que os caras estavam esperando ele na sala com um monte de advogados pra mudar a bula da Cloroquina falando que ela era útil para Covid!   Ele tá falando que o pessoal vai se medicar em casa agora com isso",Filho duma puta.,2,0.4677612781524658,0.5322387218475342,,Incerta
Mas eles precisam de antipulgas. Isso é certo.,"Quero mais q se entupam de Cloroquina, antipulgas e Ivermectim. Ivomec tbm é mto bom pro rebanho bovino!",1,0.54270339012146,0.4572965502738952,,Incerta
"“Redução dos glóbulos brancos, disfunção do fígado, disfunção cardíaca e arritmias”",#BrasilComBolsonaro  Claudio Dantas..NINGUÉM É OBRIGADO A TOMAR CLOROQUINA...vc tem livre arbítrio,1,0.5641371607780457,0.4358628690242767,,Incerta
"No protocolo do Ministério da Saúde sobre o uso da Cloroquina as referências possuem (pasmem): MedRevix, Trials, ensaios clínicos e link de reportagem do G1.  Piada?","""Dória diz que São Paulo não vai receitar cloroquina “por decreto”.   , saiba que cada morte que pudesse ter sido evitada pela cloroquina, será creditada na sua conta. Você será processado por negligência e por violação dos direitos humanos.",0,0.5706076622009277,0.4293923079967499,,Incerta
Acho que já passou da hora da imprensa apurar séria e urgentemente porq o presidente insiste tanto no uso da tal cloroquina (que sequer tem respaldo científico) para tratar o Covid-19... já q isso poderá custar a vida de inúmeros brasileiros! Não parece ser apenas uma obsessão!,"Vamos deixar claro que a cloroquina sempre esteve liberado, só que a responsabilidade né do médico se der certo ou não, e essa que e a treta. Ninguém quer se responsabilizar, já que não existe nenhum estudo científico que comprova sua eficácia contra o #COVID #covid19brasil",0,0.4763550758361816,0.5236449837684631,,Incerta
UMA TONELADA DE CLOROQUINA  O país numa m**** e os caras comprando medicamento sem efeito nenhum só pra fortalecer ideologia.  E vão comprar mais ainda...,tudo pra gente enfiar no C* porque né,2,0.4952560663223266,0.5047439932823181,,Incerta
"Apresentei um projeto de decreto legislativo p/ sustar o novo protocolo do  que recomenda uso precoce da cloroquina em pacientes com #Covid19, enqto não houver estudos científicos que comprovem sua eficácia. O presidente não deveria fazer uso político de algo tão sério.",Seu bosta! Eu usei e estou aqui vivo graças a ela! Cala sua boca!,2,0.5712375640869141,0.4287624657154083,,Incerta
"É MESMO,     EM 2016 VOCÊS FALAVAM DA CLOROQUINA COMO A SALVADORA DAS MULHERES GRÁVIDAS COM ZIKA VÍRUS, AGORA QUE A CLOROQUINA SE TORNOU POLITIZADA POR VOCÊS A MESMA NÃO SERVE!? ESTRANHO, E OUTRA SE LEREM A BULA DA NOVALGINA NINGUÉM TOMA!","ESSA NARRATIVA HIPÓCRITA E DEMENTE NÃO COLA, O POVO BRASILEIRO SERÁ INFORMADO,ESTADOS UNIDOS , ITÁLIA,FRANÇA,VENEZUELA,JAPÃO,CHINA, E MUITOS OUTROS PAÍSES ESTÃO USANDO A HIDROXICLOROQUINA, SÓ BRASIL QUE NÃO PODE USAR OU PIOR SÓ QUEM TEM PLANO DE SAÚDE PODE USAR, HIPÓCRITAS!",2,0.4108947813510895,0.5891052484512329,,Incerta
"Apresentei um projeto de decreto legislativo p/ sustar o novo protocolo do  que recomenda uso precoce da cloroquina em pacientes com #Covid19, enqto não houver estudos científicos que comprovem sua eficácia. O presidente não deveria fazer uso político de algo tão sério.","Como um dia eu pude pensar em votar nessa desgraça do  para presidente. Q vergonha, q vergonha, vergonha",2,0.4882828295230865,0.5117172002792358,,Incerta
"“Redução dos glóbulos brancos, disfunção do fígado, disfunção cardíaca e arritmias”",Nao tem problema vamos todos juntos contra o virus com cloroquina.,1,0.4184669852256775,0.5815330147743225,,Incerta
"Agora além de ter medo de morrer de coronavirus, se vc precisar de tratamento tem que torcer pro médico ser um profissional responsável que não vai usar a cloroquina","Tive q ir ontem no médico, pq tava c falta de ar. Ele perguntou se eu queria cloroquina, mas q se eu quisesse ia ter q assumir um termo de responsabilidade pelos efeitos colaterais do medicamento (???????)",1,0.5357909202575684,0.4642091393470764,,Incerta
"Se Cloroquina fosse a solução, o mundo inteiro não estaria gastando milhões de dólares em pesquisas! Pensar ainda é gratuito.","Você não entendeu. O mundo não aceita a Cloroquina porque querem desestabilizar o governo Bolsonaro. Assim pensa gratuitamente o gado bolsonarista. É preciso paciência, porque ciência não existe pra eles. Até quando teremos que conviver com essas pessoas?",1,0.4557080864906311,0.5442919135093689,,Incerta
"Você continua apoiando Bolsonaro, após ele dizer: ""Quem for de direita toma cloroquina, de esquerda toma Tubaína""?","O Presidente não pode fazer uma piada que os esquerdista leva ao pé da letra.E o pior é que ele está certo, não são contra a cloroquina.",1,0.5525659918785095,0.4474340081214905,,Incerta
"Mandetta: 'Quem é de direita usa cloroquina. Quem é de esquerda, tubaína. E quem é de juízo, escuta a medicina'","E quem é centro, vai ver se eu tô na esquina",2,0.5905416011810303,0.4094583988189697,,Incerta
a criança chata do cuscuz com ovo é bolsominian ainda,vamo criticar a família q mete ideologia merda na cabeça do menino pq ele obviamente nem sabe o q eh cloroquina porra,2,0.4817870557308197,0.5182129740715027,,Incerta
Qual é a cloroquina da sua profissão?,Qual seria a cloroquina do desemprego?,2,0.5155909657478333,0.4844090342521667,,Incerta
"""enfia cloroquina no cu"" KKKKKKKKKKKKKKKK",Meu sonho enfia a cloroquina no cu dele kkkkkk se tá maluco,1,0.43834188580513,0.5616581439971924,,Incerta
"Reclama da cloroquina, porque é de esquerda, e tem que falar do PR, mas está com suspeita de Covid-19, esta aí na fila da farmácia de manipulação pra adquirir cloroquina. É, a terra é redonda mesmo.","Bolsonaro quando incita O POVO a não se isolar, INCITA-OS ao SUICÍDIO, A122 CP, e quando ele faz  incentiva o uso da CLOROQUINA ele comete o crime art 284CP Curandeiro. Quantos precisarão morrer para vcs tomarem 1 atitude? ELE É  LOUCO DEVE SER INTERNADO.",0,0.503309965133667,0.4966899752616882,,Incerta
"Nenhum médico ficará sem poder prescrever, agora faz parte do protocolo do SUS e HCQ será mais uma ferramenta para os médicos. Estará disponível nas Unidades Básicas de saúde.  #BrasilComBolsonaro","20/05:  MS divulgou o protocolo que libera no SUS o uso da cloroquina e da hidroxicloroquina já para os casos leves de covid-19.  Quem não quiser, que tome tubaína!!!",2,0.4619697034358978,0.538030207157135,,Incerta
"Não é briga, é ciência. A Cloroquina gera problemas Colaterais, pras outas doenças que ele trata, ja se tem a dosagem e sabe-se os riscos que a medicação gera, e os ganhos superam os riscos! Otimo, da pra usar, agora para o Covid, estudos demonstram que os riscos nao valem o uso.","Nao precisa ficar bravo, o estudo ta ai, Estatisticamente, mais de 80% dos pacientes vao se curar com ou sem a cloroquina. O problema nao é o tratamento, agora temos que evitar que as pessoas PEGUEM a doença e a espalhe pras pessoas que possivelmente nao respondem bem a doença.",1,0.4237623810768127,0.5762376189231873,,Incerta
"Ricardo Barros: ""Ministro Chioro está fazendo um discurso político, um discurso de oposição. Não há efeitos colaterais para 99%. Olha a quantidade de países que começou a usar cloroquina"" #Debate360",Que vergonha um médico como Chioro fazendo discurso político e querendo que na hora de um diagnóstico de COVID o médico diga ao paciente boa sorte e dê um tapinha nas costas.Duvido que se ele pegar não vá tomar também Conheço gente que toma cloroquina há vários anos e sou médica,1,0.5797956585884094,0.4202043712139129,,Incerta
"- Ainda não existe comprovação científica, mas sendo monitorada e usada no Brasil e no mundo. Contudo, estamos em Guerra: “Pior do que ser derrotado é a vergonha de não ter lutado.”  - Deus abençoe o nosso Brasil.",Muito bem. #EuApoioBolsonaro,2,0.5132065415382385,0.4867934882640838,,Incerta
"Para a esquerda,a cloroquina é o cão,e a cocaína é um anjo.","Ei você bolsominion! Sim, você mesmo! ""Se"" as vacinas chegarem ao Brasil, não tomem. As vacinas te tornam comunista apoiador da ciência, continuem na cloroquina.",0,0.5908395648002625,0.4091604948043823,,Incerta
"O protocolo do Ministério da Saúde, sobre o uso precoce da hidroxicloroquina, pode estar com as horas contadas. Os burocratas do STF devem barrá-lo, pois ‘faltaria comprovação da ciência’. Seria a mesma ciência usada por Celso de Mello quando diz, ‘mulher não nasce mulher’?","Claudia, Doria, campeão de mortes de pobres nega a eles a HCQuina. A mídia, como a globo, antecipa c Merval: ""Supremo deve barrar a cloroquina"". Resta saber se para toda rede pública dos pobres, para a privada dos ricos e para países q a usam com sucesso.",2,0.5691041350364685,0.4308958649635315,,Incerta
O  vem trabalhando em coordenação c/ o  p/ trazer da Índia hidroxicloroquina e seus insumos. Após conversa minha c/ o Chanceler indiano obtivemos liberação de 1000 kg de hidroxicloroquina que chegam ao Brasil esta semana. Estamos negociando novos envios.,1 tonelada de cloroquina kkkkkkkkkkkkkkkkkkkk,2,0.5748990774154663,0.4251008927822113,,Incerta
"‘Estamos em guerra’, afirma Bolsonaro ao justificar protocolo da cloroquina.","•1º) a guerra é no sentido figurado  •2º) o inimigo é o vírus Sars-CoV-2, não a OMS ou o comunismo chinês.   •3º) OMS alertou hoje mesmo dos perigos de usar cloroquina pq não sua eficácia não foi comprovada.  •4º)o remédio que o país precisa é constitucional, o impeachment.",2,0.5778759121894836,0.4221240878105163,,Incerta
"Em tempos de Covid-19 antes de usar cloroquina ou tubaína, escute a medicina.   #FiqueEmCasa #VaiPassar #Medicina",Pois é.  Vocês podiam parar de fazer dessa pandemia esse palanque político e começar a agir para que as mortes e o desemprego não aumentem. Quem já vive na miséria será o mais atingido com isso tudo. Fica em casa é fácil p quem recebe 30 mil por mês. #ficaadica,2,0.453360378742218,0.5466396808624268,,Incerta
"Na dose do tratamento nenhum colateral é apenas 1 cap dia a cloroquina já tem 60 anos de prateleira é medico usado a muito no brasil contra malaria, ela NAO TEM COLATERAIS na DOSE CORRETA!.",A e tem que ser nos primeiros dias de contaminação se for tarde morre mesmo tomando cloroquina e o caso tardio é o que gera as noticias na midia.,1,0.4668688774108886,0.5331311225891113,,Incerta
"Apresentei um projeto de decreto legislativo p/ sustar o novo protocolo do  que recomenda uso precoce da cloroquina em pacientes com #Covid19, enqto não houver estudos científicos que comprovem sua eficácia. O presidente não deveria fazer uso político de algo tão sério.",Como alguém tem a coragem de dar o voto a um senador que quer barrar um remédio aos brasileiros? Acordem!,2,0.5307408571243286,0.4692590534687042,,Incerta
"Hoje  tomou uma atitude corajosa, que salvará milhares de vidas: liberou o uso da cloroquina pra todos os casos de COVID-19 no SUS, mesmo os leves  Basta o paciente autorizar o uso do medicamento, que tem se mostrado muito eficaz em diversas partes do mundo","Quem quiser toma, quem não quiser não toma.",2,0.5801247954368591,0.4198752045631408,,Incerta
Qual é a cloroquina da sua profissão?,Dá uma olhadinha rápida aqui no meu texto,2,0.5617846846580505,0.4382153451442718,,Incerta
"O Ministério da Saúde divulgou nova orientação para os médicos do SUS, permitindo o uso de cloroquina e hidroxicloroquina na fase inicial da Covid-19. O uso dos remédios, sem eficácia comprovada, é alvo de críticas de associações médicas:  #JN","Meu Deus como vcs são mequetrefes, tem vídeo do JN falando que a cloroquina podia ser tomada até por grávidas para curar o vírus da Zica",1,0.4283660650253296,0.5716339349746704,,Incerta
Está rolando um papo na TL q o  está querendo travar a liberação da cloroquina. Estão esticando a corda...,Já esticaram!,2,0.5124764442443848,0.4875235259532928,,Incerta
eu to cansada de vc maria cloroquina,caralho Bols*naro enfia a cloroquina no cuuuuu,0,0.4692071378231048,0.5307928919792175,,Incerta
"Na fala de hoje, Maduro acusou a Colômbia de estar tentando infectar a Venezuela, e acusou o presidente vizinho, Iván Duque, de enviar ônibus com pessoas doentes através da fronteira.","Maduro é um imbecil.  Tem como ser contra o imperialismo, apontar a crueldade dos embargos econômicos excrotos, e falar que esse cara é uma merda.   PS: pra mim a fala dele defendendo a cloroquina foi nivel Bolsonaro. 2 lunáticos.",2,0.566606879234314,0.433393120765686,,Incerta
"Bando de criminoso tentando proibir o protocolo da cloroquina porque a ""ciência ainda não comprovou"".  Mas um bando de médico rico tomou e se curou.  Mas o povo não pode escolher se toma ou não.  Brasileiro é o povo mais passivo e bunda mole que existe.","É verdade, agora existe um monte de gente pra se colocar contra a cloroquina, sabe porque? Porque eles sabem que se der certo, Bolsonaro se torna imbatível, assim são contra, mas fazem uso quando precisam. São um bando de FDP, mas as eleições vão mostrar, não esqueceremos.",1,0.1425278186798095,0.8574721217155457,,Alta
"Bolsonaro queria mudar a bula do remédio, não deixaram. O tal protocolo é ctrl C + ctrl V do parecer do CFM. Uso off label é com os médicos. O resto é narrativa.",Vc ainda não respondeu se vai tomar cloroquina caso pegue o virus. Vai ou não vai? Responda homem!,1,0.1746205538511276,0.825379490852356,,Alta
"- Ainda não existe comprovação científica, mas sendo monitorada e usada no Brasil e no mundo. Contudo, estamos em Guerra: “Pior do que ser derrotado é a vergonha de não ter lutado.”  - Deus abençoe o nosso Brasil.",AH TA DE BRINCADEIRA NE IRMÃO VAI TOMAR NO CU TESTA ESSA PORRA EM VOCE E NA TUA CORJA NAO NA POPULAÇÃO PRESIDENTE FILHA DA PUTAAAAA,2,0.1054385527968406,0.8945614695549011,,Alta
"Bolsonaro quer aplicar Cloroquina a qualquer custo. Porém, o paciente precisará assinar um termo de ciência que NÃO existem dados sobre a eficiência para Covid-19 e que está ciente que pode sofrer uma parada cardíaca. Você vira cobaia do Presidente e o isenta de responsabilidade.",Cobaia o que? Muita gente se tratou e se recuperou aplicando a HDC. Quem quiser que autorize o tratamento. Quem não quiser não autorize. É simples,2,0.1882646679878235,0.8117353916168213,,Alta
"Usar cloroquina ou tubaina, tanto faz os dois nao sao indicados para tratamento de covid. Pelo menos a tubaina nao vai fazer tao mal quando tomar um remédio indevido.","É gada sensata, é só um acaso que todos os outros países e planos de saúde que usam a cloroquina e tão tendo bons resultados.  De fato uma mera coincidência cósmica, eu vou esperar o Uol dar um aval pra mostrar como não sou gado.",1,0.1326995193958282,0.8673004508018494,,Alta
"Apresentei um projeto de decreto legislativo p/ sustar o novo protocolo do  que recomenda uso precoce da cloroquina em pacientes com #Covid19, enqto não houver estudos científicos que comprovem sua eficácia. O presidente não deveria fazer uso político de algo tão sério.","Sr.Sera podemos pedir tbm que Dr.  David Uip e Dr.Kalil que tomaram o medicamento e se curaram que volte atrás e não tome??? É nosso direito optarmos por tomar ou não, a as colha é do paciente e não do estado, querem nos o privar do tratamento????",2,0.1566530168056488,0.8433470129966736,,Alta
"O Remdesivir é um deles, novo e pouco efetivo contra o vírus. É menos perigoso que a cloroquina? Como saber se ele é novo? A cloroquina tem 65 anos, é batata é eficaz e todos os efeitos colaterais são conhecidos por décadas. Quer o remédio novo e que custa centenas de $$$?","Meu amigo, esse não é o problema. A questão é que não existe nenhuma comprovação científica da eficácia do uso da cloroquina conta o Corona vírus, existindo aí efeitos colaterais que podem ser fatais. Para que correrei o  risco se não existe benefício comprovado?",1,0.1536409109830856,0.8463590145111084,,Alta
"Nossa! o bolsominion burro esta tentando me desqualificar pq sigo biologo q segue A CIENCIA.  vc gosta de noticia falsa, seu jegue, vai tomar sua cloroquina e comer seu capim.","ainda to esperando seu ""çientizta"" chegar no 1 milhão de mortos, mas não se preocupe, diferente da esquerda, o governo de direita não te obriga a fazer as coisas, vc pode optar por ñ tomar cloroquina q tá funcionando em td lugar, se pegar o vírus chines(torço p/ q não precise),",1,0.1913807839155197,0.8086191415786743,,Alta
"A Sociedade Brasileira de Infectologia divulgou nota declarando que o uso da cloroquina contra a Covid-19, doença “não apenas carece de evidência científica como é perigoso, pois tomou um aspecto político inesperado"".",Ou seja com o o Bozo quer usar cloroquina  é  veneno mata  isso é  coisa suja de trump e o MARIONETE de USA sem comprovação  simplesmente libera,2,0.1402296125888824,0.8597704172134399,,Alta
"Brasileiro toma por conta própria, analgésicos, Sibutramina, Trembolona, Viagra, remédio para pressão, ANABOLIZANTES, Fuma, usa drogas, toma CITOTEC, pílulas do dia seguinte. Mas acha um absurdo usar cloroquina no tratamento da COVID-19, pois o remédio tem efeitos colaterais.",Não.  O problema é  o GOVERNO AUTORIZAR O USO E COMO SE AUTORIZAR DROGA SEM PESQUISAR EFEITOS  E SUPORTE.,2,0.1857990175485611,0.8142009973526001,,Alta
"ok, agora pensa, fabricou toneladas de cloroquina, gastou uma porrada de dinheiro com isso, vai ter que usar certo? Acho que ele tá nessa falação por causa disso, ele teve uma atitude burra e vai matar muita gente por causa dela",Gi eu tô mais bobo ainda que ele admitiu agora que cloroquina não tem comprovação científica KKKKKKKK aí meu Deusssss,1,0.1255355030298233,0.8744645118713379,,Alta
"- Ainda não existe comprovação científica, mas sendo monitorada e usada no Brasil e no mundo. Contudo, estamos em Guerra: “Pior do que ser derrotado é a vergonha de não ter lutado.”  - Deus abençoe o nosso Brasil.","Basicamente ""Vamos testar em vocês. Quem morrer, morreu. What I have bird? """,2,0.1085003614425659,0.8914996385574341,,Alta
Bolsonaro finalmente conseguiu forçar o Min. da Saúde a emitir protocolo que libera o uso em massa da cloroquina. Os pacientes terão que assinar um termo assumindo que o remédio não tem eficácia e que pode até matar. É um atentado contra a saúde pública e a vida dos brasileiros.,"""Tome cloroquina, mas antes assine esse termo de assunção de suicídio"" Jair Messias Bolsonaro, o demônio que assumiu a presidência do país",2,0.1389466375112533,0.8610534071922302,,Alta
"- Ainda não existe comprovação científica, mas sendo monitorada e usada no Brasil e no mundo. Contudo, estamos em Guerra: “Pior do que ser derrotado é a vergonha de não ter lutado.”  - Deus abençoe o nosso Brasil.",O presidente parece uma blogueirinha fazendo uma indicação de produto,2,0.1732522398233413,0.8267477750778198,,Alta
"Hospital de campanha de MG LOTADO! Não, pera... entenda e contextualize! Via","Mais hospitais de Campanha Vazios . Governadores roubam e desperdiçam Dinheiro Público.  Não tem Pandemia !  Não precisava construir tantos hospitais de campanha . Era só deixar os hospitais que já existiam e distribuir Cloroquina para as pessoas . Mas não,  eles querem roubar .",2,0.1267028450965881,0.8732971549034119,,Alta
"Uso de Cloroquina em Cuba não é indiscriminado, é feito com acompanhamento médico e método de uso específico. Nenhum cientista é contra o uso controlado e acompanhado. O problema é que a proposta bolsonarista NÃO tem NADA A VER com isso. E ditadura? Eles são mais livres q nós!","Ninguém pede uso indiscriminado em lugar nenhum kkkkk fato é que todo mundo usa mas aqui vocês ficam chorando porque o presidente defende. Aqui está: “En el protocolo de tratamiento de nuestro país, la cloroquina forma parte de la triada más importante  de medicamentos (...)”",1,0.1338439285755157,0.8661560416221619,,Alta
os pais alem de fazer a criança passar vergonha na internet pra hita ainda manda a criança fala sobre cloroquina assunto que ela nem deveria saber sobre sabe eu fico revoltada cara,"País irresponsáveis, sim ou sim? Vai fazer seu filho ver Steven Universe cara... alguma coisa que acrescenta.",2,0.1520320773124694,0.8479678630828857,,Alta
"""Clamor da sociedade"". Essa foi a justificativa apontada por funcionária do Ministério da Saúde para o novo protocolo que amplia o uso da cloroquina no combate à #COVID19.  Apesar do ""clamor da sociedade"", não há evidência científica da eficácia da droga.","Me causa estranheza os países de primeiro mundo não autorizarem o uso da cloroquina. O Brasil está na contramão do mundo, nosso Presidente insiste em não aceitar o maior balizador que é a ciência.  #Debate360",0,0.1160432919859886,0.8839567303657532,,Alta
e quando que a gente vai salvar esse coitado dos próprios pais?,"e criança, toma cloroquina msm....... vamo ve oq acontece",2,0.1327522546052932,0.8672477006912231,,Alta
1179 mortos nas últimas 24 horas e esse é o nível da live hoje.,"graças a deus eu tô Itubaina, pq cloroquina tá matando um povo aí em KKKKKKK",2,0.1926813572645187,0.8073186278343201,,Alta
"Uma análise do protocolo do Ministério da Saúde sobre o uso precoce da HCQ/Cloroquina no #Covid_19 . Ele é uma afronta ao pensamento científica e a medicina séria, que se importa com as vidas em jogo","A Verinha Magalhães falaria: mas é PROTOCOLADO PELO MINISTERIO DA SAUDE, logo é correto.",2,0.1601013541221618,0.8398986458778381,,Alta
"primeiro ele impõe a cloroquina. depois diz que ""não tem comprovação científica"". quem ainda acredita nesse homem?",É protocolo fake. Acredita quem quer. Cloroquina? Toma quem quer? É daí? Cala a boca! O que pode vir desse traste inútil repugnante abjeto?,1,0.1350761502981186,0.8649238348007202,,Alta
"Eu espero que esse episódio da Cloroquina sirva para que a classe médica reflita melhor antes de embarcar, mesmo que parcialmente, em delírios coletivos.","E se ainda tiver médico defendendo o Bozo, q enfie tubaina no cu dps de deixar a garrafa no sol por dias e chaqualhar antes de abrir. Sabor cloroquina",1,0.1636520326137542,0.8363479971885681,,Alta
"O Brasil ganhou mais uma esperança no tratamento do #coronavírus. O  adotou um novo protocolo para receita da cloroquina/hidroxicloroquina. O medicamento, que já é adotado em diversas partes do mundo, é considerado o mais promissor no combate à Covid-19. Entenda:","""mais promissor"" onde, minha filha? Em quais estudos?",2,0.1110613197088241,0.8889387249946594,,Alta
"Não quer ficar em casa, vá trabalhar. Quer ficar em casa, fica! Quer tomar hidroxicloroquina, toma. Não quer tomar hidroxicloroquina, toma Dipirona! Tchau!","Para que é contra a Cloroquina... Deixem as pessoas à vontade para tomar o que quiser! Você pode tomar no cu, eu não ligo!",2,0.1502083837985992,0.8497915863990784,,Alta
"URGENTE - STF JÁ SE PREPARA PARA BARRAR O USO DA CLOROQUINA  No julgamento de ontem, o ministro Barroso já deixou claro seu posicionamento ao defender a punição para agentes públicos cujas decisões não sigam critérios científicos.  VAMOS VER ATÉ ONDE VAI O ATIVISMO JUDICIAL","Se o STF usar esse argumento de que as decisões dos agentes públicos devem seguir critérios científicos, a quarentena acaba, tendo em vista que não há provas cientificas que isso funcione...",2,0.2582991123199463,0.7417008876800537,,Random
"Se o STF barrar o protocolo da cloroquina, a prerrogativa da receita continua sendo do médico.  Caso você ou alguém da sua família forem infectados e você não é uma besta comandada pela extrema imprensa, peça que receitem.",É isso. #STFVergonhaNacional,2,0.9799761772155762,0.0200238246470689,,Random
Qual é a cloroquina da sua profissão?,Curso de 600 reais para ganhar dinheiro em casa kkkk,2,0.911497175693512,0.0885028541088104,,Random
"- Ainda não existe comprovação científica, mas sendo monitorada e usada no Brasil e no mundo. Contudo, estamos em Guerra: “Pior do que ser derrotado é a vergonha de não ter lutado.”  - Deus abençoe o nosso Brasil.",VAI TOMAR NO CU SEU FILHO DA PUTA,2,0.0942884683609008,0.9057115316390992,,Random
"""Nós não faremos a distribuição e nem aplicação generalizada da cloroquina, porque a ciência não recomenda"", disse o governador de São Paulo, João Doria.","teu lugar está guardado lá no inferno,depois de matar tantas pessoas e de tentar falir SP!",2,0.9473574757575988,0.0526425167918205,,Random
"- Ainda não existe comprovação científica, mas sendo monitorada e usada no Brasil e no mundo. Contudo, estamos em Guerra: “Pior do que ser derrotado é a vergonha de não ter lutado.”  - Deus abençoe o nosso Brasil.","Já peguei meu arco e flecha pra lutar na guerra nuclear, presida. É nois",2,0.1235286369919776,0.8764713406562805,,Random
O medicamento hidroxicloroquina está sendo comprado pelo governo do Reino Unido para ser testado como tratamento do #coronavírus.,"Mas o Bonequinho Botox, não permite!",2,0.9308260679244996,0.069173939526081,,Random
"O  divulga orientações para tratamento da Covid-19, onde a Cloroquina pode ser ministrada em casos leves, com recomendação médica e autorização do próprio paciente/família.",COM RECOMENDAÇÃO MÉDICA.,2,0.9346830248832704,0.0653170123696327,,Random
"Para à direita Cloroquina, para à esquerda Tubaina, para o centrão Propina, no avião do presidente Cocaína",Eu lhe venero rebeca trans,2,0.9750645160675048,0.0249354988336563,,Random
"Apresentei um projeto de decreto legislativo p/ sustar o novo protocolo do  que recomenda uso precoce da cloroquina em pacientes com #Covid19, enqto não houver estudos científicos que comprovem sua eficácia. O presidente não deveria fazer uso político de algo tão sério.","QUER MAIS PESSOAS MORTAS, SÓ PODE SER. MAIS UM QUE JOGA CONTRA A NAÇÃO BRASILEIRA.",2,0.9354551434516908,0.0645447969436645,,Random
"Bolsonaristas criam 'corrente do bem' e se medicam com cloroquina, azitromicina e antipulgas",corrente do bem pra que todos eles descansem em paz,2,0.981050968170166,0.0189489647746086,,Random
"Esquerda mete o pau na cloroquina, mas toma na hora do aperto.  Esquerda mete o pau no capitalismo, mas ganha dinheiro com ele e usufrui de todas as suas benesses.  Que nome damos a isto?",Vc ja iu algum socialista praticando oq prega??? HIPOCRISÍA,2,0.095725305378437,0.9042747020721436,,Random
Qual é a cloroquina da sua profissão?,a ditadura militar foi uma “ditabranda” que começou em 68 e terminou em 79,2,0.9848513007164,0.0151487169787287,,Random
"Bolsonaristas criam 'corrente do bem' e se medicam com cloroquina, azitromicina e antipulgas","A corrente do melhor é igualzinha, apenas com doses aumentadas.",2,0.972950279712677,0.0270497649908065,,Random
"Vocês tão falando tanto de tubaína, que me deu até vontade!  É mto bom gente, não me ofendeu nem um pouco! Tubaína não vai causar a morte de ninguém. Já a cloroquina... #calabocabolsonaro",ORIENT. DO MIN. DA SAÚDE PARA TRAT. MEDICAMENTOSO PRECOCE DE PAC. COM DIAGNÓSTICO DA COVID-19,0,0.9287383556365968,0.0712616443634033,,Random
"Uma esperança para desafogar as UTI´s pelo Brasil. Na minha visão, uma decisão acertada.","Com todo respeito Tenente, quais UTI'S, todas sempre estiveram lotadas sem Covid, se não construiram leito, só estão creditando as mortes ao Corona. As mortes são as de rotina.",2,0.9839997887611388,0.0160001646727323,,Random
"Bolsonaristas criam 'corrente do bem' e se medicam com cloroquina, azitromicina e antipulgas",Corrente do mal,2,0.982900321483612,0.0170997306704521,,Random
"Bolsonaristas criam 'corrente do bem' e se medicam com cloroquina, azitromicina e antipulgas",Gente o povo tá doido,2,0.9899383783340454,0.0100616300478577,,Random
Bolsonaro admite que não há comprovação científica de eficácia da cloroquina contra a covid-19 (via ),MAS GENTE TIRA ESSE HOMEM DAI POR FAVOOOR Como assim ele aprova o uso de cloroquina nos estágios iniciais e depois admite isso???,2,0.8361005187034607,0.1638994663953781,,Random
"Lula: “Ainda bem que a natureza criou o coronavírus.” Bolsonaro: “Quem é de direita toma cloroquina, quem é de esquerda, Tubaína.” Um é a imagem do outro. O Brasil não merece esta relação binária. #MarcoAntonioVIlla #ChegaBolsonaro #ChegaLula",O Brasil não merece ser tão mal tratado.,2,0.8316311240196228,0.1683688908815384,,Random
"Bolsonaro quis alterar bula da cloroquina, diz Mandetta",O transtornado do Bolsonaro não tem limites,2,0.9939332604408264,0.0060667246580123,,Random
"#grandedebate bozominions, encham seus rabos de cloroquina e parem de encher o saco.","Vejamos aqui na lista o que temos. Cloroquina , tubaína e vaselina.",0,0.9813522696495056,0.0186477210372686,,Random
"Bolsonaristas criam 'corrente do bem' e se medicam com cloroquina, azitromicina e antipulgas",KAKKAKKK AÍ MALUCO,2,0.9913161993026732,0.0086838062852621,,Random
Qual é a cloroquina da sua profissão?,Vista a camisa da banda por que quando bombar todo mundo cresce junto.,2,0.9808088541030884,0.0191911291331052,,Random
"Além de duvidar do coronavírus, o ex RBD Christopher Uckermann publicou em seu instagram matéria sobre Bolsonaro ter autorizado o uso da Cloroquina e causa revolta.  CHRISTOPHER UCKERMANN CANCELADO",o secretário bustamente vai ficar pistola,2,0.9917553663253784,0.008244652301073,,Random
"No Brasil, todo mundo que sobreviveu à malária nos últimos 40 anos tomando cloroquina morreu do coração, segundo o Jornal Nacional.",Na pior das hipóteses a pessoa que toma cloroquina tem mais 40 anos de vida!! kkkkk,1,0.4941829741001129,0.5058169960975647,,Incerta
"Bolsonaristas criam 'corrente do bem' e se medicam com cloroquina, azitromicina e antipulgas","Cara... Um acampamento pra tomar remédio sem prescrição, só pra mostrar que a merda do presidente está certo.  Na boa, levem esses filhos da puta presos.",2,0.5250635147094727,0.4749365448951721,,Incerta
"Apresentei um projeto de decreto legislativo p/ sustar o novo protocolo do  que recomenda uso precoce da cloroquina em pacientes com #Covid19, enqto não houver estudos científicos que comprovem sua eficácia. O presidente não deveria fazer uso político de algo tão sério.","Exauriu o limite do cidadão de bem deste país , o CN casa do povo  , feito covil de travestidos políticos ,",2,0.5199069976806641,0.4800930023193359,,Incerta
"A cloroquina, embora ainda não apresente evidências de eficácia, já podia ser receitada, caso médico e paciente estivessem de acordo. E é lógico que torcemos pela cura das pessoas, mas é importante ressaltar que há contraindicações.",Cala boca seu Japones chines esquerdista de merda,2,0.405415803194046,0.5945842266082764,,Incerta
"O Ministério da Saúde divulgou nova orientação para os médicos do SUS, permitindo o uso de cloroquina e hidroxicloroquina na fase inicial da Covid-19. O uso dos remédios, sem eficácia comprovada, é alvo de críticas de associações médicas:  #JN","Deixa essa parada rolar, nessas horas tudo é válido. Meu sogro e minha sogra são médicos e os mesmo falaram que o remédio ta gerando bons resultados no hospital onde atuam",2,0.4354922473430633,0.564507782459259,,Incerta
"Só pra entender direito: dois médicos passaram pelo Ministério e se recusaram a assinar o uso da cloroquina, aí o presidente demitiu os dois e colocou um general interino alaranjado que liberou o uso de um medicamento não aprovado pela Anvisa?? Tá certo então. Entendi agora.","Alguém já investigou para ver o que o Bozo e o Trump tem a ganhar financeiramente em promover o uso da cloroquina? Não tenho dúvida que tem algum esquema milionário por trás da obsessão bizarra que esses dois malucos tem por esse medicamento, só pode.",1,0.4509956836700439,0.549004316329956,,Incerta
A cara da Renata Vasconcellos depois de ver Bolsonaro fazendo piada no dia em que o Brasil bateu recorde de óbitos,"É um imbecil mesmo né, enfia a cloroquina no rabo",2,0.4768190085887909,0.5231810212135315,,Incerta
"Dória diz que não irá liberar o protocolo do MS sobre a Cloroquina para a rede de saúde, impõe lockdown de 80% em SP, se atrapalha com rodízios inúteis que lotam os transportes públicos e esconde que seu secretário de saúde se curou com a Cloroquina E culpa Bolsonaro pelas mortes","Engraçado que o Ministério da Saúde libera o uso da cloroquina em casos leves, mas o paciente com cobid-19 precisa assinar um termo de consentimento. Ou seja , se morrer  você assinou o documento.",0,0.4707440733909607,0.5292559266090393,,Incerta
"Bolsonaro: ""Direita toma cloroquina e esquerda toma Tubaína""  Lula: ""Ainda bem que a natureza criou o monstro chamado coronavírus""  As frases e a realidade do País comprovam que devemos escolher lideranças éticas, equilibradas e competentes. Chega da busca de salvadores da pátria",Com certeza esta liderança não é vc.,2,0.4649174511432647,0.5350824594497681,,Incerta
"O  divulga orientações para tratamento da Covid-19, onde a Cloroquina pode ser ministrada em casos leves, com recomendação médica e autorização do próprio paciente/família.","Nenhum remédio ou receita médica o paciente precisa assinar se responsabilizando pelos efeitos do  tratamento, mas a cloroquina porque tem que o paciente assinar? Quer tirar o teu da reta? Traga-me novidade.",1,0.560838520526886,0.4391614198684692,,Incerta
"- Ainda não existe comprovação científica, mas sendo monitorada e usada no Brasil e no mundo. Contudo, estamos em Guerra: “Pior do que ser derrotado é a vergonha de não ter lutado.”  - Deus abençoe o nosso Brasil.","Eu fazendo referencias nos primeiros trabalhos academicos Fonte: CABEÇA, Vozes da Minha - 2019",2,0.541402280330658,0.4585976898670196,,Incerta
Alguém assinaria pela  própria morte com remédio sem  eficácia científica para cloroquina??,vontade de tomar uma cloroquina hmmmm,0,0.5652648210525513,0.4347351789474487,,Incerta
"""Clamor da sociedade"". Essa foi a justificativa apontada por funcionária do Ministério da Saúde para o novo protocolo que amplia o uso da cloroquina no combate à #COVID19.  Apesar do ""clamor da sociedade"", não há evidência científica da eficácia da droga.","Tão de sacanagem com o gado. Que com gente séria é uma afronta.  Prescreve então uma coca cola ou fanta já que é pela preferencia do povo. Ou uma ""lapada"" de cachaça. Mas um remédio que tem tantos efeitos colaterais e não eficácia?",2,0.5023641586303711,0.4976359009742737,,Incerta
"To indeciso entre ""História é memorizar fatos e não é ciência"", ""Golpe de 64 foi revolução"" ou ""Ciência Política é opinião"".",A cloroquina da profissão seria algo que idiota acha que tá certo mais qualquer um com mônico conhecimento sabe que tá errado ?,1,0.526360809803009,0.4736392199993133,,Incerta
Sem leito no hospital?  Sem problema : Cloroquina + chá  de boldo + desligar a Globo + dar bandinha na Prainha tomar um chimas com os gu gu e as gu gu,"#Debate360 Arthur Chioro, que médico você é,se não temos outro medicamento, temos que usar a cloroquina mesmo,ou vai deixar a pessoa morrer seu idiota!!!",0,0.5102334022521973,0.4897665083408355,,Incerta
sério que eu tô vendo nego dando rt no vídeo daquele menininho da cloroquina falando que ODEIA ele? na moral? vocês me entristecem,"Voce aí que é contra cloroquina: você já leu bula de anticoncepcional? Assim, só perguntando mesmo...",0,0.4115307927131653,0.5884691476821899,,Incerta
"Mas por qual razão os médicos não dão a tal cloroquina aos doentes, pelo mundo? Se não faz efeito positivo, por qual razão esse retardado segue falando no remédio?","Toma Cloroquina quem quer, quem não quiser toma tubaina!!! Fica a critério de cada um!!",0,0.577955424785614,0.422044575214386,,Incerta
"Na Índia, segundo país mais populoso do mundo e que faz fronteira com a China, o Governo usa cloroquina até de forma preventiva. Mas aqui é gritaria generalizada da imprensa! Pq? Interesses políticos e financeiros inconfessáveis!  Via","Esse povo do contra, birrento e oportunista dá uma canseira. Gente mala sem alça.",2,0.5803330540657043,0.4196669459342956,,Incerta
"Eu tô com covid e foi a primeira medicação que a médica me ofereceu. Eu lá morrendo de falará de ar e ela: senhora peço sua autorização p utilização da cloroquina.  Eu nem esperava isso,dei um grito perguntando o que moça? Obviamente não aceitei!",Poxa vida a classe médica hein. Que curioso. Tão sensatos sempre.,2,0.5642910003662109,0.4357090294361114,,Incerta
É pra qualquer pessoa séria morrer infartada. Sabem o que é isso? São as referências Bibliográficas do novo protocolo do MS sobre a Cloroquina. Citando o quê? Uma matéria de jornal.  Mas pode ficar pior? Claro que pode! Vejam o item 23:,que tristeza essa bibliografia ):,2,0.4516710638999939,0.5483289361000061,,Incerta
"A Justiça nega a divulgação do receituário do gov socialista e tirano do estado de Pernambuco, mas obrigou o presidente  a divulgar o resultado dos seus exames e laudos que atestavam a não contaminação por Covid 19.   Alguém duvida que tem cloroquina receitada aí?",Né foda?,2,0.5474745631217957,0.4525254070758819,,Incerta
Qual é a cloroquina da sua profissão?,"depende o que é a minha profissão, se for no que eu sou formado  sem dúvidas alguma luiz felipe pondé (tecnicamente ele de filosofia, mas mesmo universo)",2,0.4623922407627105,0.5376077890396118,,Incerta
"Apresentei um projeto de decreto legislativo p/ sustar o novo protocolo do  que recomenda uso precoce da cloroquina em pacientes com #Covid19, enqto não houver estudos científicos que comprovem sua eficácia. O presidente não deveria fazer uso político de algo tão sério.",Hitler ficou até com inveja do senhor agora.,2,0.5872122049331665,0.4127877950668335,,Incerta
"Militares já produziram 1,2 milhão de comprimidos de cloroquina","Quando voce se perguntar o pq do Bolsonaro insistir tanto em um remédio com zero comprovação científica, tá ai o pq. Produziu essa merda em massa e precisa ter quem compre.",2,0.4459223449230194,0.554077684879303,,Incerta
"Crack pode, mas Cloroquina nem pensar. Chega dar nojo e pena, os piores sentimentos que se pode ter por um ""ser humano"".",Quer crack? Pode !! Maconha também !!!!,2,0.4482948780059814,0.5517051219940186,,Incerta
"Não é uma recomendação médica. É um comando militar. Basicamente, é o seguinte: se você morrer, foi risco seu, problema seu, que ingeriu a substância. Veja o que diz o termo de consentimento que o Min. da Saúde divulgou e vai usar para liberar o uso geral da cloroquina. Segue:","Me sinto em conflito com esse texto, até sou defensor da eutanásia mas dando a ela o nome correto",2,0.4838094413280487,0.5161905288696289,,Incerta
A única e efetiva comprovação na utilização da cloroquina é o povo morrer de outras complicações no futuro! Uma vez que os hospitais continuam larga fusca sua sorte!,"tem uns bolsonaristas de alto escalão (e tb uns babacas deslumbrados) sempre de olho no ~meta~ do jogo político, defendendo mentiras úteis (a cloroquina é a solução pro surto, isolamento piora a propagação etc.). às vezes com distância irônica, pois vale tudo pra se crer limpinho",0,0.5138611793518066,0.4861388504505157,,Incerta
"Uma análise do protocolo do Ministério da Saúde sobre o uso precoce da HCQ/Cloroquina no #Covid_19 . Ele é uma afronta ao pensamento científica e a medicina séria, que se importa com as vidas em jogo","misericórdia, que aberração",2,0.4605484008789062,0.5394516587257385,,Incerta
"Depende do preço. Se o prédio for barato e a pessoa não tem o de morar, ou se vc tiver a beira da morte e for induzido a comprar cloroquina....","Ainda assim a opção de não aceitar ela existe, continua não havendo uma obrigatoriedade, concorda?  Vc disse Cloroquina?  Enfim, qto a cloroquina, existem outros medicamentos sendo utilizados, é só não tomá-la, assim como o seu prédio, não há obrigatoriedade nenhuma em adquiri-la",1,0.4690768420696258,0.5309231877326965,,Incerta
"O  divulga orientações para tratamento da Covid-19, onde a Cloroquina pode ser ministrada em casos leves, com recomendação médica e autorização do próprio paciente/família.","Oi você está contaminado com covid19? Então amigo eu tenho um remédio aqui que é 8 ou 80, ou você toma e se cura do covid19 ou morre com problema cardíaco causado por esse remédio? Eai quer experimentar ??",2,0.5253071784973145,0.4746928513050079,,Incerta
"De 10, 9 irão negar. Mas sempre haverá um louco  Cloroquina não salva ninguém. E o principal:  Não é papel de um político falar que salva","Cloroquina é uma invensão da burguesia pra vender remédio pro proletariado, né? HAUAHAUAHAA vai se tratar, amigo",1,0.5913549661636353,0.4086450338363647,,Incerta
"É a favor de liberar drogas, mas é contra a livre escolha de usar cloroquina. Tô vendo essa hipocrisia aí","Pra quem ñ entendeu o trocadilho de mau gosto desse fdp q se diz presidente, foi isso q ele quis dizer sobre a Cloroquina e a 'tubaina' ...   Tomara q ele morra, e q seja logo.",0,0.451124906539917,0.548875093460083,,Incerta
Bolsonaro finalmente conseguiu forçar o Min. da Saúde a emitir protocolo que libera o uso em massa da cloroquina. Os pacientes terão que assinar um termo assumindo que o remédio não tem eficácia e que pode até matar. É um atentado contra a saúde pública e a vida dos brasileiros.,Ipitimam já,2,0.5481627583503723,0.4518373012542724,,Incerta
"Gente, se quiser, usa cloroquina. Tem gente que usa Desinchá pra emagrecer...",Agora cada médico receita a cloroquina quando bem entender. Pau no cu do Doriana.,0,0.4934239387512207,0.5065760612487793,,Incerta
"Os médicos concordam que a proposta de tratamento deve ser conversada entre o médico e o paciente, da maneira “mais democrática e saudável possível”","Se eu ficar doente e o médico me examinar e receitar cloroquina, usarei. Se não me receitar, não usarei. Não sou médico paea dizer o q um médico tem q receitar. Mas vai ter doido q vai querer cloroquina de qualquer jeito pq o doido la disse q é bom",1,0.4133829474449157,0.586617112159729,,Incerta
Qual é a cloroquina da sua profissão?,Coach?  (Futura profissão),2,0.4188342690467834,0.5811657309532166,,Incerta
"No dia q o desgoverno  mudou o protocolo para recomendar cloroquina em casos leves, lamentamos a morte por coronavírus do dep. estadual Gil Vianna, do PSL do RJ, que usou o remédio, mas infelizmente não conseguiu se salvar. Não há provas que cloroquina cura Covid-19","É apenas uma demonstração do desespero do Bolsonaro, o mundo inteiro fundamentado cientificamente se posicionou contra, mas nosso presidente acha que cura, e passa pra população a ideia que cura. Fanatismo é isso, a principal característica do Bolsonarismo.",2,0.4060621559619903,0.5939378142356873,,Incerta
"Bolsonaristas criam 'corrente do bem' e se medicam com cloroquina, azitromicina e antipulgas","Olhem a ""corrente do bem"" dos ""cidadãos de bem""...  Nem pra isso eles servem",2,0.5917494297027588,0.4082506000995636,,Incerta
Chegamos em 18 mil óbitos de Covid no Brasil e o STF pode barrar o protocolo da Cloroquina no Brasil. O STF quer uma guerra civil mesmo.,"O  assumiu a pauta da esquerda, quanto mais mortes, quanto maior o caos melhor.",2,0.4531798362731933,0.5468201637268066,,Incerta
"Só o da cloroquina que não kkkk Mas sim, dão um respiro",ah eu achei que o ministério da saúde tinha deixado de indicar cloroquina,1,0.4429315030574798,0.5570685863494873,,Incerta
"Se cloroquina matasse, não seria usada pra combater a malária. Não entro nessa discussão pra não me estressar.","A gente sabe que a cloroquina funcionou no meio-irmão do vizinho da sua tia, meu querido, mas não tem provas que funciona pra todo mundo ainda. Vai que a gente toma e nasce um pé esquerdo na bochecha.",0,0.5201033353805542,0.4798967242240906,,Incerta
"Esquerda mete o pau na cloroquina, mas toma na hora do aperto.  Esquerda mete o pau no capitalismo, mas ganha dinheiro com ele e usufrui de todas as suas benesses.  Que nome damos a isto?",Pq a cloroquina é da direita? Quais mais o são?,1,0.5870797634124756,0.4129202365875244,,Incerta
"José Serra apresentou um projeto para barrar o novo protocolo da cloroquina. O senador pede que o protocolo não entre em vigor enquanto não houver estudos científicos que comprovem sua eficácia. VALERÁ TAMBÉM PARA OS PACIENTES DO ALBEEINSTEIN,OU SÓ OS POBRES NÃO PODERÃO TOMAR?","Outro GENOCIDA MALDITO...o remédio a 70 anos vendido ""igual novalgina"", sem receita. E agora VEM ESTE VERME E DIZ QUE CLOROQUINA MATA!...ESSES BANDIDOS ESTIVERAM OMISSOS A ESTES FATOS POR TODOS ESTES ANOS. CANALHAS!!...GENOCIDAS MALDITOS!, SÓ OS MEDICOS E RICOS PODEM TOMAR?",2,0.484225183725357,0.5157747268676758,,Incerta
"Hoje  tomou uma atitude corajosa, que salvará milhares de vidas: liberou o uso da cloroquina pra todos os casos de COVID-19 no SUS, mesmo os leves  Basta o paciente autorizar o uso do medicamento, que tem se mostrado muito eficaz em diversas partes do mundo","ATÉ QUE ENFIM, COMO DEMOROU HEIN?? PELO MENOS AGORA JÁ TEMOS UMA NOÇÃO DOS TRATAMENTOS  18,5 MIL TWETTS por um Brasil Melhor TrumpHCQ Cloroquina   Um Site Brasileiro, APOIEM  SIGO de Volta todos #BrasilComBolsonaro",2,0.4150929152965545,0.584907054901123,,Incerta
Cês leram o documento do governo Bolsonaro que libera o uso da cloroquina contra todos os casos de Covid-19?  Resumo:  - o próprio texto reconhece que não há evidências suficientes da eficácia do remédio contra a doença  - o termo de consentimento do paciente cita riscos à saúde,e olha que não chegamos nem no ápice dos absurdos que esse governo tem projetado. É SURREAL.,2,0.4168480634689331,0.5831519365310669,,Incerta
quando o paciente pede cloroquina,Cloroquina é tão boa que para tomar vc tem que assinar um termo dizendo que se der merda a culpa é sua.,0,0.5528755784034729,0.4471243917942047,,Incerta
"Maconha tem efeitos colaterais graves. Mas não vemos comunista\liberal falar disso. Para eles, maconha, mesmo a alterada geneticamente (soja não pode alterar, né?), é a coisa mais pura e medicinal que existe. E querem que as pessoas possam escolher usar.",Maconha pode. Cloroquina não. Essa esquerda é uma,2,0.4165080487728119,0.5834919214248657,,Incerta
"nem teu chefe pensa mais assim, tiozao.","Mas se precisar tome Tubaína, eu tomo cloroquina, tia",1,0.4937374591827392,0.5062625408172607,,Incerta
Ontem estava num webinário e não postei por aqui essa fala GRAVÍSSIMA do ⁦⁩ dizendo que Bolsonaro armou uma reunião para MUDAR A BULA da cloroquina. A cara das jornalistas diz tudo. Inacre,Pq ninguém tá falando disso????,2,0.4979264438152313,0.5020735263824463,,Incerta
"E essa noite, eu tô muito puto...","EU apoio todo bolsominion ir pra RUA desafiar o corona e depois vá tomar cloroquina que o capitão mandou,.",2,0.5271404981613159,0.4728595614433288,,Incerta
"Mandetta: Bolsonaro queria alterar a bula da Cloroquina para inserir indicação para COVID, mesmo sem comprovação da eficácia.",Peraí? Presidente tem poder de mudar bula de remédio?,2,0.141887828707695,0.8581122159957886,,Alta
Bolsonaro finalmente conseguiu forçar o Min. da Saúde a emitir protocolo que libera o uso em massa da cloroquina. Os pacientes terão que assinar um termo assumindo que o remédio não tem eficácia e que pode até matar. É um atentado contra a saúde pública e a vida dos brasileiros.,É crime de responsabilidade que fala ? Até quando o Brasília será um 'Arkham' ??,2,0.1907110065221786,0.8092889785766602,,Alta
"Apresentei um projeto de decreto legislativo p/ sustar o novo protocolo do  que recomenda uso precoce da cloroquina em pacientes com #Covid19, enqto não houver estudos científicos que comprovem sua eficácia. O presidente não deveria fazer uso político de algo tão sério.","Mas se o senhor precisar usar vai com certeza, não é?",2,0.1720014363527298,0.8279986381530762,,Alta
"Apresentei um projeto de decreto legislativo p/ sustar o novo protocolo do  que recomenda uso precoce da cloroquina em pacientes com #Covid19, enqto não houver estudos científicos que comprovem sua eficácia. O presidente não deveria fazer uso político de algo tão sério.",VOCÊ É UM MERDA A Cloroquina sempre fez parte dos medicamentos essenciais da OMS e é utilizado ha 80 anos. SERRA É UM MALDITO ASSASSINO #EuApoioBolsonaro,2,0.17183318734169,0.8281668424606323,,Alta
"Apresentei um projeto de decreto legislativo p/ sustar o novo protocolo do  que recomenda uso precoce da cloroquina em pacientes com #Covid19, enqto não houver estudos científicos que comprovem sua eficácia. O presidente não deveria fazer uso político de algo tão sério.","Pirou velho gagá, tá maluco! Deus queira que vc nunca precise do remédio. E se for para o Hospital e sua única saída seja a cloroquina então opte em assinar seu obto.Já que é contra, morrer deve ser um ato heróico e não Politico dos""Cloroquina nao"" #BolsonaroCadaVezMaisForte",1,0.1518405675888061,0.8481594324111938,,Alta
"Cloroquina não está comprovada, minha senhora. E é perigosa. O asno do presidente fez estoque disso e agora precisa desovar. Ele e a Venezuela",Cite a fonte destas informações? Indiquem quais os protocolos que provam que a cloroquina é perigosa?,1,0.1466930359601974,0.8533069491386414,,Alta
"Deixa eu entender...  O q o Walter White fazia era ruim com um produto químico e tals. Ele era egoísta e ruim, trapaceiro, manipulador...  Mas aí a cloroquina surge na vida real como uma salvação...","#empauta O Remdesivir apresentou uma melhora de 3 a 4% no estudo feito, e tratam como salvação..... quantos interesses existem por trás da HIPOCRISIA sobre Cloroquina, parem de ser gado.....",0,0.1868381202220916,0.8131618499755859,,Alta
"Com tantos efeitos colaterais existentes nas CLOROQUINA, acredito q aumentara o número de mortes de Maláriae e Lupus, pois os efeitos colaterais são terríveis! Esses pacientes não irão mais tomar! #HidroxicloroquinaSalvaVidas","""Ainda bem que a natureza criou esse monstro chamado coronavirus"" (LULA, 2020)  “Quem é de direita toma cloroquina, quem é de esquerda toma tubaína” (BOLSONARO, Jair 2020)  Ambos no mesmo dia em que superamos 1.000 mortes por dia.  Iguais em seus populismos desumanos. Nojo.",0,0.1518497467041015,0.8481502532958984,,Alta
Bolsonaro queria adicionar a indicação para o tratamento de Covid-19.,Vai a merda! como se fosse possível e fácil assim alterar a bula de um medicamento. Ainda mais um antigo como a cloroquina !! Pqp esse caras estão perdidos !!,2,0.1912066340446472,0.8087933659553528,,Alta
"Alô irmãos(ãs), paulistas. O governador do estado de vocês, disse que não permitirá a distribuição da Cloroquina no Estado de São Paulo. SAIBAM: a decisão de usar ou não o medicamento, tem que ser única e exclusivamente de VOCÊS. NÃO DESSE PUTO aspirante a ditador! LEVANTA SP.",Paulistas não deixem esse DitaDorio controlar vocês. Façam valer seus direitos.,2,0.1064069122076034,0.8935931324958801,,Alta
"Pega a sequência toda: ministério da saúde liberando cloroquina, mas por conta e risco do paciente - que, se aceitar, vira cobaia de um experimento que já sabemos que não dá certo.",Como se o paciente tivesse acesso a informações suficientes e tivesse liberdade de escolha nessas condições #botafora Bolsonaro,2,0.1974955201148986,0.8025044798851013,,Alta
"O novo protocolo sobre o uso da cloroquina editado por Jair Bolsonaro é incrível.  Primeiro porque ele não é assinado por ninguém, nem ministro, nem médico, ninguém.  Depois, porque o paciente tem de assinar termo onde consente que ""não existe garantia de resultados positivos"".",É tão bom que vc precisa assinar termo de responsabilidade!,2,0.185489609837532,0.8145103454589844,,Alta
O ditadorzinho quer mais mortes em SP.  Doria: São Paulo não mudará uso da cloroquina. Via:,"Provavelmente  tem interesse em mais mortes, está fazendo medidas políticas nível mais baixo do comunismo. Ele é e sempre será um lobista de esquerda. Ambicioso, está cavando a própria sepultura.",2,0.1591063886880874,0.8408936858177185,,Alta
Qual provas médicas você tem que a Cloroquina funciona?,Nenhuma sociedade médica endossou o tratamento por cloroquina. A Sociedade de imunologia chegou a soltar nota. Nem a FDA aprova.  Quais provas que vc tem de que ela funciona?,1,0.1426034420728683,0.8573964834213257,,Alta
Agora cada médico receita a cloroquina quando bem entender. Pau no cu do Doriana.,"Kkkkk boa, engula a sua tal ""ciência"" como desejar",2,0.1620636880397796,0.837936282157898,,Alta
"O presidente Jair Bolsonaro declarou:  ""Ainda não existe comprovação científica, mas sendo monitorada e usada no #Brasil e no mundo. Contudo, estamos em Guerra: 'Pior do que ser derrotado é a vergonha de não ter lutado',""",Arrasou Presidente.,2,0.1520811319351196,0.8479188680648804,,Alta
"Hoje  tomou uma atitude corajosa, que salvará milhares de vidas: liberou o uso da cloroquina pra todos os casos de COVID-19 no SUS, mesmo os leves  Basta o paciente autorizar o uso do medicamento, que tem se mostrado muito eficaz em diversas partes do mundo",Você já tomou?,2,0.1426380574703216,0.8573619723320007,,Alta
"Quem deve julgar quando e como usar a Cloroquina são os médicos e não um decreto. O Governo de SP tem distribuído Cloroquina nos hospitais públicos do Estado para o tratamento de Coronavírus, desde que se faça a critério do médico e com a devida autorização do paciente.","Quem deve julgar se devo trabalhar ou não pra não deixar minha família morrer de fome sou eu e não o estado , seu canalha,   vc está prejudicando mais as pessoas do q o próprio vírus.",2,0.1053890585899353,0.8946108818054199,,Alta
"Mesmo que quiséssemos, sabe quais são os problemas para prescrever Cloroquina COM SEGURANÇA em todo o país? Segue esse fio e acompanhe a história de Seu Jair, um paciente hipotético do mundo real. (Fio Hipotético tá? Não jogamos nossos Diplomas no lixo ainda não)",Senta aqui e só levanta depois de ler todo o fio,2,0.1111784130334854,0.8888216614723206,,Alta
Meus parabéns e que bom. Porém não foi a Globo que realizou estudo no Estados Unidos que demonstrou 28% de mortos com cloroquina.,"Nem foi ela que mostrou a opinião de  6 mil médicos do MUNDO todo que elegeram a Cloroquina como MELHOR TRATAMENTO ,uma matéria que a Globo APAGOU da Revista Crescer",1,0.1164832562208175,0.8835167288780212,,Alta
"Cloroquina já foi testado e aprovado desde o governo Dilma  Mas o governo Bolsonaro interfere na ação do medicamento,   Canalhas mil vezes canalhas","Então, a cloroquina foi testada e aprovada no governo da Dilma, inclusive para lupus e gestantes com zica vírus , trazendo a prevenção para a microencefalia no feto. E o Presidente tem o descrédito e a proibição do remédio. Aposto como é por custo baixo e sem ganhos financeiros",2,0.1322120577096939,0.8677880167961121,,Alta
"São casos e casos Miller, todo remédio do mundo que vc tomar ele pode ter efeito colateral, a cloroquina é vendida no Brasil a vida toda sem receita.","A cloroquina foi comprovada que ela pode ter efeitos colaterais cardíacos. Isso significa que vc tomando pode ter problema no coração além de, se você tiver com o COVID 19 e tomar ela não vai combater o vírus como já provaram em estudos.",1,0.1708706766366958,0.8291293382644653,,Alta
"Entidades médicas já se posicionaram contra a medida e a OMS, quando questionada sobre a decisão do governo brasileiro, reafirmou que além de não ter eficácia comprovada, a cloroquina pode causar efeitos colaterais graves.","“Pode”? E por que então q passou a ser exigido receita médica?! Não seria p/o médico avaliar?!... E p q então q a cloroquina era vendida há + de 70 anos SEM necessidade de receita médica?! Por falar em ‘efeitos colaterais’... e a quimioterapia?! Vai proibí-la tbm, seu hipócrita?!",1,0.1643397212028503,0.8356602191925049,,Alta
"Apresentei um projeto de decreto legislativo p/ sustar o novo protocolo do  que recomenda uso precoce da cloroquina em pacientes com #Covid19, enqto não houver estudos científicos que comprovem sua eficácia. O presidente não deveria fazer uso político de algo tão sério.",VTNC seu VAGABUNDO pessoas estão se salvando com essa medicação.,2,0.123710848391056,0.8762891292572021,,Alta
"Brasil renovou o recorde de mortes por coronavírus: 1.179. 17.971 no total!  Bolsonaro: “Quem é de direita toma cloroquina. Quem é de esquerda toma Tubaína"".  Canalha traidor!!!!",UE ta errado kkkkkkk se vc pegar toma tubaina não quer CLOROQUINA Po tão tenta a sorte,1,0.1321426331996917,0.8678573966026306,,Alta
A cloroquina bolsonarista provoca ainda mais mortes,O Bolsonaro está tomando cloroquina? Estamos testando primeiro em Ratos?,1,0.967340350151062,0.0326596796512603,,Random
a criança chata do cuscuz com ovo é bolsominian ainda,Mlk é esperto tá fazendo geral odiar cuscuz é cloroquina,2,0.5421507358551025,0.4578492939472198,,Random
Você beijaria uma boca que defende a cloroquina pra Covid?,Interessante a analogia! A cloroquina monetária  via,0,0.9738729000091552,0.0261271651834249,,Random
"Para a direita, cloroquina. Para a esquerda, tubaina, para o centrão, propina. No avião do presidente? Cocaína","Para a direita, cloroquina. Para a esquerda, tubaina, para o centrão, propina. No avião do presidente? Cocaína  Enquanto o gado só rumina.",2,0.9896090030670166,0.010390936397016,,Random
O PIRRALHO do cuscuz fazendo vídeo de cloroquina... Senti de longe e faz tempo já,"Caixa 2, Laranja, Caso Marielle, Caso Queiroz, FAB, parentes funcionários fantasmas, Itaipu, Superintendência da PF do Rio, Falsificação de ass. p/ liberar Cloroquina, Inquérito das Fake News, Atos Pró-Golpe, Secretário da Comunicação...MAS O CARA É HONESTO. #TodosPeloImpeachment",0,0.9866963028907776,0.013303724117577,,Random
Qual é a cloroquina da sua profissão?,Guia politicamente incorreto da história do Brasil,2,0.9747936129570008,0.0252063237130641,,Random
Trump diz que deixará de tomar cloroquina em um ou dois dias,A briga pela cloroquina é porque a preocupação é com as vidas ou a preocupação é do presidente estar certo? E esse link caiu aqui por acaso:,1,0.9887735843658448,0.011226444505155,,Random
"Uma análise do protocolo do Ministério da Saúde sobre o uso precoce da HCQ/Cloroquina no #Covid_19 . Ele é uma afronta ao pensamento científica e a medicina séria, que se importa com as vidas em jogo",Críticas perfeitas ao protocolo da cloroquina.,2,0.4438864886760711,0.5561135411262512,,Random
Me mande uma pesquisa/estudos científicos que confirme o tal feito da Cloroquina. No aguardo.,"Acho que você não entendeu. A cloroquina não é um remédio indicado para o vírus. Ele combinado com outros, resolve em alguns casos. Militares que trabalham na Operação Acolhida, em RR, foram afetados pelo vírus. Do general ao soldado foram tratados com cloroquina, e eles estão ai",1,0.3764301538467407,0.6235698461532593,,Random
Qual é a cloroquina da sua profissão?,- EaD é a solução para a educação;  - Tudo que é biodegradável é bom.,2,0.9771555662155152,0.022844398394227,,Random
Mandetta alerta para risco de arritmia cardíaca entre idosos e diz que cloroquina pode 'piorar situação'. Ex-ministro da Saúde disse que sofreu pressão para liberar remédio. Ele afirmou que 'conflito' começou após fala de Trump ==&gt;  #G1,nao torme por que os medicos nao recomeda,2,0.99113792181015,0.008862005546689,,Random
"O Ministério da Saúde divulgou nesta quarta-feira (20) o protocolo que libera o uso da cloroquina e da hidroxicloroquina até para os casos mais leves da #covid-19. Antes, a permissão era apenas para casos mais graves. Decisão repercutiu entre os senadores.",O paciente não pode decidir!,2,0.9635671973228456,0.0364328362047672,,Random
"E se pegar ? Morre sem lutar , como ovelha ,  e agride quem quer lutar ?",Não agrido quem quer lutar. Chamo de genocida aqueles q querem enfiar cloroquina goela abaixo do pobre sabendo q o remédio não cura ninguém. Apenas para agradar Dono de laboratório q ajudou em campanha.,2,0.0809777453541755,0.919022262096405,,Random
Qual é a cloroquina da sua profissão?,"literalmente ""é so uma gripezinha""",2,0.9831136465072632,0.0168863292783498,,Random
Militar nomeado no SUS publicou fake news sobre cloroquina e ofendeu OMS,"Mais um puxa saco do Bozo, vai tomar cloroquina. #forabolsonaro",1,0.9882425665855408,0.0117574650794267,,Random
Militar nomeado no SUS publicou fake news sobre cloroquina e ofendeu OMS,Meus mais sinceros : vô nem falar nada !,2,0.9863730669021606,0.0136269032955169,,Random
"O STF mais uma vez barrou o decreto do Executivo e há risco de barrarem o novo protocolo da cloroquina.   Não dá mais, está na hora.",Eu acredito nisso pois eles estão fazendo de tudo para nós derrubamos aquela merda!#EuApoioBolsonaro,2,0.9927853345870972,0.0072146598249673,,Random
"Ex-ministro Mandetta faz paródia com o vídeo do presidente sobre cloroquina da direita e tubaína para a esquerda. ""Nem um, nem outro, quem tem juízo estuda medicina"". na   com    e","Não desejo que tu pegue isso, assim como não desejo pra ninguém, agora uma jornalista dizer que um medicamento e de um ou de outro , por favor sejamos mais humanos .. medicamento e de todos que querer salvar vidas .. se funcionar quantas morreram em  n e Fla Flu !",2,0.7535621523857117,0.2464378327131271,,Random
Qual é a cloroquina da sua profissão?,Engenheiro fazendo projeto arquitetônico,2,0.9864003658294678,0.0135996788740158,,Random
"Vai ficar pra história como um dos maiores criminosos do mundo. Já devia estar preso.   Bolsonaro tentou alterar bula da cloroquina, diz Mandetta  via",Eu sempre me refiro ao  como um verme e à sua familia como uma quadrilha. Não há quem consiga provar o contrário! #ForaBolsonaroGenocida #ForaBol卐onaro #FamiliciaBolsonaro,2,0.9868320226669312,0.0131680276244878,,Random
"Indústria Farmacêutica, por obséquio façam um supositório com a tal cloroquina e enfiem no fiofó do mito! Taquepareo!!!",lula pt bolsonaro comunismo comunista psol impeachment fora bolsonaro cloroquina governo esquerda direita gado centrão petista esquerdista,0,0.9497419595718384,0.0502581186592578,,Random
"Militar nomeado no SUS publicou fake news sobre cloroquina e ofendeu OMS; major também tem ataques a STF, governadores e imprensa em seu Instagram. (via )",Esse será o currículo necessário para ingressar no governo agora?,2,0.9786565899848938,0.0213434305042028,,Random
"Mesmo que quiséssemos, sabe quais são os problemas para prescrever Cloroquina COM SEGURANÇA em todo o país? Segue esse fio e acompanhe a história de Seu Jair, um paciente hipotético do mundo real. (Fio Hipotético tá? Não jogamos nossos Diplomas no lixo ainda não)",Segue o fio aí,2,0.6545332670211792,0.3454667627811432,,Random
Ministério da Saúde apresenta novo protocolo para uso da cloroquina,"#EuApoioBolsonaro   agora que eu consegui a sua atenção, não se esqueça:  *fique em casa se puder *cloroquina não tem eficácia comprovada e traz risco a saúde *use máscara *lave as mãos com frequência *evite tocar no rosto *o presidente é um idiota *beba bastante água",0,0.9389489889144896,0.0610509403049945,,Random
"MEC decide adiar Enem por 30 a 60 dias: DEMOROU, ACHO QUE DERAM CLOROQUINA COM AZITROMICINA PARA O WEINTRAUB, E FEZ EFEITO...!!! KKKKKKKKKKK  via","MEC decide adiar o Enem, novo protocolo para uso da cloroquina, megaferiado em São Paulo e mais",0,0.989316999912262,0.0106829926371574,,Random
"Mandetta não segurou a língua e deixou escapar o que ele esteva ajudando a construir.   ""Como o Brasil vai sentar na mesa negociação da nova Ordem Mundial de Saúde"".   O golpe foi abortado à tempo. Parabéns .","Graças a Deus, com a Cloroquina nos livramos (ao menos por ora) da ""Nova Ordem Mundial de Saúde""  #ficaemcasamandetta !!! #BolsonaroCadaVezMaisForte",2,0.5358501672744751,0.4641498327255249,,Incerta
"Voce aí que é contra cloroquina: você já leu bula de anticoncepcional? Assim, só perguntando mesmo...","Como fala bosta essa criança. Vai virar ministro do Bolsonaro. Ambos são perigosos , remédio é veneno juvenil , um MÉDICO precisa lhe receitar. E se cloroquina fosse a solução o  e outros líderes estariam estuprando suas economias??",2,0.490094393491745,0.5099055767059326,,Incerta
a criança chata do cuscuz com ovo é bolsominian ainda,"A criança não tem culpa nenhuma disso. Esse garoto não sabe nem o significado da palavra política, muito menos o que é cloroquina. A culpa é dos responsáveis dele que usam a imagem dele dessa forma. Ele pode ser chato, mas também é usado pelos pais pra ganhar biscoito",2,0.5020076036453247,0.4979924261569977,,Incerta
"""MÉDICOS"" COMUNISTAS SÃO   CAPAZES DE MATAR PARA MANCHAR A CLOROQUINA?","Já formalizei o pedido pra minha família:   se eu adoecer, POR FAVOR não me medicar com cloroquina ou hidroxicloroquina.  É um medicamento que não tem nenhuma evidência científica que dá resultado positivo. O que a Ciência garante que pode sim dar efeitos colaterais graves.",0,0.4688397645950317,0.531160295009613,,Incerta
"O governo do Presidente   já distribuiu comprimidos de cloroquina a praticamente todos os Estados, sendo que 10 deles receberam acima de 50 mil comprimidos.   O Brasil já distribuiu um total de 2.932.000 comprimidos, desde q o remédio começou a ser utilizado!",E os testes para detecção do Coronavirus???? Muito + importante q a Cloroquina q ñ tem comprovação científica e deve ficar a cargo de médicos para sua prescrição e ñ do falastrão. O Brasil é o país q menos testa em relação aos + afetados do mundo. Hj somos 3 em contaminação...,1,0.5326932072639465,0.4673067927360534,,Incerta
"A cloroquina, medicamento que tem apresentado bons resultados contra a Covid-19, poderá ser receitada para todos os pacientes diagnosticados com coronavírus no Brasil. O novo protocolo de tratamento foi divulgado nesta quarta (20), pelo .",j e s u s c r i s t o  é isso que da não ter ministro da saúde no meio de uma pandemia kkkkkk,2,0.400440901517868,0.5995590686798096,,Incerta
"""Bolsonaristas criam 'corrente do bem' e se medicam com cloroquina, azitromicina e antipulgas"".  Antipulgas. Antipulgas. ANTIPULGAS.","Todos sabemos que o q vc querem é colocar em prática o esquema da vacina.... A cloroquina não dá lucro nenhum pra vcs da esquerda... Malditos.... Cambada de vagabundos, vcs não enganam mais!!!",1,0.4621348977088928,0.5378650426864624,,Incerta
"Não dá para fazer brincadeira, né? 1.179 mortes em 24 horas e fazer piada com cloroquina ou tubaína!",Mais quem está impedindo o uso da cloroquina mesmo?,1,0.5047459602355957,0.4952540695667267,,Incerta
Vai saber onde ele achou esta pesquisadora ?  prefiro o testemunho dos sobreviventes que usaram a cloroquina.,"Pq o testemunho dos mortos que usaram a cloroquina é meio difícil de conseguir, né?",1,0.4219265878200531,0.5780733823776245,,Incerta
"Apresentei um projeto de decreto legislativo p/ sustar o novo protocolo do  que recomenda uso precoce da cloroquina em pacientes com #Covid19, enqto não houver estudos científicos que comprovem sua eficácia. O presidente não deveria fazer uso político de algo tão sério.","isso é um crime contra a humanidade. Crime! A cloroquina é um remedio que teve sua eficacia comprovada pelo Dr.  , foi usado em SP com grande sucesso pela  , foi implementado pelo  aos olhos de . Como ex-MS devia se envergonhar",1,0.4192462861537933,0.5807536840438843,,Incerta
"Bolsonaro quis mudar a bula da cloroquina p satisfazer seu ego nojento. Mas era ele mesmo q dizia em campanha que ""eu n entendo nada, quem entende são os meus ministros"" e agora ele até médico/cientista/pesquisador é. Não era de ditadura que a direita tava correndo?! Pois bem...",A direita toma cloroquina a esquerda tubaina e o CENTRÃO toma o que?,0,0.5510497093200684,0.4489502906799316,,Incerta
Bolsonaro disse publicamente no twitter que não existe comprovação científica que a cloroquina funciona. O PR muda a MP de impunidade  Você entenderam pq Teich pediu demissão ? Ele sabe que vai morrer gente e vai cair na conta dele.,Claro. Acha mesmo q mataria sem se livrar da responsabilidade?,2,0.5852809548377991,0.4147190451622009,,Incerta
"Estudo devastador da Universidade de Columbia: se medidas de distanciamento social tivesse sido adotadas 1 semana antes em março, 36 mil (TRINTA E SEIS MIL) mortes teriam sido evitadas. Devastador em termos políticos para o presidente Cloroquina Trump e prefeito De Blasio, de NY","Dos mesmos autores de ""Imperial College define projeção de mortos pelo COVID-19"",  que se mostrou uma grandíssima FRAUDE",2,0.462530106306076,0.5374698638916016,,Incerta
É extremamente irônico e contraditório ver psolistas falarem que a cloroquina faz mal à saúde (apesar de milhares de pessoas terem se recuperado após usar o medicamento) enquanto eles defendem a legalização de TODAS AS DROGAS.  Querem legalizar o crack e proibir a cloroquina!,Vocês vão expulsar aquela vermelhado braba que está por aí ??,2,0.495735615491867,0.5042644143104553,,Incerta
"Cloroquina: o que dizem os estudos sobre medicamentos para combater o coronavírus. Natália Pasternak explica as pesquisas em andamento: ""Hype em cima da hidroxicloroquina é loucura coletiva"".",Queria que esse governo fosse também uma loucura coletiva,2,0.4953682720661163,0.5046316981315613,,Incerta
"Questão do ENEM pra vocês! (Essa vídeo aula é patrocinada por #tubaina, o refrigerante que é mais eficiente que a #cloroquina)  . . . #tuirrita #adiaenem #forabolsonaro #elenao #quarentena #covid #impeachmentbolsonaro #meritocracia #pandemia","""se vc nao acredita na eficienca da cloroquina é so nao usar se ficar doente"" NAO É ASSIM QUE A CIENCIA FUNCIONA SUA ANTA",0,0.5874807834625244,0.412519246339798,,Incerta
"Nenhuma entidade médica do mundo recomenda o uso da cloroquina como tratamento para Covid-19. Nessa área, faltam pesquisas que apontem benefícios no remédio e sobram teorias pessoais vendidas como verdades científicas.","O CFM, órgão de classe, apenas disciplinou a prescrição de cloroquina sem que isso importe infração ético-administrativa, alertando que não há evidências sólidas sobre os seus efeitos. O médico é obrigado a alertar o paciente sobre o caráter experimental e colher sua aquiescência",1,0.4564951062202453,0.5435048937797546,,Incerta
"Esse medicamento pode causar distúrbios cardíacos, choque anafilatico, etc...  A cloroquina foi sugerida pelo o Presidente desde do início da pandemia, mais por birra e por desrespeito a vida dos povos, os governadores e a grande mídia teimavam. #BolsonaroEstarCerto","Vejam os efeitos colaterais desse remédio,  #EuApoioBolsonaro",2,0.5181187987327576,0.4818811416625976,,Incerta
"#rjtv      considere que Londres passou a fazer testes com #Cloroquina #hidroxicloroquina, então isso pode ser relevante e positivo ao nosso país.","Londres começa testes com cloroquina, logo alguma relevância positivamente existe, senão pq investiriam nisso?",2,0.4545227289199829,0.5454772710800171,,Incerta
tem um amigo meu que ganhou 10fps a mais no call of duty apenas usando cloroquina,"Vou testar essa, RGB + cloroquina deve dá fps pra caraio",2,0.5062877535820007,0.4937121868133545,,Incerta
"- Ainda não existe comprovação científica, mas sendo monitorada e usada no Brasil e no mundo. Contudo, estamos em Guerra: “Pior do que ser derrotado é a vergonha de não ter lutado.”  - Deus abençoe o nosso Brasil.",Pior do que ser derrotado é a vergonha de não ter lutado. #FechadoComBolsonaro,2,0.4500730037689209,0.5499269962310791,,Incerta
Pra eu cancelar a Lana só ela tacando fogo em animais indefesos e fazendo minha mãe chorar,pra eu cancelar a lana só ela defendendo a reabertura dos serviços não-essenciais e o uso da cloroquina contra o covid sem respaldo científico pode bater na minha família não me importo,2,0.5110715627670288,0.4889284074306488,,Incerta
"Todos vocês sabem que Bolsonaro enviou para o Congresso Nacional a MP 966 que isenta agentes públicos de responsabilidade. O que talvez não tenham conectado é que isso associado ao ""Protocolo Cloroquina"" pode ser um dos maiores casos de IMPUNIDADE que já vimos.","Você não e médico nem especialista na área de saúde, está assim como nós supondo, você usa o ""pode ser""um dos maiores casos de IMPUNIDADE , Protocolo Cloroquina  pode ser a sobrevivência de muito infectados!",1,0.4296627938747406,0.5703372359275818,,Incerta
"Eu só acho que a Cloroquina já está fazendo efeito nos #Bolsonazistas, o efeito psicose e demência extrema já está em ação,  detalhe, eles nem começaram a tomar essa bosta. #MelhorJairFicandoRetardado #ForaBol卐onaroNazista",eh cria de 8 anos fumando e outra falando p tomar cloroquina q role é esse que tá acontecendo kkkkkkkkkkkkkkk,0,0.5887555480003357,0.4112443923950195,,Incerta
"O governo do Presidente   já distribuiu comprimidos de cloroquina a praticamente todos os Estados, sendo que 10 deles receberam acima de 50 mil comprimidos.   O Brasil já distribuiu um total de 2.932.000 comprimidos, desde q o remédio começou a ser utilizado!",Parabens por porcaria nenhuma pq os maiores estudos cientificos não só não observam melhora como observam maior numero de mortes por complicação cardíaca,2,0.4910938441753387,0.5089061260223389,,Incerta
O protocolo da cloroquina do Ministério da Saúde saiu sem assinatura de ninguém. É apócrifo ???,"O Presiditador Bolsonaro vai pensar que ""apócrifo"" e de tomar, e vai acabar  receitando  misturar com a cloroquina. E tornar obrigatório dar a pasciêntes do SUS",1,0.560070812702179,0.439929187297821,,Incerta
OMS: hidroxicloroquina ou cloroquina até agora não se mostraram eficazes,Então tá igual a OMS que  não se mostrou eficaz e rápida no início da pandemia.,2,0.4251791834831238,0.5748208165168762,,Incerta
"A   dos Médicos de Família que estão na Atenção Primária, a  dos Infectologistas, a  dos Pneumologistas e a  dos Intensivistas, todas elas, repudiaram o uso da Cloroquina e da Hidroxicloroquina. Mas a Associação Médica Brasileira, cumpre o vergonhoso papel+",A própria  se posicionou pela restrição ao uso do fármaco.,2,0.4983918368816376,0.5016082525253296,,Incerta
"Apresentei um projeto de decreto legislativo p/ sustar o novo protocolo do  que recomenda uso precoce da cloroquina em pacientes com #Covid19, enqto não houver estudos científicos que comprovem sua eficácia. O presidente não deveria fazer uso político de algo tão sério.","Rato velho, se tivesse restado a você um pingo que fosse, de vergonha na cara, não se atreveria a dirigir a palavra ao povo brasileiro de bem. Seus grunhidos interessam apenas a escória seguidora do torcedor do vírus chinês, conhecido como nove dedos. Cale a boca, quadrúpede!",2,0.4971218109130859,0.5028781294822693,,Incerta
Qual é a cloroquina da sua profissão?,ue e desde quando ******* ****** eh profissão?,2,0.4512080550193786,0.5487918853759766,,Incerta
"Por falta de evidências científicas, protocolo que libera cloroquina não será aplicado na Paraíba, diz Geraldo Medeiros",presidente vc tem que fazer alguma coisa urgente na Paraíba não aguentamos mais esse governo,2,0.5182014107704163,0.4817985892295837,,Incerta
"Ah, então, segundo o grupo Globo, o motivo pra não se usar a cloroquina é porque ela “tem riscos!”  Façam o favor, pessoas estão morrendo!  Vocês já leram a bula da aspirina?","Mostraremos a todos os Brasileiros, que  os comprimidinhos que tomamos sem receita médica, existem contra-indicações mais perigosas que a""cloroquina"", que os comunistas  recriminam, quem sabe  o lobby dos laboratórios, calem esses comunistas quê são contra salvar vidas",2,0.4572758376598358,0.5427241325378418,,Incerta
Muita gente morreu sem ter a chance de usar cloroquina porque só assiste a Globo e não sabe da existência do medicamento. Muita gente ainda vai morrer porque a Globo está divulgando fake news sobre o medicamento. Assistir a Globo mata!,"E por aí, é bem assim é desse jeito.",2,0.5038682222366333,0.4961317181587219,,Incerta
Limitações: O risco de complicações cardíacas atribuídas à cloroquina / hidroxicloroquina não foi quantificado devido à falta de ensaios clínicos randomizados e estudos observacionais que investigassem a associação. +,"Conclusões: Os médicos devem ser avisados ​​de que as manifestações cardíacas relacionadas à cloroquina ou à hidroxicloroquina, mesmo distúrbios de condução sem repercussão, podem +",1,0.4009045660495758,0.5990954041481018,,Incerta
Você é a favor de poder optar pelo uso da cloroquina já no começo  do tratamento da covid-19?,"Com certeza, estando doente e sem outra alternativa vai cloroquina",1,0.4943677484989166,0.5056322813034058,,Incerta
A direita toma cloroquina e a esquerda tem que tomar é no cool mesmo.,"os cara tomando cloroquina e azitromicina sem nem ter sintomas  a última vez que tomei azitromicina passei tão mal que acabei parando de tomar, isso que tava com uma gripe fudidassa, imagina esses caras que n tem nada kkkkk",0,0.4412122070789337,0.5587877631187439,,Incerta
"Doria disse que SP não vai seguir o protocolo do ministério da saúde para receitar cloroquina no inicio dos sintomas de covid-19. O sujeito agora além de ditador, também é um genocida.",VALE LEMBRAR QUE ELE É APOIADO POR TODOS OS DEPUTADOS!!!! ESTÃO DESTRUINDO SÃO PAULO E OS PAULISTAS!!!! 142 JÁ!!!! COM URGÊNCIA!!!!,2,0.5344979763031006,0.4655020534992218,,Incerta
É extremamente irônico e contraditório ver psolistas falarem que a cloroquina faz mal à saúde (apesar de milhares de pessoas terem se recuperado após usar o medicamento) enquanto eles defendem a legalização de TODAS AS DROGAS.  Querem legalizar o crack e proibir a cloroquina!,"defendem a legalização da ma¢onha, tomar remédios pra ab0rtar, mas o cloroquina não pode porque tem efeitos colaterais  hipo¢ritas de m&amp;rda",1,0.4738280773162842,0.5261719226837158,,Incerta
a criança chata do cuscuz com ovo é bolsominian ainda,q porra de cloroquina isso aí é cimelide,2,0.4162855446338653,0.583714485168457,,Incerta
O MANDETTA FALANDO DE CLOROQUINA DISSE QUE DERAM REMÉDIO DE GADO HAHAHA,"caralho por que o governo insiste na merda da cloroquina? Seus arrombados, bando de doentes!",0,0.499365746974945,0.5006342530250549,,Incerta
"Passamos os países europeus em número de casos, mas passamos subindo MUITO mais. É uma outra tendência. Não vamos parar nem de longe no número de mortes deles, mesmo se controlássemos nossa epidemia agora. O que estamos longe de fazer.","- Ahhh, mas o Átila é alarmista... - Ahhh, mas o Imperial College errou... - Ahhh, mas na Suécia... - Ahhh, mas a cloroquina... -Ahhh...  Ahhhhhh, vão tudo tomar bem no meio dos seus cus!!! #CassaAChapaTSE",2,0.576145350933075,0.4238546192646026,,Incerta
"Ooo  General Pazuelo, mais uma vez O STF, vai interferir no governo, vão barrar o cloroquina, vocês irão deixar morrerem mais gente, por culpa desse STF diabólico?",até quando o  vai governar ?,2,0.5381573438644409,0.4618426263332367,,Incerta
"""Não há provas da eficácia da cloroquina.""  Ora, também não há prova da eficácia de quarentenas/lockdowns.  Por que num caso é exigida prova científica absoluta, e no outro, não?","KKKKKKKKKKKKKKKKKKKKKKKKKKKKKKKKKKKKKKKKKKKKKKKKKKKKKKKKKKKK deve ser meme né, não é possível alguém ser tão ignorante",2,0.4501760303974151,0.5498239398002625,,Incerta
"Apresentei um projeto de decreto legislativo p/ sustar o novo protocolo do  que recomenda uso precoce da cloroquina em pacientes com #Covid19, enqto não houver estudos científicos que comprovem sua eficácia. O presidente não deveria fazer uso político de algo tão sério.",Senador inútil!!!,2,0.4855228066444397,0.5144772529602051,,Incerta
"Apresentei um projeto de decreto legislativo p/ sustar o novo protocolo do  que recomenda uso precoce da cloroquina em pacientes com #Covid19, enqto não houver estudos científicos que comprovem sua eficácia. O presidente não deveria fazer uso político de algo tão sério.","Senador, o problema também é o irresponsável Parecer 4/2020 do CFM, que, contra as evidências científicas e violando competência da ANVISA, autorizou ampla prescrição de cloroquina para Covid-19. Esse parecer coloca em risco pacientes e oe próprios médicos. Se puder, faça algo !",1,0.4440251588821411,0.5559748411178589,,Incerta
Não mandamos recolher medicamentos contendo hidroxicloroquina e cloroquina das farmácias. As ordens de recolhimento da Anvisa são publicadas no Diário Oficial da União (DOU) no formato de resoluções específicas e podem ser acessadas por toda a população.,Achei alguma coisa de MG   E esse da Anvisa esclarecendo que não mandou recolher,2,0.5853848457336426,0.414615124464035,,Incerta
"Antes a Globo “receitava” cloroquina até pra mulher grávida. Hoje dão a entender que é mais perigosa que o próprio coronavírus... POR QUE SERÁ, né? #TorcidaOrganizadaDoCoronavírus","Hipócrisia, a gente vê por aqui. Plin plim rede esgotoooo! #NaoCompreDell  #PatriotasComBolsonaro",2,0.515257716178894,0.4847422838211059,,Incerta
"É só seguir o protocolo da cloroquina no primeiro estágio da doença e evitar que as pessoas cheguem aos respiradores e salvar vidas, mas no nosso país a política está em primeiro lugar mas o povo está vendo e tem acesso as informações e bom Brasília saber disso!!!!","Precisa nem se consultar com o médico.  E se for no médico é só pedir uma receita de cloroquina + azitromicina.  E se o médico se negar, chama ele de comunista e procura outro.  É esse o protocolo  ?",1,0.5680659413337708,0.4319339990615845,,Incerta
"Jair Bolsonaro: ""Quem é de direita toma cloroquina. Quem é de esquerda toma Tubaína. Eu acho que quem falou que era veneno, não pode tomar. Eu sou cristão. O governador pode tomar a cloroquina. Pode ser que não precise. Mas, no seu lugar, eu tomaria”","então toma, se encha, toma MUITO",2,0.4469925463199615,0.5530074238777161,,Incerta
"- Ainda não existe comprovação científica, mas sendo monitorada e usada no Brasil e no mundo. Contudo, estamos em Guerra: “Pior do que ser derrotado é a vergonha de não ter lutado.”  - Deus abençoe o nosso Brasil.","Governo vai voltar atrás em 3, 2...",2,0.5857832431793213,0.4142167866230011,,Incerta
"ENTÃO, VC NÃO QUER TOMAR CLOROQUINA?  TOME TUBAINA E SE LASQUE.   NÓS VAMOS TOMAR CLOROQUINA SIM.  E O MILITARES TOMAM.",Ou tomem ou esperem o milagre!! Vocês realmente acham que os militares não sabem o que falam? Então esperem o milagre!,2,0.1174922585487365,0.8825076818466187,,Alta
Adivinha quem tá com o rab0 cheio de cachaça já na hora do almoço?  Quem é de direita acredita na cloroquina e quem é de esquerda na jararaca cretina.,"Meu Deus mano, como que pode isso? Imagina o nível de contorcionismo mental que o gado petista vai ter que fazer pra defender isso aqui? Esse filho da puta não tem o mínimo de vergonha na cara",2,0.180814504623413,0.8191854357719421,,Alta
Gente #cloroquina não é um santo graal. Não é uma cura milagrosa. Toda droga precisa ser testada com estudo embasado para ser liberada. Egoismo em meio a pandemia é foda.,"e é isso ai, quer tomar cloroquina? pode tomar... mas se algo ruim acontecer o ÚNICO responsável por isso é VOCÊ! Inclusive isso vai estar escrito no termo que tu vai assinar pra autorizar a medicação... boa sorte pra quem vai se arriscar",0,0.1235265582799911,0.8764734268188477,,Alta
"- Ainda não existe comprovação científica, mas sendo monitorada e usada no Brasil e no mundo. Contudo, estamos em Guerra: “Pior do que ser derrotado é a vergonha de não ter lutado.”  - Deus abençoe o nosso Brasil.",Enfia você cloroquina na tua garganta e vê se dá certo,1,0.1043901890516281,0.8956098556518555,,Alta
Cloroquina foi autorizada. Mas a gente sabe que a classe médica vai ter bom senso de não receitar. Afinal a classe médica sabe fazer boas escolhas. Não é?,"Eu tô com covid e foi a primeira medicação que a médica me ofereceu. Eu lá morrendo de falará de ar e ela: senhora peço sua autorização p utilização da cloroquina.  Eu nem esperava isso,dei um grito perguntando o que moça? Obviamente não aceitei!",1,0.1696178913116455,0.8303821086883545,,Alta
"- Ainda não existe comprovação científica, mas sendo monitorada e usada no Brasil e no mundo. Contudo, estamos em Guerra: “Pior do que ser derrotado é a vergonha de não ter lutado.”  - Deus abençoe o nosso Brasil.","Bolsonaro ultrapassa a ideia de ser apenas um péssimo governante, ele é CRUEL e DESUMANO o suficiente pra colocar vidas em risco apenas para proteger seus próprios interesses. É muito triste pensar que será ele que guiará nosso país nessa crise.",2,0.1178071722388267,0.8821927905082703,,Alta
"Apresentei um projeto de decreto legislativo p/ sustar o novo protocolo do  que recomenda uso precoce da cloroquina em pacientes com #Covid19, enqto não houver estudos científicos que comprovem sua eficácia. O presidente não deveria fazer uso político de algo tão sério.","Esse sujeito realmente se superou. Enquanto o Uip e outros tomam o remédio quando ficam doentes, o povo é impedido de ter acesso por questões de prazos de publicação das pesquisas já realizadas e que comprovaram, NA PRÁTICA, que a medicação funciona.",2,0.1592829227447509,0.840717077255249,,Alta
Parecer Científico da Sociedade Brasileira de Imunologia sobre a utilização da Cloroquina/Hidroxicloroquina para o tratamento da COVID-19 -&gt;,"Deputado Bolsonarista, usou cloroquina    =&gt; seguramente era atleta, pegou só a gripezinha.... mas e daí? Bora pro feriado tomar tubaína",0,0.1741382628679275,0.8258617520332336,,Alta
"""A história mostra que misturar ideologia e ciência não dá certo – e custa ainda mais vidas."" A pantomima da cloroquina | Blog do Helio Gurovitz | G1",Abrasco: liberação da cloroquina é uma irresponsabilidade e falta com evidência científica,0,0.1880610287189483,0.811939001083374,,Alta
"(Hidroxi)Cloroquina: quem precisar e avaliar (junto ao médico) que vale, usa, quem não quiser, não usa. Simples assim.",Por que a aposta do governo na cloroquina preocupa médicos  via,0,0.1548180431127548,0.845181941986084,,Alta
Imagina seu filho ser assim,coe meno isso não entrar em algum crime não? a criança nem sabe o que é cloroquina é pai maluco,2,0.127252995967865,0.8727470636367798,,Alta
Quando ficar doente esse bosta vai ser primeiro a tomar a cloroquina,Cloroquina também ajuda a não procriar? Pq se for eu quero que eles tomem muito pra não deixar filho na mão desses retardados.,1,0.1995166391134262,0.8004834055900574,,Alta
E os outros casos colega?,"Eu até poderia citar lúpus, artrite reumatóide, amebíase e outras doenças que são tratadas com Cloroquina e que os pacientes fazem uso constante do medicamento... Mas minha necessidade de rir do seu desespero é maior KKKKKKKKKKKKKKKKKKKKKKKKKKKKKKKKKKKKKKKKKKKKKKKKKKKKKKKKKKK",2,0.1439450532197952,0.8560549020767212,,Alta
"Vi no Jornal da Globo uma descrição dos efeitos colaterais da Cloroquina e da Hidroxocloroquina.  A partira daí,  parece que é melhor dar um tiro na própria cabeça do que usar esses medicamentos. Não sei como o pessoal que usou para combater a malária sobreviveu.","Então,  pra eles vale a regra:  Quem tiver infectado e quiser tome cloroquina,  quem não quiser tome tubaina.  No caso a #GloboLixo, podem ir tomar no C*",1,0.1674567461013794,0.8325431942939758,,Alta
"Apresentei um projeto de decreto legislativo p/ sustar o novo protocolo do  que recomenda uso precoce da cloroquina em pacientes com #Covid19, enqto não houver estudos científicos que comprovem sua eficácia. O presidente não deveria fazer uso político de algo tão sério.","Velho sem vergonha , se tiver é o primeiro a tomar a cloroquina , os planos de saúde há meses estão usando mas os pacientes que precisam do SUS precisam morrer ? É isso ?",1,0.1027989014983177,0.8972011208534241,,Alta
"Eu sei que qualquer remédio vai ter efeito adverso e o texto dizia que a cloroquina tinha nenhum efeito adverso. Quem falou em não ter efeito adverso foi o texto, não fui eu. Além da fonte não ser confiável, o conceito de nenhum efeito adverso torna o texto menos confiável ainda.","Bom dia Helena! Pois então, hoje existe estudo com a Cloroquina usada no início da contaminação, se faz mais eficácia, quando fica em estado grave, não é eficaz! Não é divulgado porque a grande mídia não quer a cura, não quer pessoas curadas, isso não dá ibope!",1,0.1025390550494194,0.8974609375,,Alta
"Bom dia. O general que substitui o Teich liberou o uso da Cloroquina. Ele também fez algumas ""reformas"" no Ministério da Saúde nomeando MAIS militares. Fiquem sabem q nenhum deles é médico ou curandeiro, tipo a tia do interior q tem aquele chá milagroso que eu ou vc já tomamos.","QUEM É DE DIREITA TOMA CLOROQUINA, QUEM É DE ESQUERDA TOMA TUBAINA.",0,0.1719102561473846,0.8280897736549377,,Alta
"Em uma atitude que salvará milhares de Brasileiros, o presidente  liberou o uso da cloroquina pra todos os casos de COVID-19 no SUS, inclusive os leves. ⁣ Todo paciente terá que autorizar o uso do medicamento, quem não quiser, toma tubaína! ⁣",Você tomou cloroquina?,1,0.1265211850404739,0.8734787702560425,,Alta
Qual é a cloroquina da sua profissão?,Vc trabalha com pobre dando cesta basica né?,2,0.1443684101104736,0.8556315898895264,,Alta
"“Redução dos glóbulos brancos, disfunção do fígado, disfunção cardíaca e arritmias”","Diretora geral da Saúde de Portugal, Dra Graças Freitas informa que não houve registro de efeitos catedrais no uso da Cloroquina no combate ao Covid19, sugiro uma reportagem sua com o outro lado, assim se faz jornalismo, ouvindo os dois lados.",1,0.1256197839975357,0.8743802309036255,,Alta
"- Ainda não existe comprovação científica, mas sendo monitorada e usada no Brasil e no mundo. Contudo, estamos em Guerra: “Pior do que ser derrotado é a vergonha de não ter lutado.”  - Deus abençoe o nosso Brasil.",fecha teu cu lixo,2,0.1543155461549759,0.8456844687461853,,Alta
A imprensa que tanto quer o impeachment agora bate forte na cloroquina. Mas vejam bem: o Ministério da Saúde autoriza a utilização do medicamento sempre a critério do médico e com autorização da família. Ninguém será obrigado a usar. A imprensa está sendo canalha nesse debate.,"Se a “imprensa” pegar vírus chinês, vai tomar cloroquina?",1,0.1442277133464813,0.8557723164558411,,Alta
"tem um gado me ''atacando'' aqui me chamando de gay, maconheira e fascista kkkkk  o grindr ta fora do ar hoje gente só pode","ela oprimi uma criança, ela manda em enfiar uma cloroquina no cu   e eu estou lhe atacando ???",2,0.1084900274872779,0.891510009765625,,Alta
"Apresentei um projeto de decreto legislativo p/ sustar o novo protocolo do  que recomenda uso precoce da cloroquina em pacientes com #Covid19, enqto não houver estudos científicos que comprovem sua eficácia. O presidente não deveria fazer uso político de algo tão sério.","Fala sério, você não tem o que fazer da vida?!?!?",2,0.1060393154621124,0.89396071434021,,Alta
que vergonha uma empresa de saúde anunciando em site que promove uso massivo da cloroquina! Logo o Jornal da Cidade famoso por suas fake news e ataques à democracia #SleepingGiantsBrasil,Querido o remédio não é obrigatório é de livre escolha. Agora pra esquerda é um veneno. Vcs estão pouco se luchando pra vida dos outros,2,0.1755995005369186,0.8244004845619202,,Alta
"Diante da recusa de dois ministros da Saúde, que optaram por pedir demissão para não assinar o documento, coube ao general Eduardo Pazuello, que assumiu a pasta de forma interina,  liberar a cloroquina para todos os pacientes de covid-19.",General no Min. Saúde ok! Liberou a Cloroquina ok! Responsabilização ok! Ações Civil e Penal ok! Print da mensagem ok!,1,0.982671082019806,0.0173289459198713,,Random
Bolsonaro admite que cloroquina não tem eficácia comprovada contra covid-19 | Brasil e Política | Valor Investe,"Pra direita cloroquina, pra esquerda tubaína, e pro centrão?",0,0.9839852452278136,0.0160147137939929,,Random
Trump diz que deixará de tomar cloroquina em um ou dois dias,Vai tomar Tubaína  Esquerdista,2,0.9833598136901855,0.0166402179747819,,Random
"Hoje  tomou uma atitude corajosa, que salvará milhares de vidas: liberou o uso da cloroquina pra todos os casos de COVID-19 no SUS, mesmo os leves  Basta o paciente autorizar o uso do medicamento, que tem se mostrado muito eficaz em diversas partes do mundo",Estamos % com você PR   #BrasilComBolsonaro  #TodoPoderEmanaDoPovo,2,0.9405924677848816,0.0594075843691825,,Random
"Se você defende a cloroquina você não tem moral nenhuma pra tirar sarro do meu remédio pro Coronavirus, que é a retirada imediata do Bolsonaro do poder  Inclusive o bom senso indica que a minha medida é infinitas vezes mais eficiente no combate ao Coronavirus","Bolsonaro quis mudar bula da cloroquina, diz Mandetta",0,0.983494222164154,0.0165057033300399,,Random
O presidente distorce falas da OMS para justificar sua sanha em querer que o trabalhador se exponha nessa época de pandemia. #TodosPeloImpeachment,"O comportamento de Bolsonaro na #pandemia é genocida. Negligente quanto a testes e isolamento e propagandista de cloroquina, tóxica e ineficaz. #ImpeachmentUrgente",2,0.1776878535747528,0.8223121166229248,,Random
Cloroquina no combate #EuApoioBolsonaro,"é do  ,o merda q se acha especialista infectologista do Brasil quer barrar o uso da hidroxicloroquina para matar a população junto com  PSDB nunca mais.",2,0.8818835020065308,0.1181165724992752,,Random
"Como assim ""traficar cloroquina"", ?  Além de vocês cancelarem seus anúncios no  com base em uma alegação FALSA ainda anunciam no ?  Vocês concordam com esse tipo de jornal q DISSEMINA FAKE NEWS?  Não? Então por favor, retirem seus anúncios.",é isso mesmo? Estou indo agora cancelar meu pedido de eletrodomésticos.,2,0.9793534874916076,0.0206465888768434,,Random
"Bolsonaristas criam 'corrente do bem' e se medicam com cloroquina, azitromicina e antipulgas",AZITROMICINA ah serio fodase n aguento mais esses corno,2,0.9854352474212646,0.014564829878509,,Random
"Bolsonaro quis alterar bula da cloroquina, diz Mandetta",E isso aqui não é crime?  O qie mais falta ele fazer?      #ImpeachmentdoBolsonaroURGENTE,2,0.9765055179595948,0.0234945267438888,,Random
"Bolsonaristas criam 'corrente do bem' e se medicam com cloroquina, azitromicina e antipulgas",fica com deus,2,0.9886596202850342,0.0113403303548693,,Random
"Depois do Conselho Federal de Medicina, agora foi a vez da Associação Médica Brasileira ir na mesma linha do CFM sobre o uso cloroquina e da HCQ no INÍCIO dos sintomas causados pela COVID-19. Enquanto isso, os especialistas da rede globo e dos partidos de esquerda são contrários.","Até o canalha do   pedindo a justiça pra impedir, esses canalhas quer que os pobres morra, pq os ricos estão tratando com cloroquina, absurdo isso .",1,0.6796847581863403,0.3203152120113373,,Random
"Riscos: Broncoespasmo em indivíduos sensíveis; anafilaxia, reações de hipersensibilidade cutânea, incluindo erupções na pele, angioedema, síndrome de Stevens Johnson e necrólise epidermal tóxica; disfunção hepática; trombocitopenia. - Bula do Parecetamol, vulgo Tylenol","Cigarro, cachaça? Nem fazem mal tu compra em qualquer lugar ja a cloroquina não tem nas farmacias.",2,0.8870034217834473,0.1129966080188751,,Random
"já q eu q sou o limitado, me responda essa: se a cloroquina funcionou tanto na frança, pq eles adoraram o lockdown? pq os países que adoraram lockdown estão conseguindo abrir o comércio agora?",me responda: q outro país está adotando a cloroquina como única saída para o corona? q país que não adotou o lockdown e que funcionou? em q lugar adotaram o distanciamento vertical e funcionou?,1,0.7344712018966675,0.2655287981033325,,Random
"Eu não sou médico, mas sou expert em cloroquina. Já tive 6 malárias e conheço de perto os efeitos colaterais.  Cura a malária, mas faz um estrago terrível na pessoa. Depois de tomar passava 30 dias sem uma cerveja por ordem médica. Muitos conhecidos morreram por ter comorbidades.",eu SEMPRE soube que eu estava certa em não gostar da criança do cuscuz  e hoje meu sentimento foi confirmado pelo vídeo que ele postou falando sobre a cloroquina..com uma camisa do Brasil,0,0.9560536742210388,0.0439463704824447,,Random
"não querendo soar a chata: hidroxicloroquina/cloroquina têm mostrado algum efeito sim q os pacientes ganham até alta... corticoide q não tem sucesso. comentando isso pq eu participo de estudo sobre isso e to vendo resultado positivo, não sou minion não.","os cara tão mandando dar cloroquina. foco, brasil.",0,0.6555436253547668,0.3444563448429107,,Random
"Luiz Henrique Mandetta contou à GloboNews que o Governo quis alterar bula da cloroquina. ""E a ideia que eles tinham era de alterar a bula do medicamento na Anvisa, colocando na bula indicação para Covid”",isso eh simplesmente um absurdo,2,0.984502375125885,0.0154975857585668,,Random
Pesquisadores divulgam documento contra a liberação do uso de cloroquina sem comprovação científica.  Está lindo essa torcida contra a cura do Covid. Já não basta o Mula dizer torcer a favor do Covid?,"Tem contra e tem a favor, quem decide é o paciente e pronto. O certo é ofertar ao rico e ao pobre a opção de uso. Pronto. O resto é mimimi de quem quer matar o povo.",2,0.0760949403047561,0.923905074596405,,Random
Qual é a cloroquina da sua profissão?,"O bibliotecário já leu todos os livros da biblioteca, os artigos do portal de periódicos....",2,0.9824095964431764,0.0175903756171464,,Random
"Bolsonaristas criam 'corrente do bem' e se medicam com cloroquina, azitromicina e antipulgas",Antipulgas faz todo sentido.,2,0.9909647703170776,0.0090352827683091,,Random
"Bolsonaristas criam 'corrente do bem' e se medicam com cloroquina, azitromicina e antipulgas",E o gado resolveu incluir IVOMEC no coquetel contra a doença com a qual não se deve preocupar.,2,0.9823564291000366,0.0176435373723506,,Random
Cloroquina: o que muda com novo protocolo do governo Bolsonaro,Pq o brasileiro ainda não inventou a Mulher Cloroquina?? #decepcionado,0,0.9888160228729248,0.0111840050667524,,Random
E o modus operandi ganha novos ares!  #ForaBolsonaroGenocida #ImpeachmentDeBolsonaroURGENTE,"Mesmo sem ninguém na pasta pra assinar, o Ministério da Saúde elaborou protocolo sobre o uso da cloroquina. O paciente vai assinar um termo que diz que o remédio não tem eficácia comprovada contra a Covid-19 e pode matar. Bolsonaro vai deixar o povo dar o aval à própria morte.",0,0.992134928703308,0.0078650964424014,,Random
"Bolsonaristas criam 'corrente do bem' e se medicam com cloroquina, azitromicina e antipulgas",meu pai do céu,2,0.9610470533370972,0.0389529392123222,,Random
"O Brasil ganhou mais uma esperança no tratamento do #coronavírus. O  adotou um novo protocolo para receita da cloroquina/hidroxicloroquina. O medicamento, que já é adotado em diversas partes do mundo, é considerado o mais promissor no combate à Covid-19. Entenda:","Fake News   Estudos feitos comprovam que a Cloroquina é ineficaz ao combate ao Covid -19 e produz efeitos colaterais sérios, dentre eles ataque cardíaco, podendo levar a morte.  Esse twitte precisa ser denunciado!",2,0.8996618390083313,0.1003382131457328,,Random
"Apresentei um projeto de decreto legislativo p/ sustar o novo protocolo do  que recomenda uso precoce da cloroquina em pacientes com #Covid19, enqto não houver estudos científicos que comprovem sua eficácia. O presidente não deveria fazer uso político de algo tão sério.",Pensem bem antes de votar em gente do PSDB.   simplesmente um canalha.,2,0.569223165512085,0.430776834487915,,Incerta
cloroquina não é aquela namorada do coringa?,"eu ri desse tweet igual ri daquele ""impeachment não é aquilo que o jacob teve com a filha da bella?""",2,0.5705229043960571,0.4294770658016205,,Incerta
"Caralho, o Mandetta tá falando que o Bolsonaro queria que ele assinasse um documento pra mudar a bula da cloroquina NA ANVISA!",Gente....,2,0.5750629901885986,0.424936980009079,,Incerta
"USO DE CLOROQUINA AMPLIADA NO BRASIL  Ministério da Saúde amplia a possibilidade de uso do medicamento para casos leves de coronavírus. Não há, porém, evidência científica de que a droga tenha eficácia no tratamento. Siga o fio e veja o que muda    Gerard Julien/AFP",Governo amplia o uso de remédio que não serve para doença que ele diz que não existe.,2,0.4376940429210663,0.5623059272766113,,Incerta
"A questão da cloroquina é a seguinte: obviamente não se trata de uma cura. Nem todos que tomaram terão reações positivas. Não há tratamento.  Ocorre que, quem quiser tomar, toma. Qm ñ quiser, ñ toma. É bem simples.    Pq temos que impor nossas vontades aos outros?",o debate sobre a cloroquina é so mais um assunto que conseguiu ser politizado. mais uma cortina de fumaça usada pelo governo,1,0.594663143157959,0.405336856842041,,Incerta
"Ouvi dizer -- mas, juro, não acredito -- que o Doriana só não gosta da cloroquina porque não é supositório.","Lembrei agora da história de um ex presidente que, dizem, era usuário frequente da "" branquinha"". Como o negócio estava muito escancarado, passou a usar em supositórios a dita cuja! Segundo a ex mulher, que contou a peripécia, com ótimo resultado!",2,0.5024629831314087,0.4975370764732361,,Incerta
Qual é a cloroquina da sua profissão?,Meu filho minha área é o Direito kkkkkkkkkkkk rindo de nervoso,2,0.4972230792045593,0.5027768611907959,,Incerta
"Eita, a cloroquina ressuscitou até o Serra. Santa cloroquina!",Se até Roberto Jefferson resurgiu das profundezas...,2,0.5133594274520874,0.486640602350235,,Incerta
"No dia q o desgoverno  mudou o protocolo para recomendar cloroquina em casos leves, lamentamos a morte por coronavírus do dep. estadual Gil Vianna, do PSL do RJ, que usou o remédio, mas infelizmente não conseguiu se salvar. Não há provas que cloroquina cura Covid-19","Então pela sua lógica imbecil, se ele não tivesse tomado, estaria vivo... então a causa da morte foi a cloroquina??? Comédia mesmo...",1,0.4860753417015075,0.5139247179031372,,Incerta
Protocolo da cloroquina é panfleto político.,"Bolsonaro queria mudar a bula do remédio, não deixaram. O tal protocolo é ctrl C + ctrl V do parecer do CFM. Uso off label é com os médicos. O resto é narrativa.",2,0.5967304110527039,0.4032696187496185,,Incerta
"A verdade às vezes se esconde no óbvio. A eficácia da cloroquina contra o Covid19 pode ser contestada. Mas se a droga fosse tão maléfica à saúde quanto querem uns, ela não estaria sendo utilizada há décadas. Vamos ser razoáveis pessoal.",Exatamente né ?,2,0.5932368040084839,0.4067632257938385,,Incerta
"Bolsonaro tentou alterar bula da cloroquina, denuncia Mandetta   Presidente queria incluir recomendação para tratamento da covid-19 no documento #Correio24h",Vocês tem noção do quão absurdo é um cara que sequer possui graduação em medicina ou qualquer área afim  querer modificar a bula de um remédio apenas para atender ao seu desejo ?,2,0.4004879593849182,0.5995121002197266,,Incerta
toda vez que eu vejo esse vídeo do presidente falando de tubaína e cloroquina eu tenho vontade de encolher até SUMIR,"vcs são tão lixo que só mostrou um infectologista contra a cloroquina,e cade o outro lado que apoia. Jornalismo verdadeiro passou longe de vcs. Não  passam de interesseiros,faça uma reportagem verdadeira",0,0.4840595424175262,0.5159404873847961,,Incerta
"Informo  que não falta cloroquina em Santarém. Vc deve saber que Cloroquina é um remédio controlado, que precisa de receita médica para ser dispensado ao paciente. Não é capim pra dá pra gado. Antes de acreditar nas suas fontes, consulte a Prefeitura de Santarém.",Não é capim pra dar pra gado!,2,0.4329684972763061,0.5670315623283386,,Incerta
eae tu vai tomar cloroquina ou eu vo ter que enfiar uma cuscuz no teu rabo,"o presidente quis mudar a BULA da cloroquina, não é possível isso",0,0.5307379364967346,0.469262033700943,,Incerta
"Mandetta: Bolsonaro queria alterar a bula da Cloroquina para inserir indicação para COVID, mesmo sem comprovação da eficácia.",GENTE MAS Q OBSESSÃO É ESSA?!?!   O cara não é médico e quis MUDAR BULA??,2,0.4697239100933075,0.5302761197090149,,Incerta
"Apresentei um projeto de decreto legislativo p/ sustar o novo protocolo do  que recomenda uso precoce da cloroquina em pacientes com #Covid19, enqto não houver estudos científicos que comprovem sua eficácia. O presidente não deveria fazer uso político de algo tão sério.",VOCÊS NÃO VÃO REESCREVER O PASSADO,2,0.5212754011154175,0.4787246286869049,,Incerta
"Grande parte das pessoas que estão com Covid-19 e evoluem para casos graves tem comorbidades como cardíacos, diabéticos, autoimunes entre outras coisas.   A Cloroquina induz problemas no coração como arritmias cardíacas e até problemas oculares.",Já pararam e pesquisaram sobre os casos de COVID-19 em pacientes que já vinham em tratamento com #Cloroquina ou #hidroxicloroquina ?,0,0.4461689293384552,0.5538311004638672,,Incerta
"""Nós não faremos a distribuição e nem aplicação generalizada da cloroquina, porque a ciência não recomenda"", disse o governador de São Paulo, João Doria.","O bosta do governador d SP o  diz q seu governo ñ irá apoiar o uso da Hidroxicloroquina no combate ao #VirusChines, com tais atitudes e fala Ditadória se assemelha cada vez + a Hitler e Stálin! #ForaDoria",2,0.4659128487110138,0.5340871810913086,,Incerta
"Chega a dar pena, imagina a criação do mlk",nem sabe oq é cloroquina,2,0.5124543309211731,0.4875456690788269,,Incerta
"Brasil renovou o recorde de mortes por coronavírus: 1.179. 17.971 no total!  Bolsonaro: “Quem é de direita toma cloroquina. Quem é de esquerda toma Tubaína"".  Canalha traidor!!!!",entao ta certo Artur se vc pegar corona tome tubaina  eu to fechado com Bolsonaro tomo cloroquina,1,0.5032070875167847,0.4967929124832153,,Incerta
aquela do criança do cuscuz e cloroquina me assusta,vamos perguntar ao médico Carlis Fortaleza porque o Davi Uip e o Dr. Khalil tomaram a cloroquina? Foram contra a ciência? Deixem de ser hipocritas.,0,0.5721003413200378,0.4278995990753174,,Incerta
Corno desgraçado pena o virus não te pegar.,"Ainda. Mas você acha que ele não vai tomar cloroquina? É claro que vai. Quem não pode, é o povão que eles querem que morra para virar estatística.",1,0.5159204006195068,0.4840796291828155,,Incerta
"Ou tá em guerra porque é uma doença séria ou pode trabalhar porque é gripezinha. Os dois não dá!   Bolsonaro sobre cloroquina não ter comprovação científica: ""em guerra""  via","#debate360 É simples! Gostaria de saber do Dr Chioro como ele trataria um paciente infectado com a COVID  já q n existe eficácia, certeza sobre a Cloroquina? O q ele faria? Pq Dr Davi Uip, Dr Kalil, entre outros usaram a Cloroquina em seus próprios tratamentos? Poderiam perguntar",0,0.5286893844604492,0.471310555934906,,Incerta
"No dia em que o Brasil atingiu pela 1ª vez a marca de mil mortes em 24 horas, Bolsonaro voltou a defender a cloroquina. Em entrevista nas redes sociais, o presidente disse que o ministro interino vai baixar um protocolo sobre o assunto e fez uma piada #JG","Que tomem Tubaina, diz a #MariaAntonietaTupiniquim",2,0.5840476751327515,0.4159523844718933,,Incerta
Qual é a cloroquina da sua profissão?,eu nunca entendo essas brincadeiras tipo qual é a cloroquina ou qual é a terra plana da sua área etc devo ter pouca imaginação ou acho que eu sou o bolso-olavista da minha área,2,0.5624257326126099,0.4375742673873901,,Incerta
"cloroquina é a nova fosfoetanolamina ""pílula do câncer""  a ciência estudando, comprovando cada vez mais que não tem efeito positivo, politico contrariando, a sociedade criando falsas esperanças e o ministério da saúde atendendo ""clamor popular""  que sejam todos responsabilizados","Eu fico com a Tubaína, ela pelo menos é gostosa e segundo estudos tem o mesmo efeito da Cloroquina no caso do Covid: nenhum!",0,0.5547527074813843,0.4452473223209381,,Incerta
"Cientistas passam 5,7,10 anos produzindo uma vacina, todos os métodos e testes corretos.  fanáticos: Não vacinem seus filhos!   Pessoa desqualificada fala pra tomar remedio sem estudo necessario: MITO! SALVOU O MUNDO, vamos todos tomar, eu preciso de cloroquina.  desgraça de gnt","“Ain esse protocolo do bozo da cloroquina é um absurdo” - disse Lucas Enzo, 25 anos, mora com os pais, tem um gato, fuma maconha, toma meta anfetamina em festas de eletrônica, toma 20 gotas de novalgina pra matar a ressaca de Corote e ..... ouve Anitta.",0,0.5290113091468811,0.4709886908531189,,Incerta
"""Nós não faremos a distribuição e nem aplicação generalizada da cloroquina, porque a ciência não recomenda"", disse Doria.  O médico dele usou a ciência ou a cloroquina?   Quando a política  está acima de salvar vidas.  Anote ai PSDB PSDB  NÃO ESQUEÇA   PSDB","Já faz algum tempo que falta cloroquina e os hospitais públicos não estão usando. Deve estar em algum galpão insalubre, se estragando até ter a o vencimento ultrapassado, sem utilidade. É GENOCÍDIO! NEGANDO-NOS O TRATAMENTO! Serão incriminados pelas gerações seguintes.",0,0.5946575999259949,0.4053423404693603,,Incerta
"Enriquecer amigos fomentando a venda e o uso em hospitáis da cloroquina, da qual não existe evidencia científica de que sirva para combater o coronavirus, isso é ou não é corrupção? Está parecendo...",Laboratórios farmacêuticos militares estão produzindo a cloroquina...,1,0.5278013348579407,0.4721986651420593,,Incerta
Não há comprovação científica da eficácia da cloroquina.  Quem disse isso? Bolsonaro.  O mesmo Bolsonaro que só liberou novo protocolo sobre o uso em pacientes com quadro leves APÓS editar MP que o isenta de responsabilidade.  Isso é fazer cálculo político com VIDAS!,Arthur : recado para vc   Titio FHC ligou aqui perguntando de voce  Sim ... esta a sua procura para saber qdo é que vc vai levar o Papel Higenico para limpar o BumBum cheiroso dele.   Aproveita passa la no Doria para entrega os supositórios de CLOROQUINA  Grde Abçs,1,0.5061560273170471,0.4938440024852752,,Incerta
"A Globo faz uma matéria sobre novo protocolo para uso de Hidroxicloroquina e dá voz APENAS a médicos que são contra a utilização do medicamento.  Por que não apresentar a opinião dos favoráveis?  E olha que são muitos.  Como podem chamar isso de ""jornalismo profissional""?","A cloroquina é uma medicação barata, a máfia farmacêutica junto com alguns governadores e a mídia suja, montaram um paredão, para que esta medição não chegasse ao sistema público de saúde. Não escutem a grande mídia como #globolixo #FolhaLixo #VejaLixo dentre outros lixos por aí.",2,0.5187681317329407,0.4812318682670593,,Incerta
"Quando eu vejo abortistas enchendo o saco para usar a máscara eu fico me perguntando onde ficou o ""meu corpo, minhas regras"" e a questão de ""não é só o seu corpo envolvido"".",O mesmo caso dos pró legalização das drogas com medo de tomar cloroquina por causa dos efeitos colaterais.,2,0.5917414426803589,0.4082585275173187,,Incerta
"Entidades médicas já se posicionaram contra a medida e a OMS, quando questionada sobre a decisão do governo brasileiro, reafirmou que além de não ter eficácia comprovada, a cloroquina pode causar efeitos colaterais graves.","CFM , nosso órgão maior, normatizou o uso do medicamento para respaldo jurídico dos médicos assistentes.",2,0.563515305519104,0.4364846646785736,,Incerta
E vamos de tomar cloroquina então,"Anitta é tão ou MAIS EFICAZ que cloroquina contra o coronavírus. Além de ser menos tóxico e melhor tolerado. Então, por que a Anvisa RECOLHEU Anitta das farmácias e o tornou medicamento de uso controlado? Acordem, seus idiotas!",0,0.5562741160392761,0.4437258541584015,,Incerta
"Pessoal usa droga bem mais pesada que cloroquina, com efeito colateral bem pior e nem por isso deixa de usar. Quem quiser que use quem não quiser não use, não foi sempre assim a liberdade de escolha?","Cheirar um pó gostoso e injetar heroína é de boa, mas cloroquina no meu corpinho não pq é do Bolsonaro",2,0.5476602911949158,0.4523397386074066,,Incerta
"""Nós não faremos a distribuição e nem aplicação generalizada da cloroquina, porque a ciência não recomenda"", disse o governador de São Paulo, João Doria.",O cara sabe que o Davi uip  médico e  amigo dele tomou a cloroquina.Mas o povo de São Paulo não pode tomar pq não tem comprovação científica!,1,0.4348698854446411,0.5651301145553589,,Incerta
"O que eles estão em dúvida é se 150 mg de cloroquina não equivalem a 400 mg de Hidroxicloroquina, visto que a cloroquina é mais forte?","Ah sim, então olhando por esse ponto deixa eu explicar:  Cloroquina não é mais forte, ela é mais tóxica.  O efeito das duas se mantém, 400mg de Cloroquina e 400mg de Hidroxi são muito parecidos.  Para efeito no Covid-19 com sintomas Zelenko, Raoult e mundo, indicam 400mg ou mais.",1,0.4470838904380798,0.5529160499572754,,Incerta
Só doido que vai consentir o uso da cloroquina kkk Depois de hj o deputado do psl  SÓ DOIDO MESMO,Eu estou indignada com a matéria sobre Bolsonaro querer mudar a bula da cloroquina pra dizer que é eficaz no tratamento da covid-19. Vocês precisam MAIS O QUE pra enxergarem que esse boçal é um criminoso?,0,0.5663685202598572,0.4336315095424652,,Incerta
"Ouvi dizer -- mas, juro, não acredito -- que o Doriana só não gosta da cloroquina porque não é supositório.",Também ouvi..,2,0.5623894929885864,0.4376105666160583,,Incerta
Estou completamente traumatizado depois desses dias sem conta e ter que ficar no Instagram enquanto isso. Sigo muitos médicos e fisioterapeutas. E lá tá uma desinformação absoluta. Médico figurão com milhões de seguidores e dono de curso dizendo que cloroquina mata Foi de chorar,"Pior mano, o tanto de gente que acha REALMENTE que hidroxicloroquina MATA é de fuder.",2,0.4441258907318115,0.5558741688728333,,Incerta
"Um presidente sem juízo  afrontando a ciência, a comunidade científica e grande numero de profissionais da saúde!! A história não perdoa !!!     #Cloroquina !!!","Coronavírus: Usar cloroquina contra a Covid-19 deixou de ser ético, dizem universidades",0,0.5697203278541565,0.4302796423435211,,Incerta
"Vale pesquisas científicas... Encontre uma pesquisa científica conclusiva de q a cloroquina é eficaz contra o CORONAVÍRUS, não existe, está em análise ainda, tanto q o protocolo do governo deixa isso claro, não existe eficácia comprovada cientificamente, mas se quer usar, use!","Repara so que ele diz que midia mente, e posta um video do trump dizendo que toma cloroquina todo dia por precaução. O trump o cara que mais mente e manipula a midia no mundo. O cara que disse pra usar desinfetante no sangue",1,0.4152216911315918,0.584778368473053,,Incerta
Estão politizando a utilização da Cloroquina e isso é muito sério,"O que se poderia fazer contra a imprensa que é quem está aterrorizando a população com o tema??? Minha mãe, lá em Belém do Pará, está aterrorizada com a palavra Cloroquina e Hidroxicloroquina. Minha sobrinha de 26 anos está com suspeita é minha não vai autorizar que ela use",1,0.4309759140014648,0.5690240859985352,,Incerta
"A Justiça nega a divulgação do receituário do gov socialista e tirano do estado de Pernambuco, mas obrigou o presidente  a divulgar o resultado dos seus exames e laudos que atestavam a não contaminação por Covid 19.   Alguém duvida que tem cloroquina receitada aí?","Ué?!?   O presidente tem que divulgar os resultados dos exames e o governador não?!?  Que raios de ""JUSTIÇA"" é esse no Brasil?",2,0.459624707698822,0.540375292301178,,Incerta
O Ministério da Saúde destaca no documento que o objetivo é ampliar o acesso dos pacientes à cloroquina e hidroxicloroquina no SUS.  O Ministério ainda divulgou um modelo do termo de ciência e consentimento…,"JANAÍNA,  vc é uma desgraça. Como me arrependo desse voto. Dizer q tomou cloroquina, mas não tinha mais virus no corpo, logo, a clori.. não fez efeito é de uma cretinisse sem tamanho.",0,0.4912106394767761,0.5087893009185791,,Incerta
"Vale pesquisas científicas... Encontre uma pesquisa científica conclusiva de q a cloroquina é eficaz contra o CORONAVÍRUS, não existe, está em análise ainda, tanto q o protocolo do governo deixa isso claro, não existe eficácia comprovada cientificamente, mas se quer usar, use!","O uso da cloroquina pode causar vários problemas futuros, inclusive sérios problemas arteriais, e todo mundo sabe. Por isso se ve muita gente defendendo o medicamento porem pouquissima gente contando que esta usando",1,0.488418310880661,0.5115817189216614,,Incerta
É extremamente irônico e contraditório ver psolistas falarem que a cloroquina faz mal à saúde (apesar de milhares de pessoas terem se recuperado após usar o medicamento) enquanto eles defendem a legalização de TODAS AS DROGAS.  Querem legalizar o crack e proibir a cloroquina!,"Verdade, quando eles pegam o vírus chinês, eles usam a cloroquina e são curados. Bandos de hipócritas, canalhas.",1,0.514677107334137,0.4853228628635406,,Incerta
"7 - Foi aí que começaram com os embates públicos entre Bolsonaro e Teich, que ocasionaram na demissão do ministro. Com isso, o caminho para liberação do uso da cloroquina estava estabelecido e não demorou para que fosse publicada uma normativa pelo governo autorizando o uso.","8 - A partir do protocolo de uso assinado e o medicamento liberado para uso no SUS, o que nos resta é esperar e torcer para que a cloroquina seja eficaz, ajudando o país a sair do buraco em que se enfiou por conta da pandemia.",1,0.4927453100681305,0.5072546601295471,,Incerta
É extremamente irônico e contraditório ver psolistas falarem que a cloroquina faz mal à saúde (apesar de milhares de pessoas terem se recuperado após usar o medicamento) enquanto eles defendem a legalização de TODAS AS DROGAS.  Querem legalizar o crack e proibir a cloroquina!,"Lá vem a RETARDADA falar mais MERDA, vá sifu",2,0.4085850715637207,0.5914149284362793,,Incerta
"""O presidente do Brasil nos revela até que ponto pode chegar a insensibilidade ao sofrimento. Se o “E daí?” foi um tapa na cara do país, a piada da cloroquina/tubaína, seguida da gargalhada, no dia dos mil mortos, foi inqualificável""...","A estupidez não tem limites! Já estou prevendo 100 mil mortos nas costas do genocida Jair, o messias.",0,0.1222768723964691,0.8777231574058533,,Alta
"- Ainda não existe comprovação científica, mas sendo monitorada e usada no Brasil e no mundo. Contudo, estamos em Guerra: “Pior do que ser derrotado é a vergonha de não ter lutado.”  - Deus abençoe o nosso Brasil.",Já dizia o filósofo juao paulo: eu sou um merda mermão. Fala aí bolsonaro!,2,0.106822595000267,0.8931773900985718,,Alta
Adivinha quem tá com o rab0 cheio de cachaça já na hora do almoço?  Quem é de direita acredita na cloroquina e quem é de esquerda na jararaca cretina.,"Kkskskksksksk o cara toma uma e ainda cheira, pqp! Ksksk",2,0.148021399974823,0.851978600025177,,Alta
"Caralho, o Mandetta tá falando que o Bolsonaro queria que ele assinasse um documento pra mudar a bula da cloroquina NA ANVISA!",Tá cada vez mais claro que ele simplesmente que vender o estoque de toneladas de remédio que ele mandou fazer.,2,0.1273595541715622,0.8726404309272766,,Alta
"Ah, o Ministério da Saúde recomendou a cloroquina. Gente, só lembrando que, de fato, nem ministro da Saúde temos. Nada contra e tudo a favor a usar o que a ciência e medicina indicarem pra salvar vidas. Mas se fosse a solução, não haveria esse número absurdo de mortes...",e por acaso está errado??? ah.. seus mimimimimimi  quem é de esquerda não toma #cloroquina. Comprem tamiflu a R$250.. só isso tá bom pra vocês! e esperem o resultado,0,0.1287295371294021,0.871270477771759,,Alta
"Ciência, mores! Ciência!",fodase minha professora me deu uma ideia e vou começar um artigo científico sobre cloroquina,0,0.1322682052850723,0.8677318096160889,,Alta
"Mas tem comprovação de cloroquina? Tirando o Jornal da Cidade e Conexão Política? Minha senhora, não cai na onda desse seu mito, não toma esse negócio sem prescrição médica viu",Quem foi que disse que a cloroquina é vendida sem prescrição Otario? Cala a boca Babaca! Mostra a tua cara Keanu!,1,0.1466672718524933,0.8533326983451843,,Alta
"Bolsonaristas criam 'corrente do bem' e se medicam com cloroquina, azitromicina e antipulgas.",Antipulgas? Vc escreveu certo?,2,0.1386376470327377,0.8613623380661011,,Alta
"- Ainda não existe comprovação científica, mas sendo monitorada e usada no Brasil e no mundo. Contudo, estamos em Guerra: “Pior do que ser derrotado é a vergonha de não ter lutado.”  - Deus abençoe o nosso Brasil.",Ah não cara,2,0.100288838148117,0.8997111320495605,,Alta
"Vi no Jornal da Globo uma descrição dos efeitos colaterais da Cloroquina e da Hidroxocloroquina.  A partira daí,  parece que é melhor dar um tiro na própria cabeça do que usar esses medicamentos. Não sei como o pessoal que usou para combater a malária sobreviveu.","Nem eu sei como sobrevivi quando peguei malária em Moçambique e tomei Cloroquina. """,2,0.1081277877092361,0.8918722867965698,,Alta
"“Redução dos glóbulos brancos, disfunção do fígado, disfunção cardíaca e arritmias”","Se não  tomar CLOROQUINA, morre. Se tomar CLOROQUINA, pode morrer.  NA DÚVIDA, TOMEMOS TODOS!!!!",1,0.1317375749349594,0.8682624101638794,,Alta
"O papel da esquerda agora é fazer uma corrente do bem distribuindo Tubaína. Não causa efeito colateral, também não ajuda no tratamento do covid assim como a Cloroquina mas pelo menos é refrescante e hidrata.","É uma boa... afinal vivemos num país livre, onde ainda se pode tomar tubaina ou cloroquina com receita medica.",1,0.1413351893424987,0.8586648106575012,,Alta
"Hoje  tomou uma atitude corajosa, que salvará milhares de vidas: liberou o uso da cloroquina pra todos os casos de COVID-19 no SUS, mesmo os leves  Basta o paciente autorizar o uso do medicamento, que tem se mostrado muito eficaz em diversas partes do mundo","Donald Trump é o acionista majoritário da Sanofi, industria que fabrica e comercializa para o mundo a Hidroxicloroquina e a Cloroquina, sei não hein Bolsonaro, 01, 02, 03 vocês estão querendo gang gang né, troca troca, sexo casual toma vergonha e seja homem seus porras...",2,0.1211261302232742,0.878873884677887,,Alta
"- Ainda não existe comprovação científica, mas sendo monitorada e usada no Brasil e no mundo. Contudo, estamos em Guerra: “Pior do que ser derrotado é a vergonha de não ter lutado.”  - Deus abençoe o nosso Brasil.",“Pior do que ser derrotado é a vergonha por não ter lutado” esse foi o argumento do presidente pra defender o uso da cloroquina,2,0.1173539087176323,0.8826460242271423,,Alta
"Cloroquina está maior(dosagem) que a hidroxicloroquina que é menos ""danosa"" é isso que vocês estão achando estranho?","Tenho uma colega que sofre de lúpus, desde de 2013 ela toma 400mg de cloroquina todos os dias. Ta de bom tamanho essa dosagem de 450mg durante 5 dias",1,0.1005348265171051,0.8994651436805725,,Alta
"Comprovadamente eficaz, tanto quanto   essa cloroquina? Se assim for, é evidentemente uma alternativa...","Você não entendeu. Cloroquina é barato, remédio patenteado caro. Alguém está colaborando com laboratório.",1,0.1047661006450653,0.8952338695526123,,Alta
"Enquanto uns comemoram a criação do vírus, outros fazem piada. O extremismo não nos leva a nenhum lugar. O Brasil precisa de um líder e de convergência de ideias para sair da triste situação em que vivemos.","Se por piada  a sra se refere a fala do presidente, a sra se equivoca em compará-la a do luladrão. Ele está certíssimo Eu seria mais incisiva e diria: ñ quer cloroquina, respeite quem quer e nao enche o saco Mas só o fato do presidente acordar de manhã já é ofensivo pra esquerda.",2,0.1694474816322326,0.8305525183677673,,Alta
"- Ainda não existe comprovação científica, mas sendo monitorada e usada no Brasil e no mundo. Contudo, estamos em Guerra: “Pior do que ser derrotado é a vergonha de não ter lutado.”  - Deus abençoe o nosso Brasil.","Se eu  pegar e precisar, vou usar a cloroquina.... #BrasilComBolsonaro",2,0.1837404668331146,0.8162595629692078,,Alta
"Pegue o vírus, filho duma puta. Quando o Covid começar a corroer suas entranha, vc. irá implorar pela Cloroquina igual à uma gazelinha saltitante no cio. Idiota cabeçudo !","Implorar por remédio sem eficácia comprovada e com efeitos colaterais mortais, só se eu fosse um gado acéfalo igual a você, filho de uma quenga.  Pega a cloroquina, junto com o presidente imbecil que você idolatra e enfia no koo.",1,0.1619890034198761,0.8380110859870911,,Alta
"Brasil renovou o recorde de mortes por coronavírus: 1.179. 17.971 no total!  Bolsonaro: “Quem é de direita toma cloroquina. Quem é de esquerda toma Tubaína"".  Canalha traidor!!!!","Gente toma cloroquina quem quer , aff para de criticar o homem , vcs nn sabem oq quer se fosse o Haddad também taria criticando vcs que são tudo fogo no cu",1,0.1882751584053039,0.811724841594696,,Alta
"Três pergunta simples:  As pessoas que pegavam malária, lúpus ou artrite reumatoide e usavam cloroquina estão vivas como?  Porque ninguém fez tantos alertas para elas sobre os efeitos colaterais do remédio?  A vida delas não importavam?","Carlos, olha eu aqui vivinha  Tomei cloroquina com 9 anos de idade quando tive malária. Minha família e meus amigos perderam a conta de tantas vezes que tomaram. Remédio comum lá em Rondônia. Não entendo porque essa euforia desse povo. A hidroxicloroquina já é melhorada.",1,0.1078313365578651,0.8921687006950378,,Alta
"Apresentei um projeto de decreto legislativo p/ sustar o novo protocolo do  que recomenda uso precoce da cloroquina em pacientes com #Covid19, enqto não houver estudos científicos que comprovem sua eficácia. O presidente não deveria fazer uso político de algo tão sério.",Vai trabalhar de verdade meu senhor.  Pare de picuinhas. Todos sabem da eficácia da cloroquina.,1,0.1634818017482757,0.8365182280540466,,Alta
"O alerta da OMS ao ser questionada sobre o protocolo de Bolsonaro: ""nem a cloroquina nem a hidroxicloroquina têm sido efetivas no tratamento da Covid-19 ou nas profilaxias contra a infecção pela doença. Na verdade, é o oposto""  #G1",Mas quem é a OMS junto desse louco q a gnt tem no poder?!,2,0.117208607494831,0.8827913999557495,,Alta
"Três pergunta simples:  As pessoas que pegavam malária, lúpus ou artrite reumatoide e usavam cloroquina estão vivas como?  Porque ninguém fez tantos alertas para elas sobre os efeitos colaterais do remédio?  A vida delas não importavam?","Cloroquina nunca deu efeito colateral nenhum, em ninguém, simples assim. Dono de hospital gosta é de UTIs cheias, Dono de laboratório gosta de vender remédio caro, e não a cloroquina que é praticamente de graça. É o lobby da Indústria Farmacêutica e grandes Redes Hospitalares...",1,0.1293041110038757,0.8706958889961243,,Alta
"Se a cloroquina for o veneno q dizem, como explicar as decadas d silêncio d jornalistas, cientistas e médicos enquanto milhares d pacientes africanos, brasileiros e outros com malária certamente morriam em silêncio com o uso do remédio, considerado medicamento essencial pela OMS?",Vou responder essa pergunta com outra pergunta: vc daria um remédio pra baixar a pressão pra uma pessoa q tem pressão alta ou pra quem tem asma?,2,0.1692963391542434,0.830703616142273,,Alta
"Alguém sabe se o doria mandou recolher cloroquina e hidroxicloroquina de farmácias do Estado de São Paulo? Se isso ocorreu, pra onde foram os remédios?","Fui no FB tão brigando por cloroquina, venho no twitter no momento sem tretas, vou no insta nem abre, voltarei assistir",0,0.9696469902992249,0.0303529649972915,,Random
Deputado Gil Vianna (PSL) morre vítima da Covid-19  via,"PSL... DIREITA. TOMOU CLOROQUINA? TINHA CONDIÇÕES, HOSPITAL PARTICULAR... POVO, POVO... ACORDA PRA CUSPIR! BOLSONARO Ñ VAI CHORAR MORTE DE NINGUÉM NÃO HEIN...",2,0.9601277112960817,0.0398723259568214,,Random
"Barroso alega que STF deve proibir o protocolo com Cloroquina, até quando vamos aguentar essa #ditaduradostf ?","Enquanto discutimos cloroquina, lockdown, “ainda bem” e tubaína, milhares de pessoas adoecem, outras morrem, uns de covid outros de fome. Qual sua responsabilidade nesse caos?",0,0.9830030798912048,0.0169969219714403,,Random
mano eu não faço idéia. só tô vendo o bebê falando de cloroquina e na página de boomers,Cloroquina é medicação O verde das árvores é metafetamina,1,0.9772114753723145,0.0227885078638792,,Random
"Planalto queria mudar bula da cloroquina, diz Mandetta","33% das pessoas que estavam recebendo cloroquina internadas sob monitorização – quer dizer, eles estavam lá com uma aparelhinho de eletrocardiograma contínuo – tiveram que suspender a cloroquina por arritmia grave",2,0.9829198122024536,0.0170802175998687,,Random
"- Ainda não existe comprovação científica, mas sendo monitorada e usada no Brasil e no mundo. Contudo, estamos em Guerra: “Pior do que ser derrotado é a vergonha de não ter lutado.”  - Deus abençoe o nosso Brasil.","Na 2°Guerra Mundial Hitler mandava o povo alemão usar uma droga.   A droga? Metanfetamina, que na época era considerada algo pra ""fortalecer"" as tropas alemãs e criar soldados ""invencíveis""  Ora ora ora.",2,0.0827269777655601,0.9172730445861816,,Random
Qual é a cloroquina da sua profissão?,Enlatado tem conservante.,2,0.9751437902450562,0.0248562302440404,,Random
"Gente! O primo do porteiro aqui do prédio foi trocar o pneu do Dell dele e o pneu estourou na cara da minha filha que pegou covid (Bancária), mas eles tomaram AZT+HCQ+Zinco logo, com 4 dias de cloroquina o pneu estava trocado e o Dell se recuperou #NaoCompreDell",Dell aumentou 30% os preços dos pc depois do coronga,2,0.9895244240760804,0.0104756290093064,,Random
"Mandetta acaba de falar na GloboNews que Bolsonaro queria alterar a bula da cloroquina, citando que o medicamento poderia ser usado na cura do Covid19. A cada dia que passa surgem novidades macabras deste genocida",A coisa ta pior do que podia imaginar em...,2,0.9819190502166748,0.0180809292942285,,Random
Bolsonaro admite que não há comprovação científica de eficácia da cloroquina contra a covid-19 (via ),Essa porra é do contra né,2,0.9651564359664916,0.0348435044288635,,Random
... direita ou esquerda a escolha é sua mas se poder fique em casa ... #humor #comedia #ficaemcasa #fiqueemcasa #emcasasimsozinhonunca #lavemasmãos #tubaina #cloroquina #direita #esquerda ...,"não barre o protocolo do ministério da saúde sobre a CLOROQUINA , por favor.",0,0.9755269289016724,0.0244730729609727,,Random
"O Secretário de Saúde de  informou que não vai adotar a Cloroquina. Witzel tá com Vírus Chinês e o  fez até uma matéria sobre sua recuperação, porém o jornazista sequer perguntou qual medicamente o Governador tá usando pra se recuperar. Mostra o exame aí, Witzel?","E por falar em mostrar os exames de quais medicamentos está usando para se recuperar do Vírus Chinês. Cadê os exames de vocês,  e  ?",2,0.3477436602115631,0.6522563099861145,,Random
"Pra quem ñ entendeu o trocadilho de mau gosto desse fdp q se diz presidente, foi isso q ele quis dizer sobre a Cloroquina e a 'tubaina' ...   Tomara q ele morra, e q seja logo.","Se a maioria dos médicos, não estão respaldando a cloroquina, inclusive MÉDICOS, DEIXANDO o governo por conta disto, ah, dá licença!",0,0.9536961317062378,0.0463039129972457,,Random
"O protocolo do Ministério da Saúde sobre o uso da cloroquina tem um termo de consentimento no qual o governo assume a não eficácia do medicamento, colocando toda responsabilidade pra cima do paciente.","No protocolo dividiram, ao meu ver acertadamente, a evolução da virose em três estágios, com sintomas bem específicos e diferentes entre si, que evoluem do menos grave pro mais grave; mas aí cagaram pra tudo isso recomendando (hidroxi)cloroquina + azitromicina pros 3 estágios.",2,0.2124111503362655,0.7875888347625732,,Random
"Debate sobre cloroquina acabou no mundo e só segue no Brasil, diz cientista","A torcida ""científica"" contra a cloroquina, que desqualifica qualquer médico e cientista que apresenta dados positivos. Consenso científico empurrado goela abaixo, com todo o lobby midiático disponível. Os que foram curados são o quê? Obscurantistas fanáticos da extrema-direita?",2,0.948207437992096,0.0517925396561622,,Random
Qual é a cloroquina da sua profissão?,Homeschooling   Educar é transferir conhecimento.   A Educação é a solução dos problemas da sociedade.,2,0.978775918483734,0.0212240871042013,,Random
"Bolsonaro quis alterar bula da cloroquina, diz Mandetta",aí a gente chama de ditador genocida e ui que radicalismo de esquerdopata pipipipopopó.,2,0.9871108531951904,0.0128891672939062,,Random
"A internet gratuita tá virando a cloroquina da esquerda acadêmica. Tem uma criatura dizendo que temos que ""exigir"" internet para todos os alunos. Ah, pronto, era só ""exigir""! (E como se a internet fosse todo o problema...)","Não vai rolar, mas mesmo que rolasse, muito agradável estudar do celular deitado no colchão de um cômodo em que vivem outras 6 pessoas. Sem merenda, sem silêncio, sem ergonomia mínima, sem estrutura familiar. Internet não te teletransporta da sua realidade.",2,0.4934431612491607,0.5065568685531616,,Random
"SINDICATO DOS MÉDICOS CONDENA O ""LOCKDOWN"" E PEDE O USO PRECOCE DA CLOROQUINA   ""Medidas como lockdown só servem para encobrir a incapacidade gerencial da administração pública"", diz o sindicato dos MÉDICOS"". - OPINIÃO CRÍTICA",Boas perguntas para os governadores de Estados. SINDMED Rio Grande do Norte,2,0.9869503378868104,0.0130496220663189,,Random
crm de medico prescrevendo cloroquina está manchado de sangue!,Um dos melhores textos que li nos últimos tempos. Parabéns ao Jornalista e atendente de farmácia Sandro Aurélio pelo excelente relato. . TEM CLOROQUINA?,0,0.969170093536377,0.0308299288153648,,Random
"Brasil alcançou a marca de 1179 mortes em 24 horas. E Bolsonaro faz piada: “Quem é de direita toma cloroquina, quem é de esquerda, Tubaina.” #ChegadeBolsonaro #despreparo #crise #mortes #faltadeempatia #coronavirus #Brasil #MarcoAntonioVIlla",Bom mesmo foi o de esquerda né!!!!! Agradecendo a existência de um virus que já matou mais de 280mil pessoas!!!!!! Patético demais,2,0.2318170070648193,0.7681830525398254,,Random
"Ricardo Barros: ""Ministro Chioro está fazendo um discurso político, um discurso de oposição. Não há efeitos colaterais para 99%. Olha a quantidade de países que começou a usar cloroquina"" #Debate360","Sem evidências científicas da eficácia da cloroquina, o governo Bolsonaro  patrocina o charlatanismo, o que é um crime previsto no art.283, no Codigo Penal que consiste em ""Inculcar ou anunciar cura por meio secreto ou infalível"".",1,0.93975168466568,0.0602483116090297,,Random
Doria rechaça uso generalizado de cloroquina e pede reunião de paz com Bolsonaro,Kkkkkkkkk o Doria é um brincante.,2,0.9914154410362244,0.0085845766589045,,Random
"Cloroquina, cloroquina...",A criatividade do Brasileiro é única né #BrasilQuerTrabalhar,2,0.9511644244194032,0.0488355793058872,,Random
Recomendo às entidades que atuam na defesa de Direitos Humanos a ingressarem com ações populares na Justiça Federal de suas cidades requerendo o cancelamento deste protocolo. Cabe pedir a suspensão liminar dos efeitos até que se decida o mérito. Riscos à saúde pública e ao erário,"Fizemos isso na madrugada de hoje... Contra o ato administrativo apócrifo e anticientífico do MS que “legaliza a cloroquina” distribuímos a Ação Popular n. 1029258-57.2020.4.01.3400, que está sob a análise da 8 Vara Federal Cível da SJDF em Brasília.",1,0.9625256061553956,0.0374743491411209,,Random
"Hoje  tomou uma atitude corajosa, que salvará milhares de vidas: liberou o uso da cloroquina pra todos os casos de COVID-19 no SUS, mesmo os leves  Basta o paciente autorizar o uso do medicamento, que tem se mostrado muito eficaz em diversas partes do mundo","Mais retardado que o filho, só o pai mesmo",2,0.529032826423645,0.4709671437740326,,Incerta
Já deram aula de Holocausto aos judeus e de nazismo aos alemães. Agora dão aula de Ciências pra cientistas e de Medicina pra médicos.  E comem merda se Bolsonaro receitar. Igual cloroquina.   #QuintaDetremuraSDV  #QuintaLiberdadeNoSDV  #ForaBol卐onaro,"Esse bgl dos bolsominion falando de cloroquina me irrita num nível, se essa porra nem tem comprovação científica PARA Q CARALHOS VC VAI TOMAR SEU PORRA, se entope dessa merda e morra tmb, enfia no cu",0,0.4277552366256714,0.5722447633743286,,Incerta
esses mesmos idiotas q tão enchendo o toba de cloroquina pra “se prevenir” vão estar daqui 2 anos na campanha contra vacina kk,enfia a cloroquina no rabo e gira,0,0.5230608582496643,0.4769392311573028,,Incerta
"Hoje  tomou uma atitude corajosa, que salvará milhares de vidas: liberou o uso da cloroquina pra todos os casos de COVID-19 no SUS, mesmo os leves  Basta o paciente autorizar o uso do medicamento, que tem se mostrado muito eficaz em diversas partes do mundo",Tenho provas na minha família que a cloroquina pode salvar vidas  Deus é bom! Toda a glória é de Jesus Cristo,2,0.5609683990478516,0.439031571149826,,Incerta
"""Nós não faremos a distribuição e nem aplicação generalizada da cloroquina, porque a ciência não recomenda"", disse o governador de São Paulo, João Doria.","assume genocídio p São Paulo. Se ele têm um medicamento melhor, c/ efeito imediato no início, por q na apresenta? Diga como vc vai salvar vidas. Pq lockdown, em NY ñ funcionou,  muito pelo contrário! Vários países já usam hidroxicloroquina +",2,0.5133408904075623,0.4866591691970825,,Incerta
"Como assim ""traficar cloroquina"", ?  Além de vocês cancelarem seus anúncios no  com base em uma alegação FALSA ainda anunciam no ?  Vocês concordam com esse tipo de jornal q DISSEMINA FAKE NEWS?  Não? Então por favor, retirem seus anúncios.",Retirem seus anúncios do site 247 por se tratar de uma organização comunista criminosa. Comunistas imundos são a maior desgraça da humanidade!,2,0.4623454809188843,0.5376545786857605,,Incerta
"Hoje  tomou uma atitude corajosa, que salvará milhares de vidas: liberou o uso da cloroquina pra todos os casos de COVID-19 no SUS, mesmo os leves  Basta o paciente autorizar o uso do medicamento, que tem se mostrado muito eficaz em diversas partes do mundo",queria enfiar cloroquina no rabo dessse desgraçado,2,0.4811903238296509,0.5188096165657043,,Incerta
"Em que momento surgiu a Cloroquina? Quais pacientes foram CURADOS do covid-19 pelo uso do remédio? Por que outros países não utilizam no tratamento?  Alguém sabe me explicar, tô meio confusa aqui.",esse povo n acredita em vacina mas acredita em terra planta e q cloroquina combate covid,0,0.5082783699035645,0.4917216897010803,,Incerta
A própria croloquina da parada cardíaca tem uma chame muito alto de dá efeitos colaterais deus me livre mais as mortes vai almenta mais depois dessa decisão de toma cloroquina,"Da tanta parada cardiaca que o jovem Ermando Piveta de 99 anos ja debilitado pelo covid, tomou o cloroquina e esta vivo hoje. Tanta hipocrisia e ignorancia sobre o topico. Vao se informar melhor. Fonte do estadinho ai. Esse jornaleco politizado. :",1,0.5347663164138794,0.4652336835861206,,Incerta
"Se Cloroquina fosse a solução, o mundo inteiro não estaria gastando milhões de dólares em pesquisas! Pensar ainda é gratuito.","E não doi nada ,nem mata!",2,0.5216326713562012,0.4783673584461212,,Incerta
"Continue seu trabalho e para de enxer o saco, a situação sem cloroquina ficará terrível pra vocês","Meu caro, a cloroquina já está liberada a TEMPOS aqui. Talvez você esteja alienado da realidade brasileira (normal). O problema é tratar essa droga como uma cura milagrosa.",1,0.5743155479431152,0.4256844520568847,,Incerta
"Acredito ser erro de digitação.  A cloroquina é apresentada entre 150 a 250mg, salvo engano.","No paper que vi aparece 450mg de cloroquina. Se for erro, é grave. E precisa ser imediatamente corrigido.",1,0.5798476934432983,0.4201522767543793,,Incerta
"Esquerda mete o pau na cloroquina, mas toma na hora do aperto.  Esquerda mete o pau no capitalismo, mas ganha dinheiro com ele e usufrui de todas as suas benesses.  Que nome damos a isto?",Hipocrisia. O que é próprio desses esquerdistas.,2,0.5668119788169861,0.4331879317760467,,Incerta
Engraçado que até um mês atrás se comprava cloroquina até sem receita e se distribuía de graça em postos de saúde na região amazônica por mais de 40 anos no tratamento da malária se dando até pra mulher grávida para hoje do nada virar veneno na cabeça da vagabundagem da esquerda.,Né? Kkkkk... pessoal mete paracetamol até no cu e não lêem que ele causa danos tanto quando a cloroquina.,1,0.4000931680202484,0.5999068021774292,,Incerta
"Ah, então, segundo o grupo Globo, o motivo pra não se usar a cloroquina é porque ela “tem riscos!”  Façam o favor, pessoas estão morrendo!  Vocês já leram a bula da aspirina?","Engraçado é que eles só dão voz a quem é radicalmente contra a cloroquina!! Alguém já viu Dra.Nise, por exemplo, na GloboNews ou no JN?",1,0.4834915697574615,0.5165084004402161,,Incerta
"O  divulga orientações para tratamento da Covid-19, onde a Cloroquina pode ser ministrada em casos leves, com recomendação médica e autorização do próprio paciente/família.",Vc é teimoso. Acredita nas pessoas que te convém ao dizer que tem médicos que aprova a cloroquina. Para com esta merda de mimimi. Vai trabalhar para a nação Foca seus esforços em como sair desta  crise econômica curta/longo prazo e apóia a saúde. Vc não sabe o bem q fará a nação.,1,0.4707953035831451,0.5292047262191772,,Incerta
"gente, mesmo com a ampliação do uso da cloroquina, o enfermeiro ou profissional da saúde q se encontra na situação d tratar d casos do corona vírus, ele pode escolher não usar esse medicamento ou ele é obrigado a aplicar nos pacientes?","eu não sei, sei q aqui em barueri os médicos precisam pedir autorização pra familia pra usar. o Pai do meu vizinho tava no HMB em estado grave, a familia autorizou o uso da cloroquina, porem mesmo assim ele faleceu ontem.",1,0.4770304560661316,0.5229695439338684,,Incerta
"Se não for hoje, nos próximos dias seremos o país com mais casos diários. Hoje em casos. Em poucas semanas, em mortes. Brasil acima de todos.","Mas tá tudo bem, tudo de boa... A cloroquina vai resolver tudo... E o ministério da saúde que não tem médico vai resolver....   Acho que em alguns dias vão começar a meter bala no vírus",2,0.4631445705890655,0.5368554592132568,,Incerta
CARA DE QUEM TEM NOJINHO DE COLOCAR A LÍNGUA NA CLOROQUINA...,Esse daí só viu a CLOROQUINA nos livros d biologia da 8° série! Kkkk,1,0.5713333487510681,0.4286666810512543,,Incerta
"Vocês têm noção da gravidade da denúncia feita pelo ex ministro Mandetta? Bolsonaro quis mudar a bula da cloroquina. Isso já não é mais um crime político, apenas.",é muito sério.,2,0.5698851346969604,0.4301148056983948,,Incerta
"O  divulga orientações para tratamento da Covid-19, onde a Cloroquina pode ser ministrada em casos leves, com recomendação médica e autorização do próprio paciente/família.",Com recomendação médica,2,0.5435532331466675,0.4564467072486877,,Incerta
"O novo protocolo exige informar ao paciente que ""não há estudos demonstrando benefícios"" da cloroquina contra a covid-19 e que há risco de efeitos colaterais que podem piorar sua condição, provocar sequelas e até mesmo matar.",Pra quê fazer um tratamento que não vai dar certo! E na melhor hipótese vai piorar a situação..,2,0.4933771789073944,0.506622850894928,,Incerta
Cadê as comprovações científicas de que lockdown funciona para conter a propagação do #Covid19?,"Pois é, já que a cloroquina é rechaçada por conta da ""ciência"", dizem, não é JUSTO O MESMO DISCURSO para o lockdown ?  Como HIPOCRISIA E OPINIÃO / INDIGNAÇÃO SELETIVA são procedimentos padrões da esquerda, com certeza eles darão um jeito (ou CONTORCIONISMO) para explicar.",2,0.5189205408096313,0.4810794591903686,,Incerta
"Os que ACREDITAM que a Cloroquina cura, são os mesmos que NÃO ACREDITAM que a Covid19 mata...","Meu senhor! O clamor dos cientistas devem ser menor que a vontade popular?   A exemplo da mitologia bíblica, o povo preferiu mandar p/ a morte um inocente chamado Jesus Cristo e libertar Barrabas o criminoso  Pilatos lavou as mãos para a escolha popular!",0,0.5943960547447205,0.4056040048599243,,Incerta
"Entidades médicas já se posicionaram contra a medida e a OMS, quando questionada sobre a decisão do governo brasileiro, reafirmou que além de não ter eficácia comprovada, a cloroquina pode causar efeitos colaterais graves.","Mentiroso, FDP, se vc pegar vai tomar a cloroquina  escondido igual Uip",1,0.4289568364620209,0.5710431337356567,,Incerta
A gente mora num país onde as pessoas combatem a cloroquina por efeitos colaterais e ao mesmo tempo fuma o cigarro paraguaio que vende no trem. Kkkk,O Bolsominion não acredita na doença Covid19 mas acredita no remédio Cloroquina para a doença que eles não acreditam.,0,0.4369198679924011,0.5630801320075989,,Incerta
"No dia em que o Brasil atingiu pela 1ª vez a marca de mil mortes em 24 horas, Bolsonaro voltou a defender a cloroquina. Em entrevista nas redes sociais, o presidente disse que o ministro interino vai baixar um protocolo sobre o assunto e fez uma piada #JG","Vamos salvar vidas com a Cloroquina,, está oposição  e mídia corrupta são  contra o Brasil a custos até de vidas humanas...  então digam qual o medicamento tem comprovação científica para o COVID ?",1,0.4888953268527984,0.5111046433448792,,Incerta
"Tem tubaína, né é um trocadilho tosco e infame com ""entubaí, né"". Ou seja, é zombar com o fato que se não tomar cloroquina, vai ser entubado.",E vamos de cloroquina né inferno,0,0.4263128638267517,0.5736871361732483,,Incerta
"Lembrando que a cloroquina é usada para tratar a malária; já seu derivado, a hidroxicloroquina, para artrite reumatoide, lupus e outras doenças autoimunes. Os efeitos adversos clássicos já conhecidos são a aceleração do ritmo do coração, hipoglicemia e toxidade cardíaca.","A GLOBOLIXO já tinha ""aprovado"" a utilização em mães grávidas durante governos anteriores portanto, vocês mentem! #bbcnewstubaina",2,0.5029667615890503,0.4970332980155945,,Incerta
"""Quem for de direita toma cloroquina, quem for de esquerda toma Tubaína"". NO DIA QUE O BRASIL CONTOU 1179 MORTOS, Bolsonaro faz piada...",e quem é brasileiro só toma no c*,2,0.5063556432723999,0.4936443567276001,,Incerta
Alguém precisa parar os pais desse menino. O moleque ja é insuportável e ainda é obrigado a gravar isso,"eu achei que ele ia falar ""ou vai tomar cloroquina ou vai morrer no SUS""  gelei",2,0.5756978988647461,0.4243021309375763,,Incerta
"Vi no Jornal da Globo uma descrição dos efeitos colaterais da Cloroquina e da Hidroxocloroquina.  A partira daí,  parece que é melhor dar um tiro na própria cabeça do que usar esses medicamentos. Não sei como o pessoal que usou para combater a malária sobreviveu.",Diz pra globolixo que tomei pra malaria e estou vivo até  hoje com 65 anos,2,0.5912005305290222,0.4087994992733001,,Incerta
"A promoção da cloroquina é uma farsa destinada a dar uma ilusão de segurança a população, para que abandone o isolamento. Bota economia para funcionar ,mata os trabalhadores e garante a vitória sobrevivência do capital financeiro dominante. Assassinos!",Assassinos!,2,0.4175669550895691,0.5824330449104309,,Incerta
"O medicamento é uma realidade e vem sim salvando muitas vidas, inclusive de médicos. E a polêmica em torno dele também é simples: toma quem quiser! Se você é canhotinho e calça arrochada, pode optar pela tubaína, taokey?","kkkk. Boa, indicamos cloroquina, mas se quiser pode tomar tubaína, acho que foi educado até demais... Vergonhoso foi Lula agradecer o mostro do vírus, esse sim é um sem vergonha. #LulaTorcePeloVirus #tubaina",2,0.5949885845184326,0.4050115048885345,,Incerta
Qual é a cloroquina da sua profissão?,não lembro qual é a minha profiss,2,0.4382506608963012,0.5617493391036987,,Incerta
Foda_Se a cloroquina,olha se eu ver esse menino falando cuscuz denovo eu vou ser obrigado a ingerir toda aquela cartela de cloroquina msm,0,0.4721792936325073,0.5278206467628479,,Incerta
"Cloroquina não tem eficácia comprovada e muitos países limitaram o uso, diz OMS.",OMS está com dias contados será?,1,0.5401480197906494,0.4598519504070282,,Incerta
"meu maior aprendizado da residência foi que muitas vezes os profissionais de saúde, sem perceber, não querem tratar a pessoa mas tratar a angústia deles de precisar fazer algo  melhor participar de um balint ou fazer psicoterapia pra tratar isso que prescrever cloroquina","Vamos lembrar que qdo morrem mais de 1000 pessoas em um dia numa pandemia e o governo faz piadinha de Cloroquina/Tubaína é pro foco virar a piada e as brigas, piadas sobre a piada e indignações consequentes e não o fato em si. Isso tudo que eles fazem é muito consciente.",0,0.4555926024913788,0.5444073677062988,,Incerta
já já vai receitar cloroquina.,Cloroquina no covid dos outros é refresco.,0,0.5911157727241516,0.408884197473526,,Incerta
"Quem é a favor da vida, tem por obrigação boicotar esses locais.","Defender cloroquina é diferente de apoiar irresponsabilidades ou fake news explícitas. Cloroquina não tem estudos que comprovam sua eficácia, mas não existe nenhum. Acreditar pode ser buscar uma esperança. Só não pode afirmar que CURA A DOENÇA.",1,0.4512405097484588,0.5487595200538635,,Incerta
"José Serra apresentou um projeto para barrar o novo protocolo da cloroquina. O senador pede que o protocolo não entre em vigor enquanto não houver estudos científicos que comprovem sua eficácia. VALERÁ TAMBÉM PARA OS PACIENTES DO ALBEEINSTEIN,OU SÓ OS POBRES NÃO PODERÃO TOMAR?","O vampiro quer que o povo morra, antes de ""provar cientificamente = aceitação da indústria farmacêutica"".",2,0.4124653041362762,0.5875346064567566,,Incerta
"Apresentei um projeto de decreto legislativo p/ sustar o novo protocolo do  que recomenda uso precoce da cloroquina em pacientes com #Covid19, enqto não houver estudos científicos que comprovem sua eficácia. O presidente não deveria fazer uso político de algo tão sério.","Esse faz isso, vai ficar por isso mesmo???!!!",2,0.4577933549880981,0.5422067046165466,,Incerta
"Apresentei um projeto de decreto legislativo p/ sustar o novo protocolo do  que recomenda uso precoce da cloroquina em pacientes com #Covid19, enqto não houver estudos científicos que comprovem sua eficácia. O presidente não deveria fazer uso político de algo tão sério.",Olhem só o que esse burocrata pretende fazer.,2,0.4272212088108063,0.5727787613868713,,Incerta
"os eleitores do bolossauro destruíram a minha vida, simplesmente. eu me recuso a continuar com ""cloroquina la do sus"" na cabeça o dia inteiro.","Vocês me desculpem mas não existe maneira nenhuma de colocar a piada do bolsonaro sobre cloroquina no mesmo saco de gatos que o Lula dizendo abertamente ""ainda bem que tá todo mundo morrendo para provar meu ponto"" Fazer isso só alivia o lado do Lula.",0,0.4594334959983825,0.5405665040016174,,Incerta
"""Quem for de direita toma cloroquina, quem for de esquerda toma Tubaína"". NO DIA QUE O BRASIL CONTOU 1179 MORTOS, Bolsonaro faz piada...",No dia em que o bandido presidiário 9 dedos declara que o monstro do coronavirus foi ótimo para o Brasil.,2,0.5077331066131592,0.4922669231891632,,Incerta
"O TUCANO, CORRUPTO JOSÉ SERRA  vai apresentar um projeto no congresso, pra suspender o protocolo da Cloroquina. Enquanto isso, se ele ou a família forem infectados, vão tomar o medicamento, na rede privada, que já tem protocolo. VERME!! DESGRAÇADO!!","achava que eu tava noiando, M****** escreveu um termo de recusa de cloroquina e outras medicações exigindo inclusive revisao do prontuário caso ela morra....... essa mulher faz TUDO",0,0.4647709131240845,0.5352290272712708,,Incerta
"(...) cloroquina aquele que nunca pecou. Lázaro, toma a cloroquina e sai! Bem-aventurados os pobres de espírito, porque deles é o reino da cloroquina. Mas buscai primeiro o Reino de Deus, e toda a cloroquina vos será acrescentada. E qual dentre vós é o homem que, pedindo-lhe...","(...) pão o seu filho, lhe dará cloroquina? Vinde a mim as criancinhas com a cloroquina.   Copyright  Valentina De Botas Rosselli. Todos os direitos reservados",1,0.4294042885303497,0.5705956816673279,,Incerta
Calma não fique contráriada. Se vc contrair pode tomar urina do Lula que cura. A forma supositória de cloroquina sai nos próximos dias.,"Como assim jovem??? Sou Bolsonaro e acredito na cloroquina, vc é muito inocente!!!",1,0.5072439908981323,0.4927560091018677,,Incerta
Pegou o covid19? Simples não tome a Cloroquina e tenha uma eternidade feliz seu gesto salvará quem precisa.,Se cloroquina fizesse algum efeito no tratamento eu tomaria com prazer!! Infelizmente é apenas mais uma ilusão política... e pessoas como você acham que refutam fato/ciência com opinião... muito triste,1,0.5295982360839844,0.4704018235206604,,Incerta
Imagina seu filho ser assim,Isso que dá usar cloroquina na gravidez,2,0.5421417951583862,0.4578582048416137,,Incerta
"Se a cloroquina for o veneno q dizem, como explicar as decadas d silêncio d jornalistas, cientistas e médicos enquanto milhares d pacientes africanos, brasileiros e outros com malária certamente morriam em silêncio com o uso do remédio, considerado medicamento essencial pela OMS?","Gente, pela milésima vez RISCO / BENEFÍCIO  Se tivesse evidência que o benefício de usar a cloroquina na covid é maior que o risco a gente usava, é isso",2,0.1940407902002334,0.8059592247009277,,Alta
"- Ainda não existe comprovação científica, mas sendo monitorada e usada no Brasil e no mundo. Contudo, estamos em Guerra: “Pior do que ser derrotado é a vergonha de não ter lutado.”  - Deus abençoe o nosso Brasil.",Alguém dá um IMOSEC pra ver se para de sair tanta bosta desse homem!,2,0.1495566070079803,0.850443422794342,,Alta
"Olha aí  , continue lutando pelo bem do povo em várias frentes, equilibrando saúde e economia, é o que precisamos que um presidente faça, tome decisões em tempo. Portugal, não teve efeitos colaterais . A esquerda e os opositores mentem .",Olha aí.,2,0.1450635492801666,0.854936420917511,,Alta
"- Ainda não existe comprovação científica, mas sendo monitorada e usada no Brasil e no mundo. Contudo, estamos em Guerra: “Pior do que ser derrotado é a vergonha de não ter lutado.”  - Deus abençoe o nosso Brasil.",A tua piscina tá cheia de ratos Tuas ideias não correspondem aos fatos O tempo não para,2,0.19285249710083,0.8071475028991699,,Alta
O Mandetta deveria dar uma aula de como seguir a CIÊNCIAAAA para os médicos da Casa Branca que receitaram Cloroquina para o Trump!  Será que esses médicos de araque não viram no Jornal Nacional que o medicamento não tem comprovação científica e ainda pode fazer mal?!,"Se a cloroquina for d interesse da #Globolixo pode usar, ñ faz mal más se for contra seus interesses aí ñ pode  Isto mostra q a torcida pelo vírus e um alto índice de mortatalidade por covid 19 é grande .",0,0.1019775047898292,0.8980225324630737,,Alta
"- Ainda não existe comprovação científica, mas sendo monitorada e usada no Brasil e no mundo. Contudo, estamos em Guerra: “Pior do que ser derrotado é a vergonha de não ter lutado.”  - Deus abençoe o nosso Brasil.","O presidente Jair Bolsonaro comentou, nesta quarta-feira (20/05), a recente decisão do Ministério da Saúde em liberar o uso da cloroquina para pacientes com sintomas leves de Covid-19. Ele afirmou que o medicamento não tem eficácia comprovada cientificamente #Metrópoles",2,0.1069642677903175,0.8930357694625854,,Alta
E se a gente fizer um grande acordo de não proibir eles de tomarem essas coisas?,"Exato. Eu acho que tem que deixar msm. Tem que tomar msm, enfiem cloroquina até no cu e que seja aplicado o princípio da seleção natural.",1,0.1009465456008911,0.8990533947944641,,Alta
"O presidente Bolsonaro autorizando o protocolo da cloroquina no SUS, o Dória vai proibir seu uso nos hospitais públicos? Quero ver se ele terá cara e coragem pra fazer isso. Vai ser responsável por milhares de mortos?",Desafio a você dória,2,0.1345359236001968,0.8654640316963196,,Alta
"“Redução dos glóbulos brancos, disfunção do fígado, disfunção cardíaca e arritmias”",Jornalistas só colocam em destaque o lado negativo da cloroquina. Sabemos q todos os medicamento têm  seus efeitos colaterais quando usado de forma incorreta. Mas querem ofuscar sua eficacia  no tratamento do vírus chinês.,1,0.1278739273548126,0.872126042842865,,Alta
"Apresentei um projeto de decreto legislativo p/ sustar o novo protocolo do  que recomenda uso precoce da cloroquina em pacientes com #Covid19, enqto não houver estudos científicos que comprovem sua eficácia. O presidente não deveria fazer uso político de algo tão sério.","O múmia,fica na sua aí, já sugou o dinheiro do povo brasileiro a vontade, agora quer ver o povo morrer vtnc #EuApoioBolsonaro",2,0.151548221707344,0.8484517931938171,,Alta
"No dia q o desgoverno  mudou o protocolo para recomendar cloroquina em casos leves, lamentamos a morte por coronavírus do dep. estadual Gil Vianna, do PSL do RJ, que usou o remédio, mas infelizmente não conseguiu se salvar. Não há provas que cloroquina cura Covid-19",Nem ha prova de a Cloroquina o matou.. Vagaba.,1,0.1481864005327224,0.8518136739730835,,Alta
"O  divulga orientações para tratamento da Covid-19, onde a Cloroquina pode ser ministrada em casos leves, com recomendação médica e autorização do próprio paciente/família.",Uma pergunta: os médicos até hoje estavam impedidos de prescrever cloroquina em casos leves caso julgassem ser o melhor tratamento?,1,0.1506240367889404,0.8493759632110596,,Alta
e teu pai que tomava cloroquina pra se prevenir contra o coronavirus,"xingamentos do futuro: e o teu, q era tiktoker",2,0.1430833488702774,0.856916606426239,,Alta
"Vi no Jornal da Globo uma descrição dos efeitos colaterais da Cloroquina e da Hidroxocloroquina.  A partira daí,  parece que é melhor dar um tiro na própria cabeça do que usar esses medicamentos. Não sei como o pessoal que usou para combater a malária sobreviveu.",Isso que me pergunto! Agora pesquisa o feito colateral de qualquer medicação que você vai ver os efeitos colaterais,2,0.1093841567635536,0.8906158208847046,,Alta
"Passamos os países europeus em número de casos, mas passamos subindo MUITO mais. É uma outra tendência. Não vamos parar nem de longe no número de mortes deles, mesmo se controlássemos nossa epidemia agora. O que estamos longe de fazer.","Bora pra frente Brasil, a cloroquina salva né?",2,0.1308455765247345,0.8691545128822327,,Alta
o melhor de tudo que o “paciente” assina e se responsabiliza por qualquer efeito colateral e dano causado a própria saúde. AMADOS ???  que saudades faz um governo em um país,É o que eu digo aqui em casa: Não assinem nada e recusem o uso da Cloroquina caso precisem ser hospitalizados! JÁ FOI PROVADO QUE A CLOROQUINA NÃO TEM EFICIÊNCIA CONTRA O VÍRUS! OMS só liberou o uso em estudos clínicos (justamente para provar ou refutar a eficiência),2,0.1321275681257248,0.8678723573684692,,Alta
"- Ainda não existe comprovação científica, mas sendo monitorada e usada no Brasil e no mundo. Contudo, estamos em Guerra: “Pior do que ser derrotado é a vergonha de não ter lutado.”  - Deus abençoe o nosso Brasil.",se entope de cloroquina com gasolina entao seu velho sarnento vai tomar no meio do seu cu,2,0.1023160591721534,0.8976839780807495,,Alta
"Nas últimas semanas, por exemplo, vejo que a administração da Ivermectina está trazendo alguns bons resultados. Se, mais na frente, ela se destacar, o trabalho e o tempo concentrado na produção da Cloroquina nunca será recuperado.","Se surgir uma droga que, baseado em evidências clínicas, assuma uma melhor colocação que a cloroquina, que fabriquem em massa também. Isso não é jogar trabalho e tempo fora, mas assumir riscos. Não dá pra trabalhar com a certeza o tempo todo.",1,0.1048037260770797,0.8951963186264038,,Alta
"José Serra apresentou um projeto para barrar o novo protocolo da cloroquina. O senador pede que o protocolo não entre em vigor enquanto não houver estudos científicos que comprovem sua eficácia. VALERÁ TAMBÉM PARA OS PACIENTES DO ALBEEINSTEIN,OU SÓ OS POBRES NÃO PODERÃO TOMAR?","se isto for verdade, me mostre o estudo que fala que lockdown funciona, que quarentena funciona, que o protocolo usado até agora funciona... deixa o povo escolher... já somos obrigados a votar queremos tb o direito de escolher o que nos parecer melhor",2,0.1464439332485199,0.8535560369491577,,Alta
"“Redução dos glóbulos brancos, disfunção do fígado, disfunção cardíaca e arritmias”",Eu fiquei curado com cloroquina...Não espere a Evolução do vírus....se for para morrer que pelo menos tente sobreviver!!!!!,1,0.1288257092237472,0.8711743354797363,,Alta
"- Ainda não existe comprovação científica, mas sendo monitorada e usada no Brasil e no mundo. Contudo, estamos em Guerra: “Pior do que ser derrotado é a vergonha de não ter lutado.”  - Deus abençoe o nosso Brasil.",PELO AMOR DE DEUS VELHO VAI TOMA NO CUUUUUUUUUUUUUUUUUUUUUUUUU,2,0.1783313006162643,0.8216686844825745,,Alta
"Pessoal que absurdo é esse? O governo quer USAR cloroquina em pacientes testados positivos com sintomas leves! Estão querendo manipular a opinião pública tipo: Se nós pacientes leves der certo, vamos par o plano B. Aplica nós mais graves tbm. E se der errado?#ForaBolsonaro",Cadê a mesma galera que disse que ele Trump tava fazendo o certo?,0,0.1830235719680786,0.8169764280319214,,Alta
Caramba! Quais seriam as alternativas ao respirador?,"Se o negocio que parece ser uma saída não funciona, fudeu. Qnt a cloroquina, tem q fuder o bolso por ter criado essa celeuma em cima de um kct de medicamento. Se eu chego em um hospital e um medico vem me perguntar qual remedio eu vou tomar, eu mando ele pra pqp.",1,0.1161431074142456,0.8838568925857544,,Alta
"Chega de quarentena: se o prefeito de SP, e que mais causou mortes por COVID-19 ao sempre negar o tratamento pela população, anunciou o uso da Cloroquina, todas as cidades podem fazer o mesmo. Volte o comércio  Volte a normalidade   A #GloboLixo tem as mãos sujas de sangue","Incompetência administrativa,improbidade com a vida alheia junto com a globolixo vocês vão queimar no fogo inferno,Doria,covas e globo",2,0.139872059226036,0.8601279854774475,,Alta
e quando que a gente vai salvar esse coitado dos próprios pais?,quem é o doido q vai trocar um cuscuz por cloroquina?,2,0.106546975672245,0.8934530019760132,,Alta
"Bolsonaro receita remédio que o mundo contesta e o gado apoia, interfere na PF pra proteger os milicianos dos filhos e o gado berra. Exército paga seis vezes mais que o preço normal da cloroquina, sem licitação e o gado se faz de surdo.","Certíssimo, a esquerda não está criticando a Liberação da Cloroquina? Se pegarem Covide19 tomem Tubaína,deixem a cloroquina para quem acredita!",0,0.9724147915840148,0.0275851730257272,,Random
"Professora de Português usa WhatsApp da turma para postar vídeo da  sobre cloroquina.  Nada como ter cabos eleitorais infiltrados nas escolas, né Deputada?  E.E. João Augusto de Melo, em Ribeirão Preto-SP",Vão vendo.  . .,2,0.975438952445984,0.0245610661804676,,Random
"Mas se qualquer ‘bostinha’ do Estadão pegar o vírus, não tome Cloroquina, não. Tome o que os PeTralhas iguais a vocês mandarem, viu !","Pode deixar, a cloroquina é toda sua!",1,0.3911852538585663,0.6088147163391113,,Random
"O Funari no meio da aula solta um ""Cloroquina filosófica"" kkkkkkkkkkkkkk","Maconheiro n tá nem p vida meu consagrado, os cara só quer fuma em paz e ir p casa comer  Maconheiro n tá nem aí pra vcs falando de cloroquina bolsomito",0,0.7692278623580933,0.2307721674442291,,Random
Corre pelas redes. É uma interpretação da gracinha de BoZo com a cloroquina.  Bem possível que ele tenha querido dizer isso mesmo. Ele é perverso o suficiente.,"""Ah, mas o Lula disse uma frase infeliz""!",2,0.9798725843429564,0.0201273784041404,,Random
"Safados, assassinos, genocidas... Governantes que estão proibindo o uso da cloroquina na rede pública de estados e municípios tem que ser denunciados, processados, julgados e condenados por assassinatos em série e com premeditação. Têm que pegar cana grossa.","Qual foi Bolsonaro, já que liberou a cloroquina, libera a metilenodioximetanfetamina e a codeína também",0,0.9626442193984984,0.0373557060956954,,Random
"O  divulga orientações para tratamento da Covid-19, onde a Cloroquina pode ser ministrada em casos leves, com recomendação médica e autorização do próprio paciente/família.","Graças a Deus, o senhor conseguiu,  #BrasilComBolsonaro",2,0.8341322541236877,0.1658677607774734,,Random
Sem leito no hospital?  Sem problema : Cloroquina + chá  de boldo + desligar a Globo + dar bandinha na Prainha tomar um chimas com os gu gu e as gu gu,beber vitamina de cloroquina e alcool em gel pra curar a covid,0,0.3986423015594482,0.6013576984405518,,Random
ih gente deixa o povo tomar cloroquina  a seleção natural cuida do resto,mano O MUNDO TODO FALANDO QUE CLOROQUINA NAO FUNCIONA  e o imbecil do presidente continua insistindo nessa porra  pra mim é de duas uma: ele é dono de uma fabrica de cloroquina ou tem amigos que sao donos de uma fabrica de cloroquina,0,0.941555917263031,0.0584440268576145,,Random
"Bolsonaristas criam 'corrente do bem' e se medicam com cloroquina, azitromicina e antipulgas","Ok, continuem tomando então, até o suor se transformar em Cloroquina líquida",1,0.9850370287895204,0.0149629320949316,,Random
"Para a direita, cloroquina. Para a esquerda, tubaina, para o centrão, propina. No avião do presidente? Cocaína",Comendo o c* do povo sem vaselina.,2,0.971799910068512,0.0282001048326492,,Random
E os doentes mentais defendendo cloroquina por ter eficácia contra MALÁRIA?,"Bolsonaristas se medicam com produto antipulgas, hahahahahahaha. Que desgraça (via )",0,0.2138653993606567,0.7861346006393433,,Random
"Bolsonaristas criam 'corrente do bem' e se medicam com cloroquina, azitromicina e antipulgas",Essa gente é um desperdício de oxigênio. Todo fanático o é.,2,0.9840475916862488,0.015952406451106,,Random
"Marinho e seus especialistas. Cloroquina pode levar a óbito súbito? Quem tem malária, lúpus e artrite pode parar de tomar já, doutor? ""Toda a comunidade médica"". Fale por si. O Conselho Federal de Medicina confirmou o protocolo.  E aí, doutor especialista dos marinho?",BOM DIA   #GloboLixo,2,0.9599590301513672,0.0400409325957298,,Random
"""O deputado estadual Gil Vianna (PSL/RJ), que morreu na noite de ontem em decorrência de complicações da Covid-19, foi tratado com cloroquina.""",AMEM! DESOCUPOU UMA UTI PRA QM PRECISA!,2,0.9816704988479614,0.0183295588940382,,Random
"Para a direita, cloroquina. Para a esquerda, tubaina, para o centrão, propina. No avião do presidente? Cocaína",Que país é esse?,2,0.9720817804336548,0.027918167412281,,Random
"Bolsonaro queria mudar a bula do remédio, não deixaram. O tal protocolo é ctrl C + ctrl V do parecer do CFM. Uso off label é com os médicos. O resto é narrativa.","Pergunta: Se você pegar a Covid 19, vai ou não tomar a Cloroquina??? Não acha justo que pacientes do SUS tenham o mesmo direito de acesso à medicação como os pacientes dos melhores hospitais de São Paulo? Equidade sim!!!",1,0.0664834305644035,0.933516561985016,,Random
"Bolsonaristas criam 'corrente do bem' e se medicam com cloroquina, azitromicina e antipulgas",E antipulgas....................,2,0.9924179315567015,0.0075821345672011,,Random
PRONTO FECHADO  CLOROQUINA É O REMÉDIO  RETWEETEM  SIGA-NOS SIGO DE VOLTA NA HORA,Se um resfriado chegar na esquina eu tomo.,2,0.9531678557395936,0.0468321405351161,,Random
STF deve barrar protocolo da cloroquina,Só no Hospício aprovam este protocolo de cloroquina!!!,1,0.9941673278808594,0.0058326148428022,,Random
"Bolsonaristas criam 'corrente do bem' e se medicam com cloroquina, azitromicina e antipulgas",meu Deus,2,0.9873062372207642,0.0126937879249453,,Random
Será que a gente tá tão anestesiado que diante de tanta coisa grave acontecendo nada é feito? Não é possível.,"A meta da pasta é conseguir disponibilizar 6,8 milhões de comprimidos (de 150mg) até agosto.",0,0.924405574798584,0.0755943804979324,,Random
"Marinho e seus especialistas. Cloroquina pode levar a óbito súbito? Quem tem malária, lúpus e artrite pode parar de tomar já, doutor? ""Toda a comunidade médica"". Fale por si. O Conselho Federal de Medicina confirmou o protocolo.  E aí, doutor especialista dos marinho?",É um imbecil.,2,0.306997537612915,0.693002462387085,,Random
Qual é a cloroquina da sua profissão?,José Padilha,2,0.9841377139091492,0.015862300992012,,Random
Bolsonaro admite que ainda não existe prova científica sobre cloroquina,Então ele admite também que ao protocolar o uso está cometendo algum crime contra a saúde da população.,2,0.9441307187080384,0.055869236588478,,Random
"“Redução dos glóbulos brancos, disfunção do fígado, disfunção cardíaca e arritmias”","QUEM QUISER TOMA CLOROQUINA. QUEM NÃO QUISER TOMA TUBAÍNA ( BEBIDA MUITO APRECIADA NO NORTE DO BRASIL, PARECIDA COM O GUARANÁ )!!!",1,0.4955235421657562,0.5044764280319214,,Incerta
a criança chata do cuscuz com ovo é bolsominian ainda,a criança nem deve saber oq é cloroquina clorofila serafina sei la sa merda,2,0.4279506206512451,0.5720493793487549,,Incerta
"""Quem for de direita toma cloroquina. Quem é de esquerda toma Tubaína"". Não foi um adolescente que disse essa frase. Foi o presidente do Brasil.","adolescente já teria mais maturidade mental pra não falar isso, essa fala é de criança de 8 anos mesmo",2,0.4672121405601501,0.5327878594398499,,Incerta
"USO DE CLOROQUINA AMPLIADA NO BRASIL  Ministério da Saúde amplia a possibilidade de uso do medicamento para casos leves de coronavírus. Não há, porém, evidência científica de que a droga tenha eficácia no tratamento. Siga o fio e veja o que muda    Gerard Julien/AFP","COMO QUE A GENTE AUMENTA O USO DE UM REMÉDIO QUE NÃO TEM EFEITO COMPROVADO? O PRESIDENTE SURTOU? O Teich saiu por isso né? Não tem como usar um remédio que não ajuda no tratamento de uma doença que tá super em alta, provocando uma pandemia, simplesmente por que sim (?)",2,0.5480988025665283,0.4519012570381164,,Incerta
Se vc ou alguém de sua família precisar...disponha...,"Bolsonaro é um idiota.que perdeu dois ministros por causa desta cloroquina. Leia o Protocolo que você cita. Lá está escrito com todas as letras que ""leva a óbito"". No inicio da doenca só toma quem é idiota. Em casos graves já podia usar.",1,0.4349918067455292,0.5650081634521484,,Incerta
Antipulgas,"eh maldade minha, pensar que quero muito ver eles dando entrada nos hospitais com covid E efeitos colaterais da cloroquina?pq eu nao sinto q eh :V",1,0.4050292670726776,0.5949707627296448,,Incerta
"Sem respaldo científico, cloroquina também é defendida por Maduro na Venezuela",Maduro e Bolsonaro juntos pela cloroquina e contra a ciência!!!,2,0.526709794998169,0.4732902348041534,,Incerta
"O Ministério da Saúde divulgou nova orientação para os médicos do SUS, permitindo o uso de cloroquina e hidroxicloroquina na fase inicial da Covid-19. O uso dos remédios, sem eficácia comprovada, é alvo de críticas de associações médicas:  #JN","Deixa essa parada rolar, nessas horas tudo é válido. Meu sogro e minha sogra são médicos e os mesmos falaram que o remédio ta gerando bons resultados no hospital onde atuam",2,0.4410357773303985,0.5589642524719238,,Incerta
"O Ministério da Saúde divulgou nova orientação para os médicos do SUS, permitindo o uso de cloroquina e hidroxicloroquina na fase inicial da Covid-19. O uso dos remédios, sem eficácia comprovada, é alvo de críticas de associações médicas:  #JN","É de assutar o termo de consentimento... Putz  é mais ou menos assim: olhe você pode tomar, mas pode não funcionar, pode ter problemas em órgãos, pode morrer e não temos nada haver com isso.",2,0.5998582243919373,0.4001417458057403,,Incerta
Tubaína é ótima não tem nenhum efeito colateral já a cloroquina tomada sem acompanhamento médico pode matar,Será que estão falando da msm cloroquina??,1,0.597271203994751,0.4027287662029266,,Incerta
"Para o gado, todos esses ai são de esquerda.  Pesquisadores divulgam documento contra a liberação do uso de cloroquina sem comprovação científica","O protocolo da cloroquina serve para sabotar o isolamento social. Concordo que não há comprovação científica de que ela é eficaz, mas tbm não há comprovação de que não é.",1,0.4857682585716247,0.5142317414283752,,Incerta
"Xi, já vi que seu caso é de rivotril, e não cloroquina. Tá delirando. Quem tá tirando direito de escolha? Só estamos tentando mostrar que não funciona e é perigoso. Se vc quiser usar assim msm, se afoga na cloroquina amigo, ngm vai te impedir não.","P.s.: antes do Bolsolixo começar a propagar as fake news dele por aí, a cloroquina era vendida sem receita, era só ir na farmácia e pegar. Graças ao retardado, agora não só precisa de receita, como é difícil de achar. Se alguma coisa, a culpa disso foi dele tbm. Lixo genocida.",1,0.5659018754959106,0.4340981245040893,,Incerta
Protejam ela. Certifiquem-se que ela não vai morrer tomando Cloroquina,"Ela sempre foi contra, e agora ?? duvido que nao irao fazer nada !!",2,0.4360133707523346,0.563986599445343,,Incerta
"Hoje  tomou uma atitude corajosa, que salvará milhares de vidas: liberou o uso da cloroquina pra todos os casos de COVID-19 no SUS, mesmo os leves  Basta o paciente autorizar o uso do medicamento, que tem se mostrado muito eficaz em diversas partes do mundo",Isso vai dar M* Enxurrada de processos...e mais mortes!,2,0.5482907295227051,0.4517092704772949,,Incerta
"A promoção da cloroquina é uma farsa destinada a dar uma ilusão de segurança a população, para que abandone o isolamento. Bota economia para funcionar ,mata os trabalhadores e garante a vitória sobrevivência do capital financeiro dominante. Assassinos!","Chamando a população de idiota Ex governador ? O Sr vive de alta aposentadoria paga por nós paranaense, , nunca trabalhou na iniciativa privada , não sabe o que é trabalhar para receber salário",2,0.4369245171546936,0.5630754828453064,,Incerta
"Apresentei um projeto de decreto legislativo p/ sustar o novo protocolo do  que recomenda uso precoce da cloroquina em pacientes com #Covid19, enqto não houver estudos científicos que comprovem sua eficácia. O presidente não deveria fazer uso político de algo tão sério.",Senador as pessoas está se SALVANDO com o remédio,2,0.559135913848877,0.4408641159534454,,Incerta
Militar nomeado no SUS publicou fake news sobre cloroquina e ofendeu OMS,Não falei que com a pesquisa que deixa somente 20% a favor de Bolsonaro e 76% a favor do isolamento ia disparar as fake news e robôs na mídia social. Eu estou sentindo isso nitidamente.,2,0.5991737842559814,0.4008262455463409,,Incerta
"Se a cloroquina for o veneno q dizem, como explicar as decadas d silêncio d jornalistas, cientistas e médicos enquanto milhares d pacientes africanos, brasileiros e outros com malária certamente morriam em silêncio com o uso do remédio, considerado medicamento essencial pela OMS?","Paula, o problema é universalizar o uso e colocar cloroquina como política de saúde pública. Não serve para covid19. E 33% das pessoas podem ter arritmia cardíaca. Em um hospital, é possível reverter o problema. Se usarem em casa, pode vir a óbito.",1,0.4948393106460571,0.5051607489585876,,Incerta
"... ou a cloroquina possam ter um efeito clinicamente importante”. Ao final do trabalho, concluiu-se que “não existem evidências robustas de alta qualidade que possibilitem a indicação de uma terapia farmacológica específica para a COVID-19.” (Continua)","A Sociedade Americana de Doenças Infecciosas, em documento publicado em 11 de abril, recomenda que a hidroxicloroquina e a cloroquina, isoladamente ou associadas a azitromicina, só sejam utilizadas em pacientes internados apenas dentro de protocolos clínicos de pesquisa.",1,0.4138014614582062,0.5861985683441162,,Incerta
A piada Vulgar de Bolsonaro sobre cloroquina foi sobre liberdade de escolha; a declaração grotesca de Lula sobre dádiva do vírus e a tutela do estado foi sobre a possibilidade da tirania que tutela o indivíduo .,Cirúrgico comentário! É sobre liberdade X tutela estatal!  Poder de escolha X Estado comandando sua vida!,2,0.5504432916641235,0.4495566785335541,,Incerta
Nasa descobre possível universo paralelo onde tempo passa ao contrário,nesse universo a cloroquina funciona pro covid genter,2,0.4481380879878998,0.5518619418144226,,Incerta
"Apesar das novas orientações para utilização do medicamento no Brasil, a  Organização Mundial da Saúde alerta que a cloroquina não tem eficácia comprovada contra a Covid-19",Então qual que tem seus nojentos? Quando em 2016 vcs da imprensa recomendaram e cobraram o uso da cloroquina em gestantes e sem estudo algum. Agora só porque o presidente é o Bolsonaro vcs estão enchendo o saco? Vão te catar seus malditos.,1,0.4445018768310547,0.5554981231689453,,Incerta
Estou completamente traumatizado depois desses dias sem conta e ter que ficar no Instagram enquanto isso. Sigo muitos médicos e fisioterapeutas. E lá tá uma desinformação absoluta. Médico figurão com milhões de seguidores e dono de curso dizendo que cloroquina mata Foi de chorar,"Teve um que tava se achando muito esperto pq pegou um artigo que fez uma revisão sistemática em todos os estudos sobre Cloroquina até agora e chegou a conclusão que aumenta a mortalidade. O espertao so nao diz que isso é óbvio, a Cloroquina é aplicada só nos pacientes gravíssimos",1,0.5463852286338806,0.4536148011684418,,Incerta
"O médico terá liberdade para o uso, e os pacientes que aceitarem fazer o tratamento com a cloroquina terão que assinar um termo de consentimento. Ainda de acordo com o protocolo, a cloroquina “deve ser usada com precaução em portadores de doenças cardíacas, hepáticas ou renais.","O problema e se governador mandar dar dose de 800mg pra matar o paciente e dizer que a cloroquina tá matando, se. Não  me engano seria 400mg",1,0.4275431632995605,0.5724568367004395,,Incerta
Qual é a cloroquina da sua profissão?,Eu não sei nem se tenho profissão... rs,2,0.5160143971443176,0.48398557305336,,Incerta
Veja como se toma Cloroquina!!,#Debate360  o governo não tem o controle das pessoas que estão usando cloroquina? Nenhum tipo de dado? Já estamos há dois meses nessa situação e muita gente - pelo menos aqui em Belém - fez uso deste medicamento.,0,0.5815957188606262,0.4184042811393738,,Incerta
Já tá vendendo Cloroquina na Havan?,tá quase,2,0.4394639432430267,0.5605361461639404,,Incerta
ué mas em alguns comentários a cima você mandou o cara ir queimar a rosca KKKKKKKKKKKKK deve ser foda raciocinar usando meio neurônio ne a cloroquina tá fazendo efeito errado em,Kkkkkkkkkkk bateu errado a cloroquina,1,0.4081961810588836,0.5918038487434387,,Incerta
"""Nenhum estudo observacional publicado sugeriu claro benefício. Pelo contrário, vários indicaram potenciais malefícios"", dizem pesquisadores da Fiocruz, USP, UFRJ, UEA e Academia Nacional de Medicina sobre a cloroquina.",A Fiocruz que fez aquele estudo que MATOU mais de 10 pessoas em Manaus? Deveriam estar sendo investigados e quem autorizou e ministrou as quantidades de hidroxicloroquina com quantidades absurdas já deveriam estar presos. A Fiocruz puxadinho do PT!,2,0.4231467247009277,0.5768532752990723,,Incerta
"Apesar de o Ministério da Saúde ter mudado o protocolo médico de uso da cloroquina no tratamento da Covid-19, o governo fez uma ressalva técnica admitindo que, na prática, a droga não tem eficácia comprovada #Metrópoles","Sacanagem impor aos doentes, já desesperados por cura, a decisão de assinar o documento para uso da cloroquina.",0,0.5311434864997864,0.4688565135002136,,Incerta
"Antes a Globo “receitava” cloroquina até pra mulher grávida. Hoje dão a entender que é mais perigosa que o próprio coronavírus... POR QUE SERÁ, né? #TorcidaOrganizadaDoCoronavírus",É muito mal caratismo mesmo! A rede Globo é canalha demais,2,0.5048108696937561,0.4951891601085663,,Incerta
"Direita toma cloroquina,  esquerda toma tubaina. Simples assim!","Mas heim, , se fosse a Dilma vocês estariam fazendo BO em delegacias, né?",0,0.5538685917854309,0.4461313486099243,,Incerta
Pesquisadora desmonta a farsa da cloroquina de forma avassaladora diante de médicos,vcs ja conversaram com medicos e pesquisadores a favor da Cloroquina?,1,0.4939761459827423,0.5060238242149353,,Incerta
"Para a 'Cloroquina' ser novamente aceita e receitada, basta o PR ser contrário! Ele diz: não presta OK Amanhã estará em todos os receituários...","O médico que receita cloroquina é o mesmo que diz ""é virose""",0,0.4914507567882538,0.5085492134094238,,Incerta
"é um agradecendo a natureza pela criação do corona vírus outro mandando uns tomar cloroquina ou tubaina.. ou seja, nao tem p onde correr mores, tudo farinha do mesmo saco","Se você não for médico, cientista da área ou algo do tipo, pare de falar em cloroquina. Você parece um idiota.",0,0.4042229652404785,0.5957770347595215,,Incerta
"A verdade às vezes se esconde no óbvio. A eficácia da cloroquina contra o Covid19 pode ser contestada. Mas se a droga fosse tão maléfica à saúde quanto querem uns, ela não estaria sendo utilizada há décadas. Vamos ser razoáveis pessoal.",Esse é o ponto que faz evitar entrar no assunto.,2,0.5085687041282654,0.4914312362670898,,Incerta
Quanto será que o Bozo tá ganhando da indústria farmacêutica pra estar defendendo com tanto afinco o uso da cloroquina?,Se a OMS falou que a cloroquina não tem eficaz quem é Jair bolsonaro para falar que resolve?,0,0.5427004098892212,0.4572996199131012,,Incerta
"O  divulga orientações para tratamento da Covid-19, onde a Cloroquina pode ser ministrada em casos leves, com recomendação médica e autorização do próprio paciente/família.","Pq vc não enfia a cloroquina no rabo do ? Dica: 1 comprimido não resolve pq ele largo, enfiei o frasco ou então faça um fisting ou deixe ele brincar com os consolos...",1,0.5404999852180481,0.459500104188919,,Incerta
"Tomo cloroquina há 16 anos. A dosagem é super- controlada através de exames periódicos. O uso excessivo pode danificar rins, fígado, pâncreas além da questão cardíaca! Esse irresponsável que que a população se exploda!!!",Aqui está uma prova de que a cloroquina pode ser perigosíssima em doses prolongadas: causa demência,2,0.5523931980133057,0.4476067423820495,,Incerta
a criança chata do cuscuz com ovo é bolsominian ainda,isso nem é cloroquina é uma cartela de dipirona menino mentiroso!!!,2,0.4731732606887817,0.5268267393112183,,Incerta
"O presidente da República queria um médico que permitisse o uso da cloroquina. Dois médicos, que têm compromisso com a medicina, se recusaram assinar e foram embora.  Aí entra um general qualquer e libera a cloroquina, botando na conta do paciente o risco. Assim é este governo.","Com todo respeito a vc Vítor Sergio , só vou considerar opiniões contrárias ao uso quando contraírem o vírus e se negarem  a usar , fora disso parece discurso contra alguém que se posicionou apoiando o uso , minha impressão vendo os posicionamentos",2,0.5965511202812195,0.4034488201141357,,Incerta
"Ciência: Nao há evidências que a Cloroquina faça efeito em casos leves de COVID  Bolsonaro: A Cloroquina evita o contágio do coronavirus   Bolsominion: Eu quero Cloroquina, não posso ficar sem Cloroquina  Eu: Pega a Cloroquina, enfia sabe onde e reza pra não ter efeito colateral",Liberação de cloroquina para tratamento de casos mais leves da covid-19 ...  via,0,0.4771259427070617,0.5228739976882935,,Incerta
a criança chata do cuscuz com ovo é bolsominian ainda,"não existe criança bolsominion, o mlk nem sabe qq eh cloroquina",2,0.4901340901851654,0.5098658800125122,,Incerta
"Conclusão, morreu de cloroquina é isto jornalista militante","Acho q ela quis dizer: morreu apesar da cloroquina.  Acho q é justo divulgar o fato de uma figura pública, partidária do maior defensor da cloroquina contra o covid, pegou covid, usou cloroquina e morreu, não?",1,0.4537931084632873,0.5462069511413574,,Incerta
"A cloroquina não é proibida, mas quem tem que decidir sobre o futuro do paciente é o médico formado e com CRM não um louco feito você que acha que sabe tudo","Só sobrou defender o uso da cloroquina para quem votou no Bolsonaro, porque restante tá entregando tudo ao centrão...",0,0.533524215221405,0.4664758145809173,,Incerta
"- Ainda não existe comprovação científica, mas sendo monitorada e usada no Brasil e no mundo. Contudo, estamos em Guerra: “Pior do que ser derrotado é a vergonha de não ter lutado.”  - Deus abençoe o nosso Brasil.","Mais cloroquina, menos covas   #BrasilComBolsonaro e até #2026",1,0.5502820014953613,0.4497179388999939,,Incerta
"Mas foi isso mesmo. Quando os franceses de início sugeriram a cloroquina, muita gente ficou animada e começaram as pesquisas. Já o Bolsonaro foi desesperado e mandou o laboratório do exército produzir em massa. Também fechou contrato com uma farmacêutica pra produzir pro SUS.",Só podia ser isso. Essa obsessão em fazer as pessoas comprarem a ideia da cloroquina tinha cara de estoque mofando.,2,0.4874612689018249,0.512538731098175,,Incerta
UMA TONELADA DE CLOROQUINA  O país numa m**** e os caras comprando medicamento sem efeito nenhum só pra fortalecer ideologia.  E vão comprar mais ainda...,E isso que já haviam anunciado há um mês mais ou menos que o Exército estaria já produzindo o medicamento,2,0.478518545627594,0.5214813947677612,,Incerta
"Vai se ferrar.  Ele chamou o vírus de monstro, ele não demonstrou felicidade ou contentamento.  Só agradeceu por este monstro tirar a cegueira dos que não querem ver como é necessário o SUS,a saúde pública.  Não se faça de desentendido.   Você é bem esperto. Vai tomar cloroquina!",Adorei..kkkk Vai tomar cloroquina Randolfe! Luciano Huck tb! KKKk,1,0.4374605417251587,0.5625395178794861,,Incerta
Profissional destacou a falta de evidência científica e falou sobre os riscos de problemas cardíacos e até de morte associados ao uso da substância,"Simples!!! Se pegar coronavírus, não utilize cloroquina, cacete!!!!deixa em paz quem quer usar e de safar!!!! Oh gente implicante Aff",1,0.4024611711502075,0.5975388288497925,,Incerta
"Crack pode, mas Cloroquina nem pensar. Chega dar nojo e pena, os piores sentimentos que se pode ter por um ""ser humano"".",o Crack pode é ?,2,0.1263657659292221,0.8736342191696167,,Alta
É pra qualquer pessoa séria morrer infartada. Sabem o que é isso? São as referências Bibliográficas do novo protocolo do MS sobre a Cloroquina. Citando o quê? Uma matéria de jornal.  Mas pode ficar pior? Claro que pode! Vejam o item 23:,Não teve uma bibliotecária pra fazer essas referências,2,0.1969123929738998,0.803087592124939,,Alta
Fica uma falsa discussao sobre o remedio por do Bolsonaro e do trump...é uma lastima.,"(ninguém aguenta 3 horas de vídeo.Essa médica, pelo q entendi, foi d  profissas tratar AIDS BR)  Em razão dessa falsa discussão s/cloroquina ela e as amigas  dizem q as vezes ficam com medo de receitar embora façam isso há décadas.",2,0.1594627201557159,0.8405372500419617,,Alta
Não há comprovação científica da eficácia da cloroquina.  Quem disse isso? Bolsonaro.  O mesmo Bolsonaro que só liberou novo protocolo sobre o uso em pacientes com quadro leves APÓS editar MP que o isenta de responsabilidade.  Isso é fazer cálculo político com VIDAS!,"Cloroquina a muitos anos vem sendo utilizada inclusive como medida profilática!!   Bicho, é lamentável tu entrar nessa onda aí. Esse discurso nada mais é do que oportunismo político!",1,0.1271006464958191,0.8728993535041809,,Alta
NENHUM responsável médico assina. Quem “garante” é o   se der ruim fala com ele.,morreu um deputado ai do rj que usou a cloroquina. Esse medicamento é tipo jogos mortais,1,0.1916837990283966,0.8083162307739258,,Alta
"A verdade às vezes se esconde no óbvio. A eficácia da cloroquina contra o Covid19 pode ser contestada. Mas se a droga fosse tão maléfica à saúde quanto querem uns, ela não estaria sendo utilizada há décadas. Vamos ser razoáveis pessoal.",Opa! Fazia tempo que você não uma dentro. Parabéns.,2,0.1203926354646682,0.8796073794364929,,Alta
Qual é a cloroquina da sua profissão?,pq tem um monte de gente sem profissão respondendo essa pergunta??,2,0.1897790431976318,0.8102209568023682,,Alta
". fazendo um debate sobre o uso da cloroquina. Ricardo Barros dizendo que não há estudo sobre o uso. Ora, se não há estudo, porque insistir tanto neste medicamento em especial? E outra. Há sim estudos comprovando a ineficácia:  #Debate360",Querem apostar quanto que os casos de internações (senhouver vagas né) e mortes por problemas decorrentes do corona vírus vai aumentar por uso da Cloroquina + Azitromicina ?,0,0.1176065132021904,0.882393479347229,,Alta
"USO DE CLOROQUINA AMPLIADA NO BRASIL  Ministério da Saúde amplia a possibilidade de uso do medicamento para casos leves de coronavírus. Não há, porém, evidência científica de que a droga tenha eficácia no tratamento. Siga o fio e veja o que muda    Gerard Julien/AFP",justamente pq o nosso ministro da saúde é um general!! que não deve entender muita coisa sobre a saúde né.. visto que o uso de cloroquina não tem NENHUMA comprovação de efetividade e apresenta MUITOS efeitos colaterais que podem levar até ao óbito!!!! foda,2,0.1688654422760009,0.831134557723999,,Alta
"Entidades médicas já se posicionaram contra a medida e a OMS, quando questionada sobre a decisão do governo brasileiro, reafirmou que além de não ter eficácia comprovada, a cloroquina pode causar efeitos colaterais graves.","Quem está fazendo uso e vc seu lixo de merda ,vc e o dória ,seus lixos de merda ,as mortes vão pra conta de vcs dois e de quem não adotar o uso da cloroquina seu merda ,vagabundo",1,0.1686796247959137,0.8313204050064087,,Alta
"já acordei vendo parente defendendo a cloroquina, é um teste pra minha paciência não é possível","Essa esquerdalhada deveria assinar um documento se comprometendo se por acaso adoecer de COVID-19 não tomaria cloroquina,por conta que não tem nenhuma comprovação científica. Vcs concordam?",0,0.1784454435110092,0.8215546011924744,,Alta
"primeiro ele impõe a cloroquina. depois diz que ""não tem comprovação científica"". quem ainda acredita nesse homem?","Os canalhas,escrotos e afins...",2,0.1195738837122917,0.8804261684417725,,Alta
"Apresentei um projeto de decreto legislativo p/ sustar o novo protocolo do  que recomenda uso precoce da cloroquina em pacientes com #Covid19, enqto não houver estudos científicos que comprovem sua eficácia. O presidente não deveria fazer uso político de algo tão sério.","O Presidente insiste em um protocolo que não tem fundamento científico, norteando atos administrativos ilegais do ponto de vista moral. Podem provocar mortes ou comprometer a saúde das pessoas. Cabe ao Congresso entrar em ação para salvar vidas.",2,0.1820483356714248,0.8179516792297363,,Alta
"Dê Cloroquina pra ele, cura, não é?","Deixa de ignorância, vai dar cloroquina para quem levou tiro? Essa é  nova.",1,0.127003401517868,0.8729965090751648,,Alta
"Assim como tem gente que acha que cloroquina é uma panaceia, há o outro lado, que tem certeza que se tomar cloroquina vai morrer do coração, com ou sem orientação médica. Por favor, parem.",". fazendo um debate sobre o uso da cloroquina. Ricardo Barros dizendo que não há estudo sobre o uso. Ora, se não há estudo, porque insistir tanto neste medicamento em especial? E outra. Há sim estudos comprovando a ineficácia:",0,0.1860104352235794,0.813989520072937,,Alta
"Entidades médicas já se posicionaram contra a medida e a OMS, quando questionada sobre a decisão do governo brasileiro, reafirmou que além de não ter eficácia comprovada, a cloroquina pode causar efeitos colaterais graves.","Deixa de ser besta! O dr kaliu tomou o que mesmo?? Ele disse que fez uso da cloroquina , vc é só mais que não será mais lembrado daqui a dois anos.",1,0.1433707177639007,0.8566292524337769,,Alta
"Apresentei um projeto de decreto legislativo p/ sustar o novo protocolo do  que recomenda uso precoce da cloroquina em pacientes com #Covid19, enqto não houver estudos científicos que comprovem sua eficácia. O presidente não deveria fazer uso político de algo tão sério.","Olha só mais um que deveria usar o sobrenome COVAS!!!! Isso é cretinice!!!! Os médicos usam! Os ricos usam! Me convença, ,  de que só os pobres não podem usar! Isso é confená-los à MORTE!!!!",2,0.1887312233448028,0.8112687468528748,,Alta
"Vi no Jornal da Globo uma descrição dos efeitos colaterais da Cloroquina e da Hidroxocloroquina.  A partira daí,  parece que é melhor dar um tiro na própria cabeça do que usar esses medicamentos. Não sei como o pessoal que usou para combater a malária sobreviveu.","Engraçado que nesta reportagem de 2006, sobre a mesma Cloroquina, só dizem que ""o desafio é encontrar a dosagem certa para evitar riscos à saúde"".",1,0.1284827589988708,0.8715172410011292,,Alta
"Apresentei um projeto de decreto legislativo p/ sustar o novo protocolo do  que recomenda uso precoce da cloroquina em pacientes com #Covid19, enqto não houver estudos científicos que comprovem sua eficácia. O presidente não deveria fazer uso político de algo tão sério.","Fala sério!!! Quer dizer que os que estão se curando no mundo todo usando a cloroquina, não serve pra nada? Vcs do PSDB são idênticos ao PT, não tem escrúpulos. Senador, procura fazer alguma coisa de útil, vai lavar uma louça.",1,0.1401972472667694,0.859802782535553,,Alta
Você tomaria Cloroquina?,Não!  Cloroquina não é tão segura como a hidroxocloquina.  Eu tomaria Hidroxocloroquina!  Não podemos confundir as substâncias.,1,0.1975496858358383,0.8024503588676453,,Alta
"""Clamor da sociedade"". Essa foi a justificativa apontada por funcionária do Ministério da Saúde para o novo protocolo que amplia o uso da cloroquina no combate à #COVID19.  Apesar do ""clamor da sociedade"", não há evidência científica da eficácia da droga.",clamor da sociedade eh a cabeça do meu pau sinceramente,2,0.1289893686771392,0.8710106611251831,,Alta
"Na prática, o protocolo da Cloroquina não muda grande coisa. A avaliação continua sendo feita entre o médico e o paciente. O governo quer fazer propaganda em cima de bula de remédio.","Até hoje não entendi a grande treta com o Teich. Quer dizer, o cara liberou, através de um termo de consentimento,  o uso do cloroquina, se o médico autorizar. O que gostariam que fizesse mais? Infelizmente, estudos recentes e randomizados até apontam sua ineficácia... :/",1,0.1007667258381843,0.8992332816123962,,Alta
"""Nós não faremos a distribuição e nem aplicação generalizada da cloroquina, porque a ciência não recomenda"", disse o governador de São Paulo, João Doria.",Doria seu covarde filho da puta vc deveria ter vergonha nessa sua cara de gay mau amado...para de se soberbo...,2,0.1127339303493499,0.8872660398483276,,Alta
Sem comentários,E fdp dizendo que apoia até o fim vc é bandido feito esse monstro que vc apoia seu verme,2,0.1504334807395935,0.8495665192604065,,Alta
"A cloroquina não vai salvar todo mundo assim como a quimioterapia tbm não salva do câncer, tem uma pequena parte que nenhum medicamento vão salvar, não seja suja de colocar isso na conta da cloroquina #CloroquinaSalvaVidas",Quem tá dizendo é o cientista e infectologista BOLSONARO! Coloque na conta dele cada morte por agravamento da cloroquina e hidróxido de cloroquina!,1,0.1653739213943481,0.8346260786056519,,Alta
"A verdade às vezes se esconde no óbvio. A eficácia da cloroquina contra o Covid19 pode ser contestada. Mas se a droga fosse tão maléfica à saúde quanto querem uns, ela não estaria sendo utilizada há décadas. Vamos ser razoáveis pessoal.",Tem dar pro GADO q fala da Cloroquina como alimento.,1,0.1374624371528625,0.8625375628471375,,Random
Deputado estadual do PSL do RJ que morreu de #coronavírus aos 54 anos fez tratamento com cloroquina (O Globo),"Cuidado! Cloroquina pode matar!  O remédio é #FiqueEmCasa , se quiser, tome tubaína e relembre os doces momentos da infância... fará bem! Precisamos de você CPF, o Brasil precisa, sua família precisa! Por Cristo #FiqueEmCasa ! Se os CNPJ morrerem a gente reconstrói!",2,0.9826194047927856,0.01738066598773,,Random
"A Justiça nega a divulgação do receituário do gov socialista e tirano do estado de Pernambuco, mas obrigou o presidente  a divulgar o resultado dos seus exames e laudos que atestavam a não contaminação por Covid 19.   Alguém duvida que tem cloroquina receitada aí?",O pau que bate em Chico  tem que bater em Francisco  tbm. #EuApoioBolsonaro,2,0.969925045967102,0.0300749707967042,,Random
Qual é a cloroquina da sua profissão?,Já tentou desligar e ligar?,2,0.8980455994606018,0.1019544228911399,,Random
"O novo protocolo sobre o uso da cloroquina editado por Jair Bolsonaro é incrível.  Primeiro porque ele não é assinado por ninguém, nem ministro, nem médico, ninguém.  Depois, porque o paciente tem de assinar termo onde consente que ""não existe garantia de resultados positivos"".",A Cloroquina e tao Perigosa que ninguém nem o Bolsonaro quer se responsabilizar!,2,0.962776243686676,0.0372237712144851,,Random
"Mandetta: Bolsonaro queria alterar a bula da Cloroquina para inserir indicação para COVID, mesmo sem comprovação da eficácia.","Q o Bolsonaro é um psicopata todo mundo já sabe né, q obsessão do caralho com esse remédio.",2,0.1627833694219589,0.8372166752815247,,Random
nao eh dessa vez q vou tomar cloroquina ein madrinhas,quem é de direita toma cloroquina quem é de esquerda TOMA OS MEIOS DE PRODUÇÃO,0,0.9758265614509584,0.0241734143346548,,Random
"Isto não é critério nesse governo, afinal quem manda e entende de saude é o presidente, não atoa ele mandou prescrever cloroquina pra td mundo que está em tratamento pro covid.","Quando vc ou alguém da sua família pegar COVID assine negando o uso da Cloroquina, tá ok? Hipócrita! Muitos países estão adotando essa medida, mas só no Brasil essa frescura toda! Os ricos se tratando e sendo curados nos hospitais particulares com a Cloroquina, mas o SUS não pode",1,0.0813510790467262,0.9186489582061768,,Random
"Bolsonaristas criam 'corrente do bem' e se medicam com cloroquina, azitromicina e antipulgas","Antipulgas... Só tem que ver se tão usando o certo, porque em gado se usa Butox e não Frontline...",2,0.9829334616661072,0.0170664768666028,,Random
"#GLOBOLIXO !!! Cloroquina era indicada pelo Jornal Nacional até para grávidas. Hoje, se...  via","""Quem é de direita toma cloroquina Quem é de esquerda toma tubaina"" E você alecrim dourado que nasceu no campo sem ser semeado porque não vai toma no cu",0,0.9784478545188904,0.0215521492063999,,Random
hoje eu to só fugindo dos gatilhos o mood é só tomando cloroquina no canudinho sua fudida,"A  como a rede  continuam com os mesmos pensamentos contra a Cloroquina, porque não fazem uma reportagem na porta de hospitais que utilizam a Cloroquina? Preferem fazer narrativas contrária ao governo de dentro de estúdios televisivos.",0,0.9687591195106506,0.0312409177422523,,Random
"Apresentei um projeto de decreto legislativo p/ sustar o novo protocolo do  que recomenda uso precoce da cloroquina em pacientes com #Covid19, enqto não houver estudos científicos que comprovem sua eficácia. O presidente não deveria fazer uso político de algo tão sério.","Pilantra, safado, vai tomar no seu CÚ !!!   Cloroquina tem muito mais teste que a maconha que você quer liberar,   V A G A B U N D O",1,0.1722515374422073,0.8277484178543091,,Random
"Vídeo: “Banalizar cloroquina é uma irresponsabilidade”, diz Dr. Claudio Lottenberg","Peçam a opinião do Dr Kalil, que declarou que usou a cloroquina e se salvou.",1,0.9748343229293824,0.0251656901091337,,Random
"Gente na boa! Isso vai entrar para a história como um genocídio. Quantas pessoas farão intolerância a essa medicação q já está matando. Eh absurdo! Sem eficácia comprovada, Saúde libera prescrição da cloroquina para todos os estágios da Covid-19","Vou falar pra vocês aqui o que eu acho sobre a cloroquina  Primeiro vou explicar que: não tive o diagnóstico confirmado pra covid-19. Meu PCR deu negativo mas os resultados de outros exames apontavam características de covid. Então fui colocada como ""suspeita de covid"" +",0,0.9502096772193908,0.0497902631759643,,Random
Não aceite cloroquina para tratar Covid-19! Não deixe que ministrem cloroquina nos seus por esse motivo! Oriente quem está ao seu redor a não aceitar a cloroquina nesse caso. #AbaixoACloroquina,"bem vindo de volta,  o único especialista da cloroquina em quem confio.",0,0.983704149723053,0.0162957943975925,,Random
"Gente! O primo do porteiro aqui do prédio foi trocar o pneu do Dell dele e o pneu estourou na cara da minha filha que pegou covid (Bancária), mas eles tomaram AZT+HCQ+Zinco logo, com 4 dias de cloroquina o pneu estava trocado e o Dell se recuperou #NaoCompreDell",quando o robô desconfigura,2,0.9832762479782104,0.0167237222194671,,Random
"Hoje  tomou uma atitude corajosa, que salvará milhares de vidas: liberou o uso da cloroquina pra todos os casos de COVID-19 no SUS, mesmo os leves  Basta o paciente autorizar o uso do medicamento, que tem se mostrado muito eficaz em diversas partes do mundo",Um gesto de coragem do nosso amado Presidente e um grande passo para a saúdo dos Brasileiros! Gratidão querido Presidente! Que Deus lhe dê a sabedoria e o acolhimento necessário para travar esta luta diária! #PatriotasComBolsonaro #FechadoComBolsonaro #BrasilComBolsonaro,2,0.9484807252883912,0.0515193603932857,,Random
"“O uso da hidroxicloroquina e da cloroquina está liberado com prescrição médica. Nós também não temos estudos [sobre o uso] da dipirona [para tratar] o coronavírus, mas usamos”",Tem tantos efeitos colaterais como o da cloroquina?? sera?? Porem mt bom o questionamento!,1,0.5613194108009338,0.4386805295944214,,Random
"Luiz Henrique Mandetta contou à GloboNews que o Governo quis alterar bula da cloroquina. ""E a ideia que eles tinham era de alterar a bula do medicamento na Anvisa, colocando na bula indicação para Covid”",mds que obsessão eh essa,2,0.9689150452613832,0.0310849584639072,,Random
Bolsonaro finalmente conseguiu forçar o Min. da Saúde a emitir protocolo que libera o uso em massa da cloroquina. Os pacientes terão que assinar um termo assumindo que o remédio não tem eficácia e que pode até matar. É um atentado contra a saúde pública e a vida dos brasileiros.,"Bolsonaro reflete o jeitinho brasileiro (corrupção, roubos,crimes, manipulação de informações, burrice , incapacidade,etc) É um coitado,além de nojo, tenho pena desse sujeito!",2,0.0821736752986908,0.9178263545036316,,Random
"USO DE CLOROQUINA AMPLIADA NO BRASIL  Ministério da Saúde amplia a possibilidade de uso do medicamento para casos leves de coronavírus. Não há, porém, evidência científica de que a droga tenha eficácia no tratamento. Siga o fio e veja o que muda    Gerard Julien/AFP",Puta que pariu,2,0.9726502895355223,0.0273497123271226,,Random
"Eu não suporto essas pessoas negativas q ficam torcendo contra o Brasil e contra a saúde! Foram contra o Jair nas eleições: deu ruim. Estão contra o uso da cloroquina (que por sinal, n temos comprovações científicas), mas o “MINTO” disse que salva vidas: com certeza vai dar ruim.",o país nessa situação e os cara tomando cloroquina,0,0.4530658721923828,0.5469341278076172,,Random
"Bolsonaristas criam 'corrente do bem' e se medicam com cloroquina, azitromicina e antipulgas",Antipulgas? Meu Deus hahahahahaha,2,0.9833813905715942,0.0166186019778251,,Random
"Pedimos hoje a convocação do min interino da Saúde, Eduardo Pazuello, para explicar a flexibilização do uso da cloroquina. Pesquisas científicas já mostram a ineficiência e perigo. Decisões sem base científica devem gerar forte responsabilização.",só um pequeno teste aqui: lula pt bozo bolsolixo cloroquina bolsominion fascista queiroz carluxo regina duarte dilmãe moro impeachment maia #forabolsonaro #ImpeachmentBolsonaro #EleNao gado rodrigo maia centrão #LulaNosRepresentaEleNao #BolsonaroGenocida #BolsonaroEnlouqueceu,0,0.9809288382530212,0.0190712101757526,,Random
CLOROQUINA E SEUS DETRATORES CALHORDAS . . Ed Raposo:  . . #AVANCABRASIL #EDRAPOSO,Depois do menino do cuscuz falando da cloroquina e do vídeo das evangélicas “eu já eu nunca” sinto q deveria excluir minhas redes sociais para sempre,0,0.9704576730728148,0.0295423455536365,,Random
"Para a direita, cloroquina. Para a esquerda, tubaina, para o centrão, propina. No avião do presidente? Cocaína",Para mim? Bater a cabeça na quina,2,0.5124657154083252,0.48753422498703,,Incerta
"Entidades médicas já se posicionaram contra a medida e a OMS, quando questionada sobre a decisão do governo brasileiro, reafirmou que além de não ter eficácia comprovada, a cloroquina pode causar efeitos colaterais graves.",Cloroquina é usada em tratamento de outras doenças e bem administrada por um tempo previsto pode salvar vidas... Para d ser político e recorde no uso dela para malária por ex.,1,0.5278918147087097,0.4721081852912903,,Incerta
Já tá vendendo Cloroquina na Havan?,Estão comprando mais insumos na Índia..depois o fabricante que é amigo do presidente produz.... E depois o amigo do presidente vende! Entendeu pq o cloroquina,1,0.4110135734081268,0.5889863967895508,,Incerta
Profissional destacou a falta de evidência científica e falou sobre os riscos de problemas cardíacos e até de morte associados ao uso da substância,Na boa! Vocês não tem outro assunto? Deixem quebas pessoas decidem se vão usar a Cloroquina ou não.,1,0.4552051424980163,0.5447949171066284,,Incerta
"Quem é de direita toma cloroquina, de esquerda tubaína.... isentão vaselina.",Quem é de esquerda toma no #cooll.,2,0.5902053713798523,0.4097946584224701,,Incerta
"Apresentei um projeto de decreto legislativo p/ sustar o novo protocolo do  que recomenda uso precoce da cloroquina em pacientes com #Covid19, enqto não houver estudos científicos que comprovem sua eficácia. O presidente não deveria fazer uso político de algo tão sério.","Mas seus colegas usaram quaa as ndo pegaram covid, não foi? Pq tsnta preocupação? Quem quiser toma.  HIPOCRISIA TEM LIMITE. #EuApoioBolsonaro",2,0.455966979265213,0.5440329909324646,,Incerta
Adivinha quem tá com o rab0 cheio de cachaça já na hora do almoço?  Quem é de direita acredita na cloroquina e quem é de esquerda na jararaca cretina.,"É inacreditável, mas há quem acredite realmente nisso kkkkkkk é foda",2,0.5433291792869568,0.4566707909107208,,Incerta
"Gente, o menino do “cuscuz com ovo é mais gostoso” postou uma música falando de Cloroquina (só isso já seria um absurdo), aí uma pessoa comentou na foto e olha a resposta dos pais (ou de quem administra o perfil). Achei um absurdo!","os pais dessa criança alem de usar ela pra ganhar dinheiro e atençao nas redes sociais, doutrina ela com esse papinho de bolsominon",2,0.4734795689582824,0.5265203714370728,,Incerta
"Todos vocês sabem que Bolsonaro enviou para o Congresso Nacional a MP 966 que isenta agentes públicos de responsabilidade. O que talvez não tenham conectado é que isso associado ao ""Protocolo Cloroquina"" pode ser um dos maiores casos de IMPUNIDADE que já vimos.",Kimkatacoquinho tu não vai defender o povo em que os Governadores estão dando um pau na população ? Prendendo quem usa a bandeira do Brasil ? Não vais respeitar quem votou em Bolsonaro ? Até 2022 vai ser este MIMIMI,2,0.5372193455696106,0.4627806842327118,,Incerta
"- Ainda não existe comprovação científica, mas sendo monitorada e usada no Brasil e no mundo. Contudo, estamos em Guerra: “Pior do que ser derrotado é a vergonha de não ter lutado.”  - Deus abençoe o nosso Brasil.",GOV. PR PARTIDOS POLÍTICOS ENGANADORES SERVIÇAIS PARCEIROS DO LOBBY BANDIDO MÉDICO FÁRMACO TRANSGÊNICO! PROTOCOLO 450MG #CLOROQUINA ESTÁ C/A DOSE DOBRADA! GOV. MENTIROSO PARCEIRO DE CORRUPTOS DA ÁREA MÉDICA! Ñ VAI MUDAR NADA!,1,0.5634207725524902,0.4365792274475097,,Incerta
"Eu acho, que mortes subitas de quem toma cloraquina. tem que ser apuradas. Acho que estão colocando tudo no mesmo balaio! A cloraquina, tem 60% de chances para morrer de infarto. Falo isto, porque foi o que mais vi nos anos 70/80 ao chegar em Rondônia.",Veja como se toma Cloroquina!!,0,0.5218673944473267,0.4781325757503509,,Incerta
Liberado o novo protocolo do  que permite o uso da cloroquina em casos leve de covid-19.  O Ministério da Saúde destaca no documento que o objetivo é ampliar o acesso dos pacientes à cloroquina e hidroxicloroquina no SUS.,Acabou o discurso do consórcio Nordeste que não usava o remédio pq seguia o protocolo anterior do ministério da saúde! O povo exige o remédio na rede pública de saúde e que não haja requisição do medicamento na rede privada pelo poder público!,2,0.5062820315361023,0.4937180280685425,,Incerta
"O  divulga orientações para tratamento da Covid-19, onde a Cloroquina pode ser ministrada em casos leves, com recomendação médica e autorização do próprio paciente/família.","Esquerdopatas: tentem entender que: Voces não são obrigados a fazer o uso da Cloroquina se contrairem o virus. Só fara o tratamento quem assinar uma autorização. Porque estão preocupados? Faz o seguinte o ""gado"" do Bolsonaro toma a Cloroquina. O Gado do Esquerdopata toma o q quer",1,0.535801887512207,0.4641980528831482,,Incerta
"Do  no  : “sabe qual minha opiniao sobre a cloroquina? Nenhuma. Eu não estudei, não sou médico, não é questão de opinião”.","mas o que tem de médico burro, que “estudou” acreditando na tal cloroquina...",1,0.5399537682533264,0.4600462317466736,,Incerta
a criança chata do cuscuz com ovo é bolsominian ainda,gente pelo amor de deus sejam minimamente mais racionais  a CRIANÇA não é bolsominion   os &gt;pais&lt; que são débil mentais e colocam a criança pra prestar esse papel ridículo  o menino não deve fazer nem ideia do que é cloroquina. Nojo de pais que não deixam crianças serem crianças.,2,0.4905453622341156,0.509454607963562,,Incerta
DENUNCIA: Médicos do Ceará estão sendo pressionados a atestar mortes por covid-19 sem os exames. Via:,Médicos podem atestar.sem exame pq sabem.. Bolsonaro sabe o que para receitar cloroquina para o pobre brasileiro?,2,0.4782233536243438,0.5217766761779785,,Incerta
É pra qualquer pessoa séria morrer infartada. Sabem o que é isso? São as referências Bibliográficas do novo protocolo do MS sobre a Cloroquina. Citando o quê? Uma matéria de jornal.  Mas pode ficar pior? Claro que pode! Vejam o item 23:,"Vc tem que assinar, caso a cloroquina de mate, a responsabilidade será toda sua.",2,0.5721883773803711,0.4278115928173065,,Incerta
Não há comprovação científica da eficácia da cloroquina.  Quem disse isso? Bolsonaro.  O mesmo Bolsonaro que só liberou novo protocolo sobre o uso em pacientes com quadro leves APÓS editar MP que o isenta de responsabilidade.  Isso é fazer cálculo político com VIDAS!,O teste da cloroquina vai começar agora. Vamos ficar atentos. Se diminuir o gado é sinal que funciona.,1,0.5481387376785278,0.4518612325191498,,Incerta
"Espero q a justiça impeça IMEDIATAMENTE a nova loucura de . O protocolo do Min. da Saúde p/ liberar a cloroquina a rodo é criminoso, mais um atentado à vida. Como o MS de um dos maiores países do mundo faz isso? Simples. Pq não tem ministro no comando. Tem um aspone","Ele está determinado a combater um vírus que sempre desprezou e desdenhou, afirmando até a sua inexistência, mas quer forçar o uso do medicamento para uma fantasia? Louco",2,0.4744995832443237,0.525500476360321,,Incerta
O médico Claudio Agualusa (CRM 52614933) traz informações importantes sobre a Cloroquina/Hidroxicloroquina no tratamento da Covid-19.  Inscrevam-se no canal dele:,Veja o que este médico fala sobre a Cloroquina e Hidroxicloroquina. Espalhem!,2,0.4821092486381531,0.5178908109664917,,Incerta
"Mandetta: Bolsonaro queria alterar a bula da Cloroquina para inserir indicação para COVID, mesmo sem comprovação da eficácia.",KKKKKKKKKKKKKKKKKKKKKKKKKKKKKKKK PUTA QUE PARIU,2,0.4139627516269684,0.586037278175354,,Incerta
É extremamente irônico e contraditório ver psolistas falarem que a cloroquina faz mal à saúde (apesar de milhares de pessoas terem se recuperado após usar o medicamento) enquanto eles defendem a legalização de TODAS AS DROGAS.  Querem legalizar o crack e proibir a cloroquina!,"Cloroquina so faz mal para os pobres, para os ricos nao",2,0.58965665102005,0.4103433787822723,,Incerta
"""Bolsonaristas criam 'corrente do bem' e se medicam com cloroquina, azitromicina e antipulgas"".  Antipulgas. Antipulgas. ANTIPULGAS.","Minha cunhada foi diagnosticada com Covid e o médico da Unimed (plano de saúde ""PAGO"") passou isso mesmo, um ANTIPULGAS. Ela precisa agora comprar remédio veterinário?",2,0.4971891641616821,0.5028108954429626,,Incerta
Cloroquina + citrato de sildenafila,"Cloroquina + chá de gengibre, alho, hortelã e mel",2,0.5262368321418762,0.4737631976604461,,Incerta
"- Ainda não existe comprovação científica, mas sendo monitorada e usada no Brasil e no mundo. Contudo, estamos em Guerra: “Pior do que ser derrotado é a vergonha de não ter lutado.”  - Deus abençoe o nosso Brasil.",baixei com medo de pegar vírus,2,0.4241772294044494,0.5758227705955505,,Incerta
"A guerra de narrativa contra a cloroquina é tão suja, que a intenção é tirar a opção de quem quer usar. Pra isso utilizam a mentira e o medo. Só não enxerga a safadeza dessa turma quem é muito mané. A verdade prevalecerá.",porra ja q vc acha q n faz mal a porra da cloroquina enfia no cu bebe toma banho de cloroquina usa de tempero na sua comida,0,0.4826786518096924,0.5173213481903076,,Incerta
meu pai vendo vídeo do cara falando da bula da Novalgina e dizendo que tem efeitos colaterais tbm e por isso que deve usar cloroquina. até quando isso?,"Pq o Bolsonaro ta insistindo tanto no uso da Cloroquina para o tratamento da Covid-19, sendo que já foi dito diversas vezes por médicos que não se deve tomar sem recomendação????",0,0.4173269271850586,0.5826730728149414,,Incerta
"Cloroquina lembra Anemokol, que enganou muito nos anos 80 em Pernambuco. Era xarope, mas “curava tudo”, de anemia a impotência. Cloroquina é remédio para lúpus e malária mas p/ Covid19 é leite de cobra. Anemokol era pop e nenhum governo mandava consumir.","Sofro de insónia, será que a cloroquina serve pra dar sono?Já que parece que é um remédio que serve pro que a gente desejar.",1,0.5929691791534424,0.4070307910442352,,Incerta
"Vi no Jornal da Globo uma descrição dos efeitos colaterais da Cloroquina e da Hidroxocloroquina.  A partira daí,  parece que é melhor dar um tiro na própria cabeça do que usar esses medicamentos. Não sei como o pessoal que usou para combater a malária sobreviveu.","São uns canalhas, so n sei como pode esta imprensa ainda estar viva....causando pânico e desinformando a população numa hora tão Dificil.",2,0.5873005986213684,0.4126993715763092,,Incerta
Qual é a cloroquina da sua profissão?,Fazer um curso de 5 anos pro povo achar que psicólogo e coach é a mesma coisa  AHHHHH QUE ODIOOOOOO,2,0.5347458720207214,0.4652540981769562,,Incerta
Qual é a cloroquina da sua profissão?,falar engenheiro químico é pesado demais?  ok vou falar “químico autodidata” ou bacharel dando aula,2,0.5365541577339172,0.4634459018707275,,Incerta
"Videos de 4 min no Facebook, ensinando a fazer receitas que são literalmente mentirosas.","Isso e food porn, que assim como a cloroquina é vendido como algo incrível, mas todo mundo que come passa mal e morre.",1,0.4011603891849518,0.5988395810127258,,Incerta
Mandetta diz que governo queria mudar a bula da cloroquina. Vocês tem noção da gravidade disso?,Vocês viram que o governador Flávio Dino inseriu há 3 dias a cloroquina no protocolo do Maranhão???,1,0.4786066710948944,0.5213932991027832,,Incerta
"ENTÃO, VC NÃO QUER TOMAR CLOROQUINA?  TOME TUBAINA E SE LASQUE.   NÓS VAMOS TOMAR CLOROQUINA SIM.  E O MILITARES TOMAM.",Olha o que o militar diz sobre a cloroquina,2,0.5193038582801819,0.4806960821151733,,Incerta
Tomei dezenas de cloroquina quando eu servi em Tabatinga AM por cinco anos para o enfrentamento à malária,Poxa! E ainda está vivo? E os efeitos colaterais te mandaram para a UTI?,2,0.5749897956848145,0.4250102341175079,,Incerta
"Cloroquina pode até não restaurar a saúde de todos, mas com certeza contribui para melhoria da maioria dos pacientes com Covid-19. Há centenas de relatos a respeito.",Sorte WeBlog: Ministério da Saúde vai adotar a Cloroquina e Azit...,0,0.4084924757480621,0.5915074944496155,,Incerta
"A Globo faz uma matéria sobre novo protocolo para uso de Hidroxicloroquina e dá voz APENAS a médicos que são contra a utilização do medicamento.  Por que não apresentar a opinião dos favoráveis?  E olha que são muitos.  Como podem chamar isso de ""jornalismo profissional""?","Existem mais de 50 artigos favoráveis a cloroquina, mas o  vai atras somente daquele artigo de blog três linhas que é contra.",2,0.4358980357646942,0.5641019344329834,,Incerta
Agora cada médico receita a cloroquina quando bem entender. Pau no cu do Doriana.,Para ele melhor receitar um bom laxante.....,2,0.4824937283992767,0.5175061821937561,,Incerta
"A cloroquina não é o xarope da mãe do Chris de ""Todo Mundo Odeia a Chris"". Ele tem uso e aplicação, mas no caso da COVID-19 é só um placebo. O problema não é o médico administrar o remédio como um recurso, já que não temos nada por enquanto, mas sim defendê-lo como opção de cura.",Pq vcs n enfiam a cloroquina no cu,0,0.5116204023361206,0.4883796572685241,,Incerta
"Se liga no que ele falou “eles querem liberar a maconha, crack, heroína, e bla bla bla... e não querem liberar a cloroquina pq pode dar efeito colateral”   MANO É MUITA BURRICE","O novo protocolo do MS para a cloroquina é absurdo, e o comentário do PR é ainda pior. Fica estimulado o uso de uma droga que é uma roleta russa a pretexto de ser uma suposta bala de prata.",0,0.5680602192878723,0.4319397509098053,,Incerta
Olhem esse testemunho da ⁦⁩ !!!!! Nosso negócio é salvar vidas !!!! AVANTE BRASIL !!!! ⁦⁩  ⁦⁩,"Damaresquina!  E você? Se fosse prefeito/governador, cavaria covas ou trabalharia para dar acesso a cloroquina aos pacientes?",2,0.4843208193778991,0.5156791806221008,,Incerta
"No dia q o desgoverno  mudou o protocolo para recomendar cloroquina em casos leves, lamentamos a morte por coronavírus do dep. estadual Gil Vianna, do PSL do RJ, que usou o remédio, mas infelizmente não conseguiu se salvar. Não há provas que cloroquina cura Covid-19","Joice, do jeito q vc é dissimulada, falsa e traidora.... no primeiro espirro que vc der, vai engolir meia cartela de Cloroquina!!! Menos... menos!!!",1,0.5059375762939453,0.4940624237060547,,Incerta
1179 mortos nas últimas 24 horas e esse é o nível da live hoje.,já que você é de direita enfia a cloroquina no seu cu,2,0.592311680316925,0.4076882898807525,,Incerta
"Mandetta: Bolsonaro queria alterar a bula da Cloroquina para inserir indicação para COVID, mesmo sem comprovação da eficácia.",Um presidente da República querendo fraudar bula de remédio. Brasil 2020.,2,0.5971487760543823,0.4028512239456177,,Incerta
a criança chata do cuscuz com ovo é bolsominian ainda,os pais alem de fazer a criança passar vergonha na internet pra hita ainda manda a criança fala sobre cloroquina assunto que ela nem deveria saber sobre sabe eu fico revoltada cara,2,0.5508439540863037,0.4491560757160187,,Incerta
"Apresentei um projeto de decreto legislativo p/ sustar o novo protocolo do  que recomenda uso precoce da cloroquina em pacientes com #Covid19, enqto não houver estudos científicos que comprovem sua eficácia. O presidente não deveria fazer uso político de algo tão sério.","Canalha... se infectado, pedirá de joelhos o uso de cloroquina... monstro. Nas clínicas e hospitais privados é o remédio que usam, mas o INSS não pode usar. #PatriotasComBolsonaro",1,0.536881148815155,0.4631188511848449,,Incerta
"Entidades médicas já se posicionaram contra a medida e a OMS, quando questionada sobre a decisão do governo brasileiro, reafirmou que além de não ter eficácia comprovada, a cloroquina pode causar efeitos colaterais graves.","Um vagabundo de merda desses ,não querem usar a cloroquina pra poder roubar ainda mais o dinheiro público seu lixo de merda  faça isso pra vcs verem se vcs vao ganhar pra alguma.coisa mais seu merdas ,nem pra síndico seu merdas ,vagabundo",1,0.4529500305652618,0.5470499992370605,,Incerta
"Esquerda mete o pau na cloroquina, mas toma na hora do aperto.  Esquerda mete o pau no capitalismo, mas ganha dinheiro com ele e usufrui de todas as suas benesses.  Que nome damos a isto?","Vários nomes: Oportunismos, mau caratismo, roubalheira, corrupção, roubo do dinheiro público etc, etc.",2,0.4667322337627411,0.5332677364349365,,Incerta
Qual é a cloroquina da sua profissão?,"""Pedagogia é pra ser professor né?"" ""Mas vc faz pq vc gosta de criança?""",2,0.402033656835556,0.5979663729667664,,Incerta
"A cloroquina é usada a quanto tempo? Malária, lúpus, artrose, são doença crônicas, e tem como medicamento contínuo a cloroquina, e não fizeram teste e restrição, tanto é que eu nunca ouvi falar da cloroquina, foi através do Presidente Bolsonaro que fiquei sabendo, graças a DEUS",pqp ja voltou essa porra de cloroquina?,0,0.5826284289360046,0.4173715710639953,,Incerta
"Ah, então, segundo o grupo Globo, o motivo pra não se usar a cloroquina é porque ela “tem riscos!”  Façam o favor, pessoas estão morrendo!  Vocês já leram a bula da aspirina?","Será que leram a bula do paracetamol,doril,dentre outros.",2,0.1616192162036895,0.838380753993988,,Alta
"- Ainda não existe comprovação científica, mas sendo monitorada e usada no Brasil e no mundo. Contudo, estamos em Guerra: “Pior do que ser derrotado é a vergonha de não ter lutado.”  - Deus abençoe o nosso Brasil.","amo esses “mas”, bolsonaro deve tá tendo aula com os racistas de plantão",2,0.1358563005924224,0.8641436696052551,,Alta
"Jovem morre do de coronavirus, algo totalmente incomum, sera que foi por causa do virus mesmo?",ou por causa do uso indevido da cloroquina?,1,0.1748998165130615,0.8251001834869385,,Alta
"Eu falo o que um epidimiologiata fala, você? Vish... Aaah Trump é o cara que tá tomando cloroquina como prevenção??? KKKKKKKKKK AH TA","Beleza, gênio. Vai contra o mundo e tome sua cloroquina, se ficar cego e com arritmia não diga que não avisei hahahahahaha Bem que esses efeitos podiam passar pro imbecil do Trump também. Até lá, fica aí com a onda contra a ciência, eu tô tranquilo",1,0.1532316952943802,0.8467682600021362,,Alta
"Um presidente que não é médico e um ministro interino da Saúde - que também não é médico - liberam uso de cloroquina, mesmo sabendo que o medicamento não tem qualquer eficácia para prevenção ou tratamento da Covid-19.  Negam a ciência e colocam em risco a saúde. Um crime!","Deputada, se vc pegar o vírus e não quiser tomar a cloroquina, é só dizer que não quer tomar. Simples assim! as pessoas tem o direito de tomar as suas próprias decisões, diferente de países como a Venezuela e Cuba que seu partido tanto apoiam, né? #BrasilComBolsonaro",1,0.177136480808258,0.8228635191917419,,Alta
Pesquisadores divulgam documento contra a liberação do uso de cloroquina sem comprovação científica.  Está lindo essa torcida contra a cura do Covid. Já não basta o Mula dizer torcer a favor do Covid?,"Esses pesquisadores q não pesquisam nada, se fossem bons já teriam a resposta. Daqui a trinta anos quando responderem as suas próprias dúvidas, mais de uma geração terá sido dizimada. Vamos tomar cloroquina sim e com água tônica para dar um reforço!",1,0.1546168327331543,0.8453831672668457,,Alta
"Apresentei um projeto de decreto legislativo p/ sustar o novo protocolo do  que recomenda uso precoce da cloroquina em pacientes com #Covid19, enqto não houver estudos científicos que comprovem sua eficácia. O presidente não deveria fazer uso político de algo tão sério.",Estudos científicos? O remédio ja tem 60 anos e VARIOS paises ja usam e com sucesso contra o Covid ... o q não tem é apenas um double blind randomized trial... quando tiver um DBpara Lockdown conversamos sobre essa palhaçada sua,2,0.1911009401082992,0.8088991045951843,,Alta
"Hoje  tomou uma atitude corajosa, que salvará milhares de vidas: liberou o uso da cloroquina pra todos os casos de COVID-19 no SUS, mesmo os leves  Basta o paciente autorizar o uso do medicamento, que tem se mostrado muito eficaz em diversas partes do mundo",“Salvará milhares de vidas”. Medicamento não tem utilidade pra Covid segundo uns 250 estudos recentes,2,0.1670522540807724,0.8329477906227112,,Alta
"Apresentei um projeto de decreto legislativo p/ sustar o novo protocolo do  que recomenda uso precoce da cloroquina em pacientes com #Covid19, enqto não houver estudos científicos que comprovem sua eficácia. O presidente não deveria fazer uso político de algo tão sério.","É mole!?  Agora vai lá no perfil dele ver se tem alguma outra manifestação sobre o ""uso político de algo tão sério"" que é esta pandemia...  #coronavirus #coronavirusnoBrasil",2,0.1490418314933776,0.8509581685066223,,Alta
"Apresentei um projeto de decreto legislativo p/ sustar o novo protocolo do  que recomenda uso precoce da cloroquina em pacientes com #Covid19, enqto não houver estudos científicos que comprovem sua eficácia. O presidente não deveria fazer uso político de algo tão sério.","Enfia n moca esse teu projeto canalha, ou abre mão da cloroquina, pq tu tbm vai pegar. Derrotado deveria ser teu apelido Ouvi um Amém? #EuApoioBolsonaro",1,0.1800746470689773,0.8199253678321838,,Alta
"Faça o que eu digo: João Doria criticou a cloroquina no protocolo do Ministério da Saúde: “a ciência não recomenda”. Mas o médico David Uip, de sua equipe, curou-se usando o remédio, que faz parte do protocolo do seu governo.","A ""ciência POLÍTICA"", não recomenda.... #mudabrasil PS: Qdo um País se transforma num caos incontrolável, seus des governos, saem do País, e vão morar em ilhas paradisíacas, com todo espólio da guerra de causaram... Simples assim!",2,0.1641312688589096,0.8358687162399292,,Alta
"“É causa ganha, né Doutor?”",Chamar de “Doutor” já é a própria cloroquina,1,0.1381803750991821,0.8618195652961731,,Alta
"Vi no Jornal da Globo uma descrição dos efeitos colaterais da Cloroquina e da Hidroxocloroquina.  A partira daí,  parece que é melhor dar um tiro na própria cabeça do que usar esses medicamentos. Não sei como o pessoal que usou para combater a malária sobreviveu.",Estão divulgando os efeitos da superdosagem como se fosse efeitos colaterais... lembrando que o Sulfato de Hidroxicloroquina é menos problemática,2,0.1743568480014801,0.8256431818008423,,Alta
"Muito engraçada a piadinha num dia em que mais de mil pessoas morreram de Covid-19 no Brasil, presidente.",Kkkkk essa foi boa kkkk. Se tivessem administrado a cloroquina desde o começo talvez não teríamos  tanta gente internada e não teriam tantos óbitos.,1,0.1196713745594024,0.8803285956382751,,Alta
"""Clamor da sociedade"". Essa foi a justificativa apontada por funcionária do Ministério da Saúde para o novo protocolo que amplia o uso da cloroquina no combate à #COVID19.  Apesar do ""clamor da sociedade"", não há evidência científica da eficácia da droga.","e a sociedade sabe o que sobre medicamentos, uso terapéutico e efeito adverso?",2,0.1279214471578598,0.872078537940979,,Alta
No dia em que o Brasil teve mais de 1.000 mortes por coronavírus ( Bolsonaro fez piada sobre 'cloroquina' ( relembre as vezes em que o presidente subestimou o vírus ou protagonizou falas irônicas sobre a pandemia:,QUANDO O BRASIL PASSOU DE 1.000 MORTES POR DIA:,2,0.1719383895397186,0.8280616402626038,,Alta
"""Os resultados preliminares do estudo estarão disponíveis até o final de 2020"". E quem tem tempo para aguardar tanto? Há evidências positivas e baixo risco, logo: in dubio pro reu!","Nossa mano, a Cloroquina não é a melhor opção, a Vacina sim, transformaram tudo em polarização Política agora, todos defendem uma coisa e outros não. Foda isso.",1,0.1177164688706398,0.8822835087776184,,Alta
"Cadê o impeachment, Maia?  segue zombando da morte dos brasileiros, liberando o uso da Cloroquina contra a ciência e cometendo crimes comuns e de responsabilidade semanalmente. Não entre para a história como o parlamentar mais covarde do Congresso Nacional.","Ninguém está OBG a usar CLOROQUINA, apenas o povo deve ter o direito de usar , caso queira , é não somente os ricos de hospitais particulares.",1,0.1064107865095138,0.893589198589325,,Alta
"Entidades médicas já se posicionaram contra a medida e a OMS, quando questionada sobre a decisão do governo brasileiro, reafirmou que além de não ter eficácia comprovada, a cloroquina pode causar efeitos colaterais graves.",Quer dizer então que o Conselho Federal de Medicina não vale porra nenhuma seu canalha que já deve estar com sua farmácia ambulante(ainda sofre do TOC) cheia do remédio do Bolsonaro ????,2,0.1120064780116081,0.8879934549331665,,Alta
"interessa pelo seu povo. Que muito pelo contrário, quer ASSASINAR o povo, liberando a CLOROQUINA, que não há UMA, UMA pesquisa ou estudo dizendo que o medicamento é eficaz. Mas o PR insiste no erro, na burrice e libera a CLOROQUINA.","Ouça  a voz dos médicos, ouça os profissionais da saúde, que NÃO tem a certeza que CLOROQUINA é eficaz no combate a doença.   Jair Bolsonaro age na CONTRA MÃO DO MUNDO, nenhum outro PR, de qual país que seja, incentivou a população a sair p/ fazer manifestação,",1,0.1256396770477295,0.8743603825569153,,Alta
"Eu não vou tomar porque eu não posso. Sou alérgico a um composto presente nele e tenho problemas de pulmão. Se alguém da minha família estivesse em uma situação assim, eu optaria por não dar visto que um amigo muito próximo está em estado grave POR CAUSA DO USO DA CLOROQUINA.","Um ponto. Há várias noticias na história, pessoas tomaram cloroquina preventivamente para Ñ ter a doença da malária, PREVENTIVAMENTE, porém hoje cloroquina mata, muito estranho. Médicos estão tomando cloroquina para evitar a doença, porém o povão Ñ pode pois mata, muito estranho.",1,0.1794591695070266,0.8205408453941345,,Alta
"Uma análise do protocolo do Ministério da Saúde sobre o uso precoce da HCQ/Cloroquina no #Covid_19 . Ele é uma afronta ao pensamento científica e a medicina séria, que se importa com as vidas em jogo",Maravilhoso fio de um profissional da saúde. Ouça a ciência.,2,0.1271600872278213,0.8728399276733398,,Alta
"Mandetta, na , comenta frase de Bolsonaro: em tempos de quem é de direita usa cloroquina, quem é de esquerda toma tubaína, “quem tem juízo escute a medicina”","Mas, nesse país, juízo é uma especiaria. É qualidade exótica. É um artigo em falta.",2,0.1415696740150451,0.8584303259849548,,Alta
"- Ainda não existe comprovação científica, mas sendo monitorada e usada no Brasil e no mundo. Contudo, estamos em Guerra: “Pior do que ser derrotado é a vergonha de não ter lutado.”  - Deus abençoe o nosso Brasil.",Vai tomar no teu cu,2,0.1266608536243438,0.8733391761779785,,Alta
"A Cloroquina não é um veneno. É um remédio antigo que tem efeitos colaterais, como risco aumentado de arritmias cardíacas. Por que usam em pacientes com Malária ou doenças reumatológicas? Por que os benefícios superam o risco. No caso do Covid não há evidências que funciona.","Esse é o melhor resumo que li. Quanto às evidências, numa emergencia, eu pessoalmente me satisfaço com relatos de medicos",2,0.1105179339647293,0.8894821405410767,,Alta
"Bolsonaristas criam 'corrente do bem' e se medicam com cloroquina, azitromicina e antipulgas",a roleta russa tá diferente,2,0.9913160800933838,0.0086838798597455,,Random
A verdade é que Bolsonaro manda tomar cloroquina porque se mandasse tomar vitamina C descobriram a relação da família com laranja,"Como diria o ministro Nelson teich,  enfia essa cloroquina no toba.",0,0.7761131525039673,0.2238868921995163,,Random
"Quis dizer que não está de acordo com o que diz Nise, na comparação entre hidroxicloroquina e cloroquina","Como você disse, ela diz que a cloroquina é mais tóxica",1,0.1984438896179199,0.8015561103820801,,Random
"#BrasilComBolsonaro #Cloroquina Um remédio que a esquerda não aceita,... Será o pq?",Para sempre! #BrasilComBolsonaro,2,0.9917245507240297,0.0082755349576473,,Random
"Ouvi dizer -- mas, juro, não acredito -- que o Doriana só não gosta da cloroquina porque não é supositório.",Doriana é testador de Supositório não gosta da HDC.  Tá Explicado! Mais alguém??? Próximoooooo....,2,0.9545008540153505,0.0454990938305854,,Random
Ele usa o Protocolo da Cloroquina ou você Acha que não?? #EuApoioBolsonaro,Dar cloroquina para doentes com sintomas leves é o mesmo que dar tiro em criança só pq ela tá no morro..  OH! WAIT!!,0,0.8817827105522156,0.1182173043489456,,Random
Coronavírus: Recomendação da Saúde sobre uso da cloroquina tende a ser usada contra médicos,"#EuApoioBolsonaro até um certo ponto. Se o STF interferir no protocolo da Cloroquina e ele não fizer nada, tô fora! Os menos favorecidos serão os mais prejudicados. Essa usurpação tem q parar!",0,0.9631561040878296,0.0368438623845577,,Random
"Bolsonaro quis alterar bula da cloroquina, diz Mandetta","É crime têm que denunciar, e socar ele na cadeia dos!",2,0.9826012253761292,0.0173987857997417,,Random
Esse é o irresponsável governo Bolsonaro. Militar nomeado no SUS publicou fake news sobre cloroquina e ofendeu OMS,"Um tolo, que vive às custas do povo e agora...",2,0.9773818850517272,0.0226180758327245,,Random
Indicava cloroquina até para grávidas.,Café com cloroquina para acordar,0,0.9800047278404236,0.0199953354895114,,Random
"Bolsonaristas criam 'corrente do bem' e se medicam com cloroquina, azitromicina e antipulgas","Cara, a seleção natural não para de atuar né? PQP!",2,0.9792457818984984,0.0207542516291141,,Random
"Cloroquina não tem eficácia comprovada e muitos países limitaram o uso, diz OMS.",Cloroquina não gera lucro nem propina...,1,0.9514721035957336,0.0485279634594917,,Random
"Apresentei um projeto de decreto legislativo p/ sustar o novo protocolo do  que recomenda uso precoce da cloroquina em pacientes com #Covid19, enqto não houver estudos científicos que comprovem sua eficácia. O presidente não deveria fazer uso político de algo tão sério.","Todos nós sabemos que a ação em Barrar a cloroquina não tem absolutamente nada haver com saúde, mas politicagem suja. VOCÊ É UM CANALHA, MAL CARÁTER!!!",1,0.2524820268154144,0.747518002986908,,Random
Qual é a cloroquina da sua profissão?,Predio espelhado,2,0.9869389533996582,0.0130610447376966,,Random
"- Ainda não existe comprovação científica, mas sendo monitorada e usada no Brasil e no mundo. Contudo, estamos em Guerra: “Pior do que ser derrotado é a vergonha de não ter lutado.”  - Deus abençoe o nosso Brasil.",O JUMENTO DO CARALHO QUE ODIO,2,0.630841851234436,0.3691582083702087,,Random
"Deus me livre do #Coronavirus Deixarei por escrito que prefiro a #Tubaína indicada pelo Presidente para os esquerdistas.  Sigam essa thread, é de arrepiar","Mas a cloroquina é utilizada há décadas, inclusive foi indicada para grávidas para evitar o zikavirus. Como pode isso? Tem algo de estranho no reino da Dinamarca.",1,0.9608331918716432,0.0391668416559696,,Random
Governo divulga protocolo para uso da cloroquina até em casos leves de Covid-19.  comenta:  #GloboNews #edicao16,Remédio perigosíssimo essa cloroquina: cura o paciente e mata a narrativa alarmista dos jornavirus.,1,0.9880421161651612,0.0119579210877418,,Random
1179 mortos nas últimas 24 horas e esse é o nível da live hoje.,"1º quando se sentir inútil, lembrem-se dessa biblioteca do Bolsonaro. 2º galera da direita por favor arrochem na cloroquina.",2,0.9177414178848268,0.0822586044669151,,Random
"#GrandeDebate #NovoDia Além da corrente contrária causa espécie manter cloroquina e hidroxicloroquina como sendo a mesma coisa, quando não são. Acho isso LAMENTÁVEL!!","7h07 Isa Estaciarini de Brasília para rádio CBN  Jair Bolsonaro, presidente da república, acabou Liberando a cloroquina mesmo com especialistas confirmando que ainda ñ tem estudos comprobatórios confirmando sua eficácia.  Ironizou, a respeito da tubaína. (!)",0,0.9817436933517456,0.0182563737034797,,Random
"O Brasil ganhou mais uma esperança no tratamento do #coronavírus. O  adotou um novo protocolo para receita da cloroquina/hidroxicloroquina. O medicamento, que já é adotado em diversas partes do mundo, é considerado o mais promissor no combate à Covid-19. Entenda:",Pesquisa feita por quem??? #coronavirus #covid19brasil,2,0.9394854307174684,0.0605145618319511,,Random
"Debate sobre cloroquina acabou no mundo e só segue no Brasil, diz cientista","E é muito simples...é um protocolo, se você acusar positivo pode usar a Cloroquina por 5 dias, se não quiser, pode usar Dipirona e aguardar...Os efeitos colaterais descritos na Bula são os mesmos. Quem escolhe é o paciente é super tranquilo e com total liberdade.",1,0.8731622099876404,0.1268377900123596,,Random
Liberar cloroquina sem comprovação científica da eficácia:   Liberar a maconha pra tratamento de doenças como mal de Parkinson e epilepsia com eficácia cientificamente comprovada:,Tá aí o governo que vcs tanto queriam seus arrombados,2,0.3030839562416076,0.6969159841537476,,Random
e sua mae q cantava 'cloroquina lá do SUS',"Os estudos que concluiram o não funcionamento da Cloroquina e da Hidroxocloroquina, além de usaram uma metodologia limitada e não terem um controle de classificação dos grupos, também fizeram a coisa mais estupida que eu já vi: Deram doses ínfimas do princípio ativo do remédio.",0,0.9542563557624816,0.0457436330616474,,Random
"em nenhum momento o lula exaltou a doença, ele só foi infeliz na escolha de uma palavra. mas tentar colocar ele no mesmo patamar desse desperdício de oxigênio que ta ai na presidência.... maneirem na cloroquina ai","Protocolo não obriga médicos a prescreverem cloroquina, dizem juristas",0,0.9713212251663208,0.0286788139492273,,Random
"Segundo Mandetta, Bolsonaro queria alterar a bula da cloroquina na ANVISA para colocar indicação para Covid-19.  Jair mantém uma postura criminosa e autoritária, sem qualquer respeito à ciência.  Na relação entre o médico e o monstro, o último está no comando.",Quer usar a população como cobaia humana.,2,0.6731046438217163,0.3268953859806061,,Random
"Se Bolsonaro estivesse REALMENTE interessado em salvar pessoas ao forçar o uso de cloroquina contra o coronavírus, então ele a utilizaria dentro de um protocolo de pesquisa clínica - uma vez que não existe dose/bula do medicamento contra o coronavírus. Sabe pq ele não faz isso?","Bolsonaro não está interessado em salvar pessoas da infecção e já deixou isso bem claro toda vez que desrespeitou as recomendações da OMS, inclusive ao forçar a barra com a tal cloroquina. Vemos que na verdade ele está tentando obstruir as medidas de isolamento e disputar",1,0.4644393622875213,0.535560667514801,,Incerta
"""Bolsonaristas criam 'corrente do bem' e se medicam com cloroquina, azitromicina e antipulgas"".  Antipulgas. Antipulgas. ANTIPULGAS.","Esse pessoal se supera.  Antipulgas, gente?",2,0.5681925415992737,0.4318074285984039,,Incerta
"Soube também que as pessoas estão se auto-medicando(prática comum no Brasil, mas arriscada)    Sim, a CLOROQUINA é um dos medicamentos mais procurados.","EU ODEIO O D E I O QUANDO ELES FALAM ""NÓS COMO SOMOS PESSOAS INTELIGENTES..."" NÃO VOCÊS NÃO SÃO INTELIGENTES VOCÊS SÃO ESTÚPIDOS POR PENSAREM Q A CLOROQUINA TÁ FAZENDO EFEITO",0,0.4461347460746765,0.5538652539253235,,Incerta
"Entidades médicas já se posicionaram contra a medida e a OMS, quando questionada sobre a decisão do governo brasileiro, reafirmou que além de não ter eficácia comprovada, a cloroquina pode causar efeitos colaterais graves.",Estranho: por que a OMS não deu chilique contra Rússia e Índia?,2,0.4380163550376892,0.561983585357666,,Incerta
"- Ainda não existe comprovação científica, mas sendo monitorada e usada no Brasil e no mundo. Contudo, estamos em Guerra: “Pior do que ser derrotado é a vergonha de não ter lutado.”  - Deus abençoe o nosso Brasil.",Atenção boiolas,2,0.4197651147842407,0.5802348852157593,,Incerta
Bolsonaro admite que não há comprovação científica de eficácia da cloroquina contra a covid-19 (via ),"O Estado endossa o uso de medicação sem eficácia comprovada, deixa a decisão na mão de leigos e se isenta de responsabilidade caso dê tudo errado. Parabéns aos envolvidos.",2,0.5012403130531311,0.4987596869468689,,Incerta
"Hoje  tomou uma atitude corajosa, que salvará milhares de vidas: liberou o uso da cloroquina pra todos os casos de COVID-19 no SUS, mesmo os leves  Basta o paciente autorizar o uso do medicamento, que tem se mostrado muito eficaz em diversas partes do mundo",agora burrice e mau caratismo virou coragem? hm,2,0.4040163457393646,0.595983624458313,,Incerta
Acabei de entrar numa fila com mais de 500 pessoas para comprar ingresso de um jogo que ocorreu há quase 22 anos atrás. O vascaíno é completamente piroca das ideias.,Somos totalmente cloroquina das ideias!! Daqui a pouco tô nessa fila,2,0.4695870578289032,0.5304128527641296,,Incerta
Pega  uma cloroquina p fazer um loló,Linda aquela passando cloroquina pra clarear o cu,0,0.5480039715766907,0.4519959986209869,,Incerta
Nasa descobre possível universo paralelo onde tempo passa ao contrário,finalmente um universo onde a cura para Covid realmente é a cloroquina,2,0.5879427194595337,0.4120572805404663,,Incerta
Militar nomeado para o SUS passava o dia xingando ministros eo   na internet  ja chamou Lewandowski de “amigo de traficantes”  Celso de M de “apoiador de pedófilos”  Weber de defensora de “estuprador”   Gilmar Mendes de defensor de “corrupto”,"Ou seja, não basta ser militar. Tem que ser militar padrão-olavo-bolsonaro",2,0.5546207427978516,0.4453792870044708,,Incerta
Qual é a cloroquina da sua profissão?,"uai??? mas eu vi o fulano ensinando a fazer no youtube, pq vc tá cobrando por isso?",2,0.4673263728618622,0.5326735973358154,,Incerta
O  vem trabalhando em coordenação c/ o  p/ trazer da Índia hidroxicloroquina e seus insumos. Após conversa minha c/ o Chanceler indiano obtivemos liberação de 1000 kg de hidroxicloroquina que chegam ao Brasil esta semana. Estamos negociando novos envios.,Vcs estão ganhando quanto p importar cloroquina p nos matar??????,1,0.4854546785354614,0.5145453214645386,,Incerta
"Apresentei um projeto de decreto legislativo p/ sustar o novo protocolo do  que recomenda uso precoce da cloroquina em pacientes com #Covid19, enqto não houver estudos científicos que comprovem sua eficácia. O presidente não deveria fazer uso político de algo tão sério.",CANALHA. Quer matar o povo de doenças e de FOME. #EuApoioBolsonaro,2,0.5233302712440491,0.4766697287559509,,Incerta
"""Nós não faremos a distribuição e nem aplicação generalizada da cloroquina, porque a ciência não recomenda"", disse o governador de São Paulo, João Doria.","Não existe dogmas na Ciência Não existe verdades supremas Na Ciência toda ""verdade"" é aquela existente no dia, porque amanhã tudo pode mudar. É IRRACIONAL DIZER QUE NÃO EXISTE CIÊNCIA EM RECEITAR E TOMAR CLOROQUINA. 1 - Desde 2003/05 já se pesquisa essa aplicação.",1,0.5810015797615051,0.4189983606338501,,Incerta
mas quem q não respeita a quarentena? o menino tava falando de cloroquina,"a pessoa que tá mandando dar cloroquina pra todo mundo mesmo sem ter nenhuma experiencia na area de saúde e é contra a quarentena pq ""a economia nao pode parar"", também conhecido como Jair Bolsonaro",1,0.442893385887146,0.557106614112854,,Incerta
Nesse momento me encontro aguardando isso aqui viralizar até chegar o primeiro paciente que vai pedir cloroquina baseado nisso...  protege meu CRM aí pfv não deixa levarem de mim tão rápido,"News: li o doc e precisa fazer uns exames antes e durante o ""tratamento"". Exames que não temos acesso com rapidez no sus aqui.",2,0.5407983660697937,0.4592016339302063,,Incerta
1) O efeito colateral da Cloroquina MAL RECEITADA pode matar uma pessoa de infarto 2) O agente público pode sair impune desse erro fatal 3) Pode faltar cloroquina para quem realmente precisa  Ligue os pontos.,Nao seja infantil criminoso ken kataguris vc sabe q a cloroquina sera receitada somente por medicos entao vai pro movimento bunda livre e chora,2,0.418795496225357,0.5812045335769653,,Incerta
Pq os três secretários de saúde dos 3 estados mais afetados pelo COVID se trataram com Hidroxicloroquina se não funciona? pq eles negaram ao povo o tratamento que eles utilizaram em si mesmo?,"A esquerda deve sofrer de ejaculação precoce, se querem ver o Bolsonaro cair deixa o povo tomar cloroquina, o ramagem tomar posse, acabar a quarentena, e o Guedes fazer o que quer, se acontecer tudo que eles pregam, terão motivos para o derrubarem senão é mau-caratismo mesmo.",2,0.529036819934845,0.4709632098674774,,Incerta
"Eu nem vou problematizar tanto a piada do Bolonaro pq aparentemente cloroquina e tubaina são tão eficientes quanto no combate à covid só que tubaina não tem efeito colateral potencialmente letal, então se só direitista tomar cloroquina capaz até de ter um saldo bom nisso.",Exato. Eu ia comentar exatamente isso. Prefiro mil vezes tomar a tubaina que a cloroquina. Então foi otima a fala dele akskele,2,0.4121489524841308,0.5878511071205139,,Incerta
"3. O ministério da saúde estabeleceu como protocolo aos profissionais da saúde a prescrição de cloroquina até para casos leves de COVID-19.   Para receber a cloroquina, o paciente precisa assinar que está ciente de que pode morrer por tomar o medicamento.",4. Não existe evidência científica de que a cloroquina pode proporcionar qualquer benefício aos doentes.,1,0.5390377640724182,0.4609622657299042,,Incerta
"Por que a cloroquina e a hidroxicloroquina,  tem efeito colaterais com vírus chinês, mas não tinha efeito colaterais com a malária?","A cloroquina é ineficaz, assim como a Azitromicina. Não é politica, é ciência.",0,0.4571177363395691,0.5428823232650757,,Incerta
"O  divulga orientações para tratamento da Covid-19, onde a Cloroquina pode ser ministrada em casos leves, com recomendação médica e autorização do próprio paciente/família.","Macho, não vou nem te chamar de burro, pois isso é uma ofensa ao animal! Tudo quanto é especialista já descartou esse tratamento com cloroquina.",1,0.5767072439193726,0.423292726278305,,Incerta
"Exatamente ! Tomei tanta Cloroquina que sou íntima dela. Sempre na dose correta e horários determinados pra ter um exelente resultado. Obrigada,Deus pela Hidróxicloroquina !","Obrigada amiga, por relatar",2,0.4858171939849853,0.5141828060150146,,Incerta
"Sen. Serra quer o quê? Que morra todo mundo, esperando os estudos cabais? O protocolo do MS é absolutamente condizente com os princípios que informam a Bioética! O protocolo respeita a autonomia de médicos e pacientes. Decidiu aparecer da forma errada, com todo respeito!","A Sra tomou cloroquina, amada? Pq omitir isso?",2,0.4326700866222381,0.5673298835754395,,Incerta
"Quem é a favor da vida, tem por obrigação boicotar esses locais.",Qual a cloroquina do seu curso?  Me: não existe aquecimento global,0,0.4140588939189911,0.5859410762786865,,Incerta
"Não sei se seria boa ideia. Daria discurso ao Bozo: ""tentei ajudar o povo e o Supremo não deixou"". Se tem coisa que não falta no Brasil é otário que acredita em cloroquina.","Otário é quem fala mal sendo que a Cloroquina é eficaz, segura e salva vidas",1,0.588671863079071,0.4113281369209289,,Incerta
Tá aí o que o presidente pensa  Tiririca para Ministro da Saúde já!,"Falou cloroquina, a entrevista dos marinho acaba na hora!",0,0.5121983289718628,0.4878016710281372,,Incerta
Vai usar cloroquina ou vai continuar destilando seu ódio ao Governo?? Presidente andou no meio do povão e não pegou e vc tava protegidinha pegou??? Sinto Nada!!!!!!,"Vai usar cloroquina, esconder como o Uip, continuar mandando o povo ficar em casa porque o PSDB, internacional socialista precisa DESTRUIR A ECONOMIA do país para tomar de assalto o pais! Como disse o Dirceu/Dilma fazer o inferno e tomar o poder a forca!",1,0.4880349338054657,0.5119650363922119,,Incerta
"P os cheios d opinião e vazios d informaçao: pesquisem os problemas do uso d respiradores no tratamento da covid. P quem ta tao preocupado c mortes ""após cloroquina,"" saiba q a morte c uso de respiradores é muito maior - mas como não foi defendido por político inimigo: silêncio",Caramba! Quais seriam as alternativas ao respirador?,2,0.4407653212547302,0.5592347383499146,,Incerta
"Se a cloroquina der certo, foi graças ao Bolsonaro, se der errado, foi vc que assinou o termo de consentimento.",Sei não... deu certo onde ?,2,0.4552047252655029,0.5447952747344971,,Incerta
"""O estado do Maranhão disponibiliza, a partir desta segunda-feira (17), cloroquina para tratamento de pacientes leves com Covid-19. O kit de fármacos é composto de hidroxicloroquina, azitromicina, corticoide, vitaminas C e D.""  RT:","Olha, quem não aproveita qualquer momento para falar mal da cloroquina ou de qualquer política desse governo não merece meu respeito",0,0.4489858448505401,0.5510141253471375,,Incerta
Qual é a cloroquina da sua profissão?,"jornalista não precisa de diploma, o conhecimento é empírico kkkkkk",2,0.4944085776805877,0.5055913925170898,,Incerta
Qual é a cloroquina da sua profissão?,"Legal, você trabalha com loja?  (Até faz sentido, assim como a cloroquina, até se aplica em alguns casos)",2,0.594695508480072,0.4053045213222503,,Incerta
"Só mostrou a vocês, hipócritas do , que os efeitos adversos não matam ninguém.","Sikêra Jr., depois do #vaiprarua, roga praga à esquerda e prega cloroquina",0,0.5083588361740112,0.4916411340236664,,Incerta
"O médico pode ser responsabilizado pelos efeitos colaterais do uso da cloroquina no paciente. Ou seja, o médico aplica um método que não tem comprovação, pode matar ou trazer sequelas ao paciente e o Estado sai ileso.","Ou seja, cloroquina no paciente e uma tora no cu do hospital e do médico ou demais profissionais de saúde.",1,0.4250080585479736,0.5749919414520264,,Incerta
"Apresentei um projeto de decreto legislativo p/ sustar o novo protocolo do  que recomenda uso precoce da cloroquina em pacientes com #Covid19, enqto não houver estudos científicos que comprovem sua eficácia. O presidente não deveria fazer uso político de algo tão sério.","Vai se fuder, seu ladrão",2,0.5791297554969788,0.4208702743053436,,Incerta
"Marinho e seus especialistas. Cloroquina pode levar a óbito súbito? Quem tem malária, lúpus e artrite pode parar de tomar já, doutor? ""Toda a comunidade médica"". Fale por si. O Conselho Federal de Medicina confirmou o protocolo.  E aí, doutor especialista dos marinho?","Médicos, por favor, respeitem o juramento de Hipócrates.  #QuintaDireitaSDV",2,0.4990868270397186,0.5009132027626038,,Incerta
O paciente é a tal da Cloroquina,essa cloroquina vai matar mais que o vírus em si,0,0.5215983986854553,0.478401631116867,,Incerta
"O STF mais uma vez barrou o decreto do Executivo e há risco de barrarem o novo protocolo da cloroquina.   Não dá mais, está na hora.",Passou da hora!São vidas envolvidas.,2,0.5956817269325256,0.404318243265152,,Incerta
"No dia em que o Brasil atingiu pela 1ª vez a marca de mil mortes em 24 horas, Bolsonaro voltou a defender a cloroquina. Em entrevista nas redes sociais, o presidente disse que o ministro interino vai baixar um protocolo sobre o assunto e fez uma piada #JG","Não sou a favor da brincadeira só pelo fato dele ser o PR né, mas na verdade nos tbem falamos a mesma coisa toma essa merda quem quiser... se quiser tomar ... tome outra coisa ou morre. A culpa não é do presidente  pessoas ao meu redor não acreditam que possam pegar essa merda.",2,0.5550587773323059,0.4449411928653717,,Incerta
"Apresentei um projeto de decreto legislativo p/ sustar o novo protocolo do  que recomenda uso precoce da cloroquina em pacientes com #Covid19, enqto não houver estudos científicos que comprovem sua eficácia. O presidente não deveria fazer uso político de algo tão sério.",Mas se sua turma pegar já sabe né? É cloroquina na veia.,1,0.5324824452400208,0.4675175547599792,,Incerta
Pq o dono da RBS (globo) utilizou Cloroquina para se tratar e transmite todo dia na sua afiliada a notícia que não funciona?,E pq os comunicadores da RBS tipo a  debocham da cloroquina?,2,0.4265924990177154,0.5734074711799622,,Incerta
"O presidente da República queria um médico que permitisse o uso da cloroquina. Dois médicos, que têm compromisso com a medicina, se recusaram assinar e foram embora.  Aí entra um general qualquer e libera a cloroquina, botando na conta do paciente o risco. Assim é este governo.",Só lembrando que o uso da cloroquina NÃO é obrigatório. Qualquer paciente tem o direito de recusar o tratamento.,1,0.4248196482658386,0.5751803517341614,,Incerta
"A OMS diz não ao uso da cloroquina e o Brasil, mesmo assim, libera o uso. É mt burrice msm, cr.",A cloroquina é essa mentira que de tanto repetirem vai virar verdade,0,0.4925461113452911,0.5074538588523865,,Incerta
"Do  no  : “sabe qual minha opiniao sobre a cloroquina? Nenhuma. Eu não estudei, não sou médico, não é questão de opinião”.",Eu sou advogado,2,0.5522584915161133,0.4477415382862091,,Incerta
a criança chata do cuscuz com ovo é bolsominian ainda,"Vocês são doentes!!  Esse menino deve ter uns seis anos no máximo, ele nem sabe oq significa cloroquina, os pais o colocam nessa situação e vcs aí julgando a criança!!!  Bando de sem noção",2,0.41069096326828,0.5893089771270752,,Incerta
Efeitos colaterais da cloroquina/efeitos colaterais do Viagra  Acho melhor os véi parar de fuder tbm  Caralho! Os efeitos colaterais do Viagra não coube tudo aq não,O que importa é que com o Viagra o cara morre feliz!!!kkkkk,2,0.5161617994308472,0.4838382005691528,,Incerta
que dia triste vai ser o da M.I.A. e seu filho quando acharem a vacina do covid-19 será q ela toma cloroquina?,cloroquina eh minha pica seu jair,0,0.5490530133247375,0.4509470164775848,,Incerta
"Bolsonaro queria mudar a bula do remédio, não deixaram. O tal protocolo é ctrl C + ctrl V do parecer do CFM. Uso off label é com os médicos. O resto é narrativa.","E o meu irmão farmacêutico receitando cloroquina para os meus pais como medida profilático para a futura infeção do covid, ainda vem com discurso que a favor da vida e faz a defesa do Bolsonaro. É cúmulo da sandice humana. Remédio tem ideologia.",1,0.4223906695842743,0.5776093602180481,,Incerta
"Depende de família para família. Se vc acha q com isso dá pra sobreviver com certeza vc é gado. Eu sou esquerda com orgulho, comunista se vc quiser. Vc deve tá tomando cloroquina e comendo capim por ordem do chefe né? Vai lá sentar no colo dele. Tá doído pelo Bozo, dá pra ele.","Vindo de um esquerdista comunista, não sei  o por quê da reclamação! Regimes de países que vocês apoiam pagam muito, mais muito menos que isso.",2,0.1513191610574722,0.8486809134483337,,Alta
"Nesse cenário, caberá ao médico tentar convencer o paciente de que não precisa (pois de fato não precisa):  ""Não há evidências científicas FAVORÁVEIS (...) Por outro lado, demonstram maior frequência de eventos adversos GRAVES e com MAIOR LETALIDADE"" (+)","Além disso, devido à mesma campanha, muitos médicos vão, por IDEOLOGIA, convencer pacientes a serem tratados com a droga.  Imagine uma pessoa leiga ouvindo um médico falar que ela precisa ser tratada com a Cloroquina.  ""É só assinar esses papéis, senhora"" (+)",1,0.158580482006073,0.8414194583892822,,Alta
"O delegado e instrutor de tiro Paulo Bilynskyj, baleado ontem pela namorada, segue internado e precisa de doadores de sangue. Interessados entrar em contato com o Hospital Estadual Mário Covas, de Santo André, pelos telefones (11) 2829-5144/5049.  Desejo uma rápida recuperação.","Tá internado e baleado depois de atirar na namorada né? Você tá pedindo sangue pra um assassino, deputado!? Mas tá precisando de sangue mesmo? Pq não trata com cloroquina?",2,0.1369244158267974,0.8630756139755249,,Alta
esfreguem essa thread na cara de todos os parentes de vcs. CIÊNCIA NÃO SE REFUTA COM OPINIÃO!!!!!!!!!!! CIÊNCIA É CIÊNCIA,"eu tenho parente (médico foda pra caralho) que diz que os testes são manipulados pela indústria farmacêutica pq eles não iriam lucrar tanto c a cloroquina..... e o resto da família acredita em quem? isso msm, no primo médico q sabe mais que todo mundo",1,0.1000558584928512,0.8999441266059875,,Alta
pq ele não tomou a cloroquina do patrão.. quem sabe se salvava neh,"Pra tomar Cloroquina voce tem que assinar um TERMO se responsabilizando (????)  Qual remédio no mundo tem que ser assinado um termo de responsabilidade mano, QUAL?",0,0.1809524744749069,0.8190475702285767,,Alta
"- Ainda não existe comprovação científica, mas sendo monitorada e usada no Brasil e no mundo. Contudo, estamos em Guerra: “Pior do que ser derrotado é a vergonha de não ter lutado.”  - Deus abençoe o nosso Brasil.",idiota da porra mano eu n aguento mais esse macho,2,0.1508746594190597,0.8491253852844238,,Alta
"- Ainda não existe comprovação científica, mas sendo monitorada e usada no Brasil e no mundo. Contudo, estamos em Guerra: “Pior do que ser derrotado é a vergonha de não ter lutado.”  - Deus abençoe o nosso Brasil.",AINDA NÃO EXISTE.  NÃO EXISTE SEU DOENTE MENTAL,2,0.1272023022174835,0.8727977275848389,,Alta
E aí  agora vai voltar atrás de receitar a cloroquina?,"Oxe , não é bom ??",2,0.163330465555191,0.8366695642471313,,Alta
Constantino ... o problema è correr o risco dos efeitos colaterais sem saber se tem algum efeito benéfico ... paracetamol já sabe que funciona... cloroquina não .. simples assim,"Bast perguntar aos médicos que usaram, eles dizem que funciona.",2,0.1409502625465393,0.8590497374534607,,Alta
"O uso precoce da hidroxicloroquina tem feito a diferença quando se trata de salvar vidas. Lembre-se, o PT quer tirar esse medicamento de você. Pediu que o STF proíba que o Presidente  recomende seu uso precoce até que haja provas científicas. Bandidos!",Já existem provas práticas de que a cloroquina salva vidas. Isso já é suficiente e mais importante que ficar 10 anos olhando em um microscópio.,2,0.1406768411397934,0.8593232035636902,,Alta
"José Serra apresentou um projeto para barrar o novo protocolo da cloroquina. O senador pede que o protocolo não entre em vigor enquanto não houver estudos científicos que comprovem sua eficácia. VALERÁ TAMBÉM PARA OS PACIENTES DO ALBEEINSTEIN,OU SÓ OS POBRES NÃO PODERÃO TOMAR?",Absurdo seu Serra sujoooo!!,2,0.1145906671881675,0.8854093551635742,,Alta
Foi golpe. Bolsonaro é fascista. Doria é um oportunista. A ciência está certa. Quarentena é necessária. Cloroquina não funciona. A Terra é redonda - e se move. Aceitem a verdade.,"A ciência diz que é normal mulheres preferirem profissões de cuidado a pessoas e homens preferirem as que lidam com objetos (como engenharias). E que isso não é construção social, mas com raiz biológica. A ciência está certa sobre isso? Só checando o grau de defesa da ciência aí.",2,0.1098236888647079,0.8901763558387756,,Alta
"eu to que não aguento gente com acesso à informação, que chegou ao ensino superior, que toma a não indicação da cloroquina como guerra política. agora aprenderam a jogar o abuso de remédios sem prescrição como justificativa ao uso da cloroquina","Mesma linha de argumento de quem fala : ah mas usa droga e cloroquina não pode.  Meua migo, no dia que o médico me receitar uma carreira de coca (ele vira meu médico pessoal) a gente conversa!",1,0.1749132424592971,0.825086772441864,,Alta
"Eu devagar? Tu que tava a meia hora falando pra eu dar minha opinião, sendo que eu ja tinha falado. Mas e ai, vc e sua familia vão abrir mão do respirador se precisar? Só fica na cloroquina","Deixa de ser idiota, garoto. Tenho certeza que se vc adoecer, vai clamar pela cloroquina. Tenho muitos médicos na família e muitos relatos próximos de pessoas que foram curadas com uso dela. Faz o termo e coloca no teu twitter pra todos verem.",1,0.1825732886791229,0.8174267411231995,,Alta
Qual é a cloroquina da sua profissão?,que profissão?,2,0.1879561394453048,0.8120438456535339,,Alta
"Se os governadores tivessem autorizado o uso da cloroquina no início dos sintomas, teríamos evitado muitas mortes.",Assim como nos EUA? Lá não morreu ninguém né? Gente ignorante. Hj morreu um deputado de 44 anos. Era do PSL. Usou cloroquina e morreu. Explica ai Dra..,1,0.1074297502636909,0.8925702571868896,,Alta
"A cloroquina para pessoas cardiopatas levará a morte delas, não a sua cura do covid. Sem estudos não saberemos que grupo mais poderá ser “envenenado” por ela ao invés de ser salvo pelo remédio",Eu sou um cardiopata. Tenho marca passo. E se tiver confirmado algum teste meu para Covid-19 eu quero sim tomar Cloroquina.  Vc demonstra um desconhecimento total sobre o assunto. Pessoas que estiveram em países da África tomavam normalmente. Veja a bula da aspirina...e bem pior!,1,0.1916246116161346,0.808375358581543,,Alta
"Mudou?? Não era isso que o Teich e a ciência estávam recomendando? Uso da cloroquina não tem evidência científica e deve ser usado com cautela, prescrito pelo médico e o paciente aceitando os riscos. Fez essa confusão toda em relação a cloroquina pra isso? Que loucura!","Entendam, ele não está fazendo nada novo, nada diferente, mais uma vez querendo tirar o foco...pelo amor de Deus pensem um pouco, é com prescrição médica. Isso o Mandeta já tinha recomendado, com cautela,diferente de como ele coloca como se fosse dipirona.",2,0.1155288442969322,0.8844712376594543,,Alta
"Só que não é ele que vai morrer,assim fica fácil caro Bozo  Nolsonaro sobre cloroquina não ter comprovação científica: ""em guerra""  via",Testa na mãe dele. Se confia tanto.,2,0.1235037669539451,0.8764962553977966,,Alta
Médicos: não existe eficácia comprovada nem testes de segurança pra cloroquina e alguns efeitos colaterais (inclusive fatais) foram percebidos.  Governo: deixa pro paciente decidir   Paciente: quero!   *morre*  Governo: ñ há ngm para culpar além  do paciente que quis tomar.,Prevenir é melhor que remediar. Ainda mais se o remédio é #cloroquina.,0,0.1869067996740341,0.8130932450294495,,Alta
"Cloroquina é uma invensão da burguesia pra vender remédio pro proletariado, né? HAUAHAUAHAA vai se tratar, amigo",Cloroquina é remédio pra malária  Mas que você quer tomar só porque um político inventou que é cura,1,0.1056409999728202,0.8943589925765991,,Alta
"#Debate360 Arthur Chioro, que médico você é,se não temos outro medicamento, temos que usar a cloroquina mesmo,ou vai deixar a pessoa morrer seu idiota!!!","Caraí de cloroquina. Se é pra usar droga que não funciona e te fode, fume uma carteira de Marlboro vermelho sem beber água. Deve ser mais eficiente.",0,0.1254129260778427,0.8745870590209961,,Alta
Você é a favor do uso da cloroquina já no começo  do tratamento da covid-19?,"Se você pegar covid 19 e não quiser usar a cloroquina, você pode tomar Tubaína ou usar vaselina, vão de cada um",1,0.1102303266525268,0.8897696733474731,,Alta
"A quem barrar o uso de qualquer medicação que pode salvar vidas, deve ser julgado e condenado por Crime Contra a Humanidade!","Contraí malária Falcípara no ano 2000 e fiquei em estado grave. O que me salvou foi um medicamento chamado Mefloquina, “prima” da Cloroquina. Fico pensando se um STF da vida tivesse impedido...",1,0.1263937056064605,0.8736063241958618,,Alta
"Apresentei um projeto de decreto legislativo p/ sustar o novo protocolo do  que recomenda uso precoce da cloroquina em pacientes com #Covid19, enqto não houver estudos científicos que comprovem sua eficácia. O presidente não deveria fazer uso político de algo tão sério.",Não faz isso. Vão chamar de ditadura. Deixem usar. O que poderia dar errado?,2,0.135106474161148,0.8648935556411743,,Alta
"Drama do ""protocolo precoce"" da cloroquina é que mostrar que ele não tem efeito dá trabalho, mas ilusão dele ter efeito é fácil. 95% dos infectados não precisarão de hospital. Maioria com suspeita covid não terá quadro grave, mas quem toma HCQ vai achar que foi efeito do remédio.",Marque aqui um engraçadinho que acredita no poder milagroso da Cloroquina pra ele criar vergonha na cara   Eu começo:  (embora eu ache que esse aí não tem jeito),2,0.4059601128101349,0.5940399169921875,,Random
"Bolsonaristas criam 'corrente do bem' e se medicam com cloroquina, azitromicina e antipulgas",FALTOU O REMÉDIO PRA FEBRE AFTOSA E CARRAPATO,2,0.9810709357261658,0.0189290754497051,,Random
"""Eu não vi, do ponto de vista operacional, nenhuma contradição com o que a gente já vinha falando. Está deixando mais claro qual deve ser a dosagem e em que contexto deve haver a prescrição"", afirmou Wanderson de Oliveira",Exatamente! Não teve mudança... Só especificaram as doses para que médicos incompetentes não deem doses letais (que ocorreu em Manaus).,2,0.1781482696533203,0.8218517303466797,,Random
"A Cloroquina é tão inofensiva que o paciente tem que assinar um termo responsabilidade quando optar pelo uso da medicação, vai entender !","Pq o Bolsonaro ta insistindo tanto no uso da Cloroquina para o tratamento da Covid-19, sendo que já foi dito diversas vezes por médicos que não se deve tomar sem recomendação????",0,0.1628029346466064,0.8371971249580383,,Random
me vê uma dose de cloroquina aí meu patrão,"""não é comprovado benefício da cloroquina ao tratamento mas é melhor ir à guerra do que não ter lutado"" tipo, vc vai na guerra com uma colher, serve pra nada e leva um tiro",0,0.1593037992715835,0.8406962156295776,,Random
"Para direita, cloroquina. Para esquerda, tubaína. Para o centrão, propina e para o avião do presidente, cocaína!   #COVIDー19 #ForaBolsonaro #Covid_19 #coronavirus","Incrivel, o  disse q se a pica do boi desse cloroquina, ele mamava",0,0.989038109779358,0.010961839929223,,Random
"O  divulga orientações para tratamento da Covid-19, onde a Cloroquina pode ser ministrada em casos leves, com recomendação médica e autorização do próprio paciente/família.",Um cp de cloroquina com meio copo de desinfetante,1,0.861814558506012,0.1381855010986328,,Random
"“Ainda bem que a natureza criou esse monstro chamado coronavírus para que as pessoas percebam que apenas o Estado é capaz de dar a solução”. Lula, hoje. “Quem é de direita toma cloroquina, quem é de esquerda, tubaína”. Bolsonaro, hoje também.  Meu ouvido não é penico, senhores.",Parecem até a mesma pessoa kk,2,0.9662173390388488,0.0337826870381832,,Random
"Veja a jogada:  Os veículos de comunicação estão fazendo matérias de protocolo para cloroquina, consultando apenas médicos e representantes de entidades contrárias ao medicamento.  Cadê o outro lado? Cadê o jornalismo 'imparcial'?",quando eu ouço a palavra cloroquina meu estômago embrulha,0,0.8743709325790405,0.1256290674209594,,Random
"""According to president Jair Bolsonaro, chloroquine should be used  for the treatment of covid-19. However, there is no evidence of benefit. On the other hand, patients who used tubaína were happier and hydrated.""  (Acho que não precisa dizer, mas é sátira, gente)","Os benefícios da Cloroquina não são comprovados, ao contrário dos da Tubaína: se fica + feliz e melhor hidratado.",2,0.984172821044922,0.0158271826803684,,Random
Pq não pode usar um medicamento originalmente pra tratar malária como a Cloroquina mas todo mundo da mídia fica feliz quando se fala em remdesevir que é um medicamento feito pra tratar Ebola (e falhou)?,Vamos retuitar e curtir em massa essas informações pois é a único canal que temos para propagar a verdade.,2,0.9703120589256288,0.0296879354864358,,Random
O Ministerio ds Saude virou o puxadinho do Exercício Ilegal da Profissão. Nem sabe o que é um Resoinsavel Técnico.  Especialistas reagem com receio e contrariedade a recomendações do governo sobre uso de cloroquina e hidroxicloroquina,"Sobre a cloroquina, só quem pode opinar é médico que estudou pra isso. Leigo que emite opinião definitiva não passa de palpiteiro.   Agora, um protocolo anônimo, cuja única assinatura é do doente eximindo o médico de culpa...  Acho que dá pra se estranhar, ""né memo""?",0,0.968959629535675,0.0310403909534215,,Random
"- Ainda não existe comprovação científica, mas sendo monitorada e usada no Brasil e no mundo. Contudo, estamos em Guerra: “Pior do que ser derrotado é a vergonha de não ter lutado.”  - Deus abençoe o nosso Brasil.","Nunca imaginei que mostraria algo ESCRITO pelo Bolsonaro, mas isso daqui merece destaque. O tweet é: NÃO EXISTE COMPROVAÇÃO CIENTÍFICA. FIM. Quando esse cara vai cair mesmo?",2,0.1660865992307663,0.8339134454727173,,Random
"""Nós não faremos a distribuição e nem aplicação generalizada da cloroquina, porque a ciência não recomenda"", disse o governador de São Paulo, João Doria.",Dória e Lula ainda bem! Covid-19!!!,2,0.9495621919631958,0.0504378527402877,,Random
Deputado estadual do PSL do RJ que morreu de #coronavírus aos 54 anos fez tratamento com cloroquina (O Globo),É melhor tomar Tubaína...,2,0.9739969372749328,0.0260030888020992,,Random
Medida editada pelo Ministério da Saúde alterou protocolo para o medicamento e ampliou possibilidade para tratamento de covid-19,Olha o q o pateta do secretário de saúde daqui disse...,2,0.9183374643325806,0.0816625207662582,,Random
Qual é a cloroquina da sua profissão?,"Vacina anticio Quiabo Creolina Lepecid ""Ah mas ela tem q cruzar pelo menos uma vez"" ""Ah mas gato tem que dar uma voltinha""",2,0.9896222352981568,0.0103777311742305,,Random
"""Bolsonaristas criam 'corrente do bem' e se medicam com cloroquina, azitromicina e antipulgas"".  Antipulgas. Antipulgas. ANTIPULGAS.",Mas é importante dar antipatias pro gado,2,0.9616899490356444,0.0383099876344203,,Random
"Pq o bolsonaro nao pega a cloroquina e enfia no cu dele, que cara filho de uma vagabunda","Não vamos ideologizar a maior pandemia do mundo. Vamos sim: ""A direita toma cloroquina e a esquerda Tubaína."" #ForaBolsonaro #CloroquinaXTubaina",0,0.9808485507965088,0.0191514119505882,,Random
Qual é a cloroquina da sua profissão?,"“Paguei a passagem e tenho direito de fazer o que eu quiser, você ta aqui pra me servir.”",2,0.9782635569572448,0.0217364765703678,,Random
"Bolsonaro quis alterar bula da cloroquina, diz Mandetta",Alterar a bula do remédio... Os médicos que estavam na reunião e deram aval deveriam perder seus CRM,2,0.9929006099700928,0.0070994058623909,,Random
OMS avalia que cloroquina pode causar efeitos colaterais e não tem eficácia comprovada,Eu mandei um homem no Facebook enfiar a cloroquina no cu e agora ele tá me ameaçando,0,0.9388552904129028,0.061144758015871,,Random
Protocolo que libera cloroquina para pacientes com sintomas leves acaba de ser liberado pelo Ministério da Saúde.,Perfeito!! Vidas são importantíssimas!,2,0.9161164164543152,0.0838835090398788,,Random
"Bolsonaristas criam 'corrente do bem' e se medicam com cloroquina, azitromicina e antipulgas",Bolsonarismo é uma seita,2,0.9909589290618896,0.0090410262346267,,Random
"Bom, hoje eu tive uma crise nervosa, minha pressão subiu (não sou a Tulla Luana), bolo na garganta e o que mais você possa imaginar. Motivo: estresse. Gota d’água? Bolsonero zombando de quem não quiser tomar cloroquina.","Quer dizer que vão empurrar cloroquina garganta a dentro das pessoas com covid-19, porque o retardado do Bozo, que não teve competência nem pra estourar a bomba em quartel, quer?!  Esse psicopata ficou com inveja do desinfetante do Trump e agora aposta que mata mais que ele!",0,0.641717791557312,0.3582822382450104,,Random
"Serra propõe projeto de decreto que suspende novo protocolo da cloroquina    QUANDO MENOS SE ESPERA, SERRA APARECE... E OS PROCESSOS CONTRA ELE, COM A GRAÇA DA JUSTIÇA,CONTINUAM ENGAVETADOS!","O Real motivo da obceção da ESQUERDA, CENTRÃO, GLOBOLIXO  e todos que estão contra o governo do Bolsonaro é pq o protocolo irá para o SUS, o privado já usa nos ricos e há milhares de testemunhos. Querem é privar a população. Querem números para derrubar o governo que não aceitam",2,0.5216654539108276,0.47833451628685,,Incerta
Mais filho da Puta ainda é  quem libera essa porra de cloroquina!  Sem nenhum estudo comprovado  que realmente dá  certo essa merda!,"enfia o lula, bolsonaro e a cloroquina no cu, parece q é burra eu heim",0,0.4736671447753906,0.5263328552246094,,Incerta
"Ah, então, segundo o grupo Globo, o motivo pra não se usar a cloroquina é porque ela “tem riscos!”  Façam o favor, pessoas estão morrendo!  Vocês já leram a bula da aspirina?",mais o tal do Gil Viana morreu porque tomou cloroquina Major ?,1,0.4547799229621887,0.5452200770378113,,Incerta
use esse tweet para xingar o Bolsonaro.,morre filho da puta arrombado adoelescente de 13 anos fdp corno feio cheio de verme espero que vc apodreça junto com sua cloroquina seu desgraçado,2,0.4091460406780243,0.5908539891242981,,Incerta
"- Ainda não existe comprovação científica, mas sendo monitorada e usada no Brasil e no mundo. Contudo, estamos em Guerra: “Pior do que ser derrotado é a vergonha de não ter lutado.”  - Deus abençoe o nosso Brasil.","Ordinário, energúmeno.",2,0.4688288569450378,0.5311712026596069,,Incerta
"Vai alienado  Cuidado pra n pegar Corona e ter q usar a cloroquina, hein?",Tô tentando entender o que tu tá tentando provar com relação ao uso da Cloroquina contra o Covid ao me mostrar uma tentativa fracassada de uso contra o Zika... Me explica ?,1,0.4411563873291015,0.5588436126708984,,Incerta
"De vez em quanto eu acho que a imprensa inventa esses títulos pra gente clicar na matéria, mas aí você abre e é isso mesmo: os caras tomaram antipulga.","E fizeram a dancinha cloroquina de Jesus de certo. Misericórdia, a que ponto chega o ser humano.",1,0.4212932288646698,0.5787067413330078,,Incerta
"""Redução dos glóbulos brancos, disfunção do fígado, disfunção cardíaca e arritmias"".","Por que ñ dar DESTAQUE ao item primeiro de sua noticia que são os BENEFICIOS?? Aprenderam a “noticiar o ruim” com a Monica Bergamo? São CHATOS, ñ veiculadores como deveriam",2,0.5812734961509705,0.4187265038490295,,Incerta
"Mandetta, na , comenta frase de Bolsonaro: em tempos de quem é de direita usa cloroquina, quem é de esquerda toma tubaína, “quem tem juízo escute a medicina”",E se cuide até chegar a vacina.,2,0.5750007033348083,0.4249992668628692,,Incerta
"O Ministério da Saúde liberou o protocolo para o uso da Cloroquina em casos leves de Covid-19.  Caso estivesse infectado, você faria o usa do remédio?  Siga-nos e compartilhe sua opinião!",Se há risco para a vida pq a Globolixo fez campanha de Cloroquina ?  Contra Zica vírus grávidas tomaram !,1,0.5521200895309448,0.4478799700736999,,Incerta
O médico que receita Cloroquina é o mesmo que prescreve/solicita: - antibiótico para tosse  - antibiótico para diarréia  - antibiótico para dor de garganta - RX ou Tomografia para dor nas costas - longas listas de exames de rotina Não seja esse médico. Esse é o mau médico.,"Thread boa pra ler. Ja fui muito hostilizada por pacientes dentro do consultório médico por não fazer vontades. As pessoas dizem “ah nao adianta se desgastar, é so estresse”. Não vejo dessa maneira. É o meu carimbo que assina aquela conduta.",2,0.5639529824256897,0.4360470473766327,,Incerta
"Se tu usar maconha medicinal, com pesquisas provando ser um tratamento eficaz pra várias doenças, ele te chama de vagabundo.  Se tu usar cloroquina, com pesquisas provando que não há redução na mortalidade por covid e inúmeros óbitos por efeito colateral, ele te chama de cristão.","GENTE AGORA ESTA LIBERADO A CLOROQUINA A TODOS DESDE O INICIO DO SINTOMA  QUEM NÃO QUISER TOMAR E PREFERIR FICAR COM O SINTOMA ATÉ MORRER,É SUA ESCOLHA  TENHAM CERTEZA QUE ESTES BABACAS DA MÍDIAS E ESQUERDOPATAS QUE DIZEM PARA VC NÃO TOMAR O REMEDIO, MAIS ELES TOMARAM COM CERTEZA",0,0.4535870552062988,0.546413004398346,,Incerta
"O Bolsonaro também tirou o cool da seringa quando viu que a frase da cloroquina versus tubaína tinha pegado mal. Mas, a primeira frase a gente nunca esquece, como diz o comercial.",Não dá pra esquecer... palavras ditas não se apagam jamais,2,0.5903310775756836,0.409668892621994,,Incerta
um estudante de nutrição tem tantas cloroquinas no caminho que o limite de caracteres do twitter não permite dizer td,e ai a galera se forma e sai indicando cloroquina pros pacientes kkk essa profissão as vezes é uma piada,1,0.4873432517051697,0.5126567482948303,,Incerta
"Que dia triste para saúde do Brasil! O  mostrando total incompetência frente a pandemia recomendado o uso de cloroquina para o tratamento da COVID-19, mesmo sem nenhuma evidência científica mostrando real benefício! Lamentavel!","Lula: ""Ainda bem que natureza criou o coronavírus"" Silêncio sepulcral da mídia pela torcida pelo vírus!  Jair: ""Quem é a da direta toma cloroquina, quem é da esquerda toma  tubaína""! Cai todo mundo de pau em cima do Presidente pela torcida de um remédio contra o vírus chinês!",0,0.5902298092842102,0.4097701609134674,,Incerta
Nenhum dos 12 militares nomeados na Saúde por ministro fez medicina,Só assim pra recomendar cloroquina e aceitar apoiar todas as opiniões do bolsonaro que vejam só: Também não fez medicina,2,0.4604678452014923,0.5395321249961853,,Incerta
Resumindo: é gado! Já tomou sua cloroquina hj? Vou ver seriado que ganho mais :D,Vai tomar no cú rapaz. Você é incapaz de escrever 3 palavras sem usar jargões idiotas que nada mais fazem do que subverter o significado das palavras. Vai conversar com a tua turma de baseado filho da puta.,2,0.4676505625247955,0.5323494076728821,,Incerta
"Estudo devastador da Universidade de Columbia: se medidas de distanciamento social tivesse sido adotadas 1 semana antes em março, 36 mil (TRINTA E SEIS MIL) mortes teriam sido evitadas. Devastador em termos políticos para o presidente Cloroquina Trump e prefeito De Blasio, de NY",36 mil pessoas poderiam ter sido salvas!!!  Devastador. Se o povo brasileiro tivesse discernimento... Não sobraria nada para o presidente cloroquina daqui também.,1,0.534000813961029,0.4659991264343261,,Incerta
"Não dá para fazer brincadeira, né? 1.179 mortes em 24 horas e fazer piada com cloroquina ou tubaína!","Concordo 100%. Mas, me dis aí: como a senhora se sente tendo participado ativamente da construção dessa narrativa que ajudou a colocar no poder justamente quem fez a piadinha?",2,0.4624326229095459,0.5375673770904541,,Incerta
"- Ainda não existe comprovação científica, mas sendo monitorada e usada no Brasil e no mundo. Contudo, estamos em Guerra: “Pior do que ser derrotado é a vergonha de não ter lutado.”  - Deus abençoe o nosso Brasil.",Isso é poder exercer nossos direitos! Obrigado presidente.,2,0.4312545359134674,0.568745493888855,,Incerta
"Depois do Conselho Federal de Medicina, agora foi a vez da Associação Médica Brasileira ir na mesma linha do CFM sobre o uso cloroquina e da HCQ no INÍCIO dos sintomas causados pela COVID-19. Enquanto isso, os especialistas da rede globo e dos partidos de esquerda são contrários.",Se os médicos estão em comum acordo..,2,0.4262937009334564,0.5737062692642212,,Incerta
use esse tweet para xingar o Bolsonaro.,"deus ensinou a não matar, mas se fosse eu com a faca, não tinha errado. beba a cloroquina já que vc diz que funciona",2,0.573951780796051,0.4260481894016266,,Incerta
"Antes a Globo “receitava” cloroquina até pra mulher grávida. Hoje dão a entender que é mais perigosa que o próprio coronavírus... POR QUE SERÁ, né? #TorcidaOrganizadaDoCoronavírus","Posso usar a esse medicamento contra a #Covid_XiJinping_19?  ""É conhecido e seguro""?  Pergunto porque  ""não tem contra indicação para grávidas"", porém, não estou grávido!",2,0.5963209867477417,0.4036789834499359,,Incerta
"Bolsonaro queria mudar a bula da cloroquina na canetada pra enfiar goela abaixo que era indicada ao COVID-19, MESMO SEM COMPROVAÇÃO CIENTÍFICA.","É MESMO,    EM 2016 VOCÊS FALAVAM DA CLOROQUINA COMO A SALVADORA DAS MULHERES GRÁVIDAS COM ZIKA VÍRUS, AGORA QUE A CLOROQUINA SE TORNOU POLITIZADA POR VOCÊS A MESMA NÃO SERVE!? ESTRANHO, E OUTRA SE LEREM A BULA DA NOVALGINA NINGUÉM TOMA!",1,0.527758777141571,0.4722411632537842,,Incerta
"OMS afirma: ""nesse momento a cloroquina e a hidroxicloroquina não foram identificadas como eficazes para o tratamento da covid-19"".   Uol transforma em: “OMS afirma ineficácia da cloroquina”.   Uol confunde ausência de evidência com evidência de ausência. Flagrante desinformação.",É muita má-fé,2,0.4099273979663849,0.5900726318359375,,Incerta
"Já tem um tempo que várias instituições de saúde aplicam esse termo de medicação não padronizada (onde a cloroquina entra), os familiares ou pacientes assinam concordam com a utilização da medicação e cientes do risco que a mesma pode trazer a saúde",Inclusive muitas famílias tem entrado com processos contra as instituições de saúde que fizeram o uso da cloroquina em seus familiares visto que é não tem comprovação científica suficiente sobre sua eficácia,1,0.4692647159099579,0.5307352542877197,,Incerta
"Bolsonaristas criam 'corrente do bem' e se medicam com cloroquina, azitromicina e antipulgas",Corrente de insanidade seria mais apropriado.,2,0.5934928059577942,0.4065072238445282,,Incerta
"O  divulgou hoje o protocolo para uso da #cloroquina em pacientes com sintomas iniciais de #covid19. De acordo com o órgão, objetivo é garantir a todos os brasileiros o acesso à medicação","Opção,  Nós queremos que todos os brasileiros tenham acesso ao mesmo medicamento do Doutor Uip, Dr. Kalil e muitos outros que tomaram a #hidroxicloroquina.  Como os pacientes da   e outros convênios.  Parabéns ao  e ao  pela coragem.",2,0.4290531575679779,0.5709468722343445,,Incerta
Não dá para acreditar. O que é isso?,Ele usa supositório de cloroquina! !!,1,0.4922064840793609,0.5077935457229614,,Incerta
"Caralho, o Mandetta tá falando que o Bolsonaro queria que ele assinasse um documento pra mudar a bula da cloroquina NA ANVISA!",Isso pode?,2,0.5261638164520264,0.4738361835479736,,Incerta
O curso de direito é a cloroquina do direito,Se os próprios estudantes tão falando rsrsrsrsrsts eu apoio,2,0.4794160723686218,0.5205839276313782,,Incerta
"- Ainda não existe comprovação científica, mas sendo monitorada e usada no Brasil e no mundo. Contudo, estamos em Guerra: “Pior do que ser derrotado é a vergonha de não ter lutado.”  - Deus abençoe o nosso Brasil.",Eu fico me perguntando se deus concede perdão quando a gente deseja a morte de pessoas assim,2,0.5395689010620117,0.4604310393333435,,Incerta
"No dia q o desgoverno  mudou o protocolo para recomendar cloroquina em casos leves, lamentamos a morte por coronavírus do dep. estadual Gil Vianna, do PSL do RJ, que usou o remédio, mas infelizmente não conseguiu se salvar. Não há provas que cloroquina cura Covid-19",Vc é muito falsa....se elegeu por c ausa do bolsonaro. Espero q nunca precise de usar a cloroquina.,1,0.4640069305896759,0.5359930396080017,,Incerta
E deu bem errado. Deveriam ter testado a Cloroquina.,Amigo assume logo q vc esta equivocado! Aqui esta indo td bem! Controlado e com civilidade Sua incoerencia so confirma a pertubacao mental Se adotamos a cloroquina pq deu errado? Have news for you! Nao deu errado Teve lockdown por 65 dias e vamos aproveitar o verao sem cloroquina,1,0.4029607772827148,0.5970392227172852,,Incerta
Fico é besta com a cara de pau desse PRESIDENTO,Mais é verdade toma cloroquina quem quiser,2,0.5300558805465698,0.4699441790580749,,Incerta
"As FFAA  também  utilizam Hidroxicloroquina. Ajudem a  desmentir os terroristas dos ""Efeitos Colaterais"". RT. Grave seu vídeo  e mande pra  gente! Quem não  quiser, toma tubaína.","Tem “só” 40 anos em uso! Não temos vacina nem perspectiva! Querem tratar a gente com novalgina ou Tylenol (q tem efeitos colaterais) mas a ginástica contra a cloroquina só tem um objetivo: contrariar Bolsonaro! Quem faz isso e apóia, assassina o povo!",2,0.5821579098701477,0.4178420305252075,,Incerta
"Ex-Ministro da Saúde Mandetta expõe mais uma falcatrua da ratazana que preside o país: ""ele tentou alterar a bula da cloroquina para indicá-la ao combate da covid-19"".","gente??? pqp, onde é que o país vai parar?",2,0.5744382739067078,0.4255617558956146,,Incerta
"Já que é pra polarizar, quem é de direita toma cloroquina, quem não é compra vaselina e toma onde quiser.",Kkkkkkk manda ver !,2,0.5774883031845093,0.4225116372108459,,Incerta
"(...) O médico que atuar no setor público e não recorrer à cloroquina não estará exposto a ações judiciais. Aquele que fizer essa escolha, ainda que com a autorização do paciente, está pondo uma corda no pescoço.  - Leia íntegra no blog.","Bom dia com uma notícia boa, médico vai poder receitar aquilo que ele estudou e entende como certo sem risco de ser processado",2,0.4809269905090332,0.5190730094909668,,Incerta
De quantas em quantas horas o uso da cloroquina?,"Olha os efeitos colaterais da cloroquina aí meu povo, o adm dos robôs errou até o nome hauehaua  #brasilcomblsonaro",0,0.5047533512115479,0.4952466189861297,,Incerta
"A Justiça nega a divulgação do receituário do gov socialista e tirano do estado de Pernambuco, mas obrigou o presidente  a divulgar o resultado dos seus exames e laudos que atestavam a não contaminação por Covid 19.   Alguém duvida que tem cloroquina receitada aí?","Com certeza, nessa receita existe muita hipocrisia incluída no tratamento.",2,0.5761303901672363,0.4238695800304413,,Incerta
"O novo protocolo exige informar ao paciente que ""não há estudos demonstrando benefícios"" da cloroquina contra a covid-19 e que há risco de efeitos colaterais que podem piorar sua condição, provocar sequelas e até mesmo matar.","EM QUE CONDIÇÕES O PACIENTE SERÁ DISPOSTO À ASSINAR UM TERMO DE TESPONSABILIDADE, PELOS RÍSCOS QUE TERÁ COM O USO DA CLOROQUINA?  QUEM ESTÁ DOENTE QUER FICAR  CURADO E SE O MÉDICO LHE DER UM REMÉDIO, CERTAMENTE CONFIARÁ NA SUA INDICAÇÃO. PROPOSTA MUITO CONVENIENTE. SEM CULPA...",2,0.599945068359375,0.4000549614429474,,Incerta
a criança chata do cuscuz com ovo é bolsominian ainda,"pq fazem isso com a criança irmão, nem sabe o que é cloroquina. toma no cu",2,0.407810240983963,0.5921897888183594,,Incerta
"Se o STF barrar o protocolo da cloroquina, a prerrogativa da receita continua sendo do médico.  Caso você ou alguém da sua família forem infectados e você não é uma besta comandada pela extrema imprensa, peça que receitem.",Se vc quiser viver tome o remédio de Bolsonaro(cloroquina) . Se quiser morrer tome o de lula( Cloropinga)#EuApoioBolsonaro,1,0.4372629523277282,0.5627370476722717,,Incerta
"""Montamos nossa equipe de forma técnica, sem viés político"" 01-jan-19  Técnicos da saúde - Cloroquina não tem eficácia comprovada contra covid  Presidente - Demitido!!!  O BolsadeBosta não quer um ministro, quer um cúmplice. Conseguiu!","E você tem todo o direito se recusar o Tratamento. Assim como não tem eficácia comprovada ( isso demora anos para acontecer) também não tem efeitos colaterais graves comprovados no uso por 5 dias. Você já viu alguém com Lúpus morrer por ter tomado Cloroquina por anos, ou artrite?",1,0.450854480266571,0.5491455793380737,,Incerta
cloroquina não é a solução BURRO!!,"Mano, eu não boto fé nessa cloroquina não, quem quer usar usa, simples. Não sei pq brasileiro tem disso, se não concorda não usa, só isso. Tipo maconha, quem quer usar só usa.",0,0.5804687142372131,0.4195313155651092,,Incerta
É extremamente irônico e contraditório ver psolistas falarem que a cloroquina faz mal à saúde (apesar de milhares de pessoas terem se recuperado após usar o medicamento) enquanto eles defendem a legalização de TODAS AS DROGAS.  Querem legalizar o crack e proibir a cloroquina!,"Fala do PSOLISTA FREIXO ""A guerra contra as drogas AUMENTA a violência, mortes de policiais, encarcerados..."" A Cloroquina mata, para os Esquerdistas da velha e Nova Esquerda, mas as drogas não. CANALHA que fala ??? #LulaTorcePeloVirus  #BrasilComBolsonaro  #NaoCompreDell",2,0.5480818152427673,0.451918214559555,,Incerta
"Apresentei um projeto de decreto legislativo p/ sustar o novo protocolo do  que recomenda uso precoce da cloroquina em pacientes com #Covid19, enqto não houver estudos científicos que comprovem sua eficácia. O presidente não deveria fazer uso político de algo tão sério.",Gente olha que absurdo...meu Deus a que ponto eles chegam...querem destruir vidas.,2,0.5669033527374268,0.4330966174602508,,Incerta
"Apresentei um projeto de decreto legislativo p/ sustar o novo protocolo do  que recomenda uso precoce da cloroquina em pacientes com #Covid19, enqto não houver estudos científicos que comprovem sua eficácia. O presidente não deveria fazer uso político de algo tão sério.",Melhor morrer né? Mas se você pegar já sai correndo tomar cloroquina. Hipócrita! Vcs são um desserviço para o país.,1,0.5861594080924988,0.4138405323028564,,Incerta
Nenhuma associação médica ou veículo midiático reportou que a diretriz OBRIGA o médico a usar cloroquina (até porque isso não existe). O absurdo reside em um documento oficial encorajando o uso de uma droga que não possui evidência científica nenhuma para a doença em questão,Também impõe um desafio a mais para o médico que não quer prescrever medicações desnecessariamente - o documento dá respaldo para pacientes exigirem a prescrição de cloroquina e fornece salvo-conduto para os médicos que ainda acreditam existir evidência para o uso da medicação,1,0.4328447878360748,0.5671552419662476,,Incerta
"Li uma matéria num Jornal do G1 q descrevia os efeitos colaterais da Cloroquina e da Hidroxocloroquina. Daí em diante, parece q é melhor dar um tiro na própria cabeça do que usar esses medicamentos. Não sei como o pessoal q usou para combater a malária sobreviveu. Quanta putaria!",Deve ter dois tipos de cloroquina. A que pode usar contra o lupus e malária e a que não pode pq o PR indicou. O pior do Brasil é o povo desonesto que apoia político ladrão...,1,0.1115906685590744,0.8884093165397644,,Alta
"Três pergunta simples:  As pessoas que pegavam malária, lúpus ou artrite reumatoide e usavam cloroquina estão vivas como?  Porque ninguém fez tantos alertas para elas sobre os efeitos colaterais do remédio?  A vida delas não importavam?",Porque essa esquerdalha quer mesmo é que a pandemia vire um pandemônio eterno..... muitas pessoas tiveram malária mais de uma ou duas vezes e estão ótimas após usarem a cloroquina mais de uma vez na vida...... bando de lixo hipócrita e mau caráter mesmo.... #LulaTorcePeloVirus,1,0.1760765761137008,0.8239234089851379,,Alta
Cloroquina é igual Vestibulinho da Etec. Tu faz aquilo na esperança de melhora e crescimento mas mal sabe que os efeitos colaterais são dos mais danosos a saúde.,Não sobrevivi ao Corona Vírus até agora pra morrer tomando cloroquina,0,0.1108333393931388,0.8891666531562805,,Alta
"Que governo é esse que libera um remédio, mas avisa: olha, não tem comprovação de que produza efeitos benéficos? Que exige que o paciente assine um documento autorizando seu uso? Ou seja: ele, governo, não se responsabiliza por nada. Se não se responsabiliza, por que libera?","Quer dizer que ele enche o saco falando da Cloroquina, mas pra se blindar, coloca que o paciente é obrigado a  assinar um documento autorizando ? FDP! ELE QUER O POVO DE COBAIA.",2,0.1137448847293853,0.8862550854682922,,Alta
"A , associação de medicina intensiva, a  de pneumologia, a  e tantas outras repudiaram o uso da cloroquina. E a , ao invés de defender os preceitos médicos, a ética e a ciência, continua capacho do governo. Que vergonha!","Krlh a cloroquina evita o corona,o bozo tem razão,o trump tá tomando essa parada pra não pegar e os médicos também. O único problema é que não é recomendado pra quem tem problema cardíaco.",0,0.1021659448742866,0.897834062576294,,Alta
"ENTÃO, VC NÃO QUER TOMAR CLOROQUINA?  TOME TUBAINA E SE LASQUE.   NÓS VAMOS TOMAR CLOROQUINA SIM.  E O MILITARES TOMAM.",Deixem os retardados tomarem tubaina ou no cool mesmo.,2,0.18934166431427,0.81065833568573,,Alta
"""toma o que ceis quiserem, fica preso aí, espera um milagre ou a vacina"".","Remédio é Cloroquina e ponto final. Mandem esses que são contra, pra pqp.",2,0.1160498633980751,0.8839501142501831,,Alta
"Apresentei um projeto de decreto legislativo p/ sustar o novo protocolo do  que recomenda uso precoce da cloroquina em pacientes com #Covid19, enqto não houver estudos científicos que comprovem sua eficácia. O presidente não deveria fazer uso político de algo tão sério.",Triste iniciativa a sua. Ainda bem que nunca foi presidente. Imagina as mazelas que faria. O senhor é patético. Deixe as pessoas escolherem se querem a cura ou não. Ou a cloroquina não tem efeitos colaterais aos com malária ? Triste,1,0.131765216588974,0.8682347536087036,,Alta
a criança chata do cuscuz com ovo é bolsominian ainda,"pq será q é pior, tomar cloroquina ou comer cuzcuz?",2,0.1670112460851669,0.8329887390136719,,Alta
sobre a cloroquina eu prefiro morre que assina um termo do meu atestado de óbito por uma medicação que não tem comprovação de eficacia isso é criminoso joga a responsabilidade da medicação em um paciente que só tem essa opção morre pela medicação ou pelo covid esperando leito etc,"a responsabilidade sobre a cloroquina não é do paciente, não é do médico, a responsabilidade é do governo",1,0.1141384616494178,0.8858615159988403,,Alta
"Esquerda mete o pau na cloroquina, mas toma na hora do aperto.  Esquerda mete o pau no capitalismo, mas ganha dinheiro com ele e usufrui de todas as suas benesses.  Que nome damos a isto?","Q nome damos a vcs? Estúpidos?Negacionistas ? Terraplanistas ? Anti-Ciência?Quanto à cloroquina,pode enfiar tudo lá,naquele lugar q pensou e sabe eu mandei enfiar.",1,0.1897019892930984,0.8102980256080627,,Alta
"Toda essa balbúrdia por causa da Cloroquina é inútil.  Se o médico achar que, de acordo com o diagnóstico, deve receitar, receita.  Se for um mau médico receitando indiscriminadamente, ele vai receitar do mesmo jeito, aliás, já tá receitando faz tempo.  Não muda nada na prática.",E quem fala uma besteira dessas toma o que? Um tarja preta?,0,0.11115762591362,0.8888423442840576,,Alta
"""Nós não faremos a distribuição e nem aplicação generalizada da cloroquina, porque a ciência não recomenda"", disse o governador de São Paulo, João Doria.","Qual ciência?Que estudo? O q o senhor está falando?  O SENHOR SÓ DIZ “ CIÊNCIA “; AINDA NÃO EXISTE NADA “, mas precisa AGIR. PARE DE DESCULPAS E ASSUME Q NÃO SABE NADA SOCORRO AOS PAULISTAS",2,0.1146074309945106,0.8853926062583923,,Alta
"Pensamento ficção científica: e se de repente você fosse até a farmácia, tomasse um comprimido de cloroquina, sua visão de mundo se alterasse e você virasse um bolsonarista? Como seria...?","Meu Deus, que cientistas irresponsáveis! Deixaram bilhões de pessoas tomarem Cloroquina de boca cheia p malária, lúpus, enquanto omitiram por décadas os efeitos colaterais praticamente fatais e irreversíveis. Já pensou se não fosse o covid p alertar do perigo desse ven3no?",0,0.1006540730595588,0.8993459343910217,,Alta
"Estou seguindo rigorosamente a recomendação média e, por enquanto, não foi prescrita nem cloroquina nem hidroxicloroquina. Se for em algum momento, tomarei.",Você conversou com o médico sobre a possibilidade de usar hidroxicloriquina? Foi te oferecida a possibilidade de usar hidroxicloriquina?,2,0.1993056833744049,0.8006943464279175,,Alta
se realmente e bom porque têm que assinar ?      Paciente terá de assinar termo de consentimento para uso da cloroquina no tratamento do coronavírus,"Porque todo e qualquer tratamento que não tenha a comprovação científica via ""consenso geral"" da comunidade científica o paciente precisa autorizar previamente.  O errado seria se você fosse obrigada a utilizar o tratamento.",2,0.1409696042537689,0.8590304255485535,,Alta
"Na minha op, o 'lucro' da Cloroquina é político, permite que Bolsonaro CULPE a OPOSIÇÃO: 1) Pelas mortes (não usaram a milagrosa cloroquina)  2) Pelo fracasso da Economia (tinha cura, não precisava da Quarentena..) 3) Mantém o clima de Fla-Flu q sustenta o Bolsonarismo.","Mas, existe o lucro econômico tbm, Isa. É não é pequeno não",2,0.1058465465903282,0.8941534757614136,,Alta
"Apresentei um projeto de decreto legislativo p/ sustar o novo protocolo do  que recomenda uso precoce da cloroquina em pacientes com #Covid19, enqto não houver estudos científicos que comprovem sua eficácia. O presidente não deveria fazer uso político de algo tão sério.","Vai tomo mundo morrer de corovid até o teste ficar pronto? Ñ existe medicação contra a covid e as pessoas precisam ser tratadas. Será que vc consegue entender isso?????? NOSSO PRESIDENTE sabe muito bem o que faz e queremos a CLOROQUINA, LUTAMOS MUITO POR ELA!",1,0.1662536114454269,0.8337463736534119,,Alta
"Vi no Jornal da Globo uma descrição dos efeitos colaterais da Cloroquina e da Hidroxocloroquina.  A partira daí,  parece que é melhor dar um tiro na própria cabeça do que usar esses medicamentos. Não sei como o pessoal que usou para combater a malária sobreviveu.","Kkkk Peguei malária trabalhando na Amazônia, tive que usar e até hoje não morri!",2,0.1624996364116668,0.8375003933906555,,Alta
Pq vcs colocam pornô na minha tl meu Deus,Pq vcs colocam o menino do ovo com cuscuz cantando a música da cloroquina na minha tl meu Deus,2,0.1203266754746437,0.8796733617782593,,Alta
"A Sociedade Brasileira de Infectologia divulgou nota declarando que o uso da cloroquina contra a Covid-19, doença “não apenas carece de evidência científica como é perigoso, pois tomou um aspecto político inesperado"".",Vamos ouvir os especialistas e a ciência. E não os políticos. #ficaemcasa #ForaBolsonaro,2,0.1118400767445564,0.8881598711013794,,Alta
"Só pra entender direito: dois médicos passaram pelo Ministério e se recusaram a assinar o uso da cloroquina, aí o presidente demitiu os dois e colocou um general interino alaranjado que liberou o uso de um medicamento não aprovado pela Anvisa?? Tá certo então. Entendi agora.","O que mais me chama atenção, são nações Europeias Inteiras, incluindo a Cloroquina no seu tratamento, e com eficácia aprovada, mais no Brasil não pode!! quem não tiver Plano de saúde está fudido mesmo...",1,0.1758887767791748,0.8241111636161804,,Alta
"Hoje  tomou uma atitude corajosa, que salvará milhares de vidas: liberou o uso da cloroquina pra todos os casos de COVID-19 no SUS, mesmo os leves  Basta o paciente autorizar o uso do medicamento, que tem se mostrado muito eficaz em diversas partes do mundo","A que partes do mundo ele se refere? Entre Europa e EUA, passando pela Ásia, não me recordo de ter ouvido confirmação de resultado positivo para o tratamento da Covid",2,0.1200476661324501,0.8799523711204529,,Alta
"""Clamor da sociedade"". Essa foi a justificativa apontada por funcionária do Ministério da Saúde para o novo protocolo que amplia o uso da cloroquina no combate à #COVID19.  Apesar do ""clamor da sociedade"", não há evidência científica da eficácia da droga.",o único clamor da sociedade é o impeachment do bolsonaro,2,0.1189483031630516,0.8810517191886902,,Alta
"“Redução dos glóbulos brancos, disfunção do fígado, disfunção cardíaca e arritmias”",Se vc pegar o virus não use cloroquina. Pode continuar a tomar no cu.,1,0.1407564431428909,0.8592435121536255,,Alta
Cloroquina é tão bom que pra usar vc tem que assinar um termo que se der merda a culpa é sua,"Roacutan tb, parsa. E é disparado o melhor remédio pra acne.",2,0.8342171311378479,0.1657828986644745,,Random
Vamos ver se é verdade o que tá rolando no Facebook sobre usar palavras chaves aqui no Twitter ... Lula é o melhor BNDS do Bolsonaro do PT presidente Maia tem atuado muito bem e o STF tudo na cloroquina do Moro e o Ciro nas eleições,O prêmio é um passeio (ignore a quarentena) . Com Micheque e a Sinistra anti Direitos Humanos.  Ganha cloroquina?,0,0.9873374104499816,0.0126626547425985,,Random
"No dia q o desgoverno  mudou o protocolo para recomendar cloroquina em casos leves, lamentamos a morte por coronavírus do dep. estadual Gil Vianna, do PSL do RJ, que usou o remédio, mas infelizmente não conseguiu se salvar. Não há provas que cloroquina cura Covid-19","Infelizmente uma morte não é bem vinda, mas usa-la para desferir ataques contra o governo é bem pior para a família, se por acaso alguns dos seus pegar o coronga , não deixe usar a medicação cloroquina",1,0.9742344617843628,0.0257655270397663,,Random
"- Ainda não existe comprovação científica, mas sendo monitorada e usada no Brasil e no mundo. Contudo, estamos em Guerra: “Pior do que ser derrotado é a vergonha de não ter lutado.”  - Deus abençoe o nosso Brasil.",Mas olha.,2,0.2773341238498688,0.7226659059524536,,Random
"Bolsonaristas criam 'corrente do bem' e se medicam com cloroquina, azitromicina e antipulgas",Que Darwin resolva isso,2,0.9849299788475036,0.0150700882077217,,Random
Mandetta revela que Bolsonaro queria mudar a bula da cloroquina,UÊÊPPAAA!!! Essa trêta tá parecendo novela mexicana. Jair quer fraudar tudo. #ImpeachmentdoBolsonaroURGENTE,2,0.992249608039856,0.0077503938227891,,Random
STF deve barrar protocolo da cloroquina,Vem tranquilo.....,2,0.9859405755996704,0.0140594830736517,,Random
"Bolsonaro quis alterar bula da cloroquina, diz Mandetta",Do inglês: fraud para o PT-BR: Bozo (tradução livre),2,0.981195032596588,0.0188049953430891,,Random
"Protocolo do Governo para a cloroquina não é atestado por médicos e exige que paciente assine documento dizendo saber que a droga pode causar ""disfunção grave de órgãos, prolongamento da internação, incapacidade temporária ou permanente, e até ao óbito"".","agora é tudo que ele queria, antes de tomar a cloroquina o paciente assina a permissão, se vinher a óbito e por culpa dele mesmo",1,0.9373775124549866,0.0626225173473358,,Random
Nasa descobre possível universo paralelo onde tempo passa ao contrário,Talvez nesse universo paralelo a cloroquina seja eficaz no combate ao coronavírus.,2,0.184017464518547,0.8159825205802917,,Random
"Bolsonaristas criam 'corrente do bem' e se medicam com cloroquina, azitromicina e antipulgas",Mas é muita gente doida neste país!!!!,2,0.9816068410873412,0.0183931700885295,,Random
"pronto! temos o diagnóstico.  é só tomar cloroquina, tá? se não tiver, pode ser dorflex ou dipirona","um pouquinho de cloroquina, e um pouquinho de agua c limão pra “raliá” o sangue como diz vovó.  Vai dar tudo certo",1,0.925217866897583,0.0747821107506752,,Random
"Hoje  tomou uma atitude corajosa, que salvará milhares de vidas: liberou o uso da cloroquina pra todos os casos de COVID-19 no SUS, mesmo os leves  Basta o paciente autorizar o uso do medicamento, que tem se mostrado muito eficaz em diversas partes do mundo",#BrasilComBolsonaro É bom avisar aos secretários de saúde... aos governadores... aos prefeitos.. e fazer valer a lei e garantir os estoques.,2,0.2546887695789337,0.7453112602233887,,Random
Matéria exibida pela Globo em 05/2016. Governo Dilma ( PT). Vejam como abordavam o assunto CLOROQUINA. Mencionam até GRÁVIDAS.,Eu criei um talento pra RPG onde a pessoa fica doente e com isso contamina seus inimigos em combate e unica maneira de conseguir cura er tomando cloroquina que custa 500 po ou um diamante. 10/10. Restauracao maior nao funciona e no paladino a doenca nao pega.,0,0.9800679087638856,0.0199321191757917,,Random
"O  divulga orientações para tratamento da Covid-19, onde a Cloroquina pode ser ministrada em casos leves, com recomendação médica e autorização do próprio paciente/família.",Agora o Brasil vai ser curado!!! Deus abençoe!!! #BrasilComBolsonaro #CloroquinaSalvaVidas #BrasilAcimaDeTudoDeusAcimaDeTodos,2,0.8817008137702942,0.118299201130867,,Random
"Novo protocolo da Cloroquina do Ministério da Saúde poderá ser barrado pelo Supremo Tribunal Federal, segundo jornalista.","Esses caras trabalham muito, muito contra a sociedade brasileira. Ou se põe um freio nesses patifes que reprovam em concursos etc ou o fim será trágico.",2,0.9860299229621888,0.0139701152220368,,Random
termo de ciência e consentimento p uso da cloroquina = negócio juridico NULO por VÍCIO de consentimento. um verdadeiro ABSURDO CARA.,Cadê as pessoas falando sobre o uso da cloroquina ? Só o enem que era importante ?,0,0.8934378623962402,0.1065620854496955,,Random
"Bolsonaro quis alterar bula da cloroquina, diz Mandetta",Eu queria entender essa obsessão desse demônio pela cloroquina,2,0.9907597303390504,0.0092402873560786,,Random
Estamos no ar com  sobre o protocolo para uso da cloroquina: liga na  -,"Entendi q uma Empresa Farmacêutica com dois representantes, uma imulogista, não é médica, e um Anestesista estav com o PR e queriam inclusive mudar a bula da Cloroquina! Isso é Muito SÉRIO!! Pq? Qual o benefício? Qual a Troca??",1,0.9638450145721436,0.036154992878437,,Random
"brasil cada vez mais famoso internacionalmente, a piada do dia é que a cloroquina foi aprovada pelos generais, nem um médico, se o general quer te matar então morra Nenhum médico assina protocolo da cloroquina","q tédio, vou tomar uma cloroquina aqui",0,0.9550641179084778,0.0449358373880386,,Random
"Bolsonaristas criam 'corrente do bem' e se medicam com cloroquina, azitromicina e antipulgas",antes fossem os únicos prejudicados nesse caralho mas tem gnt q precisa real de cloroquina p viver e eles querendo tirar onda de doutor VSF PORRA,2,0.9872940182685852,0.012705959379673,,Random
"Governo admite que cloroquina pode agravar quadros de covid-19, mas amplia o uso","Sabe o Boomer chato de 40tão que acredita em cloroquina? Você também cancelador carterinha, igualmente chato",0,0.9796419143676758,0.0203580502420663,,Random
Parlamentares querem que Saúde indique ‘responsáveis técnicos’ por novo protocolo sobre uso da cloroquina,"É um ABSURDO o Min. Saúde publicar um protocolo para uso indiscrimado de cloroquina, sem evidências e sem assinatura de um responsável técnico, contemplando  casos leves de COVID-19.",2,0.9871113896369934,0.0128885600715875,,Random
"QUE TAL O ANÃO ENTRANDO NA COVA? São Paulo não mudará uso da cloroquina, diz Doria - RENOVA Mídia  via",O cara não é médico. É político. Amigo do embaixador chinês. Qual é a sua credibilidade?,2,0.9570878744125366,0.0429121851921081,,Random
Qual é a cloroquina da sua profissão?,Acredito que seja o Zuckerberg...,2,0.9868627786636353,0.0131372734904289,,Random
"Perfeita a fala de pesquisadora, bióloga e doutora em microbiologia Natália Pasternak: ""A hidroxicloroquina falhou em células-alvo respiratórias, em animais, em humanos, tanto em casos leve-moderados, como em casos graves""","Todos os dias um país anuncia o o investimento no desenvolvimento de remédio e de vacinas para combater a covid-19. No Brasil, o imbecil do Bolsonaro quer atolar nas veias de cada brasileiro meio quilo de cloroquina. Enquanto isso são 18.000 trabalhadores brasileiros mortos",0,0.5220702886581421,0.4779296815395355,,Incerta
"Entidades médicas já se posicionaram contra a medida e a OMS, quando questionada sobre a decisão do governo brasileiro, reafirmou que além de não ter eficácia comprovada, a cloroquina pode causar efeitos colaterais graves.","Sua atitude é deplorável, não sou de jogar praga, mas espero que ninguém de sua família precise um dia usar a cloroquina...",1,0.5275264978408813,0.4724735617637634,,Incerta
"Bolsonaro admite que não há comprovação científica de eficácia da cloroquina contra a covid-19. NENHUM comprovação científica, e o Estado não toma multa por liberar algo assim, porque aqui no Brasil é assim, se morrer, morreu.","FHC é contra a cloroquina mas, por outro lado, é um dos maiores incentivadores da liberação da maconha no país. Well, em vista disso, deve o mesmo assinar um documento dizendo que, se contrair COVID, opta em ser tratado com baseado ao invés de cloroquina. Topa, FHC?",0,0.4573625028133392,0.5426374673843384,,Incerta
"Luiz Henrique Mandetta contou à GloboNews que o Governo quis alterar bula da cloroquina. ""E a ideia que eles tinham era de alterar a bula do medicamento na Anvisa, colocando na bula indicação para Covid”",esse governo é criminoso,2,0.5198319554328918,0.4801680445671081,,Incerta
"A mesma pessoa q exige comprovações científicas para usar a cloroquina, acha desnecessário a mesma comprovação, para liberação da maconha",Faz tempo que a maconha comeu p tico e o teco dela.,2,0.5301575064659119,0.4698424637317657,,Incerta
"Muito engraçada a piadinha num dia em que mais de mil pessoas morreram de Covid-19 no Brasil, presidente.",Ele é o protagonista! E dos bons! Honestidade ali tem de sobra! Vcs sabem o q q isso? Antagonista ele nunca vai ser!!!,2,0.5556687116622925,0.4443313479423523,,Incerta
"Apresentei um projeto de decreto legislativo p/ sustar o novo protocolo do  que recomenda uso precoce da cloroquina em pacientes com #Covid19, enqto não houver estudos científicos que comprovem sua eficácia. O presidente não deveria fazer uso político de algo tão sério.","Falando nisso,  já sossegou com a corrupção?",2,0.5101470351219177,0.4898529350757599,,Incerta
"Neste mes de maio, só o Brasil fala em cloroquina. Trump fala, mas o EUA não tem protocolo de uso. Os países buscam o remdesivir. Esse sim ajuda um pouco.",Todos os países estão usando hidroxicloroquina.  Até os inimigos políticos do PR no Brasil a estao usando.,1,0.5807486772537231,0.4192513525485992,,Incerta
"Em uma atitude que salvará milhares de Brasileiros, o presidente  liberou o uso da cloroquina pra todos os casos de COVID-19 no SUS, inclusive os leves. ⁣ Todo paciente terá que autorizar o uso do medicamento, quem não quiser, toma tubaína! ⁣","Isso descreve bem VAGABUNDOS CONIVENTES com a DITADURA GENOCIDA DA CORRUPÇÃO, como , Q IGNORAM A EFICÁCIA DA HIDROCL! Graças a DEUS, Meus Pais (86, 76) foram curados do virus chinês COM O USO! Se fosse honesto buscaria a VERDADE, mas é + 1 PROMÍSCUO, q não quer saber.",2,0.4021501541137695,0.5978499054908752,,Incerta
"""Não há provas da eficácia da cloroquina.""  Ora, também não há prova da eficácia de quarentenas/lockdowns.  Por que num caso é exigida prova científica absoluta, e no outro, não?",Óbvio...,2,0.4265927076339721,0.5734072923660278,,Incerta
"Não consigo escolher somente um: terrorismo e modismos nutricionais, nutricionismo, dietas restritivas, gordofobia e medicalização da comida.",Acabo de pensar aqui que a indústria alimentícia é uma cloroquina na minha profissão,1,0.464187890291214,0.5358121395111084,,Incerta
"Se Cloroquina fosse a solução, o mundo inteiro não estaria gastando milhões de dólares em pesquisas! O povo não é trouxa!!",#LulaSeImporta  Infelizmente o povo é troxa sim  Só de ver os paulistas descendo pro litoral e o povo acusando o dória  O povo é troxa sim Como foi o último feriado em minas que o povo foi pro interior visitar a família O povo só vai entender quando for da sua família,2,0.4521580040454864,0.5478420853614807,,Incerta
"Posso reclamar direto do governo, mas sobre a cloroquina, o termo é útil tanto para o médico e para o paciente. Se ele quer usar tal droga por supostamente achar que faz efeito, há a liberdade de adesão ao tratamento. Sendo capaz, que use como queira...",Sabe eu até gosto muito de vários políticos do PSDB mas tem alguns como   que quer proibir a cloroquina e  que quer liberar a maconha que me dão nojo!,0,0.5578718185424805,0.4421282112598419,,Incerta
"Do  no  : “sabe qual minha opiniao sobre a cloroquina? Nenhuma. Eu não estudei, não sou médico, não é questão de opinião”.",Coincide com a minha.,2,0.597414493560791,0.4025855362415313,,Incerta
Já tá vendendo Cloroquina na Havan?,Será que parcela no carnê?,2,0.4408376514911651,0.5591623783111572,,Incerta
"O Brasil ganhou mais uma esperança no tratamento do #coronavírus. O  adotou um novo protocolo para receita da cloroquina/hidroxicloroquina. O medicamento, que já é adotado em diversas partes do mundo, é considerado o mais promissor no combate à Covid-19. Entenda:","Pior que no WhatsApp está rolando o que chamam de protocolo indicando as dosagens por dia, as combinações de remédios e dizendo que foi o “MP que deu a ordem prlo clamor do CRM”",2,0.4247785806655884,0.5752214193344116,,Incerta
"Esquerda mete o pau na cloroquina, mas toma na hora do aperto.  Esquerda mete o pau no capitalismo, mas ganha dinheiro com ele e usufrui de todas as suas benesses.  Que nome damos a isto?","A esquerda é asquerosa, nojenta quer ver o caos, malditos esquerdista",2,0.596897304058075,0.403102695941925,,Incerta
"Veja, o depoimento dessa pessoa, que foi tratada da COVID19, com Cloroquina e Azitromicina. Não deixou ser entubado. Compartilhe, divulgue, curta e dê RT.","Mano, eu to vendo uns robôs escrevendo “quando vc pegar corona então deixa a cloroquina pra a gente” SIM, EU DEIXO.",0,0.5828777551651001,0.4171222746372223,,Incerta
Quem é de direita toma cloroquina  Quem é de esquerda vai para um leito de UTI  Justo,Justíssimo,2,0.5165238976478577,0.4834761321544647,,Incerta
Hidroxicloroquina é antiparasitário. Por isso esquerdistas são contra.,Olha não sou de esquerda! Não concordo ! a negação da cloroquina e da hidroxicloroquina se refere a dados científicos que não comprovam a eficácia desta medicação na covid 19. O resto é teimosia e ignorância!!! Vai te cata burrão puxa saco!!!,2,0.4381429851055145,0.5618570446968079,,Incerta
"Ministro Teich é um dos defensores do Redemsivir, o medicamento da Gillead Science cuja dose custa aproximadamente US$1200 (Cloroquina é quase ZERO). Será que existe algo mais por trás disso? Sim ou claro? #BrasilNaoPodeParar",Vejam pq a OMS ainda nao liberou a cloroquina que é melhor e mais barata. Estao esperando O Remdevisir ser produzido em larga escala. Este remedio não é grande coisa mas custa em torno de $1200. Os acionistas da Gilead estao euforicos.  #BrasilNaoPodeParar,2,0.4595025777816772,0.5404974222183228,,Incerta
"Os posts do Bolsonaro são dotados de esperança ao povo brasileiro: ""cloroquina não tem evidência científica, mas sendo monitorada""  Mas Mas Mas O problema é justamente esse mas, senhor presidente!",Foo Fighters melhor que cloroquina.,0,0.5684871673583984,0.4315128028392792,,Incerta
Associação Médica Brasileira diz que protocolo da cloroquina respeita parecer do CFM.,"Então, stf sei que vocês vão se meter no protocolo publicado hoje é que o próprio Conselho Federal de Medicina aprovou, mas o que interessa é ir contra o Jair Bolsonaro , não é ??",2,0.5583088397979736,0.4416912198066711,,Incerta
"Vamos combinar que estamos todos e todas um pouquinho “desesperadinhos e inhas” nesse isolamento social, mas, pensem, podia ser pior. Poderia estar isolada com aquele homem que rimou cloroquina com tubaína. Já pensou ter que aguentar essas piadas idiotas do idiota o dia todo?","Gente, em nome de Jesus não quero passar cloroquina",0,0.56026291847229,0.4397371411323547,,Incerta
"""Quem for de direita toma cloroquina, quem for de esquerda toma Tubaína"". NO DIA QUE O BRASIL CONTOU 1179 MORTOS, Bolsonaro faz piada...",Vocês sabem o q é Tubaína????,2,0.5509110689163208,0.4490889608860016,,Incerta
"No dia q o desgoverno  mudou o protocolo para recomendar cloroquina em casos leves, lamentamos a morte por coronavírus do dep. estadual Gil Vianna, do PSL do RJ, que usou o remédio, mas infelizmente não conseguiu se salvar. Não há provas que cloroquina cura Covid-19","Nobre , a Sra não tomaria a cloroquina??? Ótimo, direito seu! Quem quiser tomar, tome e ponto.",1,0.5470224022865295,0.4529775977134704,,Incerta
Agora cada médico receita a cloroquina quando bem entender. Pau no cu do Doriana.,"Véio Olavo, já enfiou seu supositório de Cloroquina hoje?... Hã?...",1,0.4994201064109802,0.500579833984375,,Incerta
"TIRA DÚVIDA  1- Se a Cloroquina é 40% mais tóxica, porque 50mg a mais em relação a Hidroxicloroquina?  - Os comprimidos de Cloroquina são de 150mg, arredondasse para 3, mais próximo de 400mg.  - Mesmo mais tóxico o efeito é na mesma dosagem.  2- Cadê o Zinco?   - Está no item 16","Confirmando que as doses do protocolo do  estão corretas, falta agora a parte mais importante: onde estão os comprimidos previamente recolhidos e como será garantida a distribuição para todas as unidades do SUS de forma a atender 100% das pessoas q quiserem fazer uso?",2,0.4741248786449432,0.5258750915527344,,Incerta
"""O protocolo é uma armadilha para o médico""; ""Esta é uma situação absurda""; ""Logo no começo do documento tem um 'considerando que não tem evidência científica""   Veja a repercussão sobre o novo protocolo de #Bolsonaro sobre a #cloroquina  #G1","Assina aqui esse documento onde vc assume todo e qualquer risco pelo uso da cloroquina!! Se morrer, e daí?",2,0.4090110957622528,0.5909889340400696,,Incerta
#Debate360 os políticos e médicos que são contra quando entram no hospital privado recebem tratamento com a cloroquina.,#NaoCompreDell Ouví dizer que a Dell é mais eficiente que a cloroquina. Comprem Dell!,0,0.4930001199245453,0.5069998502731323,,Incerta
Se eu tomar cloroquina com tubaína me torno Isentão ou de Centro?,"Depende, se tiver com covide, tome cloroquina e você terá a chance de não ser entubado e morrer largado no corredor de um hospital pública, mas se você estiver com sede, tome uma tubaína.",1,0.4335435926914215,0.5664563775062561,,Incerta
"O novo protocolo exige informar ao paciente que ""não há estudos demonstrando benefícios"" da cloroquina contra a covid-19 e que há risco de efeitos colaterais que podem piorar sua condição, provocar sequelas e até mesmo matar.",Bolsonaro querendo desovar o estoque da Cloroquina produzida pelo exército. Mais um crime contra a saúde pública!  Onde estão nossas autoridades?,2,0.5828785300254822,0.4171214401721954,,Incerta
"Apresentei um projeto de decreto legislativo p/ sustar o novo protocolo do  que recomenda uso precoce da cloroquina em pacientes com #Covid19, enqto não houver estudos científicos que comprovem sua eficácia. O presidente não deveria fazer uso político de algo tão sério.",Idiota. Deixe as pessoas infectadas e os médicos decidirem se usam a cloroquina ou aguardam a morte!,1,0.4368285536766052,0.56317138671875,,Incerta
Cloroquina é igual ingresso pra jogo do Vasco. Tu pega aquilo ali mas não tem garantia nenhuma que vai dar certo e os efeitos colaterais podem ser desastrosos para a saúde,PQP! Só li verdades,2,0.4020909965038299,0.5979090332984924,,Incerta
"- Ainda não existe comprovação científica, mas sendo monitorada e usada no Brasil e no mundo. Contudo, estamos em Guerra: “Pior do que ser derrotado é a vergonha de não ter lutado.”  - Deus abençoe o nosso Brasil.","Antes do Bolsonaro eu precisava de um psicólogo, agora eu preciso de um psiquiatra também, se possível a ala médica que trata de transtornos mentais inteira.  Passar bem krl",2,0.4989883303642273,0.5010116696357727,,Incerta
Então direita toma cloroquina e esquerda Tubaína? Por mim tudo bem,Se vc tá tao desesperado pela cloroquina taca cloro na quina de sua casa,1,0.409282237291336,0.5907177329063416,,Incerta
"Fdp falando que ""quem n quer n usa cloroquina"" como se o cidadão BR que teve um ensino de merda fosse ter noção dos perigos do remédio, sendo que o ministério da saúde e o presidente tão incentivando o uso",Meu pai dando um espetáculo dizendo que a ruma de gente morrendo por covid é culpa do Camilo q só decidiu liberar cloroquina agr,0,0.4409562051296234,0.559043824672699,,Incerta
"E saiu o vídeo de hoje! Cloroquina liberada,Molusco falando Merlim, AuschWitzel apertado e DitaDoria o hipócrita. Separa a pipoca e bora lá!  #NaoCompreDell",Te atualize. Show de vídeo.,2,0.5828392505645752,0.4171607792377472,,Incerta
Sem distorções. JB brinca: tubaína ou cloroquina,"Ninguém distorceu nada, ele é um babaca msm",2,0.4992665350437164,0.500733494758606,,Incerta
Deixem os tiozinhos que pagam o boleto da tv a cabo para adolescente que só usa twitter ficarem sabendo dessa história... Quem lacra não lucra!,"... Tirou o patrocínio de um site só pq o mesmo faz matérias que ""favorecem"" a ideia de que cloroquina funciona...",2,0.550012469291687,0.4499875605106354,,Incerta
"Puta que pariu!!!! Maconha pode, Cocaina pode, aborto pode, haxixe pode, mas CLOROQUINA não pode, tem efeitos colaterais. Ora, comprem-me UM BODE!!!!!",Na real o único que é legalizado e pode é a cloroquina mesmo kkskssksk,2,0.5509278178215027,0.4490721821784973,,Incerta
"- Ainda não existe comprovação científica, mas sendo monitorada e usada no Brasil e no mundo. Contudo, estamos em Guerra: “Pior do que ser derrotado é a vergonha de não ter lutado.”  - Deus abençoe o nosso Brasil.",DEVIA TER PARADO A FRASE ANTES DO MAS,2,0.4935811161994934,0.5064188838005066,,Incerta
"“Se esperarmos todos os passos para que tenhamos evidências da cloroquina, epidemia já vai ter acabado”","Essa é uma verdade. É preciso arriscar, todo aliado nesse momento é necessário. Porém, sem fazer bandeira política com isso ou sem respeitar a orientação médica e científica para isso.",2,0.4566768407821655,0.5433231592178345,,Incerta
Lair Ribeiro sobre a Cloroquina! O que está acontecendo no Brasil? Que doença é essa?Jesus!!,Pelo vídeo que vi do Mário Frias ele já começou a tomar cloroquina.,0,0.5954535603523254,0.4045464396476745,,Incerta
"O Ministério da Saúde divulgou nova orientação para os médicos do SUS, permitindo o uso de cloroquina e hidroxicloroquina na fase inicial da Covid-19. O uso dos remédios, sem eficácia comprovada, é alvo de críticas de associações médicas:  #JN","O discurso de vocês muda rápido, não é? como eu posso acreditar na Globo quando falava que a cloroquina não tinha contraindicação nem para as grávidas e quando o Dr. Drauzio Varella disse que a covid era uma gripezinha.   Como acreditar em vocês, se toda hora mudam o discurso.",1,0.544590413570404,0.4554095864295959,,Incerta
"Olha aí  , continue lutando pelo bem do povo em várias frentes, equilibrando saúde e economia, é o que precisamos que um presidente faça, tome decisões em tempo. Portugal, não teve efeitos colaterais . A esquerda e os opositores mentem .",Aaa não a cloroquina só não e boa se tiver Bolsonaro como propagador.,2,0.4465436637401581,0.5534563064575195,,Incerta
"Como não é preciso de médico para prescrever a cloroquina ajudem aí e digam como tomamos saporra. Um por hora, mastiga, injeta...?",Leia a bula... Kkkk,2,0.4043302536010742,0.595669686794281,,Incerta
Na segunda-feira vinha respondendo bem ao tratamento e seu estado era considerado estável. Na terça-feira o deputado estadual precisou ser intubado às pressas e teve uma parada cardíaca (efeito colateral que a Cloroquina provoca)...,"É o seguinte desde sempre quando você faz qualquer procedimentos com CONTRASTE IODO, por exemplo, o paciente não assina um termo ISENTANDO os médicos e hospitais? Qual a diferença quanto à Cloroquina?",0,0.57354336977005,0.4264566302299499,,Incerta
"“Redução dos glóbulos brancos, disfunção do fígado, disfunção cardíaca e arritmias”","Não precisa entrar na briga política da Cloroquina. O Bolsonaro têm inúmeros outros erros pra serem criticados. A Cloroquina NÃO pode ser politizada, não faz bem a esse momento. Deixa a Tubaína pro Bolsonaro",1,0.4863689839839935,0.5136310458183289,,Incerta
"Para quem me pergunta como está a situação por aqui com o coronavírus: A mesma coisa do Brasil, mas Trump tem tomado cloroquina sem recomendação médica e passa o dia todo no twitter falando do Obama.","Bolsonaro, eu te apoio... Cloroquina neles! Contra os parasitas!  #EuApoioBolsonaro",0,0.5963023900985718,0.4036975502967834,,Incerta
"Bolsonaristas criam 'corrente do bem' e se medicam com cloroquina, azitromicina e antipulgas",eu chamaria de corrente pelo bem  pelo bem da humanidade,2,0.1790416985750198,0.8209583163261414,,Alta
"Olha aí  , continue lutando pelo bem do povo em várias frentes, equilibrando saúde e economia, é o que precisamos que um presidente faça, tome decisões em tempo. Portugal, não teve efeitos colaterais . A esquerda e os opositores mentem .","Então pq os EUA não estão tomando Cloroquina, amore?!?! Conhecendo o Trump como conhecemos, ele já teria comprando TODA a Cloroquina do planeta se isso tudo fosse verdade.  Me poupe!!!!",1,0.1104363948106765,0.8895636200904846,,Alta
"Apresentei um projeto de decreto legislativo p/ sustar o novo protocolo do  que recomenda uso precoce da cloroquina em pacientes com #Covid19, enqto não houver estudos científicos que comprovem sua eficácia. O presidente não deveria fazer uso político de algo tão sério.",Você quer gente morta!!! O CFM liberou!!! Volta para o caixão!,2,0.1992504596710205,0.8007495403289795,,Alta
"Já q o Dr  libero a cloroquina a gente devia fazer um trato cm o gado, se o número de mortos n cair drasticamente, a gente começa a ouvir a ciência e o  dmr?",caralho gente,0,0.1337794959545135,0.8662205338478088,,Alta
"Hoje  tomou uma atitude corajosa, que salvará milhares de vidas: liberou o uso da cloroquina pra todos os casos de COVID-19 no SUS, mesmo os leves  Basta o paciente autorizar o uso do medicamento, que tem se mostrado muito eficaz em diversas partes do mundo",Queria saber o CRM dele e a pesquisa científica que mostra a eficácia...,2,0.1157968565821647,0.8842030763626099,,Alta
"Apresentei um projeto de decreto legislativo p/ sustar o novo protocolo do  que recomenda uso precoce da cloroquina em pacientes com #Covid19, enqto não houver estudos científicos que comprovem sua eficácia. O presidente não deveria fazer uso político de algo tão sério.",Você ė  una vergonha para o estado de Sāo Paulo. Não  passa de um político corrupto e ladrão!! Você não  está preso graças ao  !,2,0.1037302017211914,0.8962697386741638,,Alta
"""Redução dos glóbulos brancos, disfunção do fígado, disfunção cardíaca e arritmias"".",Mentira.  Eu já fiz tratamento para um lúpus super agressivo.  Pare de espalhar o terror. Já deu no saco.,2,0.1589669585227966,0.8410330414772034,,Alta
"Ok, acredite nos seus médicos e eu acredito nos meus. Eu vi com meus olhos uma pessoas sendo curada com cloroquina no início. Vc acha que não existe politicagem no meio farmacêutico e médico? Tudo é dinheiro. Cloroquina não precisava nem de receita médica.",O mundo INTEIRO atrás duma solução e vc acha que 200 países estão contra Bolsonaro? Acha que o mundo gira em volta dele? Nem Trump tá na cloroquina mais,1,0.1084761396050453,0.8915238380432129,,Alta
"Caralho, o Mandetta tá falando que o Bolsonaro queria que ele assinasse um documento pra mudar a bula da cloroquina NA ANVISA!",O quê???,2,0.176590546965599,0.8234094381332397,,Alta
A podridão da esquerda fica explícita nessa politização ridícula que fizeram da cloroquina só porque Bolsonaro apoia.  Eles querem que pobres usuários do SUS não tenham acesso ao medicamento que redes particulares estão dando a seus pacientes.  Medicamento dado até pra grávidas.,"Quanto mais caro e que deixe a pessoa vivendo, mas sempre sofrendo com efeitos colaterais, esse é o ""remedinho"" que os comunas querem forçar a população usar, já a cloroquina que não tem efeitos colaterais e é barato e totalmente funcional, esse até a OMS não quer que liberem.",1,0.1048164740204811,0.8951835036277771,,Alta
"Sim, é essencial que se pesquise se o médico é bolsominion antes de ir para a consulta.",Imagina vc com qualquer queixa e já saírem prescrevendo cloroquina. Pelo menos a era amoxilina acabará kkkkk,2,0.1355262249708175,0.8644737601280212,,Alta
eu n to entendendo esse trem da cloroquina... é pra tomar pra curar ou pra prevenir? quer dizer q o sonaro descobriu as 2 coisas num medicamento só?,Todo dia um estudo diferente da eficácia do uso da cloroquina. Só não vê quem não quer. Aproveita e libera essa aqui TB presida...,0,0.1478487700223922,0.8521512150764465,,Alta
"Segundo "" alguns"" estudos. Assim como existem alguns estudos que apontam que sim. Na Medicina NENHUM tratamento é uma unanimidade. A medicina tem vertentes. As opções são cloroquina ou Dipirona, você escolhe e os efeitos colaterais na Bula são os mesmos.",Tô desde ontem esperando os estudos que apontam que sim. Inclusive pode mandar. Os estudos que citei foram publicados no JAMA e no The New England Journal of Medicine nos dias 07/05 e 11/05. Não há eficácia comprovada da cloroquina.,1,0.1523143351078033,0.847685694694519,,Alta
Bolsonaro finalmente conseguiu forçar o Min. da Saúde a emitir protocolo que libera o uso em massa da cloroquina. Os pacientes terão que assinar um termo assumindo que o remédio não tem eficácia e que pode até matar. É um atentado contra a saúde pública e a vida dos brasileiros.,Bolsonaro segue fazendo cré com cré...,2,0.1019349470734596,0.8980650305747986,,Alta
"Antes a Globo “receitava” cloroquina até pra mulher grávida. Hoje dão a entender que é mais perigosa que o próprio coronavírus... POR QUE SERÁ, né? #TorcidaOrganizadaDoCoronavírus",E ai Globo???,2,0.1742275804281234,0.8257724046707153,,Alta
"“Redução dos glóbulos brancos, disfunção do fígado, disfunção cardíaca e arritmias”",Homem com medo de tomar cloroquina... PQP!!! Na boa... Quando foi que esse mundo virou maricas assim...???,1,0.1801075339317321,0.819892406463623,,Alta
"Espero q a justiça impeça IMEDIATAMENTE a nova loucura de . O protocolo do Min. da Saúde p/ liberar a cloroquina a rodo é criminoso, mais um atentado à vida. Como o MS de um dos maiores países do mundo faz isso? Simples. Pq não tem ministro no comando. Tem um aspone",A maior loucura que  fez foi ter permitido que você usasse sua imagem para se eleger! Você não passa de uma OPORTUNISTA ressentida que não conseguiu benefícios do governo! SUA DOR VEM DE TER UM PAÍS GOVERNADO POR UM PRESIDENTE HONESTO!  #BolsonaroCadaVezMaisForte,2,0.1678828597068786,0.8321171402931213,,Alta
e quando que a gente vai salvar esse coitado dos próprios pais?,um bocado de gente falando que vai descer a porrada no menino quando a criança não sabe nem o que é cloroquina  ele tá sendo usado pelos pais a culpa é unicamente deles,2,0.1899564266204834,0.8100435733795166,,Alta
"ain... ain... ain... Mas se vc pegar a COVID vai querer tomar Cloroquina. Amigo, se eu pegar a COVID, ou qualquer outra doença, vou procurar um médico. Médico, vestidinho de branco e formado em medicina. Vou tomar o que ele indicar, não é tão complicado.",Se ele indicar a cloroquina para vc... Qual vai ser sua reação?,1,0.1297586113214492,0.8702413439750671,,Alta
"Eu entendo que a estratégia é fazer com que a cloroquina seja aceita pelo cidadão comum como o remédio efetivo para a COVID. Tendo um tratamento efetivo, não faz mais sentido ficar em casa e a economia retoma. Só que não, a cloroquina mata, eu já fiquei muito doente com essa m...","Fora que além de criar uma sensação de solução pra fazer cidadão ir trabalhar e consumir, tem o fato que se morrer do coração (efeito colateral da Cloroquina) não morre de covid e não infla o número",1,0.1047371923923492,0.8952627778053284,,Alta
"“Redução dos glóbulos brancos, disfunção do fígado, disfunção cardíaca e arritmias”",Botox tem mais efeitos colaterais  que a cloroquina,1,0.1938862055540084,0.8061137795448303,,Alta
"Olha aí  , continue lutando pelo bem do povo em várias frentes, equilibrando saúde e economia, é o que precisamos que um presidente faça, tome decisões em tempo. Portugal, não teve efeitos colaterais . A esquerda e os opositores mentem .",Acorda povo...,2,0.1894521266222,0.8105478882789612,,Alta
"Apresentei um projeto de decreto legislativo p/ sustar o novo protocolo do  que recomenda uso precoce da cloroquina em pacientes com #Covid19, enqto não houver estudos científicos que comprovem sua eficácia. O presidente não deveria fazer uso político de algo tão sério.","Mas você vai tomar não é ????? O pobre que precisa do SUS é para morrer ???? Taí o voto de vocês , se ferrem com a esquerda Brasileira que toca o sino de quanto pior , podem morrer que ninguém está dando mínima , só o Bolsonaro",2,0.1610740423202514,0.8389259576797485,,Alta
Pq não pode usar um medicamento originalmente pra tratar malária como a Cloroquina mas todo mundo da mídia fica feliz quando se fala em remdesevir que é um medicamento feito pra tratar Ebola (e falhou)?,"deixa eles tomarem remdesevir e morram de ebola kkkkkk  quem quiser se curar de virus chines toma cloroquina,   resolvido. quem sobrar vivo ganha o jogo",1,0.1228770464658737,0.8771229386329651,,Alta
O  vem trabalhando em coordenação c/ o  p/ trazer da Índia hidroxicloroquina e seus insumos. Após conversa minha c/ o Chanceler indiano obtivemos liberação de 1000 kg de hidroxicloroquina que chegam ao Brasil esta semana. Estamos negociando novos envios.,"Os cara comprando 1 tonelada de Cloroquina, Índia deve tá rindo muito de vender isso tudo de um remédio que eles sabem que n cura a doença que eles também estão sofrendo",2,0.1508091986179351,0.8491907715797424,,Alta
Aviso aos desacreditados da Cloroquina...aproveitem corre no  e pede a ração humana que ele queria dar,"A pesquisa da cloroquina em relação ao vírus, ocorreu em menos de 120 dias. É muito pouco tempo para comprovar a eficácia de um medicamento.",0,0.9454500675201416,0.0545498989522457,,Random
"- Dias difíceis. Lamentamos os que nos deixaram. - Hoje teremos novo protocolo sobre a Cloroquina pelo  .  - Uma esperança, como relatado por muitos que a usaram. - Que Deus abençoe o nosso Brasil.",caralho seu arrombado você não é médico pra ficar falando se é pra usar cloroquina ou não filho da puta aproveita e enfia a cloroquina no sEU CU,2,0.892461895942688,0.107538141310215,,Random
"Hoje  tomou uma atitude corajosa, que salvará milhares de vidas: liberou o uso da cloroquina pra todos os casos de COVID-19 no SUS, mesmo os leves  Basta o paciente autorizar o uso do medicamento, que tem se mostrado muito eficaz em diversas partes do mundo",Este é um homem que respeito e tem meu total apoio. Brasil acima de tudo e Deus acima de todos.,2,0.9429547786712646,0.0570452027022838,,Random
"Bolsonaro quis alterar bula da cloroquina, diz Mandetta",se isso não tirar esse cão eu não sei mais o que pode tirar,2,0.9816515445709229,0.018348479643464,,Random
"Com Covid-19, Sikêra Jr. enaltece cloroquina e ataca ""esquerda""","Médicos tendem a ser pressionados para usar cloroquina, remédio sem comprovação cientíifca",0,0.9751672148704528,0.0248328130692243,,Random
Qual é a cloroquina da sua profissão?,"Apesar de não exercer, digo que a cloroquina da profissão é o Bolsonaro que pouco mais de um mês atrás vetou a regulamentação da profissão de historiador. #ForaBolsonaro",2,0.991907000541687,0.0080930106341838,,Random
O novo nome do efeito placebo é efeito cloroquina? É isso mesmo?,Achei o comentário a seguir pertinente a respeito da estratégia de Bolsonaro e companhia sobre a  cloroquina de um leitor da Folha de São Paulo:,0,0.9768176078796388,0.0231823697686195,,Random
"""Bolsonaristas criam 'corrente do bem' e se medicam com cloroquina, azitromicina e antipulgas"".  Antipulgas. Antipulgas. ANTIPULGAS.","Deviam tomar vermífugo e morrerem unidos, numa corrente do bem pelo Brasil.",2,0.7340156435966492,0.2659844160079956,,Random
"Carluxo disse q estão perseguindo jornais apenas por serem de direita  O que esses sites publicaram:   Caixão com pedra, curado por cloroquina na Unimed, Ceasa em BH vazio, morte de primo de porteiro por pneu  O motivo é esse sim, não tem nada a ver com fakenews não, imagina",#FakeNews é motivo pra cancelamento e boicote sim!,2,0.9543450474739076,0.0456549972295761,,Random
"O nome dos filhos: Alquingel da Silva, Cloroquina da Silva, Lockdown da Silva e Quarenta da Silva.",Kkkkkkkkkkkkkkkkkkkkk pqp,2,0.9595772624015808,0.0404227562248706,,Random
"Pesquisa XP/Ipespe- Bolsonaro segue caindo- tem 25% de ótimo e bom, contra 31% em abril. Ruim e péssimo saltou DEZ PONTOS, de 40% para 50% - a metade do país.","Por isso  chutou o balde: comprando centrão; amarrando a PF; e matando os bolsominions com cloroquina e contaminação. Ele sabe q já era. Acho q durou muito. Óbvio q esse governo nunca daria certo, ñ é sustentável,com um um sujeito q ñ sabe nada sobre política.",2,0.9601920247077942,0.0398079790174961,,Random
Qual é a cloroquina da sua profissão?,"Não precisamos de um redator, precisamos de um copywriter pro brainstorm pós briefing, de olho no budget, com design thinking, pq temos um high employer branding.",2,0.9036779999732972,0.0963219478726387,,Random
"O que bolsonaro quis dizer: ""A direita toma cloroquina e a esquerda toma no cu."" O que Lula quis dizer: ""Foi preciso o coronavírus para vermos a importância e dever do Estado em tempos de pandemia."" Eu não sou Lulista mas tbem não sou hipócrita de compará-los. #LulaSeImporta","Eu pensando que era pra ""toma no cu"" enquanto que na verdade era ""tortura por afogamento..."" #TodosPeloImpeachment",2,0.8910640478134155,0.1089359521865844,,Random
Qual é a cloroquina da sua profissão?,O atual Ministro de Relações Exteriores.   (A política externa do Brasil atualmente dá vontade de rasgar o meu diploma),2,0.990084171295166,0.0099157942458987,,Random
Brasil tem recorde de mortes e novo protocolo para uso da cloroquina,"Me perdoem, mas ouço as notícias em inglês porque, não entendo nada. Ontem assisti o , e estou passando mal até agora!!!",2,0.9721778631210328,0.0278220940381288,,Random
Amando a generosidade das farmacêuticas doando cloroquina para que depois as pessoas comprem delas outros remédios para os efeitos da cloroquina,"A discussão sobre Cloroquina é falsa. Ela nunca foi proibida, nem será obrigatória. Os médicos mais atualizados, só prescrevem seguindo preceitos cientificos. Já os charlatões, usam de forma massiva pq nunca precisaram da ciência. A pressão do Bolsonaro não muda essa realidade.",0,0.6829211115837097,0.3170789182186126,,Random
Qual é a cloroquina da sua profissão?,"""O seu Zé, pedreiro, disse que  não precisa disso"" ""faz mais barato""",2,0.9797790050506592,0.0202210508286952,,Random
"Esse traste está enrolado em compras superfaturadas. Logo a PF vai fazer uma visita. Está desesperado, a Cloroquina salva vidas e ele vai ter que prestar contas, junto com a mídia e a esquerda torcedora do vírus.",E daí? Não é pq o Mandetta seja corrupto q o Bostanaro não seja um fdp psicopata,2,0.8606446385383606,0.139355331659317,,Random
"Isso a Globo não mostra! #cloroquinasalva  Acabei de sair do hospital Unimed, onde o meu primo Sr Valter Branco, de 54 anos, há 16 dias diagnosticado com covid-19, e hoje está curado pela CLOROQUINA. Hoje ele pode voltar a trabalhar tranquilo com seu sócio em seu trailer.",Amém. Ele deve ter fabricado a própria cloroquina.,2,0.9893843531608582,0.0106156673282384,,Random
Cloroquina... Cloroquina...,Gostei,2,0.9473389983177184,0.0526609942317009,,Random
Deputado do PSL morto por Covid-19 usou cloroquina,"bicho. QUERIA EU que cloroquina salvasse a vida das pessoas... tão brincando com vidas, independente se são do lado deles ou não, só querem lucrar",2,0.9829030632972716,0.0170968603342771,,Random
"Bolsonaristas criam 'corrente do bem' e se medicam com cloroquina, azitromicina e antipulgas",verdade,2,0.9897328019142152,0.0102672409266233,,Random
Qual é a cloroquina da sua profissão?,É a cloroquina mesmo...,1,0.9539508819580078,0.046049129217863,,Random
Qual é a cloroquina da sua profissão?,"o excesso de etapas de aprovação. parece que ajuda, mas atrapalha.",2,0.9864057898521424,0.0135941719636321,,Random
Qual é a cloroquina da sua profissão?,O arquiteto é a cloroquina da construção civil.,1,0.9839128851890564,0.0160871315747499,,Random
Mandetta diz que governo queria mudar a bula da cloroquina. Vocês tem noção da gravidade disso?,Algum magnata da indústria farmacêutica vendo uma oportunidade de maximizar lucros e comprando os gados com essa história,2,0.4723324179649353,0.5276676416397095,,Incerta
Mas olha o nível de merda que estamos afundados,"Meu, nossa. Tu viu essa aqui:",1,0.4472979307174682,0.5527020692825317,,Incerta
"Na minha opinião deve mostrar, pois é de interesse público. A questão q se levanta é justamente essa. Como a decisão do STJ vincula, ele não é obrigado a mostrar. E mesmo q tenha cloroquina, não quer dizer nada. Vcs dogmatizaram um remédio","Só não entendo esses políticos e médicos se tratando com a cloroquina, já que usar ela no tratamento não quer dizer nada, né? Kkk",1,0.4076630175113678,0.5923370122909546,,Incerta
Estão se escondendo atrás das instituições. É fundamental a divulgação dos nomes dos médicos que NÃO recomendam a HCQ.,"E com toda a certeza nessas instituições teremos muitos doutores favoráveis à cloroquina, só que eles não terão vez e voz,  pois esse posicionamento favorável ao medicamento não convém ser divulgado, no entender e na postura dessa imprensa engajada.",1,0.5281702876091003,0.4718296229839325,,Incerta
"As revelações do ex ministro da saúde Henrique Mandetta carecem de investigações. Mudar a bula de um medicamento como a cloroquina é crime e se comprovado, será mais um na conta do presidente. #ForaBolsonaroGenocida",Não aguento mais esse assunto de #Cloroquina ... já tá chato! Igual esse presidente retardado.,0,0.5418737530708313,0.4581262767314911,,Incerta
"No dia q o desgoverno  mudou o protocolo para recomendar cloroquina em casos leves, lamentamos a morte por coronavírus do dep. estadual Gil Vianna, do PSL do RJ, que usou o remédio, mas infelizmente não conseguiu se salvar. Não há provas que cloroquina cura Covid-19","Já assinou sua declaração de que jamais tomará cloroquina até que ela seja arrastada cientificamente, mesmo que pegue uma CIVID-19?? Pra ser honesta, é o mínimo a ser feito. Vamos logo, assine!!",1,0.5979488492012024,0.40205118060112,,Incerta
"Tá tomando muita cloroquina moça kkkkk tô vendo em seu perfil que vc idólatra Alexandre Garcia me responda aí , globo e lixo ele foi diretor da globo 30 anos ele e lixo TB ? Kkkk","Acho q vc deveria se informar melhor sobre o cargo dele. A sua fonte é a fofoca da Morrone. Ainda nao tomo cloroquina nao, mas, se precisar, com ctz nao exitarei.",1,0.4743253290653229,0.5256746411323547,,Incerta
"O assunto cloroquina, hidroxicloroquina esteve na mídia recentemente e recebeu tratamento de partida Fla x Flu. Algo me intrigava como médico e comecei a ler toda a literatura científica disponível. Mergulhei então na pesquisa do mecanismo da doença e no mecanismo de ação da",cloroquina e hidroxicloroquina. E não é que havia muitas evidências científicas antigas e consagradas do uso da medicação pra doenças virais? Mas algo me chamou atenção. A insistência do MS em desautorizar a droga. Pior ainda foi quando começaram a fazer isso usando como,1,0.492048978805542,0.507951021194458,,Incerta
"Agora a GloboCanalha na sua trajetória de oposição a Bolsonaro, está publicando matéria contra a cloroquina pela única razão que ele defende o medicamento, o que constitui um gravíssimo desserviço ao combate do coronavirus.","E se o Bolsonaro não defendesse a cloroquina, e se fosse contra, a GloboCanalha colocaria o remédio como ""Salvador da Pátria"".",1,0.5981526970863342,0.4018473029136657,,Incerta
"- Ainda não existe comprovação científica, mas sendo monitorada e usada no Brasil e no mundo. Contudo, estamos em Guerra: “Pior do que ser derrotado é a vergonha de não ter lutado.”  - Deus abençoe o nosso Brasil.","Falou absolutamente tudo!!  ""Pior do que ser derrotado é a vergonha de não ter lutado""  #BrasilComBlsonaro",2,0.5307195782661438,0.4692803919315338,,Incerta
", ivermectina é o remédio q se toma ao invés da cloroquina, é um anti viral. quase nao tem efeito colateral ja a cloroquina...",Já a Cloroquina é aquele que o homem mais fudido do mundo ta tomando só de preocaução?,1,0.5850123763084412,0.4149876832962036,,Incerta
"Tá claro que a cloroquina NÃO tem eficácia contra o coronavirus e, além disso, causa efeitos colaterais  O Ministério da Saúde faz o que? BORA ampliar a recomendação do uso, tem problema não.","Meu primo foi diagnosticado com suspeita de covid pq não tem teste pra saber se ele tá ou não e mesmo no escuro o médico receitou cloroquina pro mlk tomar, cara......",0,0.5546972155570984,0.4453027844429016,,Incerta
"E se vc adoecer , e só tiver isso para te ajudar ,que seja aplicado por enema para  fazer efeito mais rápido !","TENHO VISTO GENTE QUE CHEIRA COCAINA, FUMA MACONHA, USA RAXICHE, TOMA PICO NA VEIA, MAIS AGORA TEM MEDO DA CLOROQUINA,, VAI ENTENDER",2,0.5611379146575928,0.4388621151447296,,Incerta
Liberação de cloroquina dificulta pesquisas no Brasil; estudos sobre o uso do medicamento em doentes com sintomas leves podem correr risco por falta de pacientes para os testes (via ),"Eu não queria, mas no fundo  torcia para a liberação da cloroquina, pelo menos nos livramos desse repetitivo e cansativo epísódio circense. ""Panem et circenses"" que até os jornais gostavam porque dava ibope.  Se os jornais quisessem já teriam posto um paradeiro no assunto.",1,0.4411198496818542,0.5588801503181458,,Incerta
"""Versailles"" tentando sufocar membros da ""nobreza"" que não seguem o protocolo.  Para que serve mesmo o Ministério Público?",Se o MP achar que existe excesso do Governo Federal na regulamentação do uso. Mas acho que não seria o caso por que na verdade vai usar quem quiser. Os de direita usam cloroquina e os de esquerda usam tubaína.,1,0.5855962038040161,0.4144038558006286,,Incerta
"""Nenhum estudo observacional publicado sugeriu claro benefício. Pelo contrário, vários indicaram potenciais malefícios"", dizem pesquisadores da Fiocruz, USP, UFRJ, UEA e Academia Nacional de Medicina sobre a cloroquina.","Fiocruz, o cachorrinho da OMS? Então é pra usar cloroquina mesmo",1,0.5871456861495972,0.4128543138504028,,Incerta
Protocolo da cloroquina é panfleto político.,E você Cláudio Dantas és um reporter mercenário apátrida.,2,0.4975149929523468,0.5024849772453308,,Incerta
Eu tô completamente desgraçado da cabeça diante desse trauma que passei durante esses dias. Não sei o que pensar sobre a medicina do ocidente. Fora os outros que ainda acham que só o Brasil fala em Cloroquina e não sabem que o mundo inteiro tá usando,"CORONAVÍRUS Estratégia terapêutica para usar hidroxicloroquina (com o juízo clínico) em Portugal Cloroquina,Hidroxicloroquina, usadas contra a malária, podem ser administradas em doentes graves com covid-19, mas não se sabe quantas pessoas já foram tratadas com estes antivirais.",1,0.598213791847229,0.4017861783504486,,Incerta
"Cloroquina não tem eficácia comprovada e muitos países limitaram o uso, diz OMS.","Isso é assunto para médico e paciente.   Quanto mais a imprensa publicar que o remedio nao é milagreiro, mais os bolsonaristas vao dizer que é.  Cloroquina ajuda sim, em alguns casos,  pode evitar a internação.  O que bolsonaro quer é uma cortina de fumaça.  Nao deem isso a ele.",1,0.5808361172676086,0.4191638529300689,,Incerta
"Apresentei um projeto de decreto legislativo p/ sustar o novo protocolo do  que recomenda uso precoce da cloroquina em pacientes com #Covid19, enqto não houver estudos científicos que comprovem sua eficácia. O presidente não deveria fazer uso político de algo tão sério.","Voltemos a 2016 no Governo Dilma: onde o senhor estava, que não mexeu uma vírgula para boicotar a prescrição da Cloroquina a mulheres grávidas com Zika? O problema não é o remédio, não é? Mas o Governo que vai recomendar. Lembre-se: teremos novas eleições em algum momento.",1,0.5117473602294922,0.488252580165863,,Incerta
"Gente, o menino do “cuscuz com ovo é mais gostoso” postou uma música falando de Cloroquina (só isso já seria um absurdo), aí uma pessoa comentou na foto e olha a resposta dos pais (ou de quem administra o perfil). Achei um absurdo!",bicha pelo AMOR de deus os pais desse menino precisam ser denunciados pro conselho tutelar,2,0.4342159330844879,0.5657840371131897,,Incerta
"Só tem um jeito de comprarmos cloroquina sem os ditadores governadores perturbar, se o tráfico para parar de vender maconha e vender hidroxicloroquina.","essa porra de cloroquina ainda vai dar merda, viu.",0,0.529211699962616,0.470788300037384,,Incerta
"Ouvi dizer -- mas, juro, não acredito -- que o Doriana só não gosta da cloroquina porque não é supositório.",É o Apertadinho do Dória gosta né o se gosta Baitola em tempo Integral,2,0.5905376076698303,0.409462422132492,,Incerta
"Uso de #cloroquina e #hidroxicloroquina sem prescrição médica é ilegal. Alerta foi feito durante coletiva com técnicos do  hoje, no Palácio do , sobre nova orientação para tratamentos com os dois medicamentos. | #Covid19 #coronavírus #saúde","O que era um medicamento barato e com venda sem prescrição médica, agora tem venda sem prescrição médica transformada em ilegal.",2,0.4347725212574005,0.5652275085449219,,Incerta
"Muitos perfis estão questionando se a decisão do exército não seguir o IBAMA foi INCOMPETÊNCIA ou VISTA GROSSA pro ILEGAL. Trocaram o IBAMA e dois ministros da saúde por milicos pra que eles OBEDEÇAM, sem compromisso com leis. Missão dada, missão cumprida!",A gente chegou a ter ilusão de que o Exército botaria Bozonaro nos trilhos. Ledo engano. Os caras são iguais. IGUAIS. Têm uma visão centrada no próprio umbigo sobre o que é melhor pro país e não reconhecem as próprias falhas. E isso começou com a Anistia. Tem que acabar.,2,0.5337995886802673,0.4662004709243774,,Incerta
Arthur Choro falando que o único remédio que combate o coronavirus é o isolamento (ele pode ficar em casa $$$) ....duvido que se ele parar no hospital ele não toma a Cloroquina!!#debate360,"Rafael n sabe falar “cloroquina”, ele smp fala “cloroCOquina” e eu smp corrijo",0,0.5545245409011841,0.4454754889011383,,Incerta
Mandetta diz que governo queria mudar a bula da cloroquina. Vocês tem noção da gravidade disso?,"#ForaBolsonaro revisionismo da história, bula de remédio e do próprio conceito de cidadão de bem.  Já chega! Pode mandar os eTês intervir junto a humanidade. #TKS.",2,0.4326131939888,0.5673868060112,,Incerta
"Esquerda mete o pau na cloroquina, mas toma na hora do aperto.  Esquerda mete o pau no capitalismo, mas ganha dinheiro com ele e usufrui de todas as suas benesses.  Que nome damos a isto?",Que nome damos: Filhadaputagem,2,0.5747541189193726,0.425245851278305,,Incerta
"O UOL fez uma matéria sobre o protocolo para cloroquina consultando apenas médicos e representantes de entidades contrárias ao medicamento. Cadê o chamado ""outro lado""? O jornalismo esquerdista perdeu por completo a vergonha em se mostrar tão parcial.",Ser contra a cloroquina devido a seus possíveis efeitos colaterais é o mesmo que não fazer quimioterapia em caso de câncer. Já viu efeitos colaterais mais devastadores?,1,0.55397629737854,0.4460237324237823,,Incerta
"Fantástico - opa, quer, dizer, o Jornal Nacional - está batendo na cloroquina.  Chamaram alguém da sociedade brasileira de infectologia para dizer que “o medicamento tem riscos”   Nenhuma palavra sobre o uso do medicamento pelo líder mais poderoso do mundo, o presidente dos EUA",A #GLOBOLIIXO tem que aprender que o povo não é e nunca será tutelado por ela. Duvido que alguém que quando infectado não tomem cloroquina,2,0.567728579044342,0.4322713613510132,,Incerta
tô com mania de perguntar as pessoa se elas acredita em cloroquina pra ver se elas são gente ou burro,"Depois de fazer piada com a cloroquina ontem, satanás agora afirma que não há eficácia comprovada cientificamente, e agora devotos ? Vai todo mundo tomar tubaina ou como é ?",0,0.4237897098064422,0.5762103199958801,,Incerta
"Diante da recusa de dois ministros da Saúde, que optaram por pedir demissão para não assinar o documento, coube ao general Eduardo Pazuello, que assumiu a pasta de forma interina,  liberar a cloroquina para todos os pacientes de covid-19.",Só um militar pra ter coragem de assinar o protocolo. Ainda questionam o pq dos militares no governo.,2,0.4466385841369629,0.5533614158630371,,Incerta
Qual é a cloroquina da sua profissão?,não mas vc sabia q zumbi tinha escravos?????,2,0.5834971070289612,0.4165029227733612,,Incerta
"Parece piada de mau gosto, mas não é. A foto foi registrada pelo  hoje. Assim , não há modelo que resista e nem tem como diminuir contágio. Isso é tão danoso quanto jogo de futebol, show etc. Inacreditável",Serviram feijão com cloroquina aos fiéis? Quanta insensatez.,2,0.4218268096446991,0.5781732201576233,,Incerta
"O presidente da República queria um médico que permitisse o uso da cloroquina. Dois médicos, que têm compromisso com a medicina, se recusaram assinar e foram embora.  Aí entra um general qualquer e libera a cloroquina, botando na conta do paciente o risco. Assim é este governo.",Uma dúvida  Vc usaria a cloroquina caso tivesse a covid19?,1,0.4831091463565826,0.516890823841095,,Incerta
"“Redução dos glóbulos brancos, disfunção do fígado, disfunção cardíaca e arritmias”","Deixa os idiotas antagónicos precisar da cloroquina pra ver se tem diguinidade de divulgar. Se é que não precisaram, a final vivem no submundo das fake e vazamentos. Talvez o Italiano Diogo possa falar se na Itália a coisa seria bem diferente com a bolsoquina.",2,0.482963353395462,0.5170366764068604,,Incerta
"O Brasil ganhou mais uma esperança no tratamento do #coronavírus. O  adotou um novo protocolo para receita da cloroquina/hidroxicloroquina. O medicamento, que já é adotado em diversas partes do mundo, é considerado o mais promissor no combate à Covid-19. Entenda:","Não que seja surpresa pra ninguém, mas o canal oficial de comunicação do Governo Federal falar que um remédio SEM EFICÁCIA COMPROVADA é o mais promissor ao combate à COVID-19 é de uma canalhice criminosa",2,0.5666941404342651,0.4333057999610901,,Incerta
Qual é a cloroquina da sua profissão?,Você só dança? Samba aí,2,0.5132867097854614,0.4867132902145386,,Incerta
"A Índia despachou o avião com uma tonelada pro Brasil e ri, enquanto conta o dinheiro do otário.","Parece que o orgão máximo de pesquisa em Saúde da India tbm tá nessa de recomendar protocolo de ""uso preventivo"" de cloroquina. O lobby interno pra desovar o produto deve ser monstruoso tbm:",1,0.5727922916412354,0.4272077977657318,,Incerta
Você é a favor de poder optar pelo uso da cloroquina já no começo  do tratamento da covid-19?,"Não sou médico pra opinar, nem o presidente é.",2,0.5285731554031372,0.4714268147945404,,Incerta
"Calma aí, o assunto era o uso da cloroquina e não entendi mudarmos para regras de isolamento!! Não entendi nada agora!","Isolamento tem que acabar, quando aceitarem que tem uma saída o uso de cloroquina ahahahahahhhhhh",1,0.4253831803798675,0.5746168494224548,,Incerta
O quão favelado você é?,olha o que o uso de cloroquina causa nas pessoas gente,2,0.4101245999336242,0.5898754000663757,,Incerta
"Mesmo que quiséssemos, sabe quais são os problemas para prescrever Cloroquina COM SEGURANÇA em todo o país? Segue esse fio e acompanhe a história de Seu Jair, um paciente hipotético do mundo real. (Fio Hipotético tá? Não jogamos nossos Diplomas no lixo ainda não)",Exato Mariana. Já recebemos alguns relatos pelo país. O pior é que é também MUITO ARRISCADO para os PACIENTES. Fizemos um fio sobre isso,2,0.432572454214096,0.5674275159835815,,Incerta
Cloroquina é tão bom que pra usar vc tem que assinar um termo que se der merda a culpa é sua,Cloroquina só funciona se for misturada com nióbio e engarrafada na mamadeira de piroca,1,0.4803738594055176,0.5196260809898376,,Incerta
Bolsonaro finalmente conseguiu forçar o Min. da Saúde a emitir protocolo que libera o uso em massa da cloroquina. Os pacientes terão que assinar um termo assumindo que o remédio não tem eficácia e que pode até matar. É um atentado contra a saúde pública e a vida dos brasileiros.,SANTO PAI DO CÉU,2,0.5992581248283386,0.4007419347763061,,Incerta
"Essa história é inacreditável. No fim de 2019, uma emissora de TV de Madagascar exibiu um documentário sobre uma misteriosa vidente brasileira que teria percorrido os quatro cantos cardeais da ilha africana antes de prever a ocorrência da atual pandemia da covid-19.",Muito mais legal que a história da cloroquina.,2,0.4434260427951813,0.5565739274024963,,Incerta
"- Ainda não existe comprovação científica, mas sendo monitorada e usada no Brasil e no mundo. Contudo, estamos em Guerra: “Pior do que ser derrotado é a vergonha de não ter lutado.”  - Deus abençoe o nosso Brasil.",Confie no seu potencial Comece a redação do ENEM assim que é 1000 certo,2,0.5268230438232422,0.4731768667697906,,Incerta
O gado tá infestado de pulgas.,"Cloroquina, azitromicina e anti-pulgas. Boa fórmula. Acrescentasse uma gotas de cicuta e cianeto de potássio, ficaria perfeito(pra eles).",1,0.5831940174102783,0.416806012392044,,Incerta
"Mesmo que quiséssemos, sabe quais são os problemas para prescrever Cloroquina COM SEGURANÇA em todo o país? Segue esse fio e acompanhe a história de Seu Jair, um paciente hipotético do mundo real. (Fio Hipotético tá? Não jogamos nossos Diplomas no lixo ainda não)",Bom dia. Cloroquina? Leiam esse fio maravilhoso. E sigam esse perfil tão maravilhoso quanto. E para não perder o costume: viva o SUS!,2,0.5826832056045532,0.4173167943954468,,Incerta
Nasa descobre possível universo paralelo onde tempo passa ao contrário,""" nesse universo a cloroquina da certo contra o covid "" kkkkkkkkk",2,0.4005665481090545,0.5994334816932678,,Incerta
"Bolsonaro queria mudar a bula do remédio, não deixaram. O tal protocolo é ctrl C + ctrl V do parecer do CFM. Uso off label é com os médicos. O resto é narrativa.","Manda isso para o Trump, o coitado está usando cloroquina...kkkkk VOCÊS SÃO PATÉTICOS",1,0.1661597043275833,0.8338402509689331,,Alta
"A cloroquina foi descoberta em 1934 pelo investigador da Bayer, Hans Andersag. Faz parte da Lista de Medicamentos Essenciais da Organização Mundial de Saúde, uma lista dos medicamentos mais eficazes, seguros e fundamentais num sistema de saúde.",Mesmo quem não tem conhecimento nenhum na área parando pra pensar 1 min do motivo da cloroquina ser usada só em casos graves é justamente pq pessoa esta morrendo então ela é a cobaia que não tem nada a perder usando um medicamento perigoso. Por isso é necessário a permissão dela,0,0.1462051719427108,0.8537947535514832,,Alta
"A Globo faz uma matéria sobre novo protocolo para uso de Hidroxicloroquina e dá voz APENAS a médicos que são contra a utilização do medicamento.  Por que não apresentar a opinião dos favoráveis?  E olha que são muitos.  Como podem chamar isso de ""jornalismo profissional""?",O JORNALISMO DE NECROTÉRIO DA GLOBOLIXO ESCANCARADO?  NÃO SE INTERESSAM PELOS QUE FORAM SALVOS  PELA CLOROQUINA NO MUNDO INTEIRO   SÓ PELOS MORTOS   #BrasilComBolsonaro,2,0.1381750106811523,0.8618249893188477,,Alta
"Riscos: Broncoespasmo em indivíduos sensíveis; anafilaxia, reações de hipersensibilidade cutânea, incluindo erupções na pele, angioedema, síndrome de Stevens Johnson e necrólise epidermal tóxica; disfunção hepática; trombocitopenia. - Bula do Parecetamol, vulgo Tylenol",Ei  aproveita que vc leu a bula da cloroquina....aproveita p ler a do Tylenol....de o AAS tbm pfvr,2,0.1013053730130195,0.898694634437561,,Alta
"Hidroxicloroquina + Azitromicina é o coquetel que salva vidas. Só não interessa pra indústria farmacêutica - é barato demais, pra médicos atrelados a laboratórios e pra governadores que não poderão superfaturar contratos sem licitação.  #BolsonaroTemRazao","cloroquina salva vidas pelo mundo  #EuApoioBolsonaro 19,1 Mil tweets   Você é FIEL Seguidor?  Nenhum Seguidor Ficou Pra Trás Estou Seguindo 175 Que Ainda Não Retribuíram o Like   Um Site Brasileiro, APOIEM",2,0.1687551587820053,0.8312448263168335,,Alta
"“Ainda bem que a natureza criou esse monstro chamado coronavírus para que as pessoas percebam que apenas o Estado é capaz de dar a solução”. Lula, hoje. “Quem é de direita toma cloroquina, quem é de esquerda, tubaína”. Bolsonaro, hoje também.  Meu ouvido não é penico, senhores.",Por favor... o meu ouvido tbm não!,2,0.1534418165683746,0.8465582132339478,,Alta
Christopher publicou e logo depois apagou uma storie que diz que a OMS não recomenda o uso da cloroquina para o tratamento da Covid 19 mas que o Brasil vai permitir com autorização do paciente ou familiares.,"Sério que o Christopher precisou apelar pra uma atitude completamente perversa que o b*lsonaro cometeu, pra argumentar que a pandemia é uma mentira? Sinceramente que decepção",2,0.139822170138359,0.8601778149604797,,Alta
"- Ainda não existe comprovação científica, mas sendo monitorada e usada no Brasil e no mundo. Contudo, estamos em Guerra: “Pior do que ser derrotado é a vergonha de não ter lutado.”  - Deus abençoe o nosso Brasil.",AAAAAAAAAAAAAAAAAAAAAAAAAAAAAAAAAAAAAAAAAAAAAAAAAAAAAAAAAAAAAAAAAAAAAAA  NÃO TEM GUERRA PORRA NENHUMA MERMAO  NO CASO “SER DERROTADO” É BRINCAR COM A VIDA DE MILHARES SEU FILHO DA PUTA mano eu odeio ele com TODAS as minhas forças  cansei,2,0.1331115812063217,0.8668884038925171,,Alta
"""Clamor da sociedade"". Essa foi a justificativa apontada por funcionária do Ministério da Saúde para o novo protocolo que amplia o uso da cloroquina no combate à #COVID19.  Apesar do ""clamor da sociedade"", não há evidência científica da eficácia da droga.",A sociedade tá clamando para se foder mais ainda kkkk só pode,2,0.1069453954696655,0.8930545449256897,,Alta
"Li o protocolo que o Ministério da Saúde divulgou sobre o uso de hidroxicloroquina e cloroquina no SUS. Tá muito claro que não há nenhuma comprovação científica de eficácia e, óbvio, o uso tem que ter consentimento prévio do paciente. A responsabilidade é sua. (+)",Tá aí o que o presidente pensa  Tiririca para Ministro da Saúde já!,0,0.1050240248441696,0.8949759602546692,,Alta
Bolsonaro admite que a ciência está correta e ele está errado.,tbm vai admitir que errou e passou a mão no dinheiro?,2,0.1366657763719558,0.8633342385292053,,Alta
"Apresentei um projeto de decreto legislativo p/ sustar o novo protocolo do  que recomenda uso precoce da cloroquina em pacientes com #Covid19, enqto não houver estudos científicos que comprovem sua eficácia. O presidente não deveria fazer uso político de algo tão sério.","O senhor tem é que criar vergonha na sua cara e ajudar a procurar um tratamento similar então. Já vi que não é digno do cargo que lhe foi confiado, pois, não representa o povo paulista . Em 2022 ... #ForaPSDB",2,0.1234888955950737,0.8765110969543457,,Alta
"Oi Presidente, ouvi falar que a Cloroquina não tem comprovação científica mas pode me fazer voltar a andar, é verdade isso?",Cloroquina faz mal se você fizer como os médicos do Amazonas que deram overdose nos pacientes...,0,0.1249881088733673,0.8750119209289551,,Alta
"Basicamente, sobre a cloroquina, o Ministério da Saúde afirma:   - Não há garantia de que produza resultados positivos;  - Seu uso pode causar vários efeitos colaterais, podendo levar ""até ao óbito"";  - O médico a prescreve se quiser, e o paciente a aceita por sua conta e risco.",Diz mais: que pode levar “até ao óbito” (sic).,2,0.1322060078382492,0.8677939772605896,,Alta
os satanistas querem a vacina diabolica por isso sao contra a cloroquina OMS trabalha pra destruiçao do ser humano junto com a ONU pra reduzir a populaçao o que eles querem no fim de tudo é marcar o gado com a vacina da besta 666 do bill gates,"Satanista é quem quer desovar todo o estoque de cloroquina que fez aos borbotões, mesmo sabendo que não funciona, apenas para não perder dinheiro. Vá se converter.",1,0.1320120394229889,0.8679879307746887,,Alta
"Gente está chata essa resistência à cloroquina no combate ao Covid. Toma quem quiser, oras! Até porque não tem outro remédio. Esse assunto deveria ficar restrito aos médicos e pacientes! #prontofalei",meu pai falando de cloroquina com minha dentista ah puta q pariu,0,0.1967920511960983,0.8032079339027405,,Alta
"Hoje  tomou uma atitude corajosa, que salvará milhares de vidas: liberou o uso da cloroquina pra todos os casos de COVID-19 no SUS, mesmo os leves  Basta o paciente autorizar o uso do medicamento, que tem se mostrado muito eficaz em diversas partes do mundo",QUAIS PARTES DO MUNDO DESGRAÇA INFERNOOOOO VAI TOMAR NO CU POHAAAA    Teste feito em 30 pessoas com covid-19 mostrou que não houve alteração nenhuma no número de casos recuperados.   Teste feito em 36 pessoas com idades variadas = não,2,0.1237952932715416,0.8762047290802002,,Alta
"O Ministério da Saúde liberou o protocolo para o uso da Cloroquina em casos leves de Covid-19.  Caso estivesse infectado, você faria o usa do remédio?  Siga-nos e compartilhe sua opinião!",Faça sua opinião valer a pena!,2,0.1011561602354049,0.8988438844680786,,Alta
"O ódio dele não é com a Cloroquina, é com o presidente! Não importa se a Cloroquina vai evitar pessoas de irem parar na UTI, o q importa pra eles é q o remédio é do ""Bolsonaro"" e por isso não serve. Matará o povo!","A cloroquina agrava mais ainda o problema do que cura, isso é com base científica, e não pq o presidente fala que cura.",1,0.1156084537506103,0.8843916058540344,,Alta
"O novo protocolo sobre o uso da cloroquina editado por Jair Bolsonaro é incrível.  Primeiro porque ele não é assinado por ninguém, nem ministro, nem médico, ninguém.  Depois, porque o paciente tem de assinar termo onde consente que ""não existe garantia de resultados positivos"".","Olha meu querido, toma este remedinho aqui. Não tem garantia de que vai te curar e ainda pode te dar uns problemas no coração. Mas de boa, pode tomar. Foi o Presidente que mandou.",2,0.133695900440216,0.8663040995597839,,Alta
É extremamente irônico e contraditório ver psolistas falarem que a cloroquina faz mal à saúde (apesar de milhares de pessoas terem se recuperado após usar o medicamento) enquanto eles defendem a legalização de TODAS AS DROGAS.  Querem legalizar o crack e proibir a cloroquina!,1- O PSOL não quer proibir Cloroquina. 2- Vc misturou duas coisas distintas: Legislação e tratamento de doença. 3- Não há evidências de uma pessoa sequer que tenha sido curada com Cloroquina. Mas várias tiveram o quadro piorado. A Suécia baniu o uso. 4- Como vai a guerrilha?,1,0.142488032579422,0.8575119376182556,,Alta
"- Ainda não existe comprovação científica, mas sendo monitorada e usada no Brasil e no mundo. Contudo, estamos em Guerra: “Pior do que ser derrotado é a vergonha de não ter lutado.”  - Deus abençoe o nosso Brasil.","VAI TOMAR NO MEU DO SEU SEU ARROMBADO DE MERDA, AGORA TU VAI ENFIAR CLOROQUINA NO SEU RABO SEU DESGRAÇADO",2,0.1591473668813705,0.8408526182174683,,Alta
"A respeito da cloroquina, o povo quer tomar, deixa tomar, cada um tem o direito de escolher o tratamento que quer receber, ain mais é perigoso e tem efeitos colaterais! Da pra cada um assinar um termo de responsabilidade e foda-se.","eae Carlos, ja tomou sua cloroquina hj?",0,0.1192814633250236,0.8807185292243958,,Alta
Quando a gente pensa que já viu de tudo.... Médicos esquerdistas estão se negando a dar receita da cloroquina. E o juramento que eles fazem pra salvar vidas?  Inacreditável.,"O médico que fizer isto comigo ou com alguém da minha família, com certeza terá um funeral antes do meu...",2,0.1541121751070022,0.8458878397941589,,Alta
"Apresentei um projeto de decreto legislativo p/ sustar o novo protocolo do  que recomenda uso precoce da cloroquina em pacientes com #Covid19, enqto não houver estudos científicos que comprovem sua eficácia. O presidente não deveria fazer uso político de algo tão sério.","Vai_te fuder, pega o vírus e não toma a cloroquina aí vc tem moral para falar ok. Pimenta no cu do outro é refresco. Prefiro ter uma chance em 100, do que ter 0 em 10 otario.",1,0.1670957952737808,0.8329042196273804,,Alta
"Menos ciência, mais cloroquina Menos planejamento, mais improviso Menos experts, mais generais Menos luto, mais humor  Menos coerência, mais centrão Menos Brasil, mais Brasília   #SOSBrasil",Chega! #impeachmentJa  #ForaBolsonaro,2,0.9174067974090576,0.0825932323932647,,Random
Ainda tem gente que acredita que existe chance de vitória ao processar alguém....,Fala pra ele tomar dipirona!!! Não é pra tomar cloroquina!!,1,0.9611806273460388,0.0388193950057029,,Random
"'Não há evidências para recomendar cloroquina e hidroxicloroquina contra a Covid-19', diz diretor da Opas","Quero ver quem está a beira da morte s não vai tomar cloroquina pq não tem estudo que comprove , apenas uma galera que se curou porém não é eficaz ! Bando de Hipócratas.",1,0.9588044285774232,0.0411954894661903,,Random
"""Quem for de direita toma cloroquina,qm for de esquerda toma tubaina""  Era pra rir,mas a vontade foi de chorar",Ih na Hora do Aperto da esquerdalha.   é Cloroquina que eles vão tomar.  marchinha do carnaval dos sobreviventes.,0,0.9577528834342957,0.0422471240162849,,Random
Qual é a cloroquina da sua profissão?,cloroquina nao eh aquilo que bota na agua da piscina ?,2,0.8468505144119263,0.1531494855880737,,Random
"Ou,o Povo Fica em Casa e Morre,ou Sai as Ruas e Luta,porque se depender d Governadores Prefeitos,STF,Deputados Senadores,Todos Morreram,as Polícia d Estados já Prende quem sai as Ruas,Industria Comércio estão Falindo,e o Desemprego só Aumenta,o STF quer Proibir o uso d Cloroquina","Domingo 24/05 carreata em São Paulo, Ibirapueta e Av. Paulista.",2,0.9713894128799438,0.0286106318235397,,Random
Conselho estabelece critérios para uso de #cloroquina e #hidroxicloroquina no tratamento de pacientes. Saiba mais:,O CFM liberou faz 1 mês.  Vc toma se quiser.,2,0.8190845251083374,0.1809154748916626,,Random
Escândalo  Denunciar #BolsonaroGenocida ao          Mais uma fraude do desgoverno    +,"Nunca confie na capacidade de um médico se ele indicar cloroquina. É um remédio comprovadamente ineficaz contra covid 19 e ainda traz riscos, um médico competente n indica cloroquina. Existe outros remédios e tratamentos com estudos q mostram efetividade, diferente da cloroquina.",0,0.9685823321342468,0.0314176715910434,,Random
"Bolsonaro queria mudar a bula do remédio, não deixaram. O tal protocolo é ctrl C + ctrl V do parecer do CFM. Uso off label é com os médicos. O resto é narrativa.","Usam ratos para testar medicamentos, então podem usar  para testar a Cloroquina.",1,0.1154567897319793,0.884543240070343,,Random
"Para a direita, cloroquina. Para a esquerda, tubaina, para o centrão, propina. No avião do presidente? Cocaína",Haushahshashha,2,0.9793505072593688,0.0206495579332113,,Random
"Tentei assistir uma parte do jornal da band, estava falando do protocolo sobre a cloroquina, daquele jeito; dois doutores dizendo que o medicamento não é eficaz e a parte do presidente rimando com tubaína... desliguei.","Antipulgas me pareceu bem apropriado. Mata parasitas, né? *** Bolsonaristas criam 'corrente do bem' e se medicam com cloroquina, azitromicina e antipulgas",0,0.9798546433448792,0.0201453901827335,,Random
"Bolsonaristas criam 'corrente do bem' e se medicam com cloroquina, azitromicina e antipulgas",O bom é que eles mesmos se matam,2,0.9897539615631104,0.0102461026981472,,Random
"Como Bolsonaro acredita (ou finge acreditar muito) que a Cloroquina é a cura milagrosa para o coronavirus, ele pede pra esquerda tomar ""Tubaína"" se ficar doente.  A ""Tubaína"" aqui seria simplesmente dizer que a esquerda deveria abrir mão da cura (e morrer).","Afinal refrigerante é algo sem efeito algum para a doença (diferente da Cloroquina, na cabeça dele).  - Não faz muito sentido para quem acredita em ciência, na real. Mas foi o que entendi. Além disso, como já foi dito aqui, as palavras rimam e tem quem ache isso engraçado.",1,0.2989085912704468,0.7010913491249084,,Random
por que a PORRA da cloroquina é altamente noticiada de ser liberada se essa merda não significa nada,AO VIVO! Ministério da Saúde orienta sobre uso da Cloroquina e confronta...  via,0,0.9558982849121094,0.0441016554832458,,Random
A narrativa que a imprensa brasileira está fazendo para desconstruir a cloroquina e a hidroxicloroquina como opção terapêutica na #COVID19 é criminosa.Estão usando a medicação como arma política contra o  algum jornalista for contaminado então não vai usar?,"Que os Bolsominions sirvam de cobaias para a cloroquina. Qualquer que seja o resultado, o mundo sai ganhando.",0,0.9781092405319214,0.0218907799571752,,Random
É extremamente irônico e contraditório ver psolistas falarem que a cloroquina faz mal à saúde (apesar de milhares de pessoas terem se recuperado após usar o medicamento) enquanto eles defendem a legalização de TODAS AS DROGAS.  Querem legalizar o crack e proibir a cloroquina!,"Virou credo da ideologia dos esquerdopatas e golpistas o combate a esse medicamento. Ph0d@-$€ a saúde do povo, o que importa é desgastar e derrubar o Governo Bolsonaro. Pobre Brasil.",2,0.0942422151565551,0.9057577848434448,,Random
Qual é a cloroquina da sua profissão?,o monopólio materialista histórico do estudo da literatura brasileira,2,0.9512349367141724,0.0487650595605373,,Random
"sr ministro, salve a população pobre da paraiba. No sus aos doentes nao estao receitado a cloroquina nem azitromicina. Nas farmacias não existe tais remedios. Pedimos que os quarteis do grupamento de engenharia ou 15 RI ou do RecMec na cidade possa disponibilizar-los",O milico Paudesebo já nomeou outros 20 milicos no Ministério Militar da Cloroquina!!! Foi efetivado!!!!,0,0.987872838973999,0.0121271833777427,,Random
"OMS afirma: ""nesse momento a cloroquina e a hidroxicloroquina não foram identificadas como eficazes para o tratamento da covid-19"".   Uol transforma em: “OMS afirma ineficácia da cloroquina”.   Uol confunde ausência de evidência com evidência de ausência. Flagrante desinformação.","Não, isso não parece confusão mas má intenção deliberada.",2,0.6616361141204834,0.3383638560771942,,Random
Acabou de chegar no disket do,Pessoal da Esquerda.. não precisa tomar!! é o Bolsonaro que lutar pela Cloroquina!!,2,0.9583472609519958,0.041652750223875,,Random
Qual é a cloroquina da sua profissão?,Filme brasileiro só tem putatia,2,0.9706558585166932,0.0293440744280815,,Random
PRONTO FECHADO  CLOROQUINA É O REMÉDIO  RETWEETEM  SIGA-NOS SIGO DE VOLTA NA HORA,TOMA QUEM QUISER.,2,0.9359405040740968,0.0640595480799675,,Random
"Mandetta acaba de falar na GloboNews que Bolsonaro queria alterar a bula da cloroquina, citando que o medicamento poderia ser usado na cura do Covid19. A cada dia que passa surgem novidades macabras deste genocida",Eu nao acredito que só vi agora... A GENTE TEM QUE TIRAR ESSE MONSTRO DO NOSSO PAIS!!!!!,2,0.9892094731330872,0.0107904952019453,,Random
"Quem é de direita toma cloroquina, de esquerda tubaína.... isentão vaselina.","A esquerda só defenderia a cloroquina, se fosse supositório",1,0.9230364561080932,0.0769635513424873,,Random
Cloroquina: conheça o novo protocolo para tratamento da covid-19,Bolsonaristas se medicam com cloroquina e antipulgas.  Quando a piada já vem pronta.,0,0.9623761177062988,0.0376239158213138,,Random
...,cara esse garoto nem sabe o que é cloroquina,2,0.5774714946746826,0.4225285053253174,,Incerta
Então por que muitos profissionais da saúde tomam hidroxicloroquina e cloroquina pra se protegerem ou vcs acham que somos idiotas e não sabemos a verdade como os jornalistas q fazem o serviço sujo pra vcs dessa midia podre e ficam iguais papagaios repetindo mentiras?,"Não só profissionais saúde, tenho certeza de que muitos do jornalismo e da comunicação tomam cloroquina pra se protegerem e depois vão em rede nacional descer o sarrafo no PR Bolsonaro. Fazem o mesmo com as drogas ilícitas. Não subestimem a inteligência do povo cambada!!",1,0.4076244533061981,0.5923755168914795,,Incerta
"FOLHA E GLOBO IMPRENSA MARROM, PROTOCOLO QUE LIBERA O USO DA CLOROQUINA ...  via    #bolsonaro2022",Temos no SUS médicos que sao capacitados para indicar o uso ou nao da cloroquina. Dr Tiago quer dizer que eles nao tem capacidade? #grandedebate,0,0.4900730550289154,0.509926974773407,,Incerta
"Bolsonaro quer aplicar Cloroquina a qualquer custo. Porém, o paciente precisará assinar um termo de ciência que NÃO existem dados sobre a eficiência para Covid-19 e que está ciente que pode sofrer uma parada cardíaca. Você vira cobaia do Presidente e o isenta de responsabilidade.","É meus amigos, só espero que as mortes dessa brincadeira com vidas tb seja contabilizada, para quenos cegos acordem e levem a ciência a sério.",2,0.5253925919532776,0.4746074378490448,,Incerta
"- Dias difíceis. Lamentamos os que nos deixaram. - Hoje teremos novo protocolo sobre a Cloroquina pelo  .  - Uma esperança, como relatado por muitos que a usaram. - Que Deus abençoe o nosso Brasil.",AMÉM,2,0.4514016807079315,0.5485984086990356,,Incerta
"Porque o jornal fala tanta bosta a respeito de cloroquina, se eu fiquei internada e tava tomando isso e tô aqui CURADA, de boas em casa terminando o tratamento pulmonar??? Não fode porra",se fosse assim td mundo já estaria curado e as grandes potências usariam cloroquina em peso,1,0.4597718119621277,0.5402281880378723,,Incerta
"“Clamor social” motivou orientação sobre uso de cloroquina, diz Ministério da Saúde","Clamor??? De quem?? Só do Bolsonaro, correto?????",2,0.5662113428115845,0.4337886571884155,,Incerta
"Alguém pode me explicar uma coisa: a Esquerda quer estudos científicos do uso da Cloroquina, mas cadê o estudo científico da eficácia do Isolamento Social, que eles tanto defendem??  #Hipocrisia #FechadoComBolsolnaro","Ao Brasileiro cloroquina, pro lulaladrão tubaína     #BrasilComBolsonaro",0,0.5108755826950073,0.489124447107315,,Incerta
Olhem só o que esse burocrata pretende fazer.,"E um careca bandido, as pessoas do SUS também podem fazer suas escolhas, lixo humano, quem tem dinheiro pode procurar um médico de valor e tomar a cloroquina, safado, assassino",1,0.5195493102073669,0.4804506599903106,,Incerta
Pra vcs quem é mais fascista?  (A) Moro e sua Excludente de Ilicitude (que mesmo não aprovada está a pleno vapor nas favelas do RJ e de SP) que só mata negro e pobre  (B) Bolsonaro empurrando goela abaixo a cloroquina e eximindo o Estado da responsabilidade de suas consequências.,"Estão postando ai quem for de direita toma cloroquina, quem for de esquerda toma no .   Amados não conheço ninguém que tenha morrido porque tomou no .",0,0.5685049891471863,0.4314950406551361,,Incerta
"Vi no Jornal da Globo uma descrição dos efeitos colaterais da Cloroquina e da Hidroxocloroquina.  A partira daí,  parece que é melhor dar um tiro na própria cabeça do que usar esses medicamentos. Não sei como o pessoal que usou para combater a malária sobreviveu.","#GloboLixo presta um desserviço ao povo mais humilde porque quem procura a rede privada fica bom em casa tomando a Hidroxicloroquina. Os mais pobres estão com dificuldade de encontrar o remédio porque alguns governadores escondem CRIMINOSAMENTE. Outubro de 2022, game over!",2,0.5588573217391968,0.4411427080631256,,Incerta
Agora cada médico receita a cloroquina quando bem entender. Pau no cu do Doriana.,É agora temos escolhas não é esse bosta q vai escolher .,2,0.5958985686302185,0.4041014015674591,,Incerta
Um total de 1.300 soldados tomam cloroquina todos os dias. Nenhum deles teve problema algum.,"Quem foi a missões no Haiti tomava Mefloquina e não morreu por isso; na Amazônia o Ministério da Saúde através das FA distribui a décadas a cloroquina em comunidades ribeirinhas e não vi registros de morte por isso, além de que os militares também tomam, mas agora virou veneno!?",1,0.4534412026405334,0.5465587973594666,,Incerta
"Nasa identifica evidências de possível universo paralelo, onde o tempo retrocede em vez de avançar. O estranho fenômeno captado pela antena especial Anita, instalada na Antártica, poderia ter explicação no Big Bang.","ETs, universo paralelo... NASA aproveitando o momento para revelar tudo o que tava guardado. hehe  Até dezembro descobriremos que somos escravos de alguma inteligência artificial e que a cloroquina vai transformar todo mundo em zumbi",2,0.5181096196174622,0.4818903505802154,,Incerta
"O Brasil ganhou mais uma esperança no tratamento do #coronavírus. O  adotou um novo protocolo para receita da cloroquina/hidroxicloroquina. O medicamento, que já é adotado em diversas partes do mundo, é considerado o mais promissor no combate à Covid-19. Entenda:",Será que a  será o primeiro portal do governo a ser derrubado por espalhar #FakeNews ?,2,0.459123283624649,0.5408766865730286,,Incerta
a criança chata do cuscuz com ovo é bolsominian ainda,Mano o mlk deve saber nem quem é bolsonaro ou o que cloroquina deixa o mlk carai,2,0.4824050366878509,0.5175949335098267,,Incerta
Uma pesso em uma cadeira ou um leito de hospital entre a vida e a morte não tem condições de assumir e assinar um TERMO DE RESPONSABILIDADE para o uso de Cloroquina ou outro medicamento. A que ponto de DESCASO COM A SAÚDE PUBLICA NÓS CHEGAMOS. #ForaBolsonaro,sai fora capitão cloroquina,0,0.4322322905063629,0.5677677392959595,,Incerta
"Ah, então, segundo o grupo Globo, o motivo pra não se usar a cloroquina é porque ela “tem riscos!”  Façam o favor, pessoas estão morrendo!  Vocês já leram a bula da aspirina?",Engraçado q as pessoas usam cloroquina faz tempo e ngm nunca se preocupou.Gente hipócrita.Ngm deixa de fazer quimio ou usar AZT por causa dos efeitos colaterais. #BolsonaroAte2026,1,0.5742529034614563,0.4257470667362213,,Incerta
"- Ainda não existe comprovação científica, mas sendo monitorada e usada no Brasil e no mundo. Contudo, estamos em Guerra: “Pior do que ser derrotado é a vergonha de não ter lutado.”  - Deus abençoe o nosso Brasil.",assassino,2,0.547032356262207,0.4529675841331482,,Incerta
"O governo do Presidente   já distribuiu comprimidos de cloroquina a praticamente todos os Estados, sendo que 10 deles receberam acima de 50 mil comprimidos.   O Brasil já distribuiu um total de 2.932.000 comprimidos, desde q o remédio começou a ser utilizado!",Vamo enfiar toda essa cloroquina no seu cu sua corrupta desgraçada!!!,1,0.5224847793579102,0.4775151908397674,,Incerta
"Apresentei um projeto de decreto legislativo p/ sustar o novo protocolo do  que recomenda uso precoce da cloroquina em pacientes com #Covid19, enqto não houver estudos científicos que comprovem sua eficácia. O presidente não deveria fazer uso político de algo tão sério.","Isso é açacinato, cimples assim!",2,0.5905237793922424,0.4094762504100799,,Incerta
"Apresentei um projeto de decreto legislativo p/ sustar o novo protocolo do  que recomenda uso precoce da cloroquina em pacientes com #Covid19, enqto não houver estudos científicos que comprovem sua eficácia. O presidente não deveria fazer uso político de algo tão sério.","Velho intrometido corrupto,, vaza do Brasil , seu corrupto.",2,0.5064979195594788,0.4935021102428436,,Incerta
"#Debate360,  vocês estão de sacanagem colocar Ricardo Barros (Engenheiro Civil) para falar de uso profilático de cloroquina. É um absurdo, como ele pode falar do que não tem conhecimento.","A OMS diz não ao uso da cloroquina e o Brasil, mesmo assim, libera o uso. É mt burrice msm, cr.",0,0.5745763778686523,0.4254235923290252,,Incerta
AH NAO KKKKKKKKKKKKKKKKKKKKKKKKKKKKKKKKKKKKKKKKKKKKKKKKKKKKKKKKKKKKKKKKKKKKKKKKKKKKKKKKKKKKKKKKKKKKKKKKKKKKKKKKKKKKKKKK DE VEZ EM QUANDO EU AMO SER BRASILEIRA,MARIA CLOROQUINA JSKKSKSKSKAKALLALA,2,0.4944268763065338,0.5055730938911438,,Incerta
"“Redução dos glóbulos brancos, disfunção do fígado, disfunção cardíaca e arritmias”",Tomei dezenas de cloroquina quando eu servi em Tabatinga AM por cinco anos para o enfrentamento à malária,1,0.5544501543045044,0.445549875497818,,Incerta
Militar nomeado no SUS publicou fake news sobre cloroquina e ofendeu OMS,Cite um bolsominion que não pública fake news.,2,0.5344951152801514,0.4655048847198486,,Incerta
"Apresentei um projeto de decreto legislativo p/ sustar o novo protocolo do  que recomenda uso precoce da cloroquina em pacientes com #Covid19, enqto não houver estudos científicos que comprovem sua eficácia. O presidente não deveria fazer uso político de algo tão sério.","Tu és um insano de um merda corrupto, VTNC",2,0.4307078421115875,0.5692921280860901,,Incerta
"Gostaria que fosse perguntado aos debatedores porque todos os medicamentos tem contra indicações, porque a cloroquina animou-se ter ? #Debate360","esse jumento me libera a porra dessa cloroquina p vir dizer q n existe comprovação. o seu filho da puta desnorteado do caralho, tODO MUNDO TE DISSEEEEEEEEEE, AS NOTICIAS TÃO NA TUA CARA e vc como presidente era p se manter no minimo informado sobre oq qr liberar IDIOTAAAAAA",0,0.430140346288681,0.5698596239089966,,Incerta
"Caso você contraísse a covid-19, aceitaria tomar cloroquina mesmo ciente dos efeitos colaterais, como arritmia cardíaca?","Que tal, e estou apenas fazendo uma sugestão, deixar a escolha do tratamento PARA A PORRA DOS MÉDICOS AO INVÉS DE GENTE QUE SE INFORMA VIA ZAPZAP????",2,0.5596495270729065,0.4403504729270935,,Incerta
"- Ainda não existe comprovação científica, mas sendo monitorada e usada no Brasil e no mundo. Contudo, estamos em Guerra: “Pior do que ser derrotado é a vergonha de não ter lutado.”  - Deus abençoe o nosso Brasil.",Como começar sua redação do enem:,2,0.4682818949222564,0.5317180752754211,,Incerta
"Se o STF barrar o protocolo da cloroquina, a prerrogativa da receita continua sendo do médico.  Caso você ou alguém da sua família forem infectados e você não é uma besta comandada pela extrema imprensa, peça que receitem.",Que absurdo agora querem tirar  do paciente o direito de escolher o tratamento !!!,2,0.5642683506011963,0.4357316493988037,,Incerta
"E deixaram de produzir remédios distribuídos pelo SUS para priorizar a fabricação da cloroquina. Mas nem digo que é medo, alguém está ganhando muito dinheiro com a cloroquina.",O buraco sempre pode ser mais fundo...,1,0.5899943709373474,0.4100057184696197,,Incerta
"Ei você bolsominion! Sim, você mesmo! ""Se"" as vacinas chegarem ao Brasil, não tomem. As vacinas te tornam comunista apoiador da ciência, continuem na cloroquina.","A cloroquina é fruto de um dos primeiros atos de biopirataria contra indígenas amazônicos. Esses povos que descobriram propriedades da quina, uma árvore do bioma  Jesuítas levaram a casca da árvore para a Europa e, em 1934, a Bayer sintetizou a droga",0,0.5269885063171387,0.4730115234851837,,Incerta
"Entidades médicas já se posicionaram contra a medida e a OMS, quando questionada sobre a decisão do governo brasileiro, reafirmou que além de não ter eficácia comprovada, a cloroquina pode causar efeitos colaterais graves.",E eu tomo PURAN T4 25mg a contra gosto há anos por conta do TRIGO BR/ARG tóxico transgênico OGM q causa disfunções endócrinas dá trombose e aí? Lobby médico fármaco transgênico MALDITO ORDINÁRIO E CORRUPTOS #MERCENÁRIOS.,2,0.5454823970794678,0.4545176029205322,,Incerta
"Vc está contra a cloroquina? Simples a direita toma cloroquina,e vcs do mi mi mi  blá blá blá chororó vcs esquerdista toma Tubaínas .","Sim, toma a sua cloroquina que NÃO TEM EFICIÊNCIA COMPROVADA, vou beber uma Tubaína geladinha",1,0.4687150716781616,0.5312848687171936,,Incerta
"E 2020 ataca novamente! Cientistas da NASA descobriram evidências de que existe um universo paralelo ao nosso. Em pesquisas realizadas na Antártica, os pesquisadores encontraram partículas que provam que o BIG BANG teria originado dois universos distintos entre si.","gente de direita toma cloroquina, de esquerda vai povoar outro universo",2,0.4910356104373932,0.5089643597602844,,Incerta
"Bolsonaro: ""Direita toma cloroquina e esquerda toma Tubaína""  Lula: ""Ainda bem que a natureza criou o monstro chamado coronavírus""  As frases e a realidade do País comprovam que devemos escolher lideranças éticas, equilibradas e competentes. Chega da busca de salvadores da pátria",Vc não está pensando que esse equilíbrio eh vc neh ??? Se sim...Acordddaaa...rsrsrs,2,0.4647107720375061,0.5352891683578491,,Incerta
"Hoje  tomou uma atitude corajosa, que salvará milhares de vidas: liberou o uso da cloroquina pra todos os casos de COVID-19 no SUS, mesmo os leves  Basta o paciente autorizar o uso do medicamento, que tem se mostrado muito eficaz em diversas partes do mundo","Pra que gastar tanto tempo estudando medicina?? Está aqui o grande oráculo conhecedor de toda cura, que nos liberta pra tomar a abençoada cloroquina. Quem sabe o João Bidu seja escolhido para o ministério da saúde.  #DerreteBolsonaro",2,0.4398552775382995,0.5601447224617004,,Incerta
"Eu não preciso fazer a minha pesquisa! Os cientistas sérios, que não tem rabo prezo por verba pública e buscar o bem da junina de já fizeram isso:",Jornalismo Governista é propaganda. A eficácia da cloroquina em lupus é muito diferente da eficácia em covid-19.,1,0.4262687861919403,0.5737312436103821,,Incerta
Tá fumando muita cloroquina ein doidão,ENQUANTO eu fumo cloroquina. Tu FINANCIA o TRÁFICO? Vai me dizer que quem consome não tem culpa dos estupros furtos arrastões bala perdida e MUITO ETC? HIPÓCRITA!  Muuu... Pelo menos tenho CARÁTER! 30 anos da ESQUERDA! Agora... Uma direita mais MENOS!  Faz CARNAVAL doidão!,1,0.5911598801612854,0.4088402092456817,,Incerta
"nossa n aguento mais esse povo retardado falando que cloroquina ajuda e sei lá o quê   vcs conhecem uma coisa chamada EFEITO COLATERAL?  cala a boca seus ignorante  eu qria ter mais calma, mas eh q esse assunto tá desde o início da pandemia dai já não da mais pra mim ser didático",bah já tá chato galeres,2,0.5173627138137817,0.4826372861862182,,Incerta
"Bolsonaro: ""Direita toma cloroquina e esquerda toma Tubaína""  Lula: ""Ainda bem que a natureza criou o monstro chamado coronavírus""  Será mesmo que existe um salvador da pátria?",o erro de todo mundo é achar q existe um herói salvador da patria,2,0.429278165102005,0.5707218050956726,,Incerta
"Se o mundo todo ta falando que essa porra não tem eficácia, pq diabos o biroliro quer tanto que essa porcaria seja usada?? Dificil compreender.","Moro nos EUA, vários médicos estão usando o protocolo com cloroquina. Meu tio com 70 anos mora em São Luis foi tratado e graças a Deus está bem. Então, não entendo.",1,0.5422108769416809,0.4577891528606415,,Incerta
Os fabricantes de refrigerantes brasileiros não gostaram da piada do presidente sobre cloroquina/tubaína.,Não querem tomar cloroquina e nem Tubaína vai tomar no cu então.,1,0.5971395373344421,0.4028604030609131,,Incerta
Qual é a cloroquina da sua profissão?,Pra que se o engenheiro pode fazer tudo ?,2,0.4415912926197052,0.5584086775779724,,Incerta
"Quando começar aplicar a Cloroquina ai sim vai ser um ""Deus nos acuda""  Placar: Pacientes curados 10.000.  Placar: Mortes causada pela Cloroquina 60 mil....",E não duvido que vão esconder as mortes e dar o crédito a cloroquina pelos que se recuperarem...,1,0.5175409317016602,0.482459008693695,,Incerta
"Cloroquina não tem eficácia comprovada e muitos países limitaram o uso, diz OMS.","Cloroquina não é coca-cola. Não é Toma Quem Quer. É uma decisão clínica do médico que atender, bando de gente burra do caralho. Lógico que a gente pode torcer para o médico preferir optar pela ciência e não a falta de bom senso de um paraquedista corrupto.",1,0.5584521293640137,0.4415479004383087,,Incerta
Eu estou desconfiado que Bolsonaro é sócio de alguma empresa fabricante de cloroquina?,"Trump é sócio da sanofi (a matriz da sanofi fica na frança, comprou a anos atrás a medley), então, bolsonaro é garoto propaganda de trump  Trump é sócio de empresa que produz cloroquina, diz NYT",2,0.4560306370258331,0.5439693331718445,,Incerta
Não há comprovação científica da eficácia da cloroquina.  Quem disse isso? Bolsonaro.  O mesmo Bolsonaro que só liberou novo protocolo sobre o uso em pacientes com quadro leves APÓS editar MP que o isenta de responsabilidade.  Isso é fazer cálculo político com VIDAS!,E pior... Por que cloroquina pra gripezinha... Nao entendo !,1,0.4583064615726471,0.5416935682296753,,Incerta
"OMS recomenda que cloroquina só seja usada em experimentos, sob supervisão","Não adianta a OMS dizer já que o presidente e boa parte dos brasileiros, querem tacar cloroquina em tudo.",2,0.5808936953544617,0.4191063344478607,,Incerta
“Bolsonaro propagandeou uma pílula do câncer (a bolso-fosfoetanolamina).A classe médica refutou sua curandeirice. Mas agora ele sacou outro remédio milagroso: a pílula da covid-19 (a bolso-cloroquina)? Alguns médicos ficam com medo de contrariá-lo. Porque agora ele é presidente.”,"Gente se o covid19 te pegou não aceita a cloroquina porque vc pode morrer mais rapido, vc viu o tramp anunciou essa droga e não funciomou lá porque morreu muita gente lá, se vc esta com febre com o sintoma do covid19, vc toma o suco de 3 limão 3 veses ao dia por 5 dias, é serio .",0,0.1987906694412231,0.8012093305587769,,Alta
Não há comprovação científica da eficácia da cloroquina.  Quem disse isso? Bolsonaro.  O mesmo Bolsonaro que só liberou novo protocolo sobre o uso em pacientes com quadro leves APÓS editar MP que o isenta de responsabilidade.  Isso é fazer cálculo político com VIDAS!,"Exatamente! Que esperar o pulmão necrosar ir para o respirador pegar uma infecção e morrer,  ou tentar a cloroquina que em alguns casos funcionou? O termo está lá, diga não e pronto, mas não tire o direito de quem quer dizer sim. Vai tomar tubaína!",1,0.1546427458524704,0.8453572988510132,,Alta
"Rapaz, se já não bastasse a propagação de obscurantismo nas redes bolsonaristas, agora temos um Hospital. Que tal? Façam chegar em alguém desse grupo. Já deu.","Ja é um local que nao irei. Hospital deve respeitar a medicina e nao opiniao. A medicina respeita a ciencia, que não funciona com opiniao. Receitar cloroquina é nao saber ou ignorar o processo que um medicamento leva até ser dado ao paciente.",1,0.1552872508764267,0.8447127342224121,,Alta
Estou completamente traumatizado depois desses dias sem conta e ter que ficar no Instagram enquanto isso. Sigo muitos médicos e fisioterapeutas. E lá tá uma desinformação absoluta. Médico figurão com milhões de seguidores e dono de curso dizendo que cloroquina mata Foi de chorar,"A medicina no Brasil se vocês ouvissem o que eu já ouvi de absurdos de quem conhece por dentro vocês teriam nojo e jamais respeitariam essa classe corporativista, péssimos profissionais e interesseiros.   Existem as muitas exceções sempre, mas a média nacional é vergonhosa!",2,0.1588163822889328,0.8411836624145508,,Alta
Agora cada médico receita a cloroquina quando bem entender. Pau no cu do Doriana.,", eu hein, fica falando essas coisas, ele vai pensar que vc quer negociar!",2,0.1149340495467186,0.8850659132003784,,Alta
"- Ainda não existe comprovação científica, mas sendo monitorada e usada no Brasil e no mundo. Contudo, estamos em Guerra: “Pior do que ser derrotado é a vergonha de não ter lutado.”  - Deus abençoe o nosso Brasil.",Ele faz uma citação de guerra e no final manda um Deus abençoe nosso Brasil!?,2,0.1714486479759216,0.8285514116287231,,Alta
"Ôôô, animais com registro na DRT! Leiam todo o conteúdo antes. Não será liberado à população, como disseram no Expresso CNN agora à pouco. Somente com acompanhamento médico. Provocam alvoroço e fazem com que achemos que estará à venda nas farmácias.",Vcs sabiam que o governo federal está distribuindo cloroquina (fármaco que NÃO TEM eficácia observada no tratamento da COVID-19) produzida pelo Laboratório Químico e Farmacêutico do Exército - que teve sua produção aumentada em 900% - utilizando dinheiro público (surprise...)?,0,0.1603550910949707,0.8396449685096741,,Alta
"""toma o que ceis quiserem, fica preso aí, espera um milagre ou a vacina"".","Homi. Se tu não quiser tomar cloroquina, não vem com conversa pra impedir os outros de tomarem não! Fica na tua aí quieto esperando a salvação",2,0.1946925222873687,0.8053075075149536,,Alta
"Marinho e seus especialistas. Cloroquina pode levar a óbito súbito? Quem tem malária, lúpus e artrite pode parar de tomar já, doutor? ""Toda a comunidade médica"". Fale por si. O Conselho Federal de Medicina confirmou o protocolo.  E aí, doutor especialista dos marinho?","São tão filhos da p**a q qdo vazou a receita confirmada do Dr Uip, não fizeram uma linha da matéria. Mas tem muita besta e mula pra acreditar nessa bosta de emissora ainda",2,0.1897142082452774,0.8102858066558838,,Alta
"- Ainda não existe comprovação científica, mas sendo monitorada e usada no Brasil e no mundo. Contudo, estamos em Guerra: “Pior do que ser derrotado é a vergonha de não ter lutado.”  - Deus abençoe o nosso Brasil.",se desgosto matasse eu tava morta todos os dias de uma maneira mais trágica pelo fato de termos um asno na presidência,2,0.1943110823631286,0.8056889176368713,,Alta
Esse caso da cloroquina é de longe o maior crime do Bolsonaro. O cara ta fazendo experimento científico com milhões de pessoas. Isso é nada menos que desumano.,"Experimento científico não, pq esses tem um código de ética, e nem de ciência o Bolsonaro gosta.",2,0.1135956719517707,0.8864043354988098,,Alta
"- Ainda não existe comprovação científica, mas sendo monitorada e usada no Brasil e no mundo. Contudo, estamos em Guerra: “Pior do que ser derrotado é a vergonha de não ter lutado.”  - Deus abençoe o nosso Brasil.",Investigação urgente para descobrir quem está lucrando com a produção de milhares de comprimidos de cloroquina pelo exército mesmo sem garantia que seriam usados.,1,0.1212551593780517,0.8787448406219482,,Alta
"Olha aí  , continue lutando pelo bem do povo em várias frentes, equilibrando saúde e economia, é o que precisamos que um presidente faça, tome decisões em tempo. Portugal, não teve efeitos colaterais . A esquerda e os opositores mentem .",Na reportagem não cita cloroquina para tratar COVID em Portugal.,1,0.1733859777450561,0.8266140222549438,,Alta
"Diante dos estudos liberados ultimamente, o  poderia revisar as suas recomendações iniciais, principalmente quanto aos cuidados no uso da cloroquina!","Diante de tanta incerteza, o  poderia considerar ético apenas o uso de cloroquina dentro de protocolo de pesquisa. Que o governo faça um grande e sério estudo.",1,0.1860414892435073,0.813958466053009,,Alta
"- Ainda não existe comprovação científica, mas sendo monitorada e usada no Brasil e no mundo. Contudo, estamos em Guerra: “Pior do que ser derrotado é a vergonha de não ter lutado.”  - Deus abençoe o nosso Brasil.","Só a primeira frase anulou toda a redação do ENEM, mana.",2,0.1343372464179992,0.8656627535820007,,Alta
Bolsonaro finalmente conseguiu forçar o Min. da Saúde a emitir protocolo que libera o uso em massa da cloroquina. Os pacientes terão que assinar um termo assumindo que o remédio não tem eficácia e que pode até matar. É um atentado contra a saúde pública e a vida dos brasileiros.,Queria a maconha ?  #EuApoioBolsonaro,2,0.138984203338623,0.861015796661377,,Alta
Já tomei hidróxido cloroquina por um ano pra tratamento de espondilite anquilosante. Sobrevivi meu camarada !!!! E sem efeitos colaterais !!! Viva a hidróxido de cloroquina. #EuApoioBolsonaro,"tô falando do seu tratamento não meu anjo, mas cloroquina nunca vai ser o medicamento capaz de combater o covid. e sei, que a cloroquina foi muito eficiente em outras doenças e outros vírus. mas pra o covid tá fora de questionamento.",1,0.1058733016252517,0.8941266536712646,,Alta
O médico que receita Cloroquina é o mesmo que prescreve/solicita: - antibiótico para tosse  - antibiótico para diarréia  - antibiótico para dor de garganta - RX ou Tomografia para dor nas costas - longas listas de exames de rotina Não seja esse médico. Esse é o mau médico.,"E tbm o que: - não tem conhecimento básico para poder avaliar a literatura médica atual e separar o joio do trigo. - está preso na década de 80, quando a medicina era baseada em experiência e não em ciência.",2,0.1086809411644935,0.8913190364837646,,Alta
"O mundo INTEIRO usando a cloroquina, mas justo aqui no Brasil o remédio causa arritmia cardíaca podendo levar a morte.  Engraçado que na época da Zika, estava autorizado usar né? Não causava arritmia cardíaca nas grávidas.  Hipócritas!!!!",ERA INDICADO E USADO POR GESTANTES!  QUE REMÉDIO TERRÍVEL QUE ATÉ GESTANTE PODE CONSUMIR???,2,0.1534814685583114,0.8465185165405273,,Alta
"Colocado lá pra substituir 2 médicos,1 general que não é médico,assessorado por 9 militares que não são médicos, liberou o uso irrestrito de cloroquina,sem base científica comprovada pra Covid-19 e zerar o estoque do Exército. Vidas em em risco e atestado de politicagem na Saúde.","E depois que o Presidente conseguiu o protocolo que queria, diz com a cara mais deslavada que uso de cloroquina ~não tem comprovação científica~.",1,0.1520345509052276,0.84796541929245,,Alta
"Uma coisa que é importante: a tentação é grande, mas não demonizem a cloroquina. Ela não é um placebo sem comprovação nenhuma que nem a fosfoetanolamina (que Bolsonaro também defendeu). A droga segue sendo importante para lúpus, malária, artrite reumatoide e outras doenças.","É isso. Minha esposa tem lúpus e toma todo dia e tem q fazer exames pra coração, fígado e rins. E pra olhos também pq pode cegar.",2,0.1361109465360641,0.8638890385627747,,Alta
"Ah, então, segundo o grupo Globo, o motivo pra não se usar a cloroquina é porque ela “tem riscos!”  Façam o favor, pessoas estão morrendo!  Vocês já leram a bula da aspirina?",Leram não.Analfabetos não sabem ler kkkk kkkk kkkk,2,0.1083049923181533,0.891694962978363,,Alta
"Vi no Jornal da Globo uma descrição dos efeitos colaterais da Cloroquina e da Hidroxocloroquina.  A partira daí,  parece que é melhor dar um tiro na própria cabeça do que usar esses medicamentos. Não sei como o pessoal que usou para combater a malária sobreviveu.",A cloroquina é uma medicação prescrita para malária e doenças autoimunes. Para o vírus da CLOVID-19 causa  efeitos negativos. Assim é com quase todos os medicamentos. Serve para uma doença específica e pra outra não. Tá difícil de entender?,1,0.1088112741708755,0.8911887407302856,,Alta
"Quem é a favor da vida, tem por obrigação boicotar esses locais.","Compartilho da mesma opinião, outros lugares como esse é o Madero, havan ...",2,0.139656975865364,0.8603430390357971,,Alta
"A verdade às vezes se esconde no óbvio. A eficácia da cloroquina contra o Covid19 pode ser contestada. Mas se a droga fosse tão maléfica à saúde quanto querem uns, ela não estaria sendo utilizada há décadas. Vamos ser razoáveis pessoal.","Vamos ser claros?  A Cloroquina NÃO demonstrou, em nenhum estudo sério, qualquer efeito benéfico para os pacientes na COVID-19!  É um medicamento sem utilidade e que CAUSA EFEITOS ADVERSOS GRAVES!  Os RISCOS são MAIORES que os BENEFÍCIOS!",1,0.1405330151319503,0.8594669699668884,,Alta
eu adoro que a criança cuscuz conseguiu enfiar cuscuz num video sobre cloroquina,"O Arthur Chioro falou um negócio importante agora na CNN sobre a cloroquina, que é mais uma forma de desmobilizar o isolamento pq produz a falsa ideia de que há um tratamento e uma suposta prevenção.",0,0.9703503847122192,0.0296496301889419,,Random
"""Nenhum estudo observacional publicado sugeriu claro benefício. Pelo contrário, vários indicaram potenciais malefícios"", dizem pesquisadores da Fiocruz, USP, UFRJ, UEA e Academia Nacional de Medicina sobre a cloroquina.",Pq a cloroquina serve no outros países e no Brasil não ? Lamentável que neste país o que tem credibilidade são os que não querem o melhor para a Nação.,1,0.8076576590538025,0.1923422962427139,,Random
"Remédios ainda sem eficácia contra o coronavírus comprovada são distribuídos entre apoiadores do presidente por “corrente do bem”; nesta terça-feira (19), deputado do PSL que fez uso da substância morreu",Pelo menos os minions vão se livrar das pulgas!,2,0.9684080481529236,0.0315919108688831,,Random
Qual é a cloroquina da sua profissão?,"“eu sei dos meus direitos, vi na internet”",2,0.9822829365730286,0.0177170522511005,,Random
"Qual é o verdadeiro interesse de Jair Bolsonaro já cloroquina, se o mesmo disse que não há comprovação de que ela funcione?",Hmmm cloroquina geladinha hmm,0,0.9869340658187866,0.0130659202113747,,Random
"vcs são tão lixo que só mostrou um infectologista contra a cloroquina,e cade o outro lado que apoia. Jornalismo verdadeiro passou longe de vcs. Não  passam de interesseiros,faça uma reportagem verdadeira",O deputado estadual bolsonarista Gil Vianna (PSL-RJ) morreu na noite desta terça-feira (19),0,0.971352517604828,0.0286475084722042,,Random
"Abrindo o debate aqui em casa sobre: se um de nós tiver morrendo entubado de corona, iria querer tomar cloroquina? Pq é o outro q vai ter q responder talvez. Menina ta td mundo mt pensativo kkkkk","Cloroquina continua sendo usada por médicos, que decidem quais pacientes devem receber o medicamento e quando devem receber. Nada mudou com o ""protocolo"" divulgado por Bolsonaro.  Politizar este assunto é um total…",0,0.9636245369911194,0.0363754108548164,,Random
Militar nomeado no SUS publicou fake news sobre cloroquina e ofendeu OMS,"Condição ""sine qua non"" pra fazer parte da equipe do , sob , é ser asno: endeusar a cloroquina, mesmo cientificamente descartada no tratamento da Covid-19, questionar - sem conhecimento técnico - a OMS e os governadores que seguem as recomendações dela.",1,0.9878318905830384,0.0121680898591876,,Random
Qual é a cloroquina da sua profissão?,o próprio advogado,2,0.986425280570984,0.0135747352614998,,Random
Situação difícil dos esquerdistas que tem q tomar Cloroquina escondido. kkkk #BrasilComBolsonaro,Ou tubaina e esperar resultado.....,2,0.976559281349182,0.0234407298266887,,Random
a criança chata do cuscuz com ovo é bolsominian ainda,alguem pede pra ele soletrar cloroquina,2,0.9750413298606871,0.0249587222933769,,Random
"A gente sabe que a consciência coletiva ta horrível quando a galera coloca "" não comprovado cientificamente"" como algo facilmente superável, ja passamos da época em que mercadoria era um fetiche, agora os produtos (cloroquina) estão se tornando obra das divindades.","ver burrice de Bolsominion ao vivo ASSUSTA, fui comprar cerveja, de mascara, uns caras riram da minha cara, daí comeram a conversar sobre remédio de pulga pra cachorro fazer efeito contra o corona, além da cloroquina, claro",0,0.4713115096092224,0.5286885499954224,,Random
Esse Ministério da Saúde é uma Palhaçada. Pazuello convidou Nelson Teich para ser o Conselheiro de assuntos estratégicos na área médica.,"Por quê raios não convidou à Dra. Nise Yamaguchi para o cargo, ? Porra, hein? Qual a próxima: recusar o uso da cloroquina e buscar tratamentos alternativos e menos polêmicos? Que cagada... #EuApoioBolsonaro",2,0.5860946774482727,0.4139052927494049,,Random
a criança chata do cuscuz com ovo é bolsominian ainda,parei de ver na primeira vez que falou cloroquina,2,0.9443572163581848,0.0556428134441375,,Random
"Deputado bolsonarista morto foi tratado com cloroquina, diz colunista.",sua cloroquina e contando,1,0.9932978749275208,0.0067021264694631,,Random
"Correspondente da , Luís Fernando Silva Pinto, disse que Trump pode ter tomado cloroquina sem saber que o remédio pode causar alucinações e sensação de estar sendo observado.   IMAGINA O BOLSONARO TOMANDO ISSO SEM UMA AVALIAÇÃO PSIQUIÁTRICA PRELIMINAR?  Sei não, hein.","Se fizerem uma avaliação psiquiátrica preliminar, tiram até a CNH dele e não é bem cloroquina que vão receitar...",1,0.3052936196327209,0.694706380367279,,Random
Está circulando um fakenews  feito pela  que estamos substituindo a cloroquina por paracetamol o que não é verdade. Já fizemos BO na Polícia Civil e para a PGM.,Não temos 1 minuto de paz nessa cidade,2,0.9903533458709716,0.0096466410905122,,Random
"""A indignação retórica se transformou numa espécie de cloroquina política. Não vai conter o avanço da pandemia autoritária.""","Se o STF barrar o protocolo da cloroquina instituído ontem, veremos mais uma vez a ideologia política se sobrepondo à vida das pessoas. Isso não é de Deus!",0,0.9895126223564148,0.0104874093085527,,Random
"Bolsonaristas criam 'corrente do bem' e se medicam com cloroquina, azitromicina e antipulgas",Não acredito,2,0.9804651737213136,0.0195348560810089,,Random
É importante reforçar que a eficácia da substância não tem comprovação científica.,cloroquina ou tubaina ?,0,0.8556206226348877,0.1443793773651123,,Random
"Olha diferença  ""A direita tomar cloroquina, e esquerda toma Tubaína""&lt;impressa revoltada. ""Ainda bem que a natureza criou um esse monstro chamado corona vírus"", impressa calada, como eu odeio esse povo da impressa, mais é muito.","Quem é de direita toma Cloroquina, ver se funciona e depois a gente conversa...",0,0.7891080379486084,0.210891991853714,,Random
"Eu não sou do Direito, mas isso não seria Atentar Contra a Saúde Pública??? #Genocida #ForaBolsonaroGenocida #impeachmentJa","Só se fala na Cloroquina na Pátria Tupiniquim. Em nenhum outro lugar no Mundo, nem nos EUA defendem o uso!!!",0,0.9256964921951294,0.0743035227060318,,Random
Qual é a cloroquina da sua profissão?,O problema da justiça são os recursos,2,0.9773029088974,0.0226971115916967,,Random
#Coronavírus - Governo divulga protocolo para uso da cloroquina até em casos leves de Covid. Paciente precisa assinar termo que reconhece que não existem estudos demonstrando benefícios clínicos =&gt;  #G1,Tem q desovar a merda que fizeram,2,0.9789057970046996,0.0210942439734935,,Random
"Bolsonaro quer aplicar Cloroquina a qualquer custo. Porém, o paciente precisará assinar um termo de ciência que NÃO existem dados sobre a eficiência para Covid-19 e que está ciente que pode sofrer uma parada cardíaca. Você vira cobaia do Presidente e o isenta de responsabilidade.","Entre viver ou morrer, o ser humano deve ser suficentemente inteligente para decidir o quer. O erro médico  nesse caso, repousaria se a pessoa não fosse esclarecida a respeito do remédio. Eu, em 1992 em cidade no Acre, tive que tomar cloroquina por 14 dias.",1,0.8681477904319763,0.1318522840738296,,Random
"Três pergunta simples:  As pessoas que pegavam malária, lúpus ou artrite reumatoide e usavam cloroquina estão vivas como?  Porque ninguém fez tantos alertas para elas sobre os efeitos colaterais do remédio?  A vida delas não importavam?",Se eu não tivesse tomado cloroquina estaria com malária até hj.,1,0.4797153174877167,0.5202846527099609,,Incerta
eu entendi que o christopher é contra a cloroquina pq ele acredita só em coisas que vem da natureza p salvar e vcs entenderam o q ???,"eu entendi que ele tava ridicularizando a cloroquina pq a gente já tem ela a 65 anos e n funcionária pro covid, é que o melhor remédio é a nossa alimentação",1,0.4257786870002746,0.5742213726043701,,Incerta
"Gil Vianna morreu em consequência da covid 19. Se tomava cloroquina, tomou tarde demais. A droga só faz efeito se tomada no início dos sintomas.  é um irresponsável ao afirmar que a cloroquina matou o político.","Se você não quiser tomar cloroquina, toma Tubaína. E o Sr. Presidente  vai tomar no c.",0,0.4385141730308532,0.5614858865737915,,Incerta
"Apresentei um projeto de decreto legislativo p/ sustar o novo protocolo do  que recomenda uso precoce da cloroquina em pacientes com #Covid19, enqto não houver estudos científicos que comprovem sua eficácia. O presidente não deveria fazer uso político de algo tão sério.","Caracará filho da puta. Tomara q tu pegue e morra, lazarento cretino.",2,0.4422729909420013,0.557727038860321,,Incerta
"Se já estão registrando mortes aleatórias como se fossem por Covid-19, imagine agora com a liberação parcial da cloroquina!","quer tomar cloroquina toma e assina um termo de responsabilidade, é profilático.",0,0.486575186252594,0.5134247541427612,,Incerta
"Faça o seguinte, use a cloroquina como profilaxia, e atenda pacientes no SUS sem EPIs, vá lá como o ""überman"" de Nietzsche, esta caricatura humana faz bem o estilo Minion.",Eu uso! E trabalho no SUS há 8 anos! Não é apenas hoje que não temos EPI e não é de hoje que usamos cloroquina!,1,0.5583763718605042,0.4416235983371734,,Incerta
"- Ainda não existe comprovação científica, mas sendo monitorada e usada no Brasil e no mundo. Contudo, estamos em Guerra: “Pior do que ser derrotado é a vergonha de não ter lutado.”  - Deus abençoe o nosso Brasil.",PUTA QUE O PARIU VELHO DOENTE MONGOL RETARDADO,2,0.4509015679359436,0.5490983724594116,,Incerta
Pq não pode usar um medicamento originalmente pra tratar malária como a Cloroquina mas todo mundo da mídia fica feliz quando se fala em remdesevir que é um medicamento feito pra tratar Ebola (e falhou)?,"É porque Bolsonaro é a favor do uso da Cloroquina, então, pra contrariar o presidente, os do contra ficam contra.",1,0.4824182391166687,0.5175817608833313,,Incerta
Hidroxicloroquina e cloroquina não demonstraram ser seguras e eficazes no tratamento ou prevenção de COVID-19. Não sou eu quem está falando. É a FDA.,"O melhor resumo do governo Bolsonaro é:   2 médicos bolsonaristas se recusam a assinar o protocolo com o uso de cloroquina para casos leves de Covid por falta de parecer científico. E um general assina, sem qualquer formação científica ou suporte de equipe com formação científica",0,0.5716988444328308,0.4283011257648468,,Incerta
"José Serra apresentou um projeto para barrar o novo protocolo da cloroquina. O senador pede que o protocolo não entre em vigor enquanto não houver estudos científicos que comprovem sua eficácia. VALERÁ TAMBÉM PARA OS PACIENTES DO ALBEEINSTEIN,OU SÓ OS POBRES NÃO PODERÃO TOMAR?","EIS A QUESTÃO??!! Só para o público, para o pobre, ou no privado para o rico também?",2,0.5692307353019714,0.4307691752910614,,Incerta
"Faltou dizer: ""usada no Brasil e no mundo"", cloroquina não evitou contaminação de 5 milhões de pessoas e mais de 320 mil mortes. Prescrita desde 28/3 nos EUA, droga não impediu que país se tornasse o 1° do mundo em casos (+1,5 milhão) e mortes (quase 100 mil) por #Covid_19   1/2","Bolsonaro tb não respondeu:  Além da cloroquina, sem eficácia comprovada e com efeitos colaterais graves, qual é o plano do governo para vencer a pandemia do #coronavírus?  Quando espera achatar a curva?  Quando os brasileiros poderão voltar ao trabalho com segurança, presidente?",1,0.5915204286575317,0.4084796011447906,,Incerta
Militar nomeado no SUS publicou fake news sobre cloroquina e ofendeu OMS,Fake news é política de Estado.  A imprensa tem de começar a tratar isso como fato e não cada situação como se fossem lances episódios.,2,0.5702251195907593,0.4297748804092407,,Incerta
"Mandetta: Bolsonaro queria alterar a bula da Cloroquina para inserir indicação para COVID, mesmo sem comprovação da eficácia.",Eu cochilo um pouco quando acordo. Escuto alguém diz que  o PRESIDENTE JAIR BOLSONARO E OS MILITARES QUE ESTÃO NO PODER estão preparando para assassinar o povo alterando a bula da cloroquina. Alguém pode me explicar o que  está acontecendo EU NÃO QUERO MORRER NÃO ME MATE.,2,0.410104364156723,0.5898956060409546,,Incerta
Como é que é?  Esperaram não ter um médico no ministerio pra isso?,"A CNN foi perguntar a OMS, segundo eles não tem nada comprovado sobre a eficácia da cloroquina e eles recomendam apenas para testes. Masssss, nosso “querido” presidente faz o que quer como se tivesse algum entendimento.",1,0.4267339706420898,0.5732660889625549,,Incerta
Protejam ela. Certifiquem-se que ela não vai morrer tomando Cloroquina,E agora como explica vai tomar a cloriquina?,2,0.5219680666923523,0.4780319333076477,,Incerta
Qual é a cloroquina da sua profissão?,"Minha profissão é a Cloroquina do mundo, a gente finge que tá ajudando o mundo, mas muitas vezes a gente só tá fudendo ele mais.  Ass: Programador.",2,0.4803049862384796,0.519694983959198,,Incerta
"Um monte de gente famosa  ""fique em casa"" testando positivo para o coronga mas todos felizmente sãos e salvos. Não sei ainda se é propaganda do vírus ou da cloroquina.","Na prática, o protocolo da Cloroquina não muda grande coisa. A avaliação continua sendo feita entre o médico e o paciente. O governo quer fazer propaganda em cima de bula de remédio.",0,0.5738266706466675,0.4261733591556549,,Incerta
"coloca maconha escrito em todos os rótulos da cloroquina pra esquerdalha parar de encher o saco, eles irão tomar até ter uma over de cloroca.",coloca cloroquina escrito em todos os rótulos da maconha pra ver se vc tbm para de encher o saco.,1,0.5706021189689636,0.4293978810310364,,Incerta
"Tá claro que a cloroquina NÃO tem eficácia contra o coronavirus e, além disso, causa efeitos colaterais  O Ministério da Saúde faz o que? BORA ampliar a recomendação do uso, tem problema não.","Boas notícias! A cavalaria está chegando! Até amanhã teremos remédio para os 130 mil brasileiros que estão em tratamento contra o COVID. O novo protocolo sobre o uso da CLOROQUINA pode ser publicado nesta terça, dia 19.",0,0.5399080514907837,0.4600919187068939,,Incerta
"Antes a Globo “receitava” cloroquina até pra mulher grávida. Hoje dão a entender que é mais perigosa que o próprio coronavírus... POR QUE SERÁ, né? #TorcidaOrganizadaDoCoronavírus","Pq será! Hoje temos que separar bem o que é politicagem, e tanto pra mídia qto pra políticos vc que se dane!",2,0.5624188780784607,0.4375811517238617,,Incerta
parabéns pra cloroquina que por mais um dia venceu a guerra contra a cloroquina,Cloroquina é tão bom que pra usar você tem que assinaram termo que se der merda a culpa é sua,0,0.5998605489730835,0.4001394212245941,,Incerta
Lair Ribeiro sobre a cloroquina,O maior médico brasileiro desmente vc,2,0.4452351927757263,0.5547648668289185,,Incerta
Agora cada médico receita a cloroquina quando bem entender. Pau no cu do Doriana.,Bem grosso,2,0.5225473046302795,0.477452665567398,,Incerta
Estudo Amazonas - Nº de pacientes 81 - Efeito positivo em DOSES BAIXAS - No uso em DOSES altas aumento de problemas cardíacos.  - 11 paciente que receberam alta dose morreram (ou seja pela doença ou pelas complicações acarretadas pelo uso de CLOROQUINA.,Estudo Publicado no The New England Journal of Medicine - Nº de pacientes 1376  - Objetivo do estudo era ver se com o uso de Cloroquina diminuiria a necessidade de intubação a qual não houve diferença. - 232 tiveram óbito  - Concluíram que não á benefícios no uso de Cloroquina,1,0.4001193046569824,0.5998806953430176,,Incerta
"O  divulga orientações para tratamento da Covid-19, onde a Cloroquina pode ser ministrada em casos leves, com recomendação médica e autorização do próprio paciente/família.",plmds O MUNDO TODO FALANDO Q É MUITO DIFICIL ESSA MERDA DE CLOROQUINA FUNCIONAR E SEM COMPROVACAO MEDICQ VC POSTA ISSO,1,0.5667767524719238,0.4332232475280761,,Incerta
Pq não pode usar um medicamento originalmente pra tratar malária como a Cloroquina mas todo mundo da mídia fica feliz quando se fala em remdesevir que é um medicamento feito pra tratar Ebola (e falhou)?,"Porque as Fabricas de Remdesivir pertencem a George Soros, assim como parte da Midia e parte da Petrobras.",2,0.5770508050918579,0.4229491651058197,,Incerta
"A   dos Médicos de Família que estão na Atenção Primária, a  dos Infectologistas, a  dos Pneumologistas e a  dos Intensivistas, todas elas, repudiaram o uso da Cloroquina e da Hidroxicloroquina. Mas a Associação Médica Brasileira, cumpre o vergonhoso papel+","Vergonhosa posição da associação médica brasileira, amb Tudo em minúsculas para combinar com a atitude",2,0.4158388376235962,0.5841611623764038,,Incerta
Queria saber o que a Regina Duarte andou cheirando... #ReginaDuarte,"regina tá cheirando cloroquina, ctz",2,0.51967853307724,0.48032146692276,,Incerta
"CHINNA MENTIU! Estão Usando Cloroquina!  via  compartilhem e vamos todos para brsília precionar , agora é rua dia e noite , se não o comunismo vai acabar de entrar .",Cadê os supositórios de cloroquina pra essa galera usar?,0,0.5824400782585144,0.417559951543808,,Incerta
"O STF mais uma vez barrou o decreto do Executivo e há risco de barrarem o novo protocolo da cloroquina.   Não dá mais, está na hora.","Vocês que usam FFAA no nome de perfil, é impressão minha ou eles estão atrás da mesa com o cool na mão?!? Não passou da hora, não?!?! Estão esperando o quê????",2,0.5686079859733582,0.4313920438289642,,Incerta
Existe a POSSIBILIDADE da cloroquina salvar algumas vidas.  Existe a CERTEZA da cloroquina matar algumas pessoas em decorrência de seus efeitos colaterais.  Quando a política ignora a ciência mais pessoas morrem.,acha ruim adiar o Enem= chapa cloroquina,0,0.4775275886058807,0.5224723815917969,,Incerta
"Esquerda mete o pau na cloroquina, mas toma na hora do aperto.  Esquerda mete o pau no capitalismo, mas ganha dinheiro com ele e usufrui de todas as suas benesses.  Que nome damos a isto?",des do inicio os que tem condições financeiras tomaram mesmo sendo de esquerda porque os  hospitais particulares ja estavam aplicando um protocolo... o problema é o sus,2,0.5985496044158936,0.4014503955841064,,Incerta
"Mesmo que quiséssemos, sabe quais são os problemas para prescrever Cloroquina COM SEGURANÇA em todo o país? Segue esse fio e acompanhe a história de Seu Jair, um paciente hipotético do mundo real. (Fio Hipotético tá? Não jogamos nossos Diplomas no lixo ainda não)","Não é pq esse medicamento seja usado em outras doenças que possa ser usado agora e, como mencionado abaixo, sem uma análise prévia e acompanhamento durante todo o processo. Não deve ser difícil entender isso..",2,0.5516970753669739,0.4483029246330261,,Incerta
"Apresentei um projeto de decreto legislativo p/ sustar o novo protocolo do  que recomenda uso precoce da cloroquina em pacientes com #Covid19, enqto não houver estudos científicos que comprovem sua eficácia. O presidente não deveria fazer uso político de algo tão sério.","Quem me dera, ser o ‘seu’ médico, quando chegar ao Hospital Albert Einstein, com sintomas do Covid-19. Pode ficar tranquilo, cuidarei pessoalmente para que essa porcaria de droga não seja ministrada ao senhor. Perdi a deixa, com o David Uip. Mas você, faço plantão de 72h",2,0.4987322688102722,0.5012677311897278,,Incerta
"No Brasil, todo mundo que sobreviveu à malária nos últimos 40 anos tomando cloroquina morreu do coração, segundo o Jornal Nacional.",E o JN quer nos matar a todos de burrice. O remédio é LOCKDOWN NA GLOBO!,2,0.4547226428985595,0.5452772974967957,,Incerta
Só gente velha e pessoas com cara de burras levantando essa tag... espero que a cloroquina agilize os efeitos do COVID em vcs. E que deu elimine! Amem #EuApoioBolsonaro,"Não bastasse o vírus, Bolsonaro ainda vai obrigar a rede pública a usar uma medicação que mata.  É epidemia + incompetência + política de extermínio.",0,0.5791571140289307,0.4208429157733917,,Incerta
Meu pensa no contexto a criança fazendo zuzu com o remédio aí que andaram cortando a tal da cloroquina. Bicho a criança fazendo piada disso especialmente para adultos q Mt provável que ele não pensou nisso sozinho e mal entende do que tá falando,"Esse história que Bolsonaro queria mudar a receita da cloroquina é fake, né? Certeza que é.",0,0.4871731996536255,0.5128268003463745,,Incerta
"#Enquete   você tomaria a CLOROQUINA contra o CORONAVÍRUS, mesmo com os especialistas sugerindo o contrário?",E o Trump falando que tá tomando cloroquina kkkkkkk ata eu era o frasco kkkkkkk,0,0.4956146776676178,0.5043852925300598,,Incerta
"Como não a eficácia,quantas pessoas já falaram, que foi curado com cloroquina.",As pessoas são curadas sem tomar NADA. Dizer que é pro causa da cloroquina é equivocado.,1,0.5574216842651367,0.4425782859325409,,Incerta
Só para deixar bem claro:  Eu sou da turma da TUBAÍNA.   CLOROQUINA é o caralho.,Vou te dar um supositório de cloroquina seu bolsominion kkkkkkkkkkkk,1,0.4238098263740539,0.576190173625946,,Incerta
Bom dia pra direita cloroquina!,Bom dia pra direita novaugina!,2,0.5309132933616638,0.4690867066383362,,Incerta
Mais um grande quadro que o exército empresta ao governo. Agora vai!,"Acho ótimo, faço votos de que o governo se encha de militares, para que o Brasil (re)lembre exatamente o quão ignorantes, limitados, adeptos de teorias da conspiração, subservientes e incompetentes eles realmente são. Se essa é a alta patente, ainda bem que não estamos em guerra.",2,0.4480011165142059,0.5519989132881165,,Incerta
O ex-ministro Mandetta acusa Bolsonaro de ter tentado alterar a bula do cloroquina por decreto presidencial. Dá detalhes sobre a operação e cita personagens. Fato gravíssimo. Mais um! E que precisa ser seriamente apurado.,Tem que ser investigado.,2,0.5874877572059631,0.4125122129917145,,Incerta
Qual é a cloroquina da sua profissão?,qual a cloroquina da agropecuária??,1,0.5172314643859863,0.482768565416336,,Incerta
"Apresentei um projeto de decreto legislativo p/ sustar o novo protocolo do  que recomenda uso precoce da cloroquina em pacientes com #Covid19, enqto não houver estudos científicos que comprovem sua eficácia. O presidente não deveria fazer uso político de algo tão sério.",Graças a Deus ficamos livres dessa desgraça na presidência.,2,0.5283082723617554,0.471691757440567,,Incerta
"""Nenhum estudo observacional publicado sugeriu claro benefício. Pelo contrário, vários indicaram potenciais malefícios"", dizem pesquisadores da Fiocruz, USP, UFRJ, UEA e Academia Nacional de Medicina sobre a cloroquina.",E vocês tomam dipirona? Mais toxico que #cloroquina se fosse o governo do cachaceiro vocês defenderiam,1,0.4742256104946136,0.525774359703064,,Incerta
"Finalmente, protocolo do MS liberando cloroquina para casos leves de Covid-19 (uso precoce). Quantas vidas serão salvas? Para muitos, o que importa é contar os mortos. E os marinho ainda fazem questão de colocar que não há estudos que comprovam a eficácia.",Quem é de direita toma cloroquina quem é de esquerda toma Tubaína e quem tem juízo ouve a medicina. #AcordaBrasil,2,0.5558169484138489,0.4441831111907959,,Incerta
"O Brasil ganhou mais uma esperança no tratamento do #coronavírus. O  adotou um novo protocolo para receita da cloroquina/hidroxicloroquina. O medicamento, que já é adotado em diversas partes do mundo, é considerado o mais promissor no combate à Covid-19. Entenda:",Órgão oficial do governo brasileiro mentindo descaradamente num momento de ascensão absurda dos números de infectados e mortos pela pandemia. Tem alguém ganhando muito dinheiro com produção de cloroquina pra atender a demanda criada pela narrativa assassina do Planalto.,2,0.5275316834449768,0.4724683463573456,,Incerta
"O pior burro é o que acha que ser estúpido é virtude.  É óbvio que um medicamento pode ser usado para um tratamento não específico ao qual foi desenvolvido, e os estudos comprovam que a cloroquina não se adequa nesse parâmetro quanto a Covid. Include pode agravar o caso. Animal!","""os estudos comprovam que a cloroquina não se adequa nesse parâmetro quanto a Covid. Include pode agravar o caso.  Referências?",1,0.5830848217010498,0.4169152379035949,,Incerta
"para fazer o uso da medição cloroquina, o paciente deve assinar um termo de consentimento e responsabilidade que deixa claro que ""não existe garantia de resultados positivos"" e que ""não há estudos demostrando benefícos clínicos"".","de combo ainda, bolsonaro quis ALTERAR a bula do cloroquina colocando que o medicamento era eficiente contra COVID-19 mesmo não tendo nenhum embasamento científico nisso, vtnc",1,0.4481321573257446,0.5518677830696106,,Incerta
"Já chamei #BolsonaroGenocida de burro, desde eleito, muitas vezes. Mas ele não é burro. É outra coisa.  Com a cloroquina ele manteve suas narrativas. Da conspiração globalista que esconde a verdade, do corajoso que se coloca contra todo o mal em nome do povo.","Agora com a alteração na recomendação do MS para o uso da #Cloroquina somada a a declaração que o paciente tem que assinar, onde esta EXPLICITO, que não há  evidências para uso do remédio, ele mantém a narrativa e tira sua digital do processo.",1,0.1388041228055954,0.8611959218978882,,Alta
"- Ainda não existe comprovação científica, mas sendo monitorada e usada no Brasil e no mundo. Contudo, estamos em Guerra: “Pior do que ser derrotado é a vergonha de não ter lutado.”  - Deus abençoe o nosso Brasil.",Que Deus tenha misericórdia dessa nação.   Tinhamos que ter um Eduardo Cunha na presidência da Câmara. Não o Sr. Nota de Repúdio .,2,0.1075042262673378,0.8924957513809204,,Alta
"Apresentei um projeto de decreto legislativo p/ sustar o novo protocolo do  que recomenda uso precoce da cloroquina em pacientes com #Covid19, enqto não houver estudos científicos que comprovem sua eficácia. O presidente não deveria fazer uso político de algo tão sério.","Provavelmente se pegar, vai usar o que tão proibindo pro pobre. Parabéns por ser tão merda",2,0.1524480581283569,0.8475519418716431,,Alta
"- Ainda não existe comprovação científica, mas sendo monitorada e usada no Brasil e no mundo. Contudo, estamos em Guerra: “Pior do que ser derrotado é a vergonha de não ter lutado.”  - Deus abençoe o nosso Brasil.","Parabéns senhor Presidente, vamos orar e lutar para acabar com este vírus chinês, e o nosso Brasil amado voltar ao rumo do crescimento. Brasil acima de tudo é Deus acima e Deus acima de todos.",2,0.1074093580245971,0.8925906419754028,,Alta
"“Redução dos glóbulos brancos, disfunção do fígado, disfunção cardíaca e arritmias”","Faz uma pesquisa e pergunta ao povo se você tivesse doente pela cobid19 ! Sabendo que a cloroquina é uma grande aliada a cura! Você tomaria o remédio ou ia preferir a sorte ?  Agora todos começaram a se preocupar com bula  ! Espero q façam uso qdo sentir cólica , coluna etc",1,0.1295070946216583,0.8704929351806641,,Alta
"Ah, então, segundo o grupo Globo, o motivo pra não se usar a cloroquina é porque ela “tem riscos!”  Façam o favor, pessoas estão morrendo!  Vocês já leram a bula da aspirina?","Pqp a globo já tá enchendo o saco, entâo q moorra vcs da globo Favor ler a BA da dipirona É tbm. Vcs fizeram uma matéria da cloro quina em 2016 pra gestante com a zica",2,0.1989461928606033,0.8010537624359131,,Alta
"USO DE CLOROQUINA AMPLIADA NO BRASIL  Ministério da Saúde amplia a possibilidade de uso do medicamento para casos leves de coronavírus. Não há, porém, evidência científica de que a droga tenha eficácia no tratamento. Siga o fio e veja o que muda    Gerard Julien/AFP",óbvio que o ministério da saúde tá indo contra a ciência... o próprio ministro não sabe porra nenhuma,2,0.1896606683731079,0.8103393912315369,,Alta
"Mesmo que quiséssemos, sabe quais são os problemas para prescrever Cloroquina COM SEGURANÇA em todo o país? Segue esse fio e acompanhe a história de Seu Jair, um paciente hipotético do mundo real. (Fio Hipotético tá? Não jogamos nossos Diplomas no lixo ainda não)","Amigo, posso te pedir para ler essa explicação de médicos do SUS, que conhecem nossa realidade? Vender a ideia da cloroquina como salvação incentiva o desrespeito à quarentena, é um erro. Abraço!",2,0.1909718215465545,0.8090282082557678,,Alta
"- Ainda não existe comprovação científica, mas sendo monitorada e usada no Brasil e no mundo. Contudo, estamos em Guerra: “Pior do que ser derrotado é a vergonha de não ter lutado.”  - Deus abençoe o nosso Brasil.",Toma uma overdose de cloroquina então,2,0.1583780199289322,0.841621994972229,,Alta
"Uma análise do protocolo do Ministério da Saúde sobre o uso precoce da HCQ/Cloroquina no #Covid_19 . Ele é uma afronta ao pensamento científica e a medicina séria, que se importa com as vidas em jogo","Qual o instrumento pra controle jurídico ou político de mais esse crime contra a saúde pública praticado pelo governo federal? Alou, checks and balances, precisamos de vocês.",2,0.1566634774208068,0.8433365821838379,,Alta
"O alerta da OMS ao ser questionada sobre o protocolo de Bolsonaro: ""nem a cloroquina nem a hidroxicloroquina têm sido efetivas no tratamento da Covid-19 ou nas profilaxias contra a infecção pela doença. Na verdade, é o oposto""  #G1",Aaaaa esses comunistas da OMS,2,0.1590799987316131,0.8409200310707092,,Alta
"- Ainda não existe comprovação científica, mas sendo monitorada e usada no Brasil e no mundo. Contudo, estamos em Guerra: “Pior do que ser derrotado é a vergonha de não ter lutado.”  - Deus abençoe o nosso Brasil.",Ahhh... ranço.,2,0.1077687069773674,0.892231285572052,,Alta
"O Brasil ganhou mais uma esperança no tratamento do #coronavírus. O  adotou um novo protocolo para receita da cloroquina/hidroxicloroquina. O medicamento, que já é adotado em diversas partes do mundo, é considerado o mais promissor no combate à Covid-19. Entenda:","Não se faz Ciência com OPINIÃO, seus arrombados. Vocês mesmos fazem o paciente assinar um papel aonde diz que está ciente que não há comprovação científica da eficácia desse lixo.",2,0.1011496409773826,0.8988503217697144,,Alta
"Marinho e seus especialistas. Cloroquina pode levar a óbito súbito? Quem tem malária, lúpus e artrite pode parar de tomar já, doutor? ""Toda a comunidade médica"". Fale por si. O Conselho Federal de Medicina confirmou o protocolo.  E aí, doutor especialista dos marinho?","O simples ato de viver pode levar a óbito súbito, cara pálida",2,0.1368375718593597,0.8631624579429626,,Alta
Estou completamente traumatizado depois desses dias sem conta e ter que ficar no Instagram enquanto isso. Sigo muitos médicos e fisioterapeutas. E lá tá uma desinformação absoluta. Médico figurão com milhões de seguidores e dono de curso dizendo que cloroquina mata Foi de chorar,"Eu falo que o Instagram é rede de gente que precisa da aprovação, gente que só quer seguir a modinha e tá pouco se Fu para QQ coisa. Eu pessoalmente conheço uma pessoa que é viciada nessa rede ... E pessoalmente ela é desprezível e patética, rasa e hipócrita.",2,0.1553445011377334,0.844655454158783,,Alta
Não sei vcs mas prefiro tomar Tubaína do que cloroquina,E olha que nem refrigerante eu tomo,2,0.1040496677160263,0.8959503173828125,,Alta
"Se a cloroquina é eficaz e segura, porquê o paciente que quiser tomar tem que assinar um termo de responsabilidade, ?","Compartilho da indignação com a Associação Médica Brasileira apoiando uso de remédio sem eficácia comprovada. Mas lembro que até homeopatia ainda tem apoio de organizações médicas no BR, com disciplinas em bons cursos. SUS gasta com isso. Infelizmente a cloroquina não é exceção.",0,0.1038301885128021,0.8961697816848755,,Alta
"- Ainda não existe comprovação científica, mas sendo monitorada e usada no Brasil e no mundo. Contudo, estamos em Guerra: “Pior do que ser derrotado é a vergonha de não ter lutado.”  - Deus abençoe o nosso Brasil.",Irresponsável!!!!,2,0.1287333816289901,0.8712666034698486,,Alta
"Não há nenhuma comprovação científica de que a cloroquina é eficaz para o tratamento da covid 19, pelo contrários, alguns estudos já mostram sua ineficácia, a própria sociedade brasileira de infectologia NÃO recomenda o uso desse medicamento.","Aí eu li que os bolsonaristas estão querendo tomar a azitromicina e cloroquina para o tratamento, então há uma grande diferença sobre esses dois medicamentos.",1,0.1138946041464805,0.8861053586006165,,Alta
"- Ainda não existe comprovação científica, mas sendo monitorada e usada no Brasil e no mundo. Contudo, estamos em Guerra: “Pior do que ser derrotado é a vergonha de não ter lutado.”  - Deus abençoe o nosso Brasil.",Vai tomar no cu,2,0.1487850546836853,0.8512148857116699,,Alta
Profissional destacou a falta de evidência científica e falou sobre os riscos de problemas cardíacos e até de morte associados ao uso da substância,"Por acaso ele falou sobre o tanto de vidas que poderiam ter sido poupadas se tivessem usado a cloroquina? Então vão a merda, esse profissional de merda e a bosta da cnn. Hipócritas.",1,0.1845810711383819,0.8154189586639404,,Alta
"E o protocolo da hidroxicloroquina, pra quem precisar só pro coronga, é de 5 dias. A dose não é grande. Tem quem já usou por anos. Vejam na região norte. Tomam como preventivo pra malária. Essa campanha anti-cloroquina é puro lobby. #BrasilComBolsonaro - #CloroquinaSalvaVidas","Esse remédio não foi Jair Bolsonaro que inventou, e já existe desde décadas atrás, pra tratar de diversos males. Assim como qualquer outro remédio, para os que lêem a bula, tem efeitos. Mas esses efeitos tem chances baixíssimas de ocorrerem. Simples assim:",2,0.1574103832244873,0.8425896167755127,,Alta
"- Ainda não existe comprovação científica, mas sendo monitorada e usada no Brasil e no mundo. Contudo, estamos em Guerra: “Pior do que ser derrotado é a vergonha de não ter lutado.”  - Deus abençoe o nosso Brasil.",Pega a cloroquina e enfia no seu ...,2,0.1728800237178802,0.8271200060844421,,Alta
"Apresentei um projeto de decreto legislativo p/ sustar o novo protocolo do  que recomenda uso precoce da cloroquina em pacientes com #Covid19, enqto não houver estudos científicos que comprovem sua eficácia. O presidente não deveria fazer uso político de algo tão sério.","O Presidente não deveria, mas eu vou kkkkk  Político é tudo uma raça desgraçada mesmo.   E daí? Ainda bem!",2,0.1080044955015182,0.8919955492019653,,Alta
"Engraçado, o Achismo reina no governo, ao invés de ter estudos comprovando a influência da cloroquina no combate ao vírus, tudo vai a base do eu acho que pode salvar vidas. Isso só mostra a incapacidades moral e ética do governo brasileiro.","Como são burros , vão se ferrar Bolsonaristas criam 'corrente do bem' e se medicam com cloroquina, azitromicina e antipulgas",0,0.1403154730796814,0.8596845269203186,,Alta
"O Brasil ganhou mais uma esperança no tratamento do #coronavírus. O  adotou um novo protocolo para receita da cloroquina/hidroxicloroquina. O medicamento, que já é adotado em diversas partes do mundo, é considerado o mais promissor no combate à Covid-19. Entenda:",Fake News Oficial da República.,2,0.968812108039856,0.0311878863722085,,Random
"Se Cloroquina fosse a solução, o mundo inteiro não estaria gastando milhões de dólares em pesquisas! O povo não é trouxa!!","São trouxas sim, acreditam na Cloroquina, a verdade é que muitos já enxergaram a verdade, e hj o fato é que somente o idiotas seguem este senhor cegamente",1,0.5861595869064331,0.4138404726982116,,Random
PRONTO FECHADO  CLOROQUINA É O REMÉDIO  RETWEETEM  SIGA-NOS SIGO DE VOLTA NA HORA,"Tomem o que vocês quiserem e não encham o saco....o remédio é bom, funciona e tem poucas contra-indicações.....",2,0.9192954897880554,0.0807044729590416,,Random
Qual é a cloroquina da sua profissão?,porcelanato (?) pastilha 10x10 (??),2,0.9876431226730348,0.0123568708077073,,Random
Qual é a cloroquina da sua profissão?,Estudar Fórmula de Lançamento e achar que sabe Marketing Digital,2,0.9592727422714232,0.0407272912561893,,Random
"#grandedebate  cara vcs não  tem outro assunto, todo dia, todo dia cloroquina,  pelamor.",Bolsonaro admite que a ciência está correta e ele está errado.,0,0.9651607871055604,0.0348392240703105,,Random
Vontade de mandar essas porra enfiar a cloroquina no cu,"""quem é de direita, toma cloroquina; quem é de esquerda, tubaína""",0,0.9523273706436156,0.0476726628839969,,Random
"Protocolo não obriga médicos a prescreverem cloroquina, dizem juristas","MAS SE O PACIENTE PEDIR E ASSINAR DOCUMENTO ELES SÃO OBRIGADOS A USAR ESSE BENDITO REMEDIO, QUE É UM DOS UNICOS QUE AJUDAM OS INFECTADOS.",2,0.951741635799408,0.0482583940029144,,Random
"Todos irão tomar a cloroquina, mas apenas um lado irá admitir como foi salvo.","E os que não chegar a tomar,e vier a falecer,vão dizer que foi por causa da cloroquina,quer apostar?",1,0.9395625591278076,0.0604374855756759,,Random
"Oww JR Guzzo tolo é quem pensa q erros imensos como  vemos em relação a quarentena, a cloroquina, ao vírus chinês desde o surgimento, inclusive c perseguição do contraditório, apresentado por autoridades médicas e até calúnias de assassino ao PR não são intencionais e objetivos.","Tanto GRITARAM QUE BOLSONARO ERA DITADOR, que a tão sonhado DITADURA CHEGOU! Ainda vai haver mais mortes, fome e desespero e desemprego não causados pelo Covid19 mas sim por irresponsabilidade de Desgovernadores",2,0.961954653263092,0.0380453281104564,,Random
"OMS afirma: ""nesse momento a cloroquina e a hidroxicloroquina não foram identificadas como eficazes para o tratamento da covid-19"".   Uol transforma em: “OMS afirma ineficácia da cloroquina”.   Uol confunde ausência de evidência com evidência de ausência. Flagrante desinformação.",E querem que os agentes públicos decidam de acordo com a ciência...,2,0.9695739150047302,0.0304260551929473,,Random
"Bolsonaristas criam 'corrente do bem' e se medicam com cloroquina, azitromicina e antipulgas","""antipulgas"" a piada veio pronta KKKKKKKKKKKKKKKKKKKKKKKKKKKKKKKKKKKKKKKKKKKKKKKKKKKKKKKKKKKKKKKKKKKKKKKKKKKKKKKKKKKKKKKKKKKKKKKKKKKKKKKKKKKK",2,0.9914827346801758,0.0085173333063721,,Random
Daqui dois meses Bolsonato vai dizer que a cloroquina foi culpa do PT e o protocolo de hoje assinado por Lula.,"Ô imbecil da  se quiser tomar o  cloroquina toma, se não quiser,  vai tománuku!",0,0.8706389665603638,0.1293611079454422,,Random
"Deixe isso escrito , não vá pedir chorando na hora , aguente firme e vá para o respirador , que dá certo !",Decidi q nem quero respirador.  Não vai adiantar. Meu coração e pulmão não tem essa força mais. Por isso em isolamento estou e assim desejo permanecer enquanto puder. Mas sorte pra quem.quer morrer usando cloroquina. Fico com a ciência e digo não ao achismo,2,0.7664951086044312,0.2335048764944076,,Random
"E você de ser robô. Eu sou a segunda pessoa que a ÚNICA linha argumentativa é chamar de gado. Esse discurso é aquele 'não pensem, não pesem e não enxerguem'.  Próprio de quem vende cloroquina genérica. KKKKKKKKKK",'próprio de quem vende cloroquina genérica'...,1,0.8271822333335876,0.1728177964687347,,Random
"Bolsonaristas criam 'corrente do bem' e se medicam com cloroquina, azitromicina e antipulgas",Essa tal de cloroquina podia invalidar esses cara né kkkkk,2,0.9850495457649232,0.0149504067376255,,Random
Bolsonaro admite que não há comprovação científica de eficácia da cloroquina contra a covid-19 (via ),“Estamos em guerra e estou disposto a sacrificar a vida de vocês”,2,0.9329613447189332,0.0670386627316474,,Random
Surreal né?,Exatamente... Reposted from  Muitos estão me questionando se sou a favor ou contra a Cloroquina.  Aí está a minha resposta!  - #regrann em Jd Canaã - Morro Doce,0,0.8646377325057983,0.135362222790718,,Random
"Luiz Henrique Mandetta contou à GloboNews que o Governo quis alterar bula da cloroquina. ""E a ideia que eles tinham era de alterar a bula do medicamento na Anvisa, colocando na bula indicação para Covid”","mas não é possível que NADA que esse governo faça, seja considerado crime",2,0.7927441596984863,0.2072557955980301,,Random
"Bolsonaro quis alterar bula da cloroquina, diz Mandetta",vem aí mais uma nota de repúdio?,2,0.9884372353553772,0.0115627264603972,,Random
"Bolsonaro quis alterar bula da cloroquina, diz Mandetta","Mano, como assim? Wtf... Não tem motivos suficiente pra prender esse cara não? Risos risos risos",2,0.9812086820602416,0.0187913849949836,,Random
Bolsonaro admite que não há comprovação científica de eficácia da cloroquina contra a covid-19 (via ),Agora a esquerda vai apoiar o uso da cloroquina,1,0.971749484539032,0.0282505098730325,,Random
kkkkkkkkk porra essa musiquinha do Cloroquina ficou na minha cabeça,cloroquina é meu cú,0,0.9344655871391296,0.0655343681573867,,Random
"Painel S.A. | Expansão do uso da cloroquina é absurdo, diz médico que foi cotado para ministro da Saúde. Para Claudio Lottenberg, novo protocolo aumenta escopo do erro ()","Tomara que esse pessoal que tá achando um absurdo o uso da cloroquina , NÃO TOME. MESSSSSMO,  POR FAVOR, SE FOR INDICADO PARA VOCÊS NAOOOO TOOOMEMMMM.",1,0.975877046585083,0.0241229850798845,,Random
resolve na pós,cloroquina da nossa profissão é pack 105 sick smooth transitions + 200 cinemátic LUTs,1,0.973173439502716,0.0268265660852193,,Random
Qual é a cloroquina da sua profissão?,Me dá uma ideia?,2,0.5543938875198364,0.4456061124801636,,Incerta
"A treta do biroliro com cloroquina é q ele mandou fazer várias e várias doses pelo lab da Aeronáutica e os governadores e médicos eram contra pq dá mto efeito colateral, aí sem vender oh o prejuízo.. aí ele tenta empurrar p geral e os ministros negando aí saíram do cargo",Sim fiquei sabendo dessa treta mas o que me deixa pensativo é quais são as intenções do Flavio Dino com essa autorização do uso da cloroquina nos pacientes com quadros leves.,1,0.5738338232040405,0.4261661767959595,,Incerta
"Putz, velho... A doença não é de esquerda, nem de direita... A cloroquina também não... Toma essa porra quem quiser... A situação é de respeitar a doença, mas muitos só o farão quando um familiar se for... Ou nem aí... O problema é a doença, não o lado político-ideológico.",ver bolsonarista fazendo corrente pra se medicar de cloroquina e outras coisas me fazem lembrar daquela galera que cometeu suicídio coletivo pra agradar um pastor,0,0.5288993120193481,0.4711006581783294,,Incerta
"Vi no Jornal da Globo uma descrição dos efeitos colaterais da Cloroquina e da Hidroxocloroquina.  A partira daí,  parece que é melhor dar um tiro na própria cabeça do que usar esses medicamentos. Não sei como o pessoal que usou para combater a malária sobreviveu.","Eu tive três malarias, dois dos meus filhos uma cada um. Uma lâmina de lá oratório da antiga SUCAM e nenhum outro tipo de exame. Cloroquina e repouso...nenhum efeito colateral!",1,0.4632975161075592,0.5367024540901184,,Incerta
"O  divulga orientações para tratamento da Covid-19, onde a Cloroquina pode ser ministrada em casos leves, com recomendação médica e autorização do próprio paciente/família.","ele diz que não tem comprovação científica e mesmo assim faz uma burrada dessas, para de ser burro caralho",2,0.5246618390083313,0.4753382205963135,,Incerta
"Apresentei um projeto de decreto legislativo p/ sustar o novo protocolo do  que recomenda uso precoce da cloroquina em pacientes com #Covid19, enqto não houver estudos científicos que comprovem sua eficácia. O presidente não deveria fazer uso político de algo tão sério.","Veja a pessoa ou toma Cloroquina ou no C....  Cada um toma o que quiser, pronto!",1,0.4817676246166229,0.5182323455810547,,Incerta
"""Nós não faremos a distribuição e nem aplicação generalizada da cloroquina, porque a ciência não recomenda"", disse o governador de São Paulo, João Doria.","Tá vai esperar a “Ciência” fazer testes em mais de anos que leva , sendo que o medicamento já existe há nais de 50 anos, a vivência e os pacientes curados e que é a prova! O resto é PICUINHAS e quer CAOS mesmo #HidroxicloroquinaSalvaVidas",2,0.5910192728042603,0.4089808166027069,,Incerta
Olha a que ponto estamos chegando nessa pandemia. Nenhuma equipe médica responsável assina o novo protocolo do Ministério da Saúde que libera a cloroquina.,"Br atingindo a marca de qse 1200 mortes por #COVID-19. #Bolsonaro: ""direita toma cloroquina, esquerda toda... #Tubaina""  Que vergonha dos meus amigos de fora do país.",0,0.5343972444534302,0.4656027853488922,,Incerta
"A   dos Médicos de Família que estão na Atenção Primária, a  dos Infectologistas, a  dos Pneumologistas e a  dos Intensivistas, todas elas, repudiaram o uso da Cloroquina e da Hidroxicloroquina. Mas a Associação Médica Brasileira, cumpre o vergonhoso papel+",+ de se alinhar ao Governo desta forma.,1,0.469820499420166,0.530179500579834,,Incerta
Qual é a cloroquina da sua profissão?,Qual a tendência pro verão 2021?,2,0.4529610574245453,0.5470389127731323,,Incerta
"Se Cloroquina fosse a solução, o mundo inteiro não estaria gastando milhões de dólares em pesquisas! Pensar ainda é gratuito.","Enquanto não acha a solução para o problema, usa-se o que tem em mãos! Se a cloroquina salvar uma única vida nesse momento é lucro! Pensar ainda é gratuito!",1,0.541144609451294,0.4588553607463836,,Incerta
Qual é a cloroquina da sua profissão?,Vc pode fazer meu IR de graça?,2,0.5200243592262268,0.4799756109714508,,Incerta
Unimed Campinas e todo e as  Brasil estão prescrevendo o uso da Cloroquina em estado inicial.  O ideal seria..a vacina mas estamos no meio de Pandemia...então esse é o remédio que estão ministrando e resto do mundo.quem não quer usar avise assine termo...é simples assim.,"Antes de aplicar a cloroquina, precisam estudar à fundo e fazer levantamentos epidemiológicos. Pq que pra uns é remédio e pra outros é veneno? Quantos morreram? Quantos se curaram? Como reverter o efeito adverso da cloroquina nos pcts que estão evoluindo pra um possível óbito?",0,0.5215716361999512,0.478428304195404,,Incerta
"Nao vi ninguém falando de milagres da cloroquina assim como das mascaras. E pesquisas assim como das mascaras, ou seja nao tem 100% de eficacia o remedio  tem q ser usado no começo nao em estado terminal. Se essa fucinheira funcionasse os medicos nao contraiariam o virus.","Vou repetir, Primeiro que evitar sair de casa e usar a mascara e uma maneira de ""evitar"" o aumento de contaminação de Covid- 19, diminuindo o sobrecarregamento dos leitos dos hospitais! Segundo estudos apontam que cloroquina não tem eficácia nenhum para a cura da COVID-19",1,0.456667423248291,0.543332576751709,,Incerta
"A cloroquina é uma esperança, ainda não existe nada de exato pra combater esse vírus em nenhum local do mundo. Mas se há esperanças nos agarraremos a ela e vamos torcer pelo nosso povo que viva!","Bolsonaristas criam 'corrente do bem' e se medicam com cloroquina, azitromicina e antipulgas  Agora é torcer pra que sejam cardíacos. (pelamordedeus, sem idiotices).",0,0.4746131002902984,0.5253868699073792,,Incerta
"Brasil renovou o recorde de mortes por coronavírus: 1.179. 17.971 no total!  Bolsonaro: “Quem é de direita toma cloroquina. Quem é de esquerda toma Tubaína"".  Canalha traidor!!!!",Quem não quer cloroquina toma o que então? Passa Vick?,1,0.4774461090564728,0.5225539207458496,,Incerta
"Notas e referências do protocolo do Min. da Saúde privilegiam estudos antigos sobre Hidroxicloroquina e os recentes pró tratamento. Por exemplo, citam estudo de 1988 no New England Journal of Medicine -mas ñ um de maio de 2020 na mesma publicação sobre inefetividade do tratamento",Querem usar cloroquina com base em estudo de 1988 (TRINTA E DOIS anos antes da Covid-19).  1 9 8 8,2,0.446174293756485,0.5538257360458374,,Incerta
"Finalmente, protocolo do MS liberando cloroquina para casos leves de Covid-19 (uso precoce). Quantas vidas serão salvas? Para muitos, o que importa é contar os mortos. E os marinho ainda fazem questão de colocar que não há estudos que comprovam a eficácia.",Comunas esquerdopatas HIPÓCRITAS não precisam tomar!,2,0.596659243106842,0.4033406972885132,,Incerta
"A Justiça nega a divulgação do receituário do gov socialista e tirano do estado de Pernambuco, mas obrigou o presidente  a divulgar o resultado dos seus exames e laudos que atestavam a não contaminação por Covid 19.   Alguém duvida que tem cloroquina receitada aí?",Estou sentindo NOJO dessa justiça!!!,2,0.5779808759689331,0.4220191240310669,,Incerta
cloroquina n é aquilo la da fotossíntese?,"O anão travequeiro só vai usar a cloroquina se for ""supositório"" se não for dessa forma não funciona",0,0.4925308525562286,0.507469117641449,,Incerta
brasil: 1.700 mortes em 24 horas presidente: hahahaha direita toma cloroquina e esquerda Tubaína,"O novo Protocolo para uso da Cloroquina não leva a assinatura de ninguém, querem enfiar goela abaixo o medicamento, mas ninguém quer assumir a responsabilidade, quero saber quem é louco de tomar. #impeachmentJa",0,0.4687047898769378,0.5312952399253845,,Incerta
Agora vou te contar Se em 15 dias de cloroquina no café da manhã as mortes caírem substancialmente  irá ser igual Júlio César em popularidade.,Se o  barrar o protocolo da cloroquina por falta de ciência...Meu Deus!,0,0.4983861744403839,0.5016138553619385,,Incerta
Deputado do PSL que morreu de covid-19 era tratado com cloroquina.Canalhice foi tratar um ser humano com um veneno como esse não?,"É só não tomar. Cloroquina nunca foi veneno, é vendido há décadas nas farmácias mesmo sem receita e agora virou veneno? Preencha um termo e dia que não aceita a medicação e ponto final.",1,0.5221543908119202,0.4778456389904022,,Incerta
"Questionado por Datena em seu programa Brasil Urgente, o mesmo desconversou, dando claros indícios, através de sua linguagem corporal, de que fez uso da Cloroquina em seu tratamento.","Após esse episódio, sua receita médica vazou, confirmando a prescrição do medicamento.",1,0.5993713140487671,0.4006286859512329,,Incerta
Maconha é aquela planta que tem mais benefícios comprovados do que a cloroquina?  É essa?,"A cloroquina tem seus usos e eficácia mas são bem específicos.  Uma grande diferença é q cloroquina pode ser muito perigosa, pode ter efeitos colaterais sérios.  Já a maconha é muito segura, até qnd comparada com álcool ou remédios simples como aspirina ou dipirona.  Pois é...",1,0.5501776337623596,0.4498223960399627,,Incerta
"É assustador. Eu votei. Eu apoiei este homem. Fiz campanha incansavelmente. Obrigada, Deus por me acordar mesmo quando muitos ainda dormem. No dia que o Brasil ultrapassou mil mortes por covid19 em 24 horas, esse foi o pronunciamento do Presidente:","O problema não é CLOROQUINA, nem presidente. O problemas está nos políticos que querem manter fogo cruzado contra quem sempre...sempre quis mudar este país. Estivemos na beira de nos transformarmos numa Venezuela e vc. vem com este discurso de traíra?",2,0.4672875106334686,0.532712459564209,,Incerta
"Assim como a cloroquina, a existência de cérebro em muitos brasileiros também carece de comprovação científica.",ih porra tem defensores da cloroquina na minha sala,0,0.5077568888664246,0.4922431409358978,,Incerta
"O bom é que nem é. Eu to vendo no Twitter um monte de bolsominion defendendo o tal remédio, porem nehum deles ta comprando ou com a intenção de usar","Fumar maconha  : ok  usar loló  : ok  cloroquina   : não, faz mal",2,0.5188812017440796,0.4811187982559204,,Incerta
Pq os três secretários de saúde dos 3 estados mais afetados pelo COVID se trataram com Hidroxicloroquina se não funciona? pq eles negaram ao povo o tratamento que eles utilizaram em si mesmo?,"Cloroquina para quem tem plano de saúde. Para nós, q usamos o SUS, só boa sorte!",2,0.5857674479484558,0.4142325222492218,,Incerta
"Apresentei um projeto de decreto legislativo p/ sustar o novo protocolo do  que recomenda uso precoce da cloroquina em pacientes com #Covid19, enqto não houver estudos científicos que comprovem sua eficácia. O presidente não deveria fazer uso político de algo tão sério.","Obrigado... sua ação só fortalece o BOLSONARO... e o remédio do BOLSONARO que é utilizado em vários países... e inclusive pelo ""TRAMP"".",2,0.5765794515609741,0.4234205782413482,,Incerta
"-QUEM É DE DIREITA TOMA CLOROQUINA.  -QUEM É DE ESQUERDA TOMA TUBAÍNA...aliás, toma no toba mesmo kkk  #BrasilComBolsonaro",Talvez neste outro universo a cloroquina realmente cure o Corona kkk. #NASA,0,0.5238595008850098,0.476140558719635,,Incerta
Agora vai!!!!,"Sabe qual é a PIOR MERDA!? É que essas P**** vão melhorar, pq naturalmente grande % das pessoas melhora, mesmo. É um parasita viral, é assim que funciona. “Melhora-se do nada”. E aí mais bençãos à cloroquina .... triste",1,0.5844522714614868,0.4155477285385132,,Incerta
TOMANDO UM TANG SABOR CLOROQUINA,Aqui de boas comendo meu lanche e tomando um tang,2,0.5078210234642029,0.4921789467334747,,Incerta
"""Nós não faremos a distribuição e nem aplicação generalizada da cloroquina, porque a ciência não recomenda"", disse o governador de São Paulo, João Doria.","Justamente o oposto, não é que ela não recomenda, ela carece de dados para afirmar tanto a eficácia como a não eficácia, típico de um país que investe mais eleições do que em pesquisa!",2,0.5295422077178955,0.4704578816890716,,Incerta
"Não é sociopata, não.   É psicopatia mesmo.","Michele, tenho um amigo engenheiro eletrõnico que se tornou um negacionista. Fica com uns papos furados no whatsapp sobre cloroquina, e me mandando links de sites bolsonaristas. Diz que o Coronavírus é também vírus de gripe.",1,0.5116694569587708,0.4883305728435516,,Incerta
"""toma o que ceis quiserem, fica preso aí, espera um milagre ou a vacina"". CLOROQUINA ESTÁ SALVANDO VIDAS e isso incomada! A produção em massa de CLOROQUINA pelo exército, incomada!",Que os contrários à HIDROXICLOROQUINA não tomem! Deixem de frescura e parem de torrar o saco!,2,0.549576461315155,0.4504234790802002,,Incerta
"lula tem que tomar cuidado, medir cada palavra, porque, como urubus, a mídia comercial fica à espreita, esperando algum deslize para tentar equipará-lo a jair bolsonaro","e jair cloroquina bolsonaro são diferentes em tudo. Mas deve-se tonar cuidado mesmo nas palavras,  companheiro.",2,0.416873961687088,0.5831260681152344,,Incerta
"Três pergunta simples:  As pessoas que pegavam malária, lúpus ou artrite reumatoide e usavam cloroquina estão vivas como?  Porque ninguém fez tantos alertas para elas sobre os efeitos colaterais do remédio?  A vida delas não importavam?","Moro em Itaituba. Pá, aqui todos usamos, a Cloroquina no combate da malária, aqui sobrevivemos  do Ouro, essa narrativa não passa de hipocrisia barata. Todos q vão na Upa, com suspeita de Covid, qdo dá positivo, já saem com o seu kit , e estão sendo curados.",1,0.450264036655426,0.549735963344574,,Incerta
"No dia em que o Brasil atingiu pela 1ª vez a marca de mil mortes em 24 horas, Bolsonaro voltou a defender a cloroquina. Em entrevista nas redes sociais, o presidente disse que o ministro interino vai baixar um protocolo sobre o assunto e fez uma piada #JG",Alguém se surpreso com a anta falando merda? já é rotina do Brasil isso aí,2,0.532909631729126,0.4670903384685516,,Incerta
"Apresentei um projeto de decreto legislativo p/ sustar o novo protocolo do  que recomenda uso precoce da cloroquina em pacientes com #Covid19, enqto não houver estudos científicos que comprovem sua eficácia. O presidente não deveria fazer uso político de algo tão sério.",São uns filhos da puta genocidas mesmo. pqp !!!!,2,0.5886555910110474,0.4113443791866302,,Incerta
"USO DE CLOROQUINA AMPLIADA NO BRASIL  Ministério da Saúde amplia a possibilidade de uso do medicamento para casos leves de coronavírus. Não há, porém, evidência científica de que a droga tenha eficácia no tratamento. Siga o fio e veja o que muda    Gerard Julien/AFP",Mano vai se ferrar ninguém acredita em ciência no governo do bozo,2,0.4340587556362152,0.5659412741661072,,Incerta
"CLOROQUINA:  - Há alguma comprovação da sua eficácia? NÃO.  - Se eu tivesse ferrado no hospital por conta do COVID, eu gostaria de usar? LÓGICO.  Simples assim...","Eu só tomaria em último caso, com sintomas leves não, se com Red Bull tenho taquicardia, imagina com Cloroquina, sei não.",1,0.5021457076072693,0.4978543221950531,,Incerta
"""Nós não faremos a distribuição e nem aplicação generalizada da cloroquina, porque a ciência não recomenda"", disse o governador de São Paulo, João Doria.","Então  peça aos cientistas para ir  nessa sua coletiva  de merda diária  pra dizer isso, mas leva  médicos sérios experientes, porque sua credibilidade em qualquer assunto é  zero. O povo já sabe da história de sucesso da cloroquina em outras doenças. Mentiroso e desumano você é.",1,0.4075898826122284,0.592410147190094,,Incerta
"Graças a Bolsonaro, os pacientes do SUS agora terão acesso à Cloroquina. Obrigado Presidente! #BolsonaroNobelDaPaz",E lembrando #NaoCompreDell,2,0.5053182244300842,0.4946817755699157,,Incerta
"coitada dessa criança, os pais devem ser doentes","""Ou vai tomar cloroquina ou vai comer cucuz"" KKKKKKKKKKKKKKKKKKKKKK",2,0.4361110031604767,0.5638890266418457,,Incerta
"Apresentei um projeto de decreto legislativo p/ sustar o novo protocolo do  que recomenda uso precoce da cloroquina em pacientes com #Covid19, enqto não houver estudos científicos que comprovem sua eficácia. O presidente não deveria fazer uso político de algo tão sério.","PQP, vcs fizeram eu compartilhar post do Serra! Quando isso vai acabar?",2,0.5261935591697693,0.4738064110279083,,Incerta
"""Nós não faremos a distribuição e nem aplicação generalizada da cloroquina, porque a ciência não recomenda"", disse Doria.  O médico dele usou a ciência ou a cloroquina?   Quando a política  está acima de salvar vidas.  Anote ai PSDB PSDB  NÃO ESQUEÇA   PSDB",PSDB nunca mais!!! #BrasilComBolsonaro #NaoCompreDell #NaoCompreSubmarino,2,0.5417981147766113,0.4582019448280334,,Incerta
"O novo protocolo sobre o uso da cloroquina editado por Jair Bolsonaro é incrível.  Primeiro porque ele não é assinado por ninguém, nem ministro, nem médico, ninguém.  Depois, porque o paciente tem de assinar termo onde consente que ""não existe garantia de resultados positivos"".","Cara, q absurdo!",2,0.5861438512802124,0.4138561189174652,,Incerta
"Como assim ""traficar cloroquina"", ?  Além de vocês cancelarem seus anúncios no  com base em uma alegação FALSA ainda anunciam no ?  Vocês concordam com esse tipo de jornal q DISSEMINA FAKE NEWS?  Não? Então por favor, retirem seus anúncios.",Que bonito hein !   Apoiar a mídia que propaga notícias FALSAS de fato!,2,0.5848820209503174,0.4151179790496826,,Incerta
Alguém precisa parar os pais desse menino. O moleque ja é insuportável e ainda é obrigado a gravar isso,tomara que esse menino tome a cloroquina que tanto deseja,2,0.4939820170402527,0.5060180425643921,,Incerta
Não há comprovação científica da eficácia da cloroquina.  Quem disse isso? Bolsonaro.  O mesmo Bolsonaro que só liberou novo protocolo sobre o uso em pacientes com quadro leves APÓS editar MP que o isenta de responsabilidade.  Isso é fazer cálculo político com VIDAS!,"É simples, ele ja conseguiu o que ele queria, a liberaçao dessa porra.. Vai satisfazer o interesse que ele tinha por trás disso, agora ta tentando da uma amenizada pra tirar o Cu da Reta, quando uma pá de gente MORRER por causa dessa MERDA que ele tanto, insistiu..  Malandragem..",2,0.1151213496923446,0.8848786354064941,,Alta
"Além disso, sendo ministrada em estágio inicial, ele coloca para ele o mérito da doença não matar a grande maioria das pessoas. ""Foram curadas por usarem Cloroquina."" É fácil derrubar esse argumento, mas o povão não vai pesquisar pra entender não. O PR não presta.","Deixa eu ver se entendi, então o Concelho Federal de Medicina São irresponsáveis, pois autorizaram o uso da cloroquina?",1,0.1421340107917785,0.8578659892082214,,Alta
Vcs se acham o que? Algum médico vai ser irresponsável de dar a cloroquina sem saber se o paciente pode tomar? Todos os médicos  sao estupidos segindo vcs! Vai no Sírio e no Eistein ver se tem gente morrendo? Estão ministrando cloroquina a meses! COVARDES #edicao16,"Vagabundo cheira pracaraí e tá reclamando da cloroquina rs. Viciado fdp, vc cheira essa porra cheia de pó de mármore e tá preocupado com remédio que tem mais de 80 anos de uso? Todos que boicotam o remédio se tomarem algum dia tem que entrar na porrada pra deixar de ser fdp",0,0.1395502984523773,0.8604496717453003,,Alta
"Mesmo que quiséssemos, sabe quais são os problemas para prescrever Cloroquina COM SEGURANÇA em todo o país? Segue esse fio e acompanhe a história de Seu Jair, um paciente hipotético do mundo real. (Fio Hipotético tá? Não jogamos nossos Diplomas no lixo ainda não)","Amiga, posso te pedir para ler essa explicação de médicos do SUS, que conhecem nossa realidade? Vender a ideia da cloroquina como salvação incentiva o desrespeito à quarentena, é um erro. Abraço!",2,0.1628729701042175,0.8371270298957825,,Alta
"Só pelo anti esquerdopata da pra ver que tu falhou miseravelmente na vida HUAHAUA vai lá se drogar de cloroquina, vai","Falhei na vida, diz o sujeito q tem apenas 2 seguidores kkkkkkk... Melhor eu me drogar de cloroquina do q da mac0nha q corrói seu cérebro",1,0.185745358467102,0.8142547011375427,,Alta
"Bando de criminoso tentando proibir o protocolo da cloroquina porque a ""ciência ainda não comprovou"".  Mas um bando de médico rico tomou e se curou.  Mas o povo não pode escolher se toma ou não.  Brasileiro é o povo mais passivo e bunda mole que existe.",Estou sentindo desânimo já  de tanra passividade mas ainda sou #EuApoioBolsonaro,2,0.163610354065895,0.8363896012306213,,Alta
Alguém de vocês já tiveram que fazer algum exame com contraste e leram a declaração que somos obrigados a assinar? Por que a celeuma com a Cloroquina que até antes da pandemia era vendido sem qualquer receita médica?,"tomara q eu n pegue nunca corona, pq se eu não assinar o termo de uso da cloroquina, pq ao invés de morrer de efeito colateral, minha mãe me mata",0,0.1150693073868751,0.8849306702613831,,Alta
"- Ainda não existe comprovação científica, mas sendo monitorada e usada no Brasil e no mundo. Contudo, estamos em Guerra: “Pior do que ser derrotado é a vergonha de não ter lutado.”  - Deus abençoe o nosso Brasil.","""Vamos lutar empunhando uma arma para a própria cabeça...""",2,0.1367515623569488,0.8632484078407288,,Alta
"Inacreditável! BolsoNazistas estão se intoxicando e correndo risco de morte!!!! À toa, achando que vão se proteger do coronavírus!!!","Força cloroquina,cumpra sua missão sanitária de erradicar os bichos escrotos, amém!",1,0.1837170571088791,0.8162829279899597,,Alta
"Pô, depois de atender 64 pacientes hoje, vim pro Twitter desanuviar, e sou chamada de “ doutorzinho “. Cansei","Eu nem respondo mais, amiga. E também n vou bloquear não: está chegando a hora q a Cloroquina será feita na rede pública e no início dos sintomas. Aí eu quero só ver a cara de quem está demonizando a HCQ.",2,0.1759407222270965,0.8240593075752258,,Alta
"- Ainda não existe comprovação científica, mas sendo monitorada e usada no Brasil e no mundo. Contudo, estamos em Guerra: “Pior do que ser derrotado é a vergonha de não ter lutado.”  - Deus abençoe o nosso Brasil.","Oh meu senhor, por favor, renuncie",2,0.1783166676759719,0.8216833472251892,,Alta
"Mas isso vai rolar direto  Casos leves q se recuperariam sozinhos (afinal mortalidade tá 1% , UTI e internações um pouco mais q isso, só) que são a grande maioria, vão ser tratados com cloroquina, e o crédito da recuperação dado à ela.","tem razão, mas o psicológico é um fator importante na melhora, até se fosse uma medicação de farinha creio que seria melhor que só dipirona. a cloroquina pode ser ineficaz, mas dá esperança para os menos afortunados, que são a maioria.",1,0.1355860978364944,0.8644139170646667,,Alta
"Deputado apresenta requerimento para ouvir ministro da Defesa sobre produção de cloroquina nos laboratórios das Forças Armadas: ""o entusiasmo do presidente Bolsonaro com os benefícios do medicamento não está em consonância com as respostas científicas”","Requerimento meu. O povo tem o direito e precisa saber, pois são recursos públicos usados contra as recomendações científicas.",2,0.1220299080014228,0.8779700398445129,,Alta
Quero saber quem vai tomar Paracetamol agora?,"A pessoa, em nome da saúde e emagrecimento, toma vinagre com limão, compra remédio inovador da internet, toma 10 pílulas de remédios diferentes por dia que tem efeitos colaterais gravíssimos, mas só porque o Bolsonaro indicou a cloroquina, ele não toma....",2,0.150125116109848,0.8498749136924744,,Alta
"Vi no Jornal da Globo uma descrição dos efeitos colaterais da Cloroquina e da Hidroxocloroquina.  A partira daí,  parece que é melhor dar um tiro na própria cabeça do que usar esses medicamentos. Não sei como o pessoal que usou para combater a malária sobreviveu.","Pare de assistir os jornais da globo, mais mortífero que o vírus",2,0.1295027732849121,0.8704971671104431,,Alta
"Apresentei um projeto de decreto legislativo p/ sustar o novo protocolo do  que recomenda uso precoce da cloroquina em pacientes com #Covid19, enqto não houver estudos científicos que comprovem sua eficácia. O presidente não deveria fazer uso político de algo tão sério.",Qual a moral que verme tem pra falar alguma coisa só fez merda nus mandatos dele esse rato de esgoto,2,0.1591096818447113,0.8408902883529663,,Alta
"Olha aí  , continue lutando pelo bem do povo em várias frentes, equilibrando saúde e economia, é o que precisamos que um presidente faça, tome decisões em tempo. Portugal, não teve efeitos colaterais . A esquerda e os opositores mentem .","Grande luta pelo povo e pela saude, chamando uma pandemia de gripizinha e fazendo comentario adolecente pra mitar como os bolsogados falam, discurso que um presidente de um País deveria pensar melhor. Prefere cloroquina ou tubaina ? Serio eu aos 10 anos tinha mais juizo que isso.",1,0.1012258678674697,0.8987741470336914,,Alta
"A verdade às vezes se esconde no óbvio. A eficácia da cloroquina contra o Covid19 pode ser contestada. Mas se a droga fosse tão maléfica à saúde quanto querem uns, ela não estaria sendo utilizada há décadas. Vamos ser razoáveis pessoal.",Quem é esse pessoal?,2,0.100291796028614,0.8997082710266113,,Alta
E daí?,"Vc prefere cloroquina em supositórios, certo???",1,0.1463110148906707,0.8536889553070068,,Alta
"A verdade às vezes se esconde no óbvio. A eficácia da cloroquina contra o Covid19 pode ser contestada. Mas se a droga fosse tão maléfica à saúde quanto querem uns, ela não estaria sendo utilizada há décadas. Vamos ser razoáveis pessoal.","Razoáveis assim, estilo Bolsonaro?",2,0.1218377649784088,0.8781622648239136,,Alta
Já ouviu falar na cloroquina ou sua torcida é  só  pro virus  ?,Vc é médico ou só vai na onda ? Pq se for por favor me dê uma aula? Mostre sua tese.  Gostaria muito de ler.   Ou vc é apenas uma Maria vai com as outras.  A minha torcida é que encontremos Realmente a cura . Ou vc preferir tomar cloroquina pelo resto da sua vida ?,1,0.1842932701110839,0.815706729888916,,Alta
"Ah, então, segundo o grupo Globo, o motivo pra não se usar a cloroquina é porque ela “tem riscos!”  Façam o favor, pessoas estão morrendo!  Vocês já leram a bula da aspirina?",A bula ds Novalgina é pior que da Cloroquina e nem por isso as pesdoas deicharam de tomar,1,0.1967018097639084,0.8032981753349304,,Alta
"Esse papo de uso ou não da cloroquina está cansando, pra mim está mais do que provado que funciona, tenho cinco pessoas da minha família no Maranhão que tomaram e estão curadas, o resto é balela.  #GrandeDebate",Porque a China pode usar o protocolo prematuro e o Brasil fica nessa discussão? #CloroquinaSalvaVidas DÓRIA Sabe Chinna Usa Cloroquina e Nega ao Povo  via,0,0.1678560674190521,0.8321439027786255,,Alta
"Esquerda mete o pau na cloroquina, mas toma na hora do aperto.  Esquerda mete o pau no capitalismo, mas ganha dinheiro com ele e usufrui de todas as suas benesses.  Que nome damos a isto?",Ninguém vai tomar essa bostaquina  E a gente literalmente VIVE num sistema capitalista  Não sei que nome se dá a isso mas o nome de pessoas como você seria: gente burra,2,0.146629199385643,0.8533708453178406,,Alta
"Amigo... Não está errado.  Veja bem: O comprimido de Cloroquina é de 150mg. O de Hidroxi é de 400mg.  A dosagem é de 400 a 600mg o indicado no mundo todo.  Mais tóxica ou não, para o efeito ser igual a dosagem é igual.  Pós-exposição ok, pode ser menor, sintomas? Aí não.","Como que coloca no protocolo que a Cloroquina são 400mg se só vende de 150 em 150?  Dando 150, 300, 450, 600, 750, 900;  Compreende? É impossível. Está dentro do padrão, não tem nada de superdosagem ou errado.",1,0.1366013288497924,0.8633986711502075,,Alta
"Bolsonaro quis alterar bula da cloroquina, diz Mandetta",TA DE BRINCADEIRA ESSE PSEUDOPRESIDENTE,2,0.9872120022773744,0.0127879790961742,,Random
Qual é a cloroquina da sua profissão?,Telhado verde,2,0.9776380062103271,0.0223620235919952,,Random
Qual é a cloroquina da sua profissão?,"Qual é, ?",2,0.6005326509475708,0.3994672894477844,,Random
Mandetta diz que governo queria mudar a bula da cloroquina. Vocês tem noção da gravidade disso?,CRIME! Mais um entre tantos outros deste governo!,2,0.8991203904151917,0.1008796691894531,,Random
"Pegue o vírus, filho duma puta. Quando o Covid começar a corroer suas entranha, vc. irá implorar pela Cloroquina igual à uma gazelinha saltitante no cio. Idiota cabeçudo !",enfia a cloroquina no teu rabo,1,0.487881451845169,0.5121185779571533,,Random
minha filha tu não sabe nem quantas ligações o carbono faz e vem me falar de cloroquina cala essa boca,Ver a cara de CU do Bonner dizendo que as medicações azitromicina e cloroquina serão liberadas para o SUS ñ tem preço  #RemedioDoBolsonaro,0,0.9769349098205566,0.0230650212615728,,Random
Militar nomeado no SUS publicou fake news sobre cloroquina e ofendeu OMS,"Mais patifaria vindo à tona.  Uma pergunta irônica, por acaso, vem alguma coisa de bom do ? É muito raro!",2,0.970240592956543,0.0297594182193279,,Random
"Diante da recusa de dois ministros da Saúde, que optaram por pedir demissão para não assinar o documento, coube ao general Eduardo Pazuello, que assumiu a pasta de forma interina,  liberar a cloroquina para todos os pacientes de covid-19.",Se as pessoas não se importam de ficar cegas ou com problemas cardíacos oriundos dos efeitos causados pelo medicamento é um escolha das pessoas ... Pessoas inteligentes analisam riscos e se previnem contra eles ... #lamentavel #ForaBolsonaroUrgente #followtrick,2,0.9764983654022216,0.0235016327351331,,Random
"Quem é de direita toma cloroquina, de esquerda tubaína.... isentão vaselina.",Bem assim!,2,0.9816721081733704,0.0183279402554035,,Random
"Mandetta: 'Quem é de direita usa cloroquina. Quem é de esquerda, tubaína. E quem é de juízo, escuta a medicina'",Mas você pode ser de esquerda e usar o juízo e obedecer a CIÊNCIA e deixar a a cloroquina e a tubaina de lado!!!,1,0.9185132384300232,0.0814867541193962,,Random
"No dia q o desgoverno  mudou o protocolo para recomendar cloroquina em casos leves, lamentamos a morte por coronavírus do dep. estadual Gil Vianna, do PSL do RJ, que usou o remédio, mas infelizmente não conseguiu se salvar. Não há provas que cloroquina cura Covid-19","A cloroquina não vai salvar todo mundo assim como a quimioterapia tbm não salva do câncer, tem uma pequena parte que nenhum medicamento vão salvar, não seja suja de colocar isso na conta da cloroquina #CloroquinaSalvaVidas",1,0.9586300253868104,0.0413699857890605,,Random
"Olha só, , como fica feio seus produtos em meio a apologia de uso de cloroquina, medicamento considerado ineficiente e com graves efeitos colaterais pela OMS para o combate à COVID.  Desmonetize. Veja a campanha de .","Oi! ,  você é uma das melhores, mas considere bloquear anúncios em sites e jornais de disseminação de ódio, fake news e contra a democracia. Acredito que sua marca não compactua com fakes. #SleepingGiantsBrasil",2,0.5000481605529785,0.4999518394470215,,Random
Qual é a cloroquina da sua profissão?,Gênero neutro marcado com X ou @.,2,0.98542582988739,0.0145741393789649,,Random
"Eu e minha família pegamos.   Meu pai precisou ficar internado e foi entubado. Ele se recuperou de uma saturação de 68% com cuidados medicos, antiinflamatorio e antibiótico. Cloroquina demonstra, na verdade, uma tendência contraria (causa infarto)","Então há uma ENORME chance de ser melhor ""nada"" do que a Cloroquina.  Como eu disse anteriormente: um paraquedista não sabe mais de medicina que um médico.  Não à toa 2 MÉDICOS foram demitidos do ministério p poder aprovar isso.",1,0.9481764435768129,0.051823616027832,,Random
"1-Experiencias na 2a Guerra, utilizada pelos nazistas alemães, tinha por obj testar medicamentos em milhares de prisioneiros dos campos de concentração. 2- Bolsonaro sobre Cloroquina “pode dar certo, pode não dar certo, a cloroquina deveria ser utilizada” #ForaBolsonaroGenocida",Na dúvida não tome,2,0.9668129682540894,0.0331870205700397,,Random
1) O efeito colateral da Cloroquina MAL RECEITADA pode matar uma pessoa de infarto 2) O agente público pode sair impune desse erro fatal 3) Pode faltar cloroquina para quem realmente precisa  Ligue os pontos.,"Fica claro quem é à favor da vida e quem é à favor da mortes.  CLOROQUINA É VIDA, pois tem salvado muitas pessoas.",1,0.7234622836112976,0.2765377163887024,,Random
Na saída do serviço o chefe: “se cuidem e tomem cloroquina” eu: “na teoria do louco do seu presidente devo tomar itubaína”. Perdeu até o medo de ser demitida né minha filha?,enfia a cloroquina no cu seu desgraçado,0,0.6392347812652588,0.3607652485370636,,Random
"Menos ciência, mais cloroquina Menos planejamento, mais improviso Menos experts, mais generais Menos luto, mais humor  Menos coerência, mais centrão Menos Brasil, mais Brasília   #SOSBrasil",SOS Brasil,2,0.6591441035270691,0.3408558666706085,,Random
"Bolsonaristas criam 'corrente do bem' e se medicam com cloroquina, azitromicina e antipulgas",Gente vocês já ouviram falar do caso de Jonestown ??? Esses bolsonaristas tão me lembrando demais essa história,2,0.9875453114509584,0.0124546959996223,,Random
Serra apresenta projeto para barrar novo protocolo da cloroquina.,"O homem que financiou o assassinato do meu filho, quer matar o seu também.",2,0.956408441066742,0.0435915328562259,,Random
"Bom dia . Se preparem ,agora as mortes serão por causa da cloroquina e hidoxicloroquina, a cada dia mais nojo da ideologia comunista.","“Em tempos de pessoal da direita usa cloroquina e da esquerda usa tubaína, quem tem juízo ouve a medicina”   MANDETTA, Luiz Henrique. 2020",0,0.8608378171920776,0.1391621530055999,,Random
Deputado do PSL morto por Covid-19 usou cloroquina,"Poxa ninguém avisou, ninguém poderia prever",2,0.9868285059928894,0.0131714660674333,,Random
"O cara que esquerda tem que tomar tubaína, pensa em alterar a bula da cloroquina. Oque vocês querem pra tirar esse desgraçado do poder ?","Pra quem não sabe, tubaína foi o nome dado a uma das piores práticas de torturas feitas na ditadura",2,0.941032648086548,0.0589673295617103,,Random
"José Serra apresentou um projeto para barrar o novo protocolo da cloroquina. O senador pede que o protocolo não entre em vigor enquanto não houver estudos científicos que comprovem sua eficácia. VALERÁ TAMBÉM PARA OS PACIENTES DO ALBEEINSTEIN,OU SÓ OS POBRES NÃO PODERÃO TOMAR?","DEIXA ESSA BESTA INÚTIL FICAR DOENTE , DAÍ A CLOROQUINA PASSA A SERVIR ... HIPÓCRITAS !",1,0.3381177186965942,0.6618823409080505,,Random
Ao menos oito Estados não devem aderir a uso generalizado de cloroquina,"É uma boa, vão servir de parâmetro para medir o resultado da cloroquina. Duvido que não vão usar!",1,0.9643933773040771,0.0356066264212131,,Random
"Hoje  tomou uma atitude corajosa, que salvará milhares de vidas: liberou o uso da cloroquina pra todos os casos de COVID-19 no SUS, mesmo os leves  Basta o paciente autorizar o uso do medicamento, que tem se mostrado muito eficaz em diversas partes do mundo",Pelo menos agora as pessoas mais humildes poderão ter direito ao acesso ao tratamento e ter mais armas para lutar contra este inimigo invisível e vencer essa Guerra. Parabéns PR,2,0.5391730070114136,0.4608269333839416,,Incerta
"""Nós não faremos a distribuição e nem aplicação generalizada da cloroquina, porque a ciência não recomenda"", disse o governador de São Paulo, João Doria.","Se da parte do Ditadoria, a questão é científica para determinar algo, presume-se que amanhã estaremos com isolamento vertical sendo praticado em São Paulo!!",2,0.5704669952392578,0.4295330345630646,,Incerta
tomando uma caipirinha de cloroquina,Na mamadeira de piroca,2,0.4189538955688476,0.5810461044311523,,Incerta
"- Dias difíceis. Lamentamos os que nos deixaram. - Hoje teremos novo protocolo sobre a Cloroquina pelo  .  - Uma esperança, como relatado por muitos que a usaram. - Que Deus abençoe o nosso Brasil.","Esse novo protocolo sobre cloroquina, junto com os relatos de quem ja usou. Me lembra muito da igreja, curando cancêr com agua benta, ou a homosexualidade com o amor de Deus. Então é isso,  ignoramos cientistas e vendemos aquilo que você quer comprar,VOCE VAI SER CURADO MEU FILHO",2,0.5089291930198669,0.491070806980133,,Incerta
a criança chata do cuscuz com ovo é bolsominian ainda,"Vcs espumando ódio contra a criança q nem sabe oq é cloroquina, isso é os pais dele seus imbecis",2,0.4501787424087524,0.5498212575912476,,Incerta
"Apresentei um projeto de decreto legislativo p/ sustar o novo protocolo do  que recomenda uso precoce da cloroquina em pacientes com #Covid19, enqto não houver estudos científicos que comprovem sua eficácia. O presidente não deveria fazer uso político de algo tão sério.","Vai interferir no executivo  , vai da super certo palhaço vagabundo  ! Espero que pazuello manda vc para puta  que te pariu",2,0.5410032868385315,0.4589967131614685,,Incerta
"No dia q o desgoverno  mudou o protocolo para recomendar cloroquina em casos leves, lamentamos a morte por coronavírus do dep. estadual Gil Vianna, do PSL do RJ, que usou o remédio, mas infelizmente não conseguiu se salvar. Não há provas que cloroquina cura Covid-19","Vc é muito falsa né ! Desde o começo e pediu o cloroquina , para que tá feio  sua vida está um escândalo , vc não tem vergonha nao....",1,0.5640721321105957,0.4359278976917267,,Incerta
O Ministério da Saúde ressalta que apesar de até o momento não existirem evidências científicas robustas que possibilitem a indicação de terapia farmacológica específica para a COVID-19,"vai se fuder, porra de estrutura de lewis da cloroquina, nem sei mais fazer essa merda do caralho",0,0.5110598802566528,0.4889402091503143,,Incerta
O ex Ministro da Saúde Mandetta relatou que Bolsonaro e seu governo queriam mudar a bula da cloroquina. Vocês tem noção da gravidade disso?   Estamos lidando com criminosos e sociopatas.,Isso é crime!!!!!!!! Interditem antes que comets algum!,2,0.5307731628417969,0.4692268073558807,,Incerta
MEU DEUS É JONESTOWN ME TIREM DAQUI,"na boa, q eles se entupam de Cloroquina e morram de infarto  ah, falei mesmo",1,0.490673154592514,0.5093267560005188,,Incerta
"A questão não é tomar ou não a poha da cloroquina, é ter um plano para combater o vírus e ORIENTAR a população, que não sabe o que fazer. Todos perdidos no meio desse tiroteio. #SOSBrasil",enfia a cloroquina no teu cu bolsonaro besta fera,0,0.5688748359680176,0.43112513422966,,Incerta
"Apresentei um projeto de decreto legislativo p/ sustar o novo protocolo do  que recomenda uso precoce da cloroquina em pacientes com #Covid19, enqto não houver estudos científicos que comprovem sua eficácia. O presidente não deveria fazer uso político de algo tão sério.","Pergunta pro Dr. Roberto Kahlil e pro Davi Uip pra ver se a cloroquina funciona ! Mas claro que não vai perguntar , pq já sabe a resposta . Esse PL é pura canalhice!",1,0.5073803663253784,0.4926196932792663,,Incerta
"Mundo todo correndo contra o tempo tentando desenvolver uma vacina pra Covid-19, investindo mt dinheiro em pesquisa e ciência, já o Brasil segue fazendo um total de zero coisas, presidente n investindo e nem apoiando a ciência, unica coisa q ele sabe fazer é ""receitar"" cloroquina","Eu queria ver o que o presidente postou aqui no tt falando sobre o ministério da saúde e a legalização da cloroquina, mas felizmente sou bloqueada e não posso ver as babaquices ele posta",0,0.5627239942550659,0.4372759163379669,,Incerta
"Apresentei um projeto de decreto legislativo p/ sustar o novo protocolo do  que recomenda uso precoce da cloroquina em pacientes com #Covid19, enqto não houver estudos científicos que comprovem sua eficácia. O presidente não deveria fazer uso político de algo tão sério.","É o novo modelo daquela sua prática de ""justiçamento"" né ? Safado. #EuApoioBolsonaro",2,0.5921239256858826,0.407876044511795,,Incerta
"""Nenhum estudo observacional publicado sugeriu claro benefício. Pelo contrário, vários indicaram potenciais malefícios"", dizem pesquisadores da Fiocruz, USP, UFRJ, UEA e Academia Nacional de Medicina sobre a cloroquina.","Ridícula essa reportagem, vocês deveriam ter vergonha, sinceramente, a Cloroquina existe há mais de 70 anos e trata pessoas com Malária, Artrite Reumatóide e Lúpulo, agora vai curar muitas pessoas que não irão precisar de internação, a farra com dinheiro público vai acabar.",1,0.4434097111225128,0.5565902590751648,,Incerta
Ministério da saúde menti ao declarar que é clamor público.a medida que autoriza o uso da cloroquina. Nem o general assinou  tal medida. Vai ficar difícil  com o presidente impondo suas  vontades. Alguém tira esse irresponsável do poder  pelo amor de Deus me responde Deus.,Um abraço ai a todos os médicos que vão apanhar de filho de paciente por não querer receitar cloroquina,0,0.478066474199295,0.5219334959983826,,Incerta
"Hoje  tomou uma atitude corajosa, que salvará milhares de vidas: liberou o uso da cloroquina pra todos os casos de COVID-19 no SUS, mesmo os leves  Basta o paciente autorizar o uso do medicamento, que tem se mostrado muito eficaz em diversas partes do mundo","Quem for da direita toma cloroquina, quem for de esquerda toma Tubaína kkkkk",2,0.549267590045929,0.4507323801517486,,Incerta
#EuApoioBolsonaro é o caralho seu bando de gado filho da puta vão se mata de toma cloroquina,em vez de cloroquina tem que dar drogas pras pessoas pra ver se elas conseguem se autocurar com o pensamento positivo,0,0.5653896927833557,0.4346103370189667,,Incerta
"- Ainda não existe comprovação científica, mas sendo monitorada e usada no Brasil e no mundo. Contudo, estamos em Guerra: “Pior do que ser derrotado é a vergonha de não ter lutado.”  - Deus abençoe o nosso Brasil.","Impossível não ter um sniper. Digo e repito, um sniper.",2,0.4789212346076965,0.5210788249969482,,Incerta
Pq não pode usar um medicamento originalmente pra tratar malária como a Cloroquina mas todo mundo da mídia fica feliz quando se fala em remdesevir que é um medicamento feito pra tratar Ebola (e falhou)?,picaretagem pura.,2,0.5445752739906311,0.4554246664047241,,Incerta
sim estarei fazendo piadinhas sobre universo paralelo descoberto pela nasa porque esta é a nova reversão russa da época do desciclopédia,no universo paralelo da nasa a cloroquina toma você!,2,0.5849356055259705,0.4150643646717071,,Incerta
"Uma análise do protocolo do Ministério da Saúde sobre o uso precoce da HCQ/Cloroquina no #Covid_19 . Ele é uma afronta ao pensamento científica e a medicina séria, que se importa com as vidas em jogo","Quwm puder, retweeta pois é mais crime sendo cometido por este desgoverno.",2,0.4450618922710418,0.5549380779266357,,Incerta
"Ah, então, segundo o grupo Globo, o motivo pra não se usar a cloroquina é porque ela “tem riscos!”  Façam o favor, pessoas estão morrendo!  Vocês já leram a bula da aspirina?",Acho que não !!,2,0.4001897871494293,0.5998102426528931,,Incerta
"Apresentei um projeto de decreto legislativo p/ sustar o novo protocolo do  que recomenda uso precoce da cloroquina em pacientes com #Covid19, enqto não houver estudos científicos que comprovem sua eficácia. O presidente não deveria fazer uso político de algo tão sério.",O José Serra quer matar mais gente pra ele poder fazer uso político! Psicopata! #BrasilComBolsonaro,2,0.5452927350997925,0.4547072350978851,,Incerta
Nasa descobre possível universo paralelo onde tempo passa ao contrário,nesse universo a cloroquina funciona contra o covid,2,0.5226860046386719,0.4773139655590057,,Incerta
Qual é a cloroquina da sua profissão?,Profissão 1: Limão no rosto pra tirar mancha  Profissao 2: Parto vaginal deixa buceta larga  Profissão 3: enfiar bolinha de gel no ** ou na b*****,2,0.4908463954925537,0.5091535449028015,,Incerta
"Eis a cura  Só estão utilizando o vírus para impor o comunismo , ou o povo se rebela contra isso , ou seremos escravos desses bandidos  #BrasilComBolsonaro","todo mundo contra a CLOROQUINA, oque ela fez de errado??  18,5 MIL TWETTS por um Brasil Melhor TrumpHCQ Cloroquina   Um Site Brasileiro, APOIEM  SIGO de Volta todos #BrasilComBolsonaro",2,0.5775724649429321,0.4224275946617126,,Incerta
Qual é a cloroquina da sua profissão?,Ex-profissão: vai fazer Sol no feriado do mês que vem? (Meteorologia não é bola de cristal),2,0.5181649327278137,0.4818350970745086,,Incerta
Que todos os pobres morram !!! Que pelo menos se tornem dinheiro para o governo.,"Analisando FATOS: Trump usando a Cloroquina ""por prevenção"", famosos e secretários de saúde usando para se curarem da peste chinesa, hospitais particulares usando em seus pacientes.  Pelo visto os efeitos colaterais da cloroquina só dão em quem ganha menos de 2 salários mínimos.",0,0.5402151346206665,0.4597847759723663,,Incerta
"Bolsominions, tomem cloroquina supositório que o efeito é melhor! Obrg","Bom dia só pra quem toma Tubaína, quem toma cloroquina vai tomar no cu",0,0.5799646973609924,0.4200353324413299,,Incerta
Parabéns Presidente! A cloroquina não achamos em lugar algum na Bahia! Mas drogas tenho certeza que as bocas estao abastecidas e os esquerdopatas adoram! Manda a PF pra cá!,"Quando vc achar a cloroquina faz o favor pra humabidade e enche o seu cu de cloroquina e deixa os maconheiros em paz. Cloroquina mata, maconha não!",1,0.5062152743339539,0.4937846958637237,,Incerta
Maranhão anuncia reabertura econômica a partir de segunda (25) A reabertura será feita por etapas baseadas em protocolos da Casa Civil e deve ser realizada em um prazo de 45 dias,Maranhão usa cloroquina = menos pessoas morrem + Maranhão é o primeiro estado a ter reabertura economica = estado que vai sair primeiro da crise.  Ai vem os comunas nas próximas eleições falar do “ótimo trabalho” do Dino sendo que o cara fez exatamente o que Bolso propos a todos.,2,0.5372281670570374,0.4627718031406402,,Incerta
"O novo protocolo sobre o uso da cloroquina editado por Jair Bolsonaro é incrível.  Primeiro porque ele não é assinado por ninguém, nem ministro, nem médico, ninguém.  Depois, porque o paciente tem de assinar termo onde consente que ""não existe garantia de resultados positivos"".",Simplesmente escolheram. Um remédio e disse que ele seria a cura. Aí pega casos de pessoas que usaram e se curaram e diz que foi por conta do remédio,2,0.5992895364761353,0.4007104635238647,,Incerta
"Um país onde Tubaína e Cloroquina são tratadas como brincadeira, não pode ser um país sério. Deus só pode ter deixado de ser Brasileiro. Tá sem condição",Será que o Zé das couve que defende a cloroquina tá pesquisando uma vacina ou ele tá esperando o cientista fazer isso?,0,0.5296059846878052,0.4703940749168396,,Incerta
"Tubaína é melhor que Cloroquina: não tem efeitos colaterais, não mata, se exagerar na dose, e ainda refresca, se tiver com sede.","#grandedebate  Para um medicamento atingir comprovação científica levam-se anos. Se Cloroquina é barata, tem colaterais conhecidos (era vendido sem receita) e tem casos de sucesso contra o Corona, PORQUE NÃO UTILIZAR, TIAGO ANASTÁCIO?",0,0.4195055961608886,0.5804944634437561,,Incerta
"Não dá para fazer brincadeira, né? 1.179 mortes em 24 horas e fazer piada com cloroquina ou tubaína!",Caso a senhora venha pegar esse corona ñ  tome cloroquina ela ñ cura petista.,1,0.5510596036911011,0.4489404559135437,,Incerta
Qual é a cloroquina da sua profissão?,dióxido de cloro pra “””curar””” autismo,2,0.5377167463302612,0.462283194065094,,Incerta
Cloroquina cura; político irresponsável e corrupto mata. #NaoCompreDell,O ministério da saúde autorizou a utilização da cloroquina e da hidróxicloroquina em pacientes com covid-19.  Pra quem ainda tinha alguma duvida de que esse governo é genocida.  #ForaBolsonaro #ForaBolsonaroGenocida,0,0.5110110640525818,0.4889890253543854,,Incerta
"Ah, então, segundo o grupo Globo, o motivo pra não se usar a cloroquina é porque ela “tem riscos!”  Façam o favor, pessoas estão morrendo!  Vocês já leram a bula da aspirina?","Engraçado,não teve mimimi quando o uso da cloroquina foi aconselhado para as gravidas com ZIKA, durante os meses de gestação.  Em 2016 o próprio Jornal Nacional anunciava a cloroquina no combate ao zika virus.",1,0.4808922708034515,0.5191077589988708,,Incerta
"Remédio aqui no Brasil, agora, se toma por decreto. Em pleno pico da pandemia, não temos ministro da saúde.   Quem liberou a cloroquina no protocolo do SUS nunca passou nem na calçada de uma faculdade de medicina.","Por que será que o Doutor Infectologista , CRM 171 RJ, não assinou o novo protocolo do uso da cloroquina?",0,0.4973033964633941,0.5026966333389282,,Incerta
"Vence o princípio da equidade! Enquanto grande parte da rede privada tratava, com sucessos, seus pacientes com os medicamentos a base de cloroquina desde o início dos sintomas, somente os pacientes graves do SUS tinham acesso ao tratamento.","DEIXEM DE ENGANAR O POVO!!!  Todos os pacientes, desde que com prescrição médica, sempre tiveram acesso a cloroquina   Nunca existiu impedimento a sua administração. O que há é falta de comprovação de sua eficiência   Toma vergonha!!!",1,0.4092276096343994,0.5907723307609558,,Incerta
"Já que existem profissionais tanto contra como a favor do uso precoce da hidroxicloroquina/cloroquina, por que só mostram os contra? Seria apenas para manipular a opinião pública por motivos políticos? Vejam o que disse a Globo em 2016 !!!","Anos atrás, a #GloboLixo fez uma reportagem que dizia que a HCQ era segura  para tratamento de  grávidas com zica.",2,0.4054734706878662,0.5945265293121338,,Incerta
"NÃO EXISTE REMEDIO COMPROVADO CIENTIFICAMENTE CONTRA A COVID -19, MAS VAMOS USAR DE LIVRE ESPONTÂNEA VONTADE A HIDROCLOROQUINA, TEM GENTE QUE NAO QUER PORQUE TEM EFEITO COLATERAL, PASMEM, O EFEITO DA ASPIRINA NIMESULIDA,DIPIRONA E OUTROS, SÃO BEM PIORES QUE A CLOROQUINA.",cloroquina vai virar o novo dipirona do sus pq vão ter que usar essa merda até pra resfriado pra justificar a quantidade absurda que produziram,0,0.5753524303436279,0.424647569656372,,Incerta
"O  divulga orientações para tratamento da Covid-19, onde a Cloroquina pode ser ministrada em casos leves, com recomendação médica e autorização do próprio paciente/família.","o filha da puta pegou a merda do coronavirus, teve sintoma leve, tomou a merda da cloroquina e agora ta tranquilinho na cadeirinha de presidente dele achando que vai acontecer a mesma coisa com o brasil inteiro essa cara é um idiota",2,0.5474302172660828,0.4525697529315948,,Incerta
por mim libera a cloroquina  quer tomar cloroquina? toma seu verme mas vai assinar termo se responsabilizando e vai morrer EM CASA se der merda nao vem sobrecarregar um sistema saturado so pq vc eh um filho da puta terraplanista de merda,"Sempre defendi a liberdade individual de cada um fazer da sua vida o que quiser, desde que isso não traga prejuízos ao coletivo. Assim sendo, se o sujeito quiser tomar CLOROQUINA, defendo que ele tenha esse direito. Só não pode responsabilizar os médicos pelas consequências.",0,0.5587095618247986,0.441290408372879,,Incerta
"Hoje  tomou uma atitude corajosa, que salvará milhares de vidas: liberou o uso da cloroquina pra todos os casos de COVID-19 no SUS, mesmo os leves  Basta o paciente autorizar o uso do medicamento, que tem se mostrado muito eficaz em diversas partes do mundo",Mostra um lugar? E desde quando Bolsonaro é médico pra liberar droga? Aguardo trabalho científico mostrando efetividade. Nem todo mundo é gado.,2,0.4416688084602356,0.5583311915397644,,Incerta
"Precisamos falar do tal protocolo do Ministério da Saúde para #cloroquina e #hidroxicloroquina na #COVID19.  Primeiro: ele NÃO ""libera o uso"" de cloroquina em casos leves de Covid-19 no SUS, como tem sido noticiado.  Então, o que se quer com ele? Criar um fato político.  Explico.","1. O protocolo em si foi divulgado em um documento que parece até apócrifo, de tão tosco.  Não está vinculado a nenhuma das secretarias do ministério e nem está assinado por ninguém.  As referências são sem pé nem cabeça.  O Helio  explica aqui",1,0.4278024137020111,0.5721976161003113,,Incerta
"Para a direita, cloroquina. Para a esquerda, tubaina, para o centrão, propina. No avião do presidente? Cocaína",Com o boga na linguiça? ÔÔÔ XANAINA,2,0.4044719636440277,0.5955280661582947,,Incerta
"Aviso aos minions:  A Cloroquina só tem o efeito milagroso prometido pelo bozo quando tomada na mamadeira de piroca, seguindo as instruções do kit-gay.",só morre quem toma do jeito errado,2,0.5895600914955139,0.4104398190975189,,Incerta
"Min. da Saúde divulga protocolo p/ Covid-19 com Hidroxicloroquina+Azitromicina no estágio inicial, desde que paciente consinta. Termo cita estudos pró-tratamento na China/França, diz que ñ há estudo mostrando melhora e fala de risco à saúde, sem citar estudos que apontaram riscos","O termo se resume a: se você tomar a cloroquina, mesmo sem comprovação científica de seu benefício e com a chance disso piorar a sua saúde, você que lute, pois o governo tá se livrando da responsabilidade",2,0.4474848210811615,0.5525152683258057,,Incerta
"Apresentei um projeto de decreto legislativo p/ sustar o novo protocolo do  que recomenda uso precoce da cloroquina em pacientes com #Covid19, enqto não houver estudos científicos que comprovem sua eficácia. O presidente não deveria fazer uso político de algo tão sério.",Você é um vigarista sem tamanho.  Logo você verá o que você vale quando a única opção não for só o pt... Porque seus amigos tomam e vc não fala nada? Cloroquina p vc e Dipirona p povão  Vigarista.. Outro q farei campanha contra de graça,1,0.1190762296319007,0.8809237480163574,,Alta
"A verdade às vezes se esconde no óbvio. A eficácia da cloroquina contra o Covid19 pode ser contestada. Mas se a droga fosse tão maléfica à saúde quanto querem uns, ela não estaria sendo utilizada há décadas. Vamos ser razoáveis pessoal.","Uma coisa é o uso da cloroquina em algumas doenças onde os danos causados no corpo são conhecidos. Outra coisa é o uso da clorocrina nos pacientes de covid-19 com danos ainda desconhecidos no sistema nervoso, cardiorrespiratório, imunológico, urinário, etc.",1,0.1151945888996124,0.8848053812980652,,Alta
"O Ministério da Saúde divulgou nova orientação para os médicos do SUS, permitindo o uso de cloroquina e hidroxicloroquina na fase inicial da Covid-19. O uso dos remédios, sem eficácia comprovada, é alvo de críticas de associações médicas:  #JN","mano, não ????? pelo amor de deus, se já deu merda em outros países com essa medicação por que diabos eles vão usar essa bosta",2,0.1252157688140869,0.8747842311859131,,Alta
"Apresentei um projeto de decreto legislativo p/ sustar o novo protocolo do  que recomenda uso precoce da cloroquina em pacientes com #Covid19, enqto não houver estudos científicos que comprovem sua eficácia. O presidente não deveria fazer uso político de algo tão sério.","Faz uma carta pública que você abre mão de tratamento com a cloroquina,  caso você fique doente.",1,0.1676443964242935,0.8323556184768677,,Alta
"Vi no Jornal da Globo uma descrição dos efeitos colaterais da Cloroquina e da Hidroxocloroquina.  A partira daí,  parece que é melhor dar um tiro na própria cabeça do que usar esses medicamentos. Não sei como o pessoal que usou para combater a malária sobreviveu.",É preferível morrer de malária ou lúpus,2,0.1280660778284073,0.8719339370727539,,Alta
"Perguntado sobre a decisão do governo brasileiro de liberar o uso da cloroquina, um dos diretores da OMS lembrou que a eficácia do remédio ainda não foi comprovada cientificamente - e chamou atenção para os efeitos colaterais do medicamento. Pro JH:","Tudo tem efeito colateral. Se a pessoa autorizar juntamente com seu médico, beleza. Quem não, não usa. Próximo",2,0.1791685819625854,0.8208314180374146,,Alta
nao tenho condições de entender o pq do uso da cloroquina,"Gente, o “Bozo” não está obrigando ninguém a tomar Cloroquina, só liberando os médicos a utilizarem caso  queiram! É só continuar torcendo pra não funcionar! Aliás muitos países desenvolvidos já estão utilizando há tempos!",0,0.1008998975157737,0.8991000652313232,,Alta
Bolsonaro finalmente conseguiu forçar o Min. da Saúde a emitir protocolo que libera o uso em massa da cloroquina. Os pacientes terão que assinar um termo assumindo que o remédio não tem eficácia e que pode até matar. É um atentado contra a saúde pública e a vida dos brasileiros.,Cloroquina vai salvar o Brasil meu povo! Não acreditem nas esquerda genocida! Não dêem créditos a essa mulher!,1,0.1212867274880409,0.8787132501602173,,Alta
Bolsonaro finalmente conseguiu forçar o Min. da Saúde a emitir protocolo que libera o uso em massa da cloroquina. Os pacientes terão que assinar um termo assumindo que o remédio não tem eficácia e que pode até matar. É um atentado contra a saúde pública e a vida dos brasileiros.,Muitas pessoas estão sendo salvas graças a Cloroquina.,1,0.1016790047287941,0.8983210325241089,,Alta
"""Clamor da sociedade"". Essa foi a justificativa apontada por funcionária do Ministério da Saúde para o novo protocolo que amplia o uso da cloroquina no combate à #COVID19.  Apesar do ""clamor da sociedade"", não há evidência científica da eficácia da droga.",Se a sociedade falar q cocô é bom contra Corolla vírus o ministério vai recomendar todo mundo a comer merda tb?,2,0.1320893317461013,0.867910623550415,,Alta
"Olha aqui no Paraná,em Curitiba tudo aberto,num baixíssimo de óbitos e cloroquina sendo dada a população.","Olha a #Cloroquina salvando vidas lá no #Paraná! Vida normal, tudo aberto com popul. responsável se cuidando, mas livre para ir onde bem entende! Parabéns para o povo e gestores do Paraná.",2,0.1190230548381805,0.8809769749641418,,Alta
E daí se os editores do  não tem honestidade intelectual ou competência pra saber do que se trata antes de fazer suposições levianas?  Eis o video que viralizou e inspirou o fã que doou a máscara E daí? Antes e daí do que “ ainda bem”.,"E daí que vivemos uma crise mundial, e daí que vivemos em (des) governo desumano, e daí que a defesa do uso da cloroquina mesmo sem comprovação científica comprovada pode estar apenas servindo apenas para fins de interesses financeiros do próprio presidente...",2,0.1646802872419357,0.8353196978569031,,Alta
Você é a favor de poder optar pelo uso da cloroquina já no começo  do tratamento da covid-19?,Quando essa turma que fala que não pode toma é porque é bom,2,0.1827022433280944,0.8172978162765503,,Alta
"Chioro:""Esse protocolo não é assinado por ninguém, não há um responsável. Hj temos evidência de que cloroquina não funciona para pacientes graves. E já começamos a ter de que nem para uso profilático ela tem indicação.(...)Acho que ele será desrespeitado pelos médicos"" #debate360","O entrevistado está na sua frente falando que pegou covid 19 e tomou cloroquina e sarou, por que não tomar? Eu tomaria",1,0.1980349123477935,0.8019651174545288,,Alta
"- Ainda não existe comprovação científica, mas sendo monitorada e usada no Brasil e no mundo. Contudo, estamos em Guerra: “Pior do que ser derrotado é a vergonha de não ter lutado.”  - Deus abençoe o nosso Brasil.",achei que era meme mas infelizmente é vdd puta merda,2,0.186705857515335,0.8132941722869873,,Alta
mano isso de tomar cloroquina puta que pariu.. v,"Se a cloroquina faz mal a esquerda devia estar dando pulos de alegria por Trump estar tomando, mas não, estão bravinhos. Vai entender.",0,0.1298588216304779,0.8701411485671997,,Alta
"- Ainda não existe comprovação científica, mas sendo monitorada e usada no Brasil e no mundo. Contudo, estamos em Guerra: “Pior do que ser derrotado é a vergonha de não ter lutado.”  - Deus abençoe o nosso Brasil.",este homem se prova mais burro ao passar do dia,2,0.1408094614744186,0.8591905236244202,,Alta
"Apresentei um projeto de decreto legislativo p/ sustar o novo protocolo do  que recomenda uso precoce da cloroquina em pacientes com #Covid19, enqto não houver estudos científicos que comprovem sua eficácia. O presidente não deveria fazer uso político de algo tão sério.","Uso político é o que esta oposição burra está fazendo. Querendo derrubar o governo a qualquer custo. O protocolo exige prescrição médica para o uso do medicamento. O paciente não é obrigado a usar! Se ele quiser usar, tem que assinar autorização e o médico prescrever.",2,0.1513670533895492,0.8486329913139343,,Alta
"quando a abstinência e a obsessão se juntam, que medo desse cara",Isso que acontece com quem toma cloroquina! Tá feliz bozo?! AHAHHAHAHAAHHAHAAHAUA,2,0.1804707497358322,0.8195292353630066,,Alta
"- Ainda não existe comprovação científica, mas sendo monitorada e usada no Brasil e no mundo. Contudo, estamos em Guerra: “Pior do que ser derrotado é a vergonha de não ter lutado.”  - Deus abençoe o nosso Brasil.",Vo começar a comer formiga pra minha vista melhorar. Mas se bem que minha vó tem muito mais crédito que esse cara.,2,0.1794914603233337,0.8205084800720215,,Alta
"O tanto que eu já tomei de itubaina por causa do  nunca mais me faz de direita, se colocar cloroquina na veia evapora pq é itubaina todo fds por mais de 3 anos","e é isso ai, quer tomar cloroquina? pode tomar... mas se algo ruim acontecer o ÚNICO responsável por isso é VOCÊ! Inclusive isso vai estar escrito no termo que tu vai assinar pra autorizar a medicação... boa sorte pra quem vai se arriscar",0,0.1171033084392547,0.8828966617584229,,Alta
"Marcos BOULOS (sim, papi do boulos) médico que está na Superintendência de Controle de Endemias de São Paulo. Trabalha pro governo doria, inclusive no comitê de crise do coronavírus. Ele acha que a cloroquina e hidroxicloroquina são ineficazes. Alguém esperava algo diferente?","Nossa, alguém com um pouco de noção! O Paido Boulus é médico e acha q a Cloroquina é ineficiente, como a maioria dos profissionais de saúde que estão lidando diariamente com esta medicação. Agora seu Papito, aquele retardado mental quer enfiar esta merda no povo! Só Deus!",1,0.1607589721679687,0.8392409682273865,,Alta
"Antes a Globo “receitava” cloroquina até pra mulher grávida. Hoje dão a entender que é mais perigosa que o próprio coronavírus... POR QUE SERÁ, né? #TorcidaOrganizadaDoCoronavírus",Lixo!!!  #NaoCompreDell,2,0.1422534734010696,0.8577464818954468,,Alta
a criança chata do cuscuz com ovo é bolsominian ainda,Mano criança chata eh fruto de pais chatos o mlk n tem nem idade p saber q porra eh cloroquina e os pais dele obrigando ele a fazer essas merda na internet q do na moral,2,0.1202977821230888,0.8797022104263306,,Alta
"O documento que “legaliza a cloroquina” do ministério da saúde não é um PCDT, uma diretriz técnica. Tem apenas poder POLÍTICO. Portanto, não obriga nem deve orientar nenhum médico para cumprir a sandice de Bolsonaro com o droga.","Além dos médicos bolsominions, imagina os pacientes exigirem serem administrados com a cloroquina pq um presidente de bosta resolveu orientar sem nenhum embalsamento científico? Caos!",1,0.1076593622565269,0.8923406600952148,,Alta
Agora cada médico receita a cloroquina quando bem entender. Pau no cu do Doriana.,Mais objetivo e direto impossível.,2,0.9289619326591492,0.0710380226373672,,Random
"""Bolsonaristas criam 'corrente do bem' e se medicam com cloroquina, azitromicina e antipulgas"".  Antipulgas. Antipulgas. ANTIPULGAS.",A sacerdotiza d mal esquece q está falando c 80 MILHÕES D BRASILEIROS bolsonaristas  40 MILHÕES só n REDES  ELA é  minúscula como 1 pulga  JAMAIS SERÁ REELEITA   Só VOMITA desgraças e malefícios  OS ELEITORES dela devem aproveitar muito SUAS imunidades   #BrasilComBolsonaro,2,0.9476420283317566,0.0523579604923725,,Random
"Apresentei um projeto de decreto legislativo p/ sustar o novo protocolo do  que recomenda uso precoce da cloroquina em pacientes com #Covid19, enqto não houver estudos científicos que comprovem sua eficácia. O presidente não deveria fazer uso político de algo tão sério.","Seu canalha, mal caráter, hipocrita! É inviolável o direito entre MÉDICO E PACIENTE decidirem o tratamento. Pega seu projeto e limpa sua bunda. Não quer? Não toma cloroquina mas vai ser igual a uns por aí que pegam o vírus e escondem o tratamento, não é? Corja de corruptos",1,0.0769310966134071,0.9230688810348512,,Random
Senadores questionam liberação de uso da cloroquina para casos leves de covid-19,"Mais um desserviço do  p/prejudicar o povo! Temos o direito de escolher se usamos, ou não, a #Cloroquina ! #HidroxicloroquinaSalvaVidas #Covid_19 #COVIDー19 #COVID #coronavirus",2,0.9795829653739928,0.0204170495271682,,Random
"Na tarde de hoje, João Doria afirmou que São Paulo não vai receitar o uso de cloroquina para pacientes de COVID-19 mesmo que haja um decreto federal permitindo isso.  Quantas vidas poderão se perder para que o Governador paulista possa manter seu imenso ego intacto? Isso é justo?","durante toda a pandemia, Jair Bolsonaro afirmou que o Brasil não deveria entrar em quarentena.  Quantas vidas poderiam ter sidos poupadas se o Presidente do brasil apoiasse a medida que demonstra ter maior eficácia ao invés de manter sua burrice intacta? Isso é justo?",2,0.2106901705265045,0.7893097996711731,,Random
Qual é a cloroquina da sua profissão?,Metodologias Ágeis  vocês não estão prontos pra essa conversa,2,0.7992056608200073,0.2007943242788314,,Random
Estão tomando banho no esgoto também?,"E eu que to cantando mentalmente e sem controle ""cloroquina cloroquina, cloroquina la do sus eu sei q vc cura em nome de jesus""",0,0.971581757068634,0.0284181647002697,,Random
gente como assim bolsonero queria alterar a bula da cloroquina????????????,"jorge (meu celular) tá sendo a primeira vítima fatal do covid aqui em cb travando mais que a porra toda, não carrega, cai toda hora, trava etc  só me resta a cloroquina, que é usada em pacientes terminais",0,0.9718844890594482,0.0281155686825513,,Random
"Para a  direita , Cloroquina. Para a esquerda . Tubaína Pro centrão . Propina  No avião . Cocaína  Pro gabinete . Rachadinha Pra loja de chocolate. Laranjinha  Eita Caraio",Caralho Gil Vianna usou cloroquina,0,0.9440507888793944,0.0559491328895092,,Random
Será que vão misturar suco de uva com cloroquina?,"podiam misturar logo estricnina com cloroquina.. aliás, nem precisa né?! cloroquina já resolve hahah",1,0.3214750289916992,0.6785249710083008,,Random
"Bolsonaro quis alterar bula da cloroquina, diz Mandetta",MEU DEUS DO CÉU! Onde esse fdp vai parar?!,2,0.9869542717933656,0.0130456676706671,,Random
"Planalto queria mudar bula da cloroquina, diz Mandetta",Ai è apelo. Cloroquina è antiga para dedèu. Ate anos atrás eu comprava antibiótico sem receita. Zè Maria Jornalista Raíz. Oq dizer do nosso amigo.,1,0.9657461047172546,0.0342538841068744,,Random
"O  divulga orientações para tratamento da Covid-19, onde a Cloroquina pode ser ministrada em casos leves, com recomendação médica e autorização do próprio paciente/família.","Soca a cloroquina no teu rabo e no rabo da tua família de miliciano, seu merda!",1,0.6974329352378845,0.3025671243667602,,Random
"O STF mais uma vez barrou o decreto do Executivo e há risco de barrarem o novo protocolo da cloroquina.   Não dá mais, está na hora.","Não dá, mais!!!",2,0.3595369756221771,0.6404630541801453,,Random
Qual é a cloroquina da sua profissão?,Vidro verde,2,0.9417927265167236,0.0582073293626308,,Random
"Crack pode, mas Cloroquina nem pensar. Chega dar nojo e pena, os piores sentimentos que se pode ter por um ""ser humano"".",Que lixo! #EuApoioBolsonaro,2,0.9701117873191832,0.0298882499337196,,Random
"Marinho e seus especialistas. Cloroquina pode levar a óbito súbito? Quem tem malária, lúpus e artrite pode parar de tomar já, doutor? ""Toda a comunidade médica"". Fale por si. O Conselho Federal de Medicina confirmou o protocolo.  E aí, doutor especialista dos marinho?",Vão condenar o Viagra também?,2,0.807805597782135,0.192194402217865,,Random
"Na fala do ex presidente, presidiário e reincidente Lula, ficou claro todo movimento da esquerda sobre Cloroquina, Brasil e Covid-19: não querem um Brasil curado e livre do vírus chinês sem antes a saída de Bolsonaro. A esquerda prefere a morte de milhões do que perder o poder","Desculoe-me André Trigueiro usar seu excelente texto André Trigueiro  ·Menos ciência, mais cloroquina Menos planejamento, mais improviso Menos experts, mais generais Menos luto, mais humor  Menos coerência, mais centrão Menos Brasil, mais Brasília",0,0.932332158088684,0.0676678866147995,,Random
"Mandetta: Bolsonaro queria alterar a bula da Cloroquina para inserir indicação para COVID, mesmo sem comprovação da eficácia.",bah meu que velho desgraçado,2,0.947261393070221,0.0527385473251342,,Random
mano n defende cloroquina do meu lado não sujeito a paulada,Vontade de fazer um mix de cloroquina com itubaina e dar pro Bolsonaro enfiar no c*,0,0.9578289985656738,0.0421709902584552,,Random
Qual é a cloroquina da sua profissão?,"Se o STF validou, então não foi golpe.",2,0.9512969851493835,0.0487030446529388,,Random
"O  divulgou hoje o protocolo para uso da #cloroquina em pacientes com sintomas iniciais de #covid19. De acordo com o órgão, objetivo é garantir a todos os brasileiros o acesso à medicação",força #BrasilComBolsonaroAte2026,2,0.9881546497344972,0.0118452813476324,,Random
"Eu adorei que o termo de uso pra cloroquina que a pessoa tem que assinar pra tomar vem dizendo que o remédio não tem eficácia garantida, tem efeitos colaterais e pode acabar com órgãos vitais",Já acordamos discutindo com bolsominion no Facebook que quer enfiar cloroquina no ** de todo mundo e ainda põe culpa na mídia,0,0.951358675956726,0.0486413426697254,,Random
Protocolo que libera cloroquina para pacientes com sintomas leves acaba de ser liberado pelo Ministério da Saúde.,Parabéns ministro. Vamos salvar vidas. #ForaDoria,2,0.9813994765281676,0.0186005011200904,,Random
"Antes a Globo “receitava” cloroquina até pra mulher grávida. Hoje dão a entender que é mais perigosa que o próprio coronavírus... POR QUE SERÁ, né? #TorcidaOrganizadaDoCoronavírus",Essa Globo não tem jeito mesmo.,2,0.2168298810720443,0.7831701040267944,,Random
"Apresentei um projeto de decreto legislativo p/ sustar o novo protocolo do  que recomenda uso precoce da cloroquina em pacientes com #Covid19, enqto não houver estudos científicos que comprovem sua eficácia. O presidente não deveria fazer uso político de algo tão sério.","Ah, vai dormir. Já dizia o ditado ""quem não ajuda, pelo menos não atrapalhe"".  O Medicamento sempre foi vendido e usado sem necessidade de receita, agora ficam nessa discussão.  #Covid_19  #Cloroquina",1,0.4944726228713989,0.5055273175239563,,Incerta
"Filho da puta, vou te empurrar cloroquina guela abaixo, mas vc tem que assinar esse documento dizendo que tem ciência dos riscos que corre, talkey?","Vai chegar um momento que eu não vou me preocupar mais com um todo, só vou querer que minha família fique bem. E tantas gente ""ah a economia"", ""ah a cloroquina salva"", ah isso e ah aquilo, não vou nem mais bater boca e argumentar.",0,0.5462300181388855,0.4537700712680816,,Incerta
Já tá vendendo Cloroquina na Havan?,"Tá a venda sim a Cloroquina, porque? Vai querer quantas caixas? Apresente a receita médica e pague a conta que você leva! Fecha a boca, pô!",1,0.4764261841773987,0.5235738158226013,,Incerta
"Está estranha essa dosagem de cloroquina, não está não??",Existe diferença se for cloroquina apenas ou hidroxicloroquina. Acho que é a única diferença.,1,0.4575289487838745,0.5424710512161255,,Incerta
"São 1.179 mortes num único dia, no Brasil. Já passamos o Reino Unido e estamos em 3° lugar em números de infectados. Seguimos sem MS e parece que nem faz falta. A Cloroquina continua sendo a única preocupação de um ""pr"" que negou a doença, mas diz que achou sua cura. Déspota!",A história que o Mandetta contou sobre a adulteração da bula da cloroquina não chegou na TV. Mas a fala do Lula segue em todos os horários.,0,0.4828274846076965,0.5171724557876587,,Incerta
"Cloroquina mais azitromicina... Além de combater fortemente a Covid-19, evitam o vazamento de propinas.  Faz muito mal ao establishment, causa crises de abstinência com constantes convulsionamentos dos membro do sistema, por isso vivem cagando pela boca.","Olha ai esquerdistas, boquitas qualquer porcaria que gosta de dinheiro facil acabou! E o povo que nao aceita mais! E voces ainda nao entenderam!",2,0.5287110805511475,0.4712888896465301,,Incerta
"""Quer cloroquina? Assina aqui onde está escrito que não há provas científicas de que funciona e pode te matar. Pronto! Aqui a receita"". Ministério da Saúde.","Mas e se o avião estiver caindo? Mas e se você estiver na UTI nos últimos estágios de coronavirus? Não via querer tomar a cloroquina. A mensagem dos apoiadores do Bozo é clara, coloque-se no ponto da irracionalidade, da emoção máxima e tome todas as suas decisões ali.",0,0.4780130088329315,0.5219869613647461,,Incerta
e quando que a gente vai salvar esse coitado dos próprios pais?,ele disse que ou a pessoa toma um remédio que tem uns efeitos colaterais fudidos do krl ou.. come cuscuz? tô imune ao cloroquina,2,0.5140767097473145,0.4859233200550079,,Incerta
"Muito cuidado ao se automedicar!! Você pode ter infecções, reduzir drasticamente a absorção de nutrientes e reduzir a produção de magnésio, o que pode levar a problemas cardíacos.  Não, eu não estou falando da cloroquina e sim do perigoso Omeprazol!","#Debate360 se não tem estudos clínicos pq raios insistem tanto na cloroquina? Ricardo Barros está fazendo papel de idiota no debate. Chioro deveria dar a dica ""quem está assistindo, se precisar ir pro hospital, não aceite tomar o remédio"" PRONTO...",0,0.4969870746135711,0.5030128955841064,,Incerta
mais um,"bom dia pra quem teve que ouvir o uber durante a viagem toda, defendendo a cloroquina",0,0.4286473095417022,0.5713527798652649,,Incerta
"Hoje  tomou uma atitude corajosa, que salvará milhares de vidas: liberou o uso da cloroquina pra todos os casos de COVID-19 no SUS, mesmo os leves  Basta o paciente autorizar o uso do medicamento, que tem se mostrado muito eficaz em diversas partes do mundo",ESSE É O BRASIL QUE QUEREMOS!!! Hidroxicloroquina salvando vidas. #TodoPoderEmanaDoPovo  #BrasilComBolsonaro  #PatriotasComBolsonaro  #ForaDoriaDitador,2,0.4110416173934936,0.5889583230018616,,Incerta
Mas eles precisam de antipulgas. Isso é certo.,"Quero mais q se entupam de Cloroquina, antipulgas e Ivermectim.",1,0.492422878742218,0.507577121257782,,Incerta
Bom dia! Já tomou sua cloroquina ou Tubaína hoje? A questão deveria ser salvar vidas e não fazer política e piada com um assunto tão sério! #isolamentosocial #Covid_19 #FiquemEmCasa #saudeevida,"A questão não é tomar ou não a poha da cloroquina, é ter um plano para combater o vírus e ORIENTAR a população, que não sabe o que fazer. Todos perdidos no meio desse tiroteio. #SOSBrasil",0,0.5244656801223755,0.4755343496799469,,Incerta
"Para a direita, cloroquina. Para a esquerda, tubaina, para o centrão, propina. No avião do presidente? Cocaína",na favela? cachina!  Próxima música do Djonga ae,2,0.5867385268211365,0.4132615029811859,,Incerta
"- Dias difíceis. Lamentamos os que nos deixaram. - Hoje teremos novo protocolo sobre a Cloroquina pelo  .  - Uma esperança, como relatado por muitos que a usaram. - Que Deus abençoe o nosso Brasil.","Deus abençoe o Brasil mesmo, pq tu só tá afundando mais ele",2,0.4266951382160187,0.5733049511909485,,Incerta
Agora cada médico receita a cloroquina quando bem entender. Pau no cu do Doriana.,Exatamente. Quem não quiser que tome Tubaína.,2,0.5989779233932495,0.4010221064090729,,Incerta
"A Justiça nega a divulgação do receituário do gov socialista e tirano do estado de Pernambuco, mas obrigou o presidente  a divulgar o resultado dos seus exames e laudos que atestavam a não contaminação por Covid 19.   Alguém duvida que tem cloroquina receitada aí?","não preciso nem ver, certeza que usou Hidroxicloroquina kkk bundão tem medo de morrer, kkkkk quando a água bate na bunda nego levanta kkk.",2,0.5011926293373108,0.4988073706626892,,Incerta
"Novo protocolo do ministério da saúde libera o uso da cloroquina mas diz que não há “inequívoca comprovação” da eficácia. O paciente terá de assinar UM TERMO dizendo que concorda. OU SEJA: se o doente não usar e morrer vão culpá-lo, se usar e morrer fazer o q se assinou o termo.",Já disse e repito: eu não autorizo e não autorizo ninguém por mim a me deixar tomar esse veneno. Vão com esse kool-aid do Jim Jones pra casa do caralho.,2,0.5587015151977539,0.4412985146045685,,Incerta
"O  divulga orientações para tratamento da Covid-19, onde a Cloroquina pode ser ministrada em casos leves, com recomendação médica e autorização do próprio paciente/família.",Toma vergonha nessa sua cara de pau ! Vc quer matar o povo com o uso não comprovado da cloroquina ! #Genocida,1,0.597176194190979,0.4028237760066986,,Incerta
"Para a direita, cloroquina. Para a esquerda, tubaína. Para o centrão, propina. No avião do presidente, 39kg de cocaína",esse 1kg faltando que é de matar pqp,2,0.4113550186157226,0.5886449813842773,,Incerta
"""Usei uma frase infeliz, que não cabia, para tentar explicar que é no auge da crise que a gente entende a importância do SUS e do Estado. Peço desculpas a quem se sentiu ofendido"", diz  em entrevista à  e .","Quem assistiu a entrevista entendeu o que  quiz dizer o ainda bem foi infeliz e ele já se desculpou, vão tomar Cloroquina quem não quiser entender.",2,0.5528514385223389,0.4471485614776611,,Incerta
"Minha senhora, foi tentar ser o mais querido contigo. Estou no segundo ano de medicinal e vou te afirmar: hidroxicloroquina e cloroquina são simplesmente NULAS Quando se trata de doenças respitarorias, não ajudam em nada, além de causar infarto e alteração cardiaca em quem não","Precisa usar. Ela é um mentira, trata-se de pura eugênia, isolamento ajuda de algo, esse remédio não. Só essa semana atendemos 7 infartos devido ao uso de cloroquina aqui em lages,sc. Não seja tola em acreditar nisso",1,0.4018706679344177,0.5981293320655823,,Incerta
"No Brasil, todo mundo que sobreviveu à malária nos últimos 40 anos tomando cloroquina morreu do coração, segundo o Jornal Nacional.","Covardia dá mais taquicardia que cloroquina, e o povo brasileiro segue vivo, né?",1,0.4333033859729767,0.5666965842247009,,Incerta
"Hoje completo uma semana de cama e quatro dias internada com dengue, com plaquetas e linfócitos muito baixos. Não sabia que a dengue era tão horrível. Cuidem-se!","Dengue é demode.  Poderia ser Covid, afinal, quem torce pro #VirusChines deveria pegar e NÃO tomar CLOROQUINA",2,0.4079891741275787,0.5920107960700989,,Incerta
"Vi vários colegas baseando-se no protocolo do ministério da saúde para receitar a cloroquina em pacientes com sintomas leves da covid19,aí eu penso,se fosse a cura, vcs acham que o mundo inteiro não teria saído da crise, desde que descobriram o efeito in vitro #Coronavirusbrasil",publica  protocolo anti-científico sobre o tratamento da #covid19. Gostaríamos de saber em nome de quê a saúde da população é colocada em risco!   Especialistas criticam novo protocolo de hidroxicloroquina e cloroquina; veja a repercussão,0,0.4949236512184143,0.5050762891769409,,Incerta
"O novo protocolo exige informar ao paciente que ""não há estudos demonstrando benefícios"" da cloroquina contra a covid-19 e que há risco de efeitos colaterais que podem piorar sua condição, provocar sequelas e até mesmo matar.","VERGONHOSO! O  já está investigando quem tem relação com as empresas que fabricam e fornecem #cloroquina? Essa defesa ferrenha desse remédio pelo #governo é pra desconfiar, não?  Quem tá lucrando com isso? #covid19",2,0.4765392243862152,0.5234607458114624,,Incerta
"Essa esquerdalhada deveria assinar um documento se comprometendo se por acaso adoecer de COVID-19 não tomaria cloroquina,por conta que não tem nenhuma comprovação científica. Vcs concordam?","Lula já pediu desculpas pela infeliz escolha de palavras. Desconheço que o apologista de torturador Jair Bolsonaro tenha feito o mesmo com relação aos “gripezinha”, “e daí?  Ou “mais cloroquina e menos isolamento”.",0,0.4399324655532837,0.5600675344467163,,Incerta
"O mundo INTEIRO usando a cloroquina, mas justo aqui no Brasil o remédio causa arritmia cardíaca podendo levar a morte.  Engraçado que na época da Zika, estava autorizado usar né? Não causava arritmia cardíaca nas grávidas.  Hipócritas!!!!","ok, to pesquisando mais a fundo sobre cloroquina no brasil e..  WOW. Ok, acho que preciso parar tudo e produzir um video urgente sobre isso.  Sempre assustador como ""follow the money"" é a melhor ferramenta pra encontrar a origem do discurso charlatão ...sempre a questão é GRANA.",0,0.5436372756958008,0.4563627243041992,,Incerta
"A toxidade é diferente e a dosagem esta muito alta 2x450mg Difosfato de Cloroquina (CQ) parece feito pelos assassinos da Fiocruz Ridiculo, cansei Presidente não se ajuda, Mandetta/Teich/General Depois reclama dos govs e imprensa? Lei 13979, quem assinou?","o dr. Uip, secretário do Dória tomou disfosfato de cloroquina 250mg, 1 capsula de manhã por 30 dias.  Se a dose estiver alta, alguém precisa avisar o presidente.",1,0.444992333650589,0.5550076961517334,,Incerta
"O Brasil ganhou mais uma esperança no tratamento do #coronavírus. O  adotou um novo protocolo para receita da cloroquina/hidroxicloroquina. O medicamento, que já é adotado em diversas partes do mundo, é considerado o mais promissor no combate à Covid-19. Entenda:",Quais países mais precisamente? Quais fontes comprovam a eficácia que forma a convicção do Ministério da Saúde brasileiro?,2,0.5491634607315063,0.4508365094661712,,Incerta
Infectologista fala sobre mudança de protocolo da Saúde para uso de #cloroquina,"Eu não sou do Direito, mas isso não seria Atentar Contra a Saúde Pública??? #Genocida #ForaBolsonaroGenocida #impeachmentJa",0,0.5667240619659424,0.43327596783638,,Incerta
"""Ainn não quero cloroquinha!! Saporra da um efeito colateral do caralho!"" É só não tomar caralho!!morra peste  Só não esqueça de pedir seu pão com mortadela e uma tubaína pra morrer feliz seu miserável","Dorflex, Novalgina, Ritalina, Stano, Adomet, Cicotec, tem efeitos colaterais e o pessoal tem medo de cloroquina.",2,0.4670929312705993,0.5329070091247559,,Incerta
Qual é a cloroquina da sua profissão?,todos os termos que não existem tradução/não são traduzidos pra manter o status quo da profissão tipo branding target briefing budget deadline case brainstorming,2,0.5363608598709106,0.4636391401290893,,Incerta
Qual é a cloroquina da sua profissão?,"“posso te pagar com divulgação?” eu: ""irmão mas eu trabalho com divulgação""",2,0.4590070843696594,0.5409929752349854,,Incerta
Qual é a cloroquina da sua profissão?,A própria kkk,2,0.5883968472480774,0.4116031527519226,,Incerta
"Mesmo que quiséssemos, sabe quais são os problemas para prescrever Cloroquina COM SEGURANÇA em todo o país? Segue esse fio e acompanhe a história de Seu Jair, um paciente hipotético do mundo real. (Fio Hipotético tá? Não jogamos nossos Diplomas no lixo ainda não)",Segue o fiozinho beeem didático,2,0.4905430972576141,0.5094569325447083,,Incerta
"No mais, caso alguém tenha um parente iludido com esse papo de cloroquina, ele é perigoso principalmente a quem tem problemas de coração, convença-o(caso você o queira vivo) a não utilizar. Muitas pessoas tem problemas cardíacos e sequer fazem ideia disso.",caralho PAREM de botar o mlk da cloroquina com ovo na timeline,0,0.553749680519104,0.4462503492832184,,Incerta
a criança chata do cuscuz com ovo é bolsominian ainda,vai se fuder muleque soca cloroquina no seu cuzcuz filho da puta,2,0.4548785388469696,0.545121431350708,,Incerta
"USO DE CLOROQUINA AMPLIADA NO BRASIL  Ministério da Saúde amplia a possibilidade de uso do medicamento para casos leves de coronavírus. Não há, porém, evidência científica de que a droga tenha eficácia no tratamento. Siga o fio e veja o que muda    Gerard Julien/AFP",Será até que dia que o governo vai jogar dinheiro fora com esse remédio???????,2,0.5853913426399231,0.4146086871623993,,Incerta
"Todos vocês sabem que Bolsonaro enviou para o Congresso Nacional a MP 966 que isenta agentes públicos de responsabilidade. O que talvez não tenham conectado é que isso associado ao ""Protocolo Cloroquina"" pode ser um dos maiores casos de IMPUNIDADE que já vimos.","Você não e médico nem especialista na área de saúde, está assim como nós supondo, você usa o ""pode ser""um dos maiores casos de IMPUNIDADE , eu uso Protocolo Cloroquina  pode ser a sobrevivência de muito infectados!",1,0.4418547749519348,0.5581452250480652,,Incerta
"No Brasil, todo mundo que sobreviveu à malária nos últimos 40 anos tomando cloroquina morreu do coração, segundo o Jornal Nacional.","Pessoal sobrevive tomando Dipirona quase todo dia, que tem muito mais efeito colateral, mas pra midia cloroquina é vilã kkl",1,0.4345080256462097,0.5654919743537903,,Incerta
"No ministério da Saúde, o novo protocolo em favor da cloroquina foi aprovado por “vários técnicos”, após a análise de “larga fonte de referência” e com “vários estudos clínicos (que) têm mostrado eficiência”. Na falta de argumentos para rebater a unanimidade científica, o governo",Citem os médicos   ! Estão tímidos! Publicidade faz bem! Se a cloroquina é boa para população porque vcs não assinam?,1,0.5383993983268738,0.4616006314754486,,Incerta
"“Redução dos glóbulos brancos, disfunção do fígado, disfunção cardíaca e arritmias”","Vc tem tanto crédito que suas curtidas não enchem uma caixinha da hidroxicloroquina! Não tome cloroquina, tome tubaina   #BrasilComBolsonaro #CloroquinaSalvaVidas",1,0.4797784686088562,0.520221471786499,,Incerta
“Meu filho toma cloroquina desde cedo e sempre foi saudável” O filho:,O marginal  libera o uso da cloroquina para casos leves sem nenhum respaldo científico e vocês    ficam sempre passando pano enquanto o país se explode. Ficam dando voz a pessoas desqualificadas como Guedes e o tempo passa.,0,0.5333862900733948,0.4666136503219604,,Incerta
"Vai tomar no seu cu , vagabundo  ! Essa praga ainda vive ??",Cara ta td perdido. Jaja o stf vai proibir o uso da cloroquina.,1,0.5093492269515991,0.4906507730484009,,Incerta
No dia em que o Brasil bate recorde de mortes o acéfalo do presidente ainda tem coragem de fazer piadinha com cloroquina,#EuApoioBolsonaro é o caralho seu bando de gado filho da puta vão se mata de toma cloroquina,0,0.588986873626709,0.4110131561756134,,Incerta
"Mandetta acaba de falar na GloboNews que Bolsonaro queria alterar a bula da cloroquina, citando que o medicamento poderia ser usado na cura do Covid19. A cada dia que passa surgem novidades macabras deste genocida",Que sujeira é  essa Do genocida CPI já mudar a bula pra esconder q mata .cloroquina  como acelerador das mortes é  isso?  Todos não usem cloroquina  tem algo podre nisso,2,0.5897783041000366,0.4102217257022857,,Incerta
"Cadê, ,, , , ,  Bora entrar com pedido pra revelar? Se pode mostrar exame do presidente, pode mostrar tratamento do governador Mais um Davi Uip?",Tá enchendo o rabo de cloroquina esse poste do eduardo campos,2,0.4433554410934448,0.5566445589065552,,Incerta
Protocolo da cloroquina é panfleto político.,"Assisti ao último Gabinete de Crise. O q foi aquilo de vc aconselhar q médicos não se deixarem influenciar p esse protocolo da tal cloroquina? Claudio, isso é uma ofensa aos médicos. É impressão minha ou vc acha q os médicos têm capacidade cognitiva inferior à sua?",1,0.4065264463424682,0.5934735536575317,,Incerta
Agora cada médico receita a cloroquina quando bem entender. Pau no cu do Doriana.,"E, pau no cu do Witzel!!!",2,0.5469232201576233,0.4530767202377319,,Incerta
"Vi no Jornal da Globo uma descrição dos efeitos colaterais da Cloroquina e da Hidroxocloroquina.  A partira daí,  parece que é melhor dar um tiro na própria cabeça do que usar esses medicamentos. Não sei como o pessoal que usou para combater a malária sobreviveu.","Chega a ser criminoso. A  será  responsável pela morte direta de pessoas e de sua esperança. E se ficarem doentes, não tomarão Tubaina. Vão  querer a CLOROQUINA",1,0.1653010845184326,0.8346989154815674,,Alta
"Ah, então, segundo o grupo Globo, o motivo pra não se usar a cloroquina é porque ela “tem riscos!”  Façam o favor, pessoas estão morrendo!  Vocês já leram a bula da aspirina?",E as grávidas que tomaram qdo na epidemia da Zica? E o pessoal que usa para fins terapêuticos?,2,0.1519318521022796,0.848068118095398,,Alta
teste buzzfeed ql dose de cloroquina vc é de acordo com seu gosto musical,"tem que ser muito RETARDADO pra ler todos os efeitos colaterais desse termo de responsabilidade para o uso da cloroquina, e aceitar, sabendo que é um medicamento sem nenhuma comprovação científica",0,0.1056166365742683,0.894383430480957,,Alta
"Mesmo que quiséssemos, sabe quais são os problemas para prescrever Cloroquina COM SEGURANÇA em todo o país? Segue esse fio e acompanhe a história de Seu Jair, um paciente hipotético do mundo real. (Fio Hipotético tá? Não jogamos nossos Diplomas no lixo ainda não)","Um fio (ou thread, como quiserem chamar) que mostra o porquê de não poder receitar cloroquina a torto e a direito. Bem, pelo menos devia ser assim, né?!",2,0.1598988473415374,0.8401011228561401,,Alta
"Podem exigir os EXAMES do Presidente da República,  mas esse fdp quer esconder o tratamento dele? Fica tranquilo, Ditador, a gente já sabe q vc está usando a Cloroquina.",Alguém tem alguma dúvida que  está usando Hidroxicloroquina?,2,0.1808768659830093,0.8191231489181519,,Alta
"Olha aí  , continue lutando pelo bem do povo em várias frentes, equilibrando saúde e economia, é o que precisamos que um presidente faça, tome decisões em tempo. Portugal, não teve efeitos colaterais . A esquerda e os opositores mentem .",Vá entender os médicos brasileiros.,2,0.1249644756317138,0.8750355839729309,,Alta
"Olha aí  , continue lutando pelo bem do povo em várias frentes, equilibrando saúde e economia, é o que precisamos que um presidente faça, tome decisões em tempo. Portugal, não teve efeitos colaterais . A esquerda e os opositores mentem .",Portugal é o melhor caso da Europa!,2,0.115671582520008,0.8843284845352173,,Alta
"Esse #desgoverno quer enfiar #cloroquina goela a baixo da população, não existe comprovação científica dizendo que essa droga salva vidas. Governo de bosta #ForaBolsonaro #ForaBol卐onaro",enfia a cloroquina no teu cu bolsonaro besta fera,0,0.1971996873617172,0.8028002977371216,,Alta
Oi senadora  sinto muito que esteja com a Covid-19. Me lembro que a senhora é contra a hidroxicloroquina. Boa sorte em seu tratamento!,E se seu plano de saúde a tratar com a cloroquina tenha a coragem de comunicar ao público,2,0.1786277294158935,0.8213722109794617,,Alta
"Oi ? E os 57 milhões que vocês vivem vomitando que os apoiam ? Claro que excluindo mais da metade disto que já descobriu o embuste que vocês são, família cloroquina.","Na verdade os 57milhoes ja descobriram que a familia cloroquina é uma familia de canalhas. A diferença é que cerca de metade desses 57milhoes, tambem são canalhas.",1,0.1410159319639206,0.8589840531349182,,Alta
"O  divulga orientações para tratamento da Covid-19, onde a Cloroquina pode ser ministrada em casos leves, com recomendação médica e autorização do próprio paciente/família.",Com recomendação médica e AUTORIZAÇÃO do próprio paciente!,2,0.166939839720726,0.8330602049827576,,Alta
"Cara manda pra mim, por favor, as pesquisas que mostram em qual fase da doença é pra usar a cloroquina","E daí, se faço propaganda pra PREVENT!kkkkkkkk Nasce um bobo a cada minuto!",1,0.1126876324415206,0.8873124122619629,,Alta
"A discussão sobre Cloroquina é falsa. Ela nunca foi proibida, nem será obrigatória. Os médicos mais atualizados, só prescrevem seguindo preceitos cientificos. Já os charlatões, usam de forma massiva pq nunca precisaram da ciência. A pressão do Bolsonaro não muda essa realidade.","O presidencio esta abusando e enfiando goela abaixo,  pois importou um monte de insumos da Índia para produção desse remédio que não tem comprovação científica.  Mas é logico que ele precisa se livrar do produto.  #SomosMoro",1,0.1060175076127052,0.8939825296401978,,Alta
"- Ainda não existe comprovação científica, mas sendo monitorada e usada no Brasil e no mundo. Contudo, estamos em Guerra: “Pior do que ser derrotado é a vergonha de não ter lutado.”  - Deus abençoe o nosso Brasil.",Pior do que ser derrotado é a vergonha de ter o senhor como presidente,2,0.199472114443779,0.8005279302597046,,Alta
"Uma análise do protocolo do Ministério da Saúde sobre o uso precoce da HCQ/Cloroquina no #Covid_19 . Ele é uma afronta ao pensamento científica e a medicina séria, que se importa com as vidas em jogo",O dia em que a medicina virou política...,2,0.1422826051712036,0.8577173948287964,,Alta
"“O que o Ministério da Saúde está recomendando não é a autoprescrição do medicamento. É o direito para que todos os brasileiros possam ter acesso à medicação, a partir da avaliação médica, já regulada pelo Conselho [Federal de Medicina].”","Quem vê pensa que o Bolsonaro vai obrigar as pessoas a tomarem cloroquina.. Não É assegurar essa opção de tratamento, coisa que os genocidas da esquerda querem proibir",2,0.1159129440784454,0.884087085723877,,Alta
"Não dá para fazer brincadeira, né? 1.179 mortes em 24 horas e fazer piada com cloroquina ou tubaína!",Velha mentirosa!  Foram 225 óbitos nos últimos três dias. Os demais ocorreram anteriormente.,2,0.123482845723629,0.876517117023468,,Alta
"- Ainda não existe comprovação científica, mas sendo monitorada e usada no Brasil e no mundo. Contudo, estamos em Guerra: “Pior do que ser derrotado é a vergonha de não ter lutado.”  - Deus abençoe o nosso Brasil.",Esse tweet é serio?,2,0.1202516108751297,0.8797483444213867,,Alta
"O novo protocolo exige informar ao paciente que ""não há estudos demonstrando benefícios"" da cloroquina contra a covid-19 e que há risco de efeitos colaterais que podem piorar sua condição, provocar sequelas e até mesmo matar.","Urubus GLOBOLIXO bbc lixo cnn lixo, falaram pra ler a bula dos medicamentos, pois bem se alguém ler, não vai tomar medicamento algum, porque todos trás a ressalva de contra indicações e efeitos colaterais. Pessoas que não sabe interpretar vai morrer!!!",2,0.1469131708145141,0.8530868887901306,,Alta
"- Ainda não existe comprovação científica, mas sendo monitorada e usada no Brasil e no mundo. Contudo, estamos em Guerra: “Pior do que ser derrotado é a vergonha de não ter lutado.”  - Deus abençoe o nosso Brasil.",Meu deus vai toma no cuuuuuu veio filho da putaaaaaa,2,0.1091615483164787,0.8908384442329407,,Alta
"Mandetta, na , comenta frase de Bolsonaro: em tempos de quem é de direita usa cloroquina, quem é de esquerda toma tubaína, “quem tem juízo escute a medicina”","Se alguém tivesse juízo, cancelar iam o carnaval, milhares nas ruas e muitos turistas do mundo todo... não é mesmo Globo.",2,0.1787971556186676,0.8212028741836548,,Alta
"- Ainda não existe comprovação científica, mas sendo monitorada e usada no Brasil e no mundo. Contudo, estamos em Guerra: “Pior do que ser derrotado é a vergonha de não ter lutado.”  - Deus abençoe o nosso Brasil.",olha essa merda,2,0.1500411927700042,0.8499587774276733,,Alta
"Antes a Globo “receitava” cloroquina até pra mulher grávida. Hoje dão a entender que é mais perigosa que o próprio coronavírus... POR QUE SERÁ, né? #TorcidaOrganizadaDoCoronavírus","e seu puxadinho , diante da reportagem, pergunto: Posso usar a esse medicamento contra a #Covid_XiJinping_19?  Parece que ""É conhecido e seguro"".  Só pergunto porque  sei que ""não tem contra indicação para grávidas"", porém, não estou grávido!",2,0.1516418904066085,0.8483580946922302,,Alta
Mandetta diz que governo queria mudar a bula da cloroquina. Vocês tem noção da gravidade disso?,"Vocês têm noção que pro gado que apoia isso não é grave? E vocês têm noção que nada disso vai ser investigado e se for, não vai dar em nada?!",2,0.1931534707546234,0.8068464994430542,,Alta
Não há comprovação científica da eficácia da cloroquina.  Quem disse isso? Bolsonaro.  O mesmo Bolsonaro que só liberou novo protocolo sobre o uso em pacientes com quadro leves APÓS editar MP que o isenta de responsabilidade.  Isso é fazer cálculo político com VIDAS!,"Artur, mostra tudo que ele falou não só a frase que te interessa. Alias nas pesquisas para prefeito de São Paulo o Boulos esta na tua frente.",2,0.1098755300045013,0.890124499797821,,Alta
Qual é a cloroquina da sua profissão?,suco de limão depois do jejum aumenta o ph da pessoa,2,0.9683729410171508,0.0316270999610424,,Random
"Me disseram ontem (não sei se é real) que um hospital particular de fortaleza está tirando médicos da escala na 2ª vez que eles deixarem de prescrever cloroquina pra Covid.  Pra que evidência científica se temos extorsão, né minha filha? ¯\_(ツ)_/¯","A Unimed Fortaleza está distribuindo um kit gratuito de cloroquina e outros medicamentos pra cliente do plano, que apresentar a receita médica. Isso pode gerar uma pressão pra médicos prescreverem o medicamento.",1,0.8349744081497192,0.1650255620479583,,Random
"O  divulga orientações para tratamento da Covid-19, onde a Cloroquina pode ser ministrada em casos leves, com recomendação médica e autorização do próprio paciente/família.",Isso. Altera a bula também. Verdadeiro irresponsável. Começa a ser suspeito tanta vontade de vender a cloroquina como não consegue arranjar alguém credenciado para ministro da saúde que sirva seus desejos vai remediando com um militar sem experiência que sirva de pau mandado.,1,0.7329171299934387,0.2670828700065613,,Random
"Serra propõe projeto de decreto que suspende novo protocolo da cloroquina    QUANDO MENOS SE ESPERA, SERRA APARECE... E OS PROCESSOS CONTRA ELE, COM A GRAÇA DA JUSTIÇA,CONTINUAM ENGAVETADOS!",É pra matar o povo mesmo fdp,2,0.9757388234138488,0.024261251091957,,Random
"""Quem for de direita toma cloroquina, quem for de esquerda toma Tubaína"". NO DIA QUE O BRASIL CONTOU 1179 MORTOS, Bolsonaro faz piada...","Até pra fazer ""piada"" esse cara é ruim",2,0.1892681419849395,0.810731828212738,,Random
"Em nova diretriz, sociedades médicas do país, entre elas a Associação de Medicina Intensiva Brasileira (AMIB), a Sociedade Brasileira de Infectologia (SBI) e a Sociedade Brasileira de Pneumologia e Tisiologia (SBPT), não recomendam o uso da cloroquina.",Por isso ele quer agradar o Trump para nós tomar essa porcaria.  Toma vc seu inconsequente.,0,0.8853838443756104,0.1146161407232284,,Random
Agora o guri do cuscuz com ovo defendendo cloroquina. Povo fazendi questão de espalhar merda na TL né,"Bolsonaro reconhece que não há comprovação científica da cloroquina, mas “estamos em guerra” e o medicamento é utilizado no mundo",0,0.9736271500587464,0.026372842490673,,Random
"Bolsonaristas criam 'corrente do bem' e se medicam com cloroquina, azitromicina e antipulgas",a seleção natural deixou de ser um medo e passou a ser uma esperança,2,0.9766546487808228,0.0233452878892421,,Random
Refrigerante? Quem é direita toma cloroquina  Quem é de esquerda toma Tubaína. Entendeu?  O “entendeu” é o seguinte: Tubaína era uma prática de tortura usada na DITADURA MILITAR que consistia em colocar um tubo na boca do torturado e encher de água até que a pessoa se afogasse.,"Bolsonaro: - Lula, diz aí: Cloroquina.  Lula: - Fáci essa! KÉPROPINA",0,0.986333429813385,0.0136665496975183,,Random
"USO DE CLOROQUINA AMPLIADA NO BRASIL  Ministério da Saúde amplia a possibilidade de uso do medicamento para casos leves de coronavírus. Não há, porém, evidência científica de que a droga tenha eficácia no tratamento. Siga o fio e veja o que muda    Gerard Julien/AFP",Será que e verdade,2,0.9715521931648254,0.028447825461626,,Random
"Todos vocês sabem que Bolsonaro enviou para o Congresso Nacional a MP 966 que isenta agentes públicos de responsabilidade. O que talvez não tenham conectado é que isso associado ao ""Protocolo Cloroquina"" pode ser um dos maiores casos de IMPUNIDADE que já vimos.",O uso da cloroquina tem que ser de livre arbítrio do paciente e não de decisão de parlamentares sem fundamentos.,1,0.9282128810882568,0.0717871189117431,,Random
"""Não há provas da eficácia da cloroquina.""  Ora, também não há prova da eficácia de quarentenas/lockdowns.  Por que num caso é exigida prova científica absoluta, e no outro, não?","É ISSO AÍ! O POVÃO TEM QUE ACABAR COM A QUARENTENA HORIZONTAL! ""QUEBREM A PORRA TODA"" E COLOQUEM ""NA HORIZONTAL"",ESSES POLÍTICOS COMUNISTAS E CORRUPTOS,COMO WILSON WITZEL,JOÃO DÓRIA,OS GOVERNADORES DO CEARÁ,BAHIA,AMAZONAS,PARÁ, ETC,ETC E SEUS ""LACAIOS FARDADOS""! BORA BRASIL!",2,0.8526718616485596,0.1473281383514404,,Random
Qual é a cloroquina da sua profissão?,"Handebol, basquete, vôlei e futsal",2,0.9482060074806212,0.0517940148711204,,Random
Ministério divulga protocolo que libera no SUS uso de cloroquina até em casos leves de Covid-19 #ForaBol卐onaroGenocida   Veja a íntegra da matéria clicando nos links abaixo   Facebook:   YouTube:,"Vou traduzir à quem não entendeu:  Ao autorizar o uso da droga (cloroquina), você isenta o médico de responsabilidade ou culpa, vira um rato de laboratório e isenta o desgoverno responsabilidade com a sua vida, como indenizar e amparar seus familiares. #ForaBol卐onaroGenocida",2,0.9780956506729126,0.0219043679535388,,Random
"""Nós não faremos a distribuição e nem aplicação generalizada da cloroquina, porque a ciência não recomenda"", disse o governador de São Paulo, João Doria.",Senhor!!! nos liberte dessa praga! ele consegui ser pior que a covid19 parece impossível se liberta ja estou cansada todo dia um ataque no povo e no presidente! cheguei ao ponto de querer uma  a intervenção achou que será melhor do que está aqui..estou no auge do desespero.,2,0.9343811869621276,0.0656188130378723,,Random
"Com uma série de argumentos científicos e embasados, a pesquisadora Natália Pasternak, desmonta a farsa da cloroquina A pesquisadora questiona a decisão de fazer gastos públicos com a produção do medicamento no Brasil / Fonte Carta Campinas-18/05/20 #ImpeachmentDeBolsonaroUrgente",Cloroquina é ótima para Bolsonaro! Mortes por cloroquina não entram na estatística do Covid.,1,0.9876853227615356,0.0123147219419479,,Random
Qual é a cloroquina da sua profissão?,Pena de prisão.,2,0.96589857339859,0.0341014452278614,,Random
"Bolsonaristas criam 'corrente do bem' e se medicam com cloroquina, azitromicina e antipulgas",Vcs tão fazendo suicídio coletivo agora?,2,0.982429265975952,0.0175707582384347,,Random
Qual é a cloroquina da sua profissão?,o som do vinil,2,0.961921215057373,0.0380787476897239,,Random
ENFERMEIRA É FLAGRADA DANDO A CLOROQUINA PARA O PACIENTE. ENTENDA:,Não é possível isso não kkkkk,2,0.9580368399620056,0.0419631153345108,,Random
"Militar nomeado no SUS publicou fake news sobre cloroquina e ofendeu OMS; major também tem ataques a STF, governadores e imprensa em seu Instagram. (via )",Não salva um!,2,0.9775901436805724,0.0224098823964595,,Random
"Gente, isso não pode ser sério  Isso é demência,  Senhor!  A irresponsabilidade do Bozoroca e a estupidez dos seus seguidores matam.  Que tristeza  Bolsonaristas criam ‘corrente do bem’ e se medicam com cloroquina, azitromicina e antipulgas  via","Isso pra mim não difere da crença nos objetos “ungidos” e nas palavras do Waldomiro Santiago, R R Soares, Edir Macedo e Malafaia. É coisa de demente fanático.",2,0.9255302548408508,0.0744697898626327,,Random
1) O efeito colateral da Cloroquina MAL RECEITADA pode matar uma pessoa de infarto 2) O agente público pode sair impune desse erro fatal 3) Pode faltar cloroquina para quem realmente precisa  Ligue os pontos.,"Bom dia meu nobre deputado!A hidrocloquina é usada a muitos anos, nunca vi relatos em que ela causou danos em quem fez uso dela, pelo contrário salvou muitas vidas, e continuará a salvar",2,0.7608113288879395,0.2391886711120605,,Random
ISTO É MUITO GRAVE  Mandetta%20diz%20que%20Bolsonaro%20tentou%20alterar%20a%20bula%20da%20cloroquina,"Mandetta: ""Nesse tempo em que o pessoal de direita toma cloroquina e o pessoal de esquerda, Tubaína, quem tem juízo escuta a medicina""",0,0.9882439374923706,0.0117560066282749,,Random
"Notas e referências do protocolo do Min. da Saúde privilegiam estudos antigos sobre Hidroxicloroquina e os recentes pró tratamento. Por exemplo, citam estudo de 1988 no New England Journal of Medicine -mas ñ um de maio de 2020 na mesma publicação sobre inefetividade do tratamento","Ministério Militar da Saúde se baseia em estudos sobre Cloroquina feitos há mais de 30 anos e não cita estudo novo, deste ano, falando da inefetividade do tratamento.",2,0.191671222448349,0.8083287477493286,,Random
