tweet_1,tweet_2,Class,P(NoConflict),P(Conflict),Conflict
Vocês também estão sentindo que o clima aqui no Twitter deu uma melhorada?,A Sra curte uma censura?,1,0.0330650247633457,0.9669350385665894,1
Vocês também estão sentindo que o clima aqui no Twitter deu uma melhorada?,"Um dia pode ser a sua conta bloqueada, quero ver se vai gostar, não comemore a falta de liberdade e censura, a não  ser que seja seu plano.",1,0.0339158959686756,0.966084122657776,1
Vocês também estão sentindo que o clima aqui no Twitter deu uma melhorada?,"Pra tu que ama uma ditadura,é um grande dia...",1,0.0384078584611415,0.9615921974182128,1
Vocês também estão sentindo que o clima aqui no Twitter deu uma melhorada?,"Saudade de uma censura, não é minha filha?",1,0.0395922660827636,0.9604076743125916,1
Vocês também estão sentindo que o clima aqui no Twitter deu uma melhorada?,"Todo bom comunista comemora censura, depois sai na rua gritando por liberdade, coerência zero.",1,0.0439536422491073,0.9560463428497314,1
Vocês também estão sentindo que o clima aqui no Twitter deu uma melhorada?,Incrível como comunista gosta de uma censura,1,0.0449573546648025,0.9550427198410034,1
Vocês também estão sentindo que o clima aqui no Twitter deu uma melhorada?,"Comemorando censura, é muito tosca msm",1,0.0478489771485328,0.95215106010437,1
"Po, tem um monte de página no twt que propaga a antivacina. Cade o governo pra isso, se vocês são a favor do estado controlar a poha toda ok, mas continua sendo censura","Repito:  Não é censura qndo vc já foi avisado, explicado e esclarecido do pq vc deve parar.",1,0.0486232712864875,0.9513766765594482,1
Vocês também estão sentindo que o clima aqui no Twitter deu uma melhorada?,Gente de esquerda PTRALHAS batendo palmas para censura piada pronta,1,0.0489650331437587,0.9510350227355956,1
Vocês também estão sentindo que o clima aqui no Twitter deu uma melhorada?,"Só CÚmunistinha caviar e acéfala comemora tamanha arbitrariedade! Hj censura um lado, amanhã o seu lado... mas otaria não percebe! Não possui o mínimo de discernimento para compreender a atual situação! Aproveitando, como estão as missas online, tá curtindo?",1,0.0520396009087562,0.9479604363441468,1
"Cês tão ligados que isso aqui é nível China de censura, né? Ou vão continuar achando normal e comemorando só porque prejudica a quem vocês não gostam?","Quando a censura afeta quem eu não gosto, pode chamar de ""justiça"".",1,0.0552516095340251,0.9447484016418456,0
"O que vc pensa de um edital de cultura com censura prévia? A prefeitura de Porto Alegre lançou edital p/ auxílio emergencial cultural q restringe a liberdade de expressão dos artistas, impondo como condição q o assunto não tenha cunho político ou religioso.","Te decide, é a favor ou contra a censura.",1,0.0625810772180557,0.9374189972877502,1
"Caralho, mas o 2 é o melhor é como se tivesse sem censura, porquê dá pra ver o pau facilmente","mano, você quer ver o pau dos cara?? eu n gosto dessa censura pq as vezes, cobra a bct toda",1,0.0664945617318153,0.9335054755210876,0
"Hoje são   Allan dos Santos Bernardo Kuster Edson Salomão Luciano Hang Roberto Jefferson Otávio Fakhoury Sara Winter   Amanhã pode ser vc.  Vc, conservador. Vc, que apoia Bolsonaro.   E vc tbm, idiota de esquerda que tá comemorando essa censura covarde.  #VozParaBernardoKuster","""censura covarde"",ok, então isso quer dizer que qualquer ralé por aí pode sair falando inverdades baseado em nada e ainda mais gerando ódio e mais ódio podem ficar impunes? Ah tá",1,0.0711979642510414,0.9288020133972168,1
"Caio, sério que vc está comemorando censura? Dizendo que o ""ambiente melhorou""? Parece os saudosistas do Reg. Militar dizendo q ""naquele tempo não tinha mendigo na rua""...",Que censura?,1,0.0726047158241272,0.927395224571228,1
"Errado, se a lei disser que é proibido falar mal do presidente deixa de ser censura? Então não teve censura no regime militar?","Acho que estamos em círculos aqui, Andi. Já voltei a me repetir quanto à diferença de censura e crime. Acho que não tenho mais nada a contibuir. Obrigada pela conversa.",1,0.0733205005526542,0.92667955160141,0
"Já é hora, já passou da hora de acabar com esse inquérito inconstitucional, com ares de censura, que não soma nada -- só enxovalha mais o combalido Judiciário brasileiro.","“Ares de censura” , vc está muito condescendente hj ... estamos no caminho da Venezuela e o Congresso parece apoiar .",1,0.0741615667939186,0.9258384108543396,0
Vocês também estão sentindo que o clima aqui no Twitter deu uma melhorada?,Bolsonaro22  Sem censura,1,0.0745904967188835,0.9254095554351808,0
Os idiotas que comemoram a censura nem imaginam que mais cedo ou mais tarde será com eles,Combater mentiras não é censura.,1,0.0818905234336853,0.91810941696167,1
A turma que tem medo do Presidente BOLSONARO assiona o Ai-5. Hoje comemorar a censura do STF.    Hipócritas é pouco pra esses porcos.  A esquerda brasileira é uma merda.  #FreedomOfSpeech,"então  , não foi censura ?",0,0.0851334109902381,0.9148666262626648,0
"Você pode odiar o Bolsonaro, mas se vc não for contra a censura do STF, em breve, vc mesmo pode ser vítima dela. Isso atinge o Brasil.  ""Posso não concordar com nenhuma das palavras que você disser, mas defenderei até a morte o direito de você dizê-las.""  Evelyn Beatrice Hall",Vc ta pedindo demais   Essas pessoas não estão ligando p censura p liberdade não isso só funciona p lado deles  Se for do outro pode fazer o q for,1,0.0882693380117416,0.911730706691742,0
"Quem apoia e dá ouvidos a corruptos que assaltaram cofres públicos, como Roberto Jefferson, não deveriam usar a bandeira brasileira no perfil. Pois você é tudo, amigo, menos patriota.","1. Vc é putinha vingativa de MBL e eu não precisei falar nada da vergonha e da culpa q vc carrega compartilhando conteúdo dessa gente até agora. Pq n preciso ser tão baixo pra acusar ngm de ser ""apoiador "" de corrupto.",2,0.0902229323983192,0.9097771048545836,1
"Grande dia? Eu não gosto da Sara mas isso é censura, pura e simples.","Grande dia? Até que o lixo da extrema esquerda vá para o mesmo bueiro aí talvez ele reclame tbm Mal do brasileiro é torcer para q aconteça com o outro oq não quer que aconteça com si próprio Bolsopetistas é isso mesmo Os dois são a favor da censura,desde q não sejam os censurados",1,0.0962079763412475,0.9037920236587524,0
"Impedir os ativistas de direita de se manifestarem pelas mídias sociais é censura prévia. Uma coisa é investigar e eventualmente punir por aquilo que publicaram; outra, inteiramente diferente, é impedir que falem.",Se eles quebram regras da plataforma. Não é censura. Combater discussão de ódio não é censura.,1,0.1001449152827262,0.8998551368713379,1
"Se vocês não perceberam ainda, quem pede para vocês não criticarem, ficarem quietos sobre a PL da Censura e com os excessos do careca porque ""vai dar tudo certo"" tá querendo ferrar todos vocês.  Vocês já estão se acostumando com a censura e nem estão percebendo.","O mais engraçado de tudo, incrivelmente, eles não fazem parte do inquérito, não sofreram buscas e nem censura. Só coincidência, tá!?",1,0.106448970735073,0.8935510516166687,0
"Hoje são   Allan dos Santos Bernardo Kuster Edson Salomão Luciano Hang Roberto Jefferson Otávio Fakhoury Sara Winter   Amanhã pode ser vc.  Vc, conservador. Vc, que apoia Bolsonaro.   E vc tbm, idiota de esquerda que tá comemorando essa censura covarde.  #VozParaBernardoKuster","O esquerdista comemorando a censura, cedo ou tarde vai cair em uma versão da citação de Niemöller:  ""Quando a censura veio calar os conservadores, eu fiquei em silêncio. Eu não era conservador.............  O final, hmmmm, é maravilho para todos!",1,0.1147030740976333,0.8852969408035278,0
"Já é hora, já passou da hora de acabar com esse inquérito inconstitucional, com ares de censura, que não soma nada -- só enxovalha mais o combalido Judiciário brasileiro.",Quando o inquérito investiga só um lado dai é censura e não investigação,1,0.1172756552696228,0.8827243447303772,1
"Quem comemora a censura hoje, será alvo da censura amanhã. É a lógica de qualquer ditadura.",Se precisa calar é pq a esquerda precisa apelar para tentar ganhar o jogo na sociedade! Revoltante a censura e a falta de respeito com a opinião da direita!,1,0.1193266287446022,0.8806734085083008,0
e as redes sociais ficaram um pouco menos odiosas...,é censura do bem? é?,2,0.121124692261219,0.8788753151893616,1
"Os senadores de Minas    Calados em relação a gravíssima e inaceitável censura imposta a cidadãos livres. O ataque as liberdades individuais, liberdade de expressão tem a cumplicidade do pior senado da história com um verme  ditador","GRANDE DIA   O quê a bolsolândia chama de censura,eu chamo de PAAAAZZZ de não ter o desprazer de ver as fakenews dessa quadrilha sendo compartilhadas a torto e a direita. Derruba tudo STF!!",0,0.123125746846199,0.8768742680549622,1
Sobre contas de conservadores sendo banidas: a liberdade de expressão é direito fundamental garantido em nossa Constituição e deve ser válida para todos.,Na hora de promover Lava-Toga vcs abafaram geral né?  Fica difícil combater censura dessa forma.,1,0.1286752969026565,0.8713247179985046,1
"A Partir do Momento que a Pessoa é impedida de expressar sua Opinião seja ela qual for e como for, É CENSURA. Não tem Conversa.","Não, a partir do momento em que essa expressão passa a se enquadrar em crime, parar a pessoa não é mais censura. Difamação, acusar pessoas de crimes sem ter provas, é crime.",1,0.1298136860132217,0.8701862692832947,1
"Não há como aceitar a censura. Não há como aceitar que aplaudam a censura. Liberdade de expressão a todos, aqueles que pensam como eu e os que pensam de forma diferente.",Não à censura. #VozParaBernardoKuster,1,0.1309527903795242,0.8690471649169922,0
"O que vc pensa de um edital de cultura com censura prévia? A prefeitura de Porto Alegre lançou edital p/ auxílio emergencial cultural q restringe a liberdade de expressão dos artistas, impondo como condição q o assunto não tenha cunho político ou religioso.",Tipo a censura do STF que você aplaudiu?,1,0.1335558146238327,0.8664441108703613,1
"Ainda insistindo em Censura no caso claro de crimes? STF só faz justiça quando e ""agrada"" vocês? Pelo jeito a lavagem cerebral funcionou perfeitamente pra ficar repetindo o discurso do presidente Psicopata...","Se vc não sabe a definição de censura, procure saber. Pela sua assertiva, então, vc afirma que quando da prática de crimes, deve haver censura?",1,0.1441838592290878,0.855816125869751,1
"Para quem defendia a morte do presidente, defender a CENSURA é fichinha. Não querem apenas calar o Presidente e seus apoiadores, mas calar e se possível matar. Não lute hoje e amanhã você estará na VENEZUELA.","Vc discorda DA MENSAGEM, NÃO do mensageiro. Porque",2,0.145344465970993,0.8546555042266846,0
"Basta você não ler, nem ouvi-los, por livre e espontânea escolha. Agora censura não.  Censura é inaceitável.","Combater discurso de ódio não é censura, é justifica",1,0.1482190191745758,0.8517809510231018,1
"Twitter fazendo a limpa em contas de conservadores: Bernardo Küster, Allan dos Santos, Enzuh, Sara Winter tiveram suas contas ""retidas"" por determinação judicial (o que pode ter a ver com o inquérito das fake news do STF).  CENSURA!",fala que punir disseminação de fake news é censura do meu lado pra ver o socão que eu vou dá no seu pescoço,0,0.1533101350069046,0.8466898798942566,1
"Não há como aceitar a censura. Não há como aceitar que aplaudam a censura. Liberdade de expressão a todos, aqueles que pensam como eu e os que pensam de forma diferente.",A censura é boa para quem teme a verdade! #CensuraNao,1,0.1553337574005127,0.8446663022041321,0
"No mínimo vc tbm foi a favor da ordem de censura à Crusoé e da obstrução de justiça cometida pelo Alexandre Imoral e Alcolumbre, Chupa ovo de ditador togado.","Ora ora...allan dos panos postou vídeo no youtube. Que censura é essa?  Alguém está proibido de falar algo e eu não sei?   Ou tiveram as contas suspensas (por tempo determinado)? Ha algum impedimento de abrirem novas contas?  Sim, é  MI MI MI , maiúsculo mesmo.",1,0.1639281660318374,0.8360718488693237,1
"Não caiam nessa de ""censura"". As contas ligadas ao governo bloqueadas hoje atuavam de maneira orquestrada com exércitos de robôs para atentar contra a democracia. Democracias hoje não sucumbem só com tanque na rua, mas com desinformação e fake news nas redes sociais.","Robôs assassinos tomando o poder como no filme O Exterminador do Futuro. Se o nosso heroi da cabeça lustrada Alexandre de Moreas não impor a censura pra defender a democracia, a humanidade corre o risco de ser extinta.",1,0.1665126681327819,0.833487331867218,1
"Uma das situações mais desprezíveis da atualidade: democratas &amp; humanistas de carteirinha (e sindicato) comemorando, de forma efusiva, a censura de seus desafetos políticos. Quero ver quando a censura bater na canela da tchurma. Patifes!",Bem se vê q eles nao aprenderam absolutamente nada com a historia da civilização e repetem os mesmos erros... A censura baterá à porta deles tb...,1,0.1694078296422958,0.830592155456543,0
"A maioria não está opinando e sim agredindo. Hoje, aquela moça que foi presa, postou, novamente, xingamentos ao Min. Alexandre de Moraes. Não tem recuperação, eles querem Liberdade de Agressão!","Espera ai, o que é mais grave? uma menina xingar o STF ou este que deveria ser guardião das leis fazer o que está fazendo jogando no lixo a constituição? Se eu fosse vc estaria menos preocupada com xingamentos ao Alexandre de Moraes.",1,0.1748761087656021,0.8251239061355591,1
Não é defender censura cara é não apoiar feke news.......... É  a democracia em sua forma plena na vida das pessoas! #ForaBolsonaro,Combater Fake News com censura prévia é uma das formas estupidas de enfrentá-lá.,1,0.1859955936670303,0.8140043616294861,1
"General, até onde iremos com esse STF? Voltamos à censura?","O Felipe Neto sabe que os perfis não foram derrubados por violar as diretrizes do Twitter. Ele sabe que foram derrubados com base num inquérito.  O que ele está fazendo é uma tentativa de transformar e ""suavizar"" a sua comemoração pela censura num agradecimento ao Twitter +",0,0.1926369220018386,0.8073630928993225,0
"meus dois dentes grande na frente sao quebrados, um deles quebrei duas vezes, acho que tenho 40% de massa em cada um heuehueheueheh hoje em dia se quebra eu nem me preocupo pq sei que é a massa só, nem da pra ver a diferença tbm","na última vez que eu quebrei era só massa, faz uns 3 anos, eu tinha dormido na minha vó, era meu ANIVERSÁRIO, eu tava com a antena do meu celular na boca(sim eu era porca n julguem) e o meu tio tacou uma almofada em mim e a minha massa quebrou vei",2,0.2030932903289795,0.7969067096710205,0
Censura é um ato de proibição de exposição de ideia e pensamentos. Não tem nada haver com dados de investigação.,"Censura é aquilo que a Sara inverno e várias dessas contas bolsonaristas retidas defendem, né? Hummm, entendi.",1,0.2077830880880355,0.7922168970108032,1
Censura contra a esquerda na ditadura militar: você criticava a ditadura e era morto  Censura atual: você fica 3 dias sem espalhar fakenews e xingar muito no twitter  Realmente é muita opressão contra blogueiros bolsonaristas,Na verdade nem se deve comparar a ditadura militar com essa onda de censura pelo simples fato que vc tá vivo mesmo sem concordar,1,0.2123219519853592,0.7876780033111572,0
O tiranete Alexandre de Moraes passou de todos os limites. Ele agora decide sozinho qual informação pode circular no país? Ele decide quem fala e quem cala a boca? Ou os democratas reagem agora a este ato de censura s/ precedentes ou não podem mais falar em liberdade de expressão,Só existe democracia com pela liberdade de expressão.,2,0.2224114686250686,0.7775885462760925,0
"4) Vamos a exemplos? Sem problemas.  Aqui, post de Allan dos Santos sobre a Covid-19, infringindo de maneira clara e inquestionável as normas criadas pelo Twitter para lidar com a pandemia.  Ele chegou a postar vídeo falando ""Coronavírus é o caralho"".",Esse allan infringiu várias regras... Pior do que ele é que dá ouvidos aos absurdos,2,0.2251426726579666,0.7748573422431946,0
Instrumentos usado pela ditadura para silenciar opositores é a censura.,"Na vdd censura é o termo genérico para repressão da expressão. É o ato, não o instrumento. Os instrumentos são muitos e incluem as ""leis de segurança pública"", boicote de verbas etc.",1,0.2301825582981109,0.7698174118995667,0
"Que duplo padrão escroto que tu tem, Manuela. Se fosse da tua turma, ia ficar pistola e reclamar de censura e ditadura.","Ela nunca iria reclamar de censura e ditadura, isso é raiz do trabalho dela. Nesse caso, ela colocaria a culpa no capital.",1,0.2353825867176056,0.764617383480072,0
"Uma das situações mais desprezíveis da atualidade: democratas &amp; humanistas de carteirinha (e sindicato) comemorando, de forma efusiva, a censura de seus desafetos políticos. Quero ver quando a censura bater na canela da tchurma. Patifes!",Estão tranquilos s pois a censura não vai bater neles ..,1,0.2373124212026596,0.762687623500824,0
"Não se trata de censura, se trata de coibir disseminação  de desinformação,  injúria, calúnia, difamação. Temos liberdade pra falar (e ser responsabilizados por isso), mas essa liberdade termina quando começa a do outro.",Em outras palavras censura,1,0.2488889843225479,0.7511110305786133,1
A denúncia foi feita à Procuradoria-geral dos Direitos do Cidadão do Ministério da Cidadania. #iG,"#GrandeDia ? Dia pequeno, isso sim.. É tanta censura, que nem mesmo um pobre papagaio pode manter a conta no tt. Alguém tem o número do Ibama? Isso já é um caso de violação dos direitos dos animais....  Tem que fechar tudo!",0,0.2579881548881531,0.7420118451118469,0
Deixe ele. Bolsonarismo se for reeleito vai ficar 2 cadeiras de controlar o STF. Felipe Neto não vai poder reclamar se um dia for censurado pelo mesmo STF: ele mostrou q a depender do alvo compactua com a censura,"PUNIR infratores de regras da plataforma não é censura. MENTIROSOS influenciadores da MASSA para poder e dinheiro, devem ser punidos. Ou então faz o seguinte, pega um ladrão e deixa solto, afinal ele tem o direito de ir e vir! Deixa de ser jumento!",1,0.260117769241333,0.7398821711540222,1
"Proibir, com ordem prévia e geral, que uma pessoa se manifeste através de um veículo de comunicação legítimo é censura. Ponto.","Isso é procuradora da República. Esse é o nível, gente que acha que caluniar, difamar, mentir é liberdade de expressão. Escrotos!",2,0.2678984105587005,0.732101559638977,1
Vocês também estão sentindo que o clima aqui no Twitter deu uma melhorada?,Comemorando censura. Mostra o caráter deste ser.,1,0.2805565893650055,0.7194433808326721,1
"Não há como aceitar a censura. Não há como aceitar que aplaudam a censura. Liberdade de expressão a todos, aqueles que pensam como eu e os que pensam de forma diferente.",Essa é a ideia! Discordar de alguém não significa cercear sua liberdade de expressão.,2,0.286465048789978,0.713534951210022,0
"Obrigado, Fiúza! Não tem que se desculpar. Podemos desconfiar de censura?  Na semana que vem, com  , a quem também agradeço muito, retomamos o papo. Valeu! Grande abraço","Conte sempre comigo, grande craque. Censura, não. Talvez bruxaria. Abraço!",1,0.2914161086082458,0.7085838913917542,0
Desde de quando vc é a favor de censura ? #SupremaDitadura,"Se você gosta de fake news  fique tranquilo, desinformação é para quem gosta. E quem quer. Parabéns pela opção.",2,0.2921082675457001,0.7078917622566223,1
"Branca chorando pq uma pessoa falou q preferia o cabelo dela grande, imagina se ela escutasse comentários como ""bombril"" ""arbusto"" ""alisa"" ""prefiro de trança"" ""deu choque"". Ela ia se matar no primeiro dia, ai esse povo da mt biscoito pra branco mimado acham q a vida é um morango.",ah vai tomar no cu,2,0.3002951741218567,0.6997048258781433,1
"Pegue o exemplo do Roberto Jefferson: é um cidadão que vem cometendo seguidos crimes contra a honra de diversas pessoas. Deve ser processado e pode ser condenado no penal e no cível, mas não vejo previsão legal que justifique cercear o seu livre direito de expressão.","O Roberto Jefferson não esta mentindo, ele fala c/ propriedade e sem medo. Não vejo crime como o sr. diz, muito longe disso.",1,0.3074963092803955,0.6925037503242493,1
Vejam neste vídeo como driblar a censura IMORALIS! SOS FORÇAS ARMADAS X 5G. PERIGO; A CENSURA VEM AÍ! - YouTube,"O feitiço se voltou contra o feiticeiro.  Bolsonaristas que desejam a ruptura democrática, acusam decisão do STF de bloquear contas de propagação de fake news como censura.",0,0.3128019571304321,0.6871980428695679,1
"Não há como aceitar a censura. Não há como aceitar que aplaudam a censura. Liberdade de expressão a todos, aqueles que pensam como eu e os que pensam de forma diferente.",NÃO a CENSURA LIBERDADE DE EXPRESSÃO SEMPRE,2,0.3166601955890655,0.6833398342132568,0
"lindo ciclo dos gados:  pedem a volta da ditadura, &gt;&gt;&gt; AI-5 &lt;&lt;&lt; e o caralho todo  aí sofrem """"""censura"""""" (suspensão de notícias falsas)  *meu deusestamos numa ditaduraque horrorestão tentando nos calarqueremos a volta da AI-5*  ai vão se foder","Os bolsonaristas que pediam por um AI-5 agora gritam  ""CENSURA!"" pelo bloqueio dos disseminadores de fake news nas redes. Não é censura, é punição. O drama que fazem é estrategicamente pensando para gerar mais confusão. Devo ter empatia? Não. Autoritários devem ser derrotados.",0,0.3212636411190033,0.6787363290786743,0
Esse autoritarismo do Ministro Alexandre de Moraes vai ficar por isso mesmo?       Não defenderão a liberdade de expressão?,odiamos censura mas só quando é pros nossos hehehehhe,0,0.3277213275432586,0.672278642654419,1
ja agradeceram por serem jovens nessa geração e quando forem adultos não vão tratar os filhos de vcs assim?,"TW/// homofobia . . . . . . . . . . . esse video me da um gatilho tão grande, eu fiquei ontem o dia inteiro mal pq eu vi isso, dai vcs botam essa bosta na minha tml, pelo mesmo vcs avisem q nem eu fiz ali em cima.",2,0.3337578177452087,0.6662421822547913,1
"Mais um motivo pra vc JAMAIS cogitar votar na esquerda e na esquerda camuflada: apoiam a censura e ditadura, arbitrariedades do supremo excremento, quer calar sua voz, além de tentar justificar a Pedofilia, tráfico, aborto, torcer pelo vírus e o quanto pior, melhor.","Quem aplaude a censura imposta pelo STF, apoia a própria derrota, apoia uma ditadura e coloca em si mesmo uma mordaça.",0,0.3543254733085632,0.6456745862960815,0
Afaste-se de quem comemora censura. E desmascare-os sempre que possível.,Siga esse concelho.,2,0.3855783641338348,0.614421546459198,0
"Não é uma delícia ver a galera que pedia um AI-5 chorando e gritando CENSURA?   Foi uma decisão judicial, esses imbecís confundem PUNIÇÃO com CENSURA.  A única coisa boa é ver esse “fugitivos da inteligência” chorando nas redes. Criticando a censura e o “livre mercado”","Meu prezado. Quanta ignorância. Foram violados Princípios Constitucionais. Princípio da Presunção de Inocência. Princípio da Ampla Defesa. Além disso trata-se de clara censura prévia. Não há condenação de ninguém. por mais ódio que vc tenha, não razoável não enxergar isso.",1,0.4268263876438141,0.5731736421585083,1
E aí seus dois inúteis   não vão falar algo sobre a censura do STF? É rabo preso que fala ne seus dois merdas.,Vejo por aqui um bando de vagabundos fdp apoiando a censura comunista desse  cheio de vagabundos. AI-5 nesses vagabundos  .,0,0.4656648635864258,0.5343350768089294,0
"Se Bob Jeff vulgo Roberto Jefferson fizer outra conta, quem ai vai atrás???",Todo mundo!!!,2,0.4726892411708832,0.5273107886314392,0
"Alexandre de Moraes determinou a suspensão de contas bolsonaristas objetivando a ""interrupção de discursos"". Não é preciso simpatizar com os punidos p/ classificar a medida como autoritária. A defesa da liberdade do inimigo dificilmente é popular, mas frequentemente é necessária.","Finalmente, voce acertou uma. Censura nunca!",1,0.4875686764717102,0.5124313235282898,0
"QUE ABSURDO ESSA CENSURA NAS CONTAS DO ALLAN, DO BERNARDO, DO HANG E DA SARINHA!  SERÁ QUE AGORA NÃO PODEREMOS MAIS USAR AS REDES SOCIAIS EM PAZ PARA PEDIR O FECHAMENTO DO CONGRESSO, DO STF E AI - 5? CENSURA NÃO!!!","Pera, pera, pera, vc tá pedindo AI-5 e reclamando de "" censura "" no mesmo twett?",1,0.5029743313789368,0.4970256984233856,1
"Essa informação é falsa. A CPI da Lava Toga não tinha objeto delimitado, portanto, a alegação do jornalista em questão é fakenews.","O cara é tão safado, e você percebe que ele adora uma censura quando ele faz publicação apenas pro próprio cercadinho, mas ditadores são os outros.",1,0.5101692080497742,0.4898308217525482,-1
A sim agora Censura e norma??,"As normas existem em todas as convenções e devem ser respeitadas. A censura em tempos democráticos, não vem sem motivos cabais do exageros da liberdade de expressão.",1,0.5433604121208191,0.4566395580768585,1
"Amigos aqui é Roberto Jefferson. Entrei na conta da minha filha para agradecer a todos pelo apoio. Em breve estaremos juntos novamente! Alexandre, não temo sua tirania!",Bob Jeff na conta da filha   O waldemorte é tão bobão! Acha que vai nos calar. O caminho à direita é irreversível!,2,0.56044602394104,0.4395540058612823,0
Obrigado cabeça de !,#VozParaBernardoKuster  Cabeça de ovo.,2,0.5645092725753784,0.4354907274246216,0
"Perfis de bolsonaristas nas redes sociais, utilizados para ameaçar a democracia, destruir reputações e espalhar fake news sobre a pandemia, foram suspensos do Twitter e Facebook por determinação do STF. Grande dia!",Gosta de uma ditadura e uma censura né tia ! Não sabem mesmo o que é democracia.,1,0.5722350478172302,0.4277649223804474,1
Os censurados pelo Twitter hoje:  Roberto Jeffesson Allan dos Santos Bernardo Kuster Edson Salomão Rodrigo Ribeiro Sara Giromini Edgard Corona Luciano Hang Otavio Fakhoury Marcelo Stachin Reynaldo Bianchi Júnior,Pelo twitter? O pássaro e vermelho mas teria essa coragem sozinho....,2,0.5743433833122253,0.425656646490097,1
Alexandre de Moraes ameaçou aplicar multa diária contra Facebook e Twitter,"""é pra censurar os apoiadores do Bozo pq eu que mando na porra toda e quero censurar, mesmo sem ter uma justificativa plausível pra isso...  se não obedecer, vai pagar multa diária pq eu to mandando.. obedece""",2,0.58172607421875,0.41827392578125,0
"A decisão do ministro Alexandre de Moraes de bloquear as contas de extremistas nas redes sociais -- após matéria de Renato Souza, do   -- vale como aviso: democracia não significa dar voz ao ódio.",O nome disso é censura. Triste uma jornalista defender isso,1,0.5861276984214783,0.4138723313808441,1
"Amigos aqui é Roberto Jefferson. Entrei na conta da minha filha para agradecer a todos pelo apoio. Em breve estaremos juntos novamente! Alexandre, não temo sua tirania!",Sua filha? Aquela que vendia abertura de sindicatos? Que ameaçou assessores parlamentares caso não fosse eleita? Desaparece parasita.,2,0.594720721244812,0.4052793681621551,1
"Quem comemora a censura hoje, será alvo da censura amanhã. É a lógica de qualquer ditadura.",O JN está tratando agora como natural a censura aos perfis banidos das redes sociais.,1,0.6018418073654175,0.3981582224369049,0
O STF precisa conter a escalada de Alexandre de Moraes contra a liberdade de expressão.,"Liberdade de expressão é uma coisa, atentado, ameaças a vida e espalhar só mentira é outra. Mas não são os Minions q querem intervenção militar? AI5? Na época da ditadura o q mais tinha era censura",1,0.6027073860168457,0.3972926139831543,1
"Pegue o exemplo do Roberto Jefferson: é um cidadão que vem cometendo seguidos crimes contra a honra de diversas pessoas. Deve ser processado e pode ser condenado no penal e no cível, mas não vejo previsão legal que justifique cercear o seu livre direito de expressão.","Vamos relembrar como td começou? PL da censura!!!! Autor: Alessandro Vieira! Conhece???? O povo brasileiro acordou, ditadorzinho!",1,0.6056521534919739,0.3943478763103485,1
"Hoje são   Allan dos Santos Bernardo Kuster Edson Salomão Luciano Hang Roberto Jefferson Otávio Fakhoury Sara Winter   Amanhã pode ser vc.  Vc, conservador. Vc, que apoia Bolsonaro.   E vc tbm, idiota de esquerda que tá comemorando essa censura covarde.  #VozParaBernardoKuster",Pois é! O analfabetismo funcional é tal que comemoram censura... Tem coisa mais patética?,1,0.6143451929092407,0.3856548964977264,0
Ué isso não é censura? Kkkkkk,Nem vou falar o que estou pensando sobre toda essa ditadura de toga. Só sei que QUANDO A LEI ACABA COMEÇA A TIRANIA.  #STFVergonhaNacional  quando vai entrar em vigor a tal lei de abuso de autoridade? Já ñ está na hora.  LIBERDADE DE EXPRESSÃO É UM DIREITO constitucional,0,0.6305373907089233,0.3694626092910766,0
"Os avanços nas esferas política e econômica são importantíssimos, mas perdem por completo sua substância e efetividade para o POVO se retrocedemos na principal esfera, a cultural: o que faz o Senado frente à escalada de censura do 5TF contra a liberdade de opinião?",nao se pronunciou sobre censura no Brasil?,0,0.634601891040802,0.3653981387615204,0
esse cara aqui me ensinou muita coisa... ces nao tem ideia,"Se hj em dia eu amo dançar (eu não sei, danço igual uma lombriga mas eu amo) foi, GRANDE PARTE, por conta dele.",2,0.6565867066383362,0.3434132933616638,0
"Luciano Hang pode mudar o nome para Luciano ""Hang Loose"". Perdeu a mão nas fake news e, em seguida, perdeu o direito a usar a conta no Twitter.    Nossã! Parei.  #Sabelle","Nas ruas eles pedem AI5 e ditadura, e aqui no twitter quando são bloqueados por postar e divulgar fakes news, falam em censura, ah gado de merda",0,0.6660223007202148,0.3339777290821075,0
"Todos do STF reclamam quando se pede ai5, mas fazem uso da censura!! Será que preciso desenhar???",Censura é diferente de punir. Eles cometeram um crime ao atrapalhar na luta contra a covid-19,1,0.6722927689552307,0.3277072012424469,1
"Hoje é dia de podcast, e tive o grande prazer de conversar com meu amigo  no primeiro episódio com convidado, conversamos um pouco sobre Santidade e Santificação, olha está um papo incrível!!!  Spotify:   Anchor:","Sim, eu já disse essa semana que não tenho paciência com podcast e sim eu ouvi esse e achei simplesmente MARAVILHOSO! Muito edificante, traz reflexões totalmente necessárias pra nossa caminhada cristã. São minutos muito bem gastos gente, de verdade. Ouçam e sejam abençoados!",2,0.6733330488204956,0.326666921377182,0
"A turma que curte uma ditadura militar tá pistola com o ministro do STF Alexandre de Moraes, pq ele não tá deixando uns blogueiros de merda espalhar fake news. Imagine qdo eles souberem que na ditadura nem internet eles vão ter","Quem diria... Os defensores do combate a corrupção, defendendo Roberto Jeferson. Kkkkkkkkkkkkkkk Combater Fake News não é censura. Esse rede de ódio vai cair.",0,0.6776814460754395,0.3223185539245605,0
"Estamos vivendo um momento delicado em nosso país! Um ato explícito de censura sendo comemorado, mostra muito bem o caráter de algumas ideologias partidárias!","Enquanto a Câmara arma um plano para calar os cristãos,  o #STFVergonhaNacional executa a censura nas redes sociais. Querem acabar com toda forma de apoio ao #Bolsonaro2022 na força de suas canetas e caras de pau.",1,0.6796743869781494,0.3203256130218506,0
"Vou guardar esse twitt, vai ser lindo ver a Manu chorando quando a censura chegar nela.","A censura não vai chegar a ela pois o Presidente Bolsonaro tem como regra a liberdade e ela ainda terá que aguentar por um bom tempo pois o  Presidente irá até 2026 e fará seu sucessor. Nós, somos de Deus! E isso ninguém tira!  Não nos calarão!",1,0.6890223026275635,0.3109776675701141,0
"Hoje são   Allan dos Santos Bernardo Kuster Edson Salomão Luciano Hang Roberto Jefferson Otávio Fakhoury Sara Winter   Amanhã pode ser vc.  Vc, conservador. Vc, que apoia Bolsonaro.   E vc tbm, idiota de esquerda que tá comemorando essa censura covarde.  #VozParaBernardoKuster","censura é pouco pra esse gordo, faltou dar uns socos na boca desse filho da puta",1,0.6910881996154785,0.3089118599891662,1
"a cada dia mais certo de que este site é um grande delírio coletivo, 90% das discussões que a gente tem aqui não acontecem em nenhum outro lugar","Ou você apoia o AI-5, ou você reclama da ""Censura"". Os dois não dá. Se não ficassem ameaçando, pregando violência gratuita... tavam de boa, quem não faz merda não paga. Só censurou quem não presta. Apologia tbm é crime kkkkkkkkkkkkkkkkkkkkkkkkkkkkkkkkkkkkkk",0,0.6943390369415283,0.3056609332561493,1
O que vcs acham do STF ?,Puxadinho do PT... Tribunal do crime... #STFEscritorioDoCrimeOrganizado  #STFVergonhaNacional,1,0.7033313512802124,0.2966685891151428,0
"Todos do STF reclamam quando se pede ai5, mas fazem uso da censura!! Será que preciso desenhar???","Fake news e discurso de ódio não se encaixam em liberdade de expressão. E se vcs pedem ai-5, tão reclamando de censura agora pq? Vai chora? Precisa desenhar?",1,0.720210611820221,0.2797893583774566,
"Não é uma delícia ver a galera que pedia um AI-5 chorando e gritando CENSURA?   Foi uma decisão judicial, esses imbecís confundem PUNIÇÃO com CENSURA.  A única coisa boa é ver esse “fugitivos da inteligência” chorando nas redes. Criticando a censura e o “livre mercado”",Decisão judicial baseada em qual crime ? Qual lei ? Qual é a sentença ? Está transitada em julgado ? O que alegou a defesa ? Onde foi julgada ? Que dia ocorreu o julgamento com direito a ampla defesa e presunção de inocência ? cadê a presunção de inocência ?  Isso é CENSURA !!!,1,0.7281859517097473,0.2718140780925751,
"Estou aberto aos argumentos jurídicos que mostram graves problemas na decisão do Alexandre de Moraes.  Dito isso, que perfis dedicados a fake news, ataques e assassinato de reputações sejam derrubados é algo que eu defenderia mesmo se fosse contra o meu lado político.",Isso não  configura censura prévia?,1,0.7298194766044617,0.2701804935932159,
"A tag #STFVergonhaNacional nunca fez tanto sentido! Sim, eles perderam completamente a noção e o respeito!   Ministro Barroso fará debate online com youtuber Felipe Neto",Eitaaaaaaaaaa o Barrosinho descendo a ladeira Felipe feto?? Logo tá com Anita Pablo virar etc  decidamente meu caro tu tá jogando na privada sua biografia  Fazendo todo sentido mesmo,2,0.7328094840049744,0.2671904563903808,
O STF precisa conter a escalada de Alexandre de Moraes contra a liberdade de expressão.,"Uéé... vcs foram os primeiros a sofrer censura, depois passaram a apoiar os censuradores, agora querem que eles parem? Precisam descer do muro, ou estão com o povo de bem ou contra nós! Deixem essa birra com o presidente de lado e venham lutar contra os verdadeiros ditadores!",1,0.7421279549598694,0.2578720152378082,
Aras está contra o bloqueio de contas no Twitter!,"Só está contra a decisão do ministro Alexandre de Morais, pq fazer alguma coisa, bater de frente com o STF, ele não vai fazer isso, pq o STF se acham os deuses do Brasil, o STF pode mandar prender o Augusto Aras, se ele enfrentar o STF!!.",1,0.7676478624343872,0.232352152466774,
"Sua censura deu ruim, ! Até como ditador você é um ineficiente, inútil, fracassado. Projetinho de ditador.  Tô seguindo normalmente e vendo os tweets de todos que você TENTOU censura. Cabeça de ovo!",Eu nem perderia tempo de dar tantos adjetivos ao cabeça de . “Na minha opinião” ele é simplesmente um BOSTA,2,0.7698875069618225,0.2301124781370163,
Os conservadores foram criminalizados no Brasil.  Só há liberdade de expressão se você seguir a cartilha socialista e não criticar o establishment.  Censura e perseguição.,Pede AI-5 e depois reclama da censura nas contas que foram bloqueadas do gabinete do ódio. #GovernoDeFraudes,1,0.7738654017448425,0.2261346280574798,
Bolsonaro está curado da Covid-19!  Eu disse que hoje seria um Grande Dia!  A esquerda chora e o Brasil comemora!,"Ou o povo ACORDA ou acabou de vez. Saiam de casa e lutem por sua liberdade! Os togados estão RINDO da sua cara, enquanto vc fica subindo hashtag no twitter! #VozParaBernardoKuster",0,0.7782737016677856,0.2217263579368591,
"Não há como aceitar a censura. Não há como aceitar que aplaudam a censura. Liberdade de expressão a todos, aqueles que pensam como eu e os que pensam de forma diferente.","Mas o ditador não pensa assim! Ele é p dono da razão . Aliás, todo imbecil, o é!",2,0.7822921872138977,0.2177078425884246,
"Allan dos Santos Bernardo Kuster Edson Salomão Luciano Hang Roberto Jefferson Otávio Fakhoury  Dentre outros, tiveram suas contas no Twitter ""retidas por ordem judicial"".  Isso graças ao INQUÉRITO ILEGAL embasado na narrativa de  LUCIANO AYAN, aquele que está PRESO.  Pois é",você é um verme.,2,0.791444718837738,0.2085553407669067,
O que tem me movido: • saber que os boleto tão em dia • saber que tenho muitos amigos de SP e que vou poder ver todos depois do corona • saber que existe uma probabilidade MUITO GRANDE de ainda ESSE ANO ver    Deus eh bom e o diabo eh vacilão,se eu já sei todos os roles que vamos dar? sim,2,0.7929812669754028,0.2070186734199524,
Estamos envergonhados dos membros da nossa Suprema Corte. E da conivência com a ditadura insana do Alexandre de Moraes. A INSTITUIÇÃO NÃO é culpada. O povo defende a instituição. Seus membros NÃO a dignificam.,"Como irão dignificar se são esquerda, mas, bem esquerdalha mesmo.  #STFOrganizacaoCriminosa  #STFVergonhaNacional",2,0.795536994934082,0.2044630795717239,
"Amigos aqui é Roberto Jefferson. Entrei na conta da minha filha para agradecer a todos pelo apoio. Em breve estaremos juntos novamente! Alexandre, não temo sua tirania!",Muito grave o que está acontecendo. É preciso o senado fazer sua parte ou fazemos a nossa nas eleições. Estamos juntos com você Roberto Jefferson. Abraço,1,0.7992287278175354,0.2007712572813034,
O que vcs acham do STF ?,"Meu Herói ,Roberto Jefferson ,disse com poucos políticos e senadores do PTB está  batendo no stf, imagina se os políticos do PSL vão p PTB ,vão distruir o stf  !",1,0.8102041482925415,0.1897958666086197,
"Hoje completam 2 anos desde que Demi sofreu uma overdose que quase tirou sua vida. Em reflexão, agradecimento e por estar se sentindo grata, Demi escreveu esse pequeno texto e publicou em seu Instagram.   “Me senti tão grata que escrevi algo... Hoje é o dia do meu milagre”.","Emocionante!!   É verdade alguns momentos são tão terríveis, que parece ser o fim, mas é apenas uma pequena parte de uma grande e linda história de superação, na qual Deus, a gente e as pessoas que nos amam tem um papel tão importante na história. Muito feliz pela Demi!",2,0.8152111768722534,0.1847888529300689,
"O Twitter suspendeu 16 contas de bolsonaristas. Entre elas, as de Roberto Jefferson, dos blogueiros Allan dos Santos, Bernardo Küster e Sara Winter, dos empresários Luciano Hang, Edgard Corona e Otávio Fakhoury.","Imaginem a gritaria que se faria se fossem contas de esquerdistas... censura, ditadura, fascismo, etc.",1,0.8179373145103455,0.1820626407861709,
"Os bolsonaristas são engraçados! Eles pedem AI-5 e intervenção militar, mas reclamam de censura quando o STF suspende perfis nas redes sociais que disparam notícias antidemocráticas e falsas!","Dois pesos e duas medidas, cadê?",2,0.8302671909332275,0.1697328239679336,
"Não há como aceitar a censura. Não há como aceitar que aplaudam a censura. Liberdade de expressão a todos, aqueles que pensam como eu e os que pensam de forma diferente.","stf ,CABEÇA   DE OVO PODRE ,CORRUPTOS ,CANALHAs,TIRANOs,LESA PÁTRIA, TRAIDORES DO POVO BRASILEIRO DE BEM  ,HONESTO,TRABALHADOR ,TRAIDORES DA PÁTRIA,MERCADORES DAS MORTES !!!",2,0.8304975032806396,0.1695024520158767,
"Acrescento: se fosse eu o censurado, esses mesmos comemorariam e/ou criariam narrativas para encobrir/desmentir o fato. ACREDITE.  Alguns desses q perderam seus perfis assassinaram reputação de quem queria lava-toga, patrulham opiniões e promovem seu próprio mecanismo de censura.","Eu esperava um: ""Censura é inadmissível. Disto isto, são uns fdp, não nos gostamos etc...etc...""",1,0.8320314884185791,0.1679684966802597,
"Bolsonaristas pedem intervenção militar e a volta do AI-5.  Agora, reclamam da censura.","Deixa ver se entendi... Quer dizer que ameaça da censura do executivo (AI-5, Intervenção Militar) não pode, mas a censura do judiciário tudo bem?",1,0.834577739238739,0.1654222309589386,
"Não há como aceitar a censura. Não há como aceitar que aplaudam a censura. Liberdade de expressão a todos, aqueles que pensam como eu e os que pensam de forma diferente.","Caro  não seria hora de os brasileiros de verdade começando por jornalistas de verdade como o senhor, Fiuza, Garcia, alguns artistas, cidadãos comuns, empresários, políticos e políticas de coragem, militares promoverem o descrédito de Alexandre de Moraes ORCRIM?",1,0.8354945182800293,0.1645055115222931,
O que vcs acham do STF ?,"Um bando de urubus usurpadores, defensores de bandidos. Como dizia Lula ladrão uma suprema corte acovardada. #STFVergonhaNacional",1,0.8365654349327087,0.1634345650672912,
"Pessoal de Porto Alegre revoltado com o prefeito. Além de decretar fechamento da maioria do comércio, ajudando a falir CNPJs, mandou os fiscais da prefeitura (estatutários com salário e benefícios em dia $$$) impedir que os ambulantes tentem dignamente trabalhar...","A politicagem tá ficando perigoso seus prefeitos e vereadores do Brasil, cuidado pq o buraco pode ficar grande de mais.",2,0.8372970819473267,0.1627029776573181,
"Dos autores de ""O Regime Militar não foi ditadura e quem foi torturado mereceu"", vem agora ""Socorro, bloquearam meu Twitter, estou sendo oprimido pela ditadura!"".  Não existe florzinha mais delicada do que um direitista!   GRANDE DIA","Disseram, os cidadãos de bem, que a ditadura só matou vagabundo e agora reclamam da toga burguesa censurar perfis em rede social. censura mais que ta pouco",0,0.8488364815711975,0.1511634439229965,
"É assim: ou você é contra a censura e a favor da democracia ou você defende AI-5 e pára de reclamar de censura ok? Os dois não dá,",Olha a mente!,2,0.8491498827934265,0.1508501321077346,
Revogaram a constituição ??? #VozParaBernardoKuster,Que absurdo em pleno 2020 o Brasil sofrendo com Censura do STF... Esse Tribunal nao nos representa em nada! Só serve pra salvar corruptos da cadeia! #forastf,0,0.8519182205200195,0.148081749677658,
A CENSURA NAS REDES SOCIAIS JÁ COMEÇOU E A PL 2630 AINDA  NÃO  FOI APROVADA IMAGINA QUANDO FOR... NÃO  ESQUEÇA     INSCREVA-SE NO CANAL PRECISO DA SUA AJUDA       PARA     GANHAR MAIS ALCANCE E VOZ... OBRIGADO!,"Quando vc tira a arma das mãos de alguém que almeja usá-la para assassinar a reputação alheia, geralmente com inverdades. Isso é censura ou justiça? #Grandedia",0,0.8537020087242126,0.1462980657815933,
"É hora de falar sério.  Hoje é um dia de vitória. Diversos perfis do Twitter de agentes de fake-news, ódio e destruição de reputações foram desligados, a pedido do STF.  A decisão pode ser temporária ou permanente. Nessa thread, quero mostrar pq deve ser PERMANENTE.  Segue o fio.","E o “democrata” passando pano para atitude autoritária e ditatorial?!  Não acredito. Deve ser fake.   Vibrem hoje, chorem amanhã quando atingir vocês.   Comemorar censura só demonstra o quanto essa turma nunca foi democrática e entusiasta da diversidade.",2,0.8568941354751587,0.1431059092283249,
Vamos todos pro twitter modo americano e derrubar a censura excrachada que estamos recebendo dos esquerdistas.,"Bora, Já fui!!!",2,0.8575844168663025,0.1424155235290527,
"A verdade é que Alexandre de Moraes, definitivamente se torna o censurador e ditador que tanto acusaram o Bolsonaro de ser! Perseguindo os conservadores, e aqueles que diziam que seriam perseguidos riem dessa situação. Que Deus tenha misericórdia de nós.","Alexandre de Moraes , o ódio dele vai mata-lo.",0,0.8577849268913269,0.1422151178121566,
Não a Censura!!! #naoacensura,"Hoje é um GRANDE DIA, sem dúvida alguma, mas alguém sabe dizer como vai a finada Bia Kicis?  É pro meu TCC  #QueimaQuengaral #GovernoDeFraudes",0,0.8580577969551086,0.1419421881437301,
"Discordo de 99% do que defendem Allan dos Santos e Bernardo Küster. Assim como discordo de Jones Manoel e Sabrina Fernandes.  Discordo 100% de que o Estado tem o direito de escolher, por motivação política, quem pode ou não ter um perfil no Twitter.",Esse cara é top! Tá difícil discordar das threads dele,2,0.8595048189163208,0.1404951810836792,
"Me faltam adjetivos pra classificar a suspensão de contas em redes sociais APENAS de apoiadores do Governo.   Para os da esquerda que comemoram, lembrem-se que nada impede que isso aconteça com vocês a qualquer momento.   A censura é real.",ASSISTAM AGORA E DEIXEM SEU LIKE!!! FALANDO SOBRE A CENSURA NO TWITTER  Os Pingos no Is -  24/07/20  via,0,0.8600415587425232,0.1399584710597992,
"Esse homem enganou 81 senadores ao ser ""sabatinado"". Mentiu para a nação brasileira, para ter cargo vitalício no STF. Seu nome, Alexandre de Moraes.",Mudou de idéia ou mentiu na cara dura?,2,0.86519455909729,0.1348054409027099,
"Sabe o que vai acontecer se você só mudar o canal para falar mal do Alexandre de Moraes e não agir de fato? Ele vai mandar também encerrar sua conta de YouTube, o seu site e o que mais for preciso. Parem de perder tempo com asneiras, antes que não haja mais nada a fazer.","Se o  não defende seus usuários contra abusos do judiciário,  talvez ele não merece s nossa presença nesta rede.  A empresa deveria acionar seu departamento jurídico diante da censura.",0,0.865898847579956,0.1341011971235275,
Estão tentando nos calar #VozParaBernardoKuster,"MINISTROS DO STF NÃO TEM DIREITO DE CENSURA NENHUM BRASILEIRO, POIS QUEM PAGA OS SALÁRIOS DELES SOMOS NÓS ATRAVÉS DOS IMPOSTOS. #STFVergonhaNacional",0,0.8768342137336731,0.1231658458709716,
Não há mais como alguém negar a realidade bem debaixo do nosso nariz: vivemos numa ditadura da toga suprema.,"Censura está literalmente estapeando sua cara enquanto você grita Bozo, Ele não e aquelas merdas inúteis de sempre.",2,0.8769606947898865,0.1230393052101135,
O movimento de hoje foi pra calar o Roberto Jefferson. O resto entrou de gaiato pra dar uma disfarçada. #VozParaBernardoKuster,O Alexandre de Moraes não é e nunca foi juiz. O STF tem quantos Ministros? 11 ou 1 único que decide tudo e todos se calam. #STFVergonhaNacional,0,0.8808667659759521,0.1191332563757896,
"“Eu confio no ministro Alexandre Moraes, conheço sua capacidade e responsabilidade. Conheço algumas das contas removidas, publicam desinformação sistematicamente, vide o que falam sobre a Covid-19. E difundem discurso de ódio"", diz o deputado do PCdoB.","Quando o relator da PL2730 na câmara diz q confia em Alexandre de Moraes , a censura do legislativo vai ser aprovada pq a do judiciário já está em vigor . Benvindo ao facismo .",1,0.8813896179199219,0.1186104416847229,
"Acrescento: se fosse eu o censurado, esses mesmos comemorariam e/ou criariam narrativas para encobrir/desmentir o fato. ACREDITE.  Alguns desses q perderam seus perfis assassinaram reputação de quem queria lava-toga, patrulham opiniões e promovem seu próprio mecanismo de censura.",Luciano hang ajuda pagar o seu salario seu arrombado.,1,0.8836866021156311,0.1163134053349495,
"A gente errou, a censura veio.... Mas de quem não esperávamos.... WELCOME TO 1984, É SÓ O COMEÇO. hj é bolsonarista, amanhã é qualquer um q n fale bem","Liberdade de expressão mas só pra esquerdistas, destruidores da família e tudo que infesta esse país de sujeira",2,0.8845592737197876,0.1154408007860183,
"VERGONHA ! O ditador e tirano da toga , Alexandre de Moraes , impõe censura pior que a ditadura , bloqueando redes sociais , cerceando a liberdade de expressão , promovendo uma verdadeira perseguição política . IMPRENSA, OAB,ABI, PRESIDENTE DA CÂMARA E DO SENADO , TODOS CALADOS!",Cambada de vagabundos hienas carniceiras imundas malditas de togas,2,0.8891459107398987,0.1108540371060371,
"Para quem defendia a morte do presidente, defender a CENSURA é fichinha. Não querem apenas calar o Presidente e seus apoiadores, mas calar e se possível matar. Não lute hoje e amanhã você estará na VENEZUELA.","Verdade Allan, mas volto a falar o Sr. Alexandre PCC de Moraes têm esposa,filho, deve ter pais e irmão, um bom susto resolveria todos nos arroubos autoritario dos togados",1,0.8920031189918518,0.1079968586564064,
"Aos que hoje aplaudem os atos do ministro Alexandre Moraes, amanhã poderão estar arrependidos, daí pode ser tarde. A liberdade de opinião CENSURADA, cadê a turma do politicamente correto?","Eu to só a Cissa mané, GRANDE DIA",0,0.8921507596969604,0.1078492999076843,
"Amigos aqui é Roberto Jefferson. Entrei na conta da minha filha para agradecer a todos pelo apoio. Em breve estaremos juntos novamente! Alexandre, não temo sua tirania!","Resista Roberto Jefferson, os ministros do STF não têm estatura moral para calá-lo. Estão nus, o povo não os respeitam, não podem sustentar os seus malfeitos e só lhes resta usar de ameaças para intimidar os seus críticos.",1,0.8926604390144348,0.1073395162820816,
"Felipe Neto, que defende a censura e até a prisão de quem supostamente espalha ""fake news"", mais uma vez foi pego mentindo e propagando desinformação na internet. O sujeito mente tanto que, agora, teve que ser desmentido pelo embaixador da Ucrânia por mentir sobre aquele país.",Felipe Neto é um merda mesmo.,2,0.892799437046051,0.1072005480527877,
"O dia que o got7 vim para o Brasil, não vai ter ninguém no show. Pq as ahgases mesmo vão tá tudo nos hospitais, pq o tombo vai ser grande.",Eu ainda creio que um dia vai acontecer,2,0.8932764530181885,0.1067235693335533,
"Impedir os ativistas de direita de se manifestarem pelas mídias sociais é censura prévia. Uma coisa é investigar e eventualmente punir por aquilo que publicaram; outra, inteiramente diferente, é impedir que falem.",É isso,2,0.8955997228622437,0.1044002547860145,
"Esse é o problema de ficar ameaçando contar algo tenebroso... Conta logo e acaba de vez com esses Corruptos. Tem que fazer igual eles fazem, pegar de surpresa.  #ContaTudoJefferson","Isso Roberto Jeferson, fala, solta os podres.. .",2,0.8977662324905396,0.1022337898612022,
"As contas censuradas hoje contam com mais leitores do que os grandes jornais e veículos da velha imprensa.  Ou seja, a decisão de bloquear essas contas equivale ao fechamento de jornais e televisões, goste você ou não das opiniões emitidas por tais perfis.  Censura abjeta!","Se todos os perfis de direita migrassem a sua conta para o Estados Unidos, acabaria a censura.",1,0.9004965424537659,0.0995033979415893,
"Estamos provando um pouco do os chineses passam nas mãos do PCC. O que temos a fazer? Protestar, cobrar os parlamentares e, o governo.#VozParaBernardoKuster","O povo está cego devido ao fundamentalismo religioso no país, por isso não percebe que  esse governo é um #GovernoDeFraudes",0,0.902064323425293,0.0979357063770294,
"tucano Alexandre, por pura incompetência, mandou o camburão da PF na casa da ex-esposa do Roberto Jefferson, de quem ele está separado havia mais de 20 anos. Foi uma atitude para humilhar o presidente de partido político.","Posso estar enganado, mas o Alexandre de Moraes mordeu a isca e reagiu da forma que  queria, agora este tem todos os motivos pra abrir a boca e falar tudo que sabe, já o fez uma vez, e todos sabem no que deu, agora não tenho dúvidas, será muito pior.",1,0.9021769165992736,0.0978230535984039,
Sobre contas de conservadores sendo banidas: a liberdade de expressão é direito fundamental garantido em nossa Constituição e deve ser válida para todos.,Qual atitude  deputado vai tomar em relação a está censura? Estou lhe cobrando pois sou seu eleitor e apoiador a duas eleições.,1,0.9051980376243592,0.0948019847273826,
Qual a opinião de vocês sobre o Alexandre de Moraes?,A esquerda comemora a censura.  Depois é nós que somos facistas,0,0.9065415859222412,0.0934583991765976,
"Pegue o exemplo do Roberto Jefferson: é um cidadão que vem cometendo seguidos crimes contra a honra de diversas pessoas. Deve ser processado e pode ser condenado no penal e no cível, mas não vejo previsão legal que justifique cercear o seu livre direito de expressão.","Roberto Jefferson incomoda porque só fala verdades... Estamos com Bob Jeff. Censuradores não passarão!! Vai pra casa, senador hipócrita!! #FreedomOfSpeech",1,0.9073167443275452,0.0926832035183906,
"Um democrata se preocupa quando indivíduos são censurados em ações completamente arbitrárias e autoritárias. Já comunistas sentem que o clima melhora quando adversários são eliminados. É histórico. De Stalin até Avião, nada mudou.","Já estamos na distopia de Orwell, onde a verdade é mentira e a mentira é verdade? Pois somente assim se explica fascistas sendo chamados de democratas e censura à golpistas de autoritarismo.",2,0.9087857007980348,0.0912143811583519,
"Até a Isto É, que é uma revista completamente esquerdista, está criticando a decisão do Alexandre de Moraes. Esse jornalista percebeu uma coisa: uma vez que o Estado autoritário vê que pode extrapolar seus limites, hoje ele censura nós, amanhã censura eles","Alguns da mídia canhota já perceberam que o bumerangue da censura pode voltar e atingi-los em cheio. O PL da censura não pode ser aprovado, pois vai atingir a todos indiscriminadamente. Lutemos pela liberdade de expressão antes que seja tarde demais.",1,0.9105278849601746,0.0894720405340194,
"Não há como aceitar a censura. Não há como aceitar que aplaudam a censura. Liberdade de expressão a todos, aqueles que pensam como eu e os que pensam de forma diferente.",A carteirada do ano!!! Cadê a imprensa que grita democracia aos 4 cantos?? Tá vergonhoso!! Estou sentindo o cheiro de  daqui!!  #DitaduraDaTogaNao #CarteiradaNao #HitlerDeTogaNao Reaja,2,0.9116098284721376,0.0883901491761207,
A CENSURA NAS REDES SOCIAIS JÁ COMEÇOU E A PL 2630 AINDA  NÃO  FOI APROVADA IMAGINA QUANDO FOR... NÃO  ESQUEÇA INSCREVA-SE   NO   CANAL   PRECISO DA SUA AJUDA  PARA  GANHAR MAIS ALCANCE E VOZ... OBRIGADO!,"muito bom ver a direita chorando por causa de ""censura"" sendo que literalmente passaram uns 4 meses mamando pelo AI-5",0,0.912420094013214,0.0875798761844635,
"UMA DÚVIDA: o Brasil que você sonhou teria Roberto Jefferson aliado de Bolsonaro, Centrão no governo, Queiroz Rachadinha com prisão domiciliar, Flávio Bolsonaro recorrendo ao foro privilegiado, perseguição à Lava Jato?","""Brasil dos Horrores"" o que esse Bolsonaro tá fazendo, não tem um minimo de respeito com uma metade do eleitorado que o elegeu, não tem humildade, é semi analfabeto, não trabalha, ""populismo puro"" #BrasilcomSergioMoro Ilibada reputação e notável SABER.",2,0.9127028584480286,0.0872971042990684,
ACABAR COM AS FAKES NEWS NÃO EH CENSURA,mds eu to morta eu n quero andar e ainda tenho q sair eu n dormir direito grande dia,0,0.9173759818077089,0.0826240181922912,
"Branca chorando pq uma pessoa falou q preferia o cabelo dela grande, imagina se ela escutasse comentários como ""bombril"" ""arbusto"" ""alisa"" ""prefiro de trança"" ""deu choque"". Ela ia se matar no primeiro dia, ai esse povo da mt biscoito pra branco mimado acham q a vida é um morango.",foi exatamente oq eu pensei mas fiquei com medo de falar e me chamarem de militante,2,0.9199417233467102,0.0800583139061927,
"Oro todos os dias para que Deus quebre as mãos de Barroso, Fachin e Alexandre de Moraes. Deus me permita assistir sua derrota e execração aos olhos do povo brasileiro.","Acho que está na hora do presidente dar o contra golpe sugerido por Roberto Jefferson,  nesses ""ministros "".",1,0.9215978980064392,0.0784020721912384,
Surfando nas lágrimas dos isentoes esquerdistas e youtubers blogueiros. Grande dia!,"Graças a Deus! É meu presidente, genteeeee",2,0.9217700362205504,0.0782299563288688,
Agora #VozParaBernardoKuster,Os cara reclamando de censura sendo que querem que os militares subam ao poder???????????? Sei lá não faz sentido,0,0.9241929054260254,0.0758071020245552,
"o chan disse &gt;&gt;pessoas&lt;&lt; que estão no período. é um pequena coisa mas numa indústria que não deixa os idols falarem coisas que se realcionem com causas como homofobia, racismo, machismo e etc, é uma grande coisa.",Skz cada dia mais ganha um espacinho no meu coração,2,0.9243746995925904,0.0756252855062484,
"PGR afirmou em manifestação encaminhada ao STF que a determinação de Alexandre de Moraes é ""desproporcional e contrária ao princípio da liberdade de expressão  #Resistencia841Dias GRANDE DIA AI-5 Siga nosso Instagram","E o que a Sra.acha??a Sra.concorda com censura imposta pelo STF?? Cuidado,porque amanhã pode ser a Sra.",1,0.9244747161865234,0.0755252912640571,
"Segui a dica do . Todos estão vendo meu tweet? Se sim, comenta aí.  Obg Bernardo ;)",Eu odeio censura mermão...,2,0.9272666573524476,0.0727332681417465,
"I get that when some people first hear about ""censorship of pro-life voices"", they question it. ""Can it be true? Maybe they just don't know how search engine optimization works, maybe the videos just don't get that many clicks, maybe they're overplaying their hand""...1/7","Mais um exemplo de censura. Caçada contra conservadores via     Mas se os posts forem a favor da pauta globalista, aí pode... Se vc procurar ""como praticar um aborto"", não terá dificuldade para achar vídeos ou tuítes...",2,0.9279482960700988,0.0720516666769981,
Vivemos em uma ditadura da toga #VozParaBernardoKuster,"Totalmente, só lembro q em país q a impunidade aos verdadeiros bandidos impera e só tenta punir os bons, o povo se revolta e acaba fazendo justiça pelas próprias mãos e aí não tem choro, pq ninguém segura um povo q já chegou ao limite. #VozParaBernardoKuster",2,0.9291704297065736,0.0708296000957489,
Eu li tudo.  É censura.,MUITA CENSURA.,1,0.9304644465446472,0.069535493850708,
"Grande dia, que deus te elimine","Incrível a 'passada de panos' que vários jornalistas e meios de comunicação estão passando para a censura. Combate-se crimes com justiça, não com censura. A justiça é lenta, melhore a justiça, mas não apoiem qualquer censura que seja. Amanhã serão vocês, apoiadores de ditaduras.",0,0.9310647249221802,0.0689352825284004,
O que vcs acham do STF ?,Quem precisa de um PT destruidor do país quando se tem um STF como o nosso? #STFVergonhaNacional #STFNaoVaiNosCalar #STFcensurador #STFContraOBrasil #STFOrganizacaoCriminosa #STFEscritorioDoCrime #STFNãoNosRepresenta #STFTrabalhaParaSoltarBandidos,1,0.9325727820396424,0.0674272254109382,
"Bom dia, cidadãos reaças!  Art 220, parágrafo segundo da CF/88:      ""§ 2º É vedada toda e qualquer censura de natureza política, ideológica e artística.""  Café?",Dia de Inter é igual o universo compartilhado da DC tu cria uma grande espectativa e depois só vem merda,0,0.933552086353302,0.0664479285478591,
"#VozParaBernardoKuster Enquanto não criminalizar o COMUNISMO, viveremos sobre esses ataques diabólicos.",Grande dia pra torcer/deslocar o tornozelo,0,0.9343259334564208,0.0656740888953208,
"meu fixado só aparece a música e nenhum vídeo..... grande dia tayler, grande dia.","Você não dorme na democracia e acorda na ditadura; não acreditar que uma coisa possa acontecer, não significa que ela não possa acontecer. A coisa mais importante que temos depois da Vida é a nossa liberdade, não podemos permitir que isso nos seja tirado. #STFVergonhaNacional",0,0.9353176951408386,0.0646822974085807,
QUALQUER controle de conteúdos de maneira preventiva tem um só nome: CENSURA !,"Boa noite! Sr. , STFPT e a Ditadura Comunista. Censura! E agora como fica esta Democracia que o Sr. Ramos,  , dizem existir?  Respondam se forem homens. Obrigado",0,0.9354372024536132,0.0645628347992897,
"Felipe Neto, que defende a censura e até a prisão de quem supostamente espalha ""fake news"", mais uma vez foi pego mentindo e propagando desinformação na internet. O sujeito mente tanto que, agora, teve que ser desmentido pelo embaixador da Ucrânia por mentir sobre aquele país.",A bunda deve sentir inveja do tanto de merda que sai boca desse débil metal,2,0.9368528127670288,0.0631472095847129,
"Bernardo P Kustet:  ""Quem precisa do PL 2630 da Censura se o Brasil já tem o tiranete Alexandre de Imoraes?""","Os cu de frango da esquerda, q estão comemorando a CENSURA, tem q entender q pau q dá em chico dá em Francisco, uma hora vai se voltar contra eles tbm.",0,0.9368886947631836,0.0631113052368164,
"Vamos reagir presidente, sobre a censura ....bora reage presidente...",ROBERTO JEFFERSON está para o bolsonarismo assim como JOSÉ DIRCEU está para o lulopetismo. São apenas CORRUPTOS com falsos discursos ideológicos.,0,0.93805193901062,0.0619480423629283,
"Há uma negligência do sentir. Se permita sentir suas emoções. Ressignifique suas sensações. Não há problema com os seus sentimentos, se preocupe quando há a censura e a auto-censura do seu sentir.","Já é dia de PORTO!  VAMOOOOS!  Também é dia de Quali para o grande  no GP de Andalucía!  BORA MIGUEL! Lutar em terras que também, apesar de ser Português completo, me dizem bastante porque para todos os efeitos o ""meu nome"" veio de lá.",0,0.93815815448761,0.0618418641388416,
Gado reclamando de censura é a mesma coisa que o Ixpertinho chamar alguém de hipócrita.,A CENSURA NAS REDES SOCIAIS JÁ COMEÇOU E A PL 2630 AINDA  NÃO    FOI APROVADA IMAGINA QUANDO FOR... NÃO  ESQUEÇA INSCREVA-SE NO CANAL PRECISO DA SUA AJUDA  PARA  GANHAR    MAIS ALCANCE E VOZ... OBRIGADO!,0,0.9392848014831544,0.0607151538133621,
Roberto Jefferson diz no #OsPingosNosIs que o  é uma organização criminosa.,"Ele disse um monte de coisas,falou da mulher do Alexandre Himmler. Roberto Jefferson",1,0.9395231008529664,0.0604769475758075,
O tiranete Alexandre de Moraes passou de todos os limites. Ele agora decide sozinho qual informação pode circular no país? Ele decide quem fala e quem cala a boca? Ou os democratas reagem agora a este ato de censura s/ precedentes ou não podem mais falar em liberdade de expressão,"Esse Alexandre de Moraes só pode está ficando louco o que ele pensa,que é Hitler?",1,0.9404193162918092,0.0595806501805782,
O que vcs acham do STF ?,Uma imoralidade constitucional. O instrumento mais poderoso da esquerda. O atraso para nosso país. O escritório do Satã. #STFVergonhaNacional,1,0.9404470324516296,0.0595530048012733,
"A Esquerda comemora a Censura !  Daqui a pouco, estão comendo carne de cachorro !",Censura da toga!!!,1,0.940502941608429,0.0594970546662807,
"𝗌𝗁𝗈𝗋𝗍 𝖺𝗎 | 𝗖𝗼𝗻𝘁𝗼𝘀 𝗱𝗲 𝗔𝗧𝗣: 𝗢 𝗱𝗶𝗮 𝗱𝗼 𝗰𝗮𝘀𝗮𝗺𝗲𝗻𝘁𝗼 ఌ  O grande dia de Eve e Villanelle chegou. Depois de um caminho repleto de curvas sinuosas as duas bailarinas puderam, finalmente, celebrar o seu amor.",Eu e minha casa serviremos a Miranda   VEM AÍ,2,0.9423566460609436,0.0576433651149272,
"a luta é grande mas meu pau é maior, bom dia!","Grande dia para os brasileiros,que acreditam em um pulha,que não investe na saúde dos brasileiros.  Mais de 80 mil brasileiros  (as) assassinados,pela gripezinha do #BolsonaroGenocida.  Bolsonaro o fracasso do Brasil.",0,0.9428732991218568,0.0571266934275627,
"É hora de falar sério.  Hoje é um dia de vitória. Diversos perfis do Twitter de agentes de fake-news, ódio e destruição de reputações foram desligados, a pedido do STF.  A decisão pode ser temporária ou permanente. Nessa thread, quero mostrar pq deve ser PERMANENTE.  Segue o fio.","Só eu que fico incomodado com essa censura sem nem terem terminado ainda o processo? E olha q quero muito q esse povo se lasque, mas existem ritos q devem ser cumpridos pra manter o sistema coeso. Imagina como vai ser quando resolverem fazer isso com aquela página q vc ama",2,0.9430798888206482,0.0569201111793518,
",  e  no #J10, a imprensa (mídia) tradicional de rádio e televisão não 'manipula' mais os brasileiros. Diversas opiniões e pontos de vista estão nas redes sociais. A perda de controle está deixando alguns 'putos'. Porém é inevitável e sem volta!",Por isso essa gang torcem pela volta da censura,2,0.943471908569336,0.0565280355513095,
Atualização 1:  O Senador  José Serra(PSDB/SP)   é favorável a Lei da Censura! Ele se absteve da votação mais importante do ano.    Telefones: (61) 3303-6651 / 6655 FAX: (61) 3303-6659 E-mail: sen.joseserra.leg.br,"Em breve, vai começar a pagar...",2,0.9447897672653198,0.0552101917564868,
"Nesse Brasil é proibido ser conservador raiz, é proibido ser cristão","Dia de pirão de chambaril. em Natal, Rio Grande do Norte",0,0.945167064666748,0.0548329092562198,
"Que complicada esta decisão do Alexandre de Moraes, né? ""(...) evitando-se que continuem a ser utilizados como instrumento do cometimento de **P-O-S-S-Í-V-E-I-S** condutas criminosas apuradas nestes autos (...)""","‘Afronta à liberdade de expressão’, diz Luciano Hang  via",0,0.945212423801422,0.0547875799238681,
Censurados...,Parabéns  aos três  bananas  do governo  que apoia a censura  e a ditadura  do   ! Parabéns        !,2,0.945234477519989,0.0547655075788497,
"VERGONHA ! O ditador e tirano da toga , Alexandre de Moraes , impõe censura pior que a ditadura , bloqueando redes sociais , cerceando a liberdade de expressão , promovendo uma verdadeira perseguição política . IMPRENSA, OAB,ABI, PRESIDENTE DA CÂMARA E DO SENADO , TODOS CALADOS!",Todos tem rabo preso. Ou estão poluídos com a Inhaca do PT / PSDB / PCC / Comando vermelho????,2,0.9452548027038574,0.0547452084720134,
"""A única luta que a gente perde é aquela que a gente não participa. O Brasil não é do Bolsonaro. É de 210 milhões de brasileiros"" - Luiz Inácio Lula da Silva   #GovernoDeFraudes",E não se faz nada para tirar esse canalha do poder !!!           #ForaBolsonaro,2,0.946026623249054,0.053973376750946,
"Pegue o exemplo do Roberto Jefferson: é um cidadão que vem cometendo seguidos crimes contra a honra de diversas pessoas. Deve ser processado e pode ser condenado no penal e no cível, mas não vejo previsão legal que justifique cercear o seu livre direito de expressão.",parece usar  como instalador de ditadura. A reação da sociedade civil é o espanto às atrocidades dessa instituição,2,0.9460743069648744,0.0539257153868675,
bati a testa na parede e acordei assustada grande dia,"Ué, kd a resistência? Esperanfo a choradeira pra reclamarem que o resultado do Covid-19 do Presidente que deu negativo ser fake!!! Segue o jogo!!! Grande dia!!!!",0,0.9462881684303284,0.0537118911743164,
"Amigos aqui é Roberto Jefferson. Entrei na conta da minha filha para agradecer a todos pelo apoio. Em breve estaremos juntos novamente! Alexandre, não temo sua tirania!",Deus é mais!,2,0.9465263485908508,0.0534736402332782,
Eu sou muito engraçado vou postar um monte de post com pedøfįlia e racismo  Pq eu sou SHITPOSTER ENTENDEU? sou SHITPOSTE NAO VEM LACRAR AQUI NAO EU SOU SHITPOSTER  VEM DE MIMIMI NÃO SEM CENSURA  PEDØFĮLI,"No mesmo dia em que pesquisa aponta Bolsonaro como favorito em 2022, apoiadores de grande relevância na internet são censurados e perdem suas contas. Quanto mais o presidente crescer, mais seremos perseguidos. Preparem-se!",0,0.9466375708580016,0.0533624403178691,
"Hoje foram ""influencers"", ativistas, empresários, milionários, jornalistas e humoristas.  Amanhã será todos nós, anônimos, com a PL das fake news.  Tão preparados?","Se nos Estados Unidos ""apenas"" com as empresas privadas a censura já é violenta, imagina aqui com esse judiciário e legislativo?",2,0.9476258754730223,0.0523741096258163,
O poder de frear as ações autoritárias e arbitrárias de Alexandre de Moraes está nas mãos do .  O povo está vendo.,"Sai do banho ali e minha mãe veio me perguntar se eu já fiz sexo, e eu disse que sim...  Grande dia!",0,0.9481560587882996,0.0518438667058944,
"Você pode criticar um Deputado, um Senador, isso não fere as leis isso é liberdade de expressão.  Agora se você emitir uma opinião sobre um      , aí você é um criminoso.  Eles podem soltar bandidos, pedófilos e traficantes e nada sofrem.  Fato!","Olha só, esse perfil do Roberto Jefferson é Fake.  Cristiane Brasil  #BOBJEFF: Tem gente abrindo contas no meu nome. São fake.",1,0.9485818147659302,0.0514181591570377,
"Morar no Rio Grande do Sul é isso, um dia de 30°C e no outro 9°C","fiz uma micro tão linda e que a cliente saiu com um sorrisão tão grande, que valeu meu dia",0,0.9487894177436828,0.0512105412781238,
"A decisão do ministro Alexandre de Morais é digna de elogios e aplausos. O Jornalismo se faz com a divergência de opiniões, divergência de explanações, e até de versões, mas JAMAIS se faz com a produção de mentiras direcionadas a atacar ou ajudar alguém +",Se o assunto de hj não for a ditadura do STF com a censura imposta a cidadaos e jornalistas o #GrandeDebate morreu,0,0.9491591453552246,0.0508407913148403,
"Eu não aguento esse negócio, essa cegueira das pessoas onde elas acham q só pq a CensurA foi contra apoiadores do Bolsonaro, é legal. Gente isso é o maior absurdo do mundo. Não importa quem é caralho. É censurA  Tamo sendo censurado",EU NÃO SABIA QUE EM 2018 O BRASIL TINHA ELEITO NAS URNAS O MINISTRO ALEXANDRE DE MORAES P/ PRESIDENTE.,0,0.9491721391677856,0.0508278273046016,
Alexandre de Moraes precisa receber voz de prisão. Ele é um juiz constitucional. Ele não é um jagunço.,ALEXANDRE  DE  MORAIS  É  SÓ  UM  VERME. VAI  CHEGAR  SUA  HORA  PSDB  PCC.  QUADRILHAS.,2,0.9496937394142152,0.0503062047064304,
"#BOBJEFF: Após meu perfil  ter sido censurado, estão surgindo várias contas com meu nome. Entendo que os amigos não querem deixar a minha voz ser sufocada e agradeço. Mas alerto: por ora, só falarei pelo Twitter da minha filha Cristiane Brasil. Força e Vitória!","Esse Perfil não é do Roberto Jefferson, por enquanto ele usará o da filha",2,0.9510815739631652,0.048918392509222,
Viva a censura do bem!?!??!!,"Entre os que perderam o perfil, estão Sara Giromini (Sara Winter), Allan dos Santos, Bernardo Kuster e Luciano Hang. Os quatro são investigados por disseminação de notícias falsas e ataques virtuais a ministros do STF.",0,0.9516205191612244,0.0483794994652271,
"Eu e minha madrasta fomos caminhar e não aguentamos voltar para casa, então meu pai foi nos buscar de carro.  Grande dia",#FreedomOfSpeech  Liberdade de opinião Basta de censura,0,0.9521315097808838,0.0478684827685356,
amanhã será um grande dia na vida deste ser que vos fala.,"Benvindos ao Brasil, onde os maiores soltadores de corruptos da Galáxia são os mesmos que fazem censura nas redes sociais",0,0.952229619026184,0.0477702990174293,
"Infelizmente, a censura no Brasil já é uma realidade. Se a situação não for revertida RAPIDAMENTE, estarão certos de que poderão prosseguir com todas as medidas autoritárias. É um caminho sem volta. O Brasil está sob uma ditadura do Judiciário. Canalhas et caterva aplaudem.",Se os bons se calam.......,2,0.9526270627975464,0.047372929751873,
"Hoje não vai ter zumbi que me pare... Eu espero. Como combinado ontem, hj volto com Resident Evil 2. Zero munição em mãos, o chororó vai ser grande. Corre pra gente jogar junto aqui no Luscverso. 5 min!    Ps: Hoje é o primeiro dia com iluminação na camêra!","Por que vocês não deixam de seguir nas redes sociais todos os jornalistas que se mantiveram omissos ou vibraram nas entrelinhas com a censura? Pode parecer bobagem, mas uma queda no número de seguidores é muito significante pra eles! Tomem vergonha na cara!",0,0.95263010263443,0.0473699197173118,
"O Brasil tem ditador sim, mas não é o Bolsonaro como a esquerda berra, é o Alexandre de Moraes, esse a esquerda aplaude.",A CENSURA NAS REDES SOCIAIS JÁ COMEÇOU E A PL 2630 AINDA  NÃO  FOI APROVADA IMAGINA QUANDO FOR... NÃO  ESQUEÇA INSCREVA-SE NO CANAL PRECISO DA SUA AJUDA  PARA  GANHAR  MAIS ALCANCE E  VOZ... OBRIGADO!,0,0.9527605772018432,0.0472394786775112,
"Hoje são   Allan dos Santos Bernardo Kuster Edson Salomão Luciano Hang Roberto Jefferson Otávio Fakhoury Sara Winter   Amanhã pode ser vc.  Vc, conservador. Vc, que apoia Bolsonaro.   E vc tbm, idiota de esquerda que tá comemorando essa censura covarde.  #VozParaBernardoKuster","De nada adianta reclamar . Como a   twittou "" a quem vamos recorrer"". Simples ; a ninguém . Nem deputados , nem senadores , nem militares ... Não a ninguém que seja adversário para o STF e possa fazer alguma coisa . Estamos vivendo uma ditadura .",2,0.953085958957672,0.0469140075147151,
eu e a vanessa fomos olhar a barraco do beijo 2 pra falar mal com propriedade.  gostamos.  grande dia,Perfis suspensos: Allan dos Santos Bernardo Kuster Edgard Corona Edson Salomão Eduardo F. Portella Enzo Momenti Luciano Hang Marcelo Stachin Marcos Bellizia Otavio Fakhoury Paulo Bezerra Rafael Moreno Reynaldo B. Junior Roberto Jeffesson Rodrigo Ribeiro Sara Giromini Winston Lima,0,0.9531354308128356,0.046864490956068,
"com o tempo o amor de vocês foi só crescendo, tiveram que enfrentar alguns obstáculos por ser um casamento entre uma rainha e uma pessoa que não tem sangue azul, mas finalmente conseguiram e o grande dia do casamento chegou, como ficou a decoração?",o da quarta foto  QUEREMOS BIA TRES,2,0.9531702995300292,0.0468297153711319,
"O PTB, presidido pelo ex-deputado, divulgou uma nota criticando a decisão de Alexandre de Moraes de suspender contas em redes sociais no âmbito do inquérito das fake news.","Grande dia, vcs acabam de fazer a direita ainda maior!!! Continuem esquerdistas, continuem kkkk",1,0.9537538886070251,0.0462460927665233,
"O cara passa a semana toda compartilhando fake News,, mas hj tá comemorando censura e pedindo lei de combate a fake News, issae amiguin, o país precisa de lei da censura sim amiguin, é pela liberdade sim  #Politicagem #Isentão",Ela é rainha Teresa de Benguela! Mulher que nos inspira para continuar na luta e não aceitar a opressão e o racismo.  Dia 25 de julho a gente comemora o dia dessa grande mulher que marcou a história do Brasil! #JulhoDasPretas,0,0.9538460969924928,0.0461538694798946,
"As ofensas e ameaça de violência q apoiadora de Bolsonaro, Sara Winter, faz nesse vídeo ao Ministro Alexandre de Moraes () expressam “liberdade de expressão”? Em q livro de direito? É papel do Ministro da Justiça defender esse tipo de conduta?","Se voce nao entende a diferença  É disso que estou falando, mané!",2,0.9538814425468444,0.0461185947060585,
"Até onde eu sei, Roberto Jefferson está em Brasília, não em Levy Gasparian.  Se ele estiver em Brasília, ñ foram atrás dele, mas de ""provas"".  Se estão querendo arquivos sobre as denúncias graves feitas por Jefferson, estão perdendo tempo.   Ele ñ deixaria de proteger as provas.",Não Vão nos Calar seremos a sua Voz Bob Jeffeson   #NaoVaoNosCalar,2,0.9539563059806824,0.0460437387228012,
"Todo dia, ao acordar, Alexandre de Moraes pensa: o que posso fazer para ser mais odiado e enojado pela população?  Cada dia se supera mais! Tornou-se o Joãozinho dono da bola da liberdade de expressão do Brasil!",Alexandre de Moraes tem filhos Netos ...caraca vengonha pra eles em,1,0.9548668265342712,0.0451331958174705,
Estou aberta a discutir diferentes opiniões jurídicas a respeito. Até pq aqui em São Paulo acompanhamos muito atentamente os passos do Inquérito do STF na nossa CPI da Fakenews. Mas esse fio do Dr. Marcelo ajuda bem a entende o pq da exclusão das contas e pq não é censura prévia.,"Não é censura prévia, prévia é a ditadura. A censura é ato posterior. Parabéns. Siga aplaudindo essa excrecência de impedir pessoas físicas de se manifestarem sob o falso pretexto de robôs disseminarem notícia, pois pra isso bastaria ordenar às plataformas que proíba isso.",1,0.9562948346138,0.0437051653861999,
Atenção consegui acessar o Perfil do Roberto Jefferson . É só ir em configurações da conta e mudar de país  opção 2,Solução da liberdade na mão,2,0.9565833210945128,0.0434167273342609,
"Urge pautarmos e exigirmos de nossos senadores o encaminhamento dos processos de impeachment de Alexandre de Moraes. É inaceitável como o ministro vem violando seus poderes constitucionais.  Acima da corte mais alta no Brasil,  ou de qq de seus membros, ainda está a Constituição.",Tem alguém com culhões aí?  Ou só borra botas????? É aí Senado???,2,0.9566271305084229,0.0433728098869323,
"Pedem AI-5 todos os dias, mas chamam de censura uma ordem judicial em meio a uma investigação. Chorões.","Pessoal, agora eu sou um tuiteiro refugiado, pedi asilo político ao Trump. O Trump está dando asilo para todos que são perseguidos pela ditadura da toga, só configurar / mudar para United States. Agora tenho a minha liberdade de expressão, cabeça de Ovo.",0,0.9568859934806824,0.0431140698492527,
"Nenhuma surpresa vendo novamente a grande mídia tentando tirar os créditos dos meninos, todos sabemos que o Seokjin se esforçou pra fazer essa música exclusivamente pra nós, agora que mexeram com os armys que lidem com as consequências.                              MOON BY JIN",ganhei unf grande dia,0,0.95744788646698,0.0425520800054073,
"Amigos aqui é Roberto Jefferson. Entrei na conta da minha filha para agradecer a todos pelo apoio. Em breve estaremos juntos novamente! Alexandre, não temo sua tirania!","Prezado Roberto Jefferson: já xinguei você no passado por suas diabruras e já te aplaudi no presente por sua postura atual. Ninguém há de nos calar e não vai ser com briga não, vai ser na letra da lei. O #STFVergonhaNacional vai ter que se curvar à vontade do povo. TMJ!!!",1,0.9577452540397644,0.0422547496855258,
Comunista apoiando censura. Nenhuma novidade.,"Triste. O mesmo pau que dá em Chico, dá em Francisco. Hoje, o STF está perseguindo e censurando a direita nas redes sociais. A censura ditatorial de toga é perigosa para qualquer cidadão e todos os segmentos políticos.",1,0.958446204662323,0.041553720831871,
"A censura imposta pelo STF não atenta apenas à liberdade de expressão mas, especialmente, ao devido processo legal.",Já cobrou do Senador que você votou para conter a ditadura do Alexandre de Moraes? Não conseguiu aprender ainda o B A Ba de quem tem poder de barrar esses Togados Militantes? Você que cobra do Bolsonaro é desinformado ou um safado? #Bolsonaro2022,0,0.9588485360145568,0.0411514416337013,
"A vontade de passar o resto do dia chorando sem motivo é grande, eu odeio a tpm","Não creio em CENSURA no Brasil.  A final, somo o país que mais preza a Demoniocracia e, viva o  guardião da Constituição: Art 5º",0,0.9589163661003112,0.0410836264491081,
O tiranete Alexandre de Moraes passou de todos os limites. Ele agora decide sozinho qual informação pode circular no país? Ele decide quem fala e quem cala a boca? Ou os democratas reagem agora a este ato de censura s/ precedentes ou não podem mais falar em liberdade de expressão,"Cuidado reaça, logo pode ser a tua!! GRANDE DIA! Olha só   lhe desacatando e pejorativamente te chamando de tiranete. Somos todos Alexandre de Moraes",1,0.9595004320144652,0.0404996313154697,
"TWITTER CENSURADO PELO ALEXANDRE MORAES.  Amigos, enquanto durar a censura imposta pelo STF, estarei postando meus comentários no perfil da minha filha.   Vamos pra lá. Entrem e sigam    Não vamos deixar que nos calem!",Isso ai! Mudamos o país de origem p dizer q não concordamos com a censura imposta no nosso próprio país!,1,0.9596612453460692,0.0403387583792209,
"Mano, to maravilhado q da p comer madero por uns 15 reais, pqp  Grande dia",#STFVergonhaNacional  oremos pelo o Brasil e pela a liberdade,0,0.9604766368865968,0.0395233742892742,
Grande dia.,Esse faz parte da Democracia Corintiana,2,0.9606705904006958,0.0393294990062713,
"Falando sério agora, isso que o Brasil está se tornando é um negócio bizarro e amedrontador. Ver  o pessoal da lacrosfera comemorando a censura deles da ânsia de vômito em qualquer pessoa que opta pela democracia e liberdade de expressão verdadeira.",Grande dia!  #instalike #work #policiamentorodoviario #pmesp em Ituverava,0,0.9610410332679749,0.0389589443802833,
"Amigos aqui é Roberto Jefferson. Entrei na conta da minha filha para agradecer a todos pelo apoio. Em breve estaremos juntos novamente! Alexandre, não temo sua tirania!",Pra cima deles bob,2,0.961460828781128,0.0385392419993877,
"dark me fez chorar,grande dia",ATENÇÃO CLIQUE AQUI PARA  GANHAR ATÉ R$500        GANHE ATÉ R$ 500 REAIS POR MÊS  :    USE MEU CÓDIGO PARA COMEÇAR GANHANDO: 27210071   #barracadobeijo2 Marco Noah  #VozParaBernardoKuster OBX SEASON TWO outer banks Reinier,0,0.9618037343025208,0.038196288049221,
"Qualquer indivíduo que tenha o mínimo de comprometimento com a democracia tem o dever de repudiar a decisão do Min Alexandre de Moraes que, em decisão ditatorial, bloqueou contas de redes sociais de diversos apoiadores de Bolsonaro. Trata-se censura prévia! E o silêncio da OAB?",Roberto Jefferson DESTRÓI ao vivo narrativas de Jornalistas da CNN contr...  via,0,0.9618141055107116,0.0381858721375465,
Contra a ditadura da censura: #VozParaBernardoKuster,"Estamos vivendo em um estado de exceção, para quem dúvida é só ver Por que o STF mandou tirar as páginas do Bob Jeff é outros, motivo SUBVERSÃO, isso mesmo SUBVERSÃO!!! #STFVergonhaNacional",0,0.9621216654777528,0.0378783866763114,
Quem confunde liberdade com libertinagem eh a imprensa brasileira!  Ninguém pode ser a favor de censura por mais idiota que seja o pensamento!  Vc pode achar a Maria do Rosário uma escrota idiotização mas nunca tirar o direto dela de falar as merdas que fala!,"Sim concordo que a grande imprensa é a pioneira e a MAIOR divulgadora de mentiras. Isso é histórico ! Mas com essa ""novo"" meio de informação, acredito que se possa corrigir erros tanto da grande mídia, assim como dessas novas. A tecnologia é maravilhosa, mas as pessoas...",1,0.9621696472167968,0.0378302931785583,
Vcs gostam de café? Pq meu dia não começa sem uma xícara grande de café,Força.#VozParaBernardoKuster,0,0.9626542925834656,0.0373457036912441,
O STF precisa conter a escalada de Alexandre de Moraes contra a liberdade de expressão.,Agora sim. Caiu a ficha de que estamos diante da censura de um ministro nada normal?,2,0.9630531668663024,0.0369468294084072,
"𝗌𝗁𝗈𝗋𝗍 𝖺𝗎 | 𝗖𝗼𝗻𝘁𝗼𝘀 𝗱𝗲 𝗔𝗧𝗣: 𝗢 𝗱𝗶𝗮 𝗱𝗼 𝗰𝗮𝘀𝗮𝗺𝗲𝗻𝘁𝗼 ఌ  O grande dia de Eve e Villanelle chegou. Depois de um caminho repleto de curvas sinuosas as duas bailarinas puderam, finalmente, celebrar o seu amor.",AI FARALHO VEIO AI PORRABEUBTO MTO FELIZ MRIANDABEU TEAMO,2,0.9634264707565308,0.0365735441446304,
Governo libera mais uma alta no preço do gás de cozinha. #GovernoDeFraudes,Não é possivel que a grande mídia não veja oq estão fazendo com a gente ... #contestacaonegada,0,0.9635785818099976,0.036421351134777,
"O ditador togado Alexandre de Moraes bloqueou as mídias de várias pessoas, no inconstitucional inquérito AI5 do STF.  A liberdade de expressão nunca foi tão violada como atualmente. NUNCA. Nem no regime militar. E pior: violada por quem mais deveria protegê-la.   Fora, Moraes.",Grande dia! Extremistas produtores de fake news enquadramos! Ar mais puro nas redes hoje! Fora extrema direita genocida terraplanista!,1,0.9637911915779114,0.0362088046967983,
"""Vou continuar batendo nesses senhores"", diz Roberto Jefferson.",Primeiro será Roberto Jefferson a apanhar.,1,0.9639043807983398,0.0360956974327564,
tive que mudar meu texto todo aiai grande dia,"Hoje tivemos várias contas somente da direita como sempre CENSURADAS!Pq vcs da  não tão fazendo o #GrandeDebate com esse tema?  Tão falando de aposentadoria de Militar?Tão dormindo?Ou tão passando pano p/ DITADURA, CENSURA nas redes, nas ruas e nas casas? #ImprensaLixo",0,0.963908314704895,0.0360916554927825,
"Alexandre de Moraes tem 51 anos, vai continuar no STF por mais 24 anos.  Isso se a aposentadoria compulsória dos Ministros do Supremo continuar sendo aos 75 anos,  o que duvido  muito",Só  tenho uma certeza #STFVergonhaNacional,2,0.9644122123718262,0.0355877391993999,
"Em resumo:  O petismo, via BNDES, encheu os bolsos de Luciano Hang, que virou apoiador de Jair Bolsonaro, que derrotou o PT nas urnas, mas ajuda o PT a sabotar a Lava Jato.  A sujeira brasileira é cíclica.",", em resumo. E nada contra... mas tem limite para o filme de ""bonitinho"" né?  #AcordaBrasil #FundãoParaASaúde #FimForoPrivilegiado",2,0.9644397497177124,0.0355603247880935,
"If you are outside of Brazil, you can still follow the accounts of    and &amp;    Let's support them!  #STFVergonhaNacional",E AÍ VCS MELANCIAS...... VÃO CONTINUAR TRAINDO A PÁTRIA.,2,0.9644989371299744,0.0355010144412517,
"Hoje foi mais um dia de censura dos apoiadores de Direita, e mais uma vez, reinou o SILÊNCIO entre os militares, perceberam?...","As mentiras de LUCIANO AYAN serviram de base para  - CPMI DA CENSURA - PL das Fake News - Inquérito do AI-5 do STF - A narrativa de “gabinete do ódio” - Censura na Internet  AYAN, preso em operação que investiga fraudes de 400 MILHÕES.  Pois é",0,0.9645248055458068,0.0354752354323864,
"Tomei block de dm pela primeira vez, grande dia",#STFVergonhaNacional é muito triste não termos honestidade no supremo,0,0.9646958112716676,0.0353041961789131,
",  Moraes age como se a Lei desse a ele direito de tirar direito, invade competências por pura saga de perseguição a que ele envenenado pelo poder, fama e tomado de uma consciência acusatória, de que quem é do lado do PR logo perturba sua mente. Art 5º.",chorei vendo Ladybug grande dia,0,0.9646968245506288,0.0353031642735004,
aiai logo eu fui acusada de analisar os personagens mal grande dia,Censura? Mas não pediam a volta do AI-5? Estão reclamando de que?,0,0.9648181796073914,0.0351818054914474,
"Rockets perdeu, grande dia","Pro dia nascer feliz, pra você brilhar como o sol... Bom dia meu povo. Boa jornada a todos. Paz e Bem. em Campo Grande do Piauí",0,0.96488356590271,0.03511643409729,
"Por que o Senado ainda não inicia o processo de impeachment de Alexandre de Moraes? Não é a 1ª vez que o ministro pratica censura prévia. O alvo anterior foi a revista Crusoé, agora, bolsonaristas.  Não gosto de nenhum dos dois, mas liberdade não pode ser apenas p/ o que gostamos",Mais um dia de atendimento concluído. em Campo Grande Zona Oeste Do Rio De Janeiro,0,0.9652590751647948,0.0347409881651401,
"No mesmo dia em que derrubou as contas brasileiras, o Facebook divulgou processos semelhantes na América Latina e na Ucrânia. Já tinha feito o mesmo antes com contas russas, vietnamitas e iranianas.  Para de espalhar mentira, Wajngarten, toma vergonha nessa cara.","Isso prova que não é necessário dar premissa para eles acusarem de censura, eles mesmo criam uma.",1,0.9655810594558716,0.0344189219176769,
Chegou o grande dia do porre,É Hojee,2,0.9659615159034728,0.0340384803712368,
#FreedomOfExpression #FreedomOfThePres #freedomOfspeach  Não estou acreditando nos últimos acontecimentos .... a censura está partindo daqueles que deveriam nos proteger dela !!!!!,"comi pamonha da feira e gostei, grande dia",0,0.9665380716323853,0.033461932092905,
"Luciano Hang faturou em governos Itamar, FHC, Lula e Dilma, segundo Metrópoles. Só tinha 1 loja Havan e, após os primeiros empréstimos do BNDES, passou a ter 3. Entre 2005 e 2014, na era PT, conseguiu 50 empréstimos e chegou a 57 unidades, com receita declarada em R$ 2 bi anuais.",Então vamos censura-lo... Até tu Juveninho,2,0.9665820598602296,0.0334179289638996,
O tiranete Alexandre de Moraes passou de todos os limites. Ele agora decide sozinho qual informação pode circular no país? Ele decide quem fala e quem cala a boca? Ou os democratas reagem agora a este ato de censura s/ precedentes ou não podem mais falar em liberdade de expressão,Ditadura do STF a vergonha nacional. Passou dos limites.,2,0.9666004180908204,0.0333995856344699,
"Alexandre, o Supremo, de Moraes perdeu qualquer vergonha de assumir o papel de censurador da nação. Sua decisão de hoje é típica dos piores regimes ditatoriais. Ao assistir a tudo isso passivamente, o Senado torna-se cúmplice desse absurdo.","Deveríamos nós manifestar contra essa censura, sendo Bolsonaro ou ñ,  isso foi um ataque direto a população,  temos que cobrar os senadores",1,0.9666492342948914,0.0333508141338825,
mal acordei e já tive uma crise de ansiedade  grande dia,não é possível acho que a mídia coreana filtra pra caralho a pauta do racismo ou os coreanos tem uma cultura de alienação muito grande pq quase todo idol tem alguma polêmica envolvendo racismo e apropriação cultural,0,0.9667821526527404,0.033217903226614,
Voz para Allan dos Santos Voz para Bernardo Kuster Voz para Edson Salomão Voz para Luciano Hang Voz para Roberto Jefferson Voz para Otávio Fakhoury Voz para Sara Winter  Alguém mais foi censurado pelo inquérito embasado nas mentiras de LUCIANO AYAN?  #VozParaBernardoKuster,"Altera sua localidade para qualquer país, e voltará ao normal",2,0.9668256044387816,0.0331744626164436,
"Gente, como será viver sem a conta do Bob Jeferson? Alguém me explica essa filhadaputagem?!",Estou a cada dia usando menos o Twitter  Muita censura  Todos os dias meus seguidores somem  Não sei qual a dos caras Tá chato demais,2,0.9671069383621216,0.0328930467367172,
A liberdade de expressão é um dos pilares da DEMOCRACIA.,"Pois é, prezada Thamea Danelon, esse fatídico episódio denigre a história política do País, da até nome de  filme "" A CENSURA ESCANCARADA E A DEMOCRACIA ENVERGONHADA"" . No Brasil, Jaz pra Democracia Representativa, que está a deriva, os cidadãos estão nus e desamparados.",2,0.9671138525009156,0.0328862257301807,
"24 de julho de 2020, o dia da censura.  #FreedomOfSpeech",minha propria mae me chamou de porca grande dia,0,0.9676297903060912,0.032370176166296,
"bloqueei minha irma do wpp, grande dia","Graças ao Supremo, ‘censura’ é palavra da vez nas redes sociais  Bloqueio de perfis é criticado por quem ainda pode se manifestar por meio de plataformas digitais...",0,0.9679009914398192,0.0320989862084388,
"Defender a liberdade de expressão não é defender a esquerda, direita ou centro é defender o Brasil. Uma suprema corte deve saber os seus limites e também deve saber que solicitar a suspensão de conta no twitter por bel-prazer, é censura. #CensuraNao","A Censura e as prisões políticas que estão sendo realizadas no Brasil, não é  culpa do STF. A culpa é do Davi Alcolumbre e dos 80 Senadores, que por omissão ou rabo preso com a Justiça se calam diante dessa afronta a Constituição.",0,0.967969536781311,0.0320304967463016,
O tiranete Alexandre de Moraes passou de todos os limites. Ele agora decide sozinho qual informação pode circular no país? Ele decide quem fala e quem cala a boca? Ou os democratas reagem agora a este ato de censura s/ precedentes ou não podem mais falar em liberdade de expressão,Isso é uma vergonha.   vão deixar um cabeça de ovo calar a voz de um país?,2,0.9681642651557922,0.0318356826901435,
"Graças ao Supremo, censura é palavra da vez nas redes sociais",E seguimos ajoelhados diante dos deuses togados.......,2,0.9681772589683532,0.0318227224051952,
O que vcs acham do STF ?,#STFVergonhaNacional querendo nos fazer uma #DitaduraDeToga  chinesa. #CensuraNao #AlexandreDeMoraesDitador,1,0.9683732390403748,0.0316266790032386,
Testando. Baseei minha conta nos EUA. Alguém consegue ver ? #VozParaBernardoKuster,"Já que a censura está oficialmente imposta no BR, nada como se mudar para os EUA... #VozParaBernardoKuster",2,0.9689620733261108,0.0310379602015018,
O STF precisa conter a escalada de Alexandre de Moraes contra a liberdade de expressão.,"Parabéns  , o debate tem ter censura jamais para qualquer lado direita esquerda, só um retardado vai aplaudir essa decisão do ditador  .",1,0.9696273803710938,0.0303725898265838,
Burlando a censura com sucesso rs,"Vossa Exelência Alexandre de Moraes, vai querer suspender  as contas de quem compartilhou Fake news na Campanha do Bolsonaro?  Então vale pra tudo né?  a revista   pode ser inclusa tbm por ter postado fake News do Ex BBB Felipe Prior, e os influencers, artistas etc",0,0.96980482339859,0.0301951710134744,
"Comecei tarde mas agendei afu hoje, se todo dia for assim tô grande","meus dois dentes grande na frente sao quebrados, um deles quebrei duas vezes, acho que tenho 40% de massa em cada um heuehueheueheh hoje em dia se quebra eu nem me preocupo pq sei que é a massa só, nem da pra ver a diferença tbm",0,0.9701968431472778,0.0298032071441411,
Tão sutil o que eles querem aqui... “Apoiadores do presidente Bolsonaro como Allan dos Santos e Rodrigo Constantino fazem campanha contra a emissora”,Precisa??????,2,0.9703606963157654,0.0296393297612667,
ATENÇÃO CLIQUE AQUI PARA  GANHAR ATÉ R$500        GANHE ATÉ R$ 500 REAIS POR MÊS  :    USE MEU CÓDIGO PARA COMEÇAR GANHANDO: 27210071   #barracadobeijo2 Marco Noah  #VozParaBernardoKuster OBX SEASON TWO outer banks Reinier,"Na moral, é serio que por causa da censura do STF, os patriotas que tiveram suas contas bloqueadas vão ficar longe do Twitter? Se fosse eu já teria criado umas 50 contas reservas.",0,0.9704143404960632,0.0295856352895498,
"Não falo da digníssima e essencial instituição STF, mas os membros do Supremo não irão longe, eu tenho absoluta certeza disso, assim como acredito em Deus! Vão se dar mal! #STFVergonhaNacional","Sou orgulhoso pra caralho , se um dia eu deixar meu orgulho de lado e ir atrás de vc , valoriza pq tu é o pika e tem um grande significado na minha vida",0,0.9705654382705688,0.0294345151633024,
"Odilio Balbinotti Filho 24 de Julho de 2020  Caros amigos, estou perplexo, atordoado com o avanço da censura no Brasil, novamente o Ministro da Corte, determina o bloqueio nas contas do Twitter de pessoas com opinião conservadora, de direita.  Nosso país acaba de se alinhar no","Cabeça, cabeça, cabeça, cabeça de piroca. Pança de mamute, pança de mamute, Pança, pança pança, pança de mamute. Espírito de porco, espírito de porco, espírito de porco.  #VozParaBernardoKuster #STFVergonhaNacional  #STFNaoVaiNosCalar",0,0.9706146717071532,0.0293853729963302,
"#BrasilQuerCorruptosPresos Bolsonaro, centrão, Temer, Roberto Jefferson  esse é o Brasil atual. Temer diz que foi procurado por Bolsonaro para “dar palpites”","O Twitter permite às pessoas mostrarem coisas que elas jamais fariam no dia a dia, na realidade delas. Isso é muito bom, porém saber que alguém em pleno século XXI não pode ser fiel e autêntico a quem é, é triste. E, de certa forma, essa rede social supre um grande vazio.",0,0.9709129333496094,0.0290871355682611,
O que vcs acham do STF ?,O guardiao da ORCRIM e uma merda #STFVergonhaNacional,1,0.9709962010383606,0.0290038138628005,
#VozParaBernardoKuster não calarão,"Alexandre de Moraes conseguiu fazer com que muitos de nós mudássemos o local de nossos perfis para outros países mas não conseguirá fazer com que desistamos da nossa pátria.   Segura, Lex Luthor do 5TF, vem briga boa por aí, a democracia irá vencê-lo, censor/ditador.",0,0.9711560606956482,0.0288439393043518,
"Acham mesmo que perseguir e condenar as pessoas ao “ostracismo”, apagando suas vozes nas redes, irá fazer todo um processo parar? Ô pobres iludidos, dignos de pena que são... #LiberdadeDeExpressaoSim #VozParaBernardoKuster #VozParaAllan","Atenção. Procurem tirar prints de perseguidos pelo #STFVergonhaNacional e guardem. Se a conta cair , vamos inundar o Twitter com os mesmos posts",0,0.9714269638061525,0.0285730641335248,
"#VozParaBernardoKuster Hoje é dia de mandar o STFLIXO ir para o quinto dos... O resto vcs sabem!!   #STFVergonhaNacional  Não podemos esquecer das Newlefts que se calam, essas vão tudo se f..","Luciano Hang, Havan, de 1993 a 2014 obteve 55 empréstimos no BNDES, conseguiu R$ 72 milhões junto ao banco estatal.  ESTADO MÍNIMO PARA VOCÊ, ESTADO MÁXIMO PARA MIM.",0,0.9714339375495912,0.028566000983119,
Kkkkkkk! A censura inútil do inútil. Vamos fazer turismo pelo mundo falando o que bem entendermos.,"#STFVergonhaNacional A censura no Brasil já sendo de conhecimento internacional.  The Facebook, Twitter remove accounts of Bolsonaro supporters following court order",0,0.971793293952942,0.0282066911458969,
bom diaaaaa gremistada.  Garrada na #AHoraDoMateLavado do  . Grande sábado a todos. E amanhã é dia de GRÊMIO.,"Estou adorando o ativismo judicial sendo detonado, Alexandre não sabe como funciona a Internet. Toda censura merece o descumprimento. Deveria era multar e pronto.",0,0.971933901309967,0.0280660782009363,
"“Ou os democratas reagem agora a este ato de censura s/ precedentes ou não podem mais falar em liberdade de expressão”, diz",Cheguei ao número de 500 seguidores e a grande maioria patriota obrigado a cada um por fazer parte dessa caminhada de reestruturação do sistema de nosso país #Bolsonaro2022   #FechadosComBolsonaroAte2026 #STFVergonhaNacional,0,0.9721224308013916,0.0278775356709957,
I have identified 63 tweets mentioning #VOZPARABERNARDOKUSTER that were tweeted by inauthentic accounts. More information here:,zero surpresa né      ?,2,0.97216796875,0.0278320033103227,
Somente a Suprema Corte será capaz de parar a escalada de autoritarismo de Alexandre de Moraes. Contudo se a Corte não se dignificar em fazer isso O MEU DEUS FARÁ.,Força guerreiro!,2,0.9721963405609132,0.0278035849332809,
O que vcs acham do STF ?,#STFVergonhaNacional eu por mim mandava todos para a cadeia.,1,0.9722518920898438,0.0277480874210596,
Alexandre de Moraes ameaçou aplicar multa diária contra Facebook e Twitter,"Depois que ele põe aquela capa, transforma-se em super cabeça de piroca",2,0.9722859263420104,0.0277140438556671,
O dia q eu tiver um minuto de paz  vai ser um grande evento namoral nem sei se tenho roupa pra isso,Bolsonaro testou negativo para o covid?. Grande dia!,0,0.9724286198616028,0.0275713633745908,
"O esquerdista comemorando a censura, cedo ou tarde vai cair em uma versão da citação de Niemöller:  ""Quando a censura veio calar os conservadores, eu fiquei em silêncio. Eu não era conservador.............  O final, hmmmm, é maravilho para todos!","Pede AI5, mas não aguenta censura",1,0.9728125333786012,0.0271875392645597,
"Fui abrir a porta do quintal e quebrei a chave, grande dia",Meu pai paga pra minha mãe lavar as roupas dele e fazer a comida e limpar a casa. Isso por que um dia ela falou “você acha que sou sua empregada?” E ele cometeu o grande erro de dizer “sim”  bicho trouxa,0,0.9730383157730104,0.0269617121666669,
"Não há como aceitar a censura. Não há como aceitar que aplaudam a censura. Liberdade de expressão a todos, aqueles que pensam como eu e os que pensam de forma diferente.",Gostaria imensamente que seu próximo convidado fosse o nosso querido e honrado Roberto Jefferson. Seria pedir muito?,1,0.9730514287948608,0.0269486550241708,
"Para que fique registrado, como num diário: em julho de 2020, afora raras exceções, a grande imprensa brasileira FICOU A FAVOR DA CENSURA.",Concordo ! Infelizmente esta imprensa covarde consente com seu silêncio vendido #STFVergonhaNacional,1,0.9731426239013672,0.0268574021756649,
"'Verdadeira censura', diz advogado sobre bloqueio de perfis de empresário",Daqui a pouco só usando VPN e proxy nos EUA .. e ainda querem a maldita Huawei 5G no Brasil #VozParaBernardoKuster,2,0.9733772277832032,0.0266227349638938,
#VozParaBernardoKuster e para TODOS que quiserem falar! Nem AI-5 vai ser resolver. Só uma GUERRA CIVIL!,BOMBA.  O BANDIDO NUMERO  1  DA QUADRILHA  BOLSONARO.....CAIU   COM A MÃO NOI BOLSO.,0,0.9734047055244446,0.0265952479094266,
"#STFVergonhaNacional #FreedomOfSpeech  Precisando checar meu CPF pra provar que essa conta não é de robô, só avisar.","E aí  não irão se manifestar sobre o acontecido com ? Quer dizer que por o profissional ser gremista ou colorado não importa, será impedido de exercer seu trabalho, esse pedido não caracteriza censura?  A Rádio crescendo cada dia, porém essas atitudes....",0,0.9734121561050416,0.0265879016369581,
#VozParaBernardoKuster. Brasil unido,Por sorte a esquerda é democrática e contra a censura. Vai estar do nosso lado ao menos nessa luta.,0,0.9734198451042176,0.0265801195055246,
Roberto Jefferson n é aquele cara que foi condenado no mensalão? Desde quando ele virou ídolo dos bolsominion?,"O povo que pede intervenção militar tá reclamando de censura. Os mesmos que sempre reclamaram dos direitos ""dos mano"" estão dizendo que vão recorrer ao Conselho de DH da ONU. Coerência",0,0.9734780192375184,0.0265219658613204,
"A thread chegou prontinha, dividida e numerada, via e-mail.",O gabinete da censura nem disfarça mais,1,0.9737955331802368,0.0262044519186019,
"Temos q invadir as Ruas em protesto aos Ministros do STF q rasgaram a Constituição Federal. Precisam ser todos destituídos, quem cala consente as decisões Monocráticas absurdas e Autoritárias. #VozParaBernardoKuster",Num vai juntar 100 para protestar contra a censura e a favor de nossas liberdades Agora se convocar uma manifestação para BABAR o OVO do presidente  vai conseguir juntar centenas de milhares O Brasileiro prefere BABAR OVO  de político do que lutar por sua liberdade!,1,0.9739633202552797,0.0260366350412368,
"Conservadores como Allan dos Santos, Bernardo Küster e outros tiveram suas contas removidas para a ""interrupção de discurso"" que é o novo nome, dado pelo Ministro Imoraes, para a censura.",Acho bom irem para as praças públicas com megafone...,2,0.974301815032959,0.0256982315331697,
"ALGUÉM JÁ VIU O POSTE, OPS, O MINISTRO DA JUSTIÇA SE MANIFESTANDO CONTRA A CENSURA SOFRIDA HOJE PELA DIREITA BRASILEIRA E CHANCELADA PELO S-TF?   #CensuraNao","Nossa arma contra esse praga do comunismo instalado em nosso país que censura e persegue os conservadores de direita é o nosso voto, vamos começar pela eleição para prefeitos e vereadores ....",0,0.9744520783424376,0.0255479365587234,
"Alexandre de Moraes determina e Twitter bloqueia perfis do presidente do PTB, Roberto Jefferson, dos empresários Luciano Hang, Edgard Corona, Otávio Fakhoury, Bernardo Küster, além do jornalista Allan dos Santos e do assessor do deputado estadual de São Paulo Edson Salomão.",Vamos lutar !! Libertar esse país desses bandidos !!,2,0.974663019180298,0.0253370106220245,
furei o smile e comprei um piercing pequeno grande dia,"A esquerda comemorando a CENSURA dos perfis de direita. Sim, essa mesma esquerda q acusou o Presidente de ditador e a nós direitistas d fascistas. A esquerdalha está em festa, mas se esqueceu da música do próprio companheiro q dizia:   ""Apesar de você Amanhã há de ser Outro dia""",0,0.9749730825424194,0.0250268634408712,
"“É censura pura”, diz empresário Otávio Fakhoury  Advogado de empresário diz que suspensão de contas em redes sociais é “uma gritante violação à liberdade de pensamento e expressão”.","Sábado de sol, trabalhos e metas. Vamos ao grande dia",0,0.9751646518707277,0.0248354244977235,
"mais um dia tendo a oportunidade de chegar cedo em casa, mas o fogo é tão grande que fico matinando","‘Passou de todos os limites’, diz Fiuza sobre Moraes   #Politica #Censura #Moraes #STF",0,0.9753257632255554,0.0246742945164442,
"Concordo plenamente com o  . Esta é a PIOR composição de ministros que o  já teve! ALEXANDRE DE MORAES, o DITADOR!",Alguém tem que parar esse bandido de toga XXX,2,0.97532719373703,0.0246728062629699,
"Os que aplaudem a censura hoje, serão os censurados de amanhã.","Acabei de sair de calcinha  no quintal e o vizinho estava na laje, grande dia",0,0.9757964611053468,0.0242035686969757,
Nota à nação brasileira | PTB não permitirá que censura da toga e opressão calem,AGORA FOI...,2,0.9758835434913636,0.0241165217012166,
Roberto Jefferson n é aquele cara que foi condenado no mensalão? Desde quando ele virou ídolo dos bolsominion?,depois de meses eu consegui sair de vestido e rasteirinha.  e eu tô tão feliz por isso!  grande dia!,0,0.9758912324905396,0.0241086967289447,
bolsonarista: ViVA DiTaDuRA!!!  twitter: tira conta de bolsonarista os msm bolsonarista: A DITADURA ESTÁ DE VOLTA ISSO É CENSURA,"Estudo sobre grandes mulheres, observo seus modos de vida, estilo e personalidade.. e carrego suas histórias dentro do peito. Com fome e anseio de um dia ser uma grande mulher tb.",0,0.9761523008346558,0.0238476209342479,
A censura no país nunca foi tão cruel. Presidente  Até qdo continuaremos levando porrada ? #VozParaBernardoKuster,"O presidente nao pode impedir isto.QUEM PODE E'  O  .E' a ele que temos que cobrar! O mais impressionante e' o silencio ensurdecedor da parte que se diz nao esquerdista do  , , , ....",2,0.9763697981834412,0.0236301552504301,
Poucos dias atrás Bolsonaro saiu em defesa de jornalistas como Lacombe e Copolla.  Será que ele também irá se posicionar em relação a esse ato de censura cometido hoje pelo ditador togado contra a sua militância? Ou irá se omitir? Acorda Presidente!,"Eta como é gostoso sofrer nas mãos desses malokeiros, esse me chamou para o barraco dele e meteu a esses 26cm d pica grande e grossa no meu cuzinho. Mesmo eu cortando 24/48 no trabalho; tenho um tempinho para gastar com eles. Ser puta desses caras é muito bom. Bom dia a todos ...",0,0.976391613483429,0.023608399555087,
"Amigos aqui é Roberto Jefferson. Entrei na conta da minha filha para agradecer a todos pelo apoio. Em breve estaremos juntos novamente! Alexandre, não temo sua tirania!",#FreedomOfSpeech inacreditável o que tiranos estão fazendo com a Democracia no Brasil.,2,0.9765032529830932,0.0234967749565839,
É CENSURA QUE SE CHAMA?,Aqui nesse vídeo temos sintetizado todo o ódio nutrido pela esquerda contra a classe média brasileira! Se você é petista e integrante da classe média não passa de um grande idiota ou precisa de severo tratamento psiquiátrico! #FechadoComBolsonaroAte2026,0,0.976554036140442,0.0234459917992353,
"Para quem defendia a morte do presidente, defender a CENSURA é fichinha. Não querem apenas calar o Presidente e seus apoiadores, mas calar e se possível matar. Não lute hoje e amanhã você estará na VENEZUELA.",Ouvi verdades!,2,0.9766610264778136,0.0233389195054769,
os gados com chifre queimando pq tomaram censura KKKK nera AI-5 que queriam?,"GRANDE DIA AMIGOS, GRANDE DIA",0,0.9768527746200562,0.0231471601873636,
"Brasil entrou na era da censura. Vários perfis apagados do Twitter e Facebook por ordem judicial.  Liberdade de expressão? Depende, o que você quer falar? Quem você quer criticar?  Tempos sombrios.","Bom dia, difícil entender!!",2,0.9771022200584412,0.0228978637605905,
Alexandre de Moraes ameaçou aplicar multa diária contra Facebook e Twitter,"ESSE SUJEITO TEM IDEIA FIXA, PRÓPRIO DOS BIPOLARES EM FASE  DE PARANÓIA",2,0.9771768450737,0.0228231903165578,
"Gostei dessa expressão cunhada pelo Guilherme Fiuza para classificar essa turma que exige lockdown e o ""fique em casa"" ad infinitum. Guilherme chama essa gente de ""Seita da Terra Parada"". São os patrulhadores de banhos de mar, de passeios em praças, de idas a bares, shoppings etc",#STFVergonhaNacional trocando o local da conta dá pra ver tudo. Aqui nos EUA não tem #DitaduraDoSTF,2,0.9772326350212096,0.0227673426270484,
"Allan dos Santos, Terça Livre, Bernardo Küster, Sara Winter, Roberto Jefferson dentre outros apoiadores do Presidente Bolsonaro tiveram suas contas nas redes sociais retidas pela justiça, a mando de Alexandre de Moraes.",Sacanagem né,2,0.9773578643798828,0.0226420853286981,
"Mude a localização para acessar meus tweets: 1. Vá em Conta e Privacidade, 2. Clique em Conta, 3. Depois em Dados e Permissões, 4. E mude sua localização para os EUA. Aí você acompanha meus Tweets normalmente. Tente censurar o Tio Sam agora, Cabeça de Ovo! #VozParaBernardoKuster",Muito importante!  Diga as instruções.  #FreedomOfSpeech,2,0.97756427526474,0.0224357899278402,
"Até quando Iremos aguentar??? A DITADURA está aí, e NÃO foi o Pres Bolsonaro quem fez. Toda a minha solidariedade aos Censurados e que esse gesto Tirano nunca mais ocorra! Ajudem a subir...... #VozParaFaka #VozParaAllan #VozParaBernardoKuster","Estão preparando o terreno para um líder tipo barrabás, pq bonzinho só se ferra...",2,0.9776901602745056,0.0223098881542682,
Sobre contas de conservadores sendo banidas: a liberdade de expressão é direito fundamental garantido em nossa Constituição e deve ser válida para todos.,O teu pai não manda mais nada. Quem manda é o Alexandre de Moraes.,1,0.9779736399650574,0.0220263730734586,
"Se vc quiser ter acesso ao conteúdo das contas bloqueadas de por ex: Roberto Jefferson, Sara Winter, Luciano Hang, etc Mude a configuração de sua conta como explicado abaixo, pois essas contas só foram bloqueadas no Brasil, ñ em outro lugar do mundo.",Façam o mesmo...não vão nos CALAR,2,0.9781595468521118,0.0218404661864042,
O tiranete Alexandre de Moraes passou de todos os limites. Ele agora decide sozinho qual informação pode circular no país? Ele decide quem fala e quem cala a boca? Ou os democratas reagem agora a este ato de censura s/ precedentes ou não podem mais falar em liberdade de expressão,"Se algum Jornalista chamar um Ministro do  de B0STA o Min.  diz que é esta atacando o STF e é ameaça aos Ministros e seus Familiares. E quando o Min.  chama um Jornalista de Blogueiro, isso é um ataque a Imprensa? É uma ameaça ao Jornalista?",2,0.9781996607780457,0.0218002907931804,
"A Justiça brasileira está abrindo mão de instrumentos que existem para punir crimes previstos na legislação e preferindo a censura prévia. Nos últimos meses, ouvi um milhão de vezes que o Brasil estava caminhando para o autoritarismo. Eu achava graça. Acho que errei mais uma vez.",São fatos.,2,0.9783105850219728,0.0216893926262855,
Allan dos Santos Bernardo Küster Edgard Corona Edson Salomão Eduardo Fabris Portella Enzo Momenti Luciano Hang Marcelo Stachin Marcos Bellizia Otavio Fakhoury Paulo Bezerra Rafael Moreno Reynaldo Bianchi Junior Roberto Jefferson Rodrigo Ribeiro Sara Giromini Winston Lima,Não tenho NENHUMA PENA dos processos que você vai receber seu CORRUPTO SAFADO.,2,0.9783846139907836,0.0216153468936681,
O tiranete Alexandre de Moraes passou de todos os limites. Ele agora decide sozinho qual informação pode circular no país? Ele decide quem fala e quem cala a boca? Ou os democratas reagem agora a este ato de censura s/ precedentes ou não podem mais falar em liberdade de expressão,Perdeu toda a condição de ser ministro do STF! Tem que ser impedido! Censura NÃO!,1,0.9784021973609924,0.0215978510677814,
"Denunciem esse perfil, que está divulgando dados pessoais dos CENSURADOS.","Só quem fala a verdade é o Roberto Jefferson, com todas as desconfianças que temos nele, mas estranhamente, até quem tem imunidade parlamentar tem medos dos tiranos de togas! que merda é essa?",1,0.9787286520004272,0.0212713740766048,
Somente a Suprema Corte será capaz de parar a escalada de autoritarismo de Alexandre de Moraes. Contudo se a Corte não se dignificar em fazer isso O MEU DEUS FARÁ.,Essa composição do STF é corporativista não vão fazer nada #STFVergonhaNacional,1,0.9787530899047852,0.0212469305843114,
"Grande dia,dei um tchauzinho e um sorrisinho pra minha sogra e peguei o whats dela",Onde foi parar a lei? O #STFVergonhaNacional jogou no esgoto #FreedomOfSpeech,0,0.9787730574607848,0.0212269034236669,
"Amigos aqui é Roberto Jefferson. Entrei na conta da minha filha para agradecer a todos pelo apoio. Em breve estaremos juntos novamente! Alexandre, não temo sua tirania!",Senado se levantou contra o DITADOR #STFVergonhaNacional xandão?,2,0.9787877202033995,0.0212122779339551,
"E vão fazer o que? O  Cosplay de ditador, Humpt Dumpt tupiniquim continua surfando no monte Olimpo imaginário...  #STFVergonhaNacional",um grande bom dia para toda a rapazeada do Clube do Carlinhos,0,0.9787908792495728,0.0212090704590082,
"O general tem razão, a lei já garante direito de defesa e processo para quem se sentir prejudicado, o que não pode é criar um sistema controlado “por não sei quem” para regular o que pode ou não pode ser postado nas redes sociais. Sabemos o verdadeiro propósito da censura.",Dei mais para cobrar a inércia dos VO contra a Censura... Tonteria minha...,1,0.9788073301315308,0.0211926102638244,
O tiranete Alexandre de Moraes passou de todos os limites. Ele agora decide sozinho qual informação pode circular no país? Ele decide quem fala e quem cala a boca? Ou os democratas reagem agora a este ato de censura s/ precedentes ou não podem mais falar em liberdade de expressão,"Parabéns Fiuza, assistindo ao Pingo nos Is, embora eu não confie nele, mas o ""Bob Jeferson"" foi  "" S e n s a c i o n a L "" e o Bernardo Kuster é extremamente bem articulado, até os esquerdistas entenderiam a ""Censura"" se tirassem o cabresto e a cenoura da frente dos olhos !",1,0.9792616367340088,0.0207383055239915,
Rio grande ta parecendo até o fofocalizando só fofoca dia após dia,QUEM VAI CALAR O DITADOR ALEXANDRE DE MORAES,0,0.9793506264686584,0.020649392157793,
A  CENSURA DO MINISTRO ALEXANDRE DE MORAES CONTRA   OS    APOIADORES DO BOLSONARO É UMA VERGONHA JURÍDICA NÃO ESQUEÇA DE DAR O SEU LIKE! NÃO TENHA MEDO!!!,"Esposa de Alexandre de Moraes atende políticos condenados do PSDB em Tribunais Superiores,  Além disso, o irmão do sócio de Viviane Barci de Moraes, Tony Chalita, é responsável pelas principais ações da campanha ""de João Dória em 2018",0,0.979481875896454,0.0205181464552879,
"Imagina se o Alexandre de Moraes manda suspender a conta dos deputados investigados nos inquéritos das fake news? Vai ter gente morrendo de fome, sem saber o que fazer com o próprio mandato.","Supremo Tribunal Federal derruba contas do gabinete do ódio. As contas da Sarah Winter, do Roberto Jefferson e do Allan dos Santos foram derrubadas. Milícia digital está sendo desmantelada.  #Foragabinetedoodio",0,0.979540765285492,0.0204592365771532,
HOJE eu viro a noite tweetando #VozParaBernardoKuster,Antes desse  #GovernoDeFraudes eu nem percebia tanto frio em Salvador,0,0.9798182249069214,0.0201817508786916,
O tiranete Alexandre de Moraes passou de todos os limites. Ele agora decide sozinho qual informação pode circular no país? Ele decide quem fala e quem cala a boca? Ou os democratas reagem agora a este ato de censura s/ precedentes ou não podem mais falar em liberdade de expressão,"Os Ditadores de toga não calarão nossa liberdade de pensamento. Tem razão, são verdadeiros tiramos #STFVergonhaNacional . Estamos em um regime de Exceção.",1,0.9798506498336792,0.0201494246721267,
Alexandre de Moraes precisa receber voz de prisão. Ele é um juiz constitucional. Ele não é um jagunço.,"E quem poderia fazer isso? Ou melhor, quem teria a coragem? Temos que nos unir e acampar em Brasília com as diretrizes de todas as mudanças urgentes que queremos.  Sem luta não haverá vitória.",2,0.9799094796180724,0.0200905557721853,
"Rede social informou ao Supremo que decisão do ministro Alexandre de Moraes proferida em maio não especificava quais contas deveriam ser retidas do site; ministro enviou as informações na quarta, 22, e impôs multa diária de R$ 20 mil por descumprimento",Não aceitaremos censura!,1,0.9800383448600768,0.0199615936726331,
Alexandre de Moraes e Gilmar Mendes irão fazer mais o que contra a Democracia? Cadê o povo? #STFVergonhaNacional,O esquerdista confundido AI-5 de um exercito brasileiro integro limpo  de uma ditadura censura  suja do STF... normal,0,0.9801059365272522,0.0198940876871347,
"Para o meu fim de semana ser perfeito bastaria prender os 11 vagabundos do 5TF vergonha nacional que seria a maior festa que teria no Brasil e sobre a censura do cabeça de piroka nenhuma palavra seu bosta, covarde e mentiroso. #VozParaBernardoKuster",Picaretas com anel de doutor,2,0.980119526386261,0.0198804028332233,
O STF precisa conter a escalada de Alexandre de Moraes contra a liberdade de expressão.,"Não desejamos nunca a censura a ninguém nem mesmo a vocês, canalhas!  Esse é o Tweet",1,0.9801366329193116,0.0198634359985589,
Surfando nas lágrimas dos isentoes esquerdistas e youtubers blogueiros. Grande dia!,Quem é Alexandre de Moraes esse currupto para proibir o direito da liberdade de expressão de mihões de brasileiros #STFVergonhaNacional,1,0.9802750945091248,0.0197248719632625,
"eu to triste e minha tia coloca Pericles  grande dia, já acordei chorando",Bob está soltando toda a MERDA escondida em Brasília! E nos estamos ADORANDO!,0,0.9803624749183656,0.019637506455183,
"Judicialização da Política é salvaguarda do Capital de grandes Empresas, Bancos e grande Mídia. Delação Premiada é moeda de troca e transfere o ônus da prova ao inocente. O Corrupto de Verdade é quem sobra com o Produto do roubo. Delatores de conveniência são ou foram premiados!",Vcs já perceberam que tem vários famosos/ influencers verdes e amarelos bem sumidos? Tudo na PF dando explica . #GovernoDeFraudes,0,0.9803674221038818,0.0196325331926345,
grande o dia em que penso que as pessoas tem a mesma consideração que eu tenho por elas só caio do cavalo,"Jornal da Cidade Online""Nunca é tarde para acordar: a república é coisa complexa, com muitas instituições, interesses e conflitos, e as amea-ças à liberdade podem vir de todos os lados, inclusive do STF. O antibolsonarismo psicótico e a censura do STF """,0,0.9804564714431764,0.0195435527712106,
É hora de inundar as páginas de todos os Senadores exigindo o impeachment de Alexandre de Moraes. Não adianta reclamar dos senadores se não sequer estão marcando eles. A pressão tem que ser pesada com todos os senadores,"Me revira o estômago olhar a política desse país. censura, mentiras por todo lado, eu tentei não comentar mas não aguentei.",0,0.9806211590766908,0.0193788297474384,
O que vcs acham do STF ?,Vergonha #STFVergonhaNacional  #STFOrganizacaoCriminosa  #STFEscritorioDoCrimeOrganizado,2,0.980832040309906,0.0191679503768682,
Os outros ministros do STF não farão nada para acabar com a censura imposta pelo ditador Alexandre de Moraes e puni-lo? Os Senadores não levarão adiante o impeachment?   Estou estudando todos os meios de ação que temos para agir.   A ditadura da toga não prevalecerá.,Esse Senado é um lixo!! São todos coniventes. Ninguém indignado lá dentro. Reajam contra esses ataques contínuos às liberdades e à constituição. O 5TF só vai parar quando um dos ditadores sofrer impeachment.,2,0.9809715151786804,0.019028466194868,
Alexandre de Moraes adubando. Cada vez mais #STFVergonhaNacional,Por que esses estudiosos se converteram a essa religião? #DilBechara #JusticiaPorAntonia #ihaveajoke #VozParaBernardoKuster #MexicoEsProvida #Chan #PawPatrol  #Ciara  #FloMilli  #LIAMISHAPPY  #Yone #Anaya  #Buffalo  #SaintÉtienne,0,0.9809964895248412,0.0190035048872232,
"Felipe Neto, que defende a censura e até a prisão de quem supostamente espalha ""fake news"", mais uma vez foi pego mentindo e propagando desinformação na internet. O sujeito mente tanto que, agora, teve que ser desmentido pelo embaixador da Ucrânia por mentir sobre aquele país.",Ainda vai! besta quadrada,2,0.9810351729393004,0.0189648941159248,
"Meus Amigos,os Ministros d STF é o Escritório d Crime Organizado,Perseguição,Censura, Busca e Apreensão só para os Políticos d Direita e Apoiadores d Presidente,José Serra,Aécio Neves,Rodrigo Maia,Davi Alcolumbre,q Receberam Propinas,d Odebrecht,OAS,estão Livres Soltos,impunes.",Então..  quem vai fazer algo a respeito ?,2,0.9810575246810912,0.0189424753189086,
Que vergonha  #DitaduraDoSTF #VozParaBernardoKuster,"Mto boa observação feita por Tarl Warwick:    Quando essas grandes redes sociais se juntam e concordam em políticas de censura, alternativas surgem, e quanto mais pessoas censuradas, + pessoas vão se juntar às alternativas. 100% found-raised e independente.",0,0.981249988079071,0.0187500528991222,
"Entre 1993 e 2014, Luciano Hang obteve “55 empréstimos junto ao BNDES, que totalizam, em valores atualizados pelo IPCA, mais de R$ 72 milhões. Os dados, negados pelo empresário no passado e classificados de fake news, foram obtidos pelo Metrópoles via Lei de Acesso à Informação”.","Luciano Hang faturou em governos Itamar, FHC, Lula e Dilma, segundo Metrópoles. Só tinha 1 loja Havan e, após os primeiros empréstimos do BNDES, passou a ter 3. Entre 2005 e 2014, na era PT, conseguiu 50 empréstimos e chegou a 57 unidades, com receita declarada em R$ 2 bi anuais.",1,0.9812715649604796,0.0187283959239721,
"Min. Alexandre de Moraes, do STF, mandou derrubar 12 contas de Twitter de apoiadores do . Alguém tem a decisão para compartilhar? Sem conhecê-la (e acho difícil haver explicação válida), tá parecendo morte pública da liberdade de expressão no Brasil.","Gente, que absurdo !!! #STFVergonhaNacional",1,0.9814385771751404,0.0185614041984081,
"Perfis de bolsonaristas nas redes sociais, utilizados para ameaçar a democracia, destruir reputações e espalhar fake news sobre a pandemia, foram suspensos do Twitter e Facebook por determinação do STF. Grande dia!",Grade dia quando a PF bater na sua porta 'rachadinha',2,0.9814436435699464,0.0185563042759895,
Hoje a colega aqui do trabalho perdeu a mãe de covid...  pense na notícia que acabou com meu dia !  Deus abençoe ela ...   Mais uma pessoa que conheço que o Covid levou! Tristeza grande,"chapinha explodiu na minha mão, grande dia",0,0.981534481048584,0.0184655096381902,
O STF precisa conter a escalada de Alexandre de Moraes contra a liberdade de expressão.,"Xingou a gente pra caramba , más se posicionou ! É isso  , e não s esqueça ,que mesmo vc nos detonando , também ficamos ao seu lado , quando sofreu censura !",2,0.9817000031471252,0.0183000266551971,
"O Brasil esta vivendo sim uma ditadura,mas uma ditadura imposta pelos integrantes do poder judiciário,hoje Alexandre de Moraes provou novamente que é um ser que usa da lei para fazer suas vontades é o senado nada faz para defender a livre manifestação de cidadãos brasileiros.",Mas uma vez os ocupantes dás 11 cadeiras fazendo vergonha ! Atitude nojenta de um de seus juízes. #SupremoéoPOVO   #STFvergonhanacional,0,0.9819261431694032,0.0180737990885972,
Alexandre de Moraes ameaçou aplicar multa diária contra Facebook e Twitter,"Srs. Juristas, advogados, estudiosos das leis, pode um Juiz sozinho intimidar uma empresa, um cidadão, baseado em que? Na preferência pessoal dele... Não é o caso de discutir o assunto com todos os pares? Para q então existem 11? Porque td mundo se cala e ninguém se posiciona?",2,0.982029139995575,0.0179708544164896,
Plot twist do mal é acordar de boassa e conforme o dia passa vai nascendo uma angústia no peito tão grande. A noite você tá um caco com  o coração pesando uma tonelada.,"Se depender de mim e toda minha família, eu digo todaaa, já está reeleito. #BolsonaroOrgulhoDoBrasil  #STFNaoVaiNosCalar  Barroso e #STFVergonhaNacional",0,0.9821615219116212,0.0178384594619274,
"#BOBJEFF Vou combinar com vocês que me seguem e que estão chegando aqui no Twitter da minha filha Cristiane Brasil. Quando eu colocar essa hashtag #BOBJEFF sou eu, Roberto Jefferson, falando. Sem a hashtag é minha filha, ok? Vamos juntos. #STFNaoVaiNosCalar  #STFVergonhaNacional","ATENÇÃO!  “Vou combinar com vcs q me seguem e q estão chegando aqui no Twitter da minha filha Cristiane Brasil,  .Quando eu colocar essa hashtag #BOBJEFF sou eu, Roberto Jefferson, falando. Sem a hashtag é minha filha, ok? Vamos juntos.”  Combinadíssimo ,#BOBJEFF!",2,0.9822351336479188,0.0177649073302745,
"O Ministro da Justiça está usando órgãos públicos para elaborar dossiês e perseguir servidores antifascistas.  CENSURA, ARBITRARIEDADE!  Mais um ataque cruel de Bolsonaro.  Não vamos nos calar, ditadura nunca mais!  #ForaBolsonaro","Será que as escolhas são tão difíceis.Que podemos deixar q eles sejam os escolhidos e que poderão nos escolher no futuro próximo.Hitler cresceu,porque opositores não se uniram p barrar no tempo certo.",2,0.9822744131088256,0.0177255682647228,
"Estão vendo o que aconteceu com o Bernardo kuster, né? Esse é o prefácio do que vai acontecer caso a PL2630 seja aprovada.","Hoje estou enojada com a atitude  do Alexandre de Moraes, e mais ainda com a mídia por defendê-lo, hoje somos nós amanhã será vocês. #MoraesNaoVaiMeCalar",0,0.9824178814888,0.0175821203738451,
"Quanto você pensa que os ministros do STF não poderiam ser mais medíocres, eles vão lá e se superam...   Vamos destruir a grande mídia, sigam","Calma, espere a próxima! Carminha e Alcione na Live “Sarney é meu Guru”! Arrasadora!!!",2,0.9824543595314026,0.0175455957651138,
é uma vergonha!!!! Qual é a lei brasileira que foi violada? Querem CENSURAR as pessoas!!! Lixo de App!!! Lixo de quem comanda essa Merda no Brasil! Vocês são uma empresa que CENSURA pessoas! Aqui não é a CHINA ou Irã! Parem de Censurar pessoas!,Só para lembrar.  #STFVergonhaNacional,0,0.982503056526184,0.0174969546496868,
"Entre as contas suspensas nesta sexta-feira (24) estão a da ativista Sara Winter, do ex-deputado federal Roberto Jefferson e do blogueiro Bernardo Kuster. A ação do Twitter cumpre uma ordem legal proveniente de inquérito do .",A Censura se instalando rapidamente. É querem dizer que o fascismo vem do governo Bolsonaro. Ledo engano.,1,0.9826291799545288,0.0173707790672779,
"Alexandre determina e Twitter bloqueia perfis do presidente do PTB, Roberto Jefferson, dos empresários Luciano Hang, Edgard Corona, Otávio Fakhoury, Bernardo Küster, além do jornalista Allan dos Santos e do assessor do deputado estadual de São Paulo Edson Salomão.","E então, pau que bate em Francisco não bate em Chico?",2,0.9829709529876708,0.0170290749520063,
O STF me obrigou a seguir a filha do Roberto Jefferson.,Aras foi contrário à decisão de Moraes de bloquear conta dos bolsonaristas. Inquérito das fake news põe PGR e STF em lados opostos e tendência é de que Aras o arquive.,0,0.9831008911132812,0.016899149864912,
O Twitter acabou de remover todas as contas de cidadãos comuns e jornalistas brasileiros conservadores. É o maior ato de censura já visto na história da humanidade!,"E nenhum general do  toma qualquer providência... Pobre Brasil e seu povo ... Ressucitem nossos BRAVOS, CORAJOSOS e DESTEMIDOS generais de 64...",2,0.9832139015197754,0.0167861524969339,
"#ExpressoCnn ESSA BLOGUEIRA QUE ESTÁ FALANDO , CLARAMENTE DEFENDENDO A CENSURA  E PIOR MENTIU AO VIVO QUANDO CHAMOU O JORNALISTA ALLAN DOS SANTOS DE BLOGUEIRO,   APOIA A  CENSURA",Pedem  Ditadura quando leva so uns conselhos ja esta pedindo arrego,0,0.9833574295043944,0.0166425798088312,
"No dia de hoje, pessoas foram retiradas do debate político. Se vc fica feliz por isso é pp você não consegue derrubar o argumento e só lhe resta a censura para que a sua ideia nao seja derrotada. Como aconteceu em 2018. Como segundo pesquisas que SAIRAM HOJE, acontecerá em 2022.","É hora do PR  Bolsonaro pensar seriamente em dar um exemplar  da CF/88 a alguns ministros do STF, começando por Barroso e Alexandre de Moraes! A tirania de alguns deles já começou a me enojar.",1,0.9833741188049316,0.0166258737444877,
"""Ministro"" falar fora dos autos deveria ser proibido, e se ele falar nas redes justamente com Felipe Neto, chamem a mamãe do menino Barroso para colocá-lo de castigo! #STFVergonhaNacional","Que decadência!                              O que esperar do ""Supremo"" a não ser censura?",1,0.9834270477294922,0.0165729280561208,
Poucas vezes o G1 foi tão honesto.,Estou aqui!!!!  #VozParaBernardoKuster,1,0.9834614992141724,0.0165384411811828,
"Não tenho nada além de absoluto desprezo por aqueles cidadãos que tiveram suas contas bloqueadas hoje, mas princípios são princípios e a liberdade de expressão é um dos mais caros para mim. Trata-se de censura, de uma decisão absurda no âmbito de um inquérito abusivo e ilegal.",SEGURA FIRME !!! DEUS ABENÇOE OS CONSERVADORES !!! #VozParaBernardoKuster,0,0.9835139513015748,0.0164860002696514,
Alexandre de Moraes ameaçou aplicar multa diária contra Facebook e Twitter,"O pior é o senado acovardado pois está dominado por bandidos do mesmo bando daqueles q ocupam o STF. Revoltante, chega a embrulhar o estômago de tanto nojo!!!",2,0.9837456941604614,0.0162542723119258,
Alexandre de Moraes ameaçou aplicar multa diária contra Facebook e Twitter,Alguém tem que frear esse Alexandre de Moraes e verificar se o que faz é correto .,1,0.983752965927124,0.0162469930946826,
"No dia de hoje, pessoas foram retiradas do debate político. Se vc fica feliz por isso é pp você não consegue derrubar o argumento e só lhe resta a censura para que a sua ideia nao seja derrotada. Como aconteceu em 2018. Como segundo pesquisas que SAIRAM HOJE, acontecerá em 2022.","O STF não é eleito, por esse motivo não tem nada a temer. Mas os senadores tem, passarão pelo eleitor em 2022. E a rede social será implacável com os coniventes do atual momento. #STFVergonhaNacional  #SenadoFederalVergonhaNacional",1,0.9839914441108704,0.0160084851086139,
O STF precisa conter a escalada de Alexandre de Moraes contra a liberdade de expressão.,"Rapaiz, se converteram à verdade?",2,0.984118103981018,0.0158818587660789,
grande dia amanhã,"O Átila será retido pelo Twitter, irá para CPMI, terá sua liberdade cassada por Barroso e ministruuu alexandre de Moraes?? Espalhou a fake news acusando os EUA de comprarem vacinas e hidroxicloroquina?  #VozParaBernardoKuster #VozparaConservadores  STF tem algo a declarar?",0,0.9841750264167786,0.0158249866217374,
"Para Augusto Aras, a determinação do ministro do STF é ""desproporcional e contrária ao princípio da liberdade de expressão""","Servidores públicos, juízes, claro... Mas passam os 365 dias do ano soltando bandido, mudando interpretação da lei de acordo com a conveniência, legislando, criando inquérito ilegal. Daí você posta #STFVergonhaNacional e vc que é o bandido. Se fuder, meu irmão.",1,0.9843143224716188,0.0156857371330261,
Siga o   A MELHOR NOTÍCIA DA SEMANA! STF foi p cima dos investigados no Inquérito das fake-news e o desespero é geral! O Twitter deletou a conta de vários bolsonaristas #Resistencia841dias GRANDE DIA AI-5 #SejaUmaEstrelaVoceTambem Siga nosso Instagram,Isso. Comemora msm o cerceamento e a censura dos outros otarios. Logo menos chega a sua vez.,1,0.9844149351119996,0.015585133805871,
Quem está comemorando a queda destes perfis são gente que já perdeu. Eles não conseguem debater nada e comemoram a censura.,"Lembrando a frase do  ""Por mim, botava esses vagabundos todos na cadeia, começando no  "" e primeiro o desqualificado maior do momento ! Alexandre de Moraes é um tirano. E a história mostra como eles acabam! #FreedomOfSpeech #STFVergonhaNacional",1,0.984477996826172,0.0155220506712794,
"Até o momento: Edson Salomão, Roberto Jefferson, Luciano Hang, Rodrigo Ribeiro, Edgard Corona, Otávio Fakhoury, Bernardo Küster e Allan dos Santos tiveram as contas retidas!","Douglas, você é a salvação para São Paulo! Um orgulho para o Brasil  O melhor deputado de São Paulo. Onde vamos parar com essa ditadura do #STFVergonhaNacional ? Quem pode parar esse advogado colocado por um presidente corrupto? Cadê a justiça do Brasil?",1,0.9844920635223388,0.0155079122632741,
"""Salve o 25 de Julho"", dia marcante que significa fortalecimento e empoderamento para a mulher preta em toda a América Latina.  Trago a memória de uma grande guerreira:  . ""Tereza de Benguela foi uma líder…",FOMOS CENSURADOS PELO STF Alexandre de Moraes CABEÇA DE OVO!   via,0,0.9845783114433287,0.015421662479639,
Alexandre de Moraes ameaçou aplicar multa diária contra Facebook e Twitter,"E aí, jornalistas, vão esperar até que o censor olhe para vocês?",1,0.9845841526985168,0.0154157625511288,
"Após bloqueio, Roberto Jefferson usa conta da filha no Twitter","Olha a cara, parece que tá doidão.",2,0.9846471548080444,0.0153528153896331,
"GRANDE DIA pois mesmo com tentativa do cabeça de piroca tentar censurar os perfis estão ativos, por Mito derrubar todos nas eleições de 2022 segundo pesquisas feita por instituições petista/psolista e de ver os financiadores de homicida e traficantes comemorando atoa. kkkkkkkkkk",Finalmente o grande dia de poder sacar aqueles milzão no caixa tem,0,0.9846521615982056,0.0153478495776653,
"Já tentaram de tudo pra derrubar o Bolsonaro, inclusive matar. Nada conseguiram. Agora resolveram calar a voz do povo q votou no Presida. É o desespero daqueles q não conseguem viver sem abocanhar $ do Estado.  CENSURA NÃO. #STFVergonhaNacional","pois é, o ai5 eu apoio  mas sou contra a ""censura""  gosto de ser um gado tenho orgulho de ser fã de político",1,0.9847131371498108,0.0152868181467056,
Os outros ministros do STF não farão nada para acabar com a censura imposta pelo ditador Alexandre de Moraes e puni-lo? Os Senadores não levarão adiante o impeachment?   Estou estudando todos os meios de ação que temos para agir.   A ditadura da toga não prevalecerá.,"Pelo o que estou vendo, tudo farinha do mesmo saco. IMPEACHMENT JÁ, primeiro da lista Alexandre de Moraes.",1,0.9847782254219056,0.0152217289432883,
"ba mano fecharam a conta do bernardo kuster, sara winter, alan dos santos, véio da havan e outros q triste hahahahahahhahahah",Fico aqui pensando. Será que os Jornalistas de todas as mídias  deste País acredita que estará livre da perseguição do ? Não percebem o perigo que correm?,0,0.9848280549049376,0.0151719320565462,
"Hoje são   Allan dos Santos Bernardo Kuster Edson Salomão Luciano Hang Roberto Jefferson Otávio Fakhoury Sara Winter   Amanhã pode ser vc.  Vc, conservador. Vc, que apoia Bolsonaro.   E vc tbm, idiota de esquerda que tá comemorando essa censura covarde.  #VozParaBernardoKuster",L I B E R D A D E   #VozParaBernardoKuster  e demais conservadores perseguidos pelo 5TF.,1,0.9849931001663208,0.0150068504735827,
"Absurdo galera. Centenas de pessoas falam coisas absurdas do presidente, ninguem liga. Agora se falar dos juízes acontece isso aí.  Cadê a imprensa pra falar alguma coisa?#VozParaBernardoKuster",Bom dia a todos. Ótimo fim de Semana com a notícia que Jair Bolsonaro testa Negativo para o Covid.19 Grande Notícia,0,0.9850009679794312,0.0149990376085042,
Twitter suspende perfis pró-Bolsonaro por determinação de Alexandre de Moraes,Esse FDP vai precisar suspender a conta de todo brasileiro de bem.,2,0.9850130081176758,0.0149870095774531,
A lista:  Allan dos Santos Bernardo Küster Edgard Corona Edson Salomão Eduardo Fabris Portella Enzo Momenti Luciano Hang Marcelo Stachin Marcos Bellizia Otavio Fakhoury Paulo Bezerra Rafael Moreno Reynaldo Bianchi Jr Roberto Jefferson Rodrigo Ribeiro Sara Giromini Winston Lima,FEsteja aí a censura Peppa Pig. Até que ela chegue em ti. Ai tu vais chorar.,1,0.985017478466034,0.0149825122207403,
ATENÇÃO  Recebi informações que a Polícia Federal está neste momento na casa do Roberto Jeferson. Estou Aguardando confirmação!  #VozParaBernardoKuster #VozParaAllan #VozParaFaka,"Mas o Bob Jeff não era intocável? Não era ele que tinha provas das falcatruas dos Ministros? Ele não tem, entendam, e se tivesse, seria um completo FDP por estar escondendo...",2,0.9850178360939026,0.0149821667000651,
O tiranete Alexandre de Moraes passou de todos os limites. Ele agora decide sozinho qual informação pode circular no país? Ele decide quem fala e quem cala a boca? Ou os democratas reagem agora a este ato de censura s/ precedentes ou não podem mais falar em liberdade de expressão,Está todo mundo com medo do advogado do PCC.,2,0.9851092100143432,0.0148907713592052,
Extatamente  Assim como #GovernoDeFraudes,"Exato, veja como a tag ficou fácil de entender com a grafia correta. #GovernoDeFraudes . E sempre com um texto ou uma palavra com mais de 5 caracteres.",1,0.9851283431053162,0.0148716662079095,
#URGENTE - Contas bolsonaristas no Twitter são retiradas do ar após decisão de Moraes  #G1,Eu odeio quando o brasil me faz defender esses caras  Se vc aplaude essa censura nao ouse se chamar de anti-fascista ou democratico,2,0.9851896166801452,0.0148104066029191,
"Meu país, BrhazhiuL, é tão sem problemas que o juiz do tribunal mais importante do país,  Hitler de Moraes tem que ficar mandando bloquear contas em Redes Sociais! Falta do que fazer né meu filho?!?",VOCÊ SABIA? Alexandre de Moraes será o Presidente do TSE durante as eleições de 2022,0,0.9853522181510924,0.0146477688103914,
"VERGONHA ! O ditador e tirano da toga , Alexandre de Moraes , impõe censura pior que a ditadura , bloqueando redes sociais , cerceando a liberdade de expressão , promovendo uma verdadeira perseguição política . IMPRENSA, OAB,ABI, PRESIDENTE DA CÂMARA E DO SENADO , TODOS CALADOS!","Embora a censura estatal tenha terminado pós Diretas já, a redemocratização que começou neste período Vota a ser Ameaçada. o Brasil Volta a experimentar uma Uma censura de Ferro, Ainda maior que no Passado, a da Torga, eles tomaram o país pra si.. #CensuraJamais #CENSURA",1,0.9853770136833192,0.0146229788661003,
"Para Augusto Aras, a determinação do ministro do STF é ""desproporcional e contrária ao princípio da liberdade de expressão""",O Ptista mais amado do Brasil é contra essa decisão da ditadura de toga.,2,0.985464870929718,0.014535142108798,
"1. Concordar ou não com o que alguém diz é parte da democracia. Calar não. A decisão de Alexandre de Moraes, bloqueando a conta do presidente do PTB, Roberto Jefferson, é absurda. Só uma ditadura a tira voz de partidos políticos. Bloqueio preventivo, é censura prévia de opinião.",tive que mudar meu texto todo aiai grande dia,0,0.9855530858039856,0.0144469635561108,
"Bom dia e feliz sábado! Menos para os abutres do STF, para os esquerdista, para os políticos corruptos, para o lixo Neto e nem para os ratos Mandetta e Moro. #STFVergonhaNacional #STFNaoVaiNosCalar #VozParaOsConservadores #imprensamarromapoiacensura",A CENSURA NAS REDES SOCIAIS JÁ COMEÇOU E A PL 2630 AINDA NÃO FOI APROVADA   IMAGINA QUANDO FOR... NÃO PODEMOS NOS CALAR! NÃO A CENSURA NO BRASIL!!!!!!! NÃO ESQUEÇA INSCREVA-SE NO CANAL PRECISO DA SUA AJUDA PRA GANHAR MAIS ALCANCE E VOZ... OBRIGADO!,0,0.9855648875236512,0.0144351404160261,
"Acabaram de derrubar as contas no twitter de Bernardo Kurster, Allan dos Santos e Roberto jefferson por ordem judicial.  A Ditadura da Toga está desesperada.","A censura imposta pelo STF não atenta apenas à liberdade de expressão mas, especialmente, ao devido processo legal.",0,0.9856022000312804,0.0143978707492351,
"URGENTE - ROBERTO JEFFERSON SEGUE NO TWITTER Para ver o quão absurda foi a decisão de Alexandre de Moraes, Roberto Jefferson  passou a usar a conta da sua filha, Cristiane Brasil, pré-candidata à prefeitura do Rio, para continuar postando na rede social. DEIXE AQUI O SEU APLAUSO.","Roberto Jefferson abra a boca econte tudo que sabe, jogue aqui para a platéia.Parabéns",1,0.985725998878479,0.0142740085721015,
A censura rolando solta no país que ele governa e o presida não vai dizer nada a respeito?  (É proibido perguntar isso também?) #Censura #Ditadura,Eu não confio em pessoas com esse tipo de cobrança em cima do presidente. Porque não manda um particular pra ele. Parece mais incitação do que pergunta. Sei lá... O que o presidente pode fazer? Invadir o Supremo e mandar prender o cabeça de ovo?,2,0.9857935309410096,0.0142064625397324,
#STFVergonhaNacinal me exilou. Estou no USA    #STFOrganizacaoCriminosa  #STFNaoVaiNosCalar  #STFVergonhaNacional,"Assista a ""TOCANDO TERROR NA CENSURA!!"" no YouTube",0,0.9858230352401732,0.0141769498586654,
O Senhor é um Senador eleito pelo povo. É sua obrigação cumprir a constituição. E nossa constituição dá o livre direito de expressão.  Faça pressão para o Impeachment de Alexandre de Moraes. O Brasil lembrará de que lado ficou. O lado do povo ou o outro.,"gente maquiei um hetero top, grande dia",0,0.9860488176345824,0.0139512363821268,
Os outros ministros do STF não farão nada para acabar com a censura imposta pelo ditador Alexandre de Moraes e puni-lo? Os Senadores não levarão adiante o impeachment?   Estou estudando todos os meios de ação que temos para agir.   A ditadura da toga não prevalecerá.,#ImpeachmentAlexandreDeMoraes  #STFVergonhaNacional  Esse cara é doido. Camisa de força já!!!,1,0.9860779047012328,0.0139220617711544,
"São precários os fundamentos para esses bloqueios - e não poderia ser diferente, já que ordenados como desdobramentos de um inquérito doente. Não importa quem sejam os suspensos nem interessa que estariam comemorando se o bloqueado fosse eu. Não é bom.",Censura nunca é boa!!,2,0.9861089587211608,0.0138910757377743,
Se o Roberto Jefferson se candidatar ele bate de frente com o Bolsonaro (principalmente agora q virou prudente e sofisticado),"Bernardo P Kustet:  ""Quem precisa do PL 2630 da Censura se o Brasil já tem o tiranete Alexandre de Imoraes?""",0,0.9863155484199524,0.0136844757944345,
O tiranete Alexandre de Moraes passou de todos os limites. Ele agora decide sozinho qual informação pode circular no país? Ele decide quem fala e quem cala a boca? Ou os democratas reagem agora a este ato de censura s/ precedentes ou não podem mais falar em liberdade de expressão,Fora ditadores,2,0.9863200783729552,0.0136798806488513,
Censurados...,"A ditadura que o judiciário promove é de longe a maior e mais violenta da história brasileira. Por isso o povo, a sociedade clama #ForaAlexandreDeMoraes #ForaAlcolumbre #foramaia #VozParaBernardoKuster #Bolsonaro2022",2,0.9863240122795104,0.0136759504675865,
Logíco que o Jornalismo de porta de cadeia do #empauta vai proteger o STF e defender a Censura !!!!!!    MOSTRA AONDE ESTA !! E QUAL SERIA A FAKE NEWS SEUS HIPOCRITAS,"Só ñ pode fazer busca e apreensão no gabinete do José Serra, viu   #STFVergonhaNacional",0,0.9864711165428162,0.0135288573801517,
"O Twitter suspendeu 16 contas de bolsonaristas. Entre elas, as de Roberto Jefferson, dos blogueiros Allan dos Santos, Bernardo Küster e Sara Winter, dos empresários Luciano Hang, Edgard Corona e Otávio Fakhoury.","N consigo ser a favor disso. Acho Allan dos Santos, Bernado Kuster, Sara Winter, etc uma das piores pessoas que temos nesse país, mas acho q eles tem que ter o total direito de serem uns merdas",2,0.9865058064460754,0.0134942326694726,
Alexandre de Moraes ameaçou aplicar multa diária contra Facebook e Twitter,o cabeca de piroca ta putinho!!!! lixo de ditador de merda,2,0.9865663647651672,0.0134335868060588,
"Sara Winter, Allan dos Santos, Bernardo Küster e Otávio Fakhoury usaram suas contas no Twitter mesmo após ação da rede social para restringir seus acessos","Sem querer fazer papel de advogado do diabo, afinal, não apoio nenhum deles, mas se cometeram crimes, deviam estar presos e não censurados em redes sociais. Ditadura barata do Deus do Supremo.",2,0.9865765571594238,0.0134234419092535,
"Exclusivo: Luciano Hang obteve 55 empréstimos do BNDES para transformar Lojas Havan em império. De 1993 a 2014, o empresário hj investigado no Inquérito das Fake News conseguiu R$ 72 milhões junto ao banco estatal, revelam  e :","Aposto que a esquerda manipulou documentos do BNDES para incriminar o Luciano Hang. Ele é um patriota bilionário, que poderia investir em qualquer outro país, mas fica aqui recebendo pedrada por amar demais o Brasil.",1,0.9865893125534058,0.0134106213226914,
"ATÉ QUANDO SEREMOS CENSURADOS DESTA FORMA,POR MINISTROS DO STF? O CRIME QUE NÓS ESTAMOS COMETENDO É: SER CONSERVADOR E APOIAR JAIR BOLSONARO. ESTÃO QUERENDO CALAR OS CRISTÃOS CONSERVADORES. JAMAIS VÃO NOS CALAR! #STFVergonhaNacional",#FreedomOfSpeech #DitaduraDaToga #STFVergonhaNacional  VAGABUNDOS TOGADOS COMEDORES DE LAGOSTA.,0,0.9865925908088684,0.0134074501693248,
O STF precisa conter a escalada de Alexandre de Moraes contra a liberdade de expressão.,"Até que em fim. Perceberam que depois da reação das FFAA sobre a fala de Gilmar ele se calou? Enquanto o Senado não tomar uma atitude contra Alexandre de Moraes ele irá continuar tomando estas atitudes de sensura, ou então, ele atacar as FFAA como GM fez. #MeSegueQueSigoDeVolta",1,0.9866117238998412,0.0133882435038685,
"Sabe qual a alegação de Alexandre de Moraes para censurar os perfis? Segundo a decisão é para “interromper discursos criminosos de ódio”. Já temos o nosso tribunal soviete, ou chinês mesmo. #STFNaoVaiNosCalar",Só esta justificativa? Mais demonstração de força ou poder do que de legislação e conhecimento. Me sinto envergonhado.,2,0.9866321682929992,0.0133678782731294,
Petrobras está vendendo ativos lucrativos e distribuindo em dividendos para os acionistas. Está oferecendo os bens em sacrifício para o deus mercado.   #GovernoDeFraudes,Venda a mãe .. #GovernoDeFraudes,2,0.9866743683815002,0.0133256372064352,
Blog do Roberto Jefferson também tirado do ar!  Ou alguém reage agora ou será o fim da liberdade do conservadorismo no Brasil.,"A bestialidade humana não tem limites.  Uma constatação verdadeira e perigosa da psicopata adoração ao mito. Hitler, Fidel, Chávez, Maduro, Lula e Bolsonaro encarnam essa loucura. #BolsonaroCoveiroDaLavaJato é mais contagioso que a #gripezinha",2,0.9866921305656432,0.0133079066872596,
"Só avisar pra você que tá dando festa durante a pandemia:  Um dia seu filho vai perguntar o que você fez durante a pandemia e você vai falar que ficou em isolamento e que foi muito difícil e tal, mas eu vou estar lá pra falar que é mentira e que você foi um grande de um pau no cu",STF: tira contas de redes sociais que veiculavam fake news do ar  Donos das contas: COMO ASSIM EU NAO POSSO USAR MINHA CONTA PARA DIFAMAR E CALUNIAR PESSOAS ATRAVÉS DE DIFUNDIR MENTIRAS SOBRE ELAS ??????  CENSURA !!!!1!!1!,0,0.9867188334465028,0.0132811339572072,
"O Ministro do STF, Alexandre Moraes superou todos os limites de arrogância, prepotência e falta de bom senso no cargo. O impeachment dele seria um exemplo para moralizar a justiça no Brasil. Eu já entrei com dois pedidos no Senado e aguardo o Presidente colocar na pauta da casa.","Espera sentado,se depender do Batoré isso nunca vai acontecer.",2,0.9867690801620485,0.0132308742031455,
"#STFNaoVaiNosCalar O diabo usa Toga !1)Alexandre de Moraes – A esposa dele, Viviane Barci de Moraes, é sócia da Barci de Moraes Sociedade de Advogados. O jornalista Oswaldo Eustáquio investigou esposa de Moraes e descobriu esquema bomba.",Muita sujeira...cutuca mais q a sobe...,2,0.9869346618652344,0.0130653791129589,
"GRANDE DIA.  EUA defendem pacto contra a China: “O mundo livre deve triunfar sobre essa tirania”  via  Gazeta Brasil apresenta as últimas notícias sobre governo Bolsonaro, Lava Jato, Planalto, Congresso, Judiciário, além de notícias dos bastidores.",parece que queria ganhar mais que Sérgio Cabral...  Secretário de Educação de Witzel é investigado por desvio de dinheiro.  #VozParaBernardoKuster,0,0.9870039820671082,0.0129960756748914,
"#STFVergonhaNacional , #senadovergonhanacional e #maiasafado vcs irão cair feio.  Filhos da puta .","Perguntas incômodas: Liberdade de expressão é um valor absoluto? Existem valores absolutos? A liberdade de expressão usada como arma ideológica serve à liberdade de se expressar? Um Roberto Jefferson ou um Allan Tripa Livre, comparados a mim e a você, servidos da mesma (continua)",0,0.9870861172676086,0.0129138818010687,
"Sonhei com @ hj, grande dia",CENSURA! CENSURA! DITADURA DA TOGA! CENSURA! CENSURA! Twitter suspende perfis pró-Bolsonaro por determinação de Alexandre de Moraes,0,0.9871547222137452,0.0128452321514487,
A CENSURA foi instalada no Brasil hoje.,"Na mesma semana que o STF impede busca e apreensão ao senador José Serra, suspende e bloqueia contas nas redes sociais de pessoas que críticam o STF.  Mais uma vez, Alexandre de Moraes demonstra a prioridade do Supremo: proteger poderosos e calar/intimidar seus desafetos.",0,0.9871742725372314,0.0128257842734456,
O tiranete Alexandre de Moraes passou de todos os limites. Ele agora decide sozinho qual informação pode circular no país? Ele decide quem fala e quem cala a boca? Ou os democratas reagem agora a este ato de censura s/ precedentes ou não podem mais falar em liberdade de expressão,PCC NO COMANDO!,2,0.9871757626533508,0.0128242690116167,
Se não trocarem as 11 Bestas do Apocalipse o Brasil vai viver um retrocesso !  #STFVergonhaNacional,Só com AI5 para acabar com esta graça #STFVergonhaNacional,1,0.9872138500213624,0.012786136008799,
"Sara Winter, Allan dos Santos, Bernardo Küster e Otávio Fakhoury usaram suas contas no Twitter mesmo após ação da rede social para restringir seus acessos","Os pedintes do AI-5 reclamando de censura, é o auge!",1,0.9872177243232728,0.0127822970971465,
Bastou sair a pesquisa de que Bolsonaro ganha em todos os cenários para calarem os mais destacados conservadores:  Allan dos Santos Bernardo Kuster Edson Salomão Luciano Hang Roberto Jefferson Otávio Fakhoury Sara Winter   #VozParaBernardoKuster,"leiam essa matéria, é até engraçado como os tais historiadores consultados pelo jornalista, fazem malabarismos retóricos para não dizer que a retirada de estátuas, filmes e livros do história humana é censura.",0,0.9874073266983032,0.0125925941392779,
"Pediam AI-5. STF toma uma medida (considerada, por ELES, como censura) Bolsominion: “CADE A NOSSA DEMOCRACIA????” kkkkkk plmdds.",23:58 S.T.F. CENSURA PERFIS BOLSONARISTAS  23:59 NELIPE FETO COMEMORA  0:00 LAIVE DE MINISTRO DO S.T.F. COM NELIPE FETO  A ENGRENAGEM TÁ BEM LUBRIFICADA?,0,0.9874864816665648,0.01251348759979,
"Mude a localização para acessar meus tweets: 1. Vá em Conta e Privacidade, 2. Clique em Conta, 3. Depois em Dados e Permissões, 4. E mude sua localização para os EUA. Aí você acompanha meus Tweets normalmente. Tente censurar o Tio Sam agora, Cabeça de Ovo! #VozParaBernardoKuster",Feito. Censura NÃO!,2,0.98750638961792,0.0124936355277895,
"#VozParaBernardoKuster já mudei as configurações de país... Se quiser ainda ter voz, saia do Brasil. Pelo menos virtualmente.","Colorados na sexta feira xingando STF por censura, fazendo um escarcéu... Sábado batendo palmas para o clube que proibiu o   de trabalhar no jogo do inter.  Vergonha pouca é  bobagem...  Vergonha tb da  que aceitou calada e tirou o jornlista da transmissão",0,0.9875531196594238,0.0124469110742211,
"Vamos subir voz a todos censurados, realmente estou com medo desse país, eu apoio o Bolsonaro mas esse silêncio me incomoda .#VozParaBernardoKuster",Contas de bolsonaristas em redes sociais são retiradas do ar após decisão de Moraes | Política | G1  e digo GRANDE DIA,0,0.987580180168152,0.0124197592958807,
Somente a Suprema Corte será capaz de parar a escalada de autoritarismo de Alexandre de Moraes. Contudo se a Corte não se dignificar em fazer isso O MEU DEUS FARÁ.,Amém . #STFVergonhaNacional,1,0.9877269864082336,0.0122730797156691,
"Sara Winter, Allan dos Santos, Bernardo Küster e Otávio Fakhoury usaram suas contas no Twitter mesmo após ação da rede social para restringir seus acessos",Vão tomar no cu CNN! Marias fuxiqueiras! #VozParaBernardoKuster #VozparaConservadores #vozparaallan #VozParaBobJeff,1,0.9877402186393738,0.0122597506269812,
Até onde vamos parar com as ações inconstitucionais de alguns! Claramente o ativismo judicial ganhando força!  Tem nisso apoio Bernardo o cabeça de ovo não vai valar sua voz!  #VozParaBernardoKuster,"Meu twitter agora é ""Great America again!"". Pau no cu da censura!",0,0.98787921667099,0.0121208326891064,
"Entre os conservadores que tiveram seus perfis suspensos estão o presidente do PTB, Roberto Jefferson, os empresários Luciano Hang, Edgard Corona, Otávio Fakhoury, além dos jornalistas Bernardo Küster, Allan dos Santos.  .",Chegamos a censura declarada e pior uma Suprema corte escancaradamente politizada e ideológica!,2,0.9879150390625,0.0120848910883069,
"O Twitter suspendeu 16 contas de bolsonaristas. Entre elas, as de Roberto Jefferson, dos blogueiros Allan dos Santos, Bernardo Küster e Sara Winter, dos empresários Luciano Hang, Edgard Corona e Otávio Fakhoury.",Esse Twitter só pode ser de esquerda!,2,0.9880520105361938,0.0119479522109031,
Alexandre de Moraes precisa receber voz de prisão. Ele é um juiz constitucional. Ele não é um jagunço.,"Ele é um jagunço do PCC. Primeiro Gilmar faz o teste, ficaram todos inertes, publicando notinhas envergonhadas, como não houve uma resposta ou reação vigorosa das instituições ou dos seus integrantes, o pau mandado do PCC vem e samba em cima do cadáver. Triste Brasil.",2,0.9880999326705932,0.0119000757113099,
"O judiciário julga como desinformação toda opinião que o critica.Derruba e prende toda voz dissonante. O vigia da democracia e da liberdade transformou - se no carrasco. Em nome do combate a uma ditadura invisível, criou- se definitivamente a ditadura do STF.",SUPREMO TRIBUNAL DA CHINA CENSURA Alexandre de Moraes Ditador Inimigo do Brasil,2,0.9882076382637024,0.0117923142388463,
"Querem Continuar Vendo as Postagens do Allan dos Santos, Bernardo Kuster e Roberto Jefferson, Vá em Configurações da Conta e Muda País Para EUA.",#3em1 Alguém avise ao Josias de Souza que o assunto é a censura por parte do STF.,0,0.988249897956848,0.0117500638589262,
"A decisão do FB e do TW de derrubar as contas de apoiadores de  é sem precedentes na rede mundial, que se caracteriza pela ampla liberdade de expressão. A decisão de suspender as contas é contraditória porque a  investigação não está concluída. País sob censura.",Alexandre de Moraes colocou até Bolsonaro e generais em baixo da cama com medo.,1,0.9883164763450624,0.0116835078224539,
Nota à nação brasileira | PTB não permitirá que censura da toga e opressão calem,"Entre com pedido na   de cancelamento dessa censura. Se querem guerra, estamos prontos.",1,0.9883242845535278,0.0116757415235042,
Twitter suspende perfis pró-Bolsonaro por determinação de Alexandre de Moraes,se esse cara não for preso não existe mais lei no Brasil ... #STFVergonhaNacional,1,0.9883576035499572,0.0116423834115266,
"Twitter bloqueia contas atendendo decisão de 26 de maio  do ministro  de Moraes, no inquérito das Fake News: ""O Twitter agiu estritamente em cumprimento a uma ordem legal proveniente de inquérito do Supremo Tribunal Federal (STF)""","Esse careca cabeça de ovo está comparando essas pessoas a ""subversivos"". Deve ter incorporado o espírito do Gen.Costa e Silva e decretado um AI-5 ao contrário.",2,0.9884960651397704,0.0115039078518748,
"O mais grave que você já pôde ler hoje é isso:  ""Ação sigilosa do governo mira professores e policiais antifascistas""  O vocabulário ""ação sigilosa"" e ""monitoramento"" lembra o quê?","Existe um único culpado no momento, Maia e os mais de 50 pedidos de impeachment  #GovernoDeFraudes",2,0.9887017011642456,0.0112983342260122,
"Alexandre, o Supremo, de Moraes perdeu qualquer vergonha de assumir o papel de censurador da nação. Sua decisão de hoje é típica dos piores regimes ditatoriais. Ao assistir a tudo isso passivamente, o Senado torna-se cúmplice desse absurdo.",Que tal arregaçar as mangas Congressistas? Há limites! #MudaSenado                #STFVergonhaNacional,2,0.9887141585350036,0.0112857902422547,
Luciano Hang e Bernardo Kuster tiveram o perfil banido do Twitter... GRANDE DIA,"Acho que tem gente pensando que o COVID-19 já faz parte do passado. O Bozo lá em Brasília e seus discípulos governantes pelo país afora tem bons médicos e hospitais aos seus serviços 24 horas por dia, dessa turma, faz parte também o grande empresariado.",0,0.9887192845344543,0.0112806456163525,
"Meu microfone do fone de ouvido foi de caixa, grande dia","O  e  calados diante da censura imposta no país pelo  na figura do advogado de.porta de cadeia  . E aí, seus canalhas? Quantos processos vcs têm na gaveta de Alexandre de Moraes? #STFVergonhaNacional  #Bolsonaro2022",0,0.9887463450431824,0.0112536996603012,
Allan dos Santos Bernardo Küster Edgard Corona Edson Salomão Eduardo Fabris Portella Enzo Momenti Luciano Hang Marcelo Stachin Marcos Bellizia Otavio Fakhoury Paulo Bezerra Rafael Moreno Reynaldo Bianchi Junior Roberto Jefferson Rodrigo Ribeiro Sara Giromini Winston Lima,O maior vagabundoooo com o nome listado na Odebrecht querendo fazer denúncias....kakakakakakakakakakakak!!! Tenho tempo e vou dar print pro dia que você for preso Drácula o miserável!!,2,0.988760471343994,0.0112395789474248,
Chegouuu o grande dia da nossa conferência #pulsarjovem2020 uhuuu que vai ocorrer ás 16hrs no youtube da comunidade  bora jovens ter uma experiência nova.....,"#STFVergonhaNacional #STFNaoVaiNosCalar  bloqueia aí, faço outra, bloqueia novamente faço outra ππππ",0,0.9888705611228944,0.0111294258385896,
O tiranete Alexandre de Moraes passou de todos os limites. Ele agora decide sozinho qual informação pode circular no país? Ele decide quem fala e quem cala a boca? Ou os democratas reagem agora a este ato de censura s/ precedentes ou não podem mais falar em liberdade de expressão,"No aguardo de uma resposta do Sr Presidente, Jair Bolsonaro. Resposta e reação à essa ação!",2,0.9888939261436462,0.0111061176285147,
"Bob Jefferson, Edson Salomão e Bernardo Kuster foram censurados em um ato de perseguição política.","O PTB, presidido pelo ex-deputado, divulgou uma nota criticando a decisão de Alexandre de Moraes de suspender contas em redes sociais no âmbito do inquérito das fake news.",0,0.9889037013053894,0.0110962558537721,
GANGSTER? TERRORISTAS? ACHO QUE SAO OS QUE OPRIMEM E SILENCIAM OS CONSERVADORES. LULA REALMENTE DOUTRINOU O STF.,"Já vem de um tempo que o STF legisla, agora eles criam crimes e fabricam leis no mesmo dia.  Se não gostarem do seu sorriso até sua foto sorrindo poderá virar crime amanhã.  #STFVergonhaNacional",2,0.988922953605652,0.0110770808532834,
"Na mesma semana que o STF impede busca e apreensão ao senador José Serra, suspende e bloqueia contas nas redes sociais de pessoas que críticam o STF.  Mais uma vez, Alexandre de Moraes demonstra a prioridade do Supremo: proteger poderosos e calar/intimidar seus desafetos.",Queria sextar no desmantelo bem grande a ponto de fazer live bêbada do ig com os amigos q eu gosto e no dia seguinte nem lembrar kkkkk aiai,0,0.9889732003211976,0.0110267922282218,
Estamos vivendo uma ditadura da toga #VozParaBernardoKuster  #VozParaRobertoJefferson,"Bem assim... Quando o cerco aperta, adoecem...  #ForaBolsonaro e seus aceclas #GovernoDeFraudes  #EsquerdistaSegueEsquerdista   ""Alvo de operação da Lava Jato, José Serra está internado no interior de São Paulo"".",0,0.9889962673187256,0.011003696359694,
"Infelizmente, a censura no Brasil já é uma realidade. Se a situação não for revertida RAPIDAMENTE, estarão certos de que poderão prosseguir com todas as medidas autoritárias. É um caminho sem volta. O Brasil está sob uma ditadura do Judiciário. Canalhas et caterva aplaudem.",Alexandre de Moraes é um grandíssimo Canalha,1,0.9890005588531494,0.0109994057565927,
"STF suspendeu as contas de bolsonaristas como Luciano Hang, Allan dos Santos, Sara Winter, Roberto Jefferson e outros dessa laia. Importante evitar a produção de mais fake news. Mas é preciso saber quanto dinheiro foi gasto, inclusive público, pra sustentar esse gabinete do ódio.",Acabou de me ocorrer... O Luciano Hang não é nem um bom capitalista né? Como investe mal o próprio dinheiro... Os capitalistas do mundo devem olhar envergonhados! Nem pra ser capitalista bolsonarista serve! Vergonha SQN! Grande dia!,1,0.9890511631965636,0.0109487529844045,
"Perfis de bolsonaristas nas redes sociais, utilizados para ameaçar a democracia, destruir reputações e espalhar fake news sobre a pandemia, foram suspensos do Twitter e Facebook por determinação do STF. Grande dia!",Deputada da Bancada da Chupeta comemorando um ato de censura! E ainda se diz à favor da democracia!,2,0.98906272649765,0.0109372707083821,
"É hora de falar sério.  Hoje é um dia de vitória. Diversos perfis do Twitter de agentes de fake-news, ódio e destruição de reputações foram desligados, a pedido do STF.  A decisão pode ser temporária ou permanente. Nessa thread, quero mostrar pq deve ser PERMANENTE.  Segue o fio.","O cara não só comemorando, mas DEFENDENDO censura estatal.   Demora, mas eles revelam sua verdadeira face.",2,0.9891756176948548,0.0108244204893708,
&amp;       Segue o trem com musica da ventania. Roberto Jefferson fala sobre censura imposta pelo STF  via,"Seja homem de valor e cancele este inquérito, Aras. Onde estão seus valores?",0,0.989180624485016,0.0108193876221776,
"Tive acesso à decisão que calou as contas de Twitter de 12 brasileiros:   Como esperado, NADA que justifique tamanho ataque à liberdade de expressão deles  Parece-me caso de impeachment do Min. Alexandre, nos termos do artigo 7º, item 9, da Lei nº 1.079/50",Mas como? Com alcolumbre lá?,2,0.9893833994865416,0.0106166349723935,
Só os gados que pede AI-5 reclamando de censura agora,"Perfis de bolsonaristas nas redes sociais, utilizados para ameaçar a democracia, destruir reputações e espalhar fake news sobre a pandemia, foram suspensos do Twitter e Facebook por determinação do STF. Grande dia!",0,0.9894651174545288,0.0105349253863096,
Um grupo de pessoas vaidosas distante do processo social que  vivemose sem patriotismo para enxergar o povp brasileiro. Triste muito triste.#STFVergonhaNacional,"Grande dia pra quem não gosta de mim, voar pra mais longe...",0,0.9894792437553406,0.0105207534506917,
#Censura O cala boca não tinha acabado?,"Alexandre de Moraes tem que ser preso! Ele contraria todo tempo a CF, ele pratica atos criminosos! Os homens e mulheres de honra deste país precisam assumir essa luta!   #ForaAlexandreDeMoraes",0,0.989523708820343,0.0104762660339474,
"A agência internacional Reuters U.K. destacou a ação do ministro Alexandre de Moraes que bloqueou contas de jornalistas e apoiadores do presidente Bolsonaro, o caso começa a ganhar repercussão internacional e escancara a censura no país.",Espero que essa matéria repercuta e muitooo.,2,0.9895265102386476,0.0104734878987073,
Alexandre de Moraes ameaçou aplicar multa diária contra Facebook e Twitter,"Meu Deus! O STF realmente manda no país! Que lei porra nenhuma, aqui é VELHO oeste meus amigos!. E, nós, fomos desarmados!",2,0.9895278811454772,0.0104721095412969,
Luciano Hang obteve empréstimos polpudos nos governos de Itamar e FHC,Amanhã tem tudo para ser um grande dia,0,0.989595592021942,0.010404335334897,
Voz para Allan dos Santos Voz para Bernardo Kuster Voz para Edson Salomão Voz para Luciano Hang Voz para Roberto Jefferson Voz para Otávio Fakhoury Voz para Sara Winter  Alguém mais foi censurado pelo inquérito embasado nas mentiras de LUCIANO AYAN?  #VozParaBernardoKuster,"Roberto Jefferson, o do mensalão",1,0.9896355271339417,0.0103644877672195,
"Os 11 ministros do STF são tão sujos que chega dar nojo. Vamos ser fortes e tirar um por um. Dia após dia como se não houvesse amanhã. Amanhã será um grande, se Deus quiser!  Boa noite, Patriotas!",jamylle tá puta e eu triste grande dia,0,0.9896801114082336,0.0103198494762182,
#VozParaBernardoKuster ditadura da Toga #STFVergonhaNacional #STFNaoVaiNosCalar,"Já prometi a mim mesmo que nunca mais discuto sobre política nessa rede social. O Brasil é corrupto e ponto final. Só que ver pessoas defendendo censura é o cúmulo do absurdo. Logo eles, que durante as eleições de 2018 disseram tanto q o atual PR, seria um ditador.",0,0.9896875023841858,0.0103125087916851,
O STF precisa conter a escalada de Alexandre de Moraes contra a liberdade de expressão.,"Esse Alexandre de Morais precisa ser detido, é um absurdo o que ele está fazendo. #STFVergonhaNacional",1,0.9897458553314208,0.0102540738880634,
Perfis de bolsonaristas no #Twitter são suspensos por determinação de Alexandre de Moraes…,"Estão sentindo a pressão no rabo por isso estão tentando calar todos que criticam os membros do STF, boa parte dos 11 estão com rabo preso e a Internet está trazendo a verdade a tona.   #VozParaBernardoKuster",0,0.9897833466529846,0.0102166263386607,
SEXTA-FEIRA DA VERGONHA Alexandre de Moraes manda censurar perfis do jornalista Bernardo Küster (diretor do BSM) e vários outros conservadores. É a mais vasta operação de censura já vista na internet brasileira. #VozParaBernardoKuster,kkkkkkkkkkkkkkkkkk grande dia!,1,0.9897878170013428,0.010212168097496,
"URGENTE: Após pedido de Alexandre de Moraes (STF), o Twitter derrubou a conta de , , ,   e outros, que foram vítimas da censura com base no inquérito ilegal das fake news. #Bolsonaro2022",Misericórdia meu Deus!,2,0.989818513393402,0.0101814335212111,
ROBERTO JEFFERSON: “OS 11 MINISTROS DO STF FORMARAM UMA ORGANIZAÇÃO CRIMINOSA”,ORGANIZAÇÃO CRIMINOSA,2,0.9898720383644104,0.010128041729331,
Mandando aquele #ForaBolsonaro básico #GovernoDeFraudes,E por fim: é a oposição que faz esse #GovernoDeFraudes se mexer a favor do povo,1,0.9898734092712402,0.0101265683770179,
"URGENTE: Após pedido de Alexandre de Moraes (STF), o Twitter derrubou a conta de , , ,   e outros, que foram vítimas da censura com base no inquérito ilegal das fake news. #Bolsonaro2022",Desgraça de homi,2,0.9899274706840516,0.0100724501535296,
"Tempos sombrios!!! Quem tanto dizia que o  é ditador, é que nos impõe a ditadura!!!  #STFVergonhaNacional  #STFDitador #STFNaoVaiNosCalar  #AlexandreDeMoraesDitador",EAE PRESIDENTE NÃO VAI FAZER SE PRONUNCIAR EM DEFESA DO BERNARDO KUSTER NÃO ??,0,0.9900010824203492,0.0099989511072635,
"O Twitter suspendeu 16 contas de bolsonaristas. Entre elas, as de Roberto Jefferson, dos blogueiros Allan dos Santos, Bernardo Küster e Sara Winter, dos empresários Luciano Hang, Edgard Corona e Otávio Fakhoury.",Governo da vergonha!,2,0.9900277256965636,0.0099722221493721,
"Fiuza ‘cai’ de live que fazia com Lacombe no YouTube: “censura”  via  Gazeta Brasil apresenta as últimas notícias sobre governo Bolsonaro, Lava Jato, Planalto, Congresso, Judiciário, além de notícias dos bastidores.","“Conseguiram superar até o Rodrigo Maia como inimigos do Brasil”, diz filha de Roberto Jefferson",0,0.9900452494621276,0.0099547775462269,
"Recentemente, por motivo de OPINIÃO E EXPRESSÃO, o Ministro Alexandre de Moraes mandou invadir e revistar, de novo,minha casa, na pequena comunidade onde vivo. Dois camburões na minha porta, o povo se aglomerou perguntando se eu seria preso novamente. Não perdôo a humilhação.","Consegui burlar a censura, Deputado, e acessar as contas silenciadas. É só mudar o país no perfil que a jurisdição mambembe esseteefeana acaba.",1,0.990045964717865,0.0099539961665868,
"DITADURA: Após pedido do Ministro Alexandre de Moraes do STF, o Twitter derrubou as contas , , ,   e outros. Até quando viveremos sob a ditadura do judiciário ?","Troquem o país, coloquem estados Unidos, vamos dar um olé nesse otario",2,0.9902446269989014,0.009755334816873,
"Antigamente as velhas varrendo e lavando as calçadas eram as que propagavam fake news, devíamos prende-las? #STFNaoVaiNosCalar #STFVergonhaNacional #STFcensurador","Alexandre de Moraes é um TIRANO, DÉSPOTA!",0,0.9903117418289183,0.0096882572397589,
"ATÉ QUANDO SEREMOS CENSURADOS DESTA FORMA,POR MINISTROS DO STF? O CRIME QUE NÓS ESTAMOS COMETENDO É: SER CONSERVADOR E APOIAR JAIR BOLSONARO. ESTÃO QUERENDO CALAR OS CRISTÃOS CONSERVADORES. JAMAIS VÃO NOS CALAR! #STFVergonhaNacional","Controle Populacional,  Aborto, Drogas, Pedofilia... Agenda Internacional do STF?? #STFVergonhaNacional #FimPECdaBengalaJA  Impeachment Alexandre de Moraes e Dias Toffolli!!",0,0.990314781665802,0.0096852239221334,
"Bom dia Presidente! Bom dia Patriotas! Menos pro tal Alexandre de Moraes, um dos ditadores do STF.",Estes FDP têm que ser presos. #STFOrganizacaoCriminosa #STFVergonhaNacional #STFEscritorioDoCrime,1,0.9903636574745178,0.0096363183110952,
"Hoje, 24/07, Fakhoury e demais investigados pelo inquérito das “fake news” foram surpreendidos com a suspensão de suas contas em redes sociais. Já existe um Habeas Corpus contra o ato praticado pelo Ministro Alexandre de Moraes sob a relatoria do Ministro Edson Fachin ...",O nome disso é CENSURA PRÉVIA.,2,0.990496039390564,0.0095039336010813,
Os outros ministros do STF não farão nada para acabar com a censura imposta pelo ditador Alexandre de Moraes e puni-lo? Os Senadores não levarão adiante o impeachment?   Estou estudando todos os meios de ação que temos para agir.   A ditadura da toga não prevalecerá.,"Assim fica difícil,  sem o apoio das FFAA.  Os generais ficam em seu conforto e só se manifestam quando é com eles",2,0.9905575513839722,0.0094424244016408,
"Pois eu quero q se foda, mudo a localização mas não deixo de ver tweet de   e  .  Cabeça de piroca não vai ter oq ele quer! #STFVergonhaNacional","Hoje o jurista de twitter está se superando, ao tentar argumentar que aqueles que defendem AI-5, intervenção militar, fechamento de parlamento e de tribunal, estão sendo vítimas de censura! Não sabem o que é liberdade de expressão nem o que é censura! Jesus",0,0.9906345009803772,0.0093654803931713,
Roberto Jefferson diz que 'ora para Deus quebrar as mãos de ministros' do STF,Deixar bandido solto dá nisso.,2,0.9906434416770936,0.0093566244468092,
Continuo dizendoz eita facada mal dada no Bolsonaro #VozParaBernardoKuster,"Depois dos boatos que tem duas margaridas afloradas no STF, Roberto Jefferson e outros apoiadores da direita tem contas do twitter canceladas…",0,0.99072265625,0.009277369827032,
O Twitter acabou de remover todas as contas de cidadãos comuns e jornalistas brasileiros conservadores. É o maior ato de censura já visto na história da humanidade!,Está muito difícil conviver com esses Torquemadas do sec. 21.  #CensuraNao  #STFVergonhaNacional  #STFNaoVaiNosCalar,2,0.9907712936401368,0.0092287342995405,
"Amigos aqui é Roberto Jefferson. Entrei na conta da minha filha para agradecer a todos pelo apoio. Em breve estaremos juntos novamente! Alexandre, não temo sua tirania!",O Brasil prossegue no apoio aos seus desafios que visam exterminar com o fascismo comunista e ia desmandos e crimes cometidos pelos abutres do . Estamos juntos! #STFNaoVaiNosCalar  #STFVergonhaNacional,1,0.9907761216163636,0.0092238876968622,
#CensuraNao  Os censurados pelo Twitter hoje:  Roberto Jeffesson Allan dos Santos Bernardo Kuster Edson Salomão Rodrigo Ribeiro Sara Giromini Edgard Corona Luciano Hang Otavio Fakhoury Marcelo Stachin Reynaldo Bianchi Júnior,O grande dia e os crimes de feke new s mentiras em ganaçao crimes eleitorais .,0,0.9907810091972352,0.0092189647257328,
"Por ordem de Alexandre de Moraes, Twitter cancela contas de Bernardo Pires Küster, diretor do BSM, e outros expoentes do conservadorismo brasileiro",posição do PR sobre a censura,1,0.9908031225204468,0.0091968216001987,
Mensagem de Luciano Hang.,#SoPTVenceOBozo  ‘Caixa Preta do BNDES’: Luciano Hang construiu império com 55 empréstimos junto ao banco estatal - Clique para ver também ☛,0,0.9908342957496644,0.0091656930744647,
ROBERTO JEFFERSON: “OS 11 MINISTROS DO STF FORMARAM UMA ORGANIZAÇÃO CRIMINOSA”,Eu Apoio o Roberto Jefferson.,1,0.990869402885437,0.0091305971145629,
O Brasil em 24 Julho  via  #FreedomOfSpeech #STFVergonhaNacional #STFEscritorioDoCrime,"#STFVergonhaNacional  Quanto mais improbidades,mais palhaçadas, mais  vcs nos  envergonham!!!",0,0.9908787608146667,0.0091212755069136,
Já cancelou sua assinatura na grande mídia hoje?  Felipe Neto: felipeneto Luccas Neto: luccasneto Canal IN: UCIR9VKPE70KJ4DX2zCjHObw CF: euficoloko2 Viih Tube: viihtubeoficial,Ação sigilosa do governo mira professores e policiais antifascistas  #GovernoDeFraudes  via,0,0.9908888339996338,0.0091111874207854,
"Sara Winter, Allan dos Santos, Bernardo Küster e Otávio Fakhoury usaram suas contas no Twitter mesmo após ação da rede social para restringir seus acessos","Sara xinga o ministro Alexandre e não a instituição STF. Muitos até desejam/ameaçam a/de morte do Bolsonaro e fica por isso mesmo. Que ""justiça"" seletiva é essa? Isso é perseguição, censura!",1,0.9909595251083374,0.0090405102819204,
"URGENTE: justiça derruba contas de bolsonaristas no Twitter.   Total: 16 contas, por ordem do ministro Alexandre de Moraes.   Repassem!","Por isso precisamos nos unir, STF quer nos calar com vetos ou com exclusões, juntos quando citamos 210 milhões de brasileiros, o Brasil gira em torno de tds nós! Expressar indignação não é propagar ódio; apenas estamos na luta para que possamos ter nossos direitos como cidadão!",2,0.9911166429519652,0.0088833970949053,
Vamos espalhar este vídeo em que explico bem direitinho o que está ocorrendo.  #VozParaBernardoKuster,Bernardo estamos juntos  Agora é só todo mundo mudar a configuração e que se dane a censura do STF.,1,0.9911221265792848,0.0088778985664248,
"Todo apoio ao Bernardo Kuster! Atenção, galera! Poderia estar acontecendo com qualquer um de nós, mas ele foi escolhido como exemplo pros capa preta assustarem o resto das pessoas que ousarem mostrar a verdade. #VozParaBernardoKuster","Não nos calarão! Flertam com o fascismo mas ""empurram p outro""  #VozParaBernardoKuster",1,0.9911909699440002,0.0088090179488062,
Censura nunca #VozParaBernardoKuster,Só um cego não enxerga oque está acontecendo.#STFVergonhaNacional,0,0.9912488460540771,0.0087511986494064,
O tiranete Alexandre de Moraes passou de todos os limites. Ele agora decide sozinho qual informação pode circular no país? Ele decide quem fala e quem cala a boca? Ou os democratas reagem agora a este ato de censura s/ precedentes ou não podem mais falar em liberdade de expressão,#STFVergonhaNacional  Enquanto isso os milico bunda mole jogam pingue pongue no clube militar do rio.,1,0.9913591146469116,0.0086408890783786,
"O Ministro do STF, Alexandre Moraes, com a decisão de tirar da rede social várias pessoas, demonstra um ímpeto ditatorial incompatível com o cargo que ocupa. Eu já entrei com dois pedidos de impeachment contra ele,  na Presidência do Senado Federal. A divina decadência do STF...",Exatamente ! Parabéns deputado Bibo Nunes !!!,2,0.991397261619568,0.0086027234792709,
Achou que bloqueando 17 calaria milhões seu deu mal  Alexandre de Moraes seu imoral,"Só uma curiosidade: vimos hoje um ato absurdamente inconstitucional por parte do ministro Alexandre de Moraes, do STF. E aonde estão os protestos da OAB, do Congresso Nacional, do ministro da justiça, do ministro da defesa, da ABI, dos direitos humanos. Estranho esse silêncio.",0,0.9914023280143738,0.0085976459085941,
Ditadura do STF.   A realidade é essa.   Acordem.,Foda. #FreedomOfSpeech #STFVergonhaNacional,2,0.9914398193359376,0.008560188114643,
Quando Alexandre de Moraes irá censurar os perfis que chamam Bolsonaro de genocida? Quando Alexandre de Moraes irá censurar os perfis que desejam a morte do presidente? O inquérito das Fake News é a forma que o STF encontrou para tentar derrotar Bolsonaro em 2022.,boa pergunta??!,2,0.991459846496582,0.0085401758551597,
O que vcs acham do STF ?,#STFVergonhaNacional  11 LIXOS,1,0.9914875030517578,0.0085125192999839,
"Enquanto ficarmos chamando-os de deuses, esses togados do STF q mais parecem gases de intestino, vão se sentir e agir como tais!.. Esses atos de censura por parte da suprema corte, ou melhor, da suprema ditadura, só aumentarão a popularidade do presidente!...",#VozParaBernardoKuster e todas as pessoas de bem caladas pelos demônios de toga,0,0.9915239810943604,0.0084760254248976,
Esperar o q?  #STFVergonhaNacional   Supremo Tribunal Político,isso explica muita coisa da atualidade,2,0.9915444850921632,0.0084554962813854,
P E R S E G U I Ç Ã O    O      L        Í         T           I            C              A  C E N S U R A! D I T A D U R A! #STFVergonhaNacional,O Brasil comemora! Messias está curado da praga Chinesa e agora a porca vai torcer o rabo    #CensuraJamais #Censura #CensuraNao #DitaduraNuncaMais  #Bolsonaro2022  #FechadoComBolsonaro #FechadoComBolsonaroAte2026,0,0.9915993213653564,0.008400622755289,
Os censurados pelo Twitter hoje:  Roberto Jeffesson Allan dos Santos Bernardo Kuster Edson Salomão Rodrigo Ribeiro Sara Giromini Edgard Corona Luciano Hang Otavio Fakhoury Marcelo Stachin Reynaldo Bianchi Júnior,Muito absurdo #STFVergonhaNacional,1,0.9916222095489502,0.0083778472617268,
"Bolsonaro foi contra a CPI da lava-toga pra livrar seu filho bandido. Por conta disso, o STF faz o que quiser no Brasil, isso precisa mudar. #STFVergonhaNacional",live do ira+dinho ouro preto grande dia,0,0.9916736483573914,0.0083264065906405,
O STF precisa conter a escalada de Alexandre de Moraes contra a liberdade de expressão.,ROBERTO JEFFERSON VAI SE TORNANDO UMA LENDA BRASILEIRA,1,0.991743266582489,0.0082567315548658,
"#VozParaBernardoKuster Hoje é dia de mandar o STFLIXO ir para o quinto dos... O resto vcs sabem!!   #STFVergonhaNacional  Não podemos esquecer das Newlefts que se calam, essas vão tudo se f..",#VozParaBernardoKuster Tmj Bernardo... Surpremo é o povo...,0,0.9917460083961488,0.0082540735602378,
"ROBERTO JEFFERSON, o corrupto de estimação do bolsonarismo.",O STF precisa conter a escalada de Alexandre de Moraes contra a liberdade de expressão  DUAS PEÇAS PODRES #AlexandreDeMoraesDitador e #AntagonistaPetista,0,0.9917685985565186,0.0082314098253846,
"Exclusivo: Luciano Hang obteve 55 empréstimos do BNDES para transformar Lojas Havan em império. De 1993 a 2014, o empresário hj investigado no Inquérito das Fake News conseguiu R$ 72 milhões junto ao banco estatal, revelam  e :","Ou seja, mais um dos centenas q enriqueceram com a ajuda dos governos do PT e q cuspiram no prato em q comeram! #ForaBolsonaroGenocida  #veiodahavan",2,0.9918115139007568,0.0081884358078241,
"Alexandre determina e Twitter bloqueia perfis do presidente do PTB, Roberto Jefferson, dos empresários Luciano Hang, Edgard Corona, Otávio Fakhoury, Bernardo Küster, além do jornalista Allan dos Santos e do assessor do deputado estadual de São Paulo Edson Salomão.",Esse STF é uma vergonha  #STFVergonhaNacional,2,0.9918268918991088,0.0081731704995036,
SEXTA-FEIRA DA VERGONHA Alexandre de Moraes manda censurar perfis do jornalista Bernardo Küster (diretor do BSM) e vários outros conservadores. É a mais vasta operação de censura já vista na internet brasileira. #VozParaBernardoKuster,"grande dia, contas dos criminosos retidas. cadeião pro gabinete do ódio.",1,0.9918580651283264,0.0081419423222541,
Nota à nação brasileira | PTB não permitirá que censura da toga e opressão calem,#FreedomOfSpeech CENSURAnão!,2,0.991885542869568,0.0081145204603672,
Alexandre de Moraes ameaçou aplicar multa diária contra Facebook e Twitter,"STF ditador, autoritário",2,0.99189293384552,0.008107136003673,
"URGENTE - STF ORDENA CENSURA  Facebook: “O Facebook respeita o judiciário e cumpre ordens legais válidas.” Twitter: “O Twitter agiu estritamente em cumprimento a uma ordem legal proveniente de inquérito do STF."" ALEXANDRE DE MORAES VIROU CENSOR DA DITADURA DO JUDICIÁRIO?",Não adianta interrogações. Alguém precisa fazer alguma coisa,2,0.9919066429138184,0.0080934166908264,
Várias contas de Bolsonaristas foram derrubadas após decisão de Alexandre de Moraes. Cadê a nossa liberdade de expressão????,Pelo jeito na gaveta do  ! #STFVergonhaNacional,1,0.9919922947883606,0.0080077275633811,
"Eu votei no senhor para ser contra todo sistema corrupto que temos hoje no STF,Câmara e senado tenha coragem de enfrentar estes bandidos do STF vai pra cima deles!!!#STFVergonhaNacional  #SenadoFederalVergonhaNacional","“O que está em jogo não é a vitória de um ou outro partido. Mas, em cada cidade, a vitória da democracia contra o autoritarismo”, destaca o documento   #Resistencia841Dias GRANDE DIA AI-5 #GovernoDeFraudes Siga nosso Instagram",0,0.9920033812522888,0.0079965991899371,
"Alexandre, o Supremo, de Moraes perdeu qualquer vergonha de assumir o papel de censurador da nação. Sua decisão de hoje é típica dos piores regimes ditatoriais. Ao assistir a tudo isso passivamente, o Senado torna-se cúmplice desse absurdo.",A ditadura vem da esquerda #cnnBrasil #oglobo #estadao #bandtv #j10 #diariodonordeste #bandnewsfm #Jovempannews #rbandeirantes #stf_oficial  #BolsonaroTemRazao #ZEROHORA #RBSTV #foradoria   #STFVergonhaNacional STF CENSURA LIBERDADE DE IDEIAS  INCONSTITUCIONALIDADE = DITADURA,2,0.9920086860656738,0.0079913241788744,
"O Twitter suspendeu 16 contas de bolsonaristas. Entre elas, as de Roberto Jefferson, dos blogueiros Allan dos Santos, Bernardo Küster e Sara Winter, dos empresários Luciano Hang, Edgard Corona e Otávio Fakhoury.",Não suporto nenhum desses nomes listados.   Mas discordo do q o twitter fez a mando do STF. Isso é censura.,1,0.9920148849487304,0.0079851085320115,
Moraes atende deputada do PCdoB e envia a PGR notícia-crime contra Bolsonaro e filhos,"Eu só quero ver, onde isso vai parar Presidente , ,  e . Essa peste chamado Alexandre de Moraes, nos irrita e preocupa, chega a dar insônia!!!",2,0.9920807480812072,0.0079192863777279,
Alexandre de Moraes ameaçou aplicar multa diária contra Facebook e Twitter,No STF o crime e a censura não tem limites...,2,0.992086946964264,0.0079130921512842,
O STF precisa conter a escalada de Alexandre de Moraes contra a liberdade de expressão.,Tenho que retirarALERTA,2,0.9921205043792723,0.0078794527798891,
"Todas as barbáries que supostamente seriam cometidas pelo Bolsonaro ao tomar posse estão sendo levadas a cabo pelo STF. Censura, perseguição e prisões ilegais. #DitaduraDoSTF #DitaduraDaToga #DitaduraDoJudiciario #STFVergonhaNacional","Estive pensando... Covid 19 quem trouxe foram os ricos que viajam para o exterior? Sim! Mas, veja bem... O pobre já enfrenta outras doenças, que a mídia nem noticia diariamente. Grande parte das favelas do Rio de Janeiro e São Paulo, não têm, sequer, saneamento básico.",0,0.992262363433838,0.0077375839464366,
Roberto Jefferson tem que tomar cuidado com os números que cita.   #boletimdanoite,Impeachment da Carmem Lucia . STFVergonhaNacional,0,0.9922898411750792,0.0077101900242269,
Roberto Jefferson fala sobre censura imposta pelo STF  via  #MaesContraFelipeNeto #FreedomOfSpeech,"Li atentamento o chamado “inquérito das fake news”, e cheguei à seguinte conclusão: o ministro Alexandre de Moraes não tem nada naquela cabeça: nem cabelos por fora, nem miolos por dentro.",0,0.9923235177993774,0.0076764151453971,
Deputado cobra ministro sobre processo de Luciano Hang no Iphan,"Conforme noticiado pelo , queremos apurar a relação do Luciano Hang com o Iphan. Na reunião ministerial de 22/04, Bolsonaro escancarou os interesses do empresário no órgão. Lembrando q o Iphan sempre é alvo da ira de mtos poderosos - vide caso Geddel/Ld. da Barra.",2,0.992354154586792,0.0076457904651761,
#URGENTE - Contas bolsonaristas no Twitter são retiradas do ar após decisão de Moraes  #G1,O Brasil vive uma época de censura e vejo pocul se falando sobre,2,0.992476999759674,0.0075230174697935,
"Esse homem enganou 81 senadores ao ser ""sabatinado"". Mentiu para a nação brasileira, para ter cargo vitalício no STF. Seu nome, Alexandre de Moraes.",Discurso que não  condiz com as ações.,2,0.9925897121429444,0.0074102776125073,
"ROBERTO JEFFERSON: ""OS 11 MINISTROS DO STF FORMARAM UMA ORGANIZAÇÃO CRIMINOSA""  via",E #STFNaoVaiNosCalar Vai Brasil,2,0.9925919771194458,0.0074080936610698,
Entrevista de Roberto Jefferson após ter suas redes sociais suspensas pelo STF.  A CNN retirou este vídeo do YouTube,"A mídia tradicional defende a censura aos cidadãos de bem, mas parece que ficaram com medo do feitiço e tiraram o vídeo do ar.",2,0.9927281141281128,0.0072718905285,
Depois desse #GovernoDeFraudes ficou tudo pior! Tá amarrado.,"Meu repúdio aos ataques ao STF feitos por Luciano Hang, Roberto Jefferson, Sara Tornozeleira Giacomini e Alan dos Santos bolsonaristas      PARABÉNS   FAMILÍCIA, peguem Paulo Tchutchuca e go to Chile e fiquem lá",0,0.9927343130111694,0.0072656972333788,
"Após decisão do ministro do STF Alexandre de Morais, que ordenou a retirada de perfis sociais de diversos Bolsonaristas, Sara Giromini escreveu: É ditadura!!! Meu Twitter, Youtube e Facebook foram apreendidos pelo STF. Não foi ela mesma que defendeu o AI-5 e fechamento do STF?..","Globo passando ""Uma Linda Mulher"".  Grande dia !",0,0.9927743673324584,0.0072256731800735,
Deputado Otoni de Paula diz o que pode parar Alexandre de Moraes.  via,Twitter suspende contas de bolsonaristas por determinação de Alexandre de Moraes  #STFVergonhaNacional ⁦ conspurcando a toga.,0,0.992798924446106,0.007201035041362,
"O  que são muito bem pagos para serem os guardiões da Constituição, são aqueles, que a violam diariamente... #STFVergonhaNacional","Várias contas foram retidas do Twitter sob a justificativa de ""demanda legal"". , ,  e outros, todos defensores do governo e críticos do STF. Do que se trata? Não foram notificados de nada ainda. É o tal inquérito ilegal? Isso é censura!",0,0.9928517937660216,0.0071481401100754,
"Twitter bloqueia contas atendendo decisão de 26 de maio  do ministro  de Moraes, no inquérito das Fake News: ""O Twitter agiu estritamente em cumprimento a uma ordem legal proveniente de inquérito do Supremo Tribunal Federal (STF)""","A desculpa do jornaleco para divulgar o CPF dessas pessoas é que o processo é público.  Que eu saiba o processo corre em segredo de justiça, porém, se fosse uma mídia responsável não cometeria tal ato. Ato esse que demonstra total falta de profissionalismo e decência.",2,0.9928790926933287,0.0071209706366062,
"Sejamos práticos, ficar aqui chorando e reclamando, nada, NA DA vai adiantar, é URGENTE que se faça uma enorme manifestação diante do Congresso, como alvo o Alcolumbre, pressão pacífica pelo IMPEACHMENT de Alexandre de Moraes.",Exatamente! #ForaAlcolumbre  #STFVergonhaNacional  #CensuraNao,1,0.9930279850959778,0.0069719813764095,
"Por falar em  , gostaria q contassem o q fizeram pra se safar da censura/multas impostas pelo cabeça d piroca e voltar a fofocar mais q candinhas? Senador alerta para 'escalada autoritária do STF' - RENOVA Mídia  via",E eu q achava q esse alexandre de moraes ia dar em nada...,0,0.993059515953064,0.0069405478425323,
"Alexandre de Moraes é um TIRANO, DÉSPOTA!  #VozParaBernardoKuster",#VozParaBernardoKuster censura não!!!,1,0.9930739402770996,0.0069260126911103,
"Twitter bloqueia perfis  bolsonaristas    O Twitter bloqueou uma série de perfis bolsonaristas. Entre eles: do empresário Luciano Hang, da militante Sara Winter, do empresário Edgard Corona, do blogueiro Allan dos Santos e do ex-deputado Roberto Jefferson,.","É uma vergonha internacional o que estamos passando aqui no BRASIL, com essa censura imposta pelo Funcionário do STF, VULGO MINISTRO XANDINHO...",0,0.9932006001472472,0.0067993570119142,
Não subestime animais caçados!  Nem patriotas!  #VozParaBernardoKuster,Soberano é o povo! #VozParaBernardoKuster,1,0.9932435154914856,0.0067564356140792,
"Roberto Jefferson diz que ora ""para Deus quebrar as mãos de ministros"" do STF",Deus e Roberto Jefferson são auto-excludentes!,1,0.993280589580536,0.0067193880677223,
"Graças ao Supremo, censura é palavra da vez nas redes sociais","O modo de escolha para ministro do supremo tem que ser mudada. Hoje qualquer Zé Ruela pode ser ministro, basta ser cupincha do mecanismo corrupto. #STFVergonhaNacional #STFOrganizacaoCriminosa #STFNaoVaiNosCalar #",1,0.993319034576416,0.0066809225827455,
O STF precisa conter a escalada de Alexandre de Moraes contra a liberdade de expressão,"Quem precisa de mais ação é o  , do qual o senhor faz parte  !!! Menos blablablá e Mais Trabalho!!! #STFVergonhaNacional #STFNaoVaiNosCalar #STFEscritorioDoCrime #SenadoFederalTrabalhem #OABLixo #OABVergonhaNacional",1,0.9933456182479858,0.0066544003784656,
Meu Deus! #VozParaBernardoKuster,EXPL0DlU! MORO PRES0 IMEDIATAMENTE! BOLSONARO VIRA O JOGO E JUSTIÇA DE...  via  #JairCadaVezMaisForte #FechadoComBolsonaro #B38 #ForaMaia #NaoVoteNoDem #STFVergonhaNacional #FORAMORAES #PrisaoDoAlexandreDeMoraes #CensuraDoSTF #MoraesNaoVaiMeCalar,0,0.9935500025749208,0.0064500304870307,
"Hoje são   Allan dos Santos Bernardo Kuster Edson Salomão Luciano Hang Roberto Jefferson Otávio Fakhoury Sara Winter   Amanhã pode ser vc.  Vc, conservador. Vc, que apoia Bolsonaro.   E vc tbm, idiota de esquerda que tá comemorando essa censura covarde.  #VozParaBernardoKuster",#VozParaBernardoKuster acorda Brasil,2,0.99361389875412,0.0063860844820737,
"Hoje são   Allan dos Santos Bernardo Kuster Edson Salomão Luciano Hang Roberto Jefferson Otávio Fakhoury Sara Winter   Amanhã pode ser vc.  Vc, conservador. Vc, que apoia Bolsonaro.   E vc tbm, idiota de esquerda que tá comemorando essa censura covarde.  #VozParaBernardoKuster",Absurdo! Quanta inversão de valores! #VozParaBernardoKuster #vozparaallan #vozparasarawinter,1,0.9936683773994446,0.0063316635787487,
"Gente... não posso ajudar com a tag #STFVergonhaNacional senão a PF vem atrás de mim, desculpem.",É um risco postar #STFVergonhaNacional,1,0.9936901330947876,0.0063098967075347,
Twitter suspende perfis pró-Bolsonaro por determinação de Alexandre de Moraes,#STFVergonhaNacional Lixo comunista !,2,0.9938337802886964,0.006166186183691,
"Painel: Perfis de bolsonaristas nas redes sociais são suspensos por determinação de Alexandre de Moraes  // Massa de pão: quanto mais baterem, mais crescerá.",Que Vergonha!!!! #STFVergonhaNacional,1,0.9938437938690186,0.0061561977490782,
"A censura ao Bernardo Küster é abjeta e inaceitável. Quando os tribunais começam a violar os direitos individuais mais básicos, é hora de a sociedade se unir e reagir. Os tiranos jamais podem se sentir confortáveis. #VozParaBernardoKuster",Novamente! #VozParaBernardoKuster,1,0.9938724040985109,0.0061276261694729,
Juristas do MP Pró-Sociedade relataram abertura um processo de impeachment de ministros do STF junto à Presidência do Senado. Associação também vai impetrar habeas corpus e realizar representações junto a organismos internacionais.,Glórias a Deus!.  Jurista do MP Prós Sociedade abrem processo de impeachment de MinistroS do STF.   Oremos para que o batoré acate esses pedidos.,2,0.9938881993293762,0.0061118751764297,
"A censura de hoje só mostra uma coisa: o autoritarismo é tudo o que restou a esses incapazes que hoje ocupam o STF. A sua sorte é vivermos numa falsa democracia, em que as instituições de Estado foram feitas apenas para salvaguardar os poderosos.",Bravo!!!! #STFNaoVaiNosCalar  #STFVergonhaNacional,2,0.9940767288208008,0.0059232162311673,
Já somos exilados no twitter. Falta pouco para a suprema ditadura nos exilar de fato! #VozParaBernardoKuster,A ditadura do judiciário está agindo a todo vapor  #VozParaBernardoKuster,1,0.9941484928131104,0.0058514745905995,
"#STFVergonhaNacional Aprovação de Bolsonaro sobe, dólar cai, Bolsa acima de 100 mil pontos, Agronegócio bate recorde, 19 meses sem 1 único caso de corrupção no governo, obras entregues ao povo... E a oposição, facção do STF, imprensa corrupta... à beira de um ataque de nervos",Eu recomendo que ouçam por inteiro: Roberto Jefferson - discurso de defesa na câmara - Completo  via,0,0.9942759871482848,0.0057240664027631,
Lula chama Bolsonaro de 'charlatão' por incentivo à cloroquina e diz que PT vai 'voltar forte' em 2022. | por,"PT esta em estado terminal, doente sem cura, e credibilidade no pé..... #STFVergonhaNacional",2,0.994400441646576,0.0055995308794081,
"As mentiras de LUCIANO AYAN serviram de base para  - CPMI DA CENSURA - PL das Fake News - Inquérito do AI-5 do STF - A narrativa de “gabinete do ódio” - Censura na Internet  AYAN, preso em operação que investiga fraudes de 400 MILHÕES.  Pois é   #VozParaBernardoKuster","Roberto Jefferson condenado pelo Mensalão virou grande patriota e aliado do Bolsonaro, pois é #VozParaBernardoKuster",1,0.9945114850997924,0.0054885270074009,
Atenção amigos !!!!! Estão suspendendo o Bernardo de várias plataformas. Me ajudem todos a levantar a TAG #VozParaBernardoKuster,Reforçando #VozParaBernardoKuster,1,0.9945352077484132,0.0054647633805871,
ATENÇÃO  Recebi informações que a Polícia Federal está neste momento na casa do Roberto Jeferson. Estou Aguardando confirmação!  #VozParaBernardoKuster #VozParaAllan #VozParaFaka,"Deus está conosco, a luta é árdua sabemos, desistir jamais! #VozParaBernardoKuster #VozParaRobertoJefferson #VozPraAllandosSantos",1,0.9946712851524352,0.0053287036716938,
"Mude a localização para acessar meus tweets: 1. Vá em Conta e Privacidade, 2. Clique em Conta, 3. Depois em Dados e Permissões, 4. E mude sua localização para os EUA. Aí você acompanha meus Tweets normalmente. Tente censurar o Tio Sam agora, Cabeça de Ovo! #VozParaBernardoKuster",Perfeito.  #STFNaoVaiNosCalar  #VozParaBernardoKuster,1,0.9946776628494264,0.0053223487921059,
ATENÇÃO  Recebi informações que a Polícia Federal está neste momento na casa do Roberto Jeferson. Estou Aguardando confirmação!  #VozParaBernardoKuster #VozParaAllan #VozParaFaka,"#VozParaBernardoKuster ainda bem que Roberto Jefferson tem bom advogados é ele tbm é advogado,  e quem não tem tem advogado?",1,0.9948198199272156,0.0051801721565425,
Não irão nos calar! O gabinete é de amizade e de risadas. Não ficamos sem essas vozes. Bernardo kuster  e Allan dos Santos . Além dos demais que hoje tiveram suas contas restritas pela justiça brasileira. #VozParaBernardoKuster,O GRANDE DITADOR CABEÇA DE OVO #STFNaoVaiNosCalar #VozParaBernardoKuster,1,0.9948614239692688,0.0051385089755058,
"URGENTE:  e  CENSURADAS ILEGALMENTE pelo STF em parceria com mídias vermelhas! Não aceitaremos! Eles não foram notificados, muito menos tem acesso a qualquer justificativa do Twitter e do Facebook! #VozParaBernardoKuster #VozParaBobJeff",Bora pro Parler #VozParaBernardoKuster,1,0.9948989748954772,0.005101088900119,
"Por gentileza, sigam o Sr Edson Salomão, um dos censurados ontem pelo ditador togado Alexandre de Moraes, por este outro perfil:",Seguindo #STFVergonhaNacional,2,0.9949066042900084,0.0050933915190398,
#FreedomOfSpeech  #STFVergonhaNacional  #DitaduraDoSTF   LIBERDADE!!!!!,#FreedomOfSpeech  ALEXANDRE DE MORAES DESGRAÇADO FILHO DAS TREVAS!  #VozParaBernardoKuster,0,0.9950320720672609,0.0049678799696266,
"Enquanto esquerdista relincha freneticamente a favor da censura impostas à contas bolsonaristas, as pesquisas indicam que Bolsonaro será reeleito.  Vamos ver quem ri por último suas hienas acéfalas. #STFNaoVaiNosCalar",Isso mesmo!  #STFNaoVaiNosCalar,2,0.9950554370880128,0.0049445144832134,
Testando. Baseei minha conta nos EUA. Alguém consegue ver ? #VozParaBernardoKuster,Já fiz. #VozParaBernardoKuster  #STFNaoVaiNosCalar,1,0.9951993823051452,0.0048006451688706,
Mude a configuração da sua conta p outro País q funcione de fato a Democracia. Os Patriotas Censurados estão ativos lá. #VozParaBernardoKuster,"#VozParaBernardoKuster #STFcensurador Temos um país p/ ser reconstruído, elegemos Bolsonaro com este objetivo. “Brasil acima de tudo, Deus acima de todos.”#Bolsonaro2022",1,0.9952813982963562,0.0047185751609504,
#FreedomOfSpeech  Roberto Jefferson fala sobre censura imposta pelo STF  via,Censura no Brasil encabeçada pelo STF #FreedomOfSpeech,0,0.995369017124176,0.0046309023164212,
"Sabe qual a alegação de Alexandre de Moraes para censurar os perfis? Segundo a decisão é para “interromper discursos criminosos de ódio”. Já temos o nosso tribunal soviete, ou chinês mesmo. #STFNaoVaiNosCalar",#STFNaoVaiNosCalar nunca.,2,0.9953693747520448,0.0046305577270686,
SEXTA-FEIRA DA VERGONHA Alexandre de Moraes manda censurar perfis do jornalista Bernardo Küster (diretor do BSM) e vários outros conservadores. É a mais vasta operação de censura já vista na internet brasileira. #VozParaBernardoKuster,CENSURA NÃO! #VozParaBernardoKuster,1,0.9954586029052734,0.0045414119958877,
"Twitter e Facebook derrubam contas de bolsonaristas após ordem do STF  Lista inclui Roberto Jefferson, empresários Luciano Hang e Edgard Corona, blogueiro Allan dos Santos e extremista Sara Giromini. Investigação apura disseminação de mentiras e ameaças.",Boas notícias depois desse Tornado de censura vindo do STF.,0,0.9954765439033508,0.0045234495773911,
SEXTA-FEIRA DA VERGONHA Alexandre de Moraes manda censurar perfis do jornalista Bernardo Küster (diretor do BSM) e vários outros conservadores. É a mais vasta operação de censura já vista na internet brasileira. #VozParaBernardoKuster,Mais um absurdo. Uma vergonha! #CensuraNao  #VozParaBernardoKuster,1,0.99565589427948,0.0043440852314233,
Fica a dica! #Bolsonaro2022   Vá nas suas configurações de conta e altere a sua localização. Coloque um país livre como ISRAEL ou EUA.    #VozParaBernardoKuster,BRASIL ACIMA DE TUDO    #VozParaBernardoKuster,1,0.9957318902015686,0.0042681312188506,
"Sabe qual a alegação de Alexandre de Moraes para censurar os perfis? Segundo a decisão é para “interromper discursos criminosos de ódio”. Já temos o nosso tribunal soviete, ou chinês mesmo. #STFNaoVaiNosCalar",#STFNaoVaiNosCalar Liberdade! Censura NÃO     #ImpeachmentAlexandreDeMoraes,2,0.9958613514900208,0.0041387295350432,
"#VozParaBernardoKuster Voz para Allan dos Santos Voz para Edson Salomão Voz para Roberto Jefferson Voz para Otávio Fakhoury Voz para Sara Winter  Ditadura da toga, liderado por Alexandre de Moraes  Alguém mais foi censurado pelo inquérito embasado nas mentiras de AYAN?",#VozParaBernardoKuster ditadura da Toga #STFVergonhaNacional #STFNaoVaiNosCalar,0,0.9959704875946044,0.0040295026265084,
