tweet_1,tweet_2,Class,P(NoConflict),P(Conflict),Conflict
Vocês também estão sentindo que o clima aqui no Twitter deu uma melhorada?,A Sra curte uma censura?,1,0.0330650247633457,0.9669350385665894,1
Vocês também estão sentindo que o clima aqui no Twitter deu uma melhorada?,"Um dia pode ser a sua conta bloqueada, quero ver se vai gostar, não comemore a falta de liberdade e censura, a não  ser que seja seu plano.",1,0.0339158959686756,0.966084122657776,1
Vocês também estão sentindo que o clima aqui no Twitter deu uma melhorada?,"Pra tu que ama uma ditadura,é um grande dia...",1,0.0384078584611415,0.9615921974182128,1
Vocês também estão sentindo que o clima aqui no Twitter deu uma melhorada?,"Saudade de uma censura, não é minha filha?",1,0.0395922660827636,0.9604076743125916,1
Vocês também estão sentindo que o clima aqui no Twitter deu uma melhorada?,"Todo bom comunista comemora censura, depois sai na rua gritando por liberdade, coerência zero.",1,0.0439536422491073,0.9560463428497314,1
Vocês também estão sentindo que o clima aqui no Twitter deu uma melhorada?,Incrível como comunista gosta de uma censura,1,0.0449573546648025,0.9550427198410034,1
Vocês também estão sentindo que o clima aqui no Twitter deu uma melhorada?,"Comemorando censura, é muito tosca msm",1,0.0478489771485328,0.95215106010437,1
"Po, tem um monte de página no twt que propaga a antivacina. Cade o governo pra isso, se vocês são a favor do estado controlar a poha toda ok, mas continua sendo censura","Repito:  Não é censura qndo vc já foi avisado, explicado e esclarecido do pq vc deve parar.",1,0.0486232712864875,0.9513766765594482,1
Vocês também estão sentindo que o clima aqui no Twitter deu uma melhorada?,Gente de esquerda PTRALHAS batendo palmas para censura piada pronta,1,0.0489650331437587,0.9510350227355956,1
Vocês também estão sentindo que o clima aqui no Twitter deu uma melhorada?,"Só CÚmunistinha caviar e acéfala comemora tamanha arbitrariedade! Hj censura um lado, amanhã o seu lado... mas otaria não percebe! Não possui o mínimo de discernimento para compreender a atual situação! Aproveitando, como estão as missas online, tá curtindo?",1,0.0520396009087562,0.9479604363441468,1
"Caralho, mas o 2 é o melhor é como se tivesse sem censura, porquê dá pra ver o pau facilmente","mano, você quer ver o pau dos cara?? eu n gosto dessa censura pq as vezes, cobra a bct toda",1,0.0664945617318153,0.9335054755210876,0
"Hoje são   Allan dos Santos Bernardo Kuster Edson Salomão Luciano Hang Roberto Jefferson Otávio Fakhoury Sara Winter   Amanhã pode ser vc.  Vc, conservador. Vc, que apoia Bolsonaro.   E vc tbm, idiota de esquerda que tá comemorando essa censura covarde.  #VozParaBernardoKuster","""censura covarde"",ok, então isso quer dizer que qualquer ralé por aí pode sair falando inverdades baseado em nada e ainda mais gerando ódio e mais ódio podem ficar impunes? Ah tá",1,0.0711979642510414,0.9288020133972168,1
"Caio, sério que vc está comemorando censura? Dizendo que o ""ambiente melhorou""? Parece os saudosistas do Reg. Militar dizendo q ""naquele tempo não tinha mendigo na rua""...",Que censura?,1,0.0726047158241272,0.927395224571228,1
"Já é hora, já passou da hora de acabar com esse inquérito inconstitucional, com ares de censura, que não soma nada -- só enxovalha mais o combalido Judiciário brasileiro.","“Ares de censura” , vc está muito condescendente hj ... estamos no caminho da Venezuela e o Congresso parece apoiar .",1,0.0741615667939186,0.9258384108543396,0
Vocês também estão sentindo que o clima aqui no Twitter deu uma melhorada?,Bolsonaro22  Sem censura,1,0.0745904967188835,0.9254095554351808,0
Os idiotas que comemoram a censura nem imaginam que mais cedo ou mais tarde será com eles,Combater mentiras não é censura.,1,0.0818905234336853,0.91810941696167,1
A turma que tem medo do Presidente BOLSONARO assiona o Ai-5. Hoje comemorar a censura do STF.    Hipócritas é pouco pra esses porcos.  A esquerda brasileira é uma merda.  #FreedomOfSpeech,"então  , não foi censura ?",0,0.0851334109902381,0.9148666262626648,0
"Você pode odiar o Bolsonaro, mas se vc não for contra a censura do STF, em breve, vc mesmo pode ser vítima dela. Isso atinge o Brasil.  ""Posso não concordar com nenhuma das palavras que você disser, mas defenderei até a morte o direito de você dizê-las.""  Evelyn Beatrice Hall",Vc ta pedindo demais   Essas pessoas não estão ligando p censura p liberdade não isso só funciona p lado deles  Se for do outro pode fazer o q for,1,0.0882693380117416,0.911730706691742,0
"Quem apoia e dá ouvidos a corruptos que assaltaram cofres públicos, como Roberto Jefferson, não deveriam usar a bandeira brasileira no perfil. Pois você é tudo, amigo, menos patriota.","1. Vc é putinha vingativa de MBL e eu não precisei falar nada da vergonha e da culpa q vc carrega compartilhando conteúdo dessa gente até agora. Pq n preciso ser tão baixo pra acusar ngm de ser ""apoiador "" de corrupto.",2,0.0902229323983192,0.9097771048545836,1
"Grande dia? Eu não gosto da Sara mas isso é censura, pura e simples.","Grande dia? Até que o lixo da extrema esquerda vá para o mesmo bueiro aí talvez ele reclame tbm Mal do brasileiro é torcer para q aconteça com o outro oq não quer que aconteça com si próprio Bolsopetistas é isso mesmo Os dois são a favor da censura,desde q não sejam os censurados",1,0.0962079763412475,0.9037920236587524,0
"Impedir os ativistas de direita de se manifestarem pelas mídias sociais é censura prévia. Uma coisa é investigar e eventualmente punir por aquilo que publicaram; outra, inteiramente diferente, é impedir que falem.",Se eles quebram regras da plataforma. Não é censura. Combater discussão de ódio não é censura.,1,0.1001449152827262,0.8998551368713379,1
"Se vocês não perceberam ainda, quem pede para vocês não criticarem, ficarem quietos sobre a PL da Censura e com os excessos do careca porque ""vai dar tudo certo"" tá querendo ferrar todos vocês.  Vocês já estão se acostumando com a censura e nem estão percebendo.","O mais engraçado de tudo, incrivelmente, eles não fazem parte do inquérito, não sofreram buscas e nem censura. Só coincidência, tá!?",1,0.106448970735073,0.8935510516166687,0
"Hoje são   Allan dos Santos Bernardo Kuster Edson Salomão Luciano Hang Roberto Jefferson Otávio Fakhoury Sara Winter   Amanhã pode ser vc.  Vc, conservador. Vc, que apoia Bolsonaro.   E vc tbm, idiota de esquerda que tá comemorando essa censura covarde.  #VozParaBernardoKuster","O esquerdista comemorando a censura, cedo ou tarde vai cair em uma versão da citação de Niemöller:  ""Quando a censura veio calar os conservadores, eu fiquei em silêncio. Eu não era conservador.............  O final, hmmmm, é maravilho para todos!",1,0.1147030740976333,0.8852969408035278,0
"Quem comemora a censura hoje, será alvo da censura amanhã. É a lógica de qualquer ditadura.",Se precisa calar é pq a esquerda precisa apelar para tentar ganhar o jogo na sociedade! Revoltante a censura e a falta de respeito com a opinião da direita!,1,0.1193266287446022,0.8806734085083008,0
"Os senadores de Minas    Calados em relação a gravíssima e inaceitável censura imposta a cidadãos livres. O ataque as liberdades individuais, liberdade de expressão tem a cumplicidade do pior senado da história com um verme  ditador","GRANDE DIA   O quê a bolsolândia chama de censura,eu chamo de PAAAAZZZ de não ter o desprazer de ver as fakenews dessa quadrilha sendo compartilhadas a torto e a direita. Derruba tudo STF!!",0,0.123125746846199,0.8768742680549622,1
Sobre contas de conservadores sendo banidas: a liberdade de expressão é direito fundamental garantido em nossa Constituição e deve ser válida para todos.,Na hora de promover Lava-Toga vcs abafaram geral né?  Fica difícil combater censura dessa forma.,1,0.1286752969026565,0.8713247179985046,1
"A Partir do Momento que a Pessoa é impedida de expressar sua Opinião seja ela qual for e como for, É CENSURA. Não tem Conversa.","Não, a partir do momento em que essa expressão passa a se enquadrar em crime, parar a pessoa não é mais censura. Difamação, acusar pessoas de crimes sem ter provas, é crime.",1,0.1298136860132217,0.8701862692832947,1
"Não há como aceitar a censura. Não há como aceitar que aplaudam a censura. Liberdade de expressão a todos, aqueles que pensam como eu e os que pensam de forma diferente.",Não à censura. #VozParaBernardoKuster,1,0.1309527903795242,0.8690471649169922,0
"O que vc pensa de um edital de cultura com censura prévia? A prefeitura de Porto Alegre lançou edital p/ auxílio emergencial cultural q restringe a liberdade de expressão dos artistas, impondo como condição q o assunto não tenha cunho político ou religioso.",Tipo a censura do STF que você aplaudiu?,1,0.1335558146238327,0.8664441108703613,1
"Ainda insistindo em Censura no caso claro de crimes? STF só faz justiça quando e ""agrada"" vocês? Pelo jeito a lavagem cerebral funcionou perfeitamente pra ficar repetindo o discurso do presidente Psicopata...","Se vc não sabe a definição de censura, procure saber. Pela sua assertiva, então, vc afirma que quando da prática de crimes, deve haver censura?",1,0.1441838592290878,0.855816125869751,1
"Basta você não ler, nem ouvi-los, por livre e espontânea escolha. Agora censura não.  Censura é inaceitável.","Combater discurso de ódio não é censura, é justifica",1,0.1482190191745758,0.8517809510231018,1
"Twitter fazendo a limpa em contas de conservadores: Bernardo Küster, Allan dos Santos, Enzuh, Sara Winter tiveram suas contas ""retidas"" por determinação judicial (o que pode ter a ver com o inquérito das fake news do STF).  CENSURA!",fala que punir disseminação de fake news é censura do meu lado pra ver o socão que eu vou dá no seu pescoço,0,0.1533101350069046,0.8466898798942566,1
"Não há como aceitar a censura. Não há como aceitar que aplaudam a censura. Liberdade de expressão a todos, aqueles que pensam como eu e os que pensam de forma diferente.",A censura é boa para quem teme a verdade! #CensuraNao,1,0.1553337574005127,0.8446663022041321,0
"No mínimo vc tbm foi a favor da ordem de censura à Crusoé e da obstrução de justiça cometida pelo Alexandre Imoral e Alcolumbre, Chupa ovo de ditador togado.","Ora ora...allan dos panos postou vídeo no youtube. Que censura é essa?  Alguém está proibido de falar algo e eu não sei?   Ou tiveram as contas suspensas (por tempo determinado)? Ha algum impedimento de abrirem novas contas?  Sim, é  MI MI MI , maiúsculo mesmo.",1,0.1639281660318374,0.8360718488693237,1
"Não caiam nessa de ""censura"". As contas ligadas ao governo bloqueadas hoje atuavam de maneira orquestrada com exércitos de robôs para atentar contra a democracia. Democracias hoje não sucumbem só com tanque na rua, mas com desinformação e fake news nas redes sociais.","Robôs assassinos tomando o poder como no filme O Exterminador do Futuro. Se o nosso heroi da cabeça lustrada Alexandre de Moreas não impor a censura pra defender a democracia, a humanidade corre o risco de ser extinta.",1,0.1665126681327819,0.833487331867218,1
"Uma das situações mais desprezíveis da atualidade: democratas &amp; humanistas de carteirinha (e sindicato) comemorando, de forma efusiva, a censura de seus desafetos políticos. Quero ver quando a censura bater na canela da tchurma. Patifes!",Bem se vê q eles nao aprenderam absolutamente nada com a historia da civilização e repetem os mesmos erros... A censura baterá à porta deles tb...,1,0.1694078296422958,0.830592155456543,0
"A maioria não está opinando e sim agredindo. Hoje, aquela moça que foi presa, postou, novamente, xingamentos ao Min. Alexandre de Moraes. Não tem recuperação, eles querem Liberdade de Agressão!","Espera ai, o que é mais grave? uma menina xingar o STF ou este que deveria ser guardião das leis fazer o que está fazendo jogando no lixo a constituição? Se eu fosse vc estaria menos preocupada com xingamentos ao Alexandre de Moraes.",1,0.1748761087656021,0.8251239061355591,1
Não é defender censura cara é não apoiar feke news.......... É  a democracia em sua forma plena na vida das pessoas! #ForaBolsonaro,Combater Fake News com censura prévia é uma das formas estupidas de enfrentá-lá.,1,0.1859955936670303,0.8140043616294861,1
"General, até onde iremos com esse STF? Voltamos à censura?","O Felipe Neto sabe que os perfis não foram derrubados por violar as diretrizes do Twitter. Ele sabe que foram derrubados com base num inquérito.  O que ele está fazendo é uma tentativa de transformar e ""suavizar"" a sua comemoração pela censura num agradecimento ao Twitter +",0,0.1926369220018386,0.8073630928993225,0
"meus dois dentes grande na frente sao quebrados, um deles quebrei duas vezes, acho que tenho 40% de massa em cada um heuehueheueheh hoje em dia se quebra eu nem me preocupo pq sei que é a massa só, nem da pra ver a diferença tbm","na última vez que eu quebrei era só massa, faz uns 3 anos, eu tinha dormido na minha vó, era meu ANIVERSÁRIO, eu tava com a antena do meu celular na boca(sim eu era porca n julguem) e o meu tio tacou uma almofada em mim e a minha massa quebrou vei",2,0.2030932903289795,0.7969067096710205,0
Censura é um ato de proibição de exposição de ideia e pensamentos. Não tem nada haver com dados de investigação.,"Censura é aquilo que a Sara inverno e várias dessas contas bolsonaristas retidas defendem, né? Hummm, entendi.",1,0.2077830880880355,0.7922168970108032,1
O tiranete Alexandre de Moraes passou de todos os limites. Ele agora decide sozinho qual informação pode circular no país? Ele decide quem fala e quem cala a boca? Ou os democratas reagem agora a este ato de censura s/ precedentes ou não podem mais falar em liberdade de expressão,Só existe democracia com pela liberdade de expressão.,2,0.2224114686250686,0.7775885462760925,0
"4) Vamos a exemplos? Sem problemas.  Aqui, post de Allan dos Santos sobre a Covid-19, infringindo de maneira clara e inquestionável as normas criadas pelo Twitter para lidar com a pandemia.  Ele chegou a postar vídeo falando ""Coronavírus é o caralho"".",Esse allan infringiu várias regras... Pior do que ele é que dá ouvidos aos absurdos,2,0.2251426726579666,0.7748573422431946,0
Instrumentos usado pela ditadura para silenciar opositores é a censura.,"Na vdd censura é o termo genérico para repressão da expressão. É o ato, não o instrumento. Os instrumentos são muitos e incluem as ""leis de segurança pública"", boicote de verbas etc.",1,0.2301825582981109,0.7698174118995667,0
"Que duplo padrão escroto que tu tem, Manuela. Se fosse da tua turma, ia ficar pistola e reclamar de censura e ditadura.","Ela nunca iria reclamar de censura e ditadura, isso é raiz do trabalho dela. Nesse caso, ela colocaria a culpa no capital.",1,0.2353825867176056,0.764617383480072,0
"Uma das situações mais desprezíveis da atualidade: democratas &amp; humanistas de carteirinha (e sindicato) comemorando, de forma efusiva, a censura de seus desafetos políticos. Quero ver quando a censura bater na canela da tchurma. Patifes!",Estão tranquilos s pois a censura não vai bater neles ..,1,0.2373124212026596,0.762687623500824,0
"Não se trata de censura, se trata de coibir disseminação  de desinformação,  injúria, calúnia, difamação. Temos liberdade pra falar (e ser responsabilizados por isso), mas essa liberdade termina quando começa a do outro.",Em outras palavras censura,1,0.2488889843225479,0.7511110305786133,1
A denúncia foi feita à Procuradoria-geral dos Direitos do Cidadão do Ministério da Cidadania. #iG,"#GrandeDia ? Dia pequeno, isso sim.. É tanta censura, que nem mesmo um pobre papagaio pode manter a conta no tt. Alguém tem o número do Ibama? Isso já é um caso de violação dos direitos dos animais....  Tem que fechar tudo!",0,0.2579881548881531,0.7420118451118469,0
Deixe ele. Bolsonarismo se for reeleito vai ficar 2 cadeiras de controlar o STF. Felipe Neto não vai poder reclamar se um dia for censurado pelo mesmo STF: ele mostrou q a depender do alvo compactua com a censura,"PUNIR infratores de regras da plataforma não é censura. MENTIROSOS influenciadores da MASSA para poder e dinheiro, devem ser punidos. Ou então faz o seguinte, pega um ladrão e deixa solto, afinal ele tem o direito de ir e vir! Deixa de ser jumento!",1,0.260117769241333,0.7398821711540222,1
"Proibir, com ordem prévia e geral, que uma pessoa se manifeste através de um veículo de comunicação legítimo é censura. Ponto.","Isso é procuradora da República. Esse é o nível, gente que acha que caluniar, difamar, mentir é liberdade de expressão. Escrotos!",2,0.2678984105587005,0.732101559638977,1
Vocês também estão sentindo que o clima aqui no Twitter deu uma melhorada?,Comemorando censura. Mostra o caráter deste ser.,1,0.2805565893650055,0.7194433808326721,1
"Não há como aceitar a censura. Não há como aceitar que aplaudam a censura. Liberdade de expressão a todos, aqueles que pensam como eu e os que pensam de forma diferente.",Essa é a ideia! Discordar de alguém não significa cercear sua liberdade de expressão.,2,0.286465048789978,0.713534951210022,0
"Obrigado, Fiúza! Não tem que se desculpar. Podemos desconfiar de censura?  Na semana que vem, com  , a quem também agradeço muito, retomamos o papo. Valeu! Grande abraço","Conte sempre comigo, grande craque. Censura, não. Talvez bruxaria. Abraço!",1,0.2914161086082458,0.7085838913917542,0
Desde de quando vc é a favor de censura ? #SupremaDitadura,"Se você gosta de fake news  fique tranquilo, desinformação é para quem gosta. E quem quer. Parabéns pela opção.",2,0.2921082675457001,0.7078917622566223,1
Vejam neste vídeo como driblar a censura IMORALIS! SOS FORÇAS ARMADAS X 5G. PERIGO; A CENSURA VEM AÍ! - YouTube,"O feitiço se voltou contra o feiticeiro.  Bolsonaristas que desejam a ruptura democrática, acusam decisão do STF de bloquear contas de propagação de fake news como censura.",0,0.3128019571304321,0.6871980428695679,1
"Não há como aceitar a censura. Não há como aceitar que aplaudam a censura. Liberdade de expressão a todos, aqueles que pensam como eu e os que pensam de forma diferente.",NÃO a CENSURA LIBERDADE DE EXPRESSÃO SEMPRE,2,0.3166601955890655,0.6833398342132568,0
"lindo ciclo dos gados:  pedem a volta da ditadura, &gt;&gt;&gt; AI-5 &lt;&lt;&lt; e o caralho todo  aí sofrem """"""censura"""""" (suspensão de notícias falsas)  *meu deusestamos numa ditaduraque horrorestão tentando nos calarqueremos a volta da AI-5*  ai vão se foder","Os bolsonaristas que pediam por um AI-5 agora gritam  ""CENSURA!"" pelo bloqueio dos disseminadores de fake news nas redes. Não é censura, é punição. O drama que fazem é estrategicamente pensando para gerar mais confusão. Devo ter empatia? Não. Autoritários devem ser derrotados.",0,0.3212636411190033,0.6787363290786743,0
"Mais um motivo pra vc JAMAIS cogitar votar na esquerda e na esquerda camuflada: apoiam a censura e ditadura, arbitrariedades do supremo excremento, quer calar sua voz, além de tentar justificar a Pedofilia, tráfico, aborto, torcer pelo vírus e o quanto pior, melhor.","Quem aplaude a censura imposta pelo STF, apoia a própria derrota, apoia uma ditadura e coloca em si mesmo uma mordaça.",0,0.3543254733085632,0.6456745862960815,0
Afaste-se de quem comemora censura. E desmascare-os sempre que possível.,Siga esse concelho.,2,0.3855783641338348,0.614421546459198,0
"Não é uma delícia ver a galera que pedia um AI-5 chorando e gritando CENSURA?   Foi uma decisão judicial, esses imbecís confundem PUNIÇÃO com CENSURA.  A única coisa boa é ver esse “fugitivos da inteligência” chorando nas redes. Criticando a censura e o “livre mercado”","Meu prezado. Quanta ignorância. Foram violados Princípios Constitucionais. Princípio da Presunção de Inocência. Princípio da Ampla Defesa. Além disso trata-se de clara censura prévia. Não há condenação de ninguém. por mais ódio que vc tenha, não razoável não enxergar isso.",1,0.4268263876438141,0.5731736421585083,1
E aí seus dois inúteis   não vão falar algo sobre a censura do STF? É rabo preso que fala ne seus dois merdas.,Vejo por aqui um bando de vagabundos fdp apoiando a censura comunista desse  cheio de vagabundos. AI-5 nesses vagabundos  .,0,0.4656648635864258,0.5343350768089294,0
"Se Bob Jeff vulgo Roberto Jefferson fizer outra conta, quem ai vai atrás???",Todo mundo!!!,2,0.4726892411708832,0.5273107886314392,0
"Alexandre de Moraes determinou a suspensão de contas bolsonaristas objetivando a ""interrupção de discursos"". Não é preciso simpatizar com os punidos p/ classificar a medida como autoritária. A defesa da liberdade do inimigo dificilmente é popular, mas frequentemente é necessária.","Finalmente, voce acertou uma. Censura nunca!",1,0.4875686764717102,0.5124313235282898,0
"QUE ABSURDO ESSA CENSURA NAS CONTAS DO ALLAN, DO BERNARDO, DO HANG E DA SARINHA!  SERÁ QUE AGORA NÃO PODEREMOS MAIS USAR AS REDES SOCIAIS EM PAZ PARA PEDIR O FECHAMENTO DO CONGRESSO, DO STF E AI - 5? CENSURA NÃO!!!","Pera, pera, pera, vc tá pedindo AI-5 e reclamando de "" censura "" no mesmo twett?",1,0.5029743313789368,0.4970256984233856,1
A sim agora Censura e norma??,"As normas existem em todas as convenções e devem ser respeitadas. A censura em tempos democráticos, não vem sem motivos cabais do exageros da liberdade de expressão.",1,0.5433604121208191,0.4566395580768585,1
"Amigos aqui é Roberto Jefferson. Entrei na conta da minha filha para agradecer a todos pelo apoio. Em breve estaremos juntos novamente! Alexandre, não temo sua tirania!",Bob Jeff na conta da filha   O waldemorte é tão bobão! Acha que vai nos calar. O caminho à direita é irreversível!,2,0.56044602394104,0.4395540058612823,0
Obrigado cabeça de !,#VozParaBernardoKuster  Cabeça de ovo.,2,0.5645092725753784,0.4354907274246216,0
"Perfis de bolsonaristas nas redes sociais, utilizados para ameaçar a democracia, destruir reputações e espalhar fake news sobre a pandemia, foram suspensos do Twitter e Facebook por determinação do STF. Grande dia!",Gosta de uma ditadura e uma censura né tia ! Não sabem mesmo o que é democracia.,1,0.5722350478172302,0.4277649223804474,1
Alexandre de Moraes ameaçou aplicar multa diária contra Facebook e Twitter,"""é pra censurar os apoiadores do Bozo pq eu que mando na porra toda e quero censurar, mesmo sem ter uma justificativa plausível pra isso...  se não obedecer, vai pagar multa diária pq eu to mandando.. obedece""",2,0.58172607421875,0.41827392578125,0
"A decisão do ministro Alexandre de Moraes de bloquear as contas de extremistas nas redes sociais -- após matéria de Renato Souza, do   -- vale como aviso: democracia não significa dar voz ao ódio.",O nome disso é censura. Triste uma jornalista defender isso,1,0.5861276984214783,0.4138723313808441,1
"Amigos aqui é Roberto Jefferson. Entrei na conta da minha filha para agradecer a todos pelo apoio. Em breve estaremos juntos novamente! Alexandre, não temo sua tirania!",Sua filha? Aquela que vendia abertura de sindicatos? Que ameaçou assessores parlamentares caso não fosse eleita? Desaparece parasita.,2,0.594720721244812,0.4052793681621551,1
"Quem comemora a censura hoje, será alvo da censura amanhã. É a lógica de qualquer ditadura.",O JN está tratando agora como natural a censura aos perfis banidos das redes sociais.,1,0.6018418073654175,0.3981582224369049,0
O STF precisa conter a escalada de Alexandre de Moraes contra a liberdade de expressão.,"Liberdade de expressão é uma coisa, atentado, ameaças a vida e espalhar só mentira é outra. Mas não são os Minions q querem intervenção militar? AI5? Na época da ditadura o q mais tinha era censura",1,0.6027073860168457,0.3972926139831543,1
"Pegue o exemplo do Roberto Jefferson: é um cidadão que vem cometendo seguidos crimes contra a honra de diversas pessoas. Deve ser processado e pode ser condenado no penal e no cível, mas não vejo previsão legal que justifique cercear o seu livre direito de expressão.","Vamos relembrar como td começou? PL da censura!!!! Autor: Alessandro Vieira! Conhece???? O povo brasileiro acordou, ditadorzinho!",1,0.6056521534919739,0.3943478763103485,1
"Hoje são   Allan dos Santos Bernardo Kuster Edson Salomão Luciano Hang Roberto Jefferson Otávio Fakhoury Sara Winter   Amanhã pode ser vc.  Vc, conservador. Vc, que apoia Bolsonaro.   E vc tbm, idiota de esquerda que tá comemorando essa censura covarde.  #VozParaBernardoKuster",Pois é! O analfabetismo funcional é tal que comemoram censura... Tem coisa mais patética?,1,0.6143451929092407,0.3856548964977264,0
Ué isso não é censura? Kkkkkk,Nem vou falar o que estou pensando sobre toda essa ditadura de toga. Só sei que QUANDO A LEI ACABA COMEÇA A TIRANIA.  #STFVergonhaNacional  quando vai entrar em vigor a tal lei de abuso de autoridade? Já ñ está na hora.  LIBERDADE DE EXPRESSÃO É UM DIREITO constitucional,0,0.6305373907089233,0.3694626092910766,0
"Os avanços nas esferas política e econômica são importantíssimos, mas perdem por completo sua substância e efetividade para o POVO se retrocedemos na principal esfera, a cultural: o que faz o Senado frente à escalada de censura do 5TF contra a liberdade de opinião?",nao se pronunciou sobre censura no Brasil?,0,0.634601891040802,0.3653981387615204,0
esse cara aqui me ensinou muita coisa... ces nao tem ideia,"Se hj em dia eu amo dançar (eu não sei, danço igual uma lombriga mas eu amo) foi, GRANDE PARTE, por conta dele.",2,0.6565867066383362,0.3434132933616638,0
"Luciano Hang pode mudar o nome para Luciano ""Hang Loose"". Perdeu a mão nas fake news e, em seguida, perdeu o direito a usar a conta no Twitter.    Nossã! Parei.  #Sabelle","Nas ruas eles pedem AI5 e ditadura, e aqui no twitter quando são bloqueados por postar e divulgar fakes news, falam em censura, ah gado de merda",0,0.6660223007202148,0.3339777290821075,0
"Todos do STF reclamam quando se pede ai5, mas fazem uso da censura!! Será que preciso desenhar???",Censura é diferente de punir. Eles cometeram um crime ao atrapalhar na luta contra a covid-19,1,0.6722927689552307,0.3277072012424469,1
"Hoje é dia de podcast, e tive o grande prazer de conversar com meu amigo  no primeiro episódio com convidado, conversamos um pouco sobre Santidade e Santificação, olha está um papo incrível!!!  Spotify:   Anchor:","Sim, eu já disse essa semana que não tenho paciência com podcast e sim eu ouvi esse e achei simplesmente MARAVILHOSO! Muito edificante, traz reflexões totalmente necessárias pra nossa caminhada cristã. São minutos muito bem gastos gente, de verdade. Ouçam e sejam abençoados!",2,0.6733330488204956,0.326666921377182,0
"A turma que curte uma ditadura militar tá pistola com o ministro do STF Alexandre de Moraes, pq ele não tá deixando uns blogueiros de merda espalhar fake news. Imagine qdo eles souberem que na ditadura nem internet eles vão ter","Quem diria... Os defensores do combate a corrupção, defendendo Roberto Jeferson. Kkkkkkkkkkkkkkk Combater Fake News não é censura. Esse rede de ódio vai cair.",0,0.6776814460754395,0.3223185539245605,0
"Estamos vivendo um momento delicado em nosso país! Um ato explícito de censura sendo comemorado, mostra muito bem o caráter de algumas ideologias partidárias!","Enquanto a Câmara arma um plano para calar os cristãos,  o #STFVergonhaNacional executa a censura nas redes sociais. Querem acabar com toda forma de apoio ao #Bolsonaro2022 na força de suas canetas e caras de pau.",1,0.6796743869781494,0.3203256130218506,0
"Vou guardar esse twitt, vai ser lindo ver a Manu chorando quando a censura chegar nela.","A censura não vai chegar a ela pois o Presidente Bolsonaro tem como regra a liberdade e ela ainda terá que aguentar por um bom tempo pois o  Presidente irá até 2026 e fará seu sucessor. Nós, somos de Deus! E isso ninguém tira!  Não nos calarão!",1,0.6890223026275635,0.3109776675701141,0
"Hoje são   Allan dos Santos Bernardo Kuster Edson Salomão Luciano Hang Roberto Jefferson Otávio Fakhoury Sara Winter   Amanhã pode ser vc.  Vc, conservador. Vc, que apoia Bolsonaro.   E vc tbm, idiota de esquerda que tá comemorando essa censura covarde.  #VozParaBernardoKuster","censura é pouco pra esse gordo, faltou dar uns socos na boca desse filho da puta",1,0.6910881996154785,0.3089118599891662,1
O que vcs acham do STF ?,Puxadinho do PT... Tribunal do crime... #STFEscritorioDoCrimeOrganizado  #STFVergonhaNacional,1,0.7033313512802124,0.2966685891151428,0
"Todos do STF reclamam quando se pede ai5, mas fazem uso da censura!! Será que preciso desenhar???","Fake news e discurso de ódio não se encaixam em liberdade de expressão. E se vcs pedem ai-5, tão reclamando de censura agora pq? Vai chora? Precisa desenhar?",1,0.720210611820221,0.2797893583774566,1
"Não é uma delícia ver a galera que pedia um AI-5 chorando e gritando CENSURA?   Foi uma decisão judicial, esses imbecís confundem PUNIÇÃO com CENSURA.  A única coisa boa é ver esse “fugitivos da inteligência” chorando nas redes. Criticando a censura e o “livre mercado”",Decisão judicial baseada em qual crime ? Qual lei ? Qual é a sentença ? Está transitada em julgado ? O que alegou a defesa ? Onde foi julgada ? Que dia ocorreu o julgamento com direito a ampla defesa e presunção de inocência ? cadê a presunção de inocência ?  Isso é CENSURA !!!,1,0.7281859517097473,0.2718140780925751,1
"A tag #STFVergonhaNacional nunca fez tanto sentido! Sim, eles perderam completamente a noção e o respeito!   Ministro Barroso fará debate online com youtuber Felipe Neto",Eitaaaaaaaaaa o Barrosinho descendo a ladeira Felipe feto?? Logo tá com Anita Pablo virar etc  decidamente meu caro tu tá jogando na privada sua biografia  Fazendo todo sentido mesmo,2,0.7328094840049744,0.2671904563903808,0
O STF precisa conter a escalada de Alexandre de Moraes contra a liberdade de expressão.,"Uéé... vcs foram os primeiros a sofrer censura, depois passaram a apoiar os censuradores, agora querem que eles parem? Precisam descer do muro, ou estão com o povo de bem ou contra nós! Deixem essa birra com o presidente de lado e venham lutar contra os verdadeiros ditadores!",1,0.7421279549598694,0.2578720152378082,1
Aras está contra o bloqueio de contas no Twitter!,"Só está contra a decisão do ministro Alexandre de Morais, pq fazer alguma coisa, bater de frente com o STF, ele não vai fazer isso, pq o STF se acham os deuses do Brasil, o STF pode mandar prender o Augusto Aras, se ele enfrentar o STF!!.",1,0.7676478624343872,0.232352152466774,0
"Sua censura deu ruim, ! Até como ditador você é um ineficiente, inútil, fracassado. Projetinho de ditador.  Tô seguindo normalmente e vendo os tweets de todos que você TENTOU censura. Cabeça de ovo!",Eu nem perderia tempo de dar tantos adjetivos ao cabeça de . “Na minha opinião” ele é simplesmente um BOSTA,2,0.7698875069618225,0.2301124781370163,0
Os conservadores foram criminalizados no Brasil.  Só há liberdade de expressão se você seguir a cartilha socialista e não criticar o establishment.  Censura e perseguição.,Pede AI-5 e depois reclama da censura nas contas que foram bloqueadas do gabinete do ódio. #GovernoDeFraudes,1,0.7738654017448425,0.2261346280574798,1
Bolsonaro está curado da Covid-19!  Eu disse que hoje seria um Grande Dia!  A esquerda chora e o Brasil comemora!,"Ou o povo ACORDA ou acabou de vez. Saiam de casa e lutem por sua liberdade! Os togados estão RINDO da sua cara, enquanto vc fica subindo hashtag no twitter! #VozParaBernardoKuster",0,0.7782737016677856,0.2217263579368591,0
"Não há como aceitar a censura. Não há como aceitar que aplaudam a censura. Liberdade de expressão a todos, aqueles que pensam como eu e os que pensam de forma diferente.","Mas o ditador não pensa assim! Ele é p dono da razão . Aliás, todo imbecil, o é!",2,0.7822921872138977,0.2177078425884246,0
"Allan dos Santos Bernardo Kuster Edson Salomão Luciano Hang Roberto Jefferson Otávio Fakhoury  Dentre outros, tiveram suas contas no Twitter ""retidas por ordem judicial"".  Isso graças ao INQUÉRITO ILEGAL embasado na narrativa de  LUCIANO AYAN, aquele que está PRESO.  Pois é",você é um verme.,2,0.791444718837738,0.2085553407669067,1
O que tem me movido: • saber que os boleto tão em dia • saber que tenho muitos amigos de SP e que vou poder ver todos depois do corona • saber que existe uma probabilidade MUITO GRANDE de ainda ESSE ANO ver    Deus eh bom e o diabo eh vacilão,se eu já sei todos os roles que vamos dar? sim,2,0.7929812669754028,0.2070186734199524,0
Estamos envergonhados dos membros da nossa Suprema Corte. E da conivência com a ditadura insana do Alexandre de Moraes. A INSTITUIÇÃO NÃO é culpada. O povo defende a instituição. Seus membros NÃO a dignificam.,"Como irão dignificar se são esquerda, mas, bem esquerdalha mesmo.  #STFOrganizacaoCriminosa  #STFVergonhaNacional",2,0.795536994934082,0.2044630795717239,0
"Amigos aqui é Roberto Jefferson. Entrei na conta da minha filha para agradecer a todos pelo apoio. Em breve estaremos juntos novamente! Alexandre, não temo sua tirania!",Muito grave o que está acontecendo. É preciso o senado fazer sua parte ou fazemos a nossa nas eleições. Estamos juntos com você Roberto Jefferson. Abraço,1,0.7992287278175354,0.2007712572813034,0
O que vcs acham do STF ?,"Meu Herói ,Roberto Jefferson ,disse com poucos políticos e senadores do PTB está  batendo no stf, imagina se os políticos do PSL vão p PTB ,vão distruir o stf  !",1,0.8102041482925415,0.1897958666086197,0
"Hoje completam 2 anos desde que Demi sofreu uma overdose que quase tirou sua vida. Em reflexão, agradecimento e por estar se sentindo grata, Demi escreveu esse pequeno texto e publicou em seu Instagram.   “Me senti tão grata que escrevi algo... Hoje é o dia do meu milagre”.","Emocionante!!   É verdade alguns momentos são tão terríveis, que parece ser o fim, mas é apenas uma pequena parte de uma grande e linda história de superação, na qual Deus, a gente e as pessoas que nos amam tem um papel tão importante na história. Muito feliz pela Demi!",2,0.8152111768722534,0.1847888529300689,0
"Os bolsonaristas são engraçados! Eles pedem AI-5 e intervenção militar, mas reclamam de censura quando o STF suspende perfis nas redes sociais que disparam notícias antidemocráticas e falsas!","Dois pesos e duas medidas, cadê?",2,0.8302671909332275,0.1697328239679336,0
"Não há como aceitar a censura. Não há como aceitar que aplaudam a censura. Liberdade de expressão a todos, aqueles que pensam como eu e os que pensam de forma diferente.","stf ,CABEÇA   DE OVO PODRE ,CORRUPTOS ,CANALHAs,TIRANOs,LESA PÁTRIA, TRAIDORES DO POVO BRASILEIRO DE BEM  ,HONESTO,TRABALHADOR ,TRAIDORES DA PÁTRIA,MERCADORES DAS MORTES !!!",2,0.8304975032806396,0.1695024520158767,0
"Bolsonaristas pedem intervenção militar e a volta do AI-5.  Agora, reclamam da censura.","Deixa ver se entendi... Quer dizer que ameaça da censura do executivo (AI-5, Intervenção Militar) não pode, mas a censura do judiciário tudo bem?",1,0.834577739238739,0.1654222309589386,1
"Não há como aceitar a censura. Não há como aceitar que aplaudam a censura. Liberdade de expressão a todos, aqueles que pensam como eu e os que pensam de forma diferente.","Caro  não seria hora de os brasileiros de verdade começando por jornalistas de verdade como o senhor, Fiuza, Garcia, alguns artistas, cidadãos comuns, empresários, políticos e políticas de coragem, militares promoverem o descrédito de Alexandre de Moraes ORCRIM?",1,0.8354945182800293,0.1645055115222931,0
O que vcs acham do STF ?,"Um bando de urubus usurpadores, defensores de bandidos. Como dizia Lula ladrão uma suprema corte acovardada. #STFVergonhaNacional",1,0.8365654349327087,0.1634345650672912,0
"Pessoal de Porto Alegre revoltado com o prefeito. Além de decretar fechamento da maioria do comércio, ajudando a falir CNPJs, mandou os fiscais da prefeitura (estatutários com salário e benefícios em dia $$$) impedir que os ambulantes tentem dignamente trabalhar...","A politicagem tá ficando perigoso seus prefeitos e vereadores do Brasil, cuidado pq o buraco pode ficar grande de mais.",2,0.8372970819473267,0.1627029776573181,0
"Dos autores de ""O Regime Militar não foi ditadura e quem foi torturado mereceu"", vem agora ""Socorro, bloquearam meu Twitter, estou sendo oprimido pela ditadura!"".  Não existe florzinha mais delicada do que um direitista!   GRANDE DIA","Disseram, os cidadãos de bem, que a ditadura só matou vagabundo e agora reclamam da toga burguesa censurar perfis em rede social. censura mais que ta pouco",0,0.8488364815711975,0.1511634439229965,0
Revogaram a constituição ??? #VozParaBernardoKuster,Que absurdo em pleno 2020 o Brasil sofrendo com Censura do STF... Esse Tribunal nao nos representa em nada! Só serve pra salvar corruptos da cadeia! #forastf,0,0.8519182205200195,0.148081749677658,0
A CENSURA NAS REDES SOCIAIS JÁ COMEÇOU E A PL 2630 AINDA  NÃO  FOI APROVADA IMAGINA QUANDO FOR... NÃO  ESQUEÇA     INSCREVA-SE NO CANAL PRECISO DA SUA AJUDA       PARA     GANHAR MAIS ALCANCE E VOZ... OBRIGADO!,"Quando vc tira a arma das mãos de alguém que almeja usá-la para assassinar a reputação alheia, geralmente com inverdades. Isso é censura ou justiça? #Grandedia",0,0.8537020087242126,0.1462980657815933,1
"É hora de falar sério.  Hoje é um dia de vitória. Diversos perfis do Twitter de agentes de fake-news, ódio e destruição de reputações foram desligados, a pedido do STF.  A decisão pode ser temporária ou permanente. Nessa thread, quero mostrar pq deve ser PERMANENTE.  Segue o fio.","E o “democrata” passando pano para atitude autoritária e ditatorial?!  Não acredito. Deve ser fake.   Vibrem hoje, chorem amanhã quando atingir vocês.   Comemorar censura só demonstra o quanto essa turma nunca foi democrática e entusiasta da diversidade.",2,0.8568941354751587,0.1431059092283249,1
Vamos todos pro twitter modo americano e derrubar a censura excrachada que estamos recebendo dos esquerdistas.,"Bora, Já fui!!!",2,0.8575844168663025,0.1424155235290527,0
"A verdade é que Alexandre de Moraes, definitivamente se torna o censurador e ditador que tanto acusaram o Bolsonaro de ser! Perseguindo os conservadores, e aqueles que diziam que seriam perseguidos riem dessa situação. Que Deus tenha misericórdia de nós.","Alexandre de Moraes , o ódio dele vai mata-lo.",0,0.8577849268913269,0.1422151178121566,0
"Discordo de 99% do que defendem Allan dos Santos e Bernardo Küster. Assim como discordo de Jones Manoel e Sabrina Fernandes.  Discordo 100% de que o Estado tem o direito de escolher, por motivação política, quem pode ou não ter um perfil no Twitter.",Esse cara é top! Tá difícil discordar das threads dele,2,0.8595048189163208,0.1404951810836792,0
"Me faltam adjetivos pra classificar a suspensão de contas em redes sociais APENAS de apoiadores do Governo.   Para os da esquerda que comemoram, lembrem-se que nada impede que isso aconteça com vocês a qualquer momento.   A censura é real.",ASSISTAM AGORA E DEIXEM SEU LIKE!!! FALANDO SOBRE A CENSURA NO TWITTER  Os Pingos no Is -  24/07/20  via,0,0.8600415587425232,0.1399584710597992,0
Estão tentando nos calar #VozParaBernardoKuster,"MINISTROS DO STF NÃO TEM DIREITO DE CENSURA NENHUM BRASILEIRO, POIS QUEM PAGA OS SALÁRIOS DELES SOMOS NÓS ATRAVÉS DOS IMPOSTOS. #STFVergonhaNacional",0,0.8768342137336731,0.1231658458709716,0
O movimento de hoje foi pra calar o Roberto Jefferson. O resto entrou de gaiato pra dar uma disfarçada. #VozParaBernardoKuster,O Alexandre de Moraes não é e nunca foi juiz. O STF tem quantos Ministros? 11 ou 1 único que decide tudo e todos se calam. #STFVergonhaNacional,0,0.8808667659759521,0.1191332563757896,0
"“Eu confio no ministro Alexandre Moraes, conheço sua capacidade e responsabilidade. Conheço algumas das contas removidas, publicam desinformação sistematicamente, vide o que falam sobre a Covid-19. E difundem discurso de ódio"", diz o deputado do PCdoB.","Quando o relator da PL2730 na câmara diz q confia em Alexandre de Moraes , a censura do legislativo vai ser aprovada pq a do judiciário já está em vigor . Benvindo ao facismo .",1,0.8813896179199219,0.1186104416847229,0
"Acrescento: se fosse eu o censurado, esses mesmos comemorariam e/ou criariam narrativas para encobrir/desmentir o fato. ACREDITE.  Alguns desses q perderam seus perfis assassinaram reputação de quem queria lava-toga, patrulham opiniões e promovem seu próprio mecanismo de censura.",Luciano hang ajuda pagar o seu salario seu arrombado.,1,0.8836866021156311,0.1163134053349495,1
"A gente errou, a censura veio.... Mas de quem não esperávamos.... WELCOME TO 1984, É SÓ O COMEÇO. hj é bolsonarista, amanhã é qualquer um q n fale bem","Liberdade de expressão mas só pra esquerdistas, destruidores da família e tudo que infesta esse país de sujeira",2,0.8845592737197876,0.1154408007860183,0
"VERGONHA ! O ditador e tirano da toga , Alexandre de Moraes , impõe censura pior que a ditadura , bloqueando redes sociais , cerceando a liberdade de expressão , promovendo uma verdadeira perseguição política . IMPRENSA, OAB,ABI, PRESIDENTE DA CÂMARA E DO SENADO , TODOS CALADOS!",Cambada de vagabundos hienas carniceiras imundas malditas de togas,2,0.8891459107398987,0.1108540371060371,0
"Para quem defendia a morte do presidente, defender a CENSURA é fichinha. Não querem apenas calar o Presidente e seus apoiadores, mas calar e se possível matar. Não lute hoje e amanhã você estará na VENEZUELA.","Verdade Allan, mas volto a falar o Sr. Alexandre PCC de Moraes têm esposa,filho, deve ter pais e irmão, um bom susto resolveria todos nos arroubos autoritario dos togados",1,0.8920031189918518,0.1079968586564064,0
"Aos que hoje aplaudem os atos do ministro Alexandre Moraes, amanhã poderão estar arrependidos, daí pode ser tarde. A liberdade de opinião CENSURADA, cadê a turma do politicamente correto?","Eu to só a Cissa mané, GRANDE DIA",0,0.8921507596969604,0.1078492999076843,1
"Amigos aqui é Roberto Jefferson. Entrei na conta da minha filha para agradecer a todos pelo apoio. Em breve estaremos juntos novamente! Alexandre, não temo sua tirania!","Resista Roberto Jefferson, os ministros do STF não têm estatura moral para calá-lo. Estão nus, o povo não os respeitam, não podem sustentar os seus malfeitos e só lhes resta usar de ameaças para intimidar os seus críticos.",1,0.8926604390144348,0.1073395162820816,0
"Felipe Neto, que defende a censura e até a prisão de quem supostamente espalha ""fake news"", mais uma vez foi pego mentindo e propagando desinformação na internet. O sujeito mente tanto que, agora, teve que ser desmentido pelo embaixador da Ucrânia por mentir sobre aquele país.",Felipe Neto é um merda mesmo.,2,0.892799437046051,0.1072005480527877,0
"O dia que o got7 vim para o Brasil, não vai ter ninguém no show. Pq as ahgases mesmo vão tá tudo nos hospitais, pq o tombo vai ser grande.",Eu ainda creio que um dia vai acontecer,2,0.8932764530181885,0.1067235693335533,0
"Impedir os ativistas de direita de se manifestarem pelas mídias sociais é censura prévia. Uma coisa é investigar e eventualmente punir por aquilo que publicaram; outra, inteiramente diferente, é impedir que falem.",É isso,2,0.8955997228622437,0.1044002547860145,0
"Esse é o problema de ficar ameaçando contar algo tenebroso... Conta logo e acaba de vez com esses Corruptos. Tem que fazer igual eles fazem, pegar de surpresa.  #ContaTudoJefferson","Isso Roberto Jeferson, fala, solta os podres.. .",2,0.8977662324905396,0.1022337898612022,0
"As contas censuradas hoje contam com mais leitores do que os grandes jornais e veículos da velha imprensa.  Ou seja, a decisão de bloquear essas contas equivale ao fechamento de jornais e televisões, goste você ou não das opiniões emitidas por tais perfis.  Censura abjeta!","Se todos os perfis de direita migrassem a sua conta para o Estados Unidos, acabaria a censura.",1,0.9004965424537659,0.0995033979415893,0
"tucano Alexandre, por pura incompetência, mandou o camburão da PF na casa da ex-esposa do Roberto Jefferson, de quem ele está separado havia mais de 20 anos. Foi uma atitude para humilhar o presidente de partido político.","Posso estar enganado, mas o Alexandre de Moraes mordeu a isca e reagiu da forma que  queria, agora este tem todos os motivos pra abrir a boca e falar tudo que sabe, já o fez uma vez, e todos sabem no que deu, agora não tenho dúvidas, será muito pior.",1,0.9021769165992736,0.0978230535984039,0
Qual a opinião de vocês sobre o Alexandre de Moraes?,A esquerda comemora a censura.  Depois é nós que somos facistas,0,0.9065415859222412,0.0934583991765976,0
"Pegue o exemplo do Roberto Jefferson: é um cidadão que vem cometendo seguidos crimes contra a honra de diversas pessoas. Deve ser processado e pode ser condenado no penal e no cível, mas não vejo previsão legal que justifique cercear o seu livre direito de expressão.","Roberto Jefferson incomoda porque só fala verdades... Estamos com Bob Jeff. Censuradores não passarão!! Vai pra casa, senador hipócrita!! #FreedomOfSpeech",1,0.9073167443275452,0.0926832035183906,1
"Um democrata se preocupa quando indivíduos são censurados em ações completamente arbitrárias e autoritárias. Já comunistas sentem que o clima melhora quando adversários são eliminados. É histórico. De Stalin até Avião, nada mudou.","Já estamos na distopia de Orwell, onde a verdade é mentira e a mentira é verdade? Pois somente assim se explica fascistas sendo chamados de democratas e censura à golpistas de autoritarismo.",2,0.9087857007980348,0.0912143811583519,1
"Até a Isto É, que é uma revista completamente esquerdista, está criticando a decisão do Alexandre de Moraes. Esse jornalista percebeu uma coisa: uma vez que o Estado autoritário vê que pode extrapolar seus limites, hoje ele censura nós, amanhã censura eles","Alguns da mídia canhota já perceberam que o bumerangue da censura pode voltar e atingi-los em cheio. O PL da censura não pode ser aprovado, pois vai atingir a todos indiscriminadamente. Lutemos pela liberdade de expressão antes que seja tarde demais.",1,0.9105278849601746,0.0894720405340194,0
"Não há como aceitar a censura. Não há como aceitar que aplaudam a censura. Liberdade de expressão a todos, aqueles que pensam como eu e os que pensam de forma diferente.",A carteirada do ano!!! Cadê a imprensa que grita democracia aos 4 cantos?? Tá vergonhoso!! Estou sentindo o cheiro de  daqui!!  #DitaduraDaTogaNao #CarteiradaNao #HitlerDeTogaNao Reaja,2,0.9116098284721376,0.0883901491761207,0
A CENSURA NAS REDES SOCIAIS JÁ COMEÇOU E A PL 2630 AINDA  NÃO  FOI APROVADA IMAGINA QUANDO FOR... NÃO  ESQUEÇA INSCREVA-SE   NO   CANAL   PRECISO DA SUA AJUDA  PARA  GANHAR MAIS ALCANCE E VOZ... OBRIGADO!,"muito bom ver a direita chorando por causa de ""censura"" sendo que literalmente passaram uns 4 meses mamando pelo AI-5",0,0.912420094013214,0.0875798761844635,1
"UMA DÚVIDA: o Brasil que você sonhou teria Roberto Jefferson aliado de Bolsonaro, Centrão no governo, Queiroz Rachadinha com prisão domiciliar, Flávio Bolsonaro recorrendo ao foro privilegiado, perseguição à Lava Jato?","""Brasil dos Horrores"" o que esse Bolsonaro tá fazendo, não tem um minimo de respeito com uma metade do eleitorado que o elegeu, não tem humildade, é semi analfabeto, não trabalha, ""populismo puro"" #BrasilcomSergioMoro Ilibada reputação e notável SABER.",2,0.9127028584480286,0.0872971042990684,0
ACABAR COM AS FAKES NEWS NÃO EH CENSURA,mds eu to morta eu n quero andar e ainda tenho q sair eu n dormir direito grande dia,0,0.9173759818077089,0.0826240181922912,0
"Branca chorando pq uma pessoa falou q preferia o cabelo dela grande, imagina se ela escutasse comentários como ""bombril"" ""arbusto"" ""alisa"" ""prefiro de trança"" ""deu choque"". Ela ia se matar no primeiro dia, ai esse povo da mt biscoito pra branco mimado acham q a vida é um morango.",foi exatamente oq eu pensei mas fiquei com medo de falar e me chamarem de militante,2,0.9199417233467102,0.0800583139061927,0
"Oro todos os dias para que Deus quebre as mãos de Barroso, Fachin e Alexandre de Moraes. Deus me permita assistir sua derrota e execração aos olhos do povo brasileiro.","Acho que está na hora do presidente dar o contra golpe sugerido por Roberto Jefferson,  nesses ""ministros "".",1,0.9215978980064392,0.0784020721912384,0
Surfando nas lágrimas dos isentoes esquerdistas e youtubers blogueiros. Grande dia!,"Graças a Deus! É meu presidente, genteeeee",2,0.9217700362205504,0.0782299563288688,0
Agora #VozParaBernardoKuster,Os cara reclamando de censura sendo que querem que os militares subam ao poder???????????? Sei lá não faz sentido,0,0.9241929054260254,0.0758071020245552,1
"o chan disse &gt;&gt;pessoas&lt;&lt; que estão no período. é um pequena coisa mas numa indústria que não deixa os idols falarem coisas que se realcionem com causas como homofobia, racismo, machismo e etc, é uma grande coisa.",Skz cada dia mais ganha um espacinho no meu coração,2,0.9243746995925904,0.0756252855062484,0
"PGR afirmou em manifestação encaminhada ao STF que a determinação de Alexandre de Moraes é ""desproporcional e contrária ao princípio da liberdade de expressão  #Resistencia841Dias GRANDE DIA AI-5 Siga nosso Instagram","E o que a Sra.acha??a Sra.concorda com censura imposta pelo STF?? Cuidado,porque amanhã pode ser a Sra.",1,0.9244747161865234,0.0755252912640571,1
"Segui a dica do . Todos estão vendo meu tweet? Se sim, comenta aí.  Obg Bernardo ;)",Eu odeio censura mermão...,2,0.9272666573524476,0.0727332681417465,0
"I get that when some people first hear about ""censorship of pro-life voices"", they question it. ""Can it be true? Maybe they just don't know how search engine optimization works, maybe the videos just don't get that many clicks, maybe they're overplaying their hand""...1/7","Mais um exemplo de censura. Caçada contra conservadores via     Mas se os posts forem a favor da pauta globalista, aí pode... Se vc procurar ""como praticar um aborto"", não terá dificuldade para achar vídeos ou tuítes...",2,0.9279482960700988,0.0720516666769981,-1
Vivemos em uma ditadura da toga #VozParaBernardoKuster,"Totalmente, só lembro q em país q a impunidade aos verdadeiros bandidos impera e só tenta punir os bons, o povo se revolta e acaba fazendo justiça pelas próprias mãos e aí não tem choro, pq ninguém segura um povo q já chegou ao limite. #VozParaBernardoKuster",2,0.9291704297065736,0.0708296000957489,0
Eu li tudo.  É censura.,MUITA CENSURA.,1,0.9304644465446472,0.069535493850708,0
"Grande dia, que deus te elimine","Incrível a 'passada de panos' que vários jornalistas e meios de comunicação estão passando para a censura. Combate-se crimes com justiça, não com censura. A justiça é lenta, melhore a justiça, mas não apoiem qualquer censura que seja. Amanhã serão vocês, apoiadores de ditaduras.",0,0.9310647249221802,0.0689352825284004,1
O que vcs acham do STF ?,Quem precisa de um PT destruidor do país quando se tem um STF como o nosso? #STFVergonhaNacional #STFNaoVaiNosCalar #STFcensurador #STFContraOBrasil #STFOrganizacaoCriminosa #STFEscritorioDoCrime #STFNãoNosRepresenta #STFTrabalhaParaSoltarBandidos,1,0.9325727820396424,0.0674272254109382,0
"Bom dia, cidadãos reaças!  Art 220, parágrafo segundo da CF/88:      ""§ 2º É vedada toda e qualquer censura de natureza política, ideológica e artística.""  Café?",Dia de Inter é igual o universo compartilhado da DC tu cria uma grande espectativa e depois só vem merda,0,0.933552086353302,0.0664479285478591,0
"#VozParaBernardoKuster Enquanto não criminalizar o COMUNISMO, viveremos sobre esses ataques diabólicos.",Grande dia pra torcer/deslocar o tornozelo,0,0.9343259334564208,0.0656740888953208,0
"meu fixado só aparece a música e nenhum vídeo..... grande dia tayler, grande dia.","Você não dorme na democracia e acorda na ditadura; não acreditar que uma coisa possa acontecer, não significa que ela não possa acontecer. A coisa mais importante que temos depois da Vida é a nossa liberdade, não podemos permitir que isso nos seja tirado. #STFVergonhaNacional",0,0.9353176951408386,0.0646822974085807,0
QUALQUER controle de conteúdos de maneira preventiva tem um só nome: CENSURA !,"Boa noite! Sr. , STFPT e a Ditadura Comunista. Censura! E agora como fica esta Democracia que o Sr. Ramos,  , dizem existir?  Respondam se forem homens. Obrigado",0,0.9354372024536132,0.0645628347992897,0
"Bernardo P Kustet:  ""Quem precisa do PL 2630 da Censura se o Brasil já tem o tiranete Alexandre de Imoraes?""","Os cu de frango da esquerda, q estão comemorando a CENSURA, tem q entender q pau q dá em chico dá em Francisco, uma hora vai se voltar contra eles tbm.",0,0.9368886947631836,0.0631113052368164,0
"Vamos reagir presidente, sobre a censura ....bora reage presidente...",ROBERTO JEFFERSON está para o bolsonarismo assim como JOSÉ DIRCEU está para o lulopetismo. São apenas CORRUPTOS com falsos discursos ideológicos.,0,0.93805193901062,0.0619480423629283,0
"Há uma negligência do sentir. Se permita sentir suas emoções. Ressignifique suas sensações. Não há problema com os seus sentimentos, se preocupe quando há a censura e a auto-censura do seu sentir.","Já é dia de PORTO!  VAMOOOOS!  Também é dia de Quali para o grande  no GP de Andalucía!  BORA MIGUEL! Lutar em terras que também, apesar de ser Português completo, me dizem bastante porque para todos os efeitos o ""meu nome"" veio de lá.",0,0.93815815448761,0.0618418641388416,0
Gado reclamando de censura é a mesma coisa que o Ixpertinho chamar alguém de hipócrita.,A CENSURA NAS REDES SOCIAIS JÁ COMEÇOU E A PL 2630 AINDA  NÃO    FOI APROVADA IMAGINA QUANDO FOR... NÃO  ESQUEÇA INSCREVA-SE NO CANAL PRECISO DA SUA AJUDA  PARA  GANHAR    MAIS ALCANCE E VOZ... OBRIGADO!,0,0.9392848014831544,0.0607151538133621,1
Roberto Jefferson diz no #OsPingosNosIs que o  é uma organização criminosa.,"Ele disse um monte de coisas,falou da mulher do Alexandre Himmler. Roberto Jefferson",1,0.9395231008529664,0.0604769475758075,0
O tiranete Alexandre de Moraes passou de todos os limites. Ele agora decide sozinho qual informação pode circular no país? Ele decide quem fala e quem cala a boca? Ou os democratas reagem agora a este ato de censura s/ precedentes ou não podem mais falar em liberdade de expressão,"Esse Alexandre de Moraes só pode está ficando louco o que ele pensa,que é Hitler?",1,0.9404193162918092,0.0595806501805782,0
O que vcs acham do STF ?,Uma imoralidade constitucional. O instrumento mais poderoso da esquerda. O atraso para nosso país. O escritório do Satã. #STFVergonhaNacional,1,0.9404470324516296,0.0595530048012733,0
"A Esquerda comemora a Censura !  Daqui a pouco, estão comendo carne de cachorro !",Censura da toga!!!,1,0.940502941608429,0.0594970546662807,0
"𝗌𝗁𝗈𝗋𝗍 𝖺𝗎 | 𝗖𝗼𝗻𝘁𝗼𝘀 𝗱𝗲 𝗔𝗧𝗣: 𝗢 𝗱𝗶𝗮 𝗱𝗼 𝗰𝗮𝘀𝗮𝗺𝗲𝗻𝘁𝗼 ఌ  O grande dia de Eve e Villanelle chegou. Depois de um caminho repleto de curvas sinuosas as duas bailarinas puderam, finalmente, celebrar o seu amor.",Eu e minha casa serviremos a Miranda   VEM AÍ,2,0.9423566460609436,0.0576433651149272,0
"a luta é grande mas meu pau é maior, bom dia!","Grande dia para os brasileiros,que acreditam em um pulha,que não investe na saúde dos brasileiros.  Mais de 80 mil brasileiros  (as) assassinados,pela gripezinha do #BolsonaroGenocida.  Bolsonaro o fracasso do Brasil.",0,0.9428732991218568,0.0571266934275627,0
"É hora de falar sério.  Hoje é um dia de vitória. Diversos perfis do Twitter de agentes de fake-news, ódio e destruição de reputações foram desligados, a pedido do STF.  A decisão pode ser temporária ou permanente. Nessa thread, quero mostrar pq deve ser PERMANENTE.  Segue o fio.","Só eu que fico incomodado com essa censura sem nem terem terminado ainda o processo? E olha q quero muito q esse povo se lasque, mas existem ritos q devem ser cumpridos pra manter o sistema coeso. Imagina como vai ser quando resolverem fazer isso com aquela página q vc ama",2,0.9430798888206482,0.0569201111793518,1
",  e  no #J10, a imprensa (mídia) tradicional de rádio e televisão não 'manipula' mais os brasileiros. Diversas opiniões e pontos de vista estão nas redes sociais. A perda de controle está deixando alguns 'putos'. Porém é inevitável e sem volta!",Por isso essa gang torcem pela volta da censura,2,0.943471908569336,0.0565280355513095,0
Atualização 1:  O Senador  José Serra(PSDB/SP)   é favorável a Lei da Censura! Ele se absteve da votação mais importante do ano.    Telefones: (61) 3303-6651 / 6655 FAX: (61) 3303-6659 E-mail: sen.joseserra.leg.br,"Em breve, vai começar a pagar...",2,0.9447897672653198,0.0552101917564868,0
"Nesse Brasil é proibido ser conservador raiz, é proibido ser cristão","Dia de pirão de chambaril. em Natal, Rio Grande do Norte",0,0.945167064666748,0.0548329092562198,0
"Que complicada esta decisão do Alexandre de Moraes, né? ""(...) evitando-se que continuem a ser utilizados como instrumento do cometimento de **P-O-S-S-Í-V-E-I-S** condutas criminosas apuradas nestes autos (...)""","‘Afronta à liberdade de expressão’, diz Luciano Hang  via",0,0.945212423801422,0.0547875799238681,0
Censurados...,Parabéns  aos três  bananas  do governo  que apoia a censura  e a ditadura  do   ! Parabéns        !,2,0.945234477519989,0.0547655075788497,0
"VERGONHA ! O ditador e tirano da toga , Alexandre de Moraes , impõe censura pior que a ditadura , bloqueando redes sociais , cerceando a liberdade de expressão , promovendo uma verdadeira perseguição política . IMPRENSA, OAB,ABI, PRESIDENTE DA CÂMARA E DO SENADO , TODOS CALADOS!",Todos tem rabo preso. Ou estão poluídos com a Inhaca do PT / PSDB / PCC / Comando vermelho????,2,0.9452548027038574,0.0547452084720134,0
"""A única luta que a gente perde é aquela que a gente não participa. O Brasil não é do Bolsonaro. É de 210 milhões de brasileiros"" - Luiz Inácio Lula da Silva   #GovernoDeFraudes",E não se faz nada para tirar esse canalha do poder !!!           #ForaBolsonaro,2,0.946026623249054,0.053973376750946,0
"Pegue o exemplo do Roberto Jefferson: é um cidadão que vem cometendo seguidos crimes contra a honra de diversas pessoas. Deve ser processado e pode ser condenado no penal e no cível, mas não vejo previsão legal que justifique cercear o seu livre direito de expressão.",parece usar  como instalador de ditadura. A reação da sociedade civil é o espanto às atrocidades dessa instituição,2,0.9460743069648744,0.0539257153868675,0
bati a testa na parede e acordei assustada grande dia,"Ué, kd a resistência? Esperanfo a choradeira pra reclamarem que o resultado do Covid-19 do Presidente que deu negativo ser fake!!! Segue o jogo!!! Grande dia!!!!",0,0.9462881684303284,0.0537118911743164,0
Empresa privada cumprindo decisão judicial de suspensão de contas de pessoas investigadas por supostos crimes não é censura nem cerceamento de liberdade.,"E censura, vc pode concordar com ela, mas ela não deixa de ser censura. Mesmo os cara censurados sendo uns bostas.",1,0.0565581358969211,0.943441927433014,1
"bom, vc já entrou e oq é censura pra vc?","cara, censura tem so um significado, nao é oq ela significa para mim. censura é uma medida do Estado de cercear a liberdade de expressão",1,0.0568337850272655,0.943166196346283,0
"Não há como aceitar a censura. Não há como aceitar que aplaudam a censura. Liberdade de expressão a todos, aqueles que pensam como eu e os que pensam de forma diferente.",E se vc pensa diferente é normal... só da uma sugada aqui na minha Rola,2,0.0569081827998161,0.9430917501449584,0
Parou de ir na missa e agora apoia a censura.. nunca me enganou!,"Que duplo padrão escroto que tu tem, Manuela. Se fosse da tua turma, ia ficar pistola e reclamar de censura e ditadura.",1,0.0569138415157794,0.9430861473083496,0
"O que vc pensa de um edital de cultura com censura prévia? A prefeitura de Porto Alegre lançou edital p/ auxílio emergencial cultural q restringe a liberdade de expressão dos artistas, impondo como condição q o assunto não tenha cunho político ou religioso.","Te decide, vcs são a favor ou contra a censura? Kkkk ah, entendi, drogas só as ilícitas, efeitos colaterais só dá cocaína , censura só para a direita, ditadura só de esquerda.",1,0.0570705868303775,0.9429293870925904,1
"O que vc pensa de um edital de cultura com censura prévia? A prefeitura de Porto Alegre lançou edital p/ auxílio emergencial cultural q restringe a liberdade de expressão dos artistas, impondo como condição q o assunto não tenha cunho político ou religioso.","ueeeee.....Ou você defende a censura ou você é contra, manuela católica kkkk",1,0.0570834055542945,0.9429165720939636,1
"Sim, e a rede social deletando uma conta não é censura, já que você concordou com essa prática quando fez a conta e ela é constitucional, caso contrário a rede social nem poderia permitir usuários do país.","Exatamente, não passa a ser censura a partir do momento que você concorda.",1,0.057104866951704,0.9428951144218444,0
Vocês também estão sentindo que o clima aqui no Twitter deu uma melhorada?,"Ódio do bem!! Olha ela!!! Não é só assassinato de crianças na pauta, ela defende a censura e a ditadura! Sem novidades,o brasileiro já sabia...por isso a democracia venceu! A JUSTIÇA de Deus prevalecerá!! #VozParaBernardoKuster",1,0.0571426749229431,0.9428573250770568,1
Vocês também estão sentindo que o clima aqui no Twitter deu uma melhorada?,Falam em democracia mas celebram a censura ...,1,0.0573684237897396,0.9426315426826476,1
Não houve censura. Censura é a proibição prévia de se falar algo. Censura não é a solicitação a derrubada de usuários em plataformas. Você tem direito a se expressar mas não tem direito a plataforma pra isso.,"Nenhuma das leis que eles são acusados de quebrar, tem como punição, censura ou proibição de usar o TT. Nenhuma  lei no BR prevê isso, vc pode concordar com a censura, mas ela não deixa de ser censura por isso. Eu acho todos esse caras q foram censurados uns gado merda, mas...",1,0.0573951192200183,0.9426048398017884,1
"KKKKKKKKKKKKKKKK só tem mama político que se vitimiza nessa porra. Se fez coisa errada, direita ou esquerda, tem que se fuder. Não é censura, responde na justiça e se você não tiver quebrado lei alguma, o que tem a temer ? Vocês são hipócritas, só é errado de um lado.","Já havia leis para punir quem denegrisse a imagem ou atacasse a moral da outra pessoa. Isso aí é uma clara censura, vcs só não veem por serem de esquerda.",1,0.0574902519583702,0.9425097107887268,1
"Morrerei discordando de Bolsonaristas, mas isso é censura pura e simples. Nunca vibrarei com a decisão injusta contra aqueles que não gosto, um dia tal decisão pode ser base para a injustiça contra os meus.","amiga, tirar do ar contas que disseminam ódio e fakenews não é censura!",1,0.0575371347367763,0.942462921142578,1
"Ai vão alegar censura, qnd na verdade não passam de difamadores profissionais.","Se não é censura é o que, Noblat?",1,0.0576851069927215,0.9423149228096008,1
A decisão do Min. Alexandre de Moraes abala um dos pilares da democracia que é a liberdade de expressão. Qualquer julgamento que estabelece impedimento prévio de manifestação de opiniões é censura. E a gente sabe onde a censura leva.,"Vc teve meu voto, mas mais uma decepção. Desde qdo impedir divulgação de Fake News, de ódio, de mentiras... é censura? Lamentável seu posicionamento.",1,0.0577292516827583,0.9422707557678224,1
"O que vc pensa de um edital de cultura com censura prévia? A prefeitura de Porto Alegre lançou edital p/ auxílio emergencial cultural q restringe a liberdade de expressão dos artistas, impondo como condição q o assunto não tenha cunho político ou religioso.",Ué comunistinha de bosta... vc não é a favor da censura do STF? pensei que pra vc podia todo tipo de censura...,1,0.0578575879335403,0.9421424269676208,1
"Não foi com você, mas tá se doendo todo. Evitar que criminosos cometam delitos não é censura. Censura seria se você (ou eu) não pudéssemos falar o que estamos falando aqui. Não entendo e nunca vou entender quem defende discurso criminoso. Tenha um bom resto de dia!","Entendi, então quando um jornal/emissora publicar algo que não seja verdadeiro, deve ser fechado! É isso? Se alguém pública algo criminoso, que seja julgado e responsabilizado, mas retirar a voz desse alguém é censura...",1,0.0582010261714458,0.9417989253997804,1
"Não se trata de censura, se trata de coibir disseminação  de desinformação,  injúria, calúnia, difamação. Temos liberdade pra falar (e ser responsabilizados por isso), mas essa liberdade termina quando começa a do outro.","Tá ligado que é censura mesmo assim, não concordo com ninguém, mas ninguém mesmo daqueles caras, mas não se pode fazer oque foi feito, já pensou se tiraram nosso tt do ar por nós meter o pau no Bolsonaro? Tem os dois lados e não concordo com isso...",1,0.0582853630185127,0.9417145848274232,1
"Ninguém deve mesmo, até mesmo o MBL que tá sendo investigado por um absurdo, e o Bergado ficou lá felizão porque os inimigos políticos podem ser presos por uma investigação sem lógica, isso também seria censura e calúnia não seria?",Ele supostamente ficar feliz por isso é censura?,1,0.0583161935210228,0.941683828830719,1
"Então você é a favor da censura. Campos de concentração também? Execução sumária para quem pensa ""errado""?","Meu mano, quer reclamar de censura reclama com o próprio twitter, eles que mandam nesse lugar. Se eles acham necessário apagar a conta de alguém pq alguém violou alguma ""lei"" da plataforma eles farão isso.",1,0.0583725608885288,0.9416275024414062,1
"Não há como aceitar a censura. Não há como aceitar que aplaudam a censura. Liberdade de expressão a todos, aqueles que pensam como eu e os que pensam de forma diferente.","Parabéns Lacombe , concordo que não pode existir censura a nenhum tipo de pensamento... a  deveria ter um pouco de sabedoria e ver da mesma forma isso , pois o risco e a todos nós amanhã ... Raquel vc é inteligente, não se deixa por ideologia ficar cega .",1,0.0583891496062278,0.941610872745514,0
"Vc não tem o juízo no lugar. Para isso temos o CP calúnia, difamação etc etc etc não censura, entendeu?","Pela milésima vez vou repetir, não defendo censura e só o fato de você atuar como perfil anônimo já mostra que você tem medo de ser expôr.",1,0.0584066621959209,0.94159334897995,1
"é censura sim... a lei já prevê os crimes contra a honra, direito de resposta, responsabilidade civil, mas censura nunca.. a liberdade é inegociável.","Não,não é censura, é punição por crimes.Como já te explicaram mt bem, não existe direito absoluto. Pessoas são livres para se expressarem, mas se expressarem racismo, por exemplo, serão punidas, pq racismo é CRIME. Quer falar? Ngm te impede. Apenas aguente as consequências.",1,0.0584558546543121,0.9415441751480104,1
Vocês também estão sentindo que o clima aqui no Twitter deu uma melhorada?,"A esquerda defendendo a censura, nenhuma novidade.",1,0.0586077459156513,0.9413922429084778,1
"Pra quem acha que é “censura” o que está acontecendo hoje no Brasil, favor ler a thread. Propagar notícias falsas é crime! E já estava mais do que na hora desses caras serem banidos da sociedade, não apenas das mídias sociais/digitais. Pilantras!",Vc deveria ter vergonha de usar este cidadão para defender a censura sim. Aliás recomendo a vc ver mais a fundo os vídeos que este cidadão posta. Muitos impróprios e poderiam ser classificados como pedofilia chegando a recomendar que não mostrem aos pais.,1,0.0588357225060462,0.9411641955375672,1
"Quem melou a CPI da Lava-toga pela ""governabilidade"" hoje não pode reclamar de censura.  Simples assim.","Nando, vc está politizando censura? CENSURA?!?! Independente da vertente política ou ideológica, compactuar com censura não é, nem um pouco razoável. Tristeza.",1,0.0590834096074104,0.9409165382385254,1
Vocês também estão sentindo que o clima aqui no Twitter deu uma melhorada?,"Militante comunista, engana-te se achas que nos afeta! Nos une e dá certeza que estamos certos! Censura não! #Bolsonaro2022",1,0.0590886883437633,0.9409112930297852,1
"O que vc pensa de um edital de cultura com censura prévia? A prefeitura de Porto Alegre lançou edital p/ auxílio emergencial cultural q restringe a liberdade de expressão dos artistas, impondo como condição q o assunto não tenha cunho político ou religioso.","A mesma censura que você comemora quando direitistas e bolsonaristas tem páginas cassadas. Gostoso, né comunistinha? Seu sonho devia ser usar o artigo 58 da URSS stalinista aqui mas não vai, não. Vai ficar só no sonho da sua mente do século XIV. Domingo tem missa, hein?",1,0.0591103211045265,0.9408896565437316,1
Vocês também estão sentindo que o clima aqui no Twitter deu uma melhorada?,Manuela finalmente admite aprovar censura àqueles que pensam diferente dela. Até que enfim mostrou ser comunista raiz  totalitarismo é isso aí,1,0.0591604821383953,0.9408395290374756,1
"O que vc pensa de um edital de cultura com censura prévia? A prefeitura de Porto Alegre lançou edital p/ auxílio emergencial cultural q restringe a liberdade de expressão dos artistas, impondo como condição q o assunto não tenha cunho político ou religioso.","Algumas horas atrás tu estava comemorando a censura de apoiadores o governo, agora reclama dessa ""censura prévia""... Te decide logo, ou tu é a favor da censura, ou tu é contra... os dois juntos não dá.",1,0.0593393146991729,0.9406607151031494,1
"aguardando sua manifestação contra a censura. Ah, esqueci, sua “imparcialidade” não lhe permite!",Vcs tao comemoramdo censura msm ou eh meme?,0,0.0594767369329929,0.9405232667922974,0
"Não é censura quando uma conta de uma pessoa é derrubada, quanda essa pessoa incentiva à saírem de casa num meio de uma pandemia para protestarem à favor de uma lei que te proíbe até dar opinião sobre o governo :)  É uma coisa que tem que explicar até para os bolsominions, pqp","censura é o corte de liberdade de expressão, mas apartir do momento que sua liberdade de expressão fere ou induz algo ruim/crime, não é censura nem fudendo",1,0.0595107972621917,0.9404892325401306,0
"Realmente estão tentando a todo custo impor censura aos apoiadores do presidente. A globo está fazendo um ótimo papel passando pano, mas nn pôde criticar ela um tiquinho q já sai botando artistas com mão na boca, no ouvido, nos olhos, na venta, no rabo e falando de ditadura...","O que vc pensa de um edital de cultura com censura prévia? A prefeitura de Porto Alegre lançou edital p/ auxílio emergencial cultural q restringe a liberdade de expressão dos artistas, impondo como condição q o assunto não tenha cunho político ou religioso.",0,0.0595640987157821,0.9404358863830566,0
"Se vc não sabe a definição de censura, procure saber. Pela sua assertiva, então, vc afirma que quando da prática de crimes, deve haver censura?","Sim, achei q fosse óbvio. Liberdade de expressão não é e nunca foi poder falar o que quiser. Racismo, homofobia, intolerância religiosa e discursos de ódio são crimes. Impedir que pessoas digam certas coisas não é censura, é justiça. Sua liberdade termina quando a do outro começa",1,0.0595870874822139,0.9404128789901732,1
Vocês também estão sentindo que o clima aqui no Twitter deu uma melhorada?,Chega a escorrer na perna o tesao pela censura!! Que  coisa horrorosa,1,0.0596077442169189,0.9403921961784364,1
Vocês também estão sentindo que o clima aqui no Twitter deu uma melhorada?,Burrice é comemorar censura,1,0.0597372949123382,0.9402626752853394,1
"O que vc pensa de um edital de cultura com censura prévia? A prefeitura de Porto Alegre lançou edital p/ auxílio emergencial cultural q restringe a liberdade de expressão dos artistas, impondo como condição q o assunto não tenha cunho político ou religioso.","A censura só não serve quando vcs são previlegiasse, não vejo um pio de vcs do que tá acontecendo no país ..hipocrisia pura",1,0.0597644262015819,0.9402356147766112,1
"O apoio à censura, que interessante. Isso é como criar uma naja em casa, um dia ela se volta contra você! “Vitória” ?!? Patético","Repitam quantas vezes isso for suficientes pra consciência de vocês achar q tem razão. Eu acho TODOS aqueles caras idiotas, sem exceção, mas isso é censura e quando recair sobre alguém que vcs “acreditem” que não mereça, aí vão bradar “estamos numa ditadura”. Agora é conveniente",1,0.0598011314868927,0.9401988983154296,0
Vocês também estão sentindo que o clima aqui no Twitter deu uma melhorada?,"Que fique claro quem está do lado da ditadura, da censura e dos hackers do interior de SP",1,0.0598479025065898,0.940152108669281,1
"Sim, se houver crime que eles sejam punidos legalmente, censura não é o caminho",concordo censura não é o caminho. vc não sabe do que está falando aqui vc disse que liberdade de expressão é um direito absoluto que está acima de tudo,1,0.059881716966629,0.9401183128356934,-1
Vocês também estão sentindo que o clima aqui no Twitter deu uma melhorada?,Comunista defendendo censura: nenhuma novidade!,2,0.0600388385355472,0.9399611353874208,1
"Sim, e o ministro usou a lei para impedir um criminoso de continuar utilizando o seu meio de cometer crimes. É a SUA opinião de que é censura, não a opinião da lei.   Agora, novamente, vc acha errado tirar as armas de mão de um criminoso para impedir ele de cometer mais crimes?","Se eu matar alguém, ngm pode tirar a minha arma até o julgamento pq é censura? Me impedir de cometer mais crimes é censura?",1,0.0600505992770195,0.9399493336677552,0
Vocês também estão sentindo que o clima aqui no Twitter deu uma melhorada?,As ditaduras comunistas sempre celebram a censura. #FechadoComBolsonaroAte2026,1,0.0600977726280689,0.9399022459983826,1
"Negativo meu caro. Isso não é censura. A internet pode até parecer terra sem lei, mas não é. Todos que tiveram as contas retidas, são aqueles que atacam a instituição STF, fora as Fakes News que continuam em massa.","Dispenso a aula, meu nobre. Pra mim é censura sim... acompanhava Muitas das contas, sou da esquerda há 40 anos, e FORA FHC nunca rendeu censura, e nem todas tinham fake News. Guarde a aula pra vc. No meu Twitter o professor sou eu.",1,0.0601045787334442,0.9398954510688782,1
"Não se combate mentira com censura, se combate com verdade e educação","É muito bonito bater palma e apoiar contas excluídas quando elas não conversam com teu viés.  A manifestação de opinião publicamente ela DEVE ser livre, independente se é concordante com o que se foi dito ou não. Isso é liberdade, o resto é censura",1,0.0601609423756599,0.9398390650749208,0
"Não se trata de censura, se trata de coibir disseminação  de desinformação,  injúria, calúnia, difamação. Temos liberdade pra falar (e ser responsabilizados por isso), mas essa liberdade termina quando começa a do outro.","Censura é censura amigo, nao importa se ele fala mal do stf, do Bolsonaro, do Mickey Mouse",1,0.0601824298501014,0.9398176074028016,1
"Quando começa assim: ""Sou contra a censura, MAS..."" tudo q vem depois do 'mas' serve somente como contradição.",Que parte vc não entendeu hein?  Sou totalmente contra a censura. Apenas acho estranho meterem o pau no PR e Militares e depois ir chorando pedir ajuda. Não apoio quem tenta dividir a direita e lucra em cima disso.,1,0.0602012798190116,0.9397987723350524,1
"Quem comemora a censura hoje, será alvo da censura amanhã. É a lógica de qualquer ditadura.",Não é censura se você usa o perfil pra ofender alguém e falar mentira. Simples.,2,0.0602265037596225,0.9397734999656676,1
Combate à mentiras não é censura.,"Fabrício, quem decide o que é mentira ou não? O monopólio de dizer o que é verdade deve mesmo ficar nas mãos dos políticos do judiciário? Mentiras se combatem com a verdade, ao passo que maus argumentos são derrubados com bons argumentos. A “máquina” ir contra isso é censura sim.",1,0.0602362677454948,0.9397637248039246,1
"Longe de defender qualquer um deles, mas defender censura, logo alguém da impresa!? Essa é novidade pra mim...",Quando uma quadrilha se reuni pra destruir a reputação de alguém só por não ter s mesma ideologia . E a pessoa é agredida nos lugares e até obrigada a fugir do país . Isso não é censura e sim justiça .,1,0.0604268759489059,0.939573049545288,1
desde quando suspender quem comete crime e propaga mentiras é censura? pq estão mentindo a favor do que vc concorda? fiquei curioso.,"Quem comete crime tem q ser preso. Ser previamente proibido de se expressar é, literalmente, o conceito de censura. Não é difícil de entender, até vc consegue.",1,0.0604450777173042,0.9395549893379213,1
"O que vc pensa de um edital de cultura com censura prévia? A prefeitura de Porto Alegre lançou edital p/ auxílio emergencial cultural q restringe a liberdade de expressão dos artistas, impondo como condição q o assunto não tenha cunho político ou religioso.",Mas você nao e a favor da censura? A entendi se e contra você es a favor da censura de e a teu favor es contra. Bem o que esperar de um Comunista ne. O problema e que sua hipocrisia fica mais visível.,1,0.0607060343027114,0.9392939805984496,1
"Não é censura, Sabino. Tudo tem limite. Aquilo parece uma seita de adoração ao cão, pelo amor de Deus.",Não é censura??? Fico impressionada com a ignorância das pessoas de achar que tudo isso é normal e correto. Amanhã pode ser você!,1,0.0607459209859371,0.939254105091095,1
"Desculpa, mas acho que em vez de apontar para os outros devemos nos perguntar: sou a favor da democracia e bato palmas para a censura?","Não é censura, é bloqueio de contas que usam de fake News para apoiar um candidato.",1,0.0608136691153049,0.93918639421463,1
"O apoio à censura, que interessante. Isso é como criar uma naja em casa, um dia ela se volta contra você! “Vitória” ?!? Patético","Não confunda censura com difamação, mentira e ameaças isso mata.",1,0.0608806572854518,0.939119279384613,1
Vocês também estão sentindo que o clima aqui no Twitter deu uma melhorada?,"Imagino se vc tivesse sido eleita vice, qual seria o tipo de melhora  estaria propondo.   Comemorando a CENSURA",1,0.060883454978466,0.9391165375709534,1
Vocês também estão sentindo que o clima aqui no Twitter deu uma melhorada?,"Comuna comemorando censura, sempre o mesmo",1,0.0608933269977569,0.9391067028045654,1
Vocês também estão sentindo que o clima aqui no Twitter deu uma melhorada?,"Print -&gt;coleção de prints -&gt; Whatsapp, Instagram, FB, Twitter...  Título: apoiadores da CENSURA e da CORRUPÇÃO, ABORTO...  Continuem em campanha para os ""coitadinhos pedófilos"", esquerdalha porca. Quero mais prints desses. Tenho só 15 ou 16.",1,0.0609183311462402,0.9390816688537598,1
Vocês também estão sentindo que o clima aqui no Twitter deu uma melhorada?,"Não sei, mas tem um clube de vela muito bom em Porto Alegre. Justamente por não permitirem entrada de certos tipos de esquerdopatas. Aqueles que comemoram censura dizendo serem contra ditaduras. Conhece esse clube???",2,0.0609664991497993,0.9390335083007812,1
É  censura pura e simples . Isso é uma vergonha.,"Pela cor de sua barba, você sabe o que foi a censura e contas suspensas é bem diferente. No tempo em que havia censura, o seu tuite não teria sido publicado e as pessoas envolvidas nos ataques à democracia já não estariam aqui.",1,0.06099284440279,0.9390071034431458,1
"""queremos AI-5!""  aí a justiça tira do ar perfis ligados a FAKE NEWS, e eles:  ""ain, mas isso é censura!""  oi? sabiam que durante o AI-5 tinha censura? vocês deviam estar achando bom, não? não me diga que vão reclamar de tortura também, até outro dia vocês homenageavam torturador",Então vc concorda com censura?,1,0.0610334277153015,0.9389665722846984,1
"Mas é isso que eles estão fazendo. Te ver defender isso me estranha. Se a intenção é coibir isso que vc disse, que se puna as pessoas dentro da lei. Existe algum desses crimes que é previsto como punição censura?",Não houve censura. Censura é a proibição prévia de se falar algo. Censura não é a solicitação a derrubada de usuários em plataformas. Você tem direito a se expressar mas não tem direito a plataforma pra isso.,1,0.0610748827457428,0.9389251470565796,1
"Mudei para Mônaco.  País de rico, eu acho, e sem censura. Alguém mais mudou de país hoje?","os caras pedem ditadura e fica reclamando sobre censura   sinceramente, vai se fuder",0,0.0611214563250541,0.93887859582901,1
Vocês também estão sentindo que o clima aqui no Twitter deu uma melhorada?,Comunista gostar de censura não é novidade.,1,0.0612803995609283,0.938719630241394,1
"O que vc pensa de um edital de cultura com censura prévia? A prefeitura de Porto Alegre lançou edital p/ auxílio emergencial cultural q restringe a liberdade de expressão dos artistas, impondo como condição q o assunto não tenha cunho político ou religioso.","ué?! censura à liberdade de expressão só vale quando é contra apoiadores do presidente?  te decide aí, sua comunistazinha de merda! pode censura ou não?",1,0.061334490776062,0.9386655688285828,1
"Me faltam adjetivos pra classificar a suspensão de contas em redes sociais APENAS de apoiadores do Governo.   Para os da esquerda que comemoram, lembrem-se que nada impede que isso aconteça com vocês a qualquer momento.   A censura é real.",Usa a própria rede social para reclamar de censura = burra,1,0.0613795183598995,0.9386205077171326,1
Vocês também estão sentindo que o clima aqui no Twitter deu uma melhorada?,"Para quem apoia o PCC (Partido Comunista da China) e as ditaduras que atualmente estão governando alguns países hoje em dia, tudo isso é normal, Censura da Liberdade de Expressão...",1,0.0614018179476261,0.9385982155799866,1
Não é censura pq são mentiras e são mentiras que estão prejudicando o país como um todo.,"É censura, se alguém diz uma mentira é o Felipe que acabou de criar um incidente diplomático mentindo sobre a Ucrânia. É nisso que dá moleque ignorante com a boca grande. Vcs sequer conhecem a lei e a CF do seu país pra darem opinião. Vcs não foram civilizados, molecada idiota",1,0.061403214931488,0.9385967254638672,1
Vocês também estão sentindo que o clima aqui no Twitter deu uma melhorada?,"Claro, o presida esta bem, ja a parte da censura, bem, agora estamos vendo que em 64 venceu o lado certo",1,0.0614518411457538,0.9385481476783752,1
Vocês também estão sentindo que o clima aqui no Twitter deu uma melhorada?,"Chegamos ao ponto de comemorar censura. Triste, desanimador. Suas opiniões são apenas válidas se alinhadas a essa corja.",2,0.0614715591073036,0.9385283589363098,1
Vocês também estão sentindo que o clima aqui no Twitter deu uma melhorada?,Não seja por isso: Vai pro c! Contatinho de Hacker!!! . . #Bolsonaro2022 #VozParaBernardoKuster  Roberto Jefferson,1,0.0616027452051639,0.938397228717804,1
"Informar e não assustar. Nas últimas 72 horas ocorreram 272 óbitos no Brasil os demais até completar 1384 foram nos últimos 2 meses. A grande  mídia divulga tudo como se fosse na últimas 24 horas, e não é!!","Para de desinformar!  Você está prestando um desserviço à sociedade! Deturpando informações, você só transmite pânico! Isso é mau-caratismo! Mais responsabilidade, POR FAVOR!",2,0.0616769194602966,0.9383230209350586,1
Está confessando que existe censura aceitável? Censurar os oponentes é permitido? Hummmm! Eis o retrato da hipocrisia esquedopata.,Isso não é censura e sim criminalizar as fake news você pode até fazer fake news mas terá consequências,1,0.0617960542440414,0.9382039308547974,1
"O que vc pensa de um edital de cultura com censura prévia? A prefeitura de Porto Alegre lançou edital p/ auxílio emergencial cultural q restringe a liberdade de expressão dos artistas, impondo como condição q o assunto não tenha cunho político ou religioso.","Ué , tava comemorando a censura dos deputados bolsonaristas e agr se diz contra a censura ??  Essa hiprocrisia da esquerda",1,0.061812724918127,0.9381872415542604,1
"Divulgar fake news e mentiras para destruir a reputação de adversários, promover o ódio e a violência e até enganar o público de formas que podem colocar a saúde da população em risco NÃO É LIBERDADE DE EXPRESSÃO.   É crime.","Verdade, mas quem destrói imagem, até mesmo de medicamento como a Cloroquina procuraram desmoralizar, quem atacam pessoas e engana o público e promove a censura, por ódio e usa de violência, quem afirma que antifas são democráticos, quem flerta com a mentira?",2,0.0618240348994731,0.9381759166717528,1
e as redes sociais ficaram um pouco menos odiosas...,Quem diria que vc iria parecer gostar de censura? Tristes tempos!,2,0.0618483684957027,0.9381516575813292,1
"Não há como aceitar a censura. Não há como aceitar que aplaudam a censura. Liberdade de expressão a todos, aqueles que pensam como eu e os que pensam de forma diferente.","O assunto não é censura mas sim divulgação de informações falsas, vcs aprovam isso?",1,0.0619040615856647,0.9380959868431092,1
Melhor ler isso q ser cego! Censura e bom desde qd? Cuidado q qd vc comemora a censura do seu inimigo no futuro ela pode voltar e cair no seu colo.,"não existe censura quando se usa os meios de comunicação como o Twitter pra se propagar notícia falsa. sobretudo com inteligência artificial pra isso. veja bem, falamos de notícia falsa, não uma opinião. Num país com a educação ruim como a nossa, isso é uma arma.",1,0.0620436109602451,0.9379563331604004,1
Vocês também estão sentindo que o clima aqui no Twitter deu uma melhorada?,"Cada ação tem uma reação! Nesse caso, cada perseguição, cada censura, cada pedra lançada contra conservadores(ações), só nos mostra que os princípios os quais defendemos, tem um valor imensurável. E a reação é #Bolsonaro2022 !!!",1,0.0620557591319084,0.9379442930221558,1
A censura sempre deve ser combatida. Boa sorte para esses perseguidos políticos.  Me assusta a possibilidade de voltarmos a um regime ditatorial liderado por gente que o povo não votou.,Isso não é censura! Fecha teu cu,1,0.0620690211653709,0.9379310011863708,1
"Várias contas foram retidas do Twitter sob a justificativa de ""demanda legal"". , ,  e outros, todos defensores do governo e críticos do STF. Do que se trata? Não foram notificados de nada ainda. É o tal inquérito ilegal? Isso é censura!","fica quietinho, que já chega a tua vez. queriam ditadura e ai 5, toma amostra grátis Espalhar fakenews e discursos de ódio não tem nada a ver com liberdade de expressão.  Combater fakenews e discursos de ódio não tem nada a ver com censura.  dito isso: GRANDE DIA, companheiros...",1,0.0621373355388641,0.9378626942634584,1
"Não se trata de censura, se trata de coibir disseminação  de desinformação,  injúria, calúnia, difamação. Temos liberdade pra falar (e ser responsabilizados por isso), mas essa liberdade termina quando começa a do outro.","Ironicamente, você está propagando desinformação defendendo censura nesses tuites. Está propagando desinformação ao defender que deve-se seguir uma regra estatal mesmo que não consintam com o estado. Está cometendo injustiça defendendo que um estado tem direito de calar alguém. K",1,0.0621665976941585,0.9378333687782288,1
"O tratamento com cloroquina, na fase inicial, funciona e pode salvar muitas vidas. Grande dia!","Espero que hipocrisia não seja uma das características da gov. do RS; Que fique no AS e não tome essa medicação 'sem comprovação científica', agora que pegou Covid em passeio para entrevista em SP enquanto obriga a população a ficar dentro de casa.  Força aí.",2,0.062243778258562,0.9377561807632446,0
"O que vc pensa de um edital de cultura com censura prévia? A prefeitura de Porto Alegre lançou edital p/ auxílio emergencial cultural q restringe a liberdade de expressão dos artistas, impondo como condição q o assunto não tenha cunho político ou religioso.","Você comemorou a censura hoje de manhã, sua imbecil. Tá gostando?",1,0.0622632913291454,0.9377366900444032,1
É  censura pura e simples . Isso é uma vergonha.,Censurar quem dissemina mentiras eu acho que eh um favor pra sociedade e não censura. Fake news pode levar até a morte de uma pessoa como já aconteceu várias vezes. Quem propaga mentira tem que se foder mesmo,1,0.0623728483915329,0.937627136707306,1
"Você endossou a PL da censura das redes, esse texto está em desacordo, judiciário absolutista censurando e você pode ser o próximo.",Endossou não. Ele é o criador do braço do demônio. Ele criou a lei que censura as pessoas e que cria mecanismos de controle de conteúdo!!!,1,0.0624454095959663,0.9375545382499696,0
Tem que ser muito sem caráter para achar que censura é uma coisa normal.,"Isso não é censura, amigo, é punição, deixa de ser burro",1,0.0624809190630912,0.9375191330909728,1
"Não se trata de censura, se trata de coibir disseminação  de desinformação,  injúria, calúnia, difamação. Temos liberdade pra falar (e ser responsabilizados por isso), mas essa liberdade termina quando começa a do outro.","não se trata de censura, mas é censura",2,0.0625354200601577,0.9374645352363586,1
Que absurdo!  E quem julga o que é verdade distorcida? Você? Eu? O Moraes? O Twitter? Quando a ferramenta limita ou zera o alcance está censurando. Ponto final.  Vc tbm é a favor da censura e nem sabe disso. Presta atenção que isso vai voltar pra morder sua bunda amanhã.,"Sim, eu sei que isso é censura de certa forma, mas eu estou dizendo que era melhor ter diminuído o alcance ao invés de ter apagado as contas, não quero entrar em falácia mas parece que vocês estão defendendo o apagamento...",1,0.062551774084568,0.9374482035636902,1
"Ele demitir do governo dele quem não concorda com ele é equivalente a um ministro do supremo censurar o meio de comunicação de uma pessoa com base em ""subversão da ordem""? E ele sequer é meu presidente, n votei nele. Mas tbm não defendo censura","Você não sabe o que é realmente censura, o que foi o medo de artistas e jornalistas de serem mortos pelos militares, nos anos 70. Cada meio de comunicado tinha um censor para calar qualquer jornal que falava mau do governo da época, e se falava era torturado e morto.",1,0.0625769942998886,0.9374229311943054,1
"Bom então você provavelmente não defende liberdade de expressão, você é a favor apenas aquilo que lhe convém. Não se combate mentira com censura, se combate mentira com verdade","primeiro que censura é algo prévio, segundo que eu estou falando de algo que já é crime (manipulação com fins políticos e difamação), terceiro que eu falei exatamente do combate à mentira (oq independe de opinião própria, logo não há espaço para o que ""me"" convém)",1,0.0626290664076805,0.937371015548706,1
Vocês também estão sentindo que o clima aqui no Twitter deu uma melhorada?,Negativo! Estamos aqui por  e por todos que foram censurados. #VozParaBernardoKuster,1,0.0626741126179695,0.9373258352279664,1
Você não sabe o significado de censura também. Tá vendo? O seu erro é querer tirar suas convicções de coisas que já tem definição própria. Quando você assaltar um banco você fala pro juiz que você é um ser livre e pode fazer o que quiser. Liberdade ou é absoluta ou não é né?,"Vamos lá, a limitação de opinião e ideias são censura, seja ético ou não, moral ou não, a partir do momento que retira sua liberdade de opinar sua idéia como feito ali em cima é uma censura. Você tem a liberdade de fazer o que quer, obviamente vai sofrer represaria, mas no que +",1,0.062690332531929,0.9373096227645874,1
"Me faltam adjetivos pra classificar a suspensão de contas em redes sociais APENAS de apoiadores do Governo.   Para os da esquerda que comemoram, lembrem-se que nada impede que isso aconteça com vocês a qualquer momento.   A censura é real.",Eles acham que estão livres desta censura!!,1,0.0627195984125137,0.9372804164886476,0
Vocês também estão sentindo que o clima aqui no Twitter deu uma melhorada?,Amanhã pode ser a sua. Qua será sua reação sobre censura? Aguardemos!,1,0.0627632588148117,0.9372367262840272,1
Vocês também estão sentindo que o clima aqui no Twitter deu uma melhorada?,"OHHHHH COITADA...ELA NEM RACIOCINA DIREITO...PENSA COMIGO QUERIDINHA: Alexandre de Moraes está dando a chance de ouro para a direita se tornar um grande movimento...mil contas censuradas, três mil abertas depois",1,0.0627688392996788,0.937231183052063,1
"Acho q vc não sabe o q é democracia, liberdade de expressão e justiça. Por isso vc acredita q não é censura.  Chamar Bolsonaro de genocida, milíciano e outros adjetivos é fake news, mas vcs tem liberdade pra isso, coisa q está sendo cessada do lado de cá pelo STF.",Democracia? O que vocês entendem disso? Ué estão achando que é censura ? Não querem a volta do exército? AI-5? Vão se informar a diferença de ódio e democracia.,1,0.0627940371632576,0.937205970287323,1
"Não se trata de censura, se trata de coibir disseminação  de desinformação,  injúria, calúnia, difamação. Temos liberdade pra falar (e ser responsabilizados por isso), mas essa liberdade termina quando começa a do outro.","sim, é censura.",1,0.0628037750720977,0.9371961951255798,1
"""queremos AI-5!""  aí a justiça tira do ar perfis ligados a FAKE NEWS, e eles:  ""ain, mas isso é censura!""  oi? sabiam que durante o AI-5 tinha censura? vocês deviam estar achando bom, não? não me diga que vão reclamar de tortura também, até outro dia vocês homenageavam torturador",Mas vc acha que a determinação de Alexandre de Moraes foi um ato de censura?,1,0.0628358349204063,0.9371641874313354,1
"Acrescento: se fosse eu o censurado, esses mesmos comemorariam e/ou criariam narrativas para encobrir/desmentir o fato. ACREDITE.  Alguns desses q perderam seus perfis assassinaram reputação de quem queria lava-toga, patrulham opiniões e promovem seu próprio mecanismo de censura.",Então vc apoia a decisão do STF de censura?,1,0.0629191696643829,0.9370808601379396,1
"Censura no cu dos outros é refresco não é? É simples, antes de reclamar de “censura” vá estudar história, vê o que foi realmente a ditadura de 64 e o AI-5 depois você vem aqui chorar.","Não defendo censura pra ninguém seu burro(a). Não estou chorando tbm, estou tranquila em casa digitando minha opinião. ""Vai estudar história"" já tá batido desde 2016. Tem que renovar seu repertório.",1,0.0629230961203575,0.937076985836029,1
"Calúnia, difamação, mentiras, discurso de ódio não é "" se A ou B acha"". Isso não é Censura, foi dada a liberdade de expressão, se cometeram crime que paguem. Mas se souber de algum esquema de FakeNews igual a esse na Esquerda me avise que eu te apoio. Abç","Então, vc banir essas contas dessa forma ditatorial não é censura?? Só porque vc não segue a cartilha deles? Muito democrático isso.",1,0.0629447251558303,0.9370552897453308,1
tu acha que chamar alguém de gay é ofensa? vai ter que melhorar muito. mil vezes ser gay a ser eleitor do bolsonaro ou apoiar alguem como sara winter HAHAH QUE MICO,"você apoia censura viadão, parabéns",1,0.0629852712154388,0.9370147585868835,1
Quem dá defendendo censura?,"Achar certo calar os outros mesmo que vc não concorde na base do tapetão quando tem lei que regula, que é o código penal, é achar certo a mordaça arbitrária = censura",1,0.0629994869232177,0.937000572681427,1
"Os Bolsonaristas estavam esse tempo todo pedindo a volta da ditadura e quando excluem a conta de pessoas que estavam espalhando fake news (crime), eles espumam e falam que isso é censura hahahha gente, vcs acham que na ditadura não tem censura não?",Censura só é boa quando ela não cala vcs e sim os outros né  ????,1,0.0630497634410858,0.9369502067565918,1
"Os defensores da ditadura, vejam só, agora querem reclamar de “censura”. A reivindicação? Poder espalhar mentiras e discurso de ódio pelas redes sociais.",quem esta defendendo censura esta sendo vc...não percebe?,1,0.0631523877382278,0.9368475675582886,1
"Sim, achei q fosse óbvio. Liberdade de expressão não é e nunca foi poder falar o que quiser. Racismo, homofobia, intolerância religiosa e discursos de ódio são crimes. Impedir que pessoas digam certas coisas não é censura, é justiça. Sua liberdade termina quando a do outro começa",Falar o que quiser e ser responsabilizado por isso é muito diferente de censura praticada pelo estado. Cada um deve ser responsabilizado na proporção do dano causado. Não confunda as coisas.,1,0.0631989613175392,0.936801016330719,1
"O que vc pensa de um edital de cultura com censura prévia? A prefeitura de Porto Alegre lançou edital p/ auxílio emergencial cultural q restringe a liberdade de expressão dos artistas, impondo como condição q o assunto não tenha cunho político ou religioso.","Vocês só são contra a censura quando-lhe convém.   Não lutam pela liberdade, lutam para formar seus monopólios ideológicos.",1,0.0632057562470436,0.9367942214012146,1
"Então eu estava vendo o comentarista da  ,me parece que não houve censura...Eles estão amparados pela lei.... Acho que  poderia falar mais...","E não, não foi censura. São criminosos espalhando mentiras. Tem que ser banido mesmo. Isso é uma democracia , mas não venha com inventos. Regras são para ser cumpridas.",1,0.0632624179124832,0.936737596988678,0
Veja os posts dessa galera que fala em censura rsrs.,Tem oq? Fala ai? Te garanto q nada tão imbecil quanto um asno q defende censura,1,0.0632910504937172,0.936708927154541,1
EU vendo que contas bolsonaristas são retiradas do ar no Twitter e Facebook e que o pessoal que pede a volta da ditadura tá reclamando de censura,Então vc concorda com a censura ?,1,0.0633095651865005,0.9366904497146606,1
É  censura pura e simples . Isso é uma vergonha.,"Um absurdo a pessoa não ter a liberdade de dizer que sabe a onde a outra mora, os lugares que frequenta, onde mora sua empregada  e todo tipo de ameaças e fake news, um absurdo, essa censura é coisa de ditadura",1,0.0633591562509536,0.9366408586502076,1
"Não é uma delícia ver a galera que pedia um AI-5 chorando e gritando CENSURA?   Foi uma decisão judicial, esses imbecís confundem PUNIÇÃO com CENSURA.  A única coisa boa é ver esse “fugitivos da inteligência” chorando nas redes. Criticando a censura e o “livre mercado”","Animal, a censura tbm é uma punição. Se vc ñ percebe que está vivendo numa ditadura de toga o ""fugitivo da inteligência"", é vc.",1,0.0635473430156707,0.9364526271820068,1
"Meu caro, para haver censura a premissa é a de que existe jornalismo e informação","A premissa de existência de censura é a manifestação de pensamento, qualquer q seja ele, q venha a ser proibida.  ""Informação"", ""jornalismo"" são conceitos abertos.  Você mesmo foi acusado de praticar golpismo travestido de jornalismo, como vc certamente se lembra.  Abraço.",1,0.0635918453335762,0.9364081025123596,1
"Eu entendo a contradição, ainda assim não justifica censura. O caminho pra combater pensamentos autoritários com certeza não é com autoritarismo. Eu e você olhamos o discurso deles e achamos absurdo coisas como AI-5, assim será com a maioria. Devemos educar, não reprimir.","O que eu tentei dizer e parece que ainda assim não ficou claro é que eu não vi censura, eu vi punição. Na minha opinião se você apoiar tortura, desejar morte alheia, você está cometendo um crime, não sendo censurado.",1,0.0636579245328903,0.9363420605659484,1
#Bolsonaro2022 a esquerda finge em ser contra a censura.  Eles apoiam a Ditadura da Venezuela e da China .,"Mas o que houve com aquela gente nada fina, nada elegante e nada sincera que pedia o AI-5? Estão reclamando de censura? Eu conto ou vcs contam?",0,0.0636777132749557,0.9363223314285278,1
Censura nunca mais.,"Vcs que sofreram na pela a censura desses ditadores deveriam ser os primeiros a combater isso, mas não, preferem nos atacar, olha a merda agora, daqui a pouco eles vão pra cima de vcs de novo.",1,0.0637789741158485,0.9362210631370544,0
Não me estranha nem um pouco a esquerdalha comemorar censura.,Pregar fake news não é censura...,1,0.0638114064931869,0.936188578605652,1
"Não se trata de censura, se trata de coibir disseminação  de desinformação,  injúria, calúnia, difamação. Temos liberdade pra falar (e ser responsabilizados por isso), mas essa liberdade termina quando começa a do outro.","É censura igual, assim como esse argumento poderia ser usado pra censurar os débil mentais que divulgaram a vacina cubana contra o corona, seria censura igual, liberdade também é liberdade de falar merda.",1,0.0638646408915519,0.9361353516578674,1
"Edianez, trata-se de criminosos. Não é questão de censura.  Então uma pessoa pode me caluniar que ela fica protegida por ""liberdade de expressão ""? Não né .","Não, a pessoa que comete crimes de ameaça, injúria, difamação e contra a honra tem de responder perante a legislação, cabe até pedido de indenização quando há dano moral. Cada um que responda pelo crime já cometido. Mas apoiar a proibição de postar, isso é censura prévia",1,0.0639068782329559,0.9360931515693665,1
"A conversa começou pela dúvida se era censura ou não. Sendo crime, não é censura. Concordamos? Você acha que não é certo, ok. Mas argumentamos que é crime pois está na lei e logo o conceito de censura não se aplica.","Errado, se a lei disser que é proibido falar mal do presidente deixa de ser censura? Então não teve censura no regime militar?",1,0.06391391903162,0.9360860586166382,1
É  censura pura e simples . Isso é uma vergonha.,Pedem tanto AI-5  e agora vem reclamar de censura. Muuuuuuhhhhh!,1,0.0642149001359939,0.9357851147651672,1
É censura,"Não é censura, disseminar Fake News é crime!    Se formos na lógica de dizer q é censura, logo irão dizer que prender por cometer assinato também é censura, tendo em vista que o poder judiciário repreende quem comete homicídio",1,0.0642769783735275,0.9357230067253112,1
"Não é uma delícia ver a galera que pedia um AI-5 chorando e gritando CENSURA?   Foi uma decisão judicial, esses imbecís confundem PUNIÇÃO com CENSURA.  A única coisa boa é ver esse “fugitivos da inteligência” chorando nas redes. Criticando a censura e o “livre mercado”",Kkkkkk  foi punida com censura mas tá tudo bem né brincadeira vcs são exatamente iguais os bolsonarista se tá a favor é certo bando de hipócritas,1,0.0645706877112388,0.9354292750358582,1
EU vendo que contas bolsonaristas são retiradas do ar no Twitter e Facebook e que o pessoal que pede a volta da ditadura tá reclamando de censura,"para de cagar pelos dedos, clhh, a censura está latente e você fica aí cagando no Twitter toda essa sua merda vermelha, você que deve ser adoradora do grande salafrário sindicalista! Aplauda hoje pois amanhã poderá ser você.",1,0.0645936802029609,0.9354063272476196,1
"Liberdade de expressão é um tema SUPRAPARTIDÁRIO. Qualquer tipo de censura é abjeta. Usar o poder estatal pra calar qualquer indivíduo é uma aberração; não importa qual seja a opinião, goste dela ou não, todos devem ter o seu direito constitucional assegurado de expressá-la.","Para praticar crimes não? e isso para tramar ataques a pessoas, para denigrir as pessoas, para difamar e isso que você chama de liberdade de expressão. Só na cabeça de vocês mesmo, que isso se trata de liberdade..",2,0.0646118521690368,0.935388207435608,1
"Não é censura, é bloqueio de contas que usam de fake News para apoiar um candidato.","Quem diz o que é fake news? Você consegue dar um exemplo de fake news que eles divulgaram? Tolher opiniões é muito perigoso. Se há fake news, que se responsabilize pelas mentiras ditas. O que não dá é responsabilizar previamente. Isso se chama censura.",1,0.0646701604127883,0.9353298544883728,1
"Meu caro, para haver censura a premissa é a de que existe jornalismo e informação","Se não é comigo ou com minha patota, não é censura!! Típico ""jornalista militante""!! Nada novo na bolha!!!",1,0.0647217258810997,0.9352782368659972,1
"Eu nem tava te seguindo, agora passo a seguir. Se existe uma coisa que eu mais desprezo é a censura. Força Bernardo!","A palavra censura só cabe onde se tenta calar quem coloca opiniões, noticias, etc, que são verdadeiras. Mentiras tem que serem caladas.",2,0.0647250637412071,0.93527489900589,1
Quando é censura?   Pra mim é impedir alguém de publicar.  Punir severamente alguém que JÁ PUBLICOU não é censura é justiça!,"É censura qdo apagam tudo q o cara já publicou, independente do q foi. Fizeram isso ao extinguir as contas deles do Twitter. Não gosta do q o cara escreve, processa ele, mas censurar não. Me assusta é qdo vejo imprensa, q vive da comunicação, aplaudir isso.",1,0.064742237329483,0.9352577328681946,1
"Não há como aceitar a censura. Não há como aceitar que aplaudam a censura. Liberdade de expressão a todos, aqueles que pensam como eu e os que pensam de forma diferente.",na verdade nenhum dos lados aceita o contraditório...basta pensar.diferente que virá inimigo..seja de.direita ou esquerda ..será que se a censura fosse em cima do Lula ou pt vc estaria fazendo esse tweet Lacombe? Sabendo que não..assim como eles ficam calados.. bem parecidos não,1,0.064787782728672,0.935212254524231,1
"Acrescento: se fosse eu o censurado, esses mesmos comemorariam e/ou criariam narrativas para encobrir/desmentir o fato. ACREDITE.  Alguns desses q perderam seus perfis assassinaram reputação de quem queria lava-toga, patrulham opiniões e promovem seu próprio mecanismo de censura.","Espero um dia te ver reclamando de censura,novamente...mas o bom de tudo isso,e que estamos migrando para outras 2 plataformas,e vcs vão  acabar falando merda um pro outro sozinhos aqui",1,0.0648500546813011,0.935149908065796,1
"Pessoal, aula básica gratuita aqui: censura é a intervenção do Estado (governo) na liberdade individual do cidadão. Empresa privada cumprindo decisão judicial de suspensão de contas de pessoas investigadas por supostos CRIMES não tem nada de censura.","Por mais que esse inquérito do STF seja um malabarismo jurídico, não há como se falar em censura. O cidadão que é alvo de uma operação da PF e tem o celular apreendido pode reclamar de censura?",1,0.0650622397661209,0.9349378347396852,0
"Então você está propondo a censura de Imprensa e de expressão,é isso?","Não foi censura seus animais. Foi indício de crime. Fake news é crime, simples.",1,0.0652334317564964,0.9347665309906006,1
Vocês também estão sentindo que o clima aqui no Twitter deu uma melhorada?,Esquerda está curtindo bastante CENSURA,1,0.0652928501367569,0.9347071647644044,1
"A decisão do FB e do TW de derrubar as contas de apoiadores de  é sem precedentes na rede mundial, que se caracteriza pela ampla liberdade de expressão. A decisão de suspender as contas é contraditória porque a  investigação não está concluída. País sob censura.","Até que enfim alguém do governo falando contra essa censura, cuidado Fábio, o Ramos está de olho, vc pode ser demitido por isso.",1,0.0653592050075531,0.9346408247947692,0
"Pegue o exemplo do Roberto Jefferson: é um cidadão que vem cometendo seguidos crimes contra a honra de diversas pessoas. Deve ser processado e pode ser condenado no penal e no cível, mas não vejo previsão legal que justifique cercear o seu livre direito de expressão.","Mas vc criou essa censura, agora vem com esse papo furado.",1,0.0656106248497963,0.9343894124031068,1
Por isso a censura!!Estão desesperados!!!,"Infringir regras da plataforma não é censura, e vocês que estão desesperados por propagarem fake news.",1,0.0656375288963317,0.9343624711036682,1
Como você chegou a esse ponto. Destruiu o seu currículo se aliando a um governo e pensamento totalmente incoerente com a democracia. Não tem nada haver com pensar diferente. Não se faça ingênuo. Leia a decisão na íntegra e veja se é censura.,"Abra o olho!! Deixe de ser bitolado, massa de manobra! Não à censura!!!!!",1,0.0656671300530433,0.9343329071998596,1
É inadmissível a censura na internet. Não tem conversa. Um país que vive reclamando da época militar vê a justiça fazendo exatamente o que eles tanto criticam? Sem chance.,"Só to vendo à mídia podre e marrom comemorando à censura, Mas não era o presidente, que vcs falavam que iriam censurar ? ta certo ! Mídia brasileira e baiana. Todas podres e imundas.",0,0.0656813085079193,0.9343186616897584,0
"meio tenso ver gente defender censura em 2020, nao é quest de qm ta mentindo ou nao, e sim de dar poder pra algm decidir quem pode ou nao falar","Que porra é essa de repressão, de censura! Posta o q quiser, rapada ... rsrs cambada",0,0.0657053664326667,0.934294581413269,0
"Não é uma delícia ver a galera que pedia um AI-5 chorando e gritando CENSURA?   Foi uma decisão judicial, esses imbecís confundem PUNIÇÃO com CENSURA.  A única coisa boa é ver esse “fugitivos da inteligência” chorando nas redes. Criticando a censura e o “livre mercado”","Quando você foi expulso de um táxi após beijar seu namorado foi censura ou punição?  No cu dos outros é refresco, no nosso arde.",1,0.0657579898834228,0.934242069721222,1
"tds os titulares das contas excluídas já foram julgados e condenados? Se não, isso não configura censura prévia? Censura prévia abre um precedente extremamente perigoso","Caralho, como tirar um conteúdo do ar meses depois de publicado é censura prévia?",1,0.0659734010696411,0.9340265989303588,1
"Meu dilema:  Ficar no Reino Unido: ameaça de terceira guerra mundial, basta uma bomba pra essa ilha afundar.  Voltar pro Brasil: censura, ditadura comunista, prisão por fake news, liberdades restringidas.  Não tá fácil","Vc falou quer quer largara internet e ir pro mato, o melhor lugar pra isso é o Brasil, não seremos atingidos por Bombas atômicas por ser uma região de refúgio, e vc não precisará se preocupar com censura na internet já que não vai precisar de uma já que vai se refugiar no mato!!",1,0.0661047026515007,0.9338952898979188,0
"Não há como aceitar a censura. Não há como aceitar que aplaudam a censura. Liberdade de expressão a todos, aqueles que pensam como eu e os que pensam de forma diferente.","Como jornalista, deveria saber o que se caracteriza como censura. Como Bolsonarista, rasga o diploma e caga pelos dedos. Você é medíocre, Lacombe!",1,0.0661149844527244,0.9338849782943726,1
"Isso é censura Rachel, como jornalista não deveria ficar contente com isso. A próxima pode ser você.  Já pensou nisso? Grande e respeitoso abraço.","Convocar e ameaçar de agressão um ministro do STF, na porta da casa dele é censura?",1,0.0661342665553093,0.9338657855987548,1
Vocês também estão sentindo que o clima aqui no Twitter deu uma melhorada?,Contrate hackers para cometer crimes feito uma garota  #VozParaBernardoKuster,1,0.0661415383219719,0.9338585138320924,1
"Sim, censura. Ou classificação indicativa (como queira). De todos os livros, acredito que apenas Pedra Filosofal tem um conteúdo menos sombrio. A partir da Câmara, se fossem trazer a mesma atmosfera, os filmes teriam pelo menos C-14 anos. E muitos não poderiam assistir no cinema.","Tá mas o que ele falou não tem nada a ver com censura? Já que foi uma decisão do diretor do filme que achou melhor assim, acho que o teu ponto faz todo o sentido, mas não sobre essa perspectiva",1,0.0662475153803825,0.9337524771690368,1
"Se essa censura não para até o final do segundo mandato do nosso PR, estaremos em situação pior do que quando ele entrou. Não se negocia a LIBERDADE DE EXPRESSÃO","que irônico os bolsonarista reclamando de censura né, no cu dos outros é refresco rsrs",0,0.066257894039154,0.9337420463562012,1
Vocês também estão sentindo que o clima aqui no Twitter deu uma melhorada?,"Os cambaus... Se fosse a esquerda, estariam reclamando e esperando. Censura.",1,0.0662921741604805,0.9337078928947448,1
Censura nunca mais!,"Oxe, não são vcs que pedem intervenção militar, AI5 e tal? Se vc não sabe a censura faz parte disso tudo. Então, saibam oq falam antes de pedir.",1,0.0663214921951294,0.9336784482002258,1
Vocês também estão sentindo que o clima aqui no Twitter deu uma melhorada?,"Só melhoraria se os esquerdalhas, comunistas e aliados do PCC (Partido Comunista do CAPETA) fossem excluídos, pois só fazem e escrevem!  #VozParaBernardoKuster #VozParaConservadores #Bolsonaro2022",1,0.0663439705967903,0.9336560368537904,1
Vocês também estão sentindo que o clima aqui no Twitter deu uma melhorada?,A comunista criminosa conhecida como avião gosta de censura...,1,0.066344179213047,0.9336557984352112,1
"Não gosto dessa gente, mas é censura.",Não é censura pq são mentiras e são mentiras que estão prejudicando o país como um todo.,1,0.0664539337158203,0.9335460662841796,1
incitação ao ódio não é censura. beijos.,O gado que tem fetiche por coturno não entende a diferença entre censura e crime.,0,0.0666889920830726,0.9333110451698304,0
"O apoio à censura, que interessante. Isso é como criar uma naja em casa, um dia ela se volta contra você! “Vitória” ?!? Patético",Impedir a disseminação de fakenews e discurso de ódio não é censura,1,0.0667696073651313,0.9332303404808044,1
"Não há como aceitar a censura. Não há como aceitar que aplaudam a censura. Liberdade de expressão a todos, aqueles que pensam como eu e os que pensam de forma diferente.",na verdade nenhum dos lados aceita o contraditório...basta pensar.diferente que virá inimigo..seja de.direita ou esquerda ..será que se a censura fosse em cima do Lula ou pt vc estaria fazendo esse tweet Lacombe? Sabemos que não..assim como eles ficam calados.. semelhanças,1,0.0668199509382247,0.933180034160614,1
"Não há como aceitar a censura. Não há como aceitar que aplaudam a censura. Liberdade de expressão a todos, aqueles que pensam como eu e os que pensam de forma diferente.","Todos tem o direito de falar. Porém todos são responsáveis e respondem pelo que falam. Mas proibir alguém de falar algo, isso é censura. Não foi contra isso que dizem ter lutado por muitos anos?",2,0.0668943300843238,0.9331057071685792,0
"Não se trata de censura, se trata de coibir disseminação  de desinformação,  injúria, calúnia, difamação. Temos liberdade pra falar (e ser responsabilizados por isso), mas essa liberdade termina quando começa a do outro.","resumo do tweet: não é censura, é censura",1,0.0672612190246582,0.9327388405799866,1
"Não se trata de censura, se trata de coibir disseminação  de desinformação,  injúria, calúnia, difamação. Temos liberdade pra falar (e ser responsabilizados por isso), mas essa liberdade termina quando começa a do outro.","Não, é só censura mesmo",1,0.067325934767723,0.9326741099357604,1
Ainda não é censura,"O estado impede todo mundo que mora no Brasil de ver determinado conteúdo de determinado criador atraves de um inquérito ilegal, mas não é censura?",1,0.0674136132001876,0.9325863718986512,1
"Você não ter que ler, Nick. É censura.  Eles devem ser punidos pelo o que fizerem e não pelo o que podem fazer. O inquérito do STF é arbitrário e pode alcançar qualquer pessoa que o ministro quiser. Hoje são os bolsonaristas, amanhã pode ser qualquer um que critique o STF.","Não é censura. E esses caras deveriam estar presos, isso sim. Ainda falta muita gente.",1,0.0674207508563995,0.932579219341278,1
"Os caras passam anos espalhando mentiras e teorias da conspiração, aí eu tenho que ler aqui que suspender as tais contas seria censura.","Você não ter que ler, Nick. É censura.  Eles devem ser punidos pelo o que fizerem e não pelo o que podem fazer. O inquérito do STF é arbitrário e pode alcançar qualquer pessoa que o ministro quiser. Hoje são os bolsonaristas, amanhã pode ser qualquer um que critique o STF.",1,0.0676636174321174,0.9323363900184632,1
Vocês também estão sentindo que o clima aqui no Twitter deu uma melhorada?,Não notei nada diferente. Aqui nos EUA não existe censura.,1,0.0677524358034133,0.9322475790977478,1
"Ué, se a LEI, repito, LEI de segurança nacional é censura, como ela esta na LEI, tendo em vista que censura é inconstitucional?","A lei em si não é censura meu caro, a aplicação dele ao caso sim kkk. Ele usou a lei pra intimidar o jornalista por uma charge. Até a Secom na ocasião fez vários tweets dando palco pras ações do Ministro da Justiça. Cabia ao presidente processar também,sem esse tipo de ação.",1,0.0678612142801284,0.9321388006210328,1
Apoiando censura seu otário,"Ninguém está apoiando a censura. A questão é que é irônico,vcs bolsonaristas,que tanto pediam AI-5,estarem encomodados com a censura. Agora aprendeu como funciona? E tbm essas contas não vão fazer diferença nenhuma,só ficavam repassando informações falsas",1,0.0678910017013549,0.932108998298645,1
"Os caras passam anos espalhando mentiras e teorias da conspiração, aí eu tenho que ler aqui que suspender as tais contas seria censura.","tem um vídeo do Elba explicando sobre isso, de que as pessoas acham que é censura:",1,0.0680514127016067,0.9319486021995544,0
Entt isso é censura,"censura não, a plataforma é PRIVADA e ela proporciona que os usuários controlem os comentários dos posts DELES. o post é MEU e eu decido o que faço com os comentários.",1,0.0680643692612648,0.9319356083869934,1
Vocês também estão sentindo que o clima aqui no Twitter deu uma melhorada?,"Alguns os Leões não estão e as hienas acham que terão sossego, vai vendo ....   #Bolsonaro2022 #STFVergonhaNacional",1,0.0681362152099609,0.9318637847900392,1
Independente do alinhamento político é censura!,Não a censura da turma de toga #FreedomOfSpeech,0,0.0681737959384918,0.9318262338638306,0
"Eu defenderei teu direito de falar merda até o final e jamais deixarei que passem por cima dos seus direitos, seja você da esquerda, da direita, da minha cobra, essa putaria de censura tem que acabar...  #STFNaoVaiNosCalar",Os sojados ficam reclamando de censura. Se esqueceram que estão em uma guerra.,0,0.0682395994663238,0.9317603707313538,1
"Tá matando o serviço só pq, pra mim, o que o ministro do STF fez é censura? Kkkkkkkkk","Não considero censura. Eles continuam podendo criar contas novas e continuar falando as abobrinhas que sempre falam.   As contas não foram excluídas e sim suspensas, já que são provas de investigação. Não sei se vc viu que eles estavam apagando coisas após a investigação começar.",1,0.0682582035660743,0.9317417740821838,1
"Não há como aceitar a censura. Não há como aceitar que aplaudam a censura. Liberdade de expressão a todos, aqueles que pensam como eu e os que pensam de forma diferente.","Lacombe , afinal o que aconteceu com o  ? 47 mil pessoas assistindo a live e ele sumir daquele jeito ? Foi censura ? A emissora dele que bloqueou ? Afinal , o que houve ?",1,0.0682894513010978,0.9317106008529664,0
"Quem comemora a censura hoje, será alvo da censura amanhã. É a lógica de qualquer ditadura.","Não é censura, é justiça pra esses delinquentes, criminosos q usam as redes, pra ameaçar e caluniar as pessoas.",1,0.0682939440011978,0.9317060708999634,1
"O que vc pensa de um edital de cultura com censura prévia? A prefeitura de Porto Alegre lançou edital p/ auxílio emergencial cultural q restringe a liberdade de expressão dos artistas, impondo como condição q o assunto não tenha cunho político ou religioso.",Ué? Agora pouco você estava comemorando a censura? Seja coerente com o que defende,1,0.0683342367410659,0.9316657781600952,1
Narrativas de vocês que é censura!,"De fato é. Quando o Estado usa sua força para calar o cidadão, o nome é censura. Não há outro nome.",1,0.068372257053852,0.9316277503967284,1
"Censura prévia é inconstitucional, Joel.  Se houve crime ou ilícito civil, que os responsáveis sejam julgados e condenados.  Mas nunca, mesmo condenados, podem ser censurados previamente.","Não foi censura prévia, essa galera já comete crime de ódio na internet já décadas.",1,0.0684204623103141,0.9315795302391052,1
"Me faltam adjetivos pra classificar a suspensão de contas em redes sociais APENAS de apoiadores do Governo.   Para os da esquerda que comemoram, lembrem-se que nada impede que isso aconteça com vocês a qualquer momento.   A censura é real.",Não vai acontecer com eles...essa censura tem lado.,1,0.0685197785496711,0.9314802289009094,0
"Acrescento: se fosse eu o censurado, esses mesmos comemorariam e/ou criariam narrativas para encobrir/desmentir o fato. ACREDITE.  Alguns desses q perderam seus perfis assassinaram reputação de quem queria lava-toga, patrulham opiniões e promovem seu próprio mecanismo de censura.","Então não se trata de censura, mas de quem é censurado? Existe justificativa para censura, de quem quer que seja? Vc não é mais o Danilo que rasgou a msm tentativa da Maria do Rosário.",1,0.068540334701538,0.9314596056938172,1
Parece que você tava comemorando censura. Não tenho certeza,Combate à mentiras não é censura.,1,0.0685549676418304,0.931445062160492,1
Vocês também estão sentindo que o clima aqui no Twitter deu uma melhorada?,"Viva a ditadura! Subversivos não passarão! Censura boa é a que eu gosto. VIVA 64. VIVA CENSURA. VIVA O AR DA DITADURA. Vamos festejar, viva o fascismo, o que eu não gosto ou não posso contestar que seja censurado. Democracia é fachada p meu discurso. DITADURA VIVA, VIVA CENSURA",1,0.068556971848011,0.9314430952072144,1
É  censura pura e simples . Isso é uma vergonha.,Punição por espalharem mentiras não caracteriza censura.,1,0.0685749128460884,0.9314250946044922,1
"Proibir, com ordem prévia e geral, que uma pessoa se manifeste através de um veículo de comunicação legítimo é censura. Ponto.","Quando proibiram a Folha de entrevistar o Lula na prisão, a senhora correu para o Twitter para dizer que era censura?",1,0.068594790995121,0.931405246257782,1
"Não se trata de censura, se trata de coibir disseminação  de desinformação,  injúria, calúnia, difamação. Temos liberdade pra falar (e ser responsabilizados por isso), mas essa liberdade termina quando começa a do outro.",continua sendo censura,2,0.0687513872981071,0.9312485456466676,1
Dificil admitir q hj é um Grande Dia né minha filha,Vamos ver quem vai comemorar a censura com “Grande dia”? Um dia vc pode ser o próximo.,0,0.0687742158770561,0.931225836277008,1
Esse tal de  acha que é DEUS. Duvido que ele ande sobre as águas (sem uma auxílio de Jet ski) ou reestabeleça suas madeixas (sem tomar a loção do vicentino).  Já o  ficará marcado na história como uma das redes sociais que fomentou a censura.,Vivi pra ver reacionário reclamando de censura hauihaiuhuiaha,0,0.0688153430819511,0.931184709072113,1
