tweet_1,tweet_2,Class,P(NoConflict),P(Conflict),Conflict,Tipo
"#AbortoNao  caramba, eu entrando na TAG e vendo mó galera discutindo bonitinho, com argumentos e dados. Sempre finalizando com um "" não concordo, mas respeito sua opinião""  Isso é o mais bonito de se ver em uma discussão séria, e não apenas um ""vc é homem""( por mais que tenha)",Até 3 meses  #AbortoSim,0,0.437456339597702,0.5625436305999756,0,Incerta
"#AbortoNAO, STF usurpador de atribuições.","Caros esquerdolóides imb3cis, respondam a este tuíte abaixo. Isso se os neurônios mofados permitirem a compreensão, ou, caso contrário, usem a hipocrisia da sua laia de r3tardados mentais mesmo.   #AbortoSim",0,0.4970153868198395,0.5029845833778381,0,Incerta
Argumentos que usam para serem contra o aborto que “estão” errados — a thread  #AbortoNao #AbortoSIM,#AbortoNao aborto é coisa do diabo,0,0.5905720591545105,0.4094279110431671,1,Incerta
"،    ⌕  ─  vamos fazer um acordo, só opina sobre o que é certo ou não sobre esse caso são as pessoas que tem úteros, okay? Okay. #AbortoSim","Em tempos de tantas dificuldades vem a tona a discussão no STF do aborto em caso de zika vírus. É inegável a importância do tema, sobretudo para as mulheres. Mas tratar uma pauta abortista em meio a tantas mortes?! Temo estar chegando dias de banalização da vida. #AbortoNao",0,0.426560491323471,0.5734394788742065,1,Incerta
Aborte a sua ignorância e não pessoas !  #AbortoNao  #AbortoNunca,é contra aborto mas é a favor da pena? pfv né...  #abortonao #AbortoSim,0,0.4652799069881439,0.5347201228141785,1,Incerta
Sou contrário ao aborto...#AbortoNao,#AbortoSim meu corpo minha regras ..e ninguém é obrigado a fazer porra nenhuma,0,0.496053010225296,0.5039469599723816,1,Incerta
Eu tenho o melhor método para esse assunto. Siga os seguintes passos  1- fecha as pernas                E fim #AbortoNao,A real é que muito é Pro-Nascimento não Pro-Vida rss #AbortoSim,0,0.4059687256813049,0.5940312743186951,1,Incerta
"Essa gente é doente, vomita o dia inteiro que esse isolamento indecente é pra salvar VIDAS, mas apoiam a morte no útero. HIPÓCRITAS.  #AbortoNao",Parabéns aos abortistas de merda por ajudar subir a tag! #AbortoNao,0,0.5558744072914124,0.4441255629062652,0,Incerta
Não assassine o seu filho #AbortoNao,eu vou olhar os replys contrários a #AbortoNao e pelo menos 40% é fancam de kpop tentando lacrar,0,0.4272224307060241,0.5727775692939758,0,Incerta
"Sabe qual é a diferença entre   Assassinato &amp; Aborto?  Exatamente, nenhuma!   #AbortoNAO",Queria dizer que #abortosim,0,0.5362884402275085,0.463711529970169,1,Incerta
Mas de novo essa questão de aborto gente? Pq cada um não cuida da sua vida e deixa a MULHER decidir o que fazer com a vida e o corpo DELA!!?? #AbortoSim,A escolha é nossa! #AbortoSim,0,0.4193200170993805,0.5806799530982971,0,Incerta
"""A pior ditadura é a ditadura do Poder Judiciário. Contra ela, não há a quem recorrer."" (Rui Barbosa) #AbortoNao","#AbortoNão / #AbortoSIM   independentemente da sua opinião, quem decide isso é a mulher o corpo é DELA a decisão é DELA  o pai também está envolvido na decisão, mas não cabe a vc ficar pressionando-os só para satisfazer seu ego",0,0.4397493004798889,0.5602506399154663,1,Incerta
"a galera do #AbortoNao é muito engraçadaKFKDKDK amg se sua religião não permite, se vc acha errado, se vc acha que é assassinato então não aborta ue, mas outras mulheres que não querem ou que foram estupradas não merecem viver com essa lembrança de trauma ou ódio  #AbortoSim",#AbortoSim porque ai não sai um merda que cria video de cabra com gore ao som de rock,0,0.4373983442783355,0.5626015663146973,1,Incerta
Quem não é mulher e nem sabe o que é uma dor de um parto não pode opinar sobre aborto #AbortoSIM,#AbortoNao Caralho isso é assacinato,0,0.5971508622169495,0.4028491973876953,1,Incerta
#AbortoSIM  Meu corpo e eu decido o que eu faço com ele Vamos quebrar as amarras que a sociedade tenta nos colocar,"Há muita hipocrisia vinda desses pró vida. Ao meu ver é melhor um feto morto que uma criança passando fome, sendo abusada, agredida, enfim... #AbortoSim #AbortoNao",0,0.5745779871940613,0.4254220426082611,0,Incerta
"diz que é contra o aborto, pq é a favor da vida, mas é o primeiro a falar: bandido bom é bandido morto, rsrsrs #AbortoSim",Grupo sobre o auxílio emergencial no whatsapp. Ainda tem vagas    #AbortoNao  #samsungbbb  #LiveDoRevela  #TheFourBrasil  #festabbb  #MOTS7_Re_Comeback   REMEMBER PRIOR  #AuxilioEmergencial,0,0.4865334033966064,0.5134666562080383,0,Incerta
"Para quem são a favor do aborto, É só fecha a pernas porra!  Ou usa métodos contraceptivos. #AbortoNao",oq ta rolando q subiram essa tag #AbortoNao,0,0.4104960858821869,0.589503824710846,0,Incerta
#AbortoNao ou #AbortoSim simples e so da o cu nao engravida,"Esses esquerdopatas, Quando a mãe deles estavam grávidas dos mesmos, infelizmente não era aprovado o direito de aborto. Fazer o que, né? #AbortoNAO",0,0.4770346581935882,0.5229653120040894,0,Incerta
"Pra quem acha que o aborto é legal aborta e matar um feto, faça assim, pega um vídeo da operação e veja como que é, aí vc vai notar o quão errado é isso, vc acha certo um médico ESTOURAR a cabeça de um feto e remover pedaço por pedaço usando uma pinça..  #AbortoNao","Essa mania do brasileiro de ir  acostumando-se com tudo que lhe é imposto, está trazendo cada vez mais o socialismo para o país. A última que estão tentando empurrar goela abaixo é aprovação do aborto.  #AbortoNao",0,0.4658258855342865,0.5341741442680359,0,Incerta
#AbortoNAO  O mais curioso de tudo é que 100% das pessoas que defendem o aborto já tiveram seu direito de nascer. Aborto nada mais é do que um assassinato cruel e covarde de um inocente indefeso!,Tem que ser muito desumano para defender #AbortoSIM  Apoie a vida e diga #AbortoNao,2,0.4296371638774872,0.5703628659248352,0,Incerta
Seja mente aberta mas não ao ponto do seu cérebro caí no chão. #abortoNao,"Sobre essa questão do #AbortoNao ou #AbortoSIM, vamos começar com uma questão básica? Pra validação do argumento, vocês sabem a diferença entre ser a favor da legalização do aborto e a favor do aborto?",0,0.4015591144561767,0.5984408855438232,1,Incerta
"#AbortoNao eu só sei que quem não engravida, não deve opinar. Bjs.",Não existe gravidez por acidente Ninguém cai uma uma pirOc@ sem querer! STF é uma   #AbortoNao,0,0.5201007723808289,0.4798992276191711,1,Incerta
"#AbortoSim. Aborto é o caralho, pensa em se prevenir antes de transar, caralho! Aborto opcional é só em caso de estupro ou anencefalia. Se você concorda em assassinar um feto, que é um ser vivo, que pode agonizar em dor, e que quando sofre o aborto é envenenado. Você é um mostro",gosto pacas dessa # estar nos trendings do Brasil.. tá mais do que certo #AbortoSim,0,0.579562246799469,0.4204377830028534,1,Incerta
Aborto não é método contraceptivo!antes de escolher seu macho escroto se proteja #AbortoNAO,"É isso ai, #AbortoNao",2,0.5989904403686523,0.4010095298290252,0,Incerta
"Você quer defender #AbortoNao? Saiba que SE for aprovado, aborto NUNCA seria obrigatório. Faz a mulher que quer + reduziria índice de morte por aborto clandestino + reduz abandono parental + reduz número absurdo de crianças esperando por adoção.  #AbortoSIM",#AbortoNao aborto nunca!!,0,0.5192158818244934,0.4807841181755066,1,Incerta
"#AbortoNunca foi da sua conta homem escroto, se eu quiser aborta eu vou #AbortoSim","oi gente não é sobre ser a favor do aborto é sobre sua legalização mulheres já abortam, mas poderiam fazer isso sem arriscar suas vidas #AbortoSim",0,0.5040040016174316,0.4959960579872131,0,Incerta
Quem usa a #AbortoSim deveria dar o exemplo e SE abortar.   #AbortoNão,"Os do contra falando que somente homem que está usando #AbortoNao !  Sou mulher , profissional da Saúde na área de obstetrícia, não pronunciei meu juramento a toa não , e optei SIM pela vida!  #AbortoNao #AbortoNao #AbortoNao",1,0.4254695475101471,0.5745304226875305,0,Incerta
"Pra quem tá vivo e é a favor do aborto, deveria ter sido abortado. #AbortoNao","Volto aqui para pedir para os machos q estão opinando contra a legalização, para que leiam sobre o assunto (leiam textos de mulheres, n de outros homens) E percebam que é uma questão de saúde pública, n de caráter Ngm acha legal abortar, mas a legalização é necessária #AbortoNao",0,0.4457648396492004,0.5542351603507996,1,Incerta
"ABSURDO!!!  Enquanto estamos lutando pela vida dos brasileiros que estão sofrendo fisicamente, psicologicamente e economicamente com a pandemia. O STF mostra suas garras contra a vida de quem ainda nem nasceu.  A vida humana não pode estar na mão de 11 ministros.  #AbortoNao","#AbortoNao  É mais facil não dar pra vagabundo do que abortar né, ja viu alguma mulher abortar filho  de artistas ou homens ricos ??",0,0.5879948735237122,0.4120050966739654,0,Incerta
povo discurtindo entre #AbortoSim  #AbortoNão  e eu só queria o #PINTOAWARDS,"#AbortoSim ai amigas, homens fazendo escolhas em assunto que não cabem a eles, usando religião como argumento, parece que as pessoas se prendem tanto no mundo delas e querem ter prisioneiros, titi, sinceramente cansada, ate quando isso?????",0,0.5441921353340149,0.4558078646659851,0,Incerta
"#PrisaoEm2aInstanciaSim As formas diretas de lidar com os olimpianos de toga são: pedidos de impeachment de ministros, já encaminhados; a PEC da bengala revogada; e o PL 4754 contra o ativismo judicial. Olha o que incomoda eles:  -","#AbortoNao NEGATIVO! A parte corrupta, fisiológica, de esquerda do congresso, que retalia o Bolsonaro ante a falta do toma lá dá cá, nutre o sonho de perpetuar nanicos eleitorais, burocratas impopulares na chefia da câmara e do senado! #STFVergonhaNacional",2,0.5986247062683105,0.4013753235340118,-1,Incerta
Como as pessoas não conseguem ver que o aborto é um assassinato cruel ??? #AbortoNao,"Os que vivem gritando por direitos humanos, são os mesmos que apoiam o aborto (assassinato de bebês). O que tem na cabeça dessa gente?    #AbortoNao",0,0.4566005766391754,0.543399453163147,0,Incerta
Sobre #quarentena  #AbortoNao  é necessário dizer: #STFVergonhaNacional,"#AbortoSim e cuida da tua vida, das tuas escolhas, do teu corpo. Segurança, saúde e liberade de escolha pra mulher, vai impactar 0% da TUA vida. Feto não sente dor até 24° semana de gestação e não te interessa se ela quer dar, qual método e quem ela é. Seu intrometido hipócrita.",0,0.428377628326416,0.5716223120689392,1,Incerta
"Porque em uma democracia a maioria decide, e não 11 urubus.  #AbortoNao","Ser a favor do aborto vai contra tudo o que eu acredito, então EU jamais faria, mas vivendo em um país LAICO, não posso e nem devo interferir e opinar nas escolhas de outras pessoas, então se VOCE é contra apenas não faça e cale a boca. #AbortoNao #AbortoSIM",0,0.4909063279628753,0.509093701839447,1,Incerta
"Se a mãe percebesse o desespero e dor do filhinho durante o ato abortivo, considerar-se-ia a mais cruel das mulheres. Evite o peso do remorso, evitando o aborto. #AbortoNao","Apoio o aborto mas também não faria um. Não mataria um filho meu. Mas se a pessoa quiser mesmo fazer, ela fará de qualquer jeito, legalizado ou não. Então legaliza logo.  #AbortoSim",0,0.4716928899288177,0.5283070802688599,1,Incerta
"Para o #AbortoNao acontecer deveriam estar sendo feitas mais  campanhas para o uso de preservativos, os pais deveriam ensinar aos filhos sobre educação sexual e os homens e as mulheres deveriam ter consciência das consequências de praticar atos sexuais sem camisinha +","leia concordo com o seu posicionamento, porém, nao",2,0.5504676699638367,0.4495322406291961,-1,Incerta
se homem ficasse gravido o aborto ia se um mandamento da biblia   #AbortoSim,se a punição do aborto fosse também para o pai... aí sim estariam eles na rua dizendo #AbortoSim,2,0.4449737668037414,0.5550261735916138,0,Incerta
"se a mulher que decide, seja sensata e  decida não engravidar, prevenção é que não falta, de resto, um bando de militantes doente.#AbortoNao",#AbortoNao  quem assim o defende é tão assassino quanto.,0,0.5704327821731567,0.4295672178268432,0,Incerta
#AbortoNao não entendo a razão de culparem a mulher por escolherem abortar  pensava que o problema em si era o homem estuprador e muitos métodos contraceptivos que não são eficazes,"OMS desde que seja saúde de quem interessa .Aí vem os sábios opinadores do twitter dizer que os brancos ricos é que são contra o aborto .E os chefões da OMS,o partido comunista chinês , as fundações como Bill e Melinda Gates e tantos outros tiranos globais são pobres ??#AbortoNao",0,0.5458749532699585,0.4541250467300415,0,Incerta
"Temos hoje milhares de mulheres morrendo ou adquirindo doenças graves, por causa de abortos feitos em locais não apropriados, com materiais mal higienizado e por pessoas que não são médicas. O aborto já devia ser legal a muito tempo. #AbortoSim","Sem contar que a proibição do aborto afeta diretamente a população de baixa renda, pois são justamente essas pessoas que não tem dinheiro para abortar em uma clinica de aborto que cobra absurdos para realizar o procedimento clandestinamente. #AbortoSim",1,0.4940484166145324,0.5059516429901123,0,Incerta
#AbortoSim Eu queria que homem engravidasse também,A voz do lula  me da aborto #AbortoNao,0,0.5185480713844299,0.4814518988132477,-1,Incerta
"#AbortoNAO É uma outra vida. Não quer ter filhos, previna-se, não saia assassinando.","Esses esquerdopatas, Quando a mãe deles estavam grávidas dos mesmos, infelizmente não era aprovado o direito de aborto. Fazer o que, né? #AbortoNAO",0,0.4101862609386444,0.5898137092590332,0,Incerta
#AbortoNao se mata que não vai ter filho!,O Amor venceu a imoralidade do aborto! #AbortoNao,0,0.5906965732574463,0.4093033969402313,0,Incerta
"Dizem que a mãe de Karl Marx iria abortá-lo. Mas certo dia um ser fantasmagórico veio até ela e disse que o feto teria uma importante missão nessa terra, pois desvendaria os segredos do capital. Mesmo assim ela tentou mas não deu certo. #AbortoNao",#AbortoSim quem deveria ter que decidir se vai ou não abortar é justamente a mulher que vai gerar o feto. E nínguem deveria tirar essa decisão dela.  vão se fuder,0,0.5916278958320618,0.4083720743656158,1,Incerta
Isso    #AbortoNao,"Se a mulher tiver o direito de abortar o feto, o homem tem o direito de pelo menos abandonar o feto? #AbortoSim #AbortoNao",0,0.4095438420772552,0.5904561281204224,0,Incerta
Não temos o direito de tirar a vida de um inocente! #AbortoNao,"#AbortoSim acho que as mulheres que decidem, não os homens. sem falar que a maioria delas são estupradas, isso fode com o piscicológico delas. ter um filho é ter responsabilidade gente, muitos pais aí colocam um filho na terra e não dão o carinho e o amor que eles merecem . --",0,0.4654446244239807,0.5345553159713745,1,Incerta
"""vocês que usam a tag #AbortoNao são exatamente isso:"" mulheres abortistas são exatamente isso:",KJKKKKKKKKKKJKKKKKKK esse vídeo é TUDO vsfKJKKKKKKKKKKKKKKK,2,0.5697246789932251,0.4302752912044525,0,Incerta
"Já questionei várias vezes, mas até agora nada.  Sabem de algum caso em que a mulher abortou o filho de um jogador de futebol?  #AbortoNao!","Cara, os doentes do #AbortoSim usam os mesmos argumentos que poderiam ser usados em relação ao suicídio: ""meu corpo minhas regras"" ""assassinar o bebê pra não crescer em um mundo injusto"" e balblablas..  Aos abortistas sugiro exatamente isso, afinal, morto não aborta  #AbortoNao",1,0.4367924034595489,0.5632075667381287,0,Incerta
"se tem uma coisa que mexe comigo é essa discussão sobre legalização de aborto. quem não é mãe, não sabe a responsabilidade que é criar um filho, tudo que acontece com o mesmo é culpa nossa, é uma pressão enorme e nem se fala do cansaço! por isso eu sou a favor do #AbortoSim",Só lembrando q sem útero n opina #AbortoSim,0,0.4241747856140136,0.5758252143859863,0,Incerta
"Que me desculpem, mas mulheres que sobem a tag #AbortoSIM são aquelas q querem ""distribuir"" pra todo mundo sem a preocupação de ter que criar um filho, ou as que querem ter certeza de que quando cansarem de brincar de casinha com o macho, não vão precisar levar nada.  #AbortoNao","Dizem que homens não tem lugar de fala, mas como pessoa que quase foi abortada no nascimento é impossível apoiar isso #AbortoNao",0,0.5913763046264648,0.4086236357688904,0,Incerta
"O STF pautou para o dia 24 de abril o julgamento de uma ação que autoriza o aborto em casos de infecção por zika vírus. Enquanto estamos lutando pela vida no caso coronavirus, alguns lutam pela morte. O diabo NUNCA dorme. #AbortoNao",O diabo KKKKKKKKKKKKKKKKKKK,2,0.1401469856500625,0.8598529696464539,1,Alta
"Se tua mãe o tivesse abortado,  você não estaria aí pensando em votar a favor do aborto.  #AbortoNao","Para esquerda ser contra o aborto é querer dominar o corpo da mulher,a mesma esquerda que foi contra o projeto de lei que permitia a mulher fazer laqueadura de graça tendo filhos ou não e sabemos que o estado hoje é quem decide quando a mulher pode fazer.Hipocrisia. #AbortoNao",0,0.1475144922733307,0.8524854779243469,0,Alta
"A direita gosta de copiar os EUA. Pois então, lá desde 1973 o aborto é LEGAL. Questão de liberdade e privacidade, nada de ""comunismo"" mas liberalismo puro. Ser a favor da legalização não quer dizer que você faria, mas sim defender que quem quer faça de modo SEGURO #AbortoSim","#AbortoSim LEGALIZAÇÃO JÁ!!! e pau no cu de quem não concordar, o Estado NÃO tem que colocar a porra de uma lei no MEU ÚTERO. Quem discordar pode vir aqui onde eu moro criar e sustentar as crianças q n tem dinheiro pra comprar um sukita",0,0.1402937918901443,0.8597061634063721,0,Alta
#AbortoSim e se vier contestar falando de religião eu vou mandar tomar no cu,Uma sociedade desumana atrai a ira do Criador. #AbortoNao,0,0.1017832979559898,0.8982166647911072,1,Alta
#abortonao = 30k de tweets #abortosim = 2k e meio. Recomendo pararem de brigar sobre isso. O duelo já foi decidido.,"#AbortoSim assassinas e assassinos que não foram abortados querendo prostituir a vontade e se engravidar só assassinar...geração hipócrita e debil mental,por isso a maioria de vcs são gente feia e sem estudo,incapazes,derrotados e infelizes...",0,0.1485163122415542,0.8514837026596069,0,Alta
"#AbortoSim A legalização do aborto garante que você possa ter opção de escolha. Se você não faria, não faça! Mas não tire a opção da coleguinha  next",A vida pertence a Deus. Ele a gera no ventre e só ele pode interrompe-la. #AbortoNao,0,0.1463713645935058,0.8536286354064941,1,Alta
"Independente se vc é do time #abortosim ou #abortonão, ou ainda fica pedindo #monarquiaja, se quiser saber de dicas para #emagrecer, é só me acompanhar, rsrsrs!  #humor #saúde",#AbortoNao bando de abutres do Stf,0,0.131584882736206,0.868415117263794,0,Alta
"#AbortoSim se for pra colocar filho no mundo e deixar solto na rua sem ter um pingo de responsabilidade, que faça o aborto","Então, aborto seguro é quando a aborteira vai junto #AbortoNao",0,0.1620686948299408,0.8379313945770264,1,Alta
"Aborto sim #AbortoNao não é o caralho, n é seu útero fique quieto","Ser pró vida é naturalmente louvável, independente da religião, mas é  nojento ver cristãos defendendo o aborto.  #AbortoNAO",0,0.1042579412460327,0.8957420587539673,1,Alta
"é engraçado que quando você pergunta para os homens se eles são a favor do aborto, mesmo em caso de estupro, eles dizem que não... mas os dados mostram que: a maioria dos homens abandonam namorada/esposa depois de um estupro, quem dirá criar a criança #AbortoSim","O corpo é da mulher e ela faz o que  Quiser com ele , não são homens que decidem isso beleza ?? #AbortoSim",0,0.1287592500448227,0.8712407350540161,0,Alta
"#AbortoNao eae homem q é contra o aborto, ja pagou a pensão do filho q tu nem faz questão de visitar ou vai esperar a justiça vir cobrar?",Quem usa a #AbortoSim deveria dar o exemplo e SE abortar.   #AbortoNão,0,0.1444741934537887,0.8555257320404053,1,Alta
"Boa noite com #AbortoSim e quem não quiser fazer não faça, queremos apenas o direito de escolha.",Matar uma criança pode? alguém sair a rua é crime? #AbortoNão #AbortoNao,0,0.1040583178400993,0.8959416747093201,1,Alta
"Seguinte, sou contra o aborto e é por isso que não vou abortar! Vocês q engravidam e não querem filhos q se resolvam! #AbortoNao","Surreal gente, to vendo muitos perfis defendendo o aborto até com 26 ou 27 semanas( 7 meses galera) SURREAL, sem palavras. Esse bebê prematuro abaixo nasceu com 26 semanas, vcs tem noção, isso é um assassinato cara, me parte o coração    #AbortoNao",0,0.1560466736555099,0.8439533114433289,0,Alta
"As feministas que são a favor do aborto achariam legal um casal querer abortar pelo simples motivo do feto não ser um menino, sonho deles, mas veio uma menina. Seria certo assassinar essa menina por era ser menina, em nome da liberdade absoluta da mulher...?","Você acha que com quantas semanas vai rolar o aborto? Com 20? Kkkkkkkk, amiguinho, o aborto ocorreria antes das 12 semanas, após isso não ocorre aborto. O sexo ainda não é possível de identificar nesse período. Minha esposa está grávida, qual gestação você acompanhou? kkkkkk.",1,0.1057038679718971,0.8942961692810059,1,Alta
#AbortoNao   𝔼𝕄  ℝ𝔼𝕊ℙ𝔼𝕀𝕋𝕆  𝔸  𝕍𝕀𝔻𝔸,#AbortoNao aborto não  é  método  anti concepcional,0,0.1837715208530426,0.8162283897399902,0,Alta
Fazendo um approach mais religioso da parada do #AbortoSim e #AbortoNao :  - Quando você aborta você devolve um espirito. Uma alma. Você abortando por querer ou não. Isso pode gerar diversos tipos de espíritos perturbados que vão acompanhar o seu futuro filho e atrapalhando+,"#AbortoSim e se vc não tem útero, cala a boca",0,0.1878849565982818,0.8121150135993958,1,Alta
"Tenho certeza que a galera do #AbortoNao nunca, NUNCA, parou pra ler do que se trata. Aborto é questão de saúde da mulher. Tem que ser discutido, mas como sempre querem cagar regra.","#AbortoNao! Isso jamais! Se não quer, não faz!",0,0.1501364111900329,0.8498635292053223,1,Alta
"Já que homem não pode opinar, vai ai a opinião de uma mulher: #AbortoNao",O mais ridículo desse tweet é os pró-aborto dizendo para o moço pró-vida que se ele é homem não pode opinar. Aí chega uma mulher pró-vida e eles criticam sua opinião  A opinião DELA! Preciso falar mais alguma coisa para tornar-se perceptível a falta de credibilidade dessa gente?,2,0.1198173910379409,0.8801825642585754,0,Alta
"#AbortoNao  Amados?????? Procurem informação por favor, vejam o que acontece com uma não desejada.   #AbortoSim por elas!!!","Quando vc digita #AbortoNao , a primeira que aparece é abortosim, porém olhem a diferença absurda nos números, redes sociais a favor da morte.          @",0,0.1876084059476852,0.8123916387557983,1,Alta
"Simples, se a mulher não quer, ela não é obrigada a ter #AbortoSim","E por acaso o feto é gerado no saco escrotal do homem? Ah não, pera, é no útero feminino né... Macho não opina sobre aborto... Vai cuidar do filho q vc nunca deu atenção, da pensão q vc não paga, da sua masculinidade frágil e tóxica e deixa o corpo da mulher em paz. #AbortoSim",0,0.1297180503606796,0.870281994342804,0,Alta
"Agressão é objetivamente errado. Todos indivíduos possuem direito a vida, propriedade e liberdade, inclusive o bebê.   Nenhum indivíduo é dono de corpo alheio, principalmente a mãe. Não é ético e muito menos legítimo matar bebês.   Mude a minha opinião.  #AbortoNao #AbortoSIM","Maluco vem falar de ética, sendo que parte do discurso do mesmo é repleto de sexismo e autoritarismo e o princípio básico do liberalismo que é o indivíduo ter plena liberdade para decidir sobre as suas escolhas sem sofrer coerção social do estado ou de outro indivíduo.",2,0.1054681912064552,0.894531786441803,1,Alta
"Sou contra o aborto, mas a favor da mulher poder escolher!!!!!#AbortoSim",Twitter coloca o sim do mal 6000 frente mas #AbortoNao 41000. Indecoroso,0,0.1844669133424759,0.8155331015586853,-1,Alta
Olha só! Realmente eu n tinha observado da perspectiva do seu umbigo,"Não iria responder mais... Meu umbigo? Quem mesmo está olhando só pra si? mulher vai, transa com um canalha sem qualquer proteção, engravida, não quer a cria, e resolve abortar, pelo bem da criança ou pq olha para o próprio umbigo? O que quero é salvar vidas. #AbortoNAO",2,0.1171237155795097,0.8828762173652649,1,Alta
"#AbortoSim foda ver homens se posicionando contra o aborto com o argumento de q isso é coisa de vadia irresponsável, sendo que a grande maioria abandona a mulher quando ela diz estar grávida. não adianta se dizer ""pro-vida"" sendo que vc nem assumiu seu filho. fica com deus irmão.","FALA QUE O BOLSONARO É ASSASSINO, MAS É A FAVOR DO ABORTO.  VOCÊ QUE É A FAVOR PODERIA NEM ESTAR LENDO ISSO, SABIA? COMO SEMPRE A ESQUERDA SENDO A ESCÓRIA DA SOCIEDADE #AbortoSim",0,0.1233494654297828,0.8766505718231201,1,Alta
"No Brasil é crime ser honesto,querer trabalhar,ser conservador e lutar pela família. Mas,se for bandido e corrupto,tem proteção dos direitos dos manos,apoio da OAB,bênção do supremão com aval do congresso .. #CongressoInimigoDoBrasil  #AbortoNao","#AbortoSim Só é ""pró-vida"" quando tá no útero, né? Orfanato não é igual Chiquititas, uma mãe que cria o filho com desprezo pode destruir a saúde mental dele, a maioria rejeitada vai parar na rua, vira bandido e vocês defendem matar essas pessoas. A hipocrisia não tem limites ...",0,0.1407635509967804,0.859236478805542,1,Alta
"#AbortoNao qual o intuito dessa hashtag? mano tem um cara com uma mansão linda do caralho, dai vc diz para ele destruir essa mansão, quebrar tudo que há nela. a não ser que a porra do imóvel não seja seu, nem te diga respeito, VOCÊ NãO PODE DIZER O QUE FAZER OU NÃO!","Aborto não,  #AbortoNAO",0,0.9610393643379213,0.0389606431126594,1,Random
"Ao invés de erradicar a pobreza, vamos matar crianças, bem mais fácil! #AbortoNao","#AbortoSim. Vendo as opiniões contrárias, parece que todos os métodos são 100% eficazes e que estupro é algo que não acontece. Acho o aborto mais digno do que uma mãe ter um filho sem vontade e sem amor.",0,0.382269412279129,0.6177306175231934,1,Random
CHEGA! #AbortoNAO,#AbortoNao   𝔼𝕄  ℝ𝔼𝕊ℙ𝔼𝕀𝕋𝕆  𝔸  𝕍𝕀𝔻𝔸,0,0.9899134635925292,0.010086472146213,0,Random
#abortoSIM e se vc discorda pode me dar unfollow boa noite,As crianças são o maior bem de qualquer nação #AbortoNao,0,0.0776048228144645,0.9223952293395996,1,Random
Mas colocar uma criança no mundo pra sofrer também é covardia. #AbortoSIM,Que tal deixar a criança decidir se ela quer viver?#AbortoNao,1,0.0947307273745536,0.9052692651748656,1,Random
''A nação que aprova o aborto é inimiga de Deus.''  (São João Paulo II) #AbortoNao,Usar religião como argumento pra ser contra o aborto é a uma das coisas mais baixas e nojentas que eu vejo na Internet  #AbortoSim,0,0.0822096765041351,0.9177902936935424,1,Random
Mulher é estrupada a sociedade “tb olha a roupa dela” Mulher solteira engravida sociedade “tb abriu as pernas” Mulher aborta “assassina”  FAZEMOS O Q BEM ENTENDER C NSS CORPOS E N VAI SER 18 HOMEM Q VAO ESCOLHER SE É CRIME OU NÃO  #AbortoNao é #AbortoSim,Cada um com as suas escolhas #AbortoSim,0,0.762930154800415,0.2370698153972625,0,Random
As pessoas que são pró morte dizem - Tem que matar pq.. é menos um pobre Como se a maioria daqui tbm não fosse e estão vivinhos enchendo o saco Dizem Não vai sentir dor se viver pobre vai sofrer + Vocês se mantam quando sentem dor somente pra sofrer menos? Hipócritas #AbortoNAO,"#AbortoNao Para casos extremos como gravidez por estupro ainda resta a oportunidade de se dar a criança para adoção, não é pq ela é vinda de um ato desgraçado que não pode se tornar uma pessoa virtuosa. Não é justo matar um inocente, pq fazer duas vítimas de crimes horrendos?",0,0.2611271739006042,0.7388728260993958,0,Random
"Juridicamente estamos sem saída. Game Over. O Estado pode violar os direitos fundamentais, é o que decidiu o STF nessa tarde.","Pra que existe essa porra de constituição,  se ninguém a respeita, ou melhor o único que respeita é o Presidente!!! #AbortoNao",2,0.833649754524231,0.1663502752780914,0,Random
"O STF defensor de bandidos, agora quer legalizar assassinato de bebês indefesos e inocentes no ventre. #AbortoNao","Imagina meu filho ser preto, aborto na hora #AbortoNao",0,0.9919098019599916,0.0080902362242341,0,Random
"#AbortoSim porque quem tem dinheiro vai abortar de todo jeito, enquanto quem não tem pode morrer tentando.  ABORTO É QUESTÃO DE SAÚDE PÚBLICA",EU AMO ESSES TWEETS! CONTINUEM GALERA! O QUÊ VCS FAZEM É EXTREMAMENTE NECESSÁRIO.,2,0.7795820236206055,0.2204180210828781,0,Random
"Votamos no Bolsonaro, mas quem dá as ordens no país é o STF. O STF decidiu que quem irá liberar ou não a volta do povo ao trabalho será o Estado ou município.  Cadê o cabo e o soldado.?",STF lixo.  Só trás insegurança jurídica para o país.  #AbortoNao,2,0.9836251139640808,0.0163748133927583,0,Random
#AbortoNao Quem apoia o aborto já nasceu!,"aborto não é questão moral, mas questão de saúde pública, se voce é não a legalização do aborto saiba que você está sendo conivente com a morte de milhares de mulheres.  #AbortoSim #AbortoSim",0,0.0518678314983844,0.9481321573257446,1,Random
Não existe aborto seguro! #AbortoNao,"Gente, como assim #AbortoSIM e #AbortoNão? Quem decide isso é a gestante! Se ela decidir abortar, tudo bem, se ela decidir dar a luz a criança, tudo bem também, é tudo uma decisão dela! Só minha opinião :3",0,0.1388498842716217,0.8611501455307007,1,Random
"#AbortoSim Eu lembro quando eu engravidei, foi tudo muito desesperador..pensei em abortar? Sim, pensei várias vezes! Até tomar a MINHA DECISÃO de criar minha filha. Gente, por favor não somos ninguém e não podemos julgar nada! Hoje sou muito feliz cm ela(+)",#AbortoNao Vai usar camisinha putedo,0,0.1849100142717361,0.815090000629425,1,Random
tanto tempo q nao entro no tico e teco #Riverdale #BBBAEliminação #BocaRosaBeauty #AbortoSim Mc Davi Annita Lula e Rihanna Camila Cabello,Quem coloca #AbortoSim deve dar graças a Deus que a mães deles aderem ao #AbortoNao...  Comecem a honrar a decisão de suas mães...,0,0.892048180103302,0.107951782643795,0,Random
#AbortoNAO Isso é assassinato do ser mais indefeso que existe!!!,"OUTRA COISA, AS ÚNICAS MULHERES QUE NÃO TEM DIREITO A UM ABORTO SEGURO SÃO AS DE CLASSES MAIS BAIXAS.  #AbortoNao",0,0.8691296577453613,0.1308703422546386,1,Random
Vamos levantar esse # mulherada!! A live do Revela está ganhando  #AbortoSim,Aborto é assassinato.  Simples assim.   #AbortoNao,0,0.1862906068563461,0.8137093782424927,1,Random
Vamos falar a verdade. Todas que abortaram e todos que incentivaram cometeram ASSASSINATO. E agora querem que seja permitido em lei.....  ahhh bandidos! Não passarão #AbortoNao,PSOL é  a favor desta abominação?  A Vida é o Bem Maior #AbortoNao,0,0.9324283003807068,0.0675716623663902,0,Random
"#AbortoNao quando se trata de calamidade pública tem q haver medidas a favor do aborto,nem os orfanatos estão  capazes de cuidar. Famílias  com 10 criança que ñ tem como cuidar acabam  caindo numa vida sem sentido então  optem por fazerem aborto á quem quiser.","Nem sei a razão pela qual a tag está nos trend topics, mas vou ajudar: #AbortoNao",0,0.9523333311080932,0.0476666763424873,1,Random
"Em meio à pandemia e palavras de todos em preocupação com as vidas, o STF resolve deliberar sobre aborto. Os humanistas que se alimentam de fetos já lambem os lábios.  #AbortoNao",Esses bairristas são sórdidos #AbortoNao,1,0.9856114387512208,0.0143885351717472,0,Random
"Aborto é assassinato, é matar um ser humano que não tem culpa de nada. Ele merece viver. #AbortoNao","“A mulher que aborta é uma de nós. Ela é a sua irmã, ela é a sua vizinha, ela é a sua filha ou a sua mãe”, define Débora Diniz. A classe social não interfere na decisão. “Pobres e ricas, todas abortam”, afirma a professora.   #AbortoSim",0,0.0799463242292404,0.9200537204742432,1,Random
"As feministas que são a favor do aborto achariam legal um casal querer abortar pelo simples motivo do feto não ser um menino, sonho deles, mas veio uma menina. Seria certo assassinar essa menina por era ser menina, em nome da liberdade absoluta da mulher...?","Claro que não seria certo. Temos métodos contraceptivos aos montes. Elas deveriam colocar a língua ""dentro da boca"" para na próxima encarnação não sofrerem do que defendem.",1,0.1418760567903518,0.8581239581108093,0,Random
Vamos subir #AbortoNao .  STF quer aprovar medida em plena pandemia.,Parem de gracinha seus comedores de lagosta às custas do dinheiro alheio. Nem tentem aprovar essa aberração. Estamos ligados.  #AbortoNAO,1,0.982992708683014,0.0170073471963405,0,Random
"E sim, é um feto e não um bebê. Um feto não tem seu cérebro desenvolvido, nem o sistema nervoso centra nem nada que possa fazer com que ele sinta dor. A partir do monte em que ele possa sentir dor e tem um cérebro não se faz um aborto #AbortoSIM",Antes de tirar seu filho do seu ventre você deve passar por psicólogos para conversar com eles e ver se isso realmente é algo que você queira fazer ou apenas está nervosa e com medo #AbortoSIM,1,0.1217578798532486,0.8782421350479126,0,Random
#AbortoNao só tem homem idiota querendo mandar no que a mulher deve ou não fazer skskskksksksks as vezes queria suicidar minha memória para não relembrar isso,"Se não quer engravidar é só utilizar alguns dos vários métodos anti-concepcionais existentes, é uma covardia fazer isso com um inocente,mas se mesmo assim ainda quiser abortar eu espero que a mulher também morra lentamente na hora do aborto. #AbortoNao",1,0.4886759221553802,0.5113241076469421,1,Incerta
"Uma criança que vai nascer, por exemplo, de uma usuária de droga, em uma familia desestruturada, é melhor mesmo nem vir ao mundo. Só quem sabe o q é ser rejeitado pela familia sabe como é. #AbortoSim #AbortoNão","Mas pensem bem: se liberar o aborto, n vai haver o medo de engravidar, logo ""camisinha n sera necessário, né""? (É só um exemplo) Ja pararam para pensar q isso pode aumentar o numero de casos de IST's? #AbortoSim #AbortoNão",1,0.489565372467041,0.510434627532959,1,Incerta
Fora aborto #AbortoNao,#AbortoSim Sem vagina  Sem opinião,0,0.4355151951313019,0.5644847750663757,1,Incerta
"Que decepcionante acordar e ver a tag #AbortoNao. Primeiro que o corpo é da mulher e ela tem sim, DIREITO e mesmo que fosse um homem ele também teria. Nem todos tem condição de cuidar de um filho. E fala sério, o feto NÃO SENTE NADA. Já foi comprovado isso.",Então volta no tempo e pede para te abortar!,2,0.5870875716209412,0.4129123985767364,1,Incerta
"""Fica em casa, nada é mais importante que a Vida, não pera vamos aproveitar e mudar a lei do aborto."" Não você não está ficando louco esse é o STF que agora legisla e dita a vida no Brasil! E a esquerda xingando o Bolsonaro de ditador! #AbortoNao",Pela vida.#AbortoNao,2,0.5975243449211121,0.4024756252765655,0,Incerta
"homem não tem que opinar na nossa decisão, vocês não dão a luz e muito menos passam 9 meses carregando na barriga, tem muita criança na rua passando fome e frio, porquê vocês não vão ajudar quem realmente tá precisando e param de opinar na decisão da mulher. #AbortoSim #AbortoNao",Se homem engravidasse o aborto seria permitido. #AbortoSim,0,0.5176489353179932,0.4823510348796844,0,Incerta
"Não se pode relativizar o valor da vida em decorrência da idade. Isso vale para o cálculo utilitarista que entende que a morte de idosos, na pandemia, é algo natural, mas também para os que aproveitam o momento de crise para pautar a legalização da morte de fetos. #AbortoNao",Educação sexual para decidir. Contraceptivos para não abortar. Aborto legal e gratuito para não morrer!  #AbortoSim #NenhumaAmenos,0,0.4765659868717193,0.523434042930603,1,Incerta
Ai gente temos sempre que reforçar #AbortoSim,#AbortoNao  ABORTO SIM,0,0.4570923447608948,0.5429076552391052,0,Incerta
Sou contrário ao aborto...#AbortoNao,"#AbortoNao O aborto tem q ser permitido, pra evitar q crianças cresçam em ambientes onde não são amadas, vivem passando necessidades e acabam sofrendo grandes traumas!  #AbortoSim",0,0.4463700652122497,0.5536298751831055,1,Incerta
"Por que a extrema-imprensa esconde do público o julgamento marcado pelo STF sobre aborto? É cúmplice na estratégia de esconder a importantíssimo decisão, utilizando o caos gerado pela quarentena?  Querem aprovar o aborto na surdina?  #AbortoNao",pfvr aprovem mesmo,2,0.472841739654541,0.527158260345459,1,Incerta
"Mulher tem o direito de tudo mesmo, mas não é por isso que temos que tirar uma vida ! #AbortoNao",#AbortoNao Temos que salvar vidas nao só no corona mas a vida que está pra chegar também.,0,0.4265552759170532,0.5734447240829468,0,Incerta
As mesmas pessoas que defendem #AbortoNao são aquelas que são contra educação sexual nas escolas levando(as crianças e adolescentes) a ter DST e gravidez na adolescência resultando no aborto do feto  A hipocrisia e a ignorância desse povo é de cair o c# da bunda,"As pessoas tentam colocar a culpa do sexo desregrado na falta de educação sexual, como se nenhum adolescente não soubesse que sexo dá prazer e que isso engravida.  O sexo desregrado é fruto de uma má formação familiar. A justificativa de falta de educação só é aceitável +",2,0.4625144004821777,0.5374855399131775,1,Incerta
#AbortoNao.  Sim à vida,Vemos o grau de degradação moral quando algo óbvio como a preservação da vida é colocada em pauta para discussão. Que Deus tenha misericórdia de nós.. #AbortoNao #AbortoSim,0,0.507427453994751,0.4925725758075714,0,Incerta
Esquerda sempre apoiando genocídio  #AbortoNao,"Aborto sim, porque ninguém tem o direito de ditar regras sobre o nosso corpo. Até porque a maioria não é pró vida e sim pró nascimento, depois a mãe e o bebê que se dane. Aborto sempre vai existir, o que queremos é o direito de termos um aborto seguro. #AbortoSim",0,0.5796875953674316,0.4203123450279236,1,Incerta
MANO FODASSE Q É ASSASSINATO QUANTO MENOS CRIANÇA NESSA PORRA MELHOR TEM Q ABORTAR MESMO #AbortoSim VTNC NA MORAL ODEIO CRIANÇA CHORANDO EM FILA,"De abortista eu só gosto da distância . Não tem diálogo com quem concorda com a ideia de matar um ser inocente, independente do motivo que seja! #AbortoNAO",0,0.5615177750587463,0.4384822845458984,1,Incerta
A esquerda irresponsável é contra a vida! #AbortoNao,"Essa mania do brasileiro de ir  acostumando-se com tudo que lhe é imposto, está trazendo cada vez mais o socialismo para o país. A última que estão tentando empurrar goela abaixo é aprovação do aborto.  #AbortoNao",0,0.4251489341259002,0.5748510360717773,0,Incerta
"Não é um bebê, é um FETO! Já passou da hora da descriminalização! #AbortoSim  #AbortoNão ? Não aborte e cuide da sua vida.",Aborto bom é aborto assim. #AbortoSim,0,0.5890032052993774,0.4109968543052673,-1,Incerta
"#AbortoNunca ninguém é obrigado a seguir o seu código moral. Legalizar o aborto bão significa todo mundo abortar, significa menos mulheres mortas. #AbortoSim","#AbortoNAO STF serve pra soltar vagabundos, defender corruptos, proibir o cidadão à legítima defesa e permitir matar bebês indefesos! Cumpre bem a agenda  socialista e globalista! Objetivo de destruir nossa sociedade!",0,0.5513389110565186,0.448661059141159,1,Incerta
"Varios métodos de evitar uma gravidez indesejada, mais as imbecializadas preferem matar. #AbortoNao",eu vou olhar os replys contrários a #AbortoNao e pelo menos 40% é fancam de kpop tentando lacrar,0,0.4279361665248871,0.5720638632774353,0,Incerta
"Rapaz e um povo sem noção mesmo.  Pedido a morte de criança, mas incapaz de defender a cura do Corona vírus através da medicação. Hipocrisia. Vcs são um lixo #AbortoSim #AbortoNAO",#AbortoNao STF aproveitando o momento.,0,0.5880224108695984,0.411977618932724,0,Incerta
"#AbortoSim KKKKKK so pq eu apoio o aborto n significa q eu qro abortar seus mentes fechadas do caralho, so quero q a mulher q queira abortar tenha direito e segurança ao fzr isso, se chama sororidade e empatia, coisas q a maioria do povo brasileiro não tem",Errado não tá..  #AbortoSim #AbortoNao,0,0.5857487916946411,0.4142512381076813,0,Incerta
eu tô rindo tanto com esses bagulho kkkkkkkkkkkkk vsf  #AbortoNAO,#AbortoNao  SIM A VIDA E NÃO AO ABORTO!!,0,0.4031401872634887,0.5968598127365112,-1,Incerta
"Temos uma suprema corte assassina, no meio de uma pandemia onde aspirantes a  ditadores  falam em preservar vidas, aí vem uns parasitas do STF querer meter o aborto guela abaixo dos cidadãos de bem. Vão a merda STF.  #AbortoNao",Eu não a favor e não faria #AbortoNao porém existem o livre abitrio e nesse caso sou a favor da legalização #Abortosim,0,0.5401347875595093,0.4598651528358459,1,Incerta
"Todo mundo que apoiava a escravidão era livre, todo mundo que apoia o aborto já nasceu.   Falam em ""aborto seguro"". Pergunto, para quem? Afinal, o bebê sempre morre. #AbortoNao","Mas é claro q é pra mata o feto, se fosse pra deixar vivo a mulher n ia aborta",2,0.5063021779060364,0.4936978220939636,1,Incerta
#AbortoNao Diga não!!!,"Mano, tava vendo essa hashtag #AbortoNao e ela é tão ridícula quanto absurda.   #AbortoSim  #AbortoSim  #AbortoSim",0,0.5421684384346008,0.4578315317630768,1,Incerta
"Nenhuma sociedade civilizada permite que um ser humano intencionalmente prejudique ou tire a vida de outro sem punição. O aborto não é uma forma de contracepção, mas assassinato. Quem defende essa monstruosidade está fazendo apologia e deve responder criminalmente. #AbortoNao!",Não poderia concordar mais. É assassinato de bebês. #AbortoNao,1,0.5803515315055847,0.4196484684944153,0,Incerta
"#AbortoSim  Mas quanta pretensão  Vocês nem sabem se vão sobreviver ao COVID-19, quiçá engravidar pra depois abortar  Faz-me rires baldes",Na hora de sentir o leitão quente na barriga é bom né ? Assassina #AbortoSim,0,0.5027453303337097,0.4972546696662903,0,Incerta
#AbortoNao Se aprovarem a justiça de Deus virá sobre essa corte anotem...,"#AbortoSim  Vc que for contra, quais seus motivos? Tente mudar meu pensamento. #AbortoNao",0,0.4876040518283844,0.512395977973938,1,Incerta
#AbortoSIM Primeiro assista ao documentário.,Reflita sobre as consequências para sua consciência  #AbortoNao,0,0.5881729125976562,0.4118270874023437,1,Incerta
GLOBOBELEZA PREFERIU COLOCAR PILHA NA FESTINHA DE M...BOTAR O PAÍS EM RISCO P/ EMBOLSAR GRANA DA PUBLICIDADE DA CERVEJARIA AMBEV  #FicaEmCasaMandetta #coronavirus  #Covid_19  #AbortoNao  #ForaMandetta #PrimeiroDeus    #STFVergonhaNacional,"Mano, q q  tu tem a ver com o filho da mulher? Cuida do seu próprio útero #AbortoSim",0,0.5075871348381042,0.4924128949642181,0,Incerta
"Defender o #AbortoNao você não salva ninguém. Entenda que o aborto já existe e se a mulher quiser fazer ela o fará, o que elas querem é apenas a legalização de algo que mata várias todos os dias.  Estão atrasando algo que um dia será legalizado, e vocês sabem disso... #AbortoSim","""Tu formaste o íntimo do meu ser e me teceste no ventre de minha mãe.""  Respeite a vida!   #AbortoNao",0,0.5433440804481506,0.4566559195518493,1,Incerta
“DEIXE-ME VIVER”  TODAS AS VIDAS IMPORTA / ALL LIFE MATTERS (no to abortion)  #AbortoNao,"#AbortoNao e agora, se morre o vírus é letal,  se ficarem vivos o vírus é só uma gripizinha,  se tomarem a hidroxicloroquina, Bolsonaro tem razão.",0,0.5270603895187378,0.4729395508766174,0,Incerta
Se não quiser é só não abortar simples #AbortoSim,"só lembrar que ninguém é a favor do ATO do aborto, mas sim da LEGALIZAÇÃO dele. muitas mulheres em situação de vulnerabilidade social morrem em clínicas clandestinas e é isso que a legalização visa evitar #AbortoSim",0,0.5437886118888855,0.4562113583087921,0,Incerta
Governador de São Paulo utiliza decreto de calamidade pública para dispensar licitação de RADARES no estado de São Paulo! É inaceitável que  utilize essa crise para alimentar a indústria da multa em nosso estado.   É uma vergonha para São Paulo! #ForaDoria,. Dória é um traíra almofadinha e mau caráter. O bom dessa crise é que abriu os olhos do povo. #ForaDoria. #AbortoNao #AbortoNunca.,2,0.5183255672454834,0.4816744327545166,0,Incerta
Todos que são a favor do aborto já nasceram. Não mate uma uma pessoinha indefesa. #AbortoNao,#AbortoSim   Brasil proíbe: agora está tudo resolvido  Clínicas clandestinas:,0,0.4260986745357513,0.5739012360572815,-1,Incerta
"a descriminalização do aborto é pra que ele seja feito de forma segura, vc sendo a favor ou nao ele vai continuar sendo feito, caralho  #AbortoSIM",As tags #AbortoSim e #AbortoNao viralizaram no Twitter  O que vcs acham,0,0.4152145087718963,0.5847854614257812,0,Incerta
"aborto NÃO é uma questão religiosa e moral, é dar as mulheres direito sobre seu corpo e sua vida, é defender mulheres negras e pobres de abortos clandestinos pq eles acontecem e muito, é uma questão de SAÚDE PÚBLICA. NOSSOS ÚTEROS SÃO LAICOS. #AbortoSim",Um crime contra a VIDA. #AbortoNao,0,0.4512636661529541,0.5487363338470459,1,Incerta
Sejam felizes com TODAS as escolhas que vcs tiverem #AbortoSim,#AbortoSim Aborto seguro para as mulheres. Aborto não é nenhuma outra questão senão unicamente saúde pública.,0,0.4788951873779297,0.5211047530174255,0,Incerta
#AbortoNao  Aborto não,Aqueles lixo que sai matando estudantes nas escolas deveriam fazer isso em clinica de aborto! Belo e moral. Só poupar as faxineiras e tal. #AbortoNao,0,0.5197550058364868,0.4802449345588684,0,Incerta
uma bacteria fossilizada em um cubo de silício em marte é vida mas um embrião ligado as funções vitais do corpo de uma mulher não? #AbortoNAO,"A mesma turminha do "" mais amor, por favor"" "" Fique em casa, preserve a vida"" é a mesma que vem defendendo o aborto aqui no Twitter . #AbortoNao",0,0.4767107963562011,0.5232892036437988,0,Incerta
"#AbortoSim ""feto só se transforma numa pessoa quando começa a produzir ondas cerebrais semelhantes às de um ser humano “pronto” – 8ª semana para uns, 20ª para outros. E, por fim, há os que apontam para a 24ª semana de gestação, quando os pulmões do feto já estão formados.""","""Mesmo depois das 24 semanas o feto está sedado naturalmente e não tem consciência devido ao ambiente no interior do útero, defende o documento. ... É esta parte do cérebro que nos torna capazes de ter consciência e experimentar a dor."" #AbortoSim",1,0.4870509207248688,0.5129490494728088,1,Incerta
"Momento desapropriado com desculpas previsíveis para o stf decidir sobre o aborto, mas segue nossa opinião! #AbortoNao #AbortoNunca",#AbortoNao nessas horas que dá vergonha de ser homem... só homem falando merda nessa tag,0,0.5848480463027954,0.415151983499527,1,Incerta
"#AbortoNao Engraçado que vocês só se importam com as crianças, enquanto estão na barriga. Depois fingem que elas não existem, apóiam trabalho infantil, chamam de vagabundos, e se entram no mundo do crime por causa da vida merda que teve, querem a morte deles. #AbortoSim por elas.","Aborto envolve muito mais coisas...fora que só a mulher tem direito de opinar, ""aí não usou camisinha"" GENTE TODOS OS MÉTODOS NAO SÃO 100% EFICAZ ENTÃO NEEEE, além deq uma coisa que precisa parar urgente é envolver religião c questão social. Aborto iria sim melhorar muitas coisas",2,0.4228184819221496,0.5771815776824951,0,Incerta
#AbortoNao é decisão de ninguém além da mulher que está considerando.,#AbortoSim #AbortoNao  É gente eu só sou a favor a legalização do aborto em casos bem específicos e complexos como por exemplo A mulher está gravida e não quer ter o filho,0,0.4997695684432983,0.5002304315567017,0,Incerta
Esse anta contribuiu p merdas acontecerem e agora fica fazendo perguntas dando uma de João sem braço. É babaca mesmo!!!  #AbortoNAO,"#AbortoNao Não quer engravidar??? Simples, use contraceptivo. Na hora de ""dar"" não pensa nas consequências!",0,0.4909915626049042,0.5090084075927734,1,Incerta
Não há nenhuma mãe ou pai de filho com zika tuitando #AbortoNao. Fim.,"#AbortoNao #AbortoSim  Gente de vdd, bora cada um cuidar da própria vida e parar de encher o saco ? Tipo de vdd mesmo, n quer ter filho usa camisinha é os mercados contraceptivos, n são 100% mas a probabilidade de erro é quase 1% então tipo, Ceis tem que ser muito fudido  pqp",0,0.4949319064617157,0.5050680637359619,1,Incerta
Aborto não é método contraceptivo!antes de escolher seu macho escroto se proteja #AbortoNAO,"Respeito sua opinião, mas acho uma opinião burra",2,0.4837467074394226,0.5162532329559326,1,Incerta
"Bem interessante ver o pessoal a favor do isolamento social para salvar vidas, ser a favor do aborto. #AbortoNao",Já terminou de tweetar #AbortoNao homem branco favorável ao porte de armas?,0,0.406236469745636,0.593763530254364,1,Incerta
"Eu só sou a favor do aborto em determinados caso, tipo nos que a mulher quer abortar #AbortoNao","#AbortoNao  será que ninguém percebe que o aborto é sim importante?? o aborto em qualquer caso precisa ser liberado, na minha opinião o que é errado é o ""abuso"" do aborto e tbm a falta de prevenção.",0,0.5007615685462952,0.4992384016513824,1,Incerta
"Acho que devemos pensar nos dois lados da moeda , porque talvez você não queira , mais talvez o pai quer  ou pode ser totalmente ao contrário , não vamos generalizar gente , acho que cada um tem que ter sua opinião depende de qual seja ela , briga por isso é ruim pra vc#AbortoNao","o corpo,a vida é da criança nao é direito da mãe decidir isso ok?#AbortoNao",0,0.4285231232643127,0.5714768767356873,1,Incerta
"Uma dado alarmante: 141 sul-coreanos que haviam se curado do vírus chinês, voltaram a apresentar testes positivos.   As autoridades não sabem se eles pegaram o vírus novamente, se o vírus foi reativado em seus corpos ou se o problema é nos testes.",E o Brasil comprando esses testes da China com Aval do ministro PATIFE Mandetta #AbortoNao,2,0.1579964160919189,0.842003583908081,,Alta
entrando aqui #AbortoNAO nessa tag ridícula para dizer que...  #AbortoSIM,"Essa galera diz ter dó do feto, mas o que eu mais vejo na vara de família é pai que não paga pensão. Nessa hora a empatia some né? #abortosim",1,0.1241404637694358,0.8758595585823059,,Alta
"#AbortoNao então todas as mulheres que não querem ter filhos vão levar pra casa de voces pra VOCÊS CRIAREM, ai fica todo mundo feliz né???",Que onda é essa de #AbortoSim e #AbortoNao ?????,0,0.1481759250164032,0.8518241047859192,,Alta
"#AbortoNao   ""O aborto é um ato abominável. É assassinar, sem dar direito à vitima de gritar, correr, pedir socorro...!""  ☆ Haredita Angel","Pessoal, vamos encarar esse desafio em favor da vida inocente, vamos nos twits do AbortoSim, é coloquem #AbortoNao , é não se esqueça de dar uma resposta bem dada ao ""argumento"" do infeliz! ""Ain, é a contra o aborto, mas é a favor da pena de morte!"" Bebê n mata e n estupra! Vida!",0,0.1819474548101425,0.8180525898933411,,Alta
"Alguns castrados e prostitutas andaram subindo a tag ""AbortoSIM"", então gostaria de deixar aqui meu registro sobre esse assunto bizarro.","Já tem uma lei sobre o aborto no Brasil, que papagaida é essa de #abortosim?",0,0.1608907431364059,0.8391092419624329,,Alta
"nao acredito que to vendo homem chamando mulher que aborta de vadia nas trends, pena que ele não foi abortado #AbortoSim",#AbortoNao Engravidou por quis. Hoje em dia é muito fácil arranjar algum método contraceptivo.,0,0.1372254788875579,0.8627744913101196,,Alta
"Em meio à pandemia e palavras de todos em preocupação com as vidas, o STF resolve deliberar sobre aborto. Os humanistas que se alimentam de fetos já lambem os lábios.  #AbortoNao","E esses hipócritas falam que ""uma vida importa"". Só se for a mãe deles,  e ainda se não mexer no bolso....",2,0.1578715294599533,0.8421285152435303,,Alta
"Nenhuma sociedade civilizada permite que um ser humano intencionalmente prejudique ou tire a vida de outro sem punição. O aborto não é uma forma de contracepção, mas assassinato. Quem defende essa monstruosidade está fazendo apologia e deve responder criminalmente. #AbortoNao!",Quem defende aborto deveria se matar para vir contar depois como é. #AbortoNao,1,0.1978941410779953,0.8021059036254883,,Alta
"#AbortoSim você não vai ser obrigada a obortar, mas muitas mulheres deixariam de morrer se fosse aprovado.",Elas querem #AbortoSim pra viverem na sacanagem sem responsabilidade. São promiscuas em sua maioria. Curiosamente só vejo abortista quando o cara que fez o filho é pobre.,0,0.1726691871881485,0.8273307681083679,,Alta
"Mulheres citando que homens não tem Útero, sendo que para secundar um Óvulo se faz necessário o esperma advindo dos homens, sendo assim pq homens não podem ser contra o aborto, ou essas mesmas evoluíram a tal ponto que conseguem desenvolver um embrião sem fertilização #AbortoNao","Queria ver a mobilização desses caras, quando tornar pena, para homens que tenham praticado abandono parental.",2,0.1282792538404464,0.8717207312583923,,Alta
O aborto deve ser uma escolha única e EXCLUSIVAMENTE da mulher. A legalização do Aborto não significa que você é pro-morte mas sim que não quer mulheres pobres morrendo em clínicas de aborto clandestinas por não ter dinheiro para pagar por clínicas caras  #AbortoSim #AbortoNão,@ Aborto é crime. Aborto bom ê quando a mãe  morre junto #AbortoNao,1,0.1629503667354583,0.8370496034622192,,Alta
"A verdade é que: se homem pudesse realizar aborto, ele já seria legalizado! #AbortoSim",A mesma Direita que condena o aborto é a mesma que aplaude  -Bandido bom é bandindo morto! Cala a boca gado #AbortoNao,0,0.1132507771253585,0.886749267578125,,Alta
"criminalizar o aborto é fácil, difícil é adotar uma criança largada na rua ou em um orfanato ne?  ABORTO É QUESTÃO DE SAÚDE PÚBLICA, muitas mulheres morrem em parto! aborto é uma escolha pessoal, se o corpo não é seu, não opine. #AbortoSim #AbortoNao","Não quer abortar? Não aborte, mas não impeça outras mulheres de decidir o que é melhor pra elas   #AbortoSim",0,0.1466796398162841,0.853320300579071,,Alta
#AbortoNao ?????  Você vai pagar pelas fraudas? Vai dar amor??? Vc prefere que uma criança venha ao mundo não sendo amada ou passando situação de miséria???????? Chupa minha rol4 fdp,"Eu odeio esse assunto sou favor ao aborto no caso de mulher ou meninas e adolescentes terem sido violentadas,nós outros caso pq não se cuida toma remédio usacamisinha da sai dando pra todo mundo um feto não eum sapato que vc não quer mais e joga fora já que dá se cuida #AbortoSim",0,0.1243829876184463,0.8756170272827148,,Alta
"Esquerdopatas defendendo o direito de matar bebês na barriga das suas mães.  Nesse caso, quem defende o direito à vida, poste:  #AbortoNAO !",Mulher que mata um filho no ventre pra mim é  assassina tão cruel qto as que jogam no lixo depois de darem a luz! #AbortoNao,1,0.1123142465949058,0.8876857161521912,,Alta
"Neste perfil, somos TOTALMENTE favoráveis ao aborto sim!!! Feto não é vida e a mulher que escolhe oq ela faz ou deixa de fazer com o útero DELA. Passar bem. #AbortoSim",Eu vejo homens falarem sobre o que a mulher deve ou não fazer e não tem coragem de ir no médico e fazer uma vazectomia para evitar também.   Incrível como os homens são hipócritas e leigos em algumas coisas.  #AbortoSim e #AbortoNao é assassinar,0,0.1508922576904297,0.8491077423095703,,Alta
"O que eu acho mais engraçado do homem cis é quando ele fala que é contra o aborto e logo dps ta dando rt em gnt falando que bandido bom é bandido morto, bolsonaro fazendo  e imagens de crianças de rua super abaixo do peso  #AbortoNao #AbortoSim",#AbortoSim  Se você discordar desse vídeo é pq vc esta simplesmente querendo lacrar!,0,0.1499859541654586,0.8500140309333801,,Alta
"Acho cômico a opinião dessa galera. Já que homem não pode opinar sobre aborto, eu posso invocar a carta ideologia de gênero (que vocês tanto amam) e me auto declarar mulher pra poder ter direito a opinião? #AbortoNao","Em um país aonde a maioria da população é conservador, o que justifica uma supremo corte  querer decidir sobre aborto???? #AbortoNAO",0,0.1753862649202346,0.8246136903762817,,Alta
"O estado é laico, mas usar religião como argumento pra ser contra o aborto, daí pode, né?!  #AbortoSim","Quem ė a favor de aborto devia se matar, namoral. #AbortoSim é o cacete",0,0.1234670281410217,0.8765329718589783,,Alta
só hoje ja vi abortonao e monarquiaja nos trens mds qnt tempo a gente voltou,Você apoia o aborto? ??  #AbortoSIM #AbortoNão,0,0.1221044138073921,0.8778955340385437,,Alta
"O povo desse solo não tem um dia de paz, agora vemos aqueles que deveriam defender a justiça dentro do país atentando contra vidas. #AbortoNAO",Se não queres um filho não faça#AbortoNao,0,0.1947171837091446,0.8052827715873718,,Alta
"Puta que pariu, olha o século, a gente passando por uma pandemia Uma crise  o Bolsonaro   e os cara me solta um aborto não. #AbortoSim",O Senhor é o que tira a vida e a dá; faz descer à sepultura e faz tornar a subir dela. 1 Samuel 2:6 Os teus olhos viram o meu embrião; todos os dias determinados para mim foram escritos no teu livro antes de qualquer deles existir. Salmos 139:13-16  #AbortoNao,0,0.1764007806777954,0.8235992789268494,,Alta
"Adotar ninguém quer, mas ser a favor da “vida” todos são.  #AbortoSim","Um macho escroto, que não tem útero, opinando sobre o aborto. Geralmente são os cabras que somem depois que a criança nasce(abandono afetivo) só dão  pensão acionados na justiça.  #AbortoSim",0,0.1155195981264114,0.884480357170105,,Alta
"Uma sociedade que despreza a vida dos mais indefesos,que estimula homicídio daquele que não pode se defender, que considera uma criança em formação como um apêndice a ser extirpado.Esse não é o Brasil que queremos. STF, o poder emana do povo,vocês não tem legitimidade.#AbortoNao","é muito fácil falar que é contra o aborto, mas ai o cara chega engravida a mulher e some #AbortoNao",0,0.1191329881548881,0.8808669447898865,,Alta
Diga sim à vida!  Diga não ao aborto  #AbortoNao,Quem é a favor ao menos use a tag certa #AbortoSim,0,0.1192073971033096,0.8807926177978516,,Alta
"Todo mundo que apoiava a escravidão era livre, todo mundo que apoia o aborto já nasceu.   Falam em ""aborto seguro"". Pergunto, para quem? Afinal, o bebê sempre morre. #AbortoNao","kk é contra o aborto de FETOS, mas concorda com o presidente que tem política eugenista e genocida kk ai ai a incoerência",2,0.063038483262062,0.9369615316390992,,Random
Ninguém quer abortar de macho rico  #AbortoNao,"Seu corpo é o seu corpo, o corpo do bebê e o corpo do bebê, entendeu!! Eu digo não ao aborto #AbortoNao",0,0.8353789448738098,0.1646210551261901,,Random
Se alguém tem dados e comprovações que mostrem que o Aborto ser ilegal é o correto e o melhor para população e para a Saúde Pública. Mostrem-me e provem. Estou aberta a ouvir e obter mais conhecimento sobre.  #AbortoSim,Sou a favor da mulher abortar em situações gaves tipo quando ela nao quer ter o filho #AbortoSim,0,0.8918585181236267,0.1081415340304374,,Random
"#AbortoSim A decisão é totalmente nossa, obrigada!","#AbortoNao Entrando na tag e ja sabendo q vou ver 1 monte de pessoas q pregam achismos/moralidade  And Q n estao dispostas ao depate (apesar disso acontcer dos dois lados) Ou seja, n existe debate so gente querendo discursar My opinion: se é contra o aborto é so n abortar",0,0.1012709513306617,0.8987290859222412,,Random
Fora STF ASSASSINOS   #AbortoNao,Não existe gravidez por acidente Ninguém cai uma uma pirOc@ sem querer! STF é uma   #AbortoNao,0,0.993492066860199,0.0065079280175268,,Random
"O STF pautou para o dia 24 de abril o julgamento de uma ação que autoriza o aborto em casos de infecção por zika vírus. Enquanto estamos lutando pela vida no caso coronavirus, alguns lutam pela morte. O diabo NUNCA dorme. #AbortoNao",se tornou a maior VERGONHA NACIONAL #AbortoNao,2,0.99366956949234,0.006330469623208,,Random
Estão querendo implantar as ações eugenista da época nazista. #AbortoNao,"#AbortoSim #AbortoSim #AbortoSim  E não preciso dar argumentos pra convencer ninguém, pesquisem por vocês mesmos e vejam que o único motivo pra defenderem fetos inconscientes e por papo religioso  NÃO EXISTE N A D A DE NEGATIVO EM ABORTAR UM SER QUE NEM VIVO DE VERDADE ESTÁ",0,0.7698695659637451,0.230130448937416,,Random
#AbortoNao Abortar é lavar as mãos... mas sujeira continuará la!,Homens querendo dar opinião sobre o aborto é o fim pra mim pelo o amor de Deus façam um favor a humanidade e sumam daqui não é o lugar de fala de vcs e as mulheres  tem o direito de fazer o que ela bem entenderem com o corpo delas espero que fique bem claro  #AbortoSim,0,0.0544685050845146,0.9455314874649048,,Random
"a decisão é da mulher que engravidou e não de vocês, bom dia #AbortoNao","eu nunca faria um aborto porque &gt;&gt;eu&lt;&lt; n acho legal e provavelmente iria carregar culpa mas isso é algo meu e tal coisa n daveria impedir nenhuma mulher de fazer oq ela acha melhor pra ela, por isso #AbortoSIM  E sobre crenças religiosas: n devenos impor nada a ninguem bjs",0,0.0498301945626735,0.9501697421073914,,Random
"Todo mundo que apoiava a escravidão era livre, todo mundo que apoia o aborto já nasceu.   Falam em ""aborto seguro"". Pergunto, para quem? Afinal, o bebê sempre morre. #AbortoNao","Hipocrisia ser a favor do aborto! Qualquer pessoa ante o perigo tenta escapar, se defender. O bebê não sabe, nem pode fugir muito menos se defender. Existem inúmeros métodos anticoncepcionais! E os radicais: ligadura e histerectomia. Defenda a vida! #AbortoNAO",2,0.4149095118045807,0.5850905179977417,,Random
Aborto é  crime#AbortoNao,#AbortoNao pq é pro vida mas vamo todo mundo voltar a trabalhar e fazer as coisas normal mesmo o resto do mundo estando em isolamento pq é só uma gripezinha,0,0.988100290298462,0.0118997395038604,,Random
Em defesa dos que não podem se defender #AbortoNao,Quem defende o aborto teve o direito de nascer! Ninguém tem direito a tira a vida do outro  #AbortoNao,0,0.8533507585525513,0.1466492116451263,,Random
"STF, o câncer do Brasil, agora quer decidir quem vai viver e quem vai morrer... Querem matar INDEFESOS  Você é contra o aborto? Então senta o dedo nessa tag: #AbortoNAO",#AbortoNao  STF não pode legislar. Fora STF comunista!,2,0.9863846898078918,0.013615314848721,,Random
"Intervenção Militar já, nessa PINÓIA!!  #AbortoNao  #ForaSTF",#AbortoSim  Sou favorável ao aborto!  Aborta quem quiser e depois acerte as contas com Deus.  E quem é do contra faça da sua casa um abrigo e crie essas crianças.  SEJA SENSATO E USE MÉTODOS CONTRACEPTIVOS!   99% garantido à eficácia se engravidar em 1% é muita zika.,0,0.9562979936599731,0.0437019579112529,,Random
aborto sim #AbortoNao,"#AbortoNao belo discurso sobre aborto vindo de quem não é mãe,  não tem filhos ou namorado e podem se arrepender depois de uma transa e justificar um homicídio.",0,0.981969952583313,0.0180299989879131,,Random
"Sério q a esquerda está levantando tag p/ apoiar o crime de assassinar fetos? Q eu saiba os artigos 124 a 126 não foram revogados.É proibido se manifestar contra as medidas restritivas que estão nos levando ao sucateamento econômico, mas fazer apologia ao aborto pode?  #AbortoNao",meu Deus #AbortoNao,1,0.9701430797576904,0.0298568997532129,,Random
"Só vou ser a favor do aborto quando os homicidas assassinos de vidas inocentes sendo elas nascidas ou não,tiverem o mesmo fim perante a justiça...#AbortoNao",Números NÃO BATEM. População chinesa com números de mortos e de infectados. Deixando CLARO que o COVID-19 foi algo LOCAL. #VirusChines  #VirusChino  #AbortoNao,0,0.9639644026756288,0.0360356196761131,,Random
"A legalização do aborto não quer aprovar algo que não existe, mas sim fazer com que esse ato se torne mais seguro, além disso poderíamos estar poupando varias crianças de viverem em orfanatos, na rua, ou com pais que os tratem de uma forma horrível  #AbortoNunca #AbortoSim","enquanto tem gente escrota falando #AbortoNAO vcs ja esqueceram que existe milhões de criança no mundo passando fome,sem roupa,morando nas ruas???então enquanto vc ta ai na sua casa falando merda tem crianças sofrendo,então que tal parar de falar merda e ajudar elas?#AbortoSIM",0,0.0506290346384048,0.9493709802627563,,Random
"Só pra lembar que 5,5 milhões de crianças no Brasil não tem o nome do pai no registro, mas nem por isso abandono paterno é considerado crime   #AbortoNao #AbortoSim","@ Pq não tem o nome do pai estão condenadas a morte???? Canalhice, não??? #AbortoNão #Abortonao",1,0.2743120491504669,0.7256880402565002,,Random
#AbortoNao é direito de escolha. É assassinato mesmo.,Não e não #AbortoNao,0,0.9536839723587036,0.0463160537183284,,Random
"Legalizar ou não.  Direito ou não. Abortar é encerrar uma vida, isso ninguém muda.  #AbortoSim","Tava aqui lendo as opiniões do pessoal que tá usando #AbortoNao e tô muito chocada! Homem nasceu pra morrer na guerra, apenas!",0,0.0601076297461986,0.93989235162735,,Random
"STF pautou ABORTO para dia  24 , no auge da Pandemia. Enquanto dormimos, STF cumpre a pauta  dos COMUNISTAS para assassinar indefesos !  STF, diz que quer salvar vidas prendendo as pessoas em casa com fome , enquanto pauta assassinatos, de bebês.  #AbortoNAO","Ñ tem família, pai e mãe esse povo stf.. foram paridos em laboratório #AbortoNao",1,0.9779526591300964,0.0220473110675811,,Random
"Será que prevíamos lembra ao ,  e aos outros Olímpos que a CF/88 veda a pena de morte???  #AbortoNunca #AbortoNao",#AbortoNao seus filhos da puta.,0,0.7660617828369141,0.2339382469654083,,Random
#AbortoNao todos tem o direito a uma chance de ter momentos felizes ou tristes.,o mais engraçado é ver mulher nessa tag #AbortoNao kkkkk nem sabem oq tão falando,0,0.3542161285877228,0.6457839608192444,,Random
"Presidente fez aquele acordo tão  esperado por nós, entrou com o pé e o pau Mandetta do DEM com o traseiro  O novo ministro Nelson Teich deve ser apresentado em breve.  #AbortoNao","#abortosim e eu fiquei pensando ""whats??????"".",0,0.1839205026626587,0.8160795569419861,,Random
"Sobre a #AbortoSim antes de querer o direito de abortar, procure o direito de ter responsabilidade de não engravidar. A não ser que seja por caso de força maior(estupro, situação altamente precária) sou completamente contra esse tipo de absurdo.  #AbortoNAO","#AbortoSim pela insanidade mental de nossa sociedade, pela putaria!",0,0.431989312171936,0.568010687828064,,Incerta
"#AbortoNao Entrando na tag e ja sabendo q vou ver 1 monte de pessoas q pregam achismos/moralidade  And Q n estao dispostas ao depate (apesar disso acontcer dos dois lados) Ou seja, n existe debate so gente querendo discursar My opinion: se é contra o aborto é so n abortar","CALEM A PORRA DA BOCA, VCS NÃO TEM ÚTERO, O CORPO NÃO É DE VCS, A VIDA TMBM NÃO!   #AbortoNao",0,0.476261705160141,0.5237383246421814,,Incerta
#AbortoNao Namoral oq passa na cabeça desses Boomers ficarem colocando política e religião em tudo?  #AbortoSim garai. Aaaah e nenhum método é 100%¡ dois bjus,essa treta de #AbortoNao e #AbortoSim eh sinceramente desnecessária sério estamos em pleno 2020 e ainda estamos falando sobre direitos básicos que mulheres deveriam ter para fazer o que quiser com o seu próprio corpo,0,0.5809417963027954,0.4190581738948822,,Incerta
não poderia deixar de me posicionar  #AbortoNao,"Tá, ok, o corpo é da mulher... Mas se vc retira uma parte do seu corpo não é automutilação? E se não faz parte de você, então, tipo, é um outro corpo que não é seu? Curioso... Tipo, é um ser humano! Mesmo que tenha 1 dia! É triste ver que isso ainda é pauta de debate #AbortoNao",0,0.508259117603302,0.4917409121990204,,Incerta
eu vou olhar os replys contrários a #AbortoNao e pelo menos 40% é fancam de kpop tentando lacrar,"Fico observando essas feministas que defendem a Tag do #AbortoSim, até tento compreender mais infelizmente não dá... Infelizmente os argumentos não fecha.",0,0.4273901283740997,0.5726098418235779,,Incerta
#AbortoNao DE JEITO NENHUM!!!!,Sou a favor da legalização do aborto. #AbortoSim,0,0.5094960927963257,0.4905038774013519,,Incerta
"Então a OMS acha ruim que tenham pessoas bebendo mas não vê problema com a continuação dos abortos...abram o olho gente...OMS, China, Quarentena... estamos afundando. #AbortoNao",Socorro que o mesmo povo que é contra o aborto e diz que é a favor da vida são a favor da pena de morte #AbortoSim #AbortoNao,0,0.4465701878070831,0.5534298419952393,,Incerta
"#AbortoSim  Todos se importam com o feto que não sente nada,mas ninguém lembra que a mãe sente dor , a mãe não tem condição de dar uma boa vida a criança , a mãe vai ter que trabalhar noite e dia pq o pai Sumiu e nem a pensão paga , nenhum pró ""vida"" vai lá ajudar na vida do feto",Já que tão subindo hashtag do nada  #AbortoNao,0,0.4951907694339752,0.5048092007637024,,Incerta
"O STF, na calada da noite, quer aprovar o aborto no Brasil. Cadê a imprensa que não divulga isso? #AbortoNao","Sempre vale a pena dizer Feto não é ser humano, o direto do indivíduo deve prevalecer pois cada um faz sua vontade, o feto não faz sua vontade pq ele não é um SER HUMANO ""ainda""    #AbortoNao #AbortoSim #Indivisible",0,0.4919202625751495,0.5080797672271729,,Incerta
#AbortoSim   Se homem abortasse isso nem seria discussão.,"Cabe a mulher escolher se quer o filho ou não, ninguém está a dizer que as mulheres devem abortar, apenas que devem ter o direito de escolher e se optarem por fazê-lo que seja em condições legalizadas e que a protejam, tão simples como isso  #AbortoSim .",0,0.5946980118751526,0.405301958322525,,Incerta
"Gente sério o aborto é assassinato, sei que muitas mulheres sofrem com isso, porém o feto não tem culpa ele é uma vida inocente, #AbortoNao",Para todos o #AbortoNao Vai te fuder filha de uma puta do caralho não quer que mulher tenha filho corta teu pinto fora dai os espermatozóides não vão parar no útero corno vagabundo Boa noite.,0,0.4733440577983856,0.526655912399292,,Incerta
"Ninguém pediu a minha opinião sobre o aborto, mas vou dá-la mesmo assim.   Minha opinião é a mesma exata opinião do Dr. Thomaz Gollop, que ele, com toda a sua sabedoria, resume perfeitamente nesta entrevista, entre 1:40 - 2:20.    #AbortoSim",Assassinato não #AbortoNao,0,0.5150222778320312,0.4849777519702911,,Incerta
"Tem q se posicionar neh... Claro q #AbortoNao não e não... Responda pela sua vida, não pela vida dos outros! #responsabilidade Brother and Sister!","Não é possível conciliar o discurso que devemos ""ficar em casa para salvar quem amamos"" e ao mesmo defender que o feto possa ser assasinado no ventre, sua primeira casa, onde deveria ser amado. São ou não são defensores da vida? #AbortoNao #AbortoNunca",0,0.5033052563667297,0.4966946840286255,,Incerta
"Todos que estão levantando essa merda de##AbortoSim são os mesmos que querem ficar em casa ,ou seja,eu quero ficar em casa pra ñ morrer de civid 19,mas um bebê que eu fiz posso matar pra ñ mudar a minha vida!!!!Hipócritas nojentos!!!!",Só gente irresponsável aqui nessa tag e as vagabas que abrem as pernas pro zédroguinha e dps nao querem arcar com as consequências. #AbortoNao #AbortoSim,0,0.517743706703186,0.4822562336921692,,Incerta
"Meu pai, cheio de macho falando do aborto, essas pestes lá engravida pra dar palpite #AbortoSim","Não é meu lugar de fala, mas vai lá: Muitas mulheres morrem no Brasil por abortos clandestinos, o aborto existe e qualquer uma pode fazer (se for a escolha da mulher, claro) não dá para ignorar o problema. #AbortoSim",0,0.5199523568153381,0.4800476133823395,,Incerta
“Aborto é o ato mais cruel e legítimo contra a vida humana.” #AbortoNao #ABORTONUNCA,Em seu qual for a situação: “Não ao assassínio de bebês!” #AbortoNao #ABORTONUNCA,1,0.5311635136604309,0.4688365161418915,,Incerta
Pela vida de quem?,Homenagem a vida #AbortoNao,2,0.5436655282974243,0.4563344717025757,,Incerta
Avisem o Gilmar Mendes que política genocida é feita por quem solta os bandidos saqueadores dos cofres públicos.  Quantos hospitais poderiam ser construídos com o dinheiro roubado pelos bandidos que o STF protege?,"Genocidas também, são os os assassinos de bebês no ventre das mães #AbortoNao",2,0.4486311078071594,0.5513688325881958,,Incerta
"legalização do aborto é questão de SAÚDE PÚBLICA, não se refere ao que eu penso ou oque você pensa.  #AbortoSIM",O aborto salva vidas. Só falta amparo legal...que venha...#AbortoSim,0,0.5621846914291382,0.4378153085708618,,Incerta
"Por aqueles que, literalmente, ainda não tem voz: “Os Teus olhos viram o meu embrião; todos os dias determinados para mim foram escritos no Teu livro antes de qualquer deles existir.” Salmos 139:16 #AbortoNao",#LiveDoRevela   #LiveMCManeirinho #AbortoSim Tereza Cristina Lula #Riverdale Yasmin Santos GIZELLY NO MULTISHOW Kim Kardashian Dj Diogo #BBB20,0,0.5445164442062378,0.4554835855960846,,Incerta
A vida é um don preciso #AbortoNao,1Cada um tem sua opinião  2 cada um acha oque é melhor pra sua vida  3 Não sou Capaz de opinar  #AbortoNAO #AbortoSim,0,0.4472742676734924,0.5527257323265076,,Incerta
"Estamos doentes não pelo  covid19, mas por toda essas mazelas  patrocinadas  por essa corte do demônio  e o congresso  do capeta . Att. 142 Urgente!!  #AbortoNao","Esse gado fala cada merda...  ""Estamos doentes não pelo covid19""  Realmente... A maior doença é esse pensamento de vcs.   #AbortoSIM",2,0.405784547328949,0.5942155122756958,,Incerta
#AbortoNAO chegando ao topo dos TT's.   Vamos pressionar o STF.,"porque o tema aborto está nos TTs?   É CLARO QUE ABORTO SIM, ja viu o pais que você vive? #AbortoSim",0,0.522179901599884,0.4778200685977936,,Incerta
as pessoas defendendo #AbortoNao são as mesmas q ontem mesmo falavam q o coronavírus só mata idoso e pessoas de grupo de risco e por isso não tem problema sair de casa... só existe uma reação pra essa galera:,"Fico pensando comigo: a mesma turma que fica desesperada com a ""vida"", chama Bolsonaro de assassino, chama de genocida (que mata muitas pessoas), sim meus amigos, essa mesma turma levanta a hashtag #AbortoSim. Estranho. Mas não dá pra esperar coerência dessa gente.",0,0.5741144418716431,0.4258855283260345,,Incerta
#AbortoNAO sua irresponsabilidade não compete a uma vida se você foi irresponsável arque com os prejuízos que você mesmo causou a você #AbortoNAO,eu poderia ficar dias debatendo sobre a legalização do aborto mas vocês não estão preparados pra essa conversa #AbortoNAO,0,0.4674276709556579,0.5325723886489868,,Incerta
#AbortoNao  É sério que esses canalhas do  vão votar essa barbárie em tempo de pandemia!  vcs são uns vermes.,"#AbortoNao ""vamos criar uma lei pipipi popopo"" amam uma intervenção estatal para as mais diversas merdas, é impressionante!",0,0.4449113607406616,0.5550886988639832,,Incerta
#samsungnobbb #BBBAEliminação #RedeBBB #BBB20 #AbortoNao #AbortoSim #Riverdale SOBRE ABORTO QUAL SUA OPINIÃO ?,Que lixo o que vc postou!! #AbortoSim Lamentável,0,0.588403046131134,0.4115969240665436,,Incerta
"Todo mundo que apoiava a escravidão era livre, todo mundo que apoia o aborto já nasceu.   Falam em ""aborto seguro"". Pergunto, para quem? Afinal, o bebê sempre morre. #AbortoNao",#AbortoNão   Aborto nunca!,2,0.510653018951416,0.4893470108509063,,Incerta
"#AbortoSim  #AbortoNao               No posto de saúde dão preservativos de GRAÇA, além de prevenir gravidez, também serve contra várias doenças que também podem matar ...           Simples assim","#AbortoNao Bando de assassinos comunistas, nazistas de merda, que não da valor a vida!  O muleque/menina nem  nasceu mano. SEU PSICOPATA SANGUINÁRIO DE MERDAAAAAAAAAAAAAAAAAAA!",0,0.5960492491722107,0.4039507806301117,,Incerta
SE MATAR UM IDOSO DE 96 ANOS É CRIME SE MATAR UMA MULHER DE X ANOS É CRIME SE MATAR UM GAY DE X ANOS É CRIME SE MATAR UM HOMEM DE X ANOS É CRIME  SIGNIFICA QUE NÃO SE MATA NENHUM SEM HUMANO! UM BEBÊ NO UTERO TBM É UM SER HUMANO ENTÃO #AbortoNao !  SATANÁS NÃO DORME! ACORDEM!,UM FETO NO ÚTERO TBM É SER HUMANO!!!!! #AbortoNao,0,0.5488157272338867,0.4511843025684356,,Incerta
Sou grata pela minha vida!! #AbortoNao,"aborto não empodera nem uma mulher, apenas impedem que elas Nasçam. #abortonao",0,0.4293664097785949,0.570633590221405,,Incerta
#AbortoNao Uma vida não pode ser tirada por assassinos de crianças.,#AbortoNao A vida não existe graduação para ser preservada.,1,0.5548826456069946,0.4451174139976501,,Incerta
#AbortoSim rsrs n vou comentar sobre mas tinha q deixar minha opinião aqui,"Devemos lutar pelo direito de TODAS as mulheres, inclusive das que ainda não nasceram.  #AbortoNao",0,0.4631004333496094,0.5368995666503906,,Incerta
"#AbortoSim         bora gay, bora levantar a tag",#AbortoSim quando eu vejo essa tag no twtter,0,0.4508518278598785,0.5491481423377991,,Incerta
Me entristece saber que muitas crianças jamais irão ver a luz do dia. #AbortoNao,aborto sim e fodase.  b noite #AbortoSIM,0,0.5503438711166382,0.4496561288833618,,Incerta
"Esquerdopatas defendendo o direito de matar bebês na barriga das suas mães.  Nesse caso, quem defende o direito à vida, poste:  #AbortoNAO !",Diga NÃO ao aborto! Aborto é assassinato de vulneráveis.  #AbortoNAO,2,0.4730958342552185,0.5269041657447815,,Incerta
"Eu já debati centenas de vezes sobre isso, sendo algumas vezes contra e, quase sempre, a favor.  Então vou contradizer seu ártigo aqui em poucas palavras: você é homem, apenas isso. Se quiser continuar com isso, primeiro faça uma pesquisa real sobre tudo, ok? #AbortoSim",Resumindo quem tá no #AbortoSim nesse Twitte...  #AbortoNão,2,0.4262615144252777,0.5737384557723999,,Incerta
"Quem precisa de terapia são as abortistas, vadias que não dão valor a vida","Segundo: Pessoas defendem o aborto pois são casos e casos diferentes que ocorrem. Incidentes ocorrem se vc n sabe, não cabe a vc decidir o que fzr quando um incidente ocorrer, cabe a pessoa q está ligada ao ocorrido.",1,0.4322407841682434,0.5677592754364014,,Incerta
"Até eu que sou paz e amor, to querendo que o povo invada Brasília, prefeituras e palácios de governadores. Irmão, chega!   #AbortoNAO #STFVergonhaNacional  #AcordaBrasil","Na minha opinião,a mulher faz o q quiser,Ent  #AbortoSim Porém,aq em casa a gente n fala disso,pq minha mãe teve um aborto espontâneo,Ent é fodaa",0,0.5768492221832275,0.4231507480144501,,Incerta
Como é ridícula essa reshteg #AbortoSim MINHA PORRA JORRADO DENTRO DA SU BUCETA MINHA OPINIÃO!,Vocês prestarão contas a Deus se aprovarem esse ato nefasto e cruel. #AbortoNao,0,0.4249707460403442,0.5750293135643005,,Incerta
"Esquerdopatas defendendo o direito de matar bebês na barriga das suas mães.  Nesse caso, quem defende o direito à vida, poste:  #AbortoNAO !",Isso é o que eles sabem fazer de melhor  #AbortoNao,2,0.4064904749393463,0.5935095548629761,,Incerta
"a hashtag MonarquiaJa e a #AbortoNao de ontem e de hoje (respectivamente) serviram pra comprovar bastante o quão aéreo o brasileiro é sobre os acontecimentos no congresso o pessoal só ""??????""","deem uma olhada nessa thread curta pra se informarem um pouco mais, por favor",2,0.4744017720222473,0.5255982279777527,,Incerta
Você já nasceu né. Então não impeça de outras vidas de nascer! #AbortoNAO,Ninguém  pode tirar a vida de ninguém e muoto menos impedir de um ser vir ao mundo. #AbortoNao,1,0.4529980719089508,0.5470018982887268,,Incerta
"Sem comentários sobre a #AbortoSim  Todos deveriam ter o direito à vida. Todos têm direito a nascer.  Se você não quer ter um filho, não o faça. Sobre ser a favor da pena de morte, vocês são a favor dos assassinatos e estupros? Esses sim merecem morrer, não uma futura criança.",Aposto que os mesmos da tag do Aborto não são os mesmos que defendem o fim de isolamento #AbortoSim,0,0.4312395751476288,0.5687603950500488,,Incerta
#AbortoNao isso é escandaloso!,"O fato é, legalizado ou não, o aborto continuará acontecendo!  #AbortoSim",0,0.5632022619247437,0.4367977976799011,,Incerta
"Assunto do aborto deveria ser feito, na hora que VOCÊ ia nascer... Queria ver se vc concordaria dos outros vivos decidirem sua chance de conhecer a vida aqui, ou já te abortar de vez!É fácil falar de aborto!!!!! Afinal de contas você já nasceu #AbortoNao  #AbortoSim #ABORTONUNCA",A ok vou pegar um feto q n sabe nem respirar sozinho e perguntar se quer nascer,2,0.4395919144153595,0.5604080557823181,,Incerta
"""E quando a humanidade mata o feto, prepara-se para outros hediondos crimes"". #AbortoNao","A vida humana biologicamente é originada qdo, na união dos gametas humanos,se estabelece um novo genoma especificamente humano, único e irrepetível.É o embrião humano, e não mais espermatozoide ou óvulo.Desde então é um ser humano completo #AbortoNAO",0,0.5265427827835083,0.4734572172164917,,Incerta
"#AbortoNAO , querendo o povo em quarentena para poupar vidas e agora esse absurdo","Aqui ninguém quer mandar em nenhuma mulher, só q $$ pra fazer aborto e ficar com sequelas e se fazer de vítima no Fantástico tem, agora $ pra tomar anticoncepcional não têm. VTNC feminazis do capeta #AbortoNAO",0,0.5337544679641724,0.4662455022335052,,Incerta
"A tag #AbortoNao já passou dos 100.000 tweets!  Obrigada, brasileiros. Felizmente, só uma minoria apoia ativismo judicial para matar bebês.","Que o contrassenso: os mesmos que defendem o isolamento, segundo eles - pra poupar vidas, estão querendo legalizar a morte de quem não pode se defender. #AbortoNao",1,0.4120395183563232,0.587960422039032,,Incerta
"Sério q a esquerda está levantando tag p/ apoiar o crime de assassinar fetos? Q eu saiba os artigos 124 a 126 não foram revogados.É proibido se manifestar contra as medidas restritivas que estão nos levando ao sucateamento econômico, mas fazer apologia ao aborto pode?  #AbortoNao","Amo bebês  gosto de pegar eles ainda vivos e jogar na frigideira, fica uma delícia passando no açúcar e canela! #AbortoSIM",1,0.4003010094165802,0.5996989607810974,,Incerta
Não é possível! #AbortoNAO,Só gente irresponsável aqui nessa tag e as vagabas que abrem as pernas pro zédroguinha e dps nao querem arcar com as consequências. #AbortoNao #AbortoSim,0,0.1471404135227203,0.852859616279602,,Alta
"Meu Deus #AbortoSIM ??? Claro que não, se não quer ter filho não faz sexo, a criança não tem nada haver com isso!",#AbortoNao  Contra as manobras do STF para aprovar o Aborto no Brasil.,0,0.1656491309404373,0.8343508839607239,,Alta
"#AbortoNao é o caralho, n quer abortar n abortar mas isso não te dá o direito de se intrometer na vida de outra pessoa!",Sério que no meio do caos eu vejo a #AbortoNAO e quando abro só tem um monte de macho escroto falando porcaria!!!!!!!!,0,0.1034535020589828,0.896546483039856,,Alta
"Desculpa, mas no meu mundo abortar é algo inexplicável. Eu quero saber qual é a dificuldade de usar preservativo ou tomar remédio? Vocês querem um passe livre para ser promíscuas sem serem taxadas disso! #AbortoNao","nenhum método é 100% eficaz. mesmo usando camisa a mulher ainda tem chances de engravidar, e ela deve ter SIM o direito de ter ou não o filho.",2,0.1492732167243957,0.850726842880249,,Alta
"Acabo de ouvir do presidente Jair Bolsonaro o aviso da minha demissão do Ministério da Saúde.  Quero agradecer a oportunidade que me foi dada, de ser gerente do nosso SUS, de pôr de pé o projeto de melhoria da saúde dos brasileiros e","Até que em fim! Tomara que quem venha,pense em cuidar da saúde do cidadão como um todo! É que seja um Ministro da Saúde em vez de político. #AbortoNao",2,0.1214456185698509,0.8785544037818909,,Alta
"O aborto, na maioria das vezes, n é uma decisão para evitar a gravidez,mas sim, para evitar a maternidade. De fato o termo “direitos reprodutivos”, por si só, já é um termo impróprio; um pretexto pós-moderno para encobrir a verdadeira questão.    #AbortoNao","Quem não tiver útero, não tem que opinar, a mulher tem sim direito de escolha, obrigada de nada! #AbortoSim",0,0.10034741461277,0.8996526002883911,,Alta
"Só pra lembar que 5,5 milhões de crianças no Brasil não tem o nome do pai no registro, mas nem por isso abandono paterno é considerado crime   #AbortoNao #AbortoSim",então né gente,2,0.1152662336826324,0.8847337961196899,,Alta
Deus nos proteja #AbortoNao,"Legalizem o aborto, sou totalmente a favor... #AbortoSim",0,0.1222069934010505,0.87779301404953,,Alta
#AbortoNao Hipócrisia ! Ser á favor do aborto depois de ter nascido.   Se coloque no lugar.,"#AbortoSim eu sou, mas é fato que quando tentam excluir os homens do debate, até aquele que não tinha opinião passa a ser #AbortoNao. Colocar a decisão de ser responsável por outra vida na mão de uma outra pessoa é demais.",0,0.159456580877304,0.8405433893203735,,Alta
"#AbortoNao Ginástica mental de um paranóico para defender o homicídio legalizado: (1°) dizer que a mulher tem autoridade sobre sua própria propriedade privada, que é o corpo dela. (2°) dissociar a vida humana e reduzí-la a um ""bolo de carbono"" +","#AbortoNao  Sou totalmente contra o aborto, não pela parte de matar bebês já que isso ai é bem legal, só não gosto de deixar as mulheres terem os mesmos direitos que seres humanos normais tem.",0,0.1048256382346153,0.8951743245124817,,Alta
#AbortoSim DIREITO FUNDAMENTAL PARA TODAS AS PESSOAS COM ÚTERO,"""Gente, esse negócio de Monarquia é retrocesso""   Olha lá o cara que não sabe diferenciar Pedro Álvares Cabral, Dom Pedro I e Dom Pedro II. HAHAHAHAHAHAHAHAHAHAHAHAHA  #MonarquiaJa #AbortoNao #MonarquiaJá",0,0.1713374108076095,0.828662633895874,,Alta
A mesma Direita que condena o aborto é a mesma que aplaude  -Bandido bom é bandindo morto! Cala a boca gado #AbortoNao,"Não estamos aqui pra #AbortoNao ou #abortosim, estamos pra falar de aborto legal ou clandestino. Porque querendo ou não ele acontece. Cabe ao estado começar a trabalhar educação sexual nas escolas e políticas públicas a respeito.",2,0.1108824610710144,0.8891175389289856,,Alta
#AbortoNAO  Claramente meu posicionamento é contrário ao aborto.  A luta para salvar vidas não pode vir através da morte.,#AbortoSim se não como é que a nossa Pepsi geladinha vai ser adoçada???,0,0.1210490316152572,0.8789510130882263,,Alta
"Um monte de macho, de gente que se diz pró vida, mas que apoia o bandido morto e a morte de alguns pelo corona em prol da econômica se dizendo contra o aborto, vão se fuder. #AbortoSIM",Estou enojada de ver os tweets defendendo o aborto. #AbortoNao,0,0.1333662420511245,0.8666337132453918,,Alta
não acredito que ainda tenho que ficar lendo essas coisas...  será que nunca as mulheres vão ser respeitadas como merecem???? #AbortoSIM,"Faltou aí que Aborto é coisa de vadia, assassina é homem covarde fdp. Prisão perpétua para todos os envolvidos num aborto. #AbortoNAO",1,0.1135454103350639,0.8864545226097107,,Alta
"Se quiser matar alguém, se mata #AbortoNAO",Homens vocês não tem local de fala por simplesmente não ter úteros #AbortoNao,0,0.1017652750015258,0.8982347249984741,,Alta
#AbortoNao  vocês são malucos?  não é Deus e vocês também serão julgados. Que Absurdo!,"#AbortoNao não usam camisinha porque o macho não gosta, mas tem outros métodos, anticoncepcional, pílula do dia seguinte, Diu, e uma pitada de vergonha na cara.",0,0.1425195783376693,0.8574804663658142,,Alta
"pq tem a tag #AbortoNao, se todo mundo que ta usando é pra ser contra? em tese deveriamos usar o #AbortoSIM então, mas parece que é tudo uma repercussão pra lacrar já que não tem lado oposto a se referir.",Porquê ao invés de falarmos do ABORTO que (Mata) !  Não falamos do Planejamento familiar que (Salva) ? #AbortoNao,0,0.1549286544322967,0.8450713753700256,,Alta
Eu vendo essas mulheres a favor do aborto reclamando q homem n tem útero pra opinar. NÃO PRECISA TER ÚTERO PRA OPINAR! Pelo visto eles tão tendo mais noção q mtas mulheres! Abortar é tirar uma vida! Nn quer? Doa! Tem milhões de casais querendo ter filho e n podem! #AbortoNao,"Por favor, não usem “sem útero, sem opinião”. Nem toda mulher tem útero, mas toda mulher tem o direito de opinar. Pode ser desrespeitoso e transfóbico. #AbortoSim",0,0.1032457873225212,0.8967541456222534,,Alta
"Filhos são herança do Senhor  Vida é uma dádiva de Deus  O corpo de vocês é santuário do Espírito Santo que lhes foi dado por Deus, e que vocês não são de vocês mesmos. 1 CORÍNTIOS 6  #AbortoNao",Ai gente temos sempre que reforçar #AbortoSim,0,0.1010898873209953,0.8989101648330688,,Alta
Eita que tem polêmica nessa # #AbortoSim,. #AbortoNao. Aborto nunca.,0,0.1164263114333152,0.8835737109184265,,Alta
"Eu acho que  é algo que não pode ser banalizado. Ah tô grávida vou ali e aborto. Nao. Tem q ter umas ""regrinhas"" talvez. Porem. O corpo é MEU e eu faço oq quiser com ele. Bjo #AbortoNao","Estamos ainda na fase de defender a criança no ventre materno. É assim que começa, mas vai ter uma hora que você terá que justificar porque VOCÊ merece viver! Vai chegar!  #AbortoNAO",0,0.132215067744255,0.8677849173545837,,Alta
“quem aborta vai pro inferno” meu anjo é só vc não abortar pare de se meter na vida dos outros e se for se meter se meta pra ajudar as crianças de rua ou as que são espancadas em casa pq não são amadas ou desejadas #AbortoSim,"Se você se comove mais com um feto inconsciente do que com uma criança sem lar, você é um hipócrita psicopata.  #AbortoSim",0,0.1001152843236923,0.8998847007751465,,Alta
"Se tudo que você quer é que a criança nasça, mas não se importa se esta criança será amada, alimentada, se conseguirá estudar ou se terá onde morar, você não é Pró-Vida, você é Pró-Nascimento, o modo como a criança vai viver não importa pra você. #AbortoSim","vou falar o que acontece quando vc sobe a #AbortoNao ou #AbortoSim  ngm muda de opinião, vc só mostra a sua própria opinião que ninguem pediu e fica numa punheta de grupo com quem concorda enquanto xinga o outro lado. fora isso, nada no mundo chega perto de mudar",0,0.1760101616382599,0.8239898681640625,,Alta
acho engraçado que só quem ta vindo discutir com as mina subindo a tag são os macho. acho que isso diz que tem algo muito errado ne  #AbortoSim,"só sou a favor do aborto em casos realmente extremos. por exemplo, quando a mulher não quiser ter o bebê #AbortoSIM",0,0.1429722905158996,0.8570277094841003,,Alta
"Pq essa galera que dizem aborto sim, não foram abortada desde o início? Quem dera hahahah #AbortoSim",Números NÃO BATEM. População chinesa com números de mortos e de infectados. Deixando CLARO que o COVID-19 foi algo LOCAL. #VirusChines  #VirusChino  #AbortoNao,0,0.4770903885364532,0.5229095816612244,,Random
"Amigos, subindo... #AbortoNAO","Certíssima, Ângela. #AbortoNAO",1,0.9924301505088806,0.0075698220171034,,Random
"Abortar o filho de Neymar ninguém quer, né? kkkkkkkk  Feche essas pernas, minha filha!!  - Sikêra Jr  #AbortoNao",O   é o órgão de cúpula do Poder Judiciário e a ele compete a guarda da Constituição e pau no cu de quem ta lendo !   #AbortoNao,0,0.9906988739967346,0.0093011418357491,,Random
"NA HORA DE DAR A BUÇANGA NÃO SE PREOCUPOU  CONSEQUÊNCIAS DS NÃO PROTEÇÃO. AGORA PARA RESOLVER A IRRESPONSABILIDADE, COMETEM OUTRA MAIOR AINDA. #AbortoNao",Esses homens que dizem ser contra ao aborto são a maioria daqueles que quando a amante engravida pede para elas abortarem #AbortoSim,0,0.1299453526735305,0.8700546026229858,,Random
"STF, o câncer do Brasil, agora quer decidir quem vai viver e quem vai morrer.  Você é contra o aborto? Então senta o dedo nessa tag: #AbortoNAO",STF hipócritas!!!  #AbortoNao,1,0.9844483137130736,0.0155516769737005,,Random
"Como assim #AbortoNao? A cada dia estou mais a favor do aborto. Sigam a minha lógica: se a maioria das mulheres q defendem o aborto realmente usarem seu direito e abortarem, terão menos filhos, em outras palavras haverá menos crianças sendo influenciadas pela ideologia delas. :D",#AbortoSim  quem aborta e tão ASSASINO como aqueles que matam  #AbortoNão,0,0.4907651245594024,0.5092348456382751,,Random
"ATENÇÃO, NÃO PODEMOS PERMITIR QUE O ASSASSINATO DE BEBÊS SEJA LIBERADO NO BRASIL. #AbortoNao  Já sabemos como trabalha o STF:",STF Câncer do país #AbortoNao,2,0.9958224296569824,0.0041775819845497,,Random
"Cai de paraquedas aqui, mas é bem óbvio q #AbortoNao",Aborto é crime  #AbortoNao,0,0.9919708967208862,0.0080291265621781,,Random
Só mulher deveria votar #AbortoSim,"Sou católica e 1 amiga espírita me disse algo q mexeu comigo. Ela disse q antes da mulher ficar grávida, seu filho  já a escolheu como mãe entao, na visão deles, qdo a mulher engravida, desde o ato da concepção, já tem o espírito, e esse a escolheu.Vdd ou não fiquei  #AbortoNao",0,0.1356480717658996,0.8643519282341003,,Random
tá difícil expressar a própria opinião aq no tt viu #AbortoSIM,"#AbortoNao #AbortoSim  liberar ou não o aborto não vai resolver o problema por completo porque quem tem dinheiro não se importa se legal ou não, mas e as mulheres pobres vão fazer o que? Esperar na fila do SUS? O máximo que vão conseguir é sair do ilegal para o barato e precário",0,0.9411267638206482,0.0588732287287712,,Random
Vamos subir #AbortoNao .  STF quer aprovar medida em plena pandemia.,Aborto nunca! Jamais!!,2,0.9936343431472778,0.0063656847923994,,Random
#AbortoNAO chegando ao topo dos TT's.   Vamos pressionar o STF.,"#AbortoNao mamãe #AbortoNao mamãe #AbortoNao mamãe, #AbortoNao...",1,0.9947510361671448,0.005248982924968,,Random
"O STF pautou ABORTO para dia  24 , no auge da Pandemia. Enquanto dormimos, o tribunal cumpre a pauta  dos socialistas, Além de soltar presos e prender o cidadão em casa, a Corte será cúmplice de mais esse crime?  #AbortoNAO",STF NÃO AUMENTEM MAIS SUA FICHA NEGATIVA DIANTE DE DEUS E DA NAÇÃO  #AbortoNao  #ForaSTFVergonhaNacional  #ChegouHoraDoChega,2,0.9926040768623352,0.0073959254659712,,Random
"#AbortoSim  Vc que for contra, quais seus motivos? Tente mudar meu pensamento. #AbortoNao",Como o Bozonaro é contra o aborto mas é a favor da esterilização dos pobres??? Respondam essa  #AbortoNao #AbortoSim !!!,0,0.8484145998954773,0.1515853404998779,,Random
Gente pq a mulher abortar é um crime terrível sendo que homens abortam todos os dias?? #AbortoSim,"Absurdo,aborto nunca!#AbortoNao",0,0.1505910456180572,0.8494089245796204,,Random
"#AbortoSim oq adianta o aborto ser ilegal sendo que milhares de mulheres morrem todos anos por conta clínica clandestina, as que tem condições financeiras boas vão para forar do país abortar. Então o aborto é ilegal só para mulheres podre","Apoio o aborto mas também não faria um. Não mataria um filho meu. Mas se a pessoa quiser mesmo fazer, ela fará de qualquer jeito, legalizado ou não. Então legaliza logo.  #AbortoSim",0,0.2673544883728027,0.7326455116271973,,Random
Aborto é igual assassinato! #AbortoNao,Feto não é gente. Zigoto não é gente #AbortoSIM,0,0.5554795265197754,0.4445204734802246,,Random
"""homem não tem seu lugae de fala p/ assinato aborto"".  Claro. Nenhum homem iria passar vergonha sendo tão traiçoeira como algumas mulheres! Essa vergonha o homem não passa.  #AbortoNao","Se teu filho é chamado bebê desde a detecção da gestação ,porque o bebê do pobre pode ser assassinado no ventre?#AbortoNao",0,0.4053651392459869,0.5946348905563354,,Random
"O corpo é &gt;&gt; NOSSO &lt;&lt; então a gente faz oq QUISER e o que achar MELHOR. É um direito da MULHER portanto cabe a ELA escolher se quer ou não ter o filho, e não o estado ou a religião. #AbortoSim",Cabe a ela evitar a gravidez e só!!!! #AbortoNao,1,0.1335055828094482,0.8664944171905518,,Random
Publicitário que chamou Bolsonaro de palhaço morre por coronavírus,Que esteja pegando muitas garfadas do . #AbortoNao,2,0.9710085391998292,0.0289914328604936,,Random
A porra do Estado é laico e esse deveria ser um argumento mais que suficiente para legalizar.  #AbortoNao,"#AbortoNao  o homem dizer que apoia o aborto é prova viva que ele é um primeiro errado da historia ja que o cara so quer comer a mulher sem querer sofrer riscos, mostra como ele é um irresponsavel.",0,0.5265384912490845,0.4734615385532379,,Random
"Mulheres morrem por aborto feito de forma grotesca, crianças são abandonadas ou tratadas mal, apanham, são completamente reprimidas por uma mãe que ñ os desejava pq o aborto não é legalizado, aí os caras do #AbortoNao falam que são pró-vida, eu sou a favor de uma vida bem vivida","Enquanto outras pessoas pedem que se legalize o aborto, em algum canto do mundo há alguém desejando ter um filho #AbortoNao",0,0.1677810996770858,0.8322189450263977,,Random
"“fecha as pernas”, “engravidou pq nao usou camisinha”, “assassina”, meu mais sincero vai tomar no cu, o corpo é meu e eu faço oq quiser com ele, e homem, aqui sua opinião não é aceita. passar bem.  #AbortoSim",Fora aborto #AbortoNao,0,0.2185257673263549,0.7814741730690002,,Random
STF querendo fazer as coisas por debaixo dos panos. #AbortoNao,"Mulheres morrem por aborto feito de forma grotesca, crianças são abandonadas ou tratadas mal, apanham, são completamente reprimidas por uma mãe que ñ os desejava pq o aborto não é legalizado, aí os caras do #AbortoNao falam que são pró-vida, eu sou a favor de uma vida bem vivida",0,0.9688788056373596,0.0311212353408336,,Random
Aqueles malditos ministros do STF ainda tem coragem de dizerem que ali há algum católico? Deus está vendo a posição que ocupa e do poder que possui para decidir sobre a vida de seres humanos ainda não nascidos. Vocês são uma vergonha para o catolicismo. #AbortoNao,"#AbortoNao Aborto sim, se a mulher quiser sim. Eu respeito crianças e acho que elas deviam ter pais que as queiram.",0,0.9750506281852722,0.0249494183808565,,Random
Absurdo. Um ser humano em pleno século 22 não se previnir e depois optar por um aborto. Simples né!!! #AbortoNao,"""Quanto mais vulnerável a mulher maior a chance de recorrer a métodos inseguros” alguns dizem.   Não abram a boca para falar em nome das mulheres vulneráveis, elas são as que mais rejeitam a prática do aborto  fonte:   #AbortoNao",0,0.5983874201774597,0.4016125798225403,,Incerta
Semelhanças entre o Holocausto e o aborto:  Ideia de saneamento; Linguagem eufemizada; Sanção do governo; Cultura da morte; Desumanização das vítimas; Eliminação de uma categoria;  Mortes no Holocausto: mais de 6 milhões Mortes nos EUA por aborto: mais de 60 milhões #AbortoNao!,"""Prostituta transa todos os dias, toda hora, a vida toda e nem por isso tem uma penca de filho. Mas temos que legalizar o aborto porque a vagabunda de classe média e alta não gosta de tomar pílula (porque engorda) e quer sentir leitão quente no útero"". #AbortoNao",1,0.5911702513694763,0.4088297188282013,,Incerta
"Sério q a esquerda está levantando tag p/ apoiar o crime de assassinar fetos? Q eu saiba os artigos 124 a 126 não foram revogados.É proibido se manifestar contra as medidas restritivas que estão nos levando ao sucateamento econômico, mas fazer apologia ao aborto pode?  #AbortoNao",Carlos precisa fazer lei para as mulheres que não querem ter filhos arranquem seus  órgãos que geram vidas. Esteritomia total é a solução  #AbortoNao,1,0.5111851692199707,0.4888148605823517,,Incerta
#AbortoNao nos trends ta bom agora vamos falar dos milhares de progenitores que CONTINUAM abandonando o filho e a mãe do filho TODOS OS DIAS?!?!?!?!?!?!?!?!,Entrei no #AbortoNao e só vi macho destilando ódio Mas pegar pra cuidar ninguém que né Incrível,0,0.507723867893219,0.4922761619091034,,Incerta
"O STF mais uma vez pretende extrapolar suas competências tentando legislar sobre o aborto.  O aborto é a tirania do mais forte contra o mais fraco, um atentado contra vida comparável ao assassinato.  #AbortoNAO","É assassinato. De maneira hedionda, com requintes de crueldade e praticado pela própria mãe da criança!! #AbortoNao",1,0.5854350924491882,0.4145649075508117,,Incerta
"Argumento das abortistas,quase todas,""não existe contraceptivo 100%"" vai ver se as assassinas pelo menos tentaram usar algum. #AbortoNao","Como esses filhos da puta, defendem vida nessa pandemia ? #AbortoNao",0,0.4884887039661407,0.5115112662315369,,Incerta
"Vcs notaram q a OMS sugeriu a quarentena horizontal e td classe política Red  defenderam,até o STF que agora  tira do presidente a prerrogativa de controlar isso, e o mesmo STF põem em pauta a aprov do aborto,algo que tbm a OMS havia pautado, coincidência??? #abortonao","#AbortoNao  é puxadinho do OMS? Foi só os vassalos da China tocarem nesse assunto hediondo, que os inúteis supremos esquerdistas daqui querem aproveitar para empurrar essa pauta progressista no Brasil, enquanto assuntos importantes para o avanço do país ficam parados.",0,0.4086920320987701,0.5913079380989075,,Incerta
Palavras do  Nelson Teich  substituto de Mandetta para o ministério da saúde  #ObrigadoMandetta #BolsonaroGenocida #ForaBolsonaro #BolsonaroVirus,Faz juz...velho morre.... feto fica né?   #AbortoSim,2,0.5446794629096985,0.4553205966949463,,Incerta
"Diz aí o que é pior legalizar o aborto ou saber que aquele menor pela mão do sistema também vai ser morto? Eis aí o xeque-mate, legalizar o entorpecente ou saber que o tráfico abate a cada minuto mais um inocente? #AbortoNão  #AbortoSIM",Quer dizer que estão querendo usar um momento em que todos estamos focados no Coronavírus para legalizar assassinato de bebês... Isso é horroroso! #AbortoNao,0,0.4392948746681213,0.5607051253318787,,Incerta
"Já questionei várias vezes, mas até agora nada.  Sabem de algum caso em que a mulher abortou o filho de um jogador de futebol?  #AbortoNao!","Não. Mas já soube de casos em que mulheres furaram camisinhas, fizeram simpatia ou até macumba pra engravidar de alguns deles. Serve ?  #AbortoNão",2,0.4319733381271362,0.5680267214775085,,Incerta
"Não quer ter filho? Fecha as pernas, vagabunda! #AbortoNao","eu sou a favor do aborto em alguns casos específicos . tipo, se a mulher quiser abortar, ELA ABORTA.  #AbortoNao",0,0.518556535243988,0.4814434647560119,,Incerta
"#AbortoSim  aí me poupe vai A MUIE NÃO ESCOLHEU TER ÚTERO E MUITO MENOS A TER FILHOS ENTÃO MEU BEM, CORPO DA MUIE ESCOLHA DA MUIE VÁ TOMAR SEU TODINHO ALECRIM DOURADO",so para falar ne #AbortoNao,0,0.4768357872962951,0.5231641530990601,,Incerta
"As feministas que são a favor do aborto achariam legal um casal querer abortar pelo simples motivo do feto não ser um menino, sonho deles, mas veio uma menina. Seria certo assassinar essa menina por era ser menina, em nome da liberdade absoluta da mulher...?","Fora que o aborto aumenta consideravelmente os riscos de  câncer, tanto de mama quanto de colo de útero.",1,0.407593309879303,0.592406690120697,,Incerta
#AbortoNao tem 3x mais repetições que sua contra partida e mesmo assim o Twitter coloca a outra no topo.  Mas Deus mostra qual é a verdade.,#AbortoNão  e o KARALHO o negócio e #AbortoSim !,0,0.5963553190231323,0.4036446511745453,,Incerta
"#AbortoSIM 1º sem útero sem opiniões 2º com útero sem religiões Vsf , Boa noite.",#AbortoSim Infelizmente mais distorçao e a falta de senso de ordem continua em nosso país. A desculpa por levantar uma hasteg dessa é pretenciosa. Um pretexto bem baixo para....,0,0.5052255392074585,0.4947744607925415,,Incerta
"um dia desse meu tiO(um homem cis gay), q nunca teve relação com mulher estava falando no telefone e falou a seguinte frase ""quando a mulher é  estuprada ela sabe quando ta gravida, ent se ele n tira logo, é ela quer sim"" DEPOIS VCS QUEREM EMPATIA COM GAY  #AbortoSim",Cala a boquinha você é homem #AbortoSim,0,0.4471848309040069,0.5528151988983154,,Incerta
"E quem aborta não é assassino, esse ""ser"" nem saiu do utero pra ser gente. mt gente mata mt gente hoje em dia e vcs n dão devido feedback pra isso, parem de ser tão ridiculos a esse ponto, se vc n gosta, não faz, e SO ISSO  #AbortoSim",#AbortoSim   Vocês deveriam ter sido abortados,0,0.5003871917724609,0.4996128380298614,,Incerta
"#AbortoSim Que bom que as pessoas estão lutando pelo direito dos homens de somente serem pais quando quiserem, afinal de contas, o homem vai poder escolher tbm, não vai?",#.Abortosim é o caralho,0,0.4935709536075592,0.5064290165901184,,Incerta
Quem defende aborto defende a morte de bebês pra que outras pessoas lucrem. Matar bebês não é uma opção.  Isso é uma monstruosidade.    #AbortoNao,O Estado Brasileiro é laico e o direito à vida é constitucional! Aborto Não! #AbortoNão #AbortoNao #AbortoNAO,0,0.5813584923744202,0.4186414778232574,,Incerta
"Para todos q são #AbortoNao podemos falar de algo bem mais sério, tipo aborto paterno e quem vai criar essas crianças q nasceram sem serem desejadas!! #AbortoSim",99% dos casos de pessoas que são contra o aborto são homens brancos que tem condições boa de vida que usam como argumento a religião. #AbortoNao,0,0.5677292346954346,0.4322708249092102,,Incerta
#AbortoSim Quem pede Aborto deveria morrer em um desastre de carro agoniza bastante antes ..,Depois que esses criminais nasceram é fácil matar alguém indefeso  #AbortoNAO,0,0.4898890554904938,0.5101109743118286,,Incerta
Quem usa a #AbortoSim deveria dar o exemplo e SE abortar.   #AbortoNão,Você não deveria ter usado a tag dos irresponsáveis adolescentes! #AbortoNao,1,0.4963458180427551,0.5036541819572449,,Incerta
"#AbortoNao é o caralho, n quer abortar n abortar mas isso não te dá o direito de se intrometer na vida de outra pessoa!","#AbortoNao mesmo, obrigada por ajudar a subir a TAG.",1,0.5763636231422424,0.4236364066600799,,Incerta
"#AbortoNao mas #ArmamentoSim ""Nasce aí, mas depois eu te mato, ta okey?""",No Twitter se você pronunciar as palavras  - ABORTO - FELIPE NETO - MACONHA  Prepare-se para ser atacado por uma manada de GNUS enfurecidos armados com  - memes da Gretchen - clip de K-POP  Todos eles são sustentados pelos pais e nunca pagaram uma conta de luz na vida  #AbortoNao,0,0.5314016342163086,0.4685984551906585,,Incerta
"#AbortoNao #AbortoSim ""É só o homem pagar a pensão"" E quando foi estupro e a mulher não quer dizer que foi? E quando o homem some? E quando ele não paga a pensão? ""Coloca na justiça!"" Muitas pessoas conseguem colocar esses processos na justiça, mas são demorados e esquecidos lá",Aborto (...) o que é aborto?  #abortosim #abortonão (...)  Qual a classe interessada no aborto? O estado nunca será a favor do aborto. A mulher capaz de tomar chá de canela para causar uma infecção uterina deveria opinar sobre o aborto?,0,0.457220196723938,0.542779803276062,,Incerta
"Antes mesmo de te formar no ventre materno, Eu te escolhi. Jr 1:5 #AbortoNao",a pessoa olha os mais populares do tt  Lula Abortosim Abortonão Anitta  amo esse lugar,0,0.4193142056465149,0.5806857943534851,,Incerta
Você já nasceu né. Então não impeça de outras vidas de nascer! #AbortoNAO,Não podemos permitir esse  o assassinato legalizado. #AbortoNao,2,0.4984291493892669,0.5015709400177002,,Incerta
"Homens que são contra o aborto, sinceramente vão a merda!Vcs não engravidam e vcs muita  MUITAS VEZES ABANDONAM A CRIANCA! A escolha não é de vcs, é da mulher! #AbortoSIM  #AbortoNao",#AbortoSIM  Se tivesse isso Bolsonaro na tava ai,0,0.4171024560928345,0.5828975439071655,,Incerta
"Pra gente é fácil opinar sobre isso, porém vou citar alguns exemplos exemplos e vcs tentem se colocar no lugar dessas mulheres. “Imagina que vc descobre que está grávida, seu namorado te deixa, e seus pais não aceitam, vc tem 2 opções, abortar ou morar na rua, iai?”  #AbortoSim",Aborto é crime. #AbortoNao #AbortoNunca,0,0.4334181249141693,0.5665819048881531,,Incerta
#AbortoSim e eu nem preciso dizer mais nada.,"""Não poderá prevalecer a PAZ na Terra, enquanto existir o aborto. Porque é uma guerra contra as crianças. Se aceitarmos que uma mãe mate seu filho no próprio ventre, como podemos dizer para outras pessoas que não matem uns aos outros?""  Madre Teresa de Calcutá #AbortoNao",0,0.4913046956062317,0.5086953043937683,,Incerta
ABORTO É ASSASSINATO!  #AbortoNao,"Aqueles que apoiam o #AbortoSim só digo uma coisa. Ainda bem que seus pais, pensam ao contrário.",0,0.4373543560504913,0.562645673751831,,Incerta
"#AbortoSim porque nós mulheres devemos ter liberdade sobre nossos corpos e o lhe dizem respeito. é muito fácil um homem ser contrário ao aborto, já que não é ele que sofre toda a pressão psicológica de uma gravidez indesejada!",vou mimir   #festabbb #bbb20 #BBBaEliminacao #abortosim #abortonao #LiveMCManeirinho,0,0.4929388463497162,0.5070611238479614,,Incerta
"Eu tenho uma pergunta, realmente sem meme... e caso a mãe quiser a criança e o pai força ela abortar ? tipo ele é famoso e tal e não quer a criança ou ser mencionado junto e força a mãe abortar mesmo q ela quisesse o bebê #AbortoSim #AbortoNão","Muito homem opinando nessa tag, abandono paterno é o que mais tem no mundo! Quem são vocês pra falar alguma coisa?  #AbortoNao",0,0.5999845862388611,0.4000154435634613,,Incerta
"#AbortoNao muita gente fala que como o útero é dela ela decide mais só pra lembrar q a vida q ta lá dentro não é dela. E as feministas q disse que homens matam tanto vão fazer genocídio com várias crianças, vergonha!!",#AbortoNao é um crime o  pautar um assunto tão polêmico para este momento. Parece que os deuses de toga querem aprovar tudo que querem a toque de caixa.  Eu tenho vergonha do STF,0,0.5587610602378845,0.4412389993667602,,Incerta
"As putas feministas querem transar a vontade e sentir o leitão quente do ricardão no útero sem peso na consciência. A solução delas é se engravidar é só jogar fora. Existe algo mais simples do qe matar um Bebê inocente, é só tirar o utero e poderão transar a vontade.   #AbortoSim",Diga Não ao aborto!  #AbortoNao,0,0.599461019039154,0.4005389809608459,,Incerta
"vim aqui com meu útero (pq é isso que se usa pra opinar aqui) pra dizer que sim, um feto é uma vida, e não eu não fui doutrinada pela igreja pra pensar isso, eu estudei, e não, você não tem o direito de me xingar nos comentários pq eu penso diferente.  #AbortoNao","tá bom, mas eu sou a favor",2,0.5265954732894897,0.4734045267105102,,Incerta
#MonarquiaJa #AbortoNao aLguem foi pra escola ai?não olha estatísticas de mulheres mortas tentando fazer aborto ilegal???,"Impossível aceitar o aborto como algo LEGAL. Minha gente, #AbortoNao",0,0.5551856756210327,0.4448143541812897,,Incerta
"A questao do aborto é SAUDE PUBLICA!! Pq sempre vai acontecer, mas em vez de morrer so o feto a mae morre junto pq sao atendidas em clinicas clandestinas, vc que se diz pró-vida: A LEGALIZAÇAO PERMITE QUE A MÃE CONTINUE VIVA!!  #AbortoNunca meu pau #AbortoSim",Questão de saúde pública. #AbortoSim,0,0.5598570108413696,0.4401429891586303,,Incerta
"quero me posicionar sobre o #abortonao sou contra aborto em qualquer circunstância (da mesma forma que contra pena de morte) pois defendo o direito inviolável que é a vida independente da idade ou tragetória, tirar a vida é assassinato. Não deve-se legalizar isso.","#AbortoNAO   ""Vida humana para leigos e feministas. A Thread.""  Essa thread tem como objetivo conscientizar as pessoas sobre os perigos e trâmites morais de um aborto, posicionando-se contra essa prática assassina e de cunho claramente amoral.   (segue)",0,0.5305901169776917,0.4694098830223083,,Incerta
22:56 Se tem alguma dúvida ou e a favor do aborto assista. #AbortoNao,"Não é um bebê, é um FETO! Já passou da hora da descriminalização! #AbortoSim  #AbortoNão ? Não aborte e cuide da sua vida.",0,0.4913616180419922,0.508638322353363,,Incerta
"O aborto tem q ser permitido, pra evitar q crianças cresçam em ambientes onde não são amadas, vivem passando necessidades e acabam sofrendo grandes traumas! Essa foto é de um bb q nasceu com o DIU na cabeça, nenhum modo de prevenção é 100%  #AbortoSim",Vamos matar alguém pq eu acho q ela n vai ser feliz,2,0.5591882467269897,0.4408117830753326,,Incerta
"muito grata por ter participado da tag e respondido machos e mulheres escrota de plantão até mais seus ""pro vida""  #abortosim #abortonao","“É só não dar....”  Mds, é esse o argumento q vcs usam para serem contra o aborto?  #AbortoSim #AbortoNAO",0,0.55649334192276,0.44350665807724,,Incerta
"Lê a definição de vida antes de passar vergonha! Sem cérebro, sem opinião!!! #AbortoNao","Esse é literalmente um argumento pra se usar a favor do aborto, a locura.....",2,0.4249739944934845,0.5750259757041931,,Incerta
"#AbortoSim vamos de enquete, você votaria nessas eleições municipais, em candidatos a vereador e prefeito, contra ou a favor do aborto ????",amam colocar nosso corpo em pauta e em risco  #AbortoSim,0,0.4848512709140777,0.5151487588882446,,Incerta
"""Salvem as tartarugas"" ""Salvem as baleias"" ""Salvem a Amazônia"" Matar bebês, tudo bem?? #AbortoNao",Não ! Vamos gritar pelos bebês!,2,0.5325549840927124,0.4674449861049652,,Incerta
#AbortoNAO canalhas,"Não come carne pra não assassinar animais, mas quer assassinar bebês.  #AbortoNao",0,0.4943346083164215,0.5056654214859009,,Incerta
pf crentes parem de machucar meus olhos com essa tag #AbortoNao,"Pra mim cada um cuida um cuida do seu útero e se vc nao tem,não tem direito de opinar em nada  #AbortoSIM  #AbortoNao",0,0.5710870623588562,0.4289129674434662,,Incerta
#AbortoSim aborto sim,"Sem útero, sem opinião #AbortoSim",0,0.5135695338249207,0.4864304661750793,,Incerta
"Aborto é assassinato de inocente e encorajado por um dos movimentos mais genocidas do mundo: o feminismo. Não adianta dizer ""meu corpo, minhas regras"". O corpo não é seu, feminazi medíocre. #AbortoNao",Galera corre aqui pra da uma mini aula a esse resto de gente sem educação,2,0.568614661693573,0.4313853681087494,,Incerta
"#AbortoSim  temos que falar isso:  - quem quer fzr aborto faz, a lei é ineficaz - mulheres pobres usam métodos perigosos e correm risco de vida - mulheres com alto padrão de vida possuem acesso a clínicas no estrangeiro e até mesmo clandestinas +","#AbortoSIM Por que falamos de ""homem branco hetero cis""? - o governo é majoritariamente composto por HOMENS, ""de família"", RICOS, e BRANCOS. estes que sempre mandaram no país estes que sempre capitalizaram e usaram do corpo da MULHER como posse +",1,0.4486940503120422,0.551305890083313,,Incerta
Pq q #AbortoSim ta nos trends e pq q algm ainda tem dúvida sobre isso???,"Já que alguns insistem tanto em legalizar o aborto pq não apoiam um Plebiscito? Seria uma excelente forma de pôr em prática a democracia, onde a voz do povo é soberana, mas nunca fariam isso né. Aborto é assassinato e a imensa maioria da população sabe disso. #AbortoNao",0,0.1513658910989761,0.8486341238021851,,Alta
"Todo mundo que apoiava a escravidão era livre, todo mundo que apoia o aborto já nasceu.   Falam em ""aborto seguro"". Pergunto, para quem? Afinal, o bebê sempre morre. #AbortoNao #AbortoNao","só sou a favor do aborto em casos realmente extremos. por exemplo, quando a mulher não quiser ter o bebê #AbortoSIM",0,0.136006087064743,0.8639938831329346,,Alta
"#AbortoSIM 1º sem útero sem opiniões 2º com útero sem religiões Vsf , Boa noite.",Estamos no fim! Jesus vem#AbortoNAO,0,0.191115453839302,0.8088845014572144,,Alta
"É o direito da mulher, é o corpo dela e se o homem engravidasse tenho certeza que essa porra seria legalizada!! Pq não se doem tanto com o número de abandono do pai e mortes de mulheres que tentam abortar seus arrombado  #AbortoSim",22:56 Se tem alguma dúvida ou e a favor do aborto assista. #AbortoNao,0,0.1547069102525711,0.8452931642532349,,Alta
Eu vendo #AbortoSim so com 8.000 twitis,Monstros são assassinos! Tome cuidado que uma abortista pode morar ao lado. #AbortoNao,0,0.1398225426673889,0.8601774573326111,,Alta
#AbortoSim pq moramos em um país LAICO e religião não interfere em merda nenhuma! Assina logo STF,#abortosim Gostaria de ter sido abortada,0,0.1915328353643417,0.8084672093391418,,Alta
"#AbortoNao eu acho q a resposta é óbvia, né?","#abortonao primeiro arrombado que vier defender criminalização do aborto eu vou dar block, essa merda de hashtag subiu graças a um bando de imbecil e eu não tenho paciência com imbecil, e novamente FODA-SE seu argumento, vai levar block",0,0.1908085346221923,0.8091914653778076,,Alta
"#AbortoNao inacreditável as desculpas absurdas de quem defende o aborto, quando existem tantos métodos contraceptivos","#AbortoSim ou #AbortoNao  gente quem escolhe é a pessoa! situações diferentes, princípios diferentes, essa discussão é muito desnecessária",0,0.1944845914840698,0.805515468120575,,Alta
não acredito que ainda tenho que ficar lendo essas coisas...  será que nunca as mulheres vão ser respeitadas como merecem???? #AbortoSIM,"Essa é das primeiras que chama os que saem para rua para trabalhar porque  necessita, de assassinos, mas na hora de proteger um ser inocente, quer o aborto. Hipócrita. #AbortoNao",1,0.1455185413360595,0.8544813990592957,,Alta
Fatos sobre o aborto no Brasil e no mundo que todos deveriam saber antes de entrar em uma discussão.  [A thread]  #AbortoSim,gente sério leiam essa thread antes de falarem qualquer coisa,2,0.141704574227333,0.8582954406738281,,Alta
aborto seguro gratuito e acompanhamento digno destinado à mulheres que abortam  #AbortoSim,"Argumento de pessoas desonestas:  ""Não quer filho, não transe"" ""Existe formas de se proteger"" ""Aborto é assassinato"" ""Para de dar na esquina""  #AbortoNao",0,0.1134842559695243,0.886515736579895,,Alta
"#AbortoSIM nos Trending Topics eu não gostei, eu AMEI!!! É preciso falar sobre o ABORTO LEGAL, SEGURO E GRATUITO!!!!","A bandeira lacradora ""Meu corpo, minhas regras"" (ou algo parecido) proferido pelas feministas do sovaco cabeludo, não leva em conta que, pelo instinto de sobrevivência, o feto também clama pela sua vida. Aborto é abominável e criminoso.  #AbortoNao",0,0.1626210212707519,0.837378978729248,,Alta
"#AbortoSim a decisão de ser ou não mãe, cabe somente a mulher!","É so se prevenir,se não quer carregar um ser humano no ventre,existe muitas maneiras de se cuidar #AbortoNao",0,0.1973567903041839,0.8026432394981384,,Alta
"""Quando eu viro feminista, meu filho não nasce machista!""  :V Lógico né, o filho já foi abortado.  #AbortoNao #AbortoNão #AbortosóéNecessárioQuandoforNecessário","Se vc é contra o aborto, não aborte. #AbortoNao",0,0.1600012183189392,0.8399988412857056,,Alta
"STF não faça isso, respeite a vida. #AbortoNao","sem útero, sem opinião.  #AbortoSim",0,0.1550860106945037,0.8449140191078186,,Alta
"#AbortoNao Vc não sabe oq é não estar preparada psicologicamente, fisicamente e financeiramente, todos sabem que os métodos não são 100%, não sou contra a vida sou contra alguém mandar na vida alheia sem saber oq ela (e) passa, se ela fez/faz um aborto é problema dela com Deus",Pelos seus argumentos qualquer assassinato é apenas um problema entre o assassino e Deus. #AbortoNao,1,0.1023083627223968,0.8976916670799255,,Alta
"Eu rio tanto vendo homens querendo opinar sobre isso!! Como dizia nossa amada Rachel Green: ""SEM ÚTERO, SEM OPINIÃO"" #AbortoNao","Então se a pessoa é homem,branco e hetero não pode falar sobre feminismo,racismo e homofobia,né?  #AbortoNao",2,0.1149281337857246,0.8850718140602112,,Alta
O aborto deve ser uma escolha única e EXCLUSIVAMENTE da mulher. A legalização do Aborto não significa que você é pro-morte mas sim que não quer mulheres pobres morrendo em clínicas de aborto clandestinas por não ter dinheiro para pagar por clínicas caras  #AbortoSim #AbortoNão,"""Legalizar assassinato não significa que você seja pro-morte""",2,0.1377798169851303,0.8622201681137085,,Alta
"Os homens podem abortar a vontade, eu mesmo nunca conheci meu Pai.#AbortoNao","#AbortoNao x #AbortoSim quem deve opinar sobre o abordo é quem engravidou.  vc n vai pagar as contas, nem cuidar.  “mas na hora de fazer n pensou, né?”  tá, e se tiver pensando, e daí?   n é sobre vc.  n é sobre religião.  o aborto existe e sempre vai existir, falta legalizar.",0,0.1593290120363235,0.8406709432601929,,Alta
Entrando no twitter e vejo #AbortoNao  eu já fico pensando q é a hashtag de cristão...   Cristão nem transa antes do casamento e quer dar opinião sobre aborto.,"Apoiar a legalização do aborto é apoiar a eugenia, basta ver os países onde essa monstruosidade é permitida. Na Islândia eles comemoraram a ""erradicação"" da  Síndrome de Down... abortando todos os bebês assim diagnosticados.  *Vídeo via  #AbortoNAO",0,0.1928707659244537,0.8071292638778687,,Alta
"gente estou puta e Retweetando um monte de coisa do #AbortoSIM, perdão, mas não vou parar",Quanta hipocrisia as mulheres querem o direito de escolha mas é a criança que está na barriga pode ser morta só porque ainda não tem voz para gritar?  Eu gritarei para ela &gt;&gt; #AbortoNao Mulheres escolham suas roupas  seus namorados escolha com quem se relacionaram sexualmente,0,0.1037880331277847,0.8962119817733765,,Alta
Fiquem com essa música sensacional das putinhas aborteiras kkkkkkkkkkkkk #AbortoSim,"Uma certa participante , por trás das câmeras   nada contra o aborto gente.. Mas querer passar como Santa julgando os outros não dá né  .",2,0.1196074187755584,0.8803926110267639,,Alta
"O aborto tem q ser permitido, pra evitar q crianças cresçam em ambientes onde não são amadas, vivem passando necessidades e acabam sofrendo grandes traumas! Essa foto é de um bb q nasceu com o DIU na cabeça, nenhum modo de prevenção é 100%  #AbortoSim",vei o diu na cabeça do menino meu deus,2,0.1038076654076576,0.8961922526359558,,Alta
ABORTO É MAIS UMA COISA DE MACONHEIRA  QUE FAZ SEXO SEM PREVENIR  FICA GRAVIDA  E COLOCA CULPA NO FILHO  DEPOIS NÃO QUER ARCAR COM AS CONSEQUÊNCIAS  #AbortoNao,tava vendo os comentários da #AbortoNao e a pior coisa é escutar “ se a mulher não sabe fechar as pernas que use contraceptivos “ o acéfalo que usa disso como argumento é de uma ignorância sem fim,0,0.1361553519964218,0.863844633102417,,Alta
"Tava aqui lendo as opiniões do pessoal que tá usando #AbortoNao e tô muito chocada! Homem nasceu pra morrer na guerra, apenas!",Vou argumentar com o mesmo pensamento: mulher só nasceu pra ser dona de casa.,2,0.1220796182751655,0.8779203295707703,,Alta
"Ninguém tem o direito de matar uma vida que vai nascer: nem o pai, nem a mãe, nem o estado, nem o médico. Ninguém."" Madre T. de Calcutá.  #AbortoNao",Peçam ao  para fazer mais lives falando #AbortoNao nas lives.,0,0.9648885726928712,0.0351114906370639,,Random
Não quer ter filho ? SE PREVINE CARAI  #AbortoNao,"#AbortoNao Ninguém tem o direito de tirar a vida de ninguém. Não há nada de empoderador em permitir que um bebê morra através de sucção, desmembramento, asfixia ou envenenamento. Aborto é crime!",0,0.9764994978904724,0.0235005225986242,,Random
"Não né gente! Camisinha masculina e feminina, pílula, diafragma, espermicida, DIU, injeção, coito interrompido, e vc aí defendendo ou interrompendo a vida? Não né! Se estamos aqui, é pq não houve aborto!! FIM. #AbortoNao",Nenhum desses métodos são 100% seguros! #AbortoSim,1,0.1136348620057106,0.8863651752471924,,Random
"A tag #AbortoNao já passou dos 100.000 tweets!  Obrigada, brasileiros. Felizmente, só uma minoria apoia ativismo judicial para matar bebês.","#AbortoNao #AbortoNunca Quem quer uma vida sem responsabilidade, que faça vasectomia ou ligadura. Onde estaria você, se sua mãe tivesse abortado ?",1,0.7630649209022522,0.2369350492954254,,Random
"O corpo é da mulher, então é ela quem decide. #AbortoSim",#AbortoNao QUEM ABORTA NA MINHA OPINIÃO É UMA VADIA Q TINHA Q MORRER DE FOME :),0,0.1663561910390854,0.8336438536643982,,Random
"se vc é contra o aborto, ignore!  igual vc ignora crianças sozinhas passando fome na rua!!  #AbortoSim","Tipo eu n apoio a atitude do aborto em si, mas eu acho que a mulher deveria ter o direito de escolher o q vai fazer, afinal é o corpo dela  #AbortoSim",0,0.0588196739554405,0.9411802887916564,,Random
"#AbortoNão X #AbortoSim escolha seu lado, pegue a pipoca e se divirta",Não creio que em pleno 2020 ainda tenho que ler tweet de *homens* mandando mulheres fecharem a perna para não engravidar.  #AbortoSim,0,0.9278883337974548,0.0721115991473198,,Random
"Por favor, não parem pra ler o que pessoas Pro Aborto estão falando nessa tag! É PERTURBADOR!  #AbortoNao",Putz esse STF não pára de afrontar o povo do Brasil#AbortoNao,0,0.984757661819458,0.0152423502877354,,Random
"É só falar contra o aborto e discutir com alguma adolescente depressiva de rede social que tenta dar sentido a vida seguindo tudo o que a cartilha manda, que a minha conta começa ficar estranha... #AbortoNao",#AbortoNao se vc ler isso vc è gay,0,0.3203768730163574,0.6796230673789978,,Random
"É fácil ser contra o aborto, mas não adotar crianças de orfanatos nem ajudar a mãe após o nascimento #AbortoSim",#AbortoSim #AbortoNao Qual a pira velho,0,0.9687340259552002,0.0312659740447998,,Random
STF Ratos #AbortoNao,"Fácil homem hétero branco julgar as mulheres que abortam, quem morre são as mulheres, maioria pobres e negras que não tem acesso ao aborto seguro. #abortosim",0,0.2442745268344879,0.7557255029678345,,Random
"Nenhuma sociedade civilizada permite que um ser humano intencionalmente prejudique ou tire a vida de outro sem punição. O aborto não é uma forma de contracepção, mas assassinato. Quem defende essa monstruosidade está fazendo apologia e deve responder criminalmente. #AbortoNao!",Oq é isso aq chernobyl?,2,0.1323996484279632,0.8676003217697144,,Random
"adoro discussões sobre aborto pq sempre tem um imbecil que argumenta ""e sE sUa MãE tIvEsSe tE aBorTaDo?""    UÉ ADIVINHA #AbortoSim #AbortoNao","Eu sou robô  e estou nessa,  Bolsonaro 38#AbortoNao",0,0.9633223414421082,0.0366776697337627,,Random
#AbortoNao A adoção está ai para isso!,"eu acho engraçado que só tem macho falando contra, ou vcs não tem útero blz ? mas se quiserem debater pq não debater sobre o abandono paterno ? #AbortoNao",0,0.1548797935247421,0.8451201915740967,,Random
Sempre contra assassinatos... #AbortoNao,"Vcs que são contra o aborto pq não pegam as crianças de rua e dos abrigos e adotam. Ta pensando que crescer sendo rejeitado em um lar problemático, vivendo em abrigos ou até na rua é igual no Chiquititas que canta música a todo momento #AbortoSIM",0,0.0487579591572284,0.9512420296669006,,Random
"#AbortoNao  logica abortista: ""se o bb n vai ter pai presente, nem boas condicoes d vida devemos mata lo"" Se fosse p alguem tomar essa decisao(do bb morre ou n) seria a crianca, mas... suicidio ne? Q horrivel seria dele faze isso","#AbortoNAO 45. 200  Tweets #AbortoSim     7.409  Tweets  Será que a Covid News, os Políticos da Canhota, os simpatizantes das drogas recreativas e a Turma da Lacração realmente acreditam, que um dia, este País vai ser socialista?",0,0.9390124678611756,0.0609875209629535,,Random
"#STFVergonhaNacional quer transformar nossas criança em gay e ptista, não podemos deixar isso acontecer, nossa unica alternativa é legalizar o aborto #AbortoSim",Isto é assassinato. #AbortoNao,0,0.955582559108734,0.0444175079464912,,Random
#AbortoSim #Abortonao  Não dá pra matar algo que não nasceu. And: homens calem a boca,#AbortoNao - cabeça de esquerdopata só pensa em desgraça,0,0.9345669150352478,0.0654331296682357,,Random
"Para os defensores do #AbortoSIM que argumentam que é o corpo da mulher, me expliquem uma coisa então. Como é possível os casos onde o feto tem tipo sanguíneo diferente do da mãe se é ""o mesmo corpo"". #AbortoNão !",Quem ta carregando o feto no ventre? Quem possivelmente vai/sofre problemas psicológicos? Exato a mulher #AbortoSIM,1,0.3891794979572296,0.610820472240448,,Random
"#AbortoNao né? Então preferem aborto clandestino, onde muitas mulheres morrem? Preferem ver crianças abandonas? Preferem mais crianças no mundo sofrendo?  Não vem com o discurso de ""use camisinha"", não. Esse já está velho. Vai muito além disso  #AbortoSim","A mulher que aborta, leva pára resto da VIDA  um pensamento,  como se quer ele ou ela  seria  #AbortoSim",0,0.1463952660560608,0.8536046743392944,,Random
"não deu ainda. se não há vida, não há morte, logo, não há assassinato. #AbortoSim","É assassinato sim! Quem faz, que pese na consciência pelo resto da vida. Nunca terá paz interior.  É assassinato sim! #AbortoNao",1,0.2716843485832214,0.7283156514167786,,Random
queria deixar aqui que #AbortoSim e quem discordar ta errado :),Direitos Humanos verdadeiros são pelo #AbortoNao,0,0.2129833400249481,0.7870166301727295,,Random
"Vc é contra o aborto por se declarar pró vida, ou é só por causa que seus ""valores monoteísta"" diz que abortar é errado? #AbortoSim","não é meu lugar de fala, então é complicado pra eu opinar sobre aborto. é aquele ditado ""sem vagina, sem opinião""  mas já pedindo desculpas, eu quero dizer q eu apoio o aborto somente em casos extremos, tipo QUANDO A MULHER ENGRAVIDA E NÃO QUER TER O FILHO #ABORTOSIM   #AbortoNao",0,0.0571795515716075,0.9428204298019408,,Random
Vamos subir #AbortoNao .  STF quer aprovar medida em plena pandemia.,É triste demais um povo não poder confiar no tribunal supremo de seu país. Tenhamos fé no Tribunal Supremo do nosso Criador. #AbortoNao,2,0.9955238103866576,0.0044762226752936,,Random
1° todo mundo que fala ser contra o aborto nunca move um mísero centavo pra ajudar as mães de famílias pobres e que não tem dinheiro pra sustentar um filho – e tampouco pra fazer um aborto arriscado em um hospital fajuto. #AbortoNão #AbortoSim,"""MonarquiaJa,AbortoNao e AbortoSim"" gente q q tá acontecendo?",0,0.4375231564044952,0.5624768137931824,,Random
#AbortoNao porque defender a vida consiste em garantir a sua concepção bem como o seu bem-estar.,Fica em casa com a desculpa de salvar vidas e mata bebês ? Qual a lógica? #AbortoNAO,0,0.4420652091503143,0.5579348206520081,,Incerta
"Alô  , não tem louça pra lavar ai não? Sua muié comparou  a hitler... Isso é injuria  ?  ,se fosse meu pai, não ficaria assim...","Essa PAKITA PARAENSE se acha acima do bem e do mal ... Tenho dó do filho tão pequeno seguindo os passos de PAI, AVÓ, AVÔ... Filho/Neto LADRÃO , LADRÃOZINHO É. #AbortoNao",2,0.585425078868866,0.414574921131134,,Incerta
Se você der um tiro na barriga da gravida é dois em um #AbortoSim,#AbortoSim Só as mulheres podem mandar no seu próprio corpo.Tem vários caras que ficam falando várias merdas O CORPO É DA MULHER,0,0.5539073944091797,0.4460926651954651,,Incerta
"Sou a favor do aborto, porém o governo podia facilitar para pessoas mais novas fazerem a laqueadura, tenho 33 anos e não quero filhos e ainda assim os médicos colocam imposições para fazer a cirurgia; #abortosim","#AbortoNao Obviamente, aborto NÃO !",0,0.4666361212730407,0.5333638787269592,,Incerta
#AbortoNao assassinos!,eu n tenho mais a fucking criatividade pra tweets #TeamBabu #Bomdia #عبودكا  #BBB20  #festabbb #bbb #abortosim #COVID19 #day21oflockdown #FicaEmCasa  #samsungnobbb dua lipa anitta sadie JUNGKOOK #آمن_بالبيت  #ForaMandetta #MetasQueJaFalharam Thomas Santana,0,0.4836918413639068,0.5163081288337708,,Incerta
"A tag #AbortoNao está em 1º lugar nos trends com 50 mil tweets nas últimas 2h. Bora dobrar a meta? Então senta o dedo aí, e nada de postar a tag vazia!! Coloque uma Frase, vídeo ou Foto. Da rt aqui.",". Já  é  garantido por lei alguns casos de aborto. Porém  se você  abriu  as pernas deu gostoso e fez um neném e quer abortar, digo uma coisa: quem deveria ser abortada era você. #AbortoNao à favor da vida.",1,0.4981526732444763,0.5018473267555237,,Incerta
"#AbortoNao NUNCA. Uma vida de uma criança/bebê/feto(seja o que for), inocente e acima de tudo um espírito, deve ser preservado(a)..","#AbortoNao Uma vida é uma vida dada pelo Senhor, e só ele tem o direito de tirá-la ou não.",0,0.4895252883434295,0.5104747414588928,,Incerta
Entrei na tag #AbortoNAO e tem muita gente que defende o aborto.  Provavelmente nunca passaram pela experiência de carregar uma vida no seu ventre.  Deveriam perguntar aos seus pais o que acham sobre o assunto.  Não há algo maior no mundo que o amor de mãe.,"Já que eles apoiam o aborto, só lamento que não tenham sido abortados, assim não estariam cometendo crimes e assassinatos agora. Hipócritas!!!",2,0.498114138841629,0.5018858909606934,,Incerta
"Projetos d seres humanos e ideopatas levantando a tag #AbortoSim como método contraceptivo. Existem casos a serem considerados, mas o q pedem é em qualquer situação e escolha EXCLUSIVA da mulher. Boa notícia p quem paga pensão, n é seu filho, é dela. Corte o benefício e cuidados.","No primeiro caso não concordo de forma alguma, nos demais é questão de humanidade. Mesma humanidade que falta em radicais que querem usar como método contraceptivo e tirar a escolha que tbm é do pai.",2,0.4896744191646576,0.51032555103302,,Incerta
"Enquanto lutamos pela nossa vida contra o covid19, o STF abre uma sessão pra liberar o aborto! Que país é esse?  #AbortoNao    #STFVergonhaNacional",Esse é o país da impunidade,2,0.5470932722091675,0.4529067277908325,,Incerta
"algumas ponderações sobre o aborto e porque eu sou do team #AbortoSim, a thread;",Que vagabundos! Não nos deixam em paz nem nessa pandemia? Assassinos desgraçados! Deus não permitirá essa abominação em nosso Brasil!#AbortoNao,0,0.5186233520507812,0.4813766777515411,,Incerta
"#AbortoNao A mulher decide oque é melhor pra ela, decide oque é melhor pro seu corpo, nós não somos obrigadas a NADA, e mesmo que a opinião fosse contrária não é vocês homens que deveriam opinar, SEM ÚTERO SEM OPINIÃO!",Achei q ia precisar militar sobre o aborto / a tag ta mostrando que sao favor do aborto #AbortoNao,0,0.5859848260879517,0.4140152633190155,,Incerta
"Prezados Ministros do  #AbortoNAO   Umas pedem aborto sim. Já pensou se a mãe destas pessoas tivessem feito aborto na época que elas estavam grávidas?  Quem pede aborto sim, ao invés de desejar a morte de um feto indefeso, porque não se olhem no espelho e façam...","#AbortoSim Tem que abortar mesmo, gente demais no mundo!",0,0.5504700541496277,0.4495299756526947,,Incerta
Eu queria q a mãe destas criaturas tivessem a mesma opinião delas. Com certeza o mundo estaria melhor,Sou feminista minha mãe pensa igual a mim ela resovel me ter pq estava preparada para ser mãe.,1,0.4388932883739471,0.5611066818237305,,Incerta
#AbortoNao E como sempre os abortistas não variam nos argumentos. Em uma breve procurada nessa hashtag eu encontrei: Ah mas e as crianças do orfanato? Ah mas e as mulheres que morrem de aborto? Ah mas homem não pode opinar Ah mas se o papa tivesse útero o aborto era legal...,#AbortoNao não é seu corpo = total de 0 direitos de opinar.,0,0.4741319119930267,0.5258680582046509,,Incerta
#AbortoSim quem sou eu para decidir sobre o corpo de uma mulher?,#AbortoSim ou #AbortoNao as mulheres vão continuar abortando seja ela de maneira ilegal ou legal,0,0.4468734264373779,0.5531265735626221,,Incerta
"então estupro n é crime, sem pinto, sem opinião",eh cada uma que eu vejo nesse Twitter puta que pariu #AbortoSim,2,0.5157676339149475,0.4842323958873749,,Incerta
"#AbortoNao e #AbortoSim nos assuntos do momento,onde isso tudo começou???Estou perdida","#AbortoNao ai meu pai, pq? Com o aborto ou não, vão abortar. Colocando tamanha culpa na cabeça das mulheres, talvez ajude elas a não abortarem, mas logo vão descontar isso em provavelmente quem? Nos filhos.  E nenhuma mulher gosta de abortar,  querer a legalização do aborto não++",0,0.4043940305709839,0.5956059694290161,,Incerta
"#AbortoNao pq toda a vida é importante. Seu filho nasceu e você não tem condições de criar porque tem baixa renda e/ou é mãe solteira? Fodase, não é problema meu kkkkk",Pena que tua mãe não tenha te abordado! #AbortoNao,1,0.5721228122711182,0.4278771877288818,,Incerta
"#AbortoNao, aborto é CRIME, é a prática mais asquerosa, desprezível e abominável que existe.   Quem defende aborto não tem amor, não tem humanidade, não tem MORAL, não tem Deus, não tem NADA.  É um ser vazio, dirigido pelas trevas.  Abaixo, os tipos que dizem #abortosim.",#AbortoNao   Fico pensando em que é a favor do aborto.  Se suas mães os tivessem abortado...?  Será que eles já pensaram nisso?,0,0.4076472818851471,0.5923527479171753,,Incerta
Se os país fizeram a criança por senvergonhice de não usarem os métodos contraceptivos #AbortoNão.  Em caso de estupro #AbortoSim. Inclusive abortando o desgraçado do estuprador da face da terra. Simples.,"#AbortoSim São os mesmos humanistas digitais que dizem "" fiquem em casa"", vamos ajudar a salvar vidas. Cambada de hipócrita assassino de bebês...",0,0.4595159292221069,0.5404840707778931,,Incerta
Sou #AbortoSim pras mulheres terem o direito de escolher sobre seu próprio corpo!!,A defesa do #AbortoNao mata uma mulher a cada dois dias no Brasil. A médica Débora Campos contou ao Intercept como reduzir os riscos de um aborto inseguro – e nós resumimos as explicações em um conjunto de cards.,0,0.5501965284347534,0.4498034715652466,,Incerta
"Esquerdopatas defendendo o direito de matar bebês na barriga das suas mães.  Nesse caso, quem defende o direito à vida, poste:  #AbortoNAO !",Duro ter que ver isso eles nasceram né vai se catar assassinos #AbortoNao,1,0.4202338457107544,0.5797661542892456,,Incerta
"No meio do caos que já tá o mundo, ainda sou obrigada a ver tags desse tipo #AbortoNao ! aposto que quem tá subindo tá sem pagar pensão.","A menos que seja vocês a grávida, vocês não tem local de fala , isso quem decide não e vocês, e sim a mãe. #AbortoNao",0,0.500093400478363,0.4999065399169922,,Incerta
"Se a mulher tiver o direito de abortar o feto, o homem tem o direito de pelo menos abandonar o feto? #AbortoSim #AbortoNao",Vamos respeitar o direito das mulheres escolher. O Corpo é delas e elas fazem o que ela quiser. Eu sou a favor da mulher decidir #AbortoSim,0,0.5086129903793335,0.4913870096206665,,Incerta
"Vocês só se preocupam com a criança quando ela tá na barriga mas esquecem que milhares de crianças sofrem abusos e são até espancadas pelos próprios pais, que tipo de pessoa apoia o #AbortoNAO pra ver uma criança sofrer traumas durante a fase de crescimento? Patético   #AbortoSIM","#AbortoSIM #AbortoNao  tanto faz a pessoa faz se ela quiser, o corpo é dela caralho. Achei que isso já tava na cara.",0,0.5497153401374817,0.4502846896648407,,Incerta
Sim a vida  #AbortoNAO,"Aceitar q a fecundação marca o início de um novo ser humano n é uma questão de gosto ou de opinião, é reconhecer uma realidade biológica. O patrimônio genético único de cada pessoa fica definido nesse preciso momento. O embrião é um todo vivo e humano desde a concepção #AbortoNao",0,0.5060349106788635,0.4939649999141693,,Incerta
"O mundo tá em 2020, só o Brasil que tá em 1964.  #AbortoSim","#AbortoSim é o caralho, vo na #MonarquiaJa",0,0.502129077911377,0.4978708624839782,,Incerta
"É sobre as mulheres terem escolha. Se uma gestante com feto com zika vírus quiser seguir adiante com a gravidez, ela tem td o direito. Se ela quiser interromper a gravidez, ela deve ter td o direito tb. Simples! #AbortoSim",Só zika vírus? Existem várias síndromes genéticas que ocasionam o mesmo ou até piores problemas e  não é dado direito ao aborto também. Acho que deveria ser revisto então. #AbortoSim,1,0.418254405260086,0.5817456245422363,,Incerta
"O STF não são só os guardiões da constituição?  Se eles querem tanto fazer outras coisas que não diz respeito a suas funções pq não se candidatam, Deputados, Senadores, Presidentes, Vereadores, Síndicos de Prédio.   #AbortoNao","Sou homem , mas defendo elas por esse direito. O corpo é propriedade delas  #AbortoSim",0,0.5712223649024963,0.4287776052951813,,Incerta
#AbortoNao  É sério que esses canalhas do  vão votar essa barbárie em tempo de pandemia!  vcs são uns vermes.,"tirem o viés religioso dessa porra   real, não faz sentido  pobre,preto e favelado sempre toma no cú eu não quero que isso se perpetue  e as mina burguesinha fique de boa pagando um aborto seguro em uma clínica dessas caras por aí #abortosim #AbortoNao",0,0.4096733033657074,0.590326726436615,,Incerta
"Sério q a esquerda está levantando tag p/ apoiar o crime de assassinar fetos? Q eu saiba os artigos 124 a 126 não foram revogados.É proibido se manifestar contra as medidas restritivas que estão nos levando ao sucateamento econômico, mas fazer apologia ao aborto pode?  #AbortoNao",#abortonao.       É COVARDIA CONTRA INCAPAZES,1,0.5459095239639282,0.4540905058383941,,Incerta
o feto na barriga é importante e merece ser protegido. agora a criança no abandono no meio da rua ou na merda de um orfanato vocês iguinoram. Vocês esquecem  que quando aquele  feto tiver com 18 anos ele vai PERDER a única casa que ele tem! vocês são cruéis! #AbortoSim,Pedem pra ficar em casa pela vida e apoiam o aborto. Cretinos!  #AbortoNao,0,0.4793619513511657,0.5206379890441895,,Incerta
#AbortoSim  Se a mulher quer abortar ? Aborta. Se o homem quer que ela aborte e ela não? Contrato de isenção de responsabilidade financeira.  Seria ótimo se o Brasil respeitasse contratos .,"# abortosim Se fizesse um contrato de isenção de pensão ou responsabilidade financeiras durante a gestação , ninguém ligaria tanto , já poderia aí abortar em cada esquina a vontade.  Mulher não quer assinar ? Ok , registra-se tentativa e mesmo assim isenta o homem.  Assim vai.",1,0.512455403804779,0.4875445663928985,,Incerta
#AbortoSim é o caramba! Abortista tem que ser condenado à pena capital.,"sobre esse negoço de #AbortoSim  e  #AbortoNao: Eu acho q o governo NÃO deve proibir. Pq  proibindo parece q o governo sabe oque é melhor pra população. E isso tá errado, a população sabe oque é melhor pra população.",0,0.4991005659103393,0.5008994936943054,,Incerta
Não à morte. Sim à vida. #AbortoNao,"O  , bem como toda a  é pró-vida!  Somos terminantemente contra o aborto.   Assinamos uma petição contra a aprovação e legalização da interrupção da vida, assine você também:    #AbortoNao",0,0.4160278737545013,0.583972156047821,,Incerta
"Liberar o porte de arma n pode pq é uma ameaça q vida, MAS tirar uma vida com a justificativa de que o bebê não estar com sistema nervoso formado pode né, hipócritas até a alma esses.","#abortosim, é isto.",2,0.5368040204048157,0.4631959795951843,,Incerta
A vida deve ser protegida! STF NÃO É O LEGISLATIVO! #AbortoNao,Todos aqueles que defendem e protegem o aborto convido a uma visualização sincera desse vídeo de SIM uma YouTuber católica (  ) mas que mostra como o aborto é uma questão de RESPONSABILIDADE! #AbortoNao,0,0.4911186397075653,0.5088814496994019,,Incerta
#AbortoNao deixa de cuidar da buceta alheia,#AbortoSim porque sim e porque sim,0,0.5928246974945068,0.4071753323078155,,Incerta
"#AbortoNao “O aborto se vence com adoção. Quem não quiser as crianças, que as dê a mim. Não rejeitarei uma só delas. Encontrarei pais a elas. Ninguém tem o direito de matar uma vida que vai nascer: nem o pai, nem a mãe, nem o estado, nem o médico. Ninguém."" Madre T. de Calcutá.",#AbortoNao Homens dando opinião sobre o aborto sendo que eles não:  Homem não menstrua Homem não engravida  Homem não é estuprado Homem não sofre assédio sexual/verbal Homem não sofre agressão doméstica  Homem não tem salário reduzido por ser homem,0,0.4942800104618072,0.5057199001312256,,Incerta
Me dá uma certa esperança na humanidade em perceber que o #AbortoNao está na frente e possui muito mais repetições que o AbortoSim.  Esperança na humanidade restaurada.,"""Ain! É a favor da pena de morte, mas é contra o Aborto"" Tudo a ver. Comparar um ser inocente não ter a chance de existir e o animal que existiu pra cometer crimes.  Baita raciocínio. Aborto não, suas pestes. #AbortoNao",0,0.5244041681289673,0.4755958616733551,,Incerta
"Pra min quem diz  #AbortoSim não se diferencia em nada dos nazistas, que usavam a ""ciência"" pra defender seu ponto de vista, onde defendiam a criação de uma raça  porque as pessoas que defendem o aborto aqui são em sua maioria de classe média e média alta",STF Ratos #AbortoNao,0,0.5251706838607788,0.4748292565345764,,Incerta
"Vcs confundem aborto legal, com aborto obrigatório, ninguém obriga vc a abortar seu filho, se tu quiser tu faz... Vou fingir q n vi esse assunto antiquado aqui: #AbortoNao","O que diminui o número de abortos é a consciencialização!!!  A legalização por si só faz é o contrário, aumenta os números. #AbortoNao",0,0.5369715094566345,0.4630284309387207,,Incerta
STF além de destruir a ordem jurídica do país pretende endossar o assassinato de crianças!  #AbortoNAO,"Mano, tava vendo essa hashtag #AbortoNao e ela é tão ridícula quanto absurda.   #AbortoSim  #AbortoSim  #AbortoSim",0,0.4510924518108368,0.5489075779914856,,Incerta
Vídeo: os interesses inconfessos da OMS.,"Fique tranquilos amiguinhos o  e a OMS e seus Coordenados  ,    . Estão preocupados com sua Vida, pode Confiar   #AbortoNao #STFVergonhaNacional",2,0.4423511028289795,0.5576488971710205,,Incerta
"Estamos em 2020 século 21, as mulheres ainda não aprenderam a usa camisinha e a tomar pílula  hoje em dia só engravidar quem quer , ou a mulher é muito burra  #AbortoNao Se vc sabe DA ,sabe muito bem ser cuida ,é de graça em qlq posto de saúde",Logico que nao #AbortoNao,0,0.59575355052948,0.4042464792728424,,Incerta
"Vc é contra pena de morte para bandidos, mas é a favor do aborto  #AbortoNao",#AbortoNao STF querendo aprovar aborto em plena pandemia...,0,0.541394829750061,0.4586050808429718,,Incerta
Que bom que a carapuça serviu para vc...se uma vadia faz isso ela tem que ter seu clitóris extirpado,Quem está vindo despejar seu ódio aqui mesmo? rsrs. Terapia faz bem inclusive meu caro....,1,0.548080563545227,0.4519193470478058,,Incerta
"Não tenho poder de fala... Mas acredito que quem quer abortar... vai. Mesmo a religião condenando, o governo e a Vizinha! Entao... #AbortoSim! Pois eu creio que já eh uma questão de saúde para uma classe menos favorecida.","mulheres que foram estupradas não merecem carregar seu trauma por 9 meses, mulheres pobres não merecem arriscar a vida por não poder pagar por uma clínica cara, nenhuma mulher merece ter que criar uma criança não esperada, principalmente se for sozinha  #AbortoSim",0,0.4614302217960357,0.5385697484016418,,Incerta
vou te ajudar com esse psicotécnico: as pessoas q são #AbortoSim o também estão usando #AbortoNao,Eu sei. Mas então 80% da #AbortoNao são a favor do aborto?  Q lógica impecável,1,0.4107860624790191,0.5892139077186584,,Incerta
"#AbortoNao A mulher decide oque é melhor pra ela, decide oque é melhor pro seu corpo, nós não somos obrigadas a NADA, e mesmo que a opinião fosse contrária não é vocês homens que deveriam opinar, SEM ÚTERO SEM OPINIÃO!",Vdd são uns calhordas #AbortoNao,0,0.1983562111854553,0.8016438484191895,,Alta
Matar vidas puras inocentes jamais  #AbortoNao,"#AbortoSim eu quero realmente entender porque vocês militam com o pretexto que apoiam a vida, mas ao mesmo tempo estão agindo como se o direito de uma mulher fosse menor do que um feto sem consciência, se ela quer abortar, não muda nada da sua vida.",0,0.1059854179620742,0.8940145969390869,,Alta
#AbortoSim aborto sim,#AbortoNAO Use preservativos! Não seja uma assassina!,0,0.1954036802053451,0.8045963644981384,,Alta
"Mulheres citando que homens não tem Útero, sendo que para secundar um Óvulo se faz necessário o esperma advindo dos homens, sendo assim pq homens não podem ser contra o aborto, ou essas mesmas evoluíram a tal ponto que conseguem desenvolver um embrião sem fertilização #AbortoNao","O falso estupro poderia ser uma desculpa para legalmente abortar. Legalizar o aborto sem critérios rigorosos e penosos, caso haja mentiras, trará graves consequências à sociedade: uma delas seria a falta de responsabilidade sobre ato sexual.  #AbortoSim, depende.",0,0.1230975314974784,0.8769025206565857,,Alta
não acredito que ainda tenho que ficar lendo essas coisas...  será que nunca as mulheres vão ser respeitadas como merecem???? #AbortoSIM,Sabe o que é pior essa porra nem útero tem e vem com esse papo,2,0.1197606697678566,0.8802393674850464,,Alta
"ninguém é a favor do ato de abortar, estamos falando de LEGALIZAÇÃO, para que as mulheres tenham segurança e não corram riscos no processo. e disso nós somos a favor. #abortosim","Só sou a favor do aborto se alterar 217-A do Código Penal para permitir que a idade mínima do consentimento sexual seja de 18 anos (hoje são 14 anos). A adolescência é o momento de produzir conhecimento, estudar conceitos, não passar por consequências de um ato sexual. #AbortoSim",0,0.1515874713659286,0.8484125733375549,,Alta
#AbortoSim porque hoje em dia sinceramente pra eu antipatizar MUITO uma pessoa basta a condenada dizer que é pró-vida   pró-vida é meu ovo desgraçada do inferno olha pro problema da marginalidade primeiro imbecil,Urgente Quem tiver tweeter ajude a subir #Abortonao pois o STF quer aprovar durante a pandemia repasse,0,0.1205730512738227,0.879426896572113,,Alta
"#abortonao sou contra o assassinato de crianças, vender seria muito melhor pra economia","É incrivel como uma hashtag é erguida no twitter por um grupo e depois outras pessoas do mesmo grupo erguem outra hashtag aparentemente contrária mas falando as mesmas coisas. Então começa uma ""disputa"" de hashtags com pessoas atacando alguém que n existe. #AbortoSim #AbortoNao",0,0.1786329746246338,0.8213670253753662,,Alta
Garanto q quem ta defendendo o #AbortoNao nem chegou a ler a porra da notícia então lhe dedico meu mais sincero vai tomar no cu,"Eu meio que não tô afim de debater com quem usa local de fala como argumento pra me refutar, então só vim aqui pra dar apoio ao #AbortoNAO, nada de ativismo.",0,0.1387264132499694,0.8612735271453857,,Alta
Tenho útero e sou contra o aborto. Shoraste?  #AbortoNao,"A MAS VCS NÃO ENTENDEM MESMO NÉ? Esse é o tipo de escolha que não cabe a uma mãe fazer, na verdade, não cabe a ninguém fazer. Não é ""machismo"" e sim uma questão de bom senso. o aborto é um homicídio e deve ser tratado como tal. #AbortoNao",0,0.119705930352211,0.8802940249443054,,Alta
ABORTO É ASSASSINATO!  #AbortoNao,"Independente se vc é do time #abortosim ou #abortonão, ou ainda fica pedindo #monarquiaja, se quiser saber de dicas para #emagrecer, é só me acompanhar, rsrsrs!  #humor #saúde",0,0.1817259043455124,0.8182740807533264,,Alta
"Bill Gates quer vacinar todos no mundo e nos acompanhar com um certificado de microchip (para provar que estamos curados). Então, Gates fará o ""vírus"" desaparecer !!! #NewWorldOrdervirus  crédito para: Deep state exposto",Aham...não vai ser dessa vez! #AbortoNao,2,0.1550611108541488,0.8449388742446899,,Alta
SEM ÚTERO  SEM OPINIÃO  #AbortoSim,Como assim #AbortoNao? Eu tava indo abortar agora...,0,0.1056317165493965,0.8943682312965393,,Alta
"Você que é a favor do aborto, se mate, vc é um monstro. #AbortoNao","#AbortoNao se eu ver homem nessa trend eu vou dar block, mute e vou mandar se fuder pq não são eles que ficam 9 meses carregando um filho",0,0.104957677423954,0.895042359828949,,Alta
"Nego que acha que semêm é creme facial, levantando #AbortoSIM geração Nutela...",Tomar no cu todo mundo seus arrombado #AbortoNao,0,0.1036604419350624,0.8963395357131958,,Alta
"#abortosim vão usar uma camisinha suas puta relaxada de merda, não quer ter filho não faz porra quer da pra todo mundo depois engravida quer abortar um ser que nem teve a chance de conhecer o mundo, pra mim você é um ser nojento e esquerdista de merda raça nojenta.",Vida começa na concepção pela medicina também #AbortoNao,0,0.1773199439048767,0.8226800560951233,,Alta
"#AbortoSim  nesse exato momento minha mãe está tentando adotar minha prima pq a mãe dela é uma péssima mãe  algumas mulheres n nasceram pra serem mães, outras simplesmente n querem   sem útero, sem opinião",Tudo tem limite #AbortoNao,0,0.1822744160890579,0.8177255988121033,,Alta
Vao se fuder vocês do STF. #AbortoNAO,não precisa nem falar nada  #AbortoSim,0,0.1083690002560615,0.891631007194519,,Alta
"As feministas que são a favor do aborto achariam legal um casal querer abortar pelo simples motivo do feto não ser um menino, sonho deles, mas veio uma menina. Seria certo assassinar essa menina por era ser menina, em nome da liberdade absoluta da mulher...?",Na verdade elas preferem abortar meninos.,1,0.1652928590774536,0.8347071409225464,,Alta
O mais engraçado é que a maioria é homem que vem defender essa tag #AbortoNao mas na hora de assumir suas responsabilidades simplesmente some e quem se ferra é a mãe que tem que cuidar sozinha.,"#AbortoSim só as aborteiras falando merda. E o motivo principal do ""aborto sim"" é ""ain, não vai ser homem que vai dizer se eu devo ou não matar o bebê"". Ou seja, a ideologia ignorante matando por simples capricho.",0,0.1485055983066558,0.8514944314956665,,Alta
"Esquerdopatas defendendo o direito de matar bebês na barriga das suas mães.  Nesse caso, quem defende o direito à vida, poste:  #AbortoNAO !","Toda vida é valiosa. Se criticaram tanto o Presidente por querer proteger os empregos e o chamaram de assassino , como têm coragem defender o aborto ??? Hipócritas,  #AbortoNAO",2,0.1381292790174484,0.8618707060813904,,Alta
"Cara, qual o problema das pessoas que  tweetam #AbortoNao???? Não é todo mundo que tem condições para cuidar de uma VIDA!!  Não são os homens que ficam com uma criança no útero por 9 MESES! Não são vocês que vão educa-los   ""AH MAIS NÃO USOU PRESERVATIVO PQ NÃO QUIZ!!""","O aborto pode ser combatido mediante a adoção. Quem não quiser as crianças que vão nascer, que as dê a mim. Não rejeitarei uma só delas. Encontrarei uns pais para elas. Ninguém tem o direito de matar um ser humano que vai nascer. Madre Teresa #AbortoNao",0,0.1550102978944778,0.8449896574020386,,Alta
"Ficar em cima do muro é dar vazão ao demônio, o muro pertence a ele. Aborto em caso NENHUM! #Abortonao",Educação sexual em primeiro lugar evitaria bastante gravides indesejada. sou a favor de uma clínica especializada para além do abordo antes um acompanhamento com a mulher. #AbortoSim,0,0.146187424659729,0.853812575340271,,Alta
"#AbortoNao é da conta de quem não está carregando o filho! Deixem as mulheres serem livres para tomar suas escolhas! A maioria das pessoas que são contra, não levanta um dedo pra ajudar crianças desabrigadas, então não venham querer impor regras!",pft sim ou claro????  nunca vi uma # tão idiota k,2,0.1061451733112335,0.8938548564910889,,Alta
"#AbortoNao Engraçado que vocês só se importam com as crianças, enquanto estão na barriga. Depois fingem que elas não existem, apóiam trabalho infantil, chamam de vagabundos, e se entram no mundo do crime por causa da vida merda que teve, querem a morte deles. #AbortoSim por elas.",Aquele post bem eugênico pra sustentar o argumento: mata o pobre na nascente que é pra não proliferar.,2,0.186183214187622,0.8138167858123779,,Alta
O aborto deve ser uma escolha única e EXCLUSIVAMENTE da mulher. A legalização do Aborto não significa que você é pro-morte mas sim que não quer mulheres pobres morrendo em clínicas de aborto clandestinas por não ter dinheiro para pagar por clínicas caras  #AbortoSim #AbortoNão,"FETO NAO É PESSOA , deixo minhas opinião aqui e foda-se kkkkkkkkkkkkkkkkk",2,0.6467648148536682,0.3532352149486542,,Random
Eu sempre entro para ver o assunto mais comentado e hoje quando entrei o assunto é sobre aborto e adivinhem só o que penso?  Cada um faz o que quer sabendo que toda ação tem reação #abortosim e quem não quer #AbortoNao simples eu acho,essa tag #AbortoNao ta parecendo aql ep de bojack horseman q um monte de &gt;&gt;homens&lt;&lt; se junta pra falar de feminismo,0,0.1688947081565857,0.8311052322387695,,Random
mulher sendo dona do próprio corpo incomoda né minha filha #AbortoSim,Assassinato  jamais #AbortoNao,0,0.8732039332389832,0.1267961412668228,,Random
"As feministas que são a favor do aborto achariam legal um casal querer abortar pelo simples motivo do feto não ser um menino, sonho deles, mas veio uma menina. Seria certo assassinar essa menina por era ser menina, em nome da liberdade absoluta da mulher...?",E se a mulher for estuprada e não tiver condições de criar um filho?,1,0.1082112416625022,0.8917887210845947,,Random
"Não é questão minha (homem) opinar sobre aborto e nunca vai ser, não é meu local de fala, mas ver os macho querendo que a mulher tenha filho sendo forçada a amar a ideia é nojento. #AbortoNao",Citou lugar de fala eu já sei que faz sexo de costas,2,0.1390579640865326,0.8609420657157898,,Random
a real é que quem é contra o aborto nunca sofreu uma gravidez indesejada de um relacionamento abusivo. nunca sofreu um estupro. nunca sofreu com pais não compreensíveis. nem tudo é irresponsabilidade. #AbortoSim. não é a favor? não faça. mas não tire esse direito da mulher.,"#AbortoSim menos pirralhos, mais suruba. Menos choros, mais festas, menos dinheiro para: fralda, roupas, escola, mais dinheiro para: festa, drogas, etc.",0,0.2335480153560638,0.7664519548416138,,Random
"Vai lá abrir as perna pra gozar gostoso e abortar o fiiii,  vc vai continuar viva mesmo #AbortoNao","Se você é a favor da vida, então cuide da sua ! #AbortoSim",0,0.0461571887135505,0.95384281873703,,Random
#AbortoNao anem viu aposto q essa tag foi criada por um HOMEM IMBECIL Q ACHA Q PODE FALAR O QUE É MELHOR PRO CORPO DE UMA MULHER me poupe por favor boa noite.,#AbortoNao Caralho isso é assacinato,0,0.5729234218597412,0.4270766675472259,,Random
"Lá vem a galera que se diz favorável ao aborto! Engraçado quando falam de controle de natalidade, campanhas para não usar drogas, adoção, métodos contraceptivos... abrem o berreiro! #AbortoNao Ah parem de falar que é tag de homem tá?","e aí libfem já se posicionou #AbortoSIM hoje? ou seu feminismo é só na hora de usar blusinha escrito ""girl power"" que é feita pela mão de obra escrava?",0,0.0461646653711795,0.9538353681564332,,Random
"""Ele (médico) jurou salvar vidas e depois abre uma clínica de aborto e faz vinte abortos por dia. Perdeu o rumo. Não é mais médico é um assassino.” #AbortoNAO",#AbortoSim Que tag é essa de #AbortoNao ? Vocês querem obrigar a mulher a ter o filho mas não tem capacidade de obrigar  o pai da criança de criar.  #AbortoSim e parem de se intrometer na vida alheia.,0,0.0581635050475597,0.9418364763259888,,Random
"Uma vez eu li uma frase maravilhosa: opinião de aborto é que nem peito, todos tem, só os homens se acham no direito de mostrar e os da mulher são mais úteis mas se mostram por ai é coisa de putaria #AbortoSim","Em tempos de caos e histeria, a agenda comuno-globalista avança com força. Nunca foi sobre o que passamos, mas sobre os meios para onde pretendem nos levar.   #abortoNAO",0,0.200441226363182,0.7995588183403015,,Random
"A realidade é quem é a favor do aborto tem bem mais argumentos que vocês... #AbortoNao (n estou dando opinião, é apenas fatos)",o argumento do #AbortoSim crianças passando fome direito das mulheres escolha feto n tem vida etc.  argumento do #AbortoNao CaAmiSinhAaaahh,1,0.102305956184864,0.8976940512657166,,Random
#AbortoNao Senão quer engravidar compre um Consolo,Que tag é essa de #AbortoNao ? Vocês querem obrigar a mulher a ter o filho mas não tem capacidade de obrigar  o pai da criança de criar.  #AbortoSim e parem de se intrometer na vida alheia.,0,0.0743136331439018,0.9256863594055176,,Random
"Se não quer engravidar, só fechar as pernas!  Todo ação fera uma consequência!!!  ABORTO É CRIME!!!!!!  #AbortoNAO",Vamos subir essa pessoal #AbortoNao,0,0.3363074362277984,0.6636925339698792,,Random
"Enquanto certos políticos, meios de comunicação, ""grobais"" e outros tantos seguem em aterrorizar e alinear a população, como se o coronavírus agora fosse o único mal a ser enfrentado na face da terra, o STF agora dá continuidade ao seu ""trabalho"". #AbortoNao","A (extrema) maioria da população brasileira rejeita a legalização do assassinato intrauterino. Não cabe o Supremo usurpar atribuição que não lhe compete para que, no tapetão, mais um tipo de aborto eugênico seja legalizado. #AbortoNao",0,0.9867635369300842,0.013236466795206,,Random
"""Protesto contra quarentena em Michigan/EUA.""    Será que nós brasileiros demos o ponta pé inicial dos protestos pelo mundo ?  #AbortoNao",Tenho quase certeza que tem dedo de brasileiro nisso..o povo maravilhoso,2,0.5722402334213257,0.4277597665786743,,Random
"o auge do dia foi criarem a tag #abortonao e um monte de macho querendo opinar sobre isso... se o corpo nao eh seu e se voce nao pode engravidar com um estupro, por exemplo, voce não tem direito de opinar, faça o favor de calar a porra da boca. #AbortoSim","CURIOSIDADE: 100% das pessoas que usam a hashtag ""AbortoSim"" não foram abortadas.   Infelizmente.   #AbortoNAO Seus Filho do demo!!",0,0.9186174869537354,0.0813824981451034,,Random
Abortistas são assassinos em potencial. Quem pratica aborto está matando uma criança indefesa e por isso é um criminoso da pior espécie.   #AbortoNao,AINDA ESTAMOS EM PRIMEIRO. VAMO LÁ GENTE. URGENTE!!!!! ATENÇÃO GABINETE DO ÓDIO. PRECISAMOS SALVAR VIDAS. #AbortoNao,0,0.9486615657806396,0.0513384491205215,,Random
"vão tomar no cu. quem decide se quer ou não abortar é a mãe do indivíduo. não retruquem, não palpitem. ninguém quer saber sua opinião! #AbortoSim","Como assim #AbortoNao? A cada dia estou mais a favor do aborto. Sigam a minha lógica: se a maioria das mulheres q defendem o aborto realmente usarem seu direito e abortarem, terão menos filhos, em outras palavras haverá menos crianças sendo influenciadas pela ideologia delas. :D",0,0.0570239387452602,0.9429759979248048,,Random
"As feministas que são a favor do aborto achariam legal um casal querer abortar pelo simples motivo do feto não ser um menino, sonho deles, mas veio uma menina. Seria certo assassinar essa menina por era ser menina, em nome da liberdade absoluta da mulher...?",Sim para a vida!!! #AbortoNao,1,0.9187513589859008,0.0812486484646797,,Random
"gente é tão ridículo entrar na tag e só ver homem, mano vocês não tem útero, não tem que dar opinião PORRA #AbortoNao","Não temos útero mas frequentamos muito, muito, muito a região, isso significa que temos o dever moral de zelar pela nossa área comum. Não é porque você é dona do parquinho que vai querer brincar sozinha, a responsabilidade também é nossa. Homens que cuidam! Fofo né? #AbortoNao",1,0.1286042630672454,0.8713957667350769,,Random
Os mesmos que ficam falando em ficar pra salvar vidas sao os que sao a favor do aborto que vai de encontro a vida #AbortoNao,os #abortonao ai:,0,0.1155552193522453,0.8844447135925293,,Random
#AbortoSim #AbortoNao se vc não tem útero nem vem conversar mano,#AbortoNao O que aconteceu para subiram a tag?,0,0.9686457514762878,0.0313542634248733,,Random
"Se fosse o homem que engravidasse essa porra estaria legalizada desde antes da Primeira Guerra. Vão se fuder hipócritas de merda! Se dizem ""pela vida"" e são a favor da pena de morte.  #AbortoSim","pois é mulherada se ilude com essas coisas, depois se ferram sozinhas e abandonadas pela sorte, eles só querem ferrar vcs.. se todas fossem a favor da legalização do aborto, muitas coisas evitariam née, a de ambos sofrerem. #AbortoSIM #antinatalism #childfree #nokids #sosplanet",0,0.0577132254838943,0.9422867894172668,,Random
"Mandetta sustentou norma técnica dos governos petistas que permite médicos assassinarem bebês no ventre de suas ""mães"" sem que exista comprovação de violência sexual. Foram mais de 1.700 abortos em 2019, enquanto mães davam à luz em corredores por falta de leitos. #AbortoNao",Eu sou  #AbortoSim e quem não concorda ta errado. Bj,0,0.0796977952122688,0.9203022122383118,,Random
"#AbortoSim bora lá, repitam comigo, SE NÃO É COM VOCÊ E COM SEU CORPO, VOCÊ NÃO TEM O DIREITO DE INTERFERIR OU APINAR NA ESCOLHA DE ALGUÉM, NO CORPO DE ALGUÉM!",#AbortoSim ??? E o #FiquemEmCasa  pra salvar vidas??? Incoerência e hipocrisia reinam...,0,0.4387439787387848,0.5612560510635376,,Incerta
"A escolha tem que ser individual da mãe, menos q isso é inaceitável #AbortoSim",#AbortoNao nem adianta .,0,0.4088215231895447,0.5911784768104553,,Incerta
"Homens querendo opinar em algo que não é direito deles, direito é delas, e elas fazem o que quiserem com sua vida, corpo e etc... #AbortoNao",Aqueles malditos ministros do STF ainda tem coragem de dizerem que ali há algum católico? Deus está vendo a posição que ocupa e do poder que possui para decidir sobre a vida de seres humanos ainda não nascidos. Vocês são uma vergonha para o catolicismo. #AbortoNao,0,0.4610793888568878,0.5389206409454346,,Incerta
"aos homens que tão subindo a tag #AbortoNao, sem útero sem opinião, bjs","Entrei em #AbortoNao pensando ""pq estao falando merda?"" Mas a maioria esta reclamando da tag  o soco nos minions escória do pais",0,0.5343259572982788,0.4656740427017212,,Incerta
"#AbortoNAO, STF usurpador de atribuições.","Tem gente que fala em solidariedade, amor a vida e depois #AbortoSim Será que se a mãe destas pessoas tivesse lhe abortado, pouparia discursão de #AbortoNão e, pensar em   aborto em caso de risco de vida da criança ou da mãe. Quem fala #AbortoSIM não sabe e nunca viu um aborto.",0,0.4246439635753631,0.5753560066223145,,Incerta
A Igreja está orando pedindo perdão a Deus pelos pecados derramados de sangue INOCENTES! Os FARAÓS estão entre nós  #abortonao,É homicídio e foda-se  Qualquer argumento contrário é apenas argumentos pra se livrar da culpaa  Minha opinião... cada um com a sua #AbortoNao,0,0.4205093681812286,0.5794906616210938,,Incerta
"A vida humana no útero em semanas:   1: Forma-se o zigoto  3: Batimento cardíaco  4: Olhos, pulmões e rins 8: Bebê chupa o dedo 9: Impressões digitais 12: Reflexos  20: O bebê sente dor 21: Pode sobreviver fora do útero  40: Nascimento  O aborto mata em todas as fases. #AbortoNao",Pessoas tem que ficar em quarentena e as empresas paralisadas para evitar que centenas de milhares de mães morram com seus filhos no útero.,2,0.5057833194732666,0.4942166805267334,,Incerta
"#AbortoNao métodos anticoncepcionais são em boa parte acessíveis para a população negra,parda e em geral as minorias tendo em vista que em quase todo posto de saúde é possível obter esses itens aborto é crime aborto é assassinato","Povo o STF nojento pautou ADI do aborto!!!  União pela vida, a TAG é   #AbortoNAO   Via",0,0.4808129370212555,0.5191870331764221,,Incerta
Mano minha mãe é evangélica e ela é contra o aborto até pq é pecado porém ela respeita quem quer aborta até pq não é decisão dela né mores #AbortoNao,"só vejo bolsonaristas aq “defendendo a vida”, sendo que são os primeiros a irem a rua contra a quarentena. defendendo a vida ou sendo machista? #AbortoNao",0,0.4073148071765899,0.5926852226257324,,Incerta
"#AbortoSim  como eu sempre falo, eu só sou a favor do aborto em situações extremas ou seja, quando a mulher está grávida e não quer ter o filho. devemos ter a liberdade de fazer o que quisermos com nosso corpo, com segurança e sem perigo de morte.",Deus nos proteja #AbortoNao,0,0.4996252059936523,0.5003747940063477,,Incerta
Neoliberal: Estado não pode se meter nas relações privadas Neoliberais também: o Estado tem que intervir na decisão individual da mulher #AbortoSim,"#AbortoSim  tbm sou a favor, mas como as mulheres são imaturas... ""meu corpo minhas regras"", ""sem útero sem opinião"".. quanta babaquice. Sou homem e tenho opinião SIM. Não estamos falando sobre amputar uma parte do corpo, mas sobre abortar uma vida. Não simplifiquem algo sério.",0,0.4906848967075348,0.5093150734901428,,Incerta
"Pelo direito à autonomia da mulher com seu corpo e sua vida, pela saude pública #ABORTOSIM  O aborto já acontece para quem pode pagar! Uma a cada 5 mulheres já abortou. Sao 500 MIL mulheres por ano em que 50% (250 MIL) acaba INTERNADA por complicacoes.  Pela VIDA da mulher.","#AbortoNao   Qualquer país que aceite o aborto não está ensinando o seu povo a amar, mas a usar de qualquer violência para conseguir o que se quer.  Madre Teresa de Calcutá",0,0.5007591843605042,0.4992407560348511,,Incerta
"E para as mulheres que nao querem ter filhos, vão a ubs do seu bairro, coloquem um DIU, é totalmente gratuito o processo. Nenhum metodo é  100% garantido mas ai vc vai ta prevenindo!!! O diu é  muito eficiente, busquem e pesquisem sobre... #AbortoNao","Minha opinião sobre o aborto é a seguinte, eu não tenho útero, não sou a mãe e muito menos o pai, diante disto, não tenho opinião #abortosim #AbortoNao",0,0.5919220447540283,0.4080779552459717,,Incerta
"Direito a ter uma arma pra nós defender não pode , agora tirar vidas inocentes tudo bem Canalhas #AbortoNao",#AbortoSim Pode fazer o aborto desde que a pessoa que o fizer morra junto.,0,0.4682761430740356,0.5317237973213196,,Incerta
"Todo mundo que apoiava a escravidão era livre, todo mundo que apoia o aborto já nasceu.   Falam em ""aborto seguro"". Pergunto, para quem? Afinal, o bebê sempre morre. #AbortoNao",Seguro pras irresponsáveis que saem com vários homens e nem sabem de quem ficaram grávidas. Sexualizadas desde crianças dançando funk ao som da ídola Anita e cia. Só sabem curtir e não lavam nem as próprias calcinhas.  #AbortoNao,1,0.5321570634841919,0.4678428769111633,,Incerta
Podia aprovar uma lei onde abortista tivesse seu útero retirado.,"Já reparou, o que muito se fala sobre o aborto, mas a liberalização da vasectomia, por exemplo, que além de ser um procedimento legítimo, é muito mais seguro que um aborto, não recebe nenhuma atenção?!!??",1,0.5750979781150818,0.4249020218849182,,Incerta
"Admito que não li o livro, lerei quando comprar, mas tenho informações que ele defende argumentos sólidos contra o aborto. ""Você não precisa ter religião para ser contra o aborto"". Leiam também, se quiserem, uma crítica do livro:  #AbortoNao","Mesmo não tendo lido o livro, sou contra o aborto. #AbortoNao",1,0.4922359585762024,0.5077641010284424,,Incerta
"#AbortoSim ""Sem útero, sem opinião""  Muito bom, já que não posso opinar então não sou obrigado a participar, logo, não preciso pagar pensão.","Gente, sério q existem pessoas (homens) q querem se meter no assunto aborto e ainda falar q a mulher tem mais direitos q os homens ?? #AbortoSIM",0,0.4338308274745941,0.566169261932373,,Incerta
"#AbortoNao pela vida, para a vida.",#AbortoNao seus filhos da puta.,0,0.4643562436103821,0.5356436967849731,,Incerta
#AbortoSim #AbortoNao Qual a pira velho,O melhor é q só tem homem cis na tag #AbortoNAO KKKKKKKKKKK NSFR,0,0.5433440208435059,0.4566559791564941,,Incerta
"#AbortoSim #AbortoNão Cara,não é o corpo da mulher,é o corpo do feto. Se você não concorda,por favor,role a tela,não quero discussões.",Será que essa 40tena ñ mostrou pra + ninguém q o câncer do planeta somos nós? E tem gente querendo reproduzir ainda? Mds.   #AbortoSim,0,0.5643922090530396,0.435607761144638,,Incerta
"#AbortoNao pq a minha religião condena, por isso esse meu argumento é válido pra evitar isso no nosso país ¿laico?",corona vírus gizelly #bbb20 follow trick #follotrick kpop porn bts nsfw bolsonaro jikook au terminada thread blackpink paredão mutuals +18 corona manu tiago #AbortoSim daniel bolsonaro quarentena sdv bts teclado twice debut bbb desflopar comenta bolsonaro,0,0.5024048089981079,0.4975951910018921,,Incerta
"td mundo sabe q legalizando o aborto apenas vai fzr cm q seja mais seguro p mulher, pq legalizado ou n ela vai continuar abortando. Além de aborto n ser assassinato, pois até o 6° mês o feto é inconsciente e n sente dor Só q vcs ainda n estão preparados p essa cvrs... #AbortoSim","Bolsominions nao acreditam no coronavirus mas acreditam que um feto fala ""ai minha perninha"", se fode ae gado. #AbortoSim",0,0.4030006527900696,0.5969992876052856,,Incerta
#AbortoNao todo ser vivo tem direitos que derivam a deveres abaixo da terra.,"E lembrando tbm, vamos respeitar a posição de cada um. Msm sendo irrelevante. O aborto cabe ser discutido por mulheres (sejam elas pró-aborto ou nn) e nn por homens, o corpo eh delas, a condição quem sabe tbm são elas! Eh isso #AbortoSIM #AbortoNao",0,0.4168774485588074,0.5831226110458374,,Incerta
"Que pohha é essa, STF??? #AbortoNAO   Desgraçados se aproveitando do momento. Vcs estão loucos??  Vi um monte de fdp que apoia o aborto e na semana passada estavam “emocionados” c Andrea Bocelli cantando.   Sabiam que os médicos indicaram pra mãe dele abortar pq o filho era cego?","Eu concordo com a frase ""Meu corpo, minhas regras"". Porém se vc mata o feto e continua viva, o corpo não é seu.  #AbortoNao",0,0.5195470452308655,0.4804529845714569,,Incerta
"#AbortoSim Só queria perguntar pras pessoas a favor dessa tag como é nunca sentir frio? Porque vcs estão cobertos de razão e exalam superioridade, bjs.",Aborto nunca. Vamos proteger os indefesos  #AbortoNao,0,0.5307249426841736,0.4692749977111816,,Incerta
"#AbortoSim pq n é vcs que vão cuidar depois gente, tenham o mínimo de senso o corpo &gt;&gt;&gt;&gt;É DA MULHER&lt;&lt;&lt;&lt; e ela decide o que é melhor pra ela, ngm é obrigado a carregar o fruto de um trauma pra dps ter q colocar num abrigo que todos sabemos que provavelmente não vai ser adotado",Matar ou nascer. STF tem nas mãos vidas inocentes.   #AbortoNao,0,0.5851300358772278,0.4148699343204498,,Incerta
"#AbortoNao é da sua conta, a maioria aborta com o aval do parceiro, e na maioria são eles que procuram os métodos, que podem matar ou mutilar a parceira, o importante pra ele é ficar livre, aborto seguro deveria ser um direito, assim como o parto humanizado.","Aceitar q a fecundação marca o início de um novo ser humano n é uma questão de gosto ou de opinião, é reconhecer uma realidade biológica. O patrimônio genético único de cada pessoa fica definido nesse preciso momento. O embrião é um todo vivo e humano desde a concepção #AbortoNao",0,0.4067850112915039,0.5932149887084961,,Incerta
"#AbortoSim #AbortoNão, tanto faz, só deixa o dono do priquito decidir o que faz com a própria gravidez",#AbortoNAO Para quem apoia......também apoia o fim da quarentena? Afinal......o que vale a vida mesmo?,0,0.4178237318992615,0.5821763277053833,,Incerta
"Sou a favor da legalização do aborto mas essa tag #AbortoSim nos treding topics soa mal, sensacionalistas vão usar pra dizer q somos a favor de assassinato de bebês quando na vdd somos a favor q essa decisão seja da mulher q carrega o feto e q ela tenha segurança no procedimento","#AbortoNao  Fetos são o início de uma nova fase da sociedade, caso não se vê capacitado, use camisinha (feminina ou masculina dependendo do seu gênero), anticoncepcional, e seja sempre honesto com seu/sua parceiro(a).",0,0.5940976142883301,0.4059024751186371,,Incerta
"Tem coisa mais vil que abortar um bebê inocente? Não tem, é pior que vender a alma  #AbortoNao","A discussão de #AbortoSim e #AbortoNAO voltou aos trending. Vc sabe o que realmente foi abortado ? OS PREÇOS DA LUDENS   APROVEITEM ESSA OPORTUNIDADE DE ENTRAR PARA OS SELF OWNERS CLUB POR 39,90",0,0.5610485076904297,0.4389515221118927,,Incerta
"Eu também escolho Deus, quem me concede o livre arbítrio. #AbortoSim",Não o livre arbítrio pra matar. Aborto é assassinato e assassinato é pecado.   #AbortoNao  E sinceramente me importo mais em servir a Deus que a lei dos homens.,1,0.4019838273525238,0.5980162024497986,,Incerta
Deus deu livre árbitro. O crente acha q pode doutrinar tudo que o suposto pecador pode ou nao fazer Uns vem com #AbortoSIM e os outros com #AbortoNao  Brigam Se matam e nao chegam a lugar nenhum A vida é da pessoa e ela que arque com as consequências seja criando  um filho sem++,O argumento do cara kkkkkkkk,2,0.5178431272506714,0.4821568131446838,,Incerta
Agora eu vou dormir e com a consciência tranquila #AbortoSim,"O aborto não é somente um homicídio, mas também um suicídio (da espécie humana). E, para aqueles que estão à beira de cometer com um só golpe um e o outro delito, temos que ter a coragem de mostrar a nossa Fé. (São Pio de Pietrelcina) #AbortoNao",0,0.5442982316017151,0.4557018280029297,,Incerta
ABORTO É CRIME ABORTO É CRIME ABORTO É CRIME ABORTO É CRIME ABORTO É CRIME ABORTO É CRIME  ABORTO É CRIME ABORTO É CRIME ABORTO É CRIME  ABORTO É CRIME ABORTO É CRIME ABORTO É CRIME  ABORTO É CRIME ABORTO É CRIME ABORTO É CRIME  #AbortoNAO,ABORTO É CRIME ABORTO É CRIME ABORTO É CRIME ABORTO É CRIME ABORTO É CRIME ABORTO É CRIME  ABORTO É CRIME ABORTO É CRIME ABORTO É CRIME  ABORTO É CRIME ABORTO É CRIME ABORTO É CRIME  ABORTO É CRIME ABORTO É CRIME ABORTO É CRIME  #AbortoNao,1,0.5184308886528015,0.4815691113471985,,Incerta
"nenhum método é 100% e uma mulher deve sim ter o direto de escolher o que quer fazer com o próprio corpo e a própria vida, além de que nenhuma criança merece crescer em um lar que é maltratada e mal amada. não precisa ser a favor do aborto só da sua descriminalização #AbortoSim","#AbortoSim ou #AbortoNAO ? Deixo esta questão para as mulheres opinarem.  Como sempre disse, o que ela (minha esposa) decidir vou estar ao seu lado.",0,0.5002061128616333,0.4997938275337219,,Incerta
"""Homem não pode falar sobre o aborto"".  Ora, por essa lógica, mulher branca não tem o direito de opinar sobre a discriminação racial, pois ela não goza da peculiaridade de ser negra. TODOS devem defender uma vida que se incia. É uma questão moral.  #AbortoNao","Pra pessoas que são a favor de destruir vidas ainda no ventre, nunca saberá o valor dessa imagem #AbortoNao, #AbortoNao .",0,0.4827650785446167,0.5172349214553833,,Incerta
Por que bactérias em Marte é vida e feto não? #AbortoNao,"triste em acordar e ver essa tag. Primeiro que o corpo é sim da mulher e segundo que o feto não sente nada   so p lembrar que se vc é a favor da tag,você é contra a educação sexual nas escolas  #AbortoNao",0,0.4096733629703522,0.5903266072273254,,Incerta
Aí tem a assinatura do estrago que vão cometer no Brasil! Que Deus tenha misericórdia de vossas almas... #STFVergonhaNacional,Quando um bandido te elogia é melhor voltar atrás e ver onde errou.   #AbortoNao,2,0.5407059788703918,0.4592940509319305,,Incerta
Você está aí porque não foi abortada. #AbortoSim Dê o exemplo se aborte!,stf atenção:  #AbortoNao,0,0.4911717176437378,0.508828341960907,,Incerta
"Gente, eu apoio o aborto sim. Mas a taxa de estupro aumenta 2x, inclusive os outros motivos.  Essa questão é bem dificil de escolher  #AbortoNao #AbortoSim","""Gente, esse negócio de Monarquia é retrocesso""   Olha lá o cara que não sabe diferenciar Pedro Álvares Cabral, Dom Pedro I e Dom Pedro II. HAHAHAHAHAHAHAHAHAHAHAHAHA  #MonarquiaJa #AbortoNao #MonarquiaJá",0,0.4184876680374145,0.5815122723579407,,Incerta
"""E se nós aceitamos que uma mãe pode matar seu próprio filho, como é que nós podemos dizer às outras pessoas para não se matarem?"" - Madre Teresa #AbortoNao #AbortoNunca",Para de dar pitico no útero alheia minha filha,2,0.4840990602970123,0.5159009099006653,,Incerta
"Não é questão minha (homem) opinar sobre aborto e nunca vai ser, não é meu local de fala, mas ver os macho querendo que a mulher tenha filho sendo forçada a amar a ideia é nojento. #AbortoNao",Já imaginou se todas as mulheres pensassem que por conta de sua situação financeira abortasse ...90% da população do Brasil não existiria #AbortoNao ... ABORTO NUNCA,1,0.4134471714496612,0.5865527987480164,,Incerta
"#AbortoNao Assassinos, quem é a favor do aborto é assassino, fecha essas pernas cambada ou se previna, deixa pra fumar um depois da transa.",#AbortoSIM ninguem merece esse desprazer chamado vida,0,0.452784389257431,0.5472155809402466,,Incerta
"Pra quem diz #AbortoSim , tenta abortar a AIDS junto....recorre ai STF, vai lá.","Se não gostassem de transar sem preservativo e desenfreadamente, não levantariam essa bandeira. Então pelo sexo livre, em nome do prazer carnal...  #AbortoSim",0,0.4875529110431671,0.5124470591545105,,Incerta
"O aborto não é, como dizem, simplesmente um assassinato. É um roubo... Nem pode haver roubo maior. Porque, ao malogrado nascituro, rouba-se-lhe este mundo, o céu, as estrelas, o universo, tudo. O aborto é o roubo infinito. (Mario Quintana) #AbortoNao","#AbortoNao #AbortoSim  #AbortoNao #AbortoSim  liberar ou não o aborto não vai resolver o problema por completo porque quem tem dinheiro não se importa se é legal ou não, mas e as mulheres pobres vão fazer o que? se for esperar pelo SUS elas vão parir não fila",0,0.5924591422080994,0.4075408577919006,,Incerta
"#AbortoSim Legalizado, assistido e gratuito para quem precisa.",O aborto pode ser muito melhor pra um bebê se é feito por uma mãe sem condições nenhumas de criar uma criança #AbortoSim,0,0.4615322947502136,0.5384676456451416,,Incerta
#AbortoSim TOTALMENTE SIM!,"23:59- ""Fds se mt gente vai morrer temos q salvar a economia"" 00:00- ""Sou contra o aborto pq sou a favor a vida""  Aí sinceramente #AbortoSim",0,0.5632449388504028,0.4367550611495971,,Incerta
"23:59: ""Ain o corpo é da mulher, ela faz o que ela quiser""  00:00: ""BRANCA NÃO PODE USAR TURBANTE, MULHER NÃO PODE SER SENSUAL, POR CAUSA DE OBJETIFICAÇÃO!""  #AbortoNÃO","#AbortoNao Nunca apoiarei o assassinato cruel de bebês. Aborto não, aborto NUNCA.",2,0.5422300100326538,0.4577699601650238,,Incerta
"Aborto é uma questão feminista radical! #AbortoSim  Segue o fio para saber mais!  - Aborto legal, seguro e gratuito hoje é só em casos de gravidez de menores de14 anos, alto risco materno, estupro e feto anencéfalo. *1",Na realidade não é feminista como toda questão de saúde é papel do governo ajudar a população em assuntos de saúde  Pois querendo ou não é uma questão de saúde pública #AbortoSim,1,0.4727573096752167,0.5272427201271057,,Incerta
"#AbortoSim Vai lá vagabunda, rebola esse cu até o chão, posta foto da bunda no instagram, dá pra todo mundo, engravida e depois aborta. Quando chegar aos 40 anos e se suicidar porque não entende o sentido da vida, não reclama por ter ido pro inferno.",A mulher tem que ter poder sobre seu corpo. O nosso corpo não tem que ser manipulado por um governo machista patriarcal opressor. Homens não tem direito de fala quando se trata de nossas vidas. #AbortoSim,0,0.1527610868215561,0.8472388982772827,,Alta
Aborto é o pior dos assassinatos#AbortoNao,Aprovo o aborto se a mulher foi estrupada ou a mãe ou o bebê corre risco de vida #AbortoSim,0,0.1411311030387878,0.8588688969612122,,Alta
Escolho vida Deus nos dá o privilégio de viver Deus é o autor da vida  #AbortoNao,Vem meteoro; tá demorando. #AbortoSim,0,0.1316125839948654,0.8683873414993286,,Alta
"algo eticamente desprezível.  Algum acréscimo, ?","O ponto central, pra mim, vai muito além do direito do indivíduo, no caso da criança em formação no útero da mãe, se trata principalmente de humanidade e dos princípios q fazem do homem mais do q um simples ser racional, mas também um ser capaz de respeitar a vida de um inocente.",1,0.1477500647306442,0.8522499203681946,,Alta
"Interromper uma gestação, não interrompe sua decisão de escolha. Mas , no Brasil sim. Porém  seria sim, a favor em situações ruins como estupro, má formação por complicação da gestação ou até mesmo levando em consideração a vida da mãe.    #AbortoSim",#AbortoNao  #FiqueEmCasaMandetta  Pior que um abortista é so um cara que depositaram a confiança nele dando um cargo ótimo e ele trai toda uma nação.,0,0.1082570701837539,0.8917429447174072,,Alta
"Aborto e coisa de maluco assassino e deve ser considerado em raríssimos casos, não quer engravidar ? E só não dar a buceta no pelo  #AbortoNao","ai pq gravidez surpresa, irmão tu trepou esperava ganhar o que? uma TV de plasma?  trate de ser gente, assumir o boneco e ir trabalhar filho da puta  #AbortoNao",0,0.1730531156063079,0.8269469141960144,,Alta
"#AbortoSim vcs que apoiam o aborto, so uma pgta se a mulher n quer ter o filho ela pode, mas se ela quiser e o pai n, o pai pode n ter responsabilidade e não ter que pagar nada para a mãe e filho?","N deveria nem estar tuitando isso pq afinal nem útero eu tenho, MASSS eu acho que a mulher deveria ter o direito de poder escolher oq ela quer fazer cm a vida e o corpo dela né #AbortoSim #AbortoNao",0,0.1395070701837539,0.8604928851127625,,Alta
POR FAVOR!  1 - Assista a este documentário sobre o Lider Chinês.   2 - Leia este artigo da Revista Esmeril.   3 - Atitudes da OMS.   (Zeeba feat manu Ivana #AbortoNAO #AvenidaBrasil)  Entenda. Obg!,Em tempo:  Qual a opinião de vocês sobre aborto?  #AbortoSim #AbortoNão,0,0.1646876335144043,0.8353123664855957,,Alta
Todos nós temos o direito de viver. #AbortoNao,"#AbortoSim Pílula anticoncepcional pode falhar, DIU não é qualquer mulher que consegue pelo SUS, digo por experiência própria. Fiz exame com a genicologista e estava apta pra colocar e quando fui á um médico (sim, um homem) e ele se recusou a colocar.",0,0.1099239438772201,0.8900760412216187,,Alta
#AbortoSim sem útero sem opinião.,Só pode ser a favor do aborto quem não foi vítima de um. #AbortoNAO,0,0.1208316013216972,0.8791683912277222,,Alta
Socorro que o mesmo povo que é contra o aborto e diz que é a favor da vida são a favor da pena de morte #AbortoSim #AbortoNao,"#AbortoSIM 1º sem útero sem opiniões 2º com útero sem religiões Vsf , Boa noite.",0,0.1220220625400543,0.8779779672622681,,Alta
"Quem aborta, tem coragem de matar uma pessoa.  Boa noite ;) #AbortoNao",#abortosim  bb conzido e bom ne ?,0,0.198703795671463,0.8012961745262146,,Alta
"Você quer defender #AbortoNao? Saiba que SE for aprovado, aborto NUNCA seria obrigatório. Faz a mulher que quer + reduziria índice de morte por aborto clandestino + reduz abandono parental + reduz número absurdo de crianças esperando por adoção.  #AbortoSIM",Entrei na tag #AbortoNAO e tem muita gente que defende o aborto.  Provavelmente nunca passaram pela experiência de carregar uma vida no seu ventre.  Deveriam perguntar aos seus pais o que acham sobre o assunto.  Não há algo maior no mundo que o amor de mãe.,0,0.1887676864862442,0.811232328414917,,Alta
#AbortoSim desde que a assassina morra junto com a criança.,"A verdade: pro ser egoísta pouco importa o outro. Perde-se a humanidade e a própria alma, daí pra frente é só ladeira a baixo.  #AbortoNao",0,0.1162929609417915,0.8837069869041443,,Alta
"O ponto central, pra mim, vai muito além do direito do indivíduo, no caso da criança em formação no útero da mãe, se trata principalmente de humanidade e dos princípios q fazem do homem mais do q um simples ser racional, mas também um ser capaz de respeitar a vida de um inocente.","Outro ponto interessante, que corrobora com a tese dos Direitos Naturais do Indivíduo e com o PNA  (Princípio da não agressão)",1,0.1181363314390182,0.8818636536598206,,Alta
"Até quando pessoas iram querer interferir no que as mulheres fazem com os seus corpos? Abortar não é querer matar uma vida e sim evitar que muitas cresçam sem um lar, sem amor, sem pais e principalmente uma família. Muita hipocrisia ser a favor do #AbortoNao e da pensa de morte.","Nada a ver uma coisa com a outra...  O ser humano durante a vida tem escolhas de ser bandido ou não, mas qd feto naompode escolher entre viver ou morrer... Cal a boca assassinas e assassinos  #AbortoNao",1,0.1846136003732681,0.8153864145278931,,Alta
"Em ti me tenho apoiado desde o meu nascimento; do ventre materno tu me tiraste, tu és motivo para os meus louvores constantemente.  #AbortoNao","o aborto é algo que acontece independente da sua legalização e regulamentação. Só que o maior número de mortes atinge mulheres de baixa renda. Não é uma questão de moral, é uma questão de saúde pública #AbortoSIM",0,0.1112381666898727,0.8887618184089661,,Alta
"#AbortoNao não, não, não","O  distribui preservativo,  anticoncepcional, aplica DIU... mas o povo acha que abortar é mais fácil . O nome é irresponsabilidade!  #AbortoNAO",0,0.146130084991455,0.8538699746131897,,Alta
"A tag #AbortoNao já passou dos 100.000 tweets!  Obrigada, brasileiros. Felizmente, só uma minoria apoia ativismo judicial para matar bebês.","Alguém só me confirma uma coisinha aqui, já posso começar a enviar uma soco na cara de cada um de está subindo essa # via sedex?? ou eu preciso esperar mais um pouco?? #AbortoSim",1,0.1543587744235992,0.8456412553787231,,Alta
#AbortoSim é isso......,"#AbortoNao se fodam bando de assassinas vagabundas, vcs merecem a morte. Espero que aconteça 5 hemorragia interna SEGUIDAS, em cada aborto que vcs fizerem.",0,0.184091567993164,0.8159084916114807,,Alta
Gente pq a mulher abortar é um crime terrível sendo que homens abortam todos os dias?? #AbortoSim,"Todo mundo que apoiava a escravidão era livre, todo mundo que apoia o aborto já nasceu.   Falam em ""aborto seguro"". Pergunto, para quem? Afinal, o feto sempre morre. #AbortoNao",0,0.1129045337438583,0.8870954513549805,,Alta
"O corpo é nosso, a escolha deveria ser.  #AbortoSim","Aproveitadores.  Abutres, esperam o melhor momento pra tentarem aprovar o tipo de homicídio mais cruel que existe nessa terra.  #AbortoNao",0,0.1105373799800872,0.8894625902175903,,Alta
"#AbortoNao eh uma porra, n quer abortar? beleza, não aborta. so n vem querer interferir na decisão de outras mulheres, as quais voce não conhece as condições que vive. #AbortoSim caralho.","""Com argumentos que podem ser destruídos dentro de poucos segundos""  ""meu corpo, minha regra?"" Mas, é óbvio que o bebê não faz parte do corpo de uma mulher, já que precisou do esperma masculino e depois de 9 meses o bebê sai de dentro da mulher""  + #AbortoNao",0,0.1802100539207458,0.8197899460792542,,Alta
"Estava olhando as pessoas que são a favor do aborto aqui no TT, 90% não tem mais de 22 anos, essa geração está perdida e pensar que são eles o futuro da nação. Estamos perdidos. #AbortoNao","Deviam parar de ""dar"",fechem as pernas se NÃO tem capacidade cerebral para usar pelo menos um preservativo...mas tb elas podem morrer por alguma doença que peguem #AbortoNAO",1,0.1187776699662208,0.8812223076820374,,Alta
"O aborto tem q ser permitido, pra evitar q crianças cresçam em ambientes onde não são amadas, vivem passando necessidades e acabam sofrendo grandes traumas! Essa foto é de um bb q nasceu com o DIU na cabeça, nenhum modo de prevenção é 100%  #AbortoSim","Erro achar que a criança teve culpa de nascer com deficiência  por conta de um remédio. Ela não pedio pra nascer, mas eu peço antes de levantar a #AbortoSIM eu peço feche as penas. Deixe de dar para bandidos.",1,0.1993063688278198,0.8006936311721802,,Alta
"A tag #AbortoNao está em 1º lugar nos trends com 50 mil tweets nas últimas 2h. Bora dobrar a meta? Então senta o dedo aí, e nada de postar a tag vazia!! Coloque uma Frase, vídeo ou Foto. Da rt aqui.",#AbortoNao ... esquerda lixooo,1,0.9780007600784302,0.0219992101192474,,Random
STFdemonio#AbortoNao,"Vi a tag #AbortoNAO e, por recomendação, estou assistindo ao documentário Blood Money(tem no YouTube) Acho todos deveriam assistir também para ter uma outra visão sobre o tema.",0,0.9936273097991944,0.0063727190718054,,Random
"Lembram-se do filme ""À Espera de um Milagre""? Você chorou quando John Coffey foi condenado à morte injustamente?  A decisão do aborto nada mais é do que uma pena de morte aplicada à um inocente. #AbortoNao","#AbortoNao   ""A vida humana deve ser respeitada e protegida, de modo absoluto, a partir do momento da concepção [...]"". (CIC  §2270)",0,0.7463139891624451,0.2536860108375549,,Random
"Sério q a esquerda está levantando tag p/ apoiar o crime de assassinar fetos? Q eu saiba os artigos 124 a 126 não foram revogados.É proibido se manifestar contra as medidas restritivas que estão nos levando ao sucateamento econômico, mas fazer apologia ao aborto pode?  #AbortoNao",#AbortoNao SOCIALISTA COMUNISTA ADORAM MATAR,1,0.97188401222229,0.0281159989535808,,Random
Como podem assassinar bebês?Pela vida!!!! #AbortoNao,"vcs aí que são contra o aborto, vcs vão ajudar a mulher a cuidar da criança??????? não né então vai toma no c* e cuida da vida de vcs   #AbortoNao",0,0.0735415071249008,0.926458477973938,,Random
inacreditável #AbortoNAO,Oq macho quer ter local de fla no assunto aborto??? A mulher deveria ter a escolha se qr aborta ou ñ #AbortoNao,0,0.0811595320701599,0.91884046792984,,Random
"ABSURDO!!!  Enquanto estamos lutando pela vida dos brasileiros que estão sofrendo fisicamente, psicologicamente e economicamente com a pandemia. O STF mostra suas garras contra a vida de quem ainda nem nasceu.  A vida humana não pode estar na mão de 11 ministros.  #AbortoNao",#abortosim  os cristão homens brancos e mulheres alienadas e submissas a uma ditadura patriarcal e sem consciência de classe:,0,0.2194742262363433,0.7805256843566895,,Random
"Uma sociedade que despreza a vida dos mais indefesos,que estimula homicídio daquele que não pode se defender, que considera uma criança em formação como um apêndice a ser extirpado.Esse não é o Brasil que queremos. STF, o poder emana do povo,vocês não tem legitimidade.#AbortoNao",#AbortoNao  STF deve defender a vida!!,2,0.9665537476539612,0.0334461890161037,,Random
Enfiem no cu essa tag e vamos de legalização do aborto  #AbortoNao,#AbortoNao ?????  Você vai pagar pelas fraudas? Vai dar amor??? Vc prefere que uma criança venha ao mundo não sendo amada ou passando situação de miséria???????? Chupa minha rol4 fdp,0,0.3150119483470917,0.6849880218505859,,Random
"Eu vi pessoas que dizem defender o  Estado mínimo,  querendo que ele interfira para nao legalizar o aborto.(Isso tem que ser de escolha da mulher)  Eu vi  #AbortoSim",#AbortoSim quem decide é a mulher se ela quer ou não ter o filho. Não é a porcaria de juiz parlamentar ou presidente que decidirá isso.,0,0.0938344076275825,0.906165599822998,,Random
é crime #AbortoNao,"""aain, é só um amontoado de célula!"" Você tbm é, e eu não tô querendo que você morra! #AbortoNao",0,0.9560360312461852,0.0439639538526535,,Random
#semuterosemopinião. Homem tbm devia ser proibido de abortar. #AbortoSim,que frio mermão   #TeamBabu #Bomdia #عبودكا Will Smith #BBB20  #festabbb #bbb #abortosim #COVID19 #day21oflockdown #FicaEmCasa  #samsungnobbb dua lipa anitta sadie JUNGKOOK #آمن_بالبيت  #ForaMandetta #MetasQueJaFalharam Thomas Santana,0,0.9531136751174928,0.0468863658607006,,Random
"#AbortoSim   Se você for estuprada e engravidar, aborte.   Se você transou pq quis e deu merda, tome no seu cu e arque com as consequências ou seja... NÃO ABORTE.",Como o Bozonaro é contra o aborto mas é a favor da esterilização dos pobres??? Respondam essa  #AbortoNao #AbortoSim !!!,0,0.5205435156822205,0.4794564545154571,,Random
Vamos subir #AbortoNao .  STF quer aprovar medida em plena pandemia.,Tudo é motivo para essa turma defender aborto.  #AbortoNao,2,0.994198441505432,0.0058015249669551,,Random
"""Com argumentos que podem ser destruídos dentro de poucos segundos""  ""meu corpo, minha regra?"" Mas, é óbvio que o bebê não faz parte do corpo de uma mulher, já que precisou do esperma masculino e depois de 9 meses o bebê sai de dentro da mulher""  + #AbortoNao","A mulher tem o ""poder"" de procriar,  de gerar alguém dentro de si eu não entendo como pode não querer isso #AbortoNao",0,0.3293377757072449,0.6706622242927551,,Random
"Já observou que todo mundo que defende o aborto já nasceu!"" #AbortoNao",todos q estão usando essa tag em seu sentido real. VÃO TOMAR NO CU #AbortoNao,0,0.7624313831329346,0.2375686019659042,,Random
"Nunca, jamais! #AbortoNao",Aborto nunca.  #AbortoNao,0,0.9905620217323304,0.0094380099326372,,Random
Vamos começar a pressão ao STF já.  #AbortoNAO,"Mesmo em quarentena, o povo diz ao STF: #AbortoNAO",1,0.996069312095642,0.0039306567050516,,Random
"Por que a extrema-imprensa esconde do público o julgamento marcado pelo STF sobre aborto? É cúmplice na estratégia de esconder a importantíssimo decisão, utilizando o caos gerado pela quarentena?  Querem aprovar o aborto na surdina?  #AbortoNao","#AbortoNao   Ė o modus operandi que sempre fizeram, e os idiotizados se preocupam com #bbb Desinformação vira assassinato cometido por pais assassinos cometendo a morte de um bebê inocente qud luta pela vida.",2,0.6306101083755493,0.369389921426773,,Random
Perguntar não ofende: Pq o STF insiste em manter a proibição de Adélio Bispo de dar entrevista? Pq ele não pode falar?,De acordo com o supremo é lícito matar crianças na barriga das mães apenas ... #AbortoNao,2,0.992672085762024,0.0073279556818306,,Random
Por menos brasileiros no planeta  #AbortoSim,Essa guria é muito doida,2,0.9334603548049928,0.0665395855903625,,Random
Eu so linda #BBBaEliminacao #samsungnobbb #festabbb #vaiquecola #LiveDoRevela GIZELLY NO MULTISHOW #AbortoNao #AbortoSim Paulo Gustavo Xande Galaxy S20 sadie Ferdinando REMEMBER PRIOR #Apple #BBB20 #PINTOAWARDS #BTSReComeback2020,Não vamos parar de dizer #AbortoNao,0,0.9937455654144288,0.0062543922103941,,Random
Alguém me explica pq de repente #AbortoNao e #AbortoSim foram pros trends???,#AbortoNao Se o Remédio do BOLSONARO tivesse como efeito colateral o aborto os esquerdopatas certamente fariam campanha e até Marcha da Cloroquina.,0,0.9838623404502868,0.0161377005279064,,Random
"#AbortoSim Quem apoia aborto , certamente não apoia isolamento social , vida é vida .","Pouquíssimas pessoas estão sabendo sobre a liberação do aborto pelo STF, pois obviamente, não é de interesse da mídia divulgar essa informação. Bando de porcos imundos.   #AbortoNao",0,0.4589483141899109,0.5410516858100891,,Random
A criança não faz parte da mulher. #AbortoNao,Quem são esses 11 urubus pra dizer qdo um ser humano pode ou não viver ? Covardes !   #AbortoJamais #AbortoNunca  #AbortoNao  #AbortoNao,0,0.7487772107124329,0.2512227892875671,,Random
A galerinha do #AbortoSim só aborta se o pai da criança for pobre Se for um gringo rico casa e forma até a família tradicional q diz tanto odiar,"O misterioso caso do cidadão de bem, cristão, a favor da família e dos bons costumes que enxerga muita vida aqui e nenhuma nessa:  Pergunta bônus: quantas vezes vocês viram crianças de rua vivendo em condições desumanas entrarem na pauta do cidadão de bem?  #AbortoSim",0,0.5655627250671387,0.4344372749328613,,Incerta
"#AbortoSim. Vendo as opiniões contrárias, parece que todos os métodos são 100% eficazes e que estupro é algo que não acontece. Acho o aborto mais digno do que uma mãe ter um filho sem vontade e sem amor.",#AbortoNao não apoio,0,0.594062089920044,0.4059379696846008,,Incerta
"A esquerda justifica que pode abortar, pois pode nascer e se tornar um bandido. Agora eles viraram os adivinhos do futuro.  #AbortoNao",Vem meteoro; tá demorando. #AbortoSim,0,0.5690292119979858,0.4309707283973694,,Incerta
#AbortoNao Só apoia o aborto quem já nasceu. Povo doente.,Ninguém quer abortar de macho rico  #AbortoNao,0,0.4248512089252472,0.5751487612724304,,Incerta
"#AbortoSim                                                       POR MENOS IDIOTAS QUE ACHAM QUE A CRIANÇA NÃO SABER FALAR E NÃO PODER DIZER NÃO, NÃO SERIA ABUSO.                                          #AbortoSim","،    ⌕  ─  vamos fazer um acordo, só opina sobre o que é certo ou não sobre esse caso são as pessoas que tem úteros, okay? Okay. #AbortoSim",0,0.5047070980072021,0.495292991399765,,Incerta
Vai pra puta que pariu com essa tag #AbortoNao se o homem engravidasse o aborto já seria legalizado. Pra qualquer situação a mulher tem direito sobre seu corpo. Então #AbortoSIM,"#AbortoNao  ABORTO E VIDA  A ciência deveria interagir na comunhão com o direito que visa às normas, onde o feto é um ser humano e não um plano científico.  Erasmo Shallkytton",0,0.4572264850139618,0.5427734851837158,,Incerta
Se você não quiser abortar e seguir com sua gestão até o final você tem total liberdade para isso. Assim como uma mulher que não quer gerar uma criança dentro dela deveria ter o direito de interromper essa gestação #AbortoSIM (obs: no prazo em que o feto não sente nada),"“Onde come três come quatro, onde come quatro come cinco” mas onde passa fome um, passa fome dois #AbortoSIM",1,0.5512183904647827,0.4487816393375397,,Incerta
Já que tá todo mundo falando vcs são #AbortoSim ou #AbortoNao ?,#AbortoSIM Primeiro assista ao documentário.,0,0.5697181224822998,0.4302819371223449,,Incerta
"já que vocês não entendem a gravidade dessa #AbortoSim, vamos nos colocar de alguém abortado então, né? A THREAD:: #AbortoNunca #AbortoNao",KKKKKKKKKKKKKKKKKKKKKKKKKKKKK  corre aqui,2,0.4726172089576721,0.5273827910423279,,Incerta
Podem me julgar mas eu sou #AbortoSim  melhor um feto sem vida do que uma criança abandonada!!,"E tbm defendo o direito da mulher,escolher se quer ter um filho ou não, nenhum método e 100% eficaz e seguro",2,0.4505212604999542,0.5494787096977234,,Incerta
Querer comparar aborto com pena de morte só pode ser piada né ? Existe uma diferença bem grande um é culpado ( matou outra pessoa ) o outro é  inocente.   #AbortoNao,aborto sim inclusive era o que a mãe da gorfo de cachorro da lisa deveria ter feito pra não ter nascido essa bicho grilo que parece uma vareta de apanhar manga no quintal #AbortoNao,0,0.5491916537284851,0.4508083760738373,,Incerta
#AbortoNao não mesmo esses satanistas,Quem escreve aborto sim seria favorável ao seu aborto? #AbortoNao,0,0.5088452100753784,0.4911548197269439,,Incerta
"Bora de enquete, marca aí sua opinião sobre o aborto..  Em seguida se possível de para alcançar mais pessoas, enois. #AbortoNao #AbortoSim #AbortoNunca",#AbortoSim quando a mãe morre junto,0,0.5919026732444763,0.408097356557846,,Incerta
A diferença entre aborto e homicídio é o momento que foi escolhido para cometer o crime. #AbortoNao,Homen fala #AbortoNão mas quando a mina engravida do nada vira #AbortoSim,0,0.5077530145645142,0.4922469854354858,,Incerta
"As feministas que são a favor do aborto achariam legal um casal querer abortar pelo simples motivo do feto não ser um menino, sonho deles, mas veio uma menina. Seria certo assassinar essa menina por era ser menina, em nome da liberdade absoluta da mulher...?","Você só fala merda. Até quando vai surfar no identitarismo? Muda o disco, fala de algo algo interessante pra econômia do país por exemplo. Vamos debater sobre econômia???",1,0.4367454946041107,0.5632545351982117,,Incerta
"SE NÃO QUEREM TER FILHOS, NÃO ENGRAVIDA, MAS SE ENGRAVIDOU E NÃO QUER TER, LEVA PRA ADOÇÃO QUE TEM GENTE QUE QUER, NÃO PRECISA MATAR UM SER HUMANO QUE AINDA NÃO NASCEU NÃO, BOTE UM POUCO A MÃO NA CONSCIÊNCIA  #AbortoNao",Primeiramente q pra prosseguir com uma gravidez a mulher deveria passar por um teste psicológico  #AbortoSim,0,0.5816881060600281,0.4183118939399719,,Incerta
"#AbortoNao ALERTA MÁXIMO! Espalhem! Chega de cavaleiros do Apocalipse espalhando a morte diuturnamente! Esse horror e a pandemia infernizando a nossa vida o tempo todo! Somos um povo cristão, defendemos a VIDA! Compartilhem!","“Homem não tem lugar de fala sobre aborto.” Ué, e se o bebê for homem? #AbortoNao",0,0.4262255132198334,0.5737744569778442,,Incerta
"O mínimo E QUEM FOR CONTRA, OLHA QUE SIMPLES: SÓ NÃO ABORTAR! #AbortoSim","#AbortoSim #AbortoNão   a partir do momento em que não é você que vai criar, cuidar e prover tudo o que a criança precisará sua opinião não é válida",0,0.5395940542221069,0.4604059159755707,,Incerta
"“O aborto é sempre um assassinato, e as consequências virão com o passar do tempo. A vida é única, e essa decisão pelo aborto, quando feita, não tem volta."" Mensagem do escultor Martin Hudácek.","Aborto é assassinato sim! Vai aprovar a Pena de Morte também, STF?!? Ou só quer mandar beijinho para a esquerda mesmo rasgando a constituição? NÃO É HORA PARA ISSO! E STF NÃO LEGISLA!! #AbortoNão #AbortoNao",2,0.5939664840698242,0.4060335457324981,,Incerta
"Esquerdopatas defendendo o direito de matar bebês na barriga das suas mães.  Nesse caso, quem defende o direito à vida, poste:  #AbortoNAO !",#AbortoNão em pleno surto de #VirusXingLing a esquerda levantando # Pro aborto!! Lamentável esses ESQUERDOPATAS ASSASSINOS!!!,2,0.4403572380542755,0.5596427917480469,,Incerta
"SEU CORPO, SUAS REGRAS!! #AbortoSIM",O aborto nos aproxima mais do nazismo que qualquer denúncia histérica desses grupinhos identitários. #AbortoNao,0,0.5310420393943787,0.4689579010009765,,Incerta
#AbortoNao Em meio a pandemia a OMS defende aborto.,"Eu aceito o aborto se puder ser válido em qlq idade. Tipo a mãe do Lula, se ela fosse viva e resolvesse abortar o cachaceiro após saber que é ladrão. Se for assim eu topo.",2,0.5343968272209167,0.4656031131744385,,Incerta
"Me digam o porque de ser #AbortoSim sem o argumento do abandono paternal e do ""meu corpo minhas regras"".É o porque de #AbortoNao","#AbortoSim  pq mulheres de todas as classes sociais abortam, mas as ricas fazem de forma ""mais segura"", enquanto mulheres pobres morrem. #AbortoSim  pq é questão de saude pública, e religião não deve intervi. #AbortoSim  pq nos países que é legalizado o aborto diminuiu",1,0.5596598386764526,0.4403401017189026,,Incerta
"A pessoa que é a favor do aborto, ela não tem mãe e nem pai, essa pessoa foi criada em laboratório com espermatozóides de ratos. #AbortoNAO","Me digam o porque de ser #AbortoSim sem o argumento do abandono paternal e do ""meu corpo minhas regras"".É o porque de #AbortoNao",0,0.4756065011024475,0.5243935585021973,,Incerta
"sou a favor do aborto só em casos específicos, tipo quando a mulher QUER ABORTAR  #AbortoSim","#AbortoNunca #abortosim analisei oq o STF quer votar liberação do aborto em caso de microcefalia, aborto seria realizado logo após identificado a doença.  Não entendo cm pedaços de merda querem que um invivido tenha que viver com problemas desde seu primeiro segundo de vida",0,0.5082512497901917,0.4917486608028412,,Incerta
"Talvez Santa Gianna Baretta Molla seja nosso maior exemplo de amor a vida, preferindo perder a própria vida ao invés de sacrificar uma vida ainda em gestação. Que tua belíssima atitude sirva de exemplo e que possamos sempre nos inspirar. Rogai por nós Santa Gianna #AbortoNao",#AbortoNao #AbortoSim   TODO argumento de abortista assassino (redundância) é refutável.,0,0.5530019402503967,0.4469980299472809,,Incerta
#AbortoNao a vida é muito valiosa para ser extinta por alguém m.,"Aborto acontece tanto legalmente quanto ilegalmente, oq é preciso colocar em pauta é oq acontece dps. As mudanças que acontecem mentalmente que abalam situações físicas, a muito casos que posteriormente a mulher não consegue engravidar, por conta de stress mental #AbortoNao",0,0.5100805163383484,0.4899194836616516,,Incerta
Definição de Assassinato: Matar alguém de forma intencional.  Definição de Aborto:  Matar alguém de forma intencional. #AbortoSim #AbortoNAO,Aborto é crime!! E bandido bom é bandido morto!!  #AbortoSim,0,0.5330184698104858,0.4669815897941589,,Incerta
Será que sua mãe te abortaria? #AbortoNao,#AbortoSIM A mulher tem o direito de fazer o que quiser.,0,0.4057287275791168,0.5942713022232056,,Incerta
"#AbortoSim Só é ""pró-vida"" quando tá no útero, né? Orfanato não é igual Chiquititas, uma mãe que cria o filho com desprezo pode destruir a saúde mental dele, a maioria rejeitada vai parar na rua, vira bandido e vocês defendem matar essas pessoas. A hipocrisia não tem limites ...",STF. Ta de brincadeira. #AbortoNao,0,0.540856659412384,0.4591433703899383,,Incerta
"Estamos ainda na fase de defender a criança no ventre materno. É assim que começa, mas vai ter uma hora que você terá que justificar porque VOCÊ merece viver! Vai chegar!  #AbortoNAO",Eu não aprovo #AbortoNao,0,0.4132569134235382,0.5867430567741394,,Incerta
"#AbortoSim #AbortoNão   a partir do momento em que não é você que vai criar, cuidar e prover tudo o que a criança precisará sua opinião não é válida","Legalizar o aborto é o mesmo que legalizar homicídios de crianças, pois é muito fácil decidir a vida dos outros enquanto não se está na condição de delas (feto). #AbortoNao",0,0.4464314877986908,0.5535685420036316,,Incerta
#AbortoSim orfanato não é Chiquititas,"Eu to tão cansada de macho hétero engravatado enchendo o saco sobre o nosso útero, achando que orfanato é chiquititas. #AbortoNao",0,0.4903087615966797,0.5096912384033203,,Incerta
"Queria ver essas minas que defendem essa tag, abortar um filho do Neymar, aí ninguém quer né,  Hipócritas #abortonão  #AbortoSim",#AbortoNao Aborto é coisa de puta.,0,0.5006648898124695,0.4993351697921753,,Incerta
Confiar em Deus até o fim! #confiança,Deus é sempre certo! #AbortoNao #AbortoNão #AbortoNunca,2,0.5288726091384888,0.471127450466156,,Incerta
"Independente de quem você seja, tenha vergonha na sua cara e seja responsável pelas decisões que vocês tomarem!  ASSASSINAR uma criança porque você não foi responsável o suficiente para saber o básico de biologia é doentio e monstruoso!   #AbortoNao","Caro , gostaria de propor aos digníssimos togados que consultem as mães de crianças especiais se elas aprovam o aborto! Vocês não são deuses! Diagnóstico não é destino! #AbortoNao",0,0.4217847287654876,0.5782153010368347,,Incerta
Eu vendo essas mulheres a favor do aborto reclamando q homem n tem útero pra opinar. NÃO PRECISA TER ÚTERO PRA OPINAR! Pelo visto eles tão tendo mais noção q mtas mulheres! Abortar é tirar uma vida! Nn quer? Doa! Tem milhões de casais querendo ter filho e n podem! #AbortoNao,"Entrando nas hashtags #abortosim e #abortonao , vi o quanto as pessoas precisam se informar melhor sobre o assunto ! Quem apoia a LEGALIZAÇÃO, apoia o direito, apoia a segurança, apoia a saúde psicológica da mulher... vocês esquecem que nenhum meio contraceptivo é 100% eficaz!",0,0.4383294284343719,0.5616705417633057,,Incerta
meu anjo vc acha mesmo que manda no corpo de alguém pra decidir se uma mulher quer ou não abortar se é um direito dela? #AbortoSim,Vai vendo Brasil. #AbortoNao #BolsonaroTemRazao,0,0.518450140953064,0.4815498888492584,,Incerta
#Covid19 - Ranking parlamentar da desinformação:  1.   2.   3.   4.   5.   6.   7.   8.   9.   10.    (Fonte: ),Parabens aos participantes! Os cinco primeiros receberão doses de cloroquina e os 5 últimos do ranking receberão o remédio do astronauta! #AbortoSim,2,0.5161122679710388,0.4838876724243164,,Incerta
"e aí libfem já se posicionou #AbortoSIM hoje? ou seu feminismo é só na hora de usar blusinha escrito ""girl power"" que é feita pela mão de obra escrava?","Puta que pariu, olha o século, a gente passando por uma pandemia Uma crise  o Bolsonaro   e os cara me solta um aborto não. #AbortoSim",0,0.4911307990550995,0.5088691115379333,,Incerta
Criminalizar o aborto fere os direitos humanos. Quem disse? A ONU! #AbortoSim,O loco os monarquistas acordaram ???  Cada dia que passa simpatizo mais com a ideia  #MonarquiaJa  #AbortoNAO,0,0.5951086282730103,0.4048914611339569,,Incerta
"Aborto nunca será problema de saúde publica, pois se trata de assassinato #AbortoNao",Acho que a questão do aborto é uma questão de escolha da mulher. A mulher escolhe o que ela quiser. Homem não tem direito de ficar argumentando sobre isso afinal o homem não tem útero.  #AbortoNao #AbortoSim,0,0.4996136724948883,0.5003863573074341,,Incerta
"Pra gente é fácil opinar sobre isso, porém vou citar alguns exemplos exemplos e vcs tentem se colocar no lugar dessas mulheres. “Imagina que vc descobre que está grávida, seu namorado te deixa, e seus pais não aceitam, vc tem 2 opções, abortar ou morar na rua, iai?”  #AbortoSim",#AbortoNao  O Brasil não quer e vocês sabem!!,0,0.4494481384754181,0.5505517721176147,,Incerta
"#AbortoNao STF. Estão querendo trazer mais uma desgraça para o país, bando de mizéra?",#AbortoSim mas vcs ainda não estão prontos p ter essa conversa,0,0.4915432929992676,0.5084567070007324,,Incerta
"aborto público SEGURO, LEGAL é direito de toda mulher. #AbortoSim",E a  CONTINUA falando sobre os IRRESPONSÁVEIS assassinos que fizeram testes usando superdosagem de HCQ em pacientes internados!  #AbortoNao,0,0.5712053179740906,0.4287946820259094,,Incerta
Me tirem uma dúvida? Os Governadores de vcs compram os respiradores aonde? O Nosso compra em uma loja de vinhos  Acho que tem algo errado  que não está certo. O preço não tenho nem coragem de falar,"#AbortoNao  Aqui governadores e prefeitos compram onde quiserem, NÃO EXISTE FISCALIZAÇÃO.",2,0.5767697095870972,0.4232303202152252,,Incerta
"Agressão é objetivamente errado. Todos indivíduos possuem direito a vida, propriedade e liberdade, inclusive o bebê.   Nenhum indivíduo é dono de corpo alheio, principalmente a mãe. Não é ético e muito menos legítimo matar bebês.   Mude a minha opinião.  #AbortoNao #AbortoSIM",eu acho que nunca li tanta baboseira em tão pouco tempo,2,0.4150748252868652,0.58492511510849,,Incerta
"Vocês não estão prontos para está conversa, e vão se foder, cada argumento mais bosta que  o outro.  Só tem homem babaca falando merda #abortosim #AbortoNao",Homens vão se fuder vocês não tinham nem que estar aqui  #AbortoNao,0,0.5602073073387146,0.4397926926612854,,Incerta
Twitter começou a ser comandado por professoras de português agr pra debater um único assunto todas as vezes? #AbortoNao  e #AbortoSim HERE WE GO AGAIN,o feto na barriga é importante e merece ser protegido. agora a criança no abandono no meio da rua ou na merda de um orfanato vocês iguinoram. Vocês esquecem  que quando aquele  feto tiver com 18 anos ele vai PERDER a única casa que ele tem! vocês são cruéis! #AbortoSim,0,0.5015050172805786,0.4984950125217438,,Incerta
Até no momento morreu menos gente por COVID19 do que por bala perdida no RJ.  #ficaemcasamandetta #williambonner #AbortoNao #VirusChines,"Pelo direito da MULHER decidir o que fazer com o CORPO DELA. #abortosim  Não ao abandono paterno, não a miséria, não às condiçoes desumanas vividas por muitas familias. Sim a #educacaosexual nas escolas. Aborto é questão de saúde pública. Ricas abortam fora do país.Pobres morrem!",0,0.4732774496078491,0.5267224907875061,,Incerta
"Sério q a esquerda está levantando tag p/ apoiar o crime de assassinar fetos? Q eu saiba os artigos 124 a 126 não foram revogados.É proibido se manifestar contra as medidas restritivas que estão nos levando ao sucateamento econômico, mas fazer apologia ao aborto pode?  #AbortoNao",crime de assassinar FETOS KKKSKKKKKKKKKKKKKKKKKKKKKKKKKKKKK eu to chorano,2,0.1417802721261978,0.8582197427749634,,Alta
"gente é tão ridículo entrar na tag e só ver homem, mano vocês não tem útero, não tem que dar opinião PORRA #AbortoNao","#AbortoNão  defendem o direito do feto à vida, porque é sagrada, e o direito do Estado de matá-lo se ele der errado. Más é fácil sermos a favor do aborto depois de termos nascido né  no Brasil #AbortoSIM decorrente de estupro, a que cause risco à vida da mulher, feto anencéfalo.",0,0.1032513156533241,0.8967487215995789,,Alta
Só pode ser a favor do aborto quem não foi vítima de um. #AbortoNAO,"#AbortoSIM  É muito fácil ser contra o aborto quando há milhões de crianças abandonada pelo pai, quando a maior parte dos homens gostam de convencer mulheres a não usar camisinha porque ""incomoda"", quando não é o TEU organismo que sofre com anticoncepcional, quando nosso país +",0,0.107131727039814,0.8928682804107666,,Alta
#AbortoNao Homens dando opinião sobre o aborto sendo que eles não:  Homem não menstrua Homem não engravida  Homem não é estuprado Homem não sofre assédio sexual/verbal Homem não sofre agressão doméstica  Homem não tem salário reduzido por ser homem,"Homem não sofre opressão patriarcal! ENTÃO SEM ÚTERO, SEM OPINIÃO!  MULHER TEM DIREITO. E SE ELA QUER ABORTAR QUE SE FODA ELA ABORTA.  #AbortoSIM #abortolegalseguroygratuito  #LegazilemOAbortoSeguroGratuito",1,0.1431962847709655,0.8568037152290344,,Alta
"adoro discussões sobre aborto pq sempre tem um imbecil que argumenta  ""e sE sUa MãE tIvEsSe tE aBorTaDo?""    UÉ ADIVINHA  #AbortoSim #AbortoNao","Educação sexual para decidir, métodos anticoncepcionais para não abortar e aborto legal para não morrer   #ABORTOSIM",0,0.1015166789293289,0.8984833359718323,,Alta
"Nem toda mulher quer matar seu filho no útero, aceitem #AbortoNao","KKKKKKKKK serio q tem homens se metendo nisso? Aiai, vao cuidar de rola de vocês.  Aborto não é assassinato. #AbortoNao",0,0.1041339412331581,0.8958660960197449,,Alta
#AbortoNao nunca.... preservar a vida sempre,"é serio que tem pessoas discutindo com essa raça que apoia o aborto, vai amola a paciência  do cão. #Vaitudosefuder #AbortoNao  #AbortoSim  #Aborto",0,0.1416497826576233,0.8583502173423767,,Alta
"As feministas que são a favor do aborto achariam legal um casal querer abortar pelo simples motivo do feto não ser um menino, sonho deles, mas veio uma menina. Seria certo assassinar essa menina por era ser menina, em nome da liberdade absoluta da mulher...?","primeiro: aborto nao eh assassinato, já começou errado",2,0.1025880798697471,0.8974118828773499,,Alta
"Aos católicos que defendem o aborto:  “Quem provoca o aborto, seguindo-se o efeito, incorre em excomunhão latae sententiae”  Ou entra na linha ou tá excomungado.   #AbortoNao","É Urgente meu Presidente  o que está acontecendo no Brasil agora as hienas do STF querem aprovar o aborto feche o Congresso e o STF tbm,vc já tem os militares contigo ou o Brasil vai perecer nas mãos destes corruptos !! #AbortoNao #BolsonaroGoverneTudoJÁ",0,0.1379152983427047,0.862084686756134,,Alta
#AbortoSim Que o chupacabra chupe o cu de quem é a favor do aborto,"Pessoas antes de militarem no tt sobre #AbortoSim x #AbortoNao primeiramente estudem sobre o assunto. Aprendam sobre desenvolvimento embrionário, a diferença entre embrião x feto, idade gestacional. Sejam inteligentes e n somente papagaios q replicam coisas sem saber. #AbortoNao",0,0.1122166961431503,0.8877833485603333,,Alta
"#AbortoSim  Muita gente tem muita coisa pra falar  quando o assunto é  aborto a maioria contra são  os homens, que nunca sequer vão gerar uma vida dentro de si.",Em tempo:  Qual a opinião de vocês sobre aborto?  #AbortoSim #AbortoNão,0,0.1252717971801757,0.874728262424469,,Alta
"Então para vcs que  são contra , porfavo tenha um pouco de impatia e pare de fala que ela tá matando uma vida , ela sabe oque é melhor para ela , e outra a vida dela é a que realmente está em jogo . Pense nisso #AbortoSim",Olhando o Twitter agora querendo entender #AbortoNao #abortosim,0,0.1211925074458122,0.878807544708252,,Alta
"#AbortoNao tem uns idiotas que estão querendo insinuar que é incoerente ser a favor da pena de morte e não ser a favor do aborto, não sei o que uma coisa tem a ver com a outra, a morte de um bebê é a mesma coisa que a de um assassino cruel?",É só ser maduro que você não engravida bando de assassinos #AbortoNao,0,0.160876914858818,0.8391231298446655,,Alta
"O aborto é um tema tão delicado, infelizmente foi banalizado no twitter. Não deve ser fácil decidir abortar um filho, também não é fácil aceitar tê-lo em algumas condições. Então o planejamento familiar deveria ser uma realidade e não é para todos #AbortoSim",Como assim eu n posso interromper a vida de outra pessoa pq eu não quero cuidar de criança??? #AbortoSim oxi,0,0.1128807961940765,0.8871191740036011,,Alta
"Quem é a favor do aborto, só o é porque sua mãe não o era. #AbortoNao","Sou a favor do aborto SIM, a mulher que decide o que ela faz com o próprio corpo.   #AbortoSim",0,0.1609057188034057,0.8390942215919495,,Alta
Posso decidir pelo meu corpo para #AbortoSim mas não para #Hidroxicloroquina ?  Vai entender... #AbortoNAO,"As vadia chama o Bolsonaro de nazista, mas elas que pregam o assassinato em massa  #AbortoSim",0,0.1863128542900085,0.8136872053146362,,Alta
#AbortoSim eita bixo sexooo kkkkkkkkkkkkkkkkkkkk,#AbortoNao aborto sim caralho cada um faz o que quer com o seu corpo chupa meu cu senão concorda fdp,0,0.1412446051836013,0.8587554097175598,,Alta
"Sério q a esquerda está levantando tag p/ apoiar o crime de assassinar fetos? Q eu saiba os artigos 124 a 126 não foram revogados.É proibido se manifestar contra as medidas restritivas que estão nos levando ao sucateamento econômico, mas fazer apologia ao aborto pode?  #AbortoNao","Falando a respeito da minha opinião sobre #AbortoNão #AbortoSim  -Aborto não é método contraceptivo, é uma vida que está sendo gerada ali, logo, é assassinato. -Pai abandonar o filho e afins deve ser crime e ter penas muito, mas muito rígidas sim (e essa é a melhor solução)",0,0.158172458410263,0.8418275713920593,,Alta
"""Fetos não são humanos!"" ""Fetos não estão vivos!"" Saem da boca das mesmas pessoas que fazem essas placas... Por que ovos de tartaruga são tartarugas e fetos humanos são parasitas? Duplipensar é analfabetismo funcional... #AbortoNao #AbortoNunca",Pq a porra da especie humana tem muito menos chance de entrar em extinção do que as tartarugas bicho burro,2,0.1475658118724823,0.8524342179298401,,Alta
"não ajudam as mães mães necessitadas, não passam sufoco quando não leite ou frauda para o bebê, e vem falar que é contra aborto... aiai aja paciência meu pai         #AbortoSim","para os que estão destilando merdas no #AbortoNao entendam: vocês sendo contra ou não o aborto vai continuar acontecendo, a luta pela legalização é para que mulheres com poucas condições tenham abortos seguros!   #AbortoSim",0,0.1467477083206176,0.8532522916793823,,Alta
"#AbortoSim   Não se envolvam nisso assim como vocês não se envolvem no resto, hipócritas.",Daily reminder de que no país mais católico do mundo Catolicismo Na Veia uma paróquia a cada esquina o aborto é permitido legalmente em casos de  - violência sexual - ameaça à vida da mulher - risco de enfermidade do feto (eugenia)  Só pondo os pingos nos devidos ís #AbortoNao,0,0.119222842156887,0.8807771801948547,,Alta
"A turminha do aborto que chama bb de só um feto, ñ pensam que esse mesmo “FETO”, ñ escolheu nascer é muito menos os pais que vai ter! O “FETO” é um vida que se inicia e ñ tem capacidade para desenvolver uma coisa chamada consciência, algo que toda MULHER deve ter!#AbortoNao","Esqueci de fazer um tweet sobre a TAG #AbortoNAO , mas é desnecessário, somos a favor da vida como todo ser humano com bom coração, se a pessoa decidir fazer merda com a própria vida futuramente, é só meter bala no vagabundo.",0,0.1912205666303634,0.8087793588638306,,Alta
#AbortoSim caralho,#AbortoSim  Porque de macho abortando crianças o mundo já tá cheio!! Chega!! Crianças sendo abortadas por homens de todas as classes sociais diariamente!!  #AbortoNao sociedade hipócrita!,0,0.1222173050045967,0.8777827620506287,,Alta
"Se um dos efeitos da legalizado do aborto é justamente a diminuição dos casos de aborto, eu não consigo pensar em um motivo são pra discriminação do que não ser a velha violência contra a mulher #AbortoSim","Alguém me explica o que o aborto tem a ver com a pena de de morte? O bebê ou ""feto"" foi condenado por qual crime? Qual foi a atrocidade que ele cometeu que o torna incapaz de conviver em sociedade sem representar um alto risco de morte a todos em sua volta? #AbortoSim #AbortoNAO",0,0.1129103675484657,0.8870896697044373,,Alta
"Quem quer a liberação do aborto, te pergunto: Você deseja morrer ou viver?  #AbortoNao",#AbortoNao meu ovo vão tomar conta da vida de vcs se a mulher quiser abortar ent ela #AbortoSim,0,0.1227906793355941,0.8772093057632446,,Alta
"O aborto tem q ser permitido, pra evitar q crianças cresçam em ambientes onde não são amadas, vivem passando necessidades e acabam sofrendo grandes traumas! Essa foto é de um bb q nasceu com o DIU na cabeça, nenhum modo de prevenção é 100%  #AbortoSim","""A criança vai sofrer...""  Solução: matar a criança    (((((jênia)))))  Homem que defende aborto é safado e oportunista   Mulher é psicopata que te esfaquearia na primeira oportunidade (se aborta filho imagina tu) e homem que presta quer é distância   #AbortoNao",1,0.1885163336992263,0.8114836812019348,,Random
"Os abortistas são a escória da nossa sociedade, são demônios. Como o Brasil é um país de cultura cristã, a única forma deles avançarem em seus planos demoniacos é  através de membros não-eleitos (vulgo STF). #AbortoNAO   DEVEMOS PROIBIR AINDA MAIS!!!",vai se fude crente fudido mistura religião na puta q te pariu nao no país interio arrombado,2,0.2392943054437637,0.7607056498527527,,Random
"Tô vendo essa #AbortoNao e tudo que eu tô vendo são pessoas dizendo que aborto é assassinato. Eu defendo o aborto até os 4 meses do feto ou se causar risco a mãe ou ao bebê. Ter criança é fácil mas cuidar é difícil, principalmente num país subdesenvolvido em crise. Defender que +","Cheguei em casa e o Trends do Twits tava só ""abortosim"", ""abortonao"", ""lula"", ""avenida brasil"". Pensei ""Ué, será que no caminho pra casa eu passei em algum tipo de túnel do tempo? kk",0,0.3702564537525177,0.6297435760498047,,Random
#AbortoNao  Contra as manobras do STF para aprovar o Aborto no Brasil.,"Definição de Assassinato: ""Matar alguém de forma intencional."" Aborto é questão de homem sim, não é porque um homem não tem útero que ele não pode opinar afinal a mulher não engravida sem o homem e ele passa a ser responsável pelo mesmo feto. #AbortoSim",0,0.313341349363327,0.6866586804389954,,Random
"Desde quando o aborto deve ser uma decisão do estado? Não concordo com o ato, óbvio, mas mais ainda sou contra uma entidade te coagir a decisão.   #AbortoSim e #AbortoNAO  são a essência do caminho da servidão.   Ninguém tem o direito de tomar essa decisão por você.","#AbortoNao  será que ninguém percebe que o aborto é sim importante?? o aborto em qualquer caso precisa ser liberado, na minha opinião o que é errado é o ""abuso"" do aborto e tbm a falta de prevenção.",0,0.1094458699226379,0.8905541896820068,,Random
"#AbortoNao oprime a escolha das mulheres, #AbortoSim dá a escolha pras mulheres... ta ai a diferença...",resultado das minhas discussões com os pró-vida  #AbortoSim,0,0.6340177059173584,0.3659822642803192,,Random
#AbortoNunca meu pau Se fossem vocês com uma criança não planejada e com uma vida fodida vocês tavam correndo pra tentar se livrar agr ou colocar pra adoção num lugar bosta assim que parir A GENTE VAI LEGALIZAR SIM #AbortoSim,"#AbortoNao é o caralho, o útero é seu por acaso filho da puta? eu hein",0,0.0704046636819839,0.9295953512191772,,Random
"Os que vivem gritando por direitos humanos, são os mesmos que apoiam o aborto (assassinato de bebês). O que tem na cabeça dessa gente?    #AbortoNao",Até no momento morreu menos gente por COVID19 do que por bala perdida no RJ.  #ficaemcasamandetta #williambonner #AbortoNao #VirusChines,0,0.9538097381591796,0.0461902283132076,,Random
"#AbortoNao #AbortoSim  Tem como ir pra outra realidade onde td mundo é sensato? Juro q n to aguentando, CoronaVirus me leve daq","Nenhum método contraceptivo é totalmente eficaz, nem mesmo laqueadura e vasectomia, além disso, diversas famílias não tem condições de criar filhos que após o nascimento serão abandonados em orfanatos precários ou até mesmo nas ruas #Abortosim",0,0.3717815577983856,0.6282185316085815,,Random
As leis atuais do Brasil para o aborto já são muito boas de resto é assassinato #AbortoNao,"Aborto não é método contraceptivo. Não quer filho, previna! #AbortoNao",0,0.4546172320842743,0.5453827381134033,,Random
O que leva os cidados de bem a se importar mais com um embriao do que uma crianca exposta ao virus pq convive com parente que segue trabalhando #AbortoNao,"é sério que HOMENS estão subindo essa hashtag? o corpo é da mulher e ela faz o ela quiser, as vezes a pessoa não tem nem uma renda para criar uma criança e é obrigada a ter um filho? vamos começar a ter senso né mos?#AbortoNao",0,0.1757213920354843,0.8242786526679993,,Random
"Só pra lembar que 5,5 milhões de crianças no Brasil não tem o nome do pai no registro, mas nem por isso abandono paterno é considerado crime   #AbortoNao #AbortoSim",Não concordo com Aborto mas a realidade do outro é diferente da nossa,2,0.2348086535930633,0.765191376209259,,Random
Sempre que entra em pauta esses assuntos de #AbortoSIM ou #AbortoNão causa polêmica para nós cristãos. Então crentes não fiquem discutindo pq não vale a pena e é um desgaste de tempo muito grande que não leva a nada. Eu particularmente tenho muuuuita preguiça disso.,"#AbortoNão  defendem o direito do feto à vida, porque é sagrada, e o direito do Estado de matá-lo se ele der errado. Más é fácil sermos a favor do aborto depois de termos nascido né  no Brasil #AbortoSIM decorrente de estupro, a que cause risco à vida da mulher, feto anencéfalo.",0,0.6834216117858887,0.3165784180164337,,Random
"#AbortoSim  Caralho, quanta merda tô lendo em quem é a favor da criminalização do aborto, galera não levanta a bunda pra pesquisar 1% sobre a realidade e quer opinar direito alheio",O Brasil vai ter que Ucranizar  #AbortoNAO #ficaemcasamandetta  #MonarquiaJa  #BolsonaroEstavaCerto  #olavotemrazao,0,0.9023662805557252,0.0976337045431137,,Random
"#AbortoSIM #AbortoNao  tanto faz a pessoa faz se ela quiser, o corpo é dela caralho. Achei que isso já tava na cara.",#AbortoNAO e os canal nas do STF estão esticando a corda demais.,0,0.9552085399627686,0.0447914153337478,,Random
É fácil defender aborto pq vc está vivo né. Imagine se fosse no lugar do feto.  #AbortoNao,"Abortista é tão assassina quanto qualquer bandido. O aborto deve ser, não só proibido, quanto classificado como crime hediondo! Abortistas são os soldados da SS da nossa era.  Raça maldita! #AbortoNAO",0,0.117628626525402,0.8823714256286621,,Random
STF quer aplicar a medida enquanto a gente não tá vendo!! #AbortoNao,#AbortoNAO  Defender a vida desde a concepção!,1,0.9917973279953004,0.0082026571035385,,Random
Não msm #AbortoNao,Que bobagem de hastag é essa???? #AbortoNao,0,0.5280138254165649,0.471986174583435,,Random
"O Supremo Tribunal Federal descaradamente usurpa a competência legislativa para forçar a pauta abortista ao povo brasileiro!  Além de tudo, em tempos de pandemia, e de uma gravíssima crise econômica dela resultante, pautar a ADI n° 5581 é pura canalhice!  !","STF é lixo, ADI n° 5581 é pura canalhice!  #AbortoNao",2,0.9846556186676024,0.0153443766757845,,Random
#AbortoNao  É sério que esses canalhas do  vão votar essa barbárie em tempo de pandemia!  vcs são uns vermes.,"Gente, Vamos ter mais coerência,né, se vcs que são a favor do aborto, se preserva-sem, não estaríam nem cogitando essa opção. Vcs tenham mais responsabilidade vcs estarám tirando uma vida inocente Vamos ter mais consciência. #AbortoNão #FicaAdicaNãoAbortem #AbortoSim #SóQueNão",0,0.2908267974853515,0.7091732025146484,,Random
não acredito que ainda tenho que ficar lendo essas coisas...  será que nunca as mulheres vão ser respeitadas como merecem???? #AbortoSIM,Quer ser respeitada? Seja responsável! #AbortoNao,1,0.1069277599453926,0.893072247505188,,Random
"Bora subir, robozada?   #AbortoNao",#AbortoNao de geito nenhum,1,0.991718292236328,0.0082816844806075,,Random
Cada minuto aparece uma Jesus. #AbortoNAO,"STF, o Brasil é PRÓ-VIDA #AbortoNao",0,0.9909076690673828,0.0090923896059393,,Random
"Quem defende a vida  Recomenda o  #AbortoNao  Mas a   recomenda  Tirar a vida,pode uma barbárie dessa??  Mandetta já caiu?",#AbortoSim quem está levantando essa tag: feministas fãs de Rafa e Manu kkkkkkk,0,0.91044944524765,0.0895505920052528,,Random
"A tag #AbortoNao passou dos 100k. Enquanto isso, a tag dos esquerdopatas caíram. Bora dobrar a meta? Então senta o dedo aí!!",Não#AbortoNao,1,0.9800298810005188,0.0199700649827718,,Random
#AbortoSim todo mundo tem q ter o direito de matar,Fora aborto #AbortoNao,0,0.51691734790802,0.4830827116966247,,Incerta
"TO FICANDO PUTO JÁ, COMO ALGUÉM FALA QUE É A FAVOR DO ABORTO, VAI MATAR A PORRA DE UM BEBÊ INOCENTE QUE NÃO TEVE CULPA DE NADA?! VAI TOMAR NO CU CARALHO, SE A MULHER NÃO QUER A PORRA DA CRIANÇA, BOTA NO CARALHO DA ADOÇÃO FILHO DA PUTA  #AbortoNao","“V. Não matarás o próximo “  Nem tão pouco a sua própria carne em teu ventre, porque nem os animais irracionais o fazem, sendo o homem inferior a eles ?  #AbortoNao",0,0.4476979076862335,0.5523021221160889,,Incerta
"Não gosta, não aborta. Agora não ver dar pitaco sobre o que outras pessoas deveriam fazer ou não!!! #AbortoSim",23:59: #AbortoNao 00H: Fim do isolamento social! Brasil não pode parar por 5 ou 7 mil mortes!,0,0.5564018487930298,0.4435981512069702,,Incerta
"A tag #AbortoNao está em 1º lugar nos trends com 50 mil tweets nas últimas 2h. Bora dobrar a meta? Então senta o dedo aí, e nada de postar a tag vazia!! Coloque uma Frase, vídeo ou Foto. Da rt aqui.",Bora ajudar ai aí moçada pq o Supremo vai aproveitar pra aprovar todas as merd contra a família que puder. Dedo no teclado e bira subir #AbortoNão . Use esta tag.... esqueça as parecidas temos que nos Unit!,2,0.5770890712738037,0.4229108989238739,,Incerta
Que seja garantida a proteção jurídica do embrião e que o ser humano seja protegido desde o primeiro instante de sua existência.  Papa Francisco   #AbortoNAO,#AbortoNao vc já nasceu,1,0.4478077590465545,0.552192211151123,,Incerta
"Só é ""pró-vida"" quando tá no útero, né? Orfanato não é igual Chiquititas, uma mãe que cria o filho com desprezo pode destruir a saúde mental dele, a maioria rejeitada vai parar na rua, vira bandido e vocês defendem matar essas pessoas. A hipocrisia não tem limites  #AbortoNao","Orfanato, desprezo, rejeição e rua... realmente é muito triste. Mas voce escolheria a MORTE entre essas opções?!?!   ""A hipocrisia não tem limites""  #AbortoNao",1,0.5377426147460938,0.4622574150562286,,Incerta
Aborto não é método contraceptivo!antes de escolher seu macho escroto se proteja #AbortoNAO,"Não trepe, não foda, não transe se não sabe se prevenir. Pronto esse deve ser o lema.  #AbortoNao",1,0.5131039619445801,0.4868960380554199,,Incerta
"#AbortoSim  Se homem engravidasse, haveria mais clínica de aborto do que bares e igrejas.","As pessoas acham q quando dizemos #AbortoSim na primeira oportunidade vamos abortar, ngm vai mais se prevenir e vamos engravidar e abortar por pura diversão como se fosse super cool só pode",0,0.5069220662117004,0.4930779337882995,,Incerta
galera do #AbortoNao q é contra a quarentena qual a sensação de ser um pro-contra-vida?,"#AbortoSim Quem deve escolher fazer ou não é a própria mulher, não é homem, não é o estado, não é presidente, a única coisa que devem fazer é dar todo o suporte necessário para a mulher.",0,0.5293380618095398,0.4706619679927826,,Incerta
"Bem, se eu tivesse que matar alguém, não começaria por um filho. #AbortoNao","#AbortoNao  Aborto é assassinato. É cientificamente comprovado que o bb é uma vida, e qualquer opiniao contrária é anticientifica. E principalmente, é contra a lei de Deus, portanto, quem é a favor  do aborto, desobedece a Deus e terá de prestar contas diante dEle por incentivar",0,0.4419745802879333,0.5580254197120667,,Incerta
"#AbortoNao as opçoes atuais da nossa constituiçao ja cobrem muito bem esse tema,é permitido em caso de estupro bebe sem cerebro  e risco a mae,gravidez ´´acidental´´  me parece ser um ponto fora da linha","Sou favorável ao aborto se for retroativo para as aborteiras que dizem ""AbortoSim"". Não quer filhos? Fechem as pernas vadias! #AbortoNao!",0,0.5652403831481934,0.4347595572471618,,Incerta
Fiquem com essa música sensacional das putinhas aborteiras kkkkkkkkkkkkk #AbortoSim,"Em tempos de coronavírus, o Presidente não se importa com a vida de pessoas (algumas vão morrer, fazer o que?) e o gado concordando com ele. Agora vem esta msm turma fanática e os religiosos se juntarem contra o aborto. Contradição né? Eu só tenho a dizer uma coisa. #AbortoSim",0,0.4347580373287201,0.5652419924736023,,Incerta
"Eu vendo um monte de gente que não sabe nada do assunto, querendo falar a sua opinião/o que acha:   #AbortoNao",Depois morre tudo com depressão essas filha da puta #AbortoNao,0,0.447144091129303,0.552855908870697,,Incerta
se homem ficasse gravido o aborto ia se um mandamento da biblia   #AbortoSim,Se o aborto fosse um direito dos homens já teria sido legalizado a muito muito tempo. #AbortoSim !!,2,0.4876385927200317,0.5123614072799683,,Incerta
#AbortoSim não gostou vai adotar uma criança que ta mofando nos abrigos/orfanatos,"Só pra lembrar que HOMEM também aborta, quando ABANDONA a mulher grávida, quando não reconhece o filho e quando foge da PATERNIDADE!!!  #AbortoSim #AbortoNao",0,0.5224053859710693,0.4775946140289306,,Incerta
"Progressistas #AbortoNao é uma questão de Saúde da Mulher   76% das mulheres que fazem o segundo aborto têm câncer,by Angela Lanfranchi  Outros estudos demonstram um aumento da taxa d depressão e suicídio  Isto as arboristas deliberadamente nunca divulgam","#AbortoÉCrime  Se engravidou, assuma a responsabilidade por 9 meses e se ñ quiser ou puder ser mãe, doe p adoção. Fará a alegria d familias q esperam faz anos na fila e tb evita os riscos de saude associados ao aborto #AbortoNao é sobre a saúde da mulher",2,0.4349910318851471,0.5650089979171753,,Incerta
aborto sim inclusive era o que a mãe da gorfo de cachorro da lisa deveria ter feito pra não ter nascido essa bicho grilo que parece uma vareta de apanhar manga no quintal #AbortoNao,"#AbortoNao Vc tira as mãozinhas,  os pezinhose por último a cabecinha  +pq as pessoas q dizem defender direitos humanos são a favor? Pq essa crueldade é feita na barriga a mulher ñ , ñ ouve o grito do bebê! Então a consciência desses CANALHAS ñ os acusam.+ ñ adinta assassinos SIM",0,0.5067003965377808,0.4932996034622192,,Incerta
"Aborto sim #AbortoNao não é o caralho, n é seu útero fique quieto","É óbvio que #AbortoNao assassinato ainda é crime, se o congresso bandido ainda não mudou isso na calada da noite",0,0.4945404529571533,0.5054595470428467,,Incerta
"muito grata por ter participado da tag e respondido machos e mulheres escrota de plantão até mais seus ""pro vida""  #abortosim #abortonao",não tô entendendo mas #AbortoSim,0,0.4984655976295471,0.5015344619750977,,Incerta
não acredito que ainda tenho que ficar lendo essas coisas...  será que nunca as mulheres vão ser respeitadas como merecem???? #AbortoSIM,"pois é,já nem sei mais oque é brincadeira",2,0.5813508033752441,0.418649286031723,,Incerta
"Todo mundo que apoiava a escravidão era livre, todo mundo que apoia o aborto já nasceu.   Falam em ""aborto seguro"". Pergunto, para quem? Afinal, o bebê sempre morre. #AbortoNao","Vejo esse tipo de comentário e fico extremamente irritada com esse  tipo de pessoas que tendem a julgar o aborto como um assassinato, então vou falar nessa linguagem mesmo eu prefiro mil vezes um bebê ""assassinado"" do que uma criança na rua passando fome e frio +",2,0.4416822791099548,0.5583177208900452,,Incerta
''A nação que aprova o aborto é inimiga de Deus.''  (São João Paulo II) #AbortoNao,"E aquele papo de ter que ficar em casa pra preservar a vida?  Teve até um chorinho dramático de político!  E o papo de ""economia a gente corre atrás, a vida não""...  Mas aprova o aborto?  Hipocrisia tem limites!! #AbortoNAO",0,0.4657650589942932,0.5342350006103516,,Incerta
Surreal! A corte das trevas tá se aproveitando desse momento pra dar um golpe no  povo e aprovar o aborto! Malditos!  #AbortoNao,mermao um monte de homem votando (????) sentido nenhum,2,0.4741190075874328,0.5258810520172119,,Incerta
"#abortonão se não quer ter filho só não fazer sexo! Matar um inocente não é brincadeira! Caso não queira ter filho use camisinha, pílulas (remédios) existe várias maneiras de evitar. #Abortonao #UmBrasilMelhor #Jesus #Deus #aborto","Claro, pq todos esses métodos são 100% eficazes",2,0.5064643621444702,0.4935356676578522,,Incerta
"Meu corpo, minha oferta.  Se vc se ofertou e engravidou, aguente as consequências. Se nao quer, coloque pra adoção.   #AbortoNao",#AbortoNAO  Diga SIM ao útero artificial,0,0.4888311624526977,0.5111687779426575,,Incerta
Que merda é essa de hashtag abortonao ?,"“Toda pessoa tem o direito de que se respeite sua vida. Esse direito deve ser protegido pela lei e, em geral, desde o momento da concepção. Ninguém pode ser privado da vida arbitrariamente”. #AbortoNAO",0,0.570123016834259,0.4298768937587738,,Incerta
Antes um feto abortado do que mais uma criança morando nas ruas ou então nos indices de criminalidade. #AbortoSim,observando ALGUMAS opiniões de #AbortoSIM e #AbortoNao ... sinceramente  viu! decepcionante. As pessoas não aceitam opiniões contrárias.,0,0.5341194272041321,0.4658806622028351,,Incerta
gente como tem 20k de tweets a mais no monarquia já do que no #AbortoSim,"aborto não deve ser discutido por homens brancos burgueses engravatados, que não tem consciência nenhuma de classe, gênero ou raça. #AbortoSim",0,0.5581936836242676,0.44180628657341,,Incerta
"O aborto é a soma de dois crimes, pois não se limita à atrocidade de negar luz a uma existência, como também tenta legitimar a mais bárbara dentre as covardias, chegando ao ponto de bestializar a surda e cega consciência daqueles que o aprovam! #AbortoNao","“Toda pessoa tem o direito de que se respeite sua vida. Esse direito deve ser protegido pela lei e, em geral, desde o momento da concepção. Ninguém pode ser privado da vida arbitrariamente”. #AbortoNAO",0,0.5344725251197815,0.4655275344848633,,Incerta
#AbortoNao e meme né?,"Não é possível conciliar o discurso que devemos ""ficar em casa para salvar quem amamos"" e ao mesmo defender que o feto possa ser assasinado no ventre, sua primeira casa, onde deveria ser amado. São ou não são defensores da vida? #AbortoNao #AbortoNunca",0,0.5764328837394714,0.4235671460628509,,Incerta
"Engraçado que esse pessoalzinho que levanta hashtag favorável ao aborto, é o mesmo que fica esperneando qdo o JB defende o isolamento vertical. Ô povinho hipócrita! #AbortoNao","O argumento dos inescrupulosos pró aborto e de que a criança ficará desamparada e cometerá crimes, sendo assim vamos condenar a pena de morte todos os presidiários condenados por crimes graves, não seria proporcional ? #AbortoNao #Aborto",0,0.5971856117248535,0.4028143286705017,,Incerta
"A vida humana no útero em semanas:   1: Forma-se o zigoto  3: Batimento cardíaco  4: Olhos, pulmões e rins 8: Bebê chupa o dedo 9: Impressões digitais 12: Reflexos  20: O bebê sente dor 21: Pode sobreviver fora do útero  40: Nascimento  O aborto mata em todas as fases. #AbortoNao","Não é seu corpo, pronto e acabou. Tenha respeito a vida! #ABORTONÃO #Próvida #AbortistaAssassinos #STFContraVida",2,0.442334771156311,0.557665228843689,,Incerta
"#AbortoSim Friends nunca passa frio, pq tão sempre cobertos de razão, não é ninguém q decide além da mulher q ta carregando o bebê, se vc n for ajudar ela, cale a boca, não apenas homens, mas tbm algumas mulheres q ficam falando contra o aborto.","No twitter agora Uma metade: AbortoNao Outra metade: AbortoSim Eu: Alô, por favor, podem me entregar uma pizza meia mussarela, meia calabresa?",0,0.5363568067550659,0.4636431038379669,,Incerta
"o problema não é vc ser #AbortoNao, o problema é vc impor que outras pessoas não abortem só pq vc acha errado, não concorda com o aborto? É SÓ NÃO ABORTAR, simples  #AbortoSim",Direitos Humanos verdadeiros são pelo #AbortoNao,0,0.481479287147522,0.5185207724571228,,Incerta
o #AbortoNao é a versão direita do #EleNao ?,"#AbortoSim  Muitas nem sabem pq são a favor de aborto, são manipuladas por militantes abortistas de esquerda.",0,0.5107563734054565,0.4892435669898987,,Incerta
#abortonao usa contraceptivos e não usa aborto pra tirar uma vida,O Maior Ideal do   é a morte  #AbortoNao,0,0.4187155663967132,0.5812844038009644,,Incerta
Entrei na tag #AbortoNAO e tem muita gente que defende o aborto.  Provavelmente nunca passaram pela experiência de carregar uma vida no seu ventre.  Deveriam perguntar aos seus pais o que acham sobre o assunto.  Não há algo maior no mundo que o amor de mãe.,Maior que o amor de mãe só o amor de Deus! #AbortoNao,1,0.4789072275161743,0.5210927128791809,,Incerta
"Aborto questão de saúde pública? Não atendem nem virose, não são todos que tem sangramento, morrem por falta de alimento, diarréia é tu vem me dizer que uma medida preconceituosa é questão de saúde? Vai pra merda! #AbortoNao","O krlh, cada um tem a sua opinião!  #AbortoSim #AbortoNao",0,0.443556398153305,0.5564435720443726,,Incerta
Vale tudo morrer de fome  casa  #AbortoNAO e matar anjinhos .,se voce ficar cansada voce desce e para um pouco  #festabbb #bbb20 #BBBaEliminacao #abortosim #abortonao #LiveMCManeirinho,0,0.5818179249763489,0.4181821048259735,,Incerta
#AbortoSim legalizar o aborto não vai obrigar ninguém a abortar não.,"Verdades difíceis de engolir:  A galera do #AbortoSim não liga pra saúde pública ou para pobre. É tudo desculpa para poder transar mais sem medo de consequência.  ""Ah, dei pra mais de 20 no carnaval mas tá suave, vou abortar, não é crime não, tá tranquilo rs""   É tudo que querem.",0,0.5571500062942505,0.4428499341011047,,Incerta
GRAVIDEZ SURPRESA NÃO EXISTE  TREPA SEM PROTEÇÃO E ESPERA GANHAR O QUE?  UM PLEISTEICHON 4 PRA ELE E UM AIFONE 11 PRA ELA?  #AbortoNAO,"E aí  , pensa q não estamos vendo vcs não?!",2,0.549187183380127,0.450812816619873,,Incerta
"#AbortoSim Se a República Federativa do Brasil se autoproclama como um Estado laico, me parece, a princípio, que o direito não deveria intervir de forma tão contundente numa questão dessa natureza. Levar uma mulher ao cárcere por praticar aborto?","Eu achava que o Estado ser laico significava a imparcialidade quanto às questões religiosas  O amigo aqui acabou de me ensinar que pelo Estado ser laico, o DIREITO não deve intervir... Vivendo e aprendendo",2,0.5845943689346313,0.4154056012630462,,Incerta
"A tag #AbortoNao já passou dos 100.000 tweets!  Obrigada, brasileiros. Felizmente, só uma minoria apoia ativismo judicial para matar bebês.","Vivemos tempos difíceis! Bando de hipócritas! Enquanto feministas e esquerdistas defendem o isolamento total da população com a justificativa de salvar vidas, em contrapartida querem que aprovem o aborto? Oi?! E o aborto é o que mesmo? Que bipolaridade é essa? #AbortoNao",1,0.5306304097175598,0.4693695604801178,,Incerta
Que loucura é essa aqui de  #AbortoSim e #abortonão ?! A quarentena está endoidando vocês!,"Queria ver essas minas que defendem essa tag, abortar um filho do Neymar, aí ninguém quer né,  Hipócritas #abortonão  #AbortoSim",0,0.5604824423789978,0.4395176470279693,,Incerta
"Na parte física, o aborto pode causar até mesmo a morte da mãe. Hemorragia, infecção uterina e infertilidade são complicações comuns em abortos clandestinos. Mesmo nos abortos realizados em hospitais (nos casos em que são permitidos pela lei) ainda há riscos. #AbortoNao","Vai lá abrir as perna pra gozar gostoso e abortar o fiiii,  vc vai continuar viva mesmo #AbortoNao",0,0.5811688303947449,0.4188312292098999,,Incerta
"#AbortoSIM isso é a coisa mais ridícula que eu vejo em anos, isso não deveria nem ter espaço pra discussão. Talvez seja  melhor acabar com a humanidade logo, milhões de anos de desenvolvimento, sem qualquer evolução, pelo que aparenta. #AbortoNao","Façam a #AbortoNao subir,serio...",0,0.5284914374351501,0.4715086221694946,,Incerta
"Momento d pandemia por vírus chinês, fala-se em prevenção e quarentena, liberar o aborto seria como decretar a morte de todos q estão nas ruas.  PREVINA-SE! Não é só por gravidez, mas evitar HIV e outras DST's.  #AbortoNAO #AbortoNão","A esquerda justifica que pode abortar, pois pode nascer e se tornar um bandido. Agora eles viraram os adivinhos do futuro.  #AbortoNao",0,0.5943871736526489,0.4056128561496734,,Incerta
"Se você não quer abortar, não aborte, mas não impeça os outros CARALHO #AbortoSim",#AbortoNao já foi comprovado que todos os números sobre abortos ilegais e mortes nesses processos nos EUA são falsos.,0,0.4988239705562591,0.5011760592460632,,Incerta
não ao assassinato de crianças que estão no ventre de suas mães. Uma vida que está sendo gerada tem direito à vida. #AbortoNAO,"#AbortoNao VIVA A VIDA. Bebezinhos fiquem tranquilos, lutaremos por vocês aqui fora.",0,0.5637248158454895,0.4362751841545105,,Incerta
"Se tudo que você quer é que a criança nasça mas não se importa se ela vai ser bem cuidada, amada, alimentada, sé terá casa para morar, se terá educação, você não é pró-vida você é pró-nascimento. O modo como a criança vai viver não importa para você #AbortoSim #AbortoNao",É ridículo quanta gente aqui defende #AbortoNao com religião.  #AbortoSim porque a segurança das mulheres que morrem em clínicas clandestinas também é importante,0,0.5982093214988708,0.4017906785011291,,Incerta
A diferença entre aborto e homicídio é o momento que foi escolhido para cometer o crime. #AbortoNao,A diferença entre aborto e homicídio é vai se fuder o útero é meu e eu faço o que quiser,2,0.1035162284970283,0.8964837193489075,,Alta
"#AbortoNao Pessoas que comentam sobre isso:  Não vão criar a criança, acham que orfanato é igual chiquititas, tem uma realidade de vida oposta da mulher, matam animais inocentes que sentem a mesma dor de uma criança, dão mais valor a um feto que a vida de uma mulher!","Toda essa ladainha de novo, essa gente não entende mesmo! #AbortoNAO",0,0.1229765638709068,0.8770233988761902,,Alta
"vcs q sao contra o o aborto porem comem ovo, saibam q estao comendo um embriao filhos da puta #AbortoSim",não pedi pra ter útero  #AbortoSim,0,0.1825902163982391,0.8174097537994385,,Alta
Você é favorável a legalização do aborto?,"Sou Contra e sempre serei... Não tem poder sobre a Vida, e Sim DEUS. #AbortoNao",2,0.159791886806488,0.8402080535888672,,Alta
"#abortonao #EsquerdaLixo Aí esquerdista vagabundo defensor de assassinato de bebês, camisinha é gratuita no SUS, engravida porque quer vagabundo!","Ô gorda do suvaco azul, cala a boca que ninguém quer te engravidar mesmo!  #AbortoNao",0,0.1339436173439026,0.8660563826560974,,Alta
Surreal! A corte das trevas tá se aproveitando desse momento pra dar um golpe no  povo e aprovar o aborto! Malditos!  #AbortoNao,Por menos brasileiros no planeta  #AbortoSim,0,0.1296689659357071,0.8703309893608093,,Alta
"#AbortoNao all you kids saying my body, my choice, your mother made all a mistake. Yes, you should have been all aborted. YOu mentally sick women",KKKKKKKsim ela nao me planejou sim eu sou #abortosim e sim eu provavelmente sou doente mas nao por jssk,2,0.1169404312968254,0.8830596208572388,,Alta
"Em um país onde o aborto não é legalizado ele é feito do mesmo jeito,porém clandestinamente onde em muitos casos morre tanto o feto como a mulher gestante. Vale mais um ciclo interrompido ou uma mulher morta?  Uma mulher morre a cada 2 dias por aborto inseguro. #AbortoSim",E na tag #AbortoSim eu só to vendo argumento show que abrange as minorias kkkkkkkkkkkkkkk,0,0.1689217537641525,0.8310782313346863,,Alta
"#AbortoNao CALA A BOCA, VAI TOMA NO CÚ! A mulher que decide se ela vai abortar, não vocês caralho, vão cuidar do rabo de vocês, e parar e cuidar da vida dos outros, LEGALIZA LOGO O ABORTO!",#AbortoNao  vocês são malucos?  não é Deus e vocês também serão julgados. Que Absurdo!,0,0.1281704753637313,0.8718295693397522,,Alta
"boa tarde , se a vaginar nao for sua , você nao tem o direito de opinar sobre as decisões que dizem a respeito da mesma. #AbortoSim","Não adianta, o twitter sempre mantêm a tag nojenta de esquerda na frente mesmo tendo duas vezes menos posts que a nossa. #ABORTONAO",0,0.1697351485490799,0.8302649259567261,,Alta
Não não não não não não não  Não não não não não não não  #AbortoNAO,#AbortoNão assassinos.,2,0.1663129329681396,0.8336870074272156,,Alta
#AbortoNao  Aborto é assassinato de indefeso.,"só queria dizer uma coisa  #AbortoSim   é isso obg, tchau",0,0.1367641389369964,0.8632358312606812,,Alta
"para os que estão destilando merdas no #AbortoNao entendam: vocês sendo contra ou não o aborto vai continuar acontecendo, a luta pela legalização é para que mulheres com poucas condições tenham abortos seguros!   #AbortoSim",me distraí olhando pra vc   Dua Lipa Rihanna Thomas Santana Joji #AbortoNao JUNGKOOK #samsungnobbb Titi #festabbb #Riverdale #عبودكا #instagrammusic #COVID19 #نايف_حمدان  #Apple #restateacasa  sadie #Covid_19,0,0.1409692019224167,0.8590308427810669,,Alta
Eu sou a favor do aborto por muitas razões mas acho que a sociedade não está preparada para esse assunto pelo menos no Brasil. #AbortoSim,Ter seu direito garantido não significa que você vai fazer! O corpo e meu e a decisão também e minha!  #AbortoSim,0,0.1727724522352218,0.8272275924682617,,Alta
"Nem me fala, ta até medo de pensar que é assim que o mundo me vê quando digo que sou cristã. #AbortoSim","""Cristão"" abortitsta",2,0.1974366307258606,0.8025634288787842,,Alta
"Julgam a mulher com #AbortoNao Ms n vejo julgarem o pai por abandono, ou n dar amor, carinho e atenção a um filho não planejado! Me polpem","engraçado como legalização do aborto é uma pauta pra pessoas que ENGRAVIDAM discutirem e só tem homem cis nas minhas replies totalmente indignados. queridos, isso não é pra vocês. #abortosim",0,0.1924310773611068,0.8075689673423767,,Alta
Quem é você pra decidir quem vive ou não? O dono do mundo? Eu hein #AbortoNao,"#AbortoSim  Se homem engravidasse, haveria mais clínica de aborto do que bares e igrejas.",0,0.1062430962920188,0.8937568664550781,,Alta
"Estudos relacionam o aborto ao aumento da depressão e ao câncer de mama.  Sim, se vc fez um aborto suas chances de ter depressão e/ou câncer de mama aumentam muito.  Então não venham me falar que é questão de saúde.   #AbortoNao","Em crises de depressão pós aborto, a mulher tem o dobro de chances de se suic1d4r  #AbortoNao",1,0.1971532255411148,0.8028467893600464,,Alta
"Nenhuma hashtag me deixa mais pistola que essas pró aborto. Eu simplesmente não consigo conceber uma coisa dessas, não dá pra acreditar.  Se vc esta grávida, A GRAVIDEZ É A SUA CIRCUNSTÂNCIA, abrace-a. É seu dever #AbortoNao","#AbortoSim   Corpo é seu concordo? Mais o filho não? Não tem lógica  Nem acordo  Se os dois quê ok? Mais a Mulher não tem direito? Se souber que alguém abortou um filho meu ,a moça vai junto para o inferno.",0,0.1438008844852447,0.8561990857124329,,Alta
"só homem e bolsominion falando aqui, bando de idiota #AbortoNAO #AbortoSIM!!!! só a mulher deveria opinar sobre isso, é questão de saúde!!",Por ano ocorrem mais de 1 (hum) milhão de abortos no Brasil segundo pesquisas fornecidas pelo Senado Federal e quase 500 mil morrem em casa segundo informações do SUS. STF #AbortoNao salva vidas mas gera depressão,0,0.1702477633953094,0.8297522664070129,,Alta
Só passei aq pra dizer que #AbortoSim,#AbortoNao anem viu aposto q essa tag foi criada por um HOMEM IMBECIL Q ACHA Q PODE FALAR O QUE É MELHOR PRO CORPO DE UMA MULHER me poupe por favor boa noite.,0,0.188885897397995,0.8111141324043274,,Alta
"Gente, que papo é esse de #abortonão e #AbortoSIM ? Até qdo vão se meter na vida das mulheres? EU - repito: EU - não faria, mas defendo o direito de quem quer fazer. Mania chata.",Pela vida de um inocente! #AbortoNao,0,0.1867231577634811,0.8132768273353577,,Alta
#AbortoNao  Aborto: Bebecidio,"É ridículo dizer que só mulher pode opinar sobre o aborto, o pessoal de esquerda é mt retardado !  #AbortoSIM",0,0.1896116137504577,0.8103883862495422,,Alta
Continua sendo crime contra a vida de indefesos. #AbortoNao,"O aborto sempre existiu, mais só para mulheres com condições. muito macho cheio de mimimi falando aí, mais paga 200 reais na pensão da criança e acha que tá bom. mais de 5'5 milhões de criança sem o nome do pai no registro e vocês ainda querem discutir? #AbortoSim #AbortoNao",0,0.1214889660477638,0.8785110116004944,,Alta
"#AbortoSim respeitem as mulheres porra, Bolsonaro seu machista lixo","Bem, se eu tivesse que matar alguém, não começaria por um filho. #AbortoNao",0,0.13974329829216,0.8602567911148071,,Alta
"Por que a extrema-imprensa esconde do público o julgamento marcado pelo STF sobre aborto? É cúmplice na estratégia de esconder a importantíssimo decisão, utilizando o caos gerado pela quarentena?  Querem aprovar o aborto na surdina?  #AbortoNao",Querem aprovar o aborto pra o bem vencer sem nenhum gado enchendo a saco e fazendo aglomeração,2,0.5464829802513123,0.4535170197486877,,Random
"Não sei o que é mais incoerente. Levantar a #AbortoNão e ser a favor da pena de morte ou levantar #AbortoSim e ser contra a pena de morte.  O assunto é muito mais complexo do liberar ou proibir. Acredito que o debate seja importante porém, não nesse atual cenário.","Aborto é assassinato, quem é a favor é porque já nasceu. #AbortoNao",0,0.2558941841125488,0.7441058158874512,,Random
"#AbortoSim  ""Ela é quem tem que decidir"" Claro né, tu pouco se importa se a garota que você ""pega"" tá grávida ou não, quer sumir depois que ""pega"" qualquer garota, não é homem para trabalhar e não vai pagar pensão porque além de tudo é vagabundo. Realmente para vc o aborto convém",pq que só tem homi cis opinando nessa hashtag? #AbortoNao,0,0.0884086638689041,0.911591410636902,,Random
"#AbortoNao ""sou PRO VIDA mas economia e trabalho vai em primeiro lugar depois a saúde que dê um jeito"" #AbortoSIM",#AbortoSim é o caralho use camisinha sua vadia fdp,0,0.4551764726638794,0.5448235869407654,,Random
Ser favor da legalização do  aborto não significa querer abortar e sim entender que cada mulher faz oq julga melhor para seu próprio corpo e entender que se no seu corpo manda Deus no meu mando eu  #AbortoSim,"É inacreditável e, ao mesmo tempo, nada ""espantavel "", que existam pessoas que defendam uma pauta criminosa como é essa que você está defendendo. A questão já foge da ideologia: não significa mais um debate entre esquerda e direita. Mas sim : pró vida, e contra a vida #AbortoNao",1,0.0499241016805172,0.9500759243965148,,Random
"Mas nem o twitter tentando manipular a opinião pública não consegue abafar o que é FATO! #AbortoNao é MAIORIA no meio do povo! Vai acompanhando     Diante de todos esses escândalos, o povo está a um triz de resolver essa parada!!!!  ABORTO NÃOOOOOOOOO!!!","Tem opção de tomar remédio ? Tem  Tem opção de usar camisinha? Tem  Tem opção de não abrir a perna pra qualquer um ? Tem  Se a mãe de algumas tivessem abortado quem apoia aborto , não estariam nem aqui pra pedir o aborto . Abraços... #AbortoNao",0,0.9489388465881348,0.0510611645877361,,Random
pq tem um monte de homem dando pitico e defendendo um amontoado de células no corpo da mulher sendo que nem um bebê pode ser considerado ainda kkKKK vsf tem q abortar mesmo vcs n mandam no corpo de ngm  #AbortoSim,"#AbortoNao vê esquerdistas afeminados e feminista tentando argumentar é o melhor espetáculo de comédia. Quer abortar? Blz, faz o seguinte paga o oitão do Zé droguinha que te engravidou e mete uma bala na sua própria cabeça olha que forma boa de se abortar, tnc vcs escória.",0,0.0432729758322238,0.9567269682884216,,Random
"A tag #AbortoNao está em 1º lugar nos trends com 50 mil tweets nas últimas 2h. Bora dobrar a meta? Então senta o dedo aí, e nada de postar a tag vazia!! Coloque uma Frase, vídeo ou Foto. Da rt aqui.",#AbortoNao STF Vergonha Nacional,1,0.9870883226394652,0.0129117257893085,,Random
"Imagens chocantes, mas necessárias para demonstrar a triste realidade e para compreendermos a importância da luta pelo #AbortoNao!  Esta criança foi assassinada com 18 semanas de gestação, foi usado o método de aborto salino — observe a pele queimada. Imagens: Pro Life Society.","Falam para a população ficar em casa porque toda Vida importa, mas bebezinho no ventre nem gente é, né !? Deus do Céu, livra-nos de todo esse Mal, amém !  #AbortoNao #STFVergonhaNacional",2,0.9640095829963684,0.0359904170036315,,Random
"Sério q a esquerda está levantando tag p/ apoiar o crime de assassinar fetos? Q eu saiba os artigos 124 a 126 não foram revogados.É proibido se manifestar contra as medidas restritivas que estão nos levando ao sucateamento econômico, mas fazer apologia ao aborto pode?  #AbortoNao",Vamos levantar essa tag #AbortoNao,1,0.977006494998932,0.0229935571551322,,Random
"SOMENTE IMBECIL, IDIOTA OU  CANALHA APOIA A #AbortoSim  Simples assim!","Lockdown não existe.  e  , vcs serão responsabilizados pela catástrofe que estão provocando por inércia e autoritarismo. #BoraTrabalhar #AcordaBrasil #BoraTrabalharBrasil #AbortoNao #STFVergonhaNacional",0,0.211364209651947,0.7886357307434082,,Random
Revelação o ministro Marcos Pontes vai anunciar o medicamento para a cura do #COVIDー19 #AbortoSim #MonarquiaJa #AbortoNao #CidadeAlerta,Cada vida importa! #AbortoNao,0,0.9935362935066224,0.0064636273309588,,Random
"#AbortoNao é coisa de homem, a regra é clara, sem utero sem opiniao","Sobre a hashtag #AbortoNao, namoral, respeita à opnião da mulher. Ela faz o que quiser com o corpo; vc n sabe o que ela tá passando e nem a história dessa mulher, pra vcs homens que tem a cabeça do século passado vcs tem que se fuder. #respeitasmina",0,0.0629587396979332,0.9370412826538086,,Random
"Nenhuma sociedade civilizada permite que um ser humano intencionalmente prejudique ou tire a vida de outro sem punição. O aborto não é uma forma de contracepção, mas assassinato. Quem defende essa monstruosidade está fazendo apologia e deve responder criminalmente. #AbortoNao!",Concordo plenamente.,2,0.918420433998108,0.0815796107053756,,Random
Simples resolver essa questão:  Quem é a favor??? sugiro que o governo crie um programa para retirar o útero das belas donzelas. Quem não é a favor??? Continue com seu útero lindo e utilize-o para colocar belas crianças no mundo #AbortoSim #AbortoNao   Aborto é o caralho.,"Catecismo da Igreja Católica § 2270. A vida humana deve ser respeitada e protegida, de modo absoluto, a partir do momento da concepção.  #AbortoNao",0,0.93058842420578,0.0694115906953811,,Random
"Esquerdopatas defendendo o direito de matar bebês na barriga das suas mães.  Nesse caso, quem defende o direito à vida, poste:  #AbortoNAO !",Absurdo #AbortoNAO,1,0.9840719103813172,0.0159280747175216,,Random
Assassinato de incapazes #AbortoNao,Feto humano encontrado em lixeira morreu por asfixia | Roraima | G1  #AbortoNAO #AbortoNão,0,0.9935595989227296,0.0064404332078993,,Random
Essa galera do #Cloroquinanão levantando a teg abortosim é hilário.,"A #AbortoNao está 4 vezes maior que a contrária, mas o Twitter não mostra a real posição. Não podemos mais confiar nem nisso. É lamentável. O mundo jaz no maligno.",0,0.2346634417772293,0.7653365731239319,,Random
"A tag #AbortoNao está em 1º lugar nos trends com 50 mil tweets nas últimas 2h. Bora dobrar a meta? Então senta o dedo aí, e nada de postar a tag vazia!! Coloque uma Frase, vídeo ou Foto. Da rt aqui.",Boraaa #AbortoSIM,1,0.934628129005432,0.065371848642826,,Random
"O fundo dos movimentos pró-aborto são racistas. Margaret Sanger, a ativista de controle de natalidade, chegou a usar, na primeira edição do seu Boletim do Controle de Natalidade, artigos de eugenistas do III Reich. #AbortoNAO",É impressionante o quão podre o ser humano é de vir nos comentários dizer que isso é mentira. Por quê na maior parte dos casos a mulher é vista como a grande vilã e não a vítima. Entendam que o fato de uma mulher querer abortar não é ódio. É livramento. #AbortoSim,0,0.10991021245718,0.8900898098945618,,Random
Atenção!  Um fonte ligada ao governo Doria afirmou a mim que o planejamento é estender até o final de maio a quarentena.,Não tem a ver com o assunto ...mas   #AbortoNAO,2,0.9887014627456664,0.011298487894237,,Random
"O fundo dos movimentos pró-aborto são racistas. Margaret Sanger, a ativista de controle de natalidade, chegou a usar, na primeira edição do seu Boletim do Controle de Natalidade, artigos de eugenistas do III Reich. #AbortoNAO","Se seu argumento envolve religião apenas lembre-se de parar de usar os métodos contraceptivos pois segundo a religião é aborto também. Vão lá ter quantos filhos Deus quiser NA SUA VIDA, pq o estado é laico #AbortoSim",0,0.0448354855179786,0.9551644921302797,,Random
Aborto em caso de estupro: 1° é assassinato da mesma forma. 2° não apaga da memória. 3° é pecado mortal e sem volta. 4° a criança não pode pagar o erro do estrupador. 5° os mesmos que querem punir a criança matando-a defendem a manutenção da vida do estrupador. #AbortoNao,"#AbortoNao  Quem apoia, deveria ter sido abortado.",0,0.9880075454711914,0.0119924256578087,,Random
"Primeiramente #foradoria segundamente nao somos bobos, chega de usar nosso dinheiro #SenadoPL149NÃO terceiramente qual o sentido de colocar aborto pra votar agora, se todos estao lutando pra viver?! #AbortoNAO  Muito trabalho pra gnt robozada","Essa cambada de vigaristas funcionais têm pretensão de acabar com o país, só porque estão perdendo a chance de serem corruptos!! #ForaDoria #AbortoNao #BolsonaroTemRazao #BolsonaroTemRazao #BolsonaroTemRazao",1,0.9768908619880676,0.0231090933084487,,Random
"#AbortoSim ""feto só se transforma numa pessoa quando começa a produzir ondas cerebrais semelhantes às de um ser humano “pronto” – 8ª semana para uns, 20ª para outros. E, por fim, há os que apontam para a 24ª semana de gestação, quando os pulmões do feto já estão formados.""",Nao quer ter filho se previne (haa nem um método é 100 eficaz) paremde achar que podem assasinar um inocente #AbortoNao,0,0.0449279956519603,0.9550719261169434,,Random
Entrei na tag #AbortoNAO e tem muita gente que defende o aborto.  Provavelmente nunca passaram pela experiência de carregar uma vida no seu ventre.  Deveriam perguntar aos seus pais o que acham sobre o assunto.  Não há algo maior no mundo que o amor de mãe.,"Os q são a favor do aborto são os q seus pais criaram a placenta em vez do ser humano. Quero ver na prática, ao longo de suas vidas, praticarem um aborto e jurarem não ter problemas psicológicos.  E q, também, nunca imaginaram como seria o ser q assassinaram. #AbortoNao",1,0.5366315245628357,0.4633684754371643,,Incerta
#AbortoNao  CANALHAS imundos,"Acho cômico a opinião dessa galera. Já que homem não pode opinar sobre aborto, eu posso invocar a carta ideologia de gênero (que vocês tanto amam) e me auto declarar mulher pra poder ter direito a opinião? #AbortoNao",0,0.4385572671890259,0.5614426732063293,,Incerta
Isso aqui é questão de saúde pública. Aborto de pessoas com microcefalia é um preconceito velado e nada mais. #AbortoNao,"Muitos subindo a tag, sendo Maria vai com as outras mas nunca pondo um argumento apto na mesa, com licença né!! #AbortoNao #AbortoSim",0,0.4642543196678161,0.5357456803321838,,Incerta
Nem pensar. #AbortoNao,"triste em acordar e ver essa tag. Primeiro que o corpo é sim da mulher e segundo que o feto não sente nada   so p lembrar que se vc é a favor da tag,você é contra a educação sexual nas escolas  #AbortoNao",0,0.5384206175804138,0.4615794122219085,,Incerta
"o povo vê tanta alma no feto, mas não vê nenhuma no menino passando fome na rua...#AbortoNao","Gente parem com isso, todos nós somos mamíferos mds  #AbortoSim  #AbortoNao",0,0.592987596988678,0.4070123732089996,,Incerta
"COVID-19 provavelmente se originou em um laboratório de Wuhan ñ como uma arma biológica, mas como parte do esforço da China para demonstrar que seus esforços para identificar e combater vírus são iguais ou superiores.#AbortoNao",PQP ainda vou ver uma guerra nuclear ? #AbortoNao,1,0.5606067776679993,0.4393932819366455,,Incerta
"Segundo informações coletadas na OMS foram mais de 42 milhões de mortes de inocentes, mas não é #COVID19, esses números são de crianças assassinadas em 2019 no que chamam de aborto. Mas não é covid19, então é só fingir que não viu !!! #Hipocrisia #AbortoNao",Quem presta não defende o aborto #AbortoNao,0,0.5216938257217407,0.4783061444759369,,Incerta
"Bonito é ver quem é pró-vida, defendendo ""bandido bom é bandido morto"" #AbortoSim",MULHER NENHUMA DEVE SER OBRIGADA A DEIXAR DE FAZER A FACULDADE E SEGUIR SUA VIDA POR CAUSA DE UMA CRIANÇA/FETO  #AbortoSim #AbortoSim,0,0.5033256411552429,0.4966743290424347,,Incerta
A mulher deve decidir.#AbortoSim,""" #AbortoSim "" É fácil falar depois que nasceu! Tenha empatia pela as pessoas estão por vir! Se não quer engravidar, então não dê a vagina!!!!",0,0.4500271677970886,0.5499728918075562,,Incerta
"vocês não estão preparados pra debater sobre este assunto, muita gente já argumentou sobre, inclusive, deixa pra quando vier o juízo de Deus msm #AbortoNao","Preferem pagar mais de 1k no aborto, do que 20rs numa pilula do dia seguinte... #AbortoNao!",0,0.562004029750824,0.4379959404468536,,Incerta
"Acho cômico a opinião dessa galera. Já que homem não pode opinar sobre aborto, eu posso invocar a carta ideologia de gênero (que vocês tanto amam) e me auto declarar mulher pra poder ter direito a opinião? #AbortoNao",observando ALGUMAS opiniões de #AbortoSIM e #AbortoNao ... sinceramente  viu! decepcionante. As pessoas não aceitam opiniões contrárias.,0,0.4855635464191437,0.5144364833831787,,Incerta
FEMINAZIS USE CAMISINHA #AbortoNao,"Subiu essa merda de # e eu fui ver as postagens. Só tem homem. O auge é esse, deixa eu explicar: não sei se você sabe, mas a camisinha comumente usada vai no pinto. Do homem. Então HOMENS usem camisinha e não venham com “ain aperta” e depois querer opinar sobre aborto",2,0.5012928247451782,0.4987071454524994,,Incerta
"Imagens chocantes, mas necessárias para demonstrar a triste realidade e para compreendermos a importância da luta pelo #AbortoNao!  Esta criança foi assassinada com 18 semanas de gestação, foi usado o método de aborto salino — observe a pele queimada. Imagens: Pro Life Society.","#AbortoNao  Ow,  , é esse tipo de assassinato de indefeso que vocês pretendem permitir?! Esse um dos procedimentos abortivos (ASSASSINATO DE INDEFESOS) - JÁ NÃO BASTA O QUE ESTÃO DESCONSTRUINDO do Brasil??",2,0.541550874710083,0.4584491550922394,,Incerta
#AbortoNao quem é a favor  do aborto se mate! #AbortoSIM Quem não concorda é vai para o céu!,#AbortoSim quanto mais criança morta melhor,0,0.4570594429969787,0.5429404973983765,,Incerta
"“Ai eu sou a favor do aborto pq mulheres sofrem estupros e blablabla..”  - Quem sofre estupro JA PODE abortar, segundo o Código Penal   #abortoNAO",Aborto é assassinato.  #AbortoNao,0,0.5043714046478271,0.4956285953521728,,Incerta
“Sem útero sem opinião”  a maior prova de que quem fala isso não pensa com o cérebro  #AbortoNao,"“É absolutamente de excluir, como via legítima para a regulação dos nascimentos, o aborto querido directamente e procurado, mesmo por razões terapêuticas”   São Paulo VI  #AbortoNAO",0,0.4457767605781555,0.5542232394218445,,Incerta
"Todo mundo que apoiava a escravidão era livre, todo mundo que apoia o aborto já nasceu.   Falam em ""aborto seguro"". Pergunto, para quem? Afinal, o bebê sempre morre. #AbortoNao",Pq so vejo homens falando sobre aborto....,2,0.5362480878829956,0.463751882314682,,Incerta
Aborto não é método contraceptivo!se proteja #AbortoNAO,"#AbortoNao Não tem útero não opina,simples",0,0.4732303917407989,0.5267696380615234,,Incerta
Vcs esqueceram que mulher não engravida sozinha????? PLMDDS gente! Um pouco de senso pfvr #AbortoSim,Sou a favor do aborto em casos específicos como: a mulher não quis ter o filho. #AbortoSim,0,0.5610518455505371,0.4389481842517853,,Incerta
"Todo mundo que apoiava a escravidão era livre, todo mundo que apoia o aborto já nasceu.   Falam em ""aborto seguro"". Pergunto, para quem? Afinal, o bebê sempre morre. #AbortoNao","Não consigo conceber a ideia de que haja gente (gente?) que apoia esse tipo de assassinato. Se for ver, é essa mesma gente que apoia assassinos e ladrões. Ilógico! #AbortoNao",2,0.4909462034702301,0.5090538859367371,,Incerta
"parem de querer mandar no nosso corpo, buceta #AbortoSim",STF quer legislar de novo? Que novidade... #AbortoNao,0,0.4848540425300598,0.515146017074585,,Incerta
#AbortoNao. NÃO QUER FILHO NÃO ENGRAVIDA!!!,"Ser pró vida é naturalmente louvável, independente da religião, mas é  nojento ver cristãos defendendo o aborto.  #AbortoNAO",0,0.4390584528446197,0.5609416365623474,,Incerta
"meu corpo, minhas regras #AbortoSim",eh que eu sei amar você   Dua Lipa Rihanna Thomas Santana Joji #AbortoNao JUNGKOOK #samsungnobbb Titi #festabbb #Riverdale #عبودكا #instagrammusic #COVID19 #نايف_حمدان  #Apple #restateacasa  sadie #Covid_19,0,0.4405585825443268,0.5594413876533508,,Incerta
Só passei aq pra dizer que #AbortoSim,"#AbortoSim #AbortoNao  vcs que sao contra aborto sao os mesmo que negam comida pras crianças moradores de rua, vao se fuder seus hipocritas",0,0.5571936368942261,0.4428063035011291,,Incerta
O que algumas pessoas não entendem é quem quer fazer um aborto não deixa de fazer apenas faz em com métodos perigosos aumentando os riscos #AbortoNao,observando ALGUMAS opiniões de #AbortoSIM e #AbortoNao ... sinceramente  viu! decepcionante. As pessoas não aceitam opiniões contrárias.,0,0.5227342247962952,0.47726571559906,,Incerta
Fiquem com essa música sensacional das putinhas aborteiras kkkkkkkkkkkkk #AbortoSim,"Não é o estado quem diz o que a mulher deve fazer com seu próprio corpo, ela que deve ter o poder de decisão! #AbortoSim #AbortoSim",0,0.5272834897041321,0.4727165400981903,,Incerta
"não permitam o assassinato de bebês no ventre de sua mães! Nós imploramos, aborto NÃO! #ADI5581NAO #ABORTONAO #abortoeassassinato","Malditas feministas do demônio, bando de peludas mal amada. Nem nascendo de novo saberão o que é ser uma mulher, vocês não representam as mulheres, representam o próprio capeta. #AbortoNao",0,0.4819521307945251,0.5180479288101196,,Incerta
A questão do aborto e de fácil solução a pessoa q for contra pegue o feto e enfie no cu e deixe q se desenvolva la #AbortoSim  #AbortoNao,"nem deveria ter discussão, meu corpo minhas regras.. beijo  #AbortoSim",0,0.590828537940979,0.4091715216636657,,Incerta
Você é contra o aborto? Então senta o dedo nessa tag: #AbortoNao,"Não ""dizem"" que querem salvar vidas com a quarentena?!?! Pq querem aprovar o aborto?  #AbortoNao",2,0.5790941715240479,0.4209058284759521,,Incerta
"Desculpa, você disse capeta? #AbortoSim",Cada um adora a quem lhe imprime suas qualidades. Eu escolho Deus. Chora capeta.  #AbortoNao,1,0.5129407644271851,0.4870592057704925,,Incerta
#AbortoNao aborto sim kkkkk vsf,"Abortistas, perguntem as vossas mães porque elas não os mataram no ventre, a final, pela lógica elas  eram contra o aborto até então, postem as respostas aqui por favor. #AbortoNao",0,0.4424856901168823,0.5575143098831177,,Incerta
"#AbortoSim #AbortoNao A mulher decide oque é melhor pra ela, decide oque é melhor pro seu corpo, nós não somos obrigadas a NADA, e mesmo que a opinião fosse contrária não é vocês homens que deveriam opinar, SEM ÚTERO SEM OPINIÃO!",Aborto é coisa de vagabundo genocida #AbortoNao,0,0.5974377393722534,0.4025622308254242,,Incerta
"Enquanto lutamos pela nossa vida contra o covid19, o STF abre uma sessão pra liberar o aborto! Que país é esse?  #AbortoNao    #STFVergonhaNacional","A farsa da defesa da vida é o que se faz com o coronga . Bebês, então,  não têm a vida protegida.  #AbortoNao",1,0.496129423379898,0.5038706064224243,,Incerta
"“O aborto se vence com adoção. Quem não quiser as crianças, que as dê a mim. Não rejeitarei uma só delas. Encontrarei pais a elas. Ninguém tem o direito de matar uma vida que vai nascer: nem o pai, nem a mãe, nem o estado, nem o médico. Ninguém."" Madre T. de Calcutá.  #AbortoNAO",e adotou um total de 0 crianças....     ué,2,0.5863519906997681,0.4136479794979095,,Incerta
"CURIOSIDADE: 100% das pessoas que usam a hashtag ""AbortoSim"" não foram abortadas.   Infelizmente.",CURIOSIDADE: o aborto só é proibido pra quem é pobre.   Ou vc já viu algum rico com um filho indesejado?,2,0.4161875545978546,0.583812415599823,,Incerta
"Wafá Kadri lendo o teleprompter kkk.  Ela até o começo desse ano fazia parte da organização Eu Sou Livres, que luta pelo aborto, ideologia de gênero e liberação das drogas, mas agora a Pietra Bertolazzi e o Caio Coppolla pegou a Wafá para criar, agora ela é #Wafáconservadora","#AbortoSim  A mesma galera q é contra o aborto vira a cara quando vê criança pedindo esmola no sinal. Que vê criança correndo no parque e já chama de trombadinha. Que diz que quando crescer já ""sabe o futuro dela"" HIPÓCRITAS",2,0.437163233757019,0.5628368258476257,,Incerta
"Sim, aqui temos deboche, #elenao, #abortosim, várias coisas feministas dicas de filme e algms besteiras. Se não gostou olha meu status e saia após o BIP",#AbortoSim Pode fazer o aborto desde que a pessoa que o fizer morra junto.,0,0.5661063194274902,0.4338936805725097,,Incerta
"Lendo o que os anencéfalos do #abortosim estão dando como desculpa da até náuseas, mas tem que ter dó eles são irracionais. #AbortoNao #AbortoNao #AbortoNao #AbortoNao","Mulher tem 99% de controle do seu corpo, então se vc entre elas controle a sua pepeca. Também não venha com a desculpa de um relacionamento traumatizado, nós poupe mulher dos anos 2000. Se alguém passar dos 99% para o 1% a justiça vai te conceber os seus direitos. #AbortoNao",1,0.5479936599731445,0.4520063400268554,,Incerta
A defesa do #AbortoNao mata uma mulher a cada dois dias no Brasil. A médica Débora Campos contou ao Intercept como reduzir os riscos de um aborto inseguro – e nós resumimos as explicações em um conjunto de cards.,"Sem chance pra aborto aprovado no Brasil, não tem essa de corpo feminino, se tem útero ou não, a decisão é sobre uma vida que está surgindo, mesmo pq sem o homem não estaria uma vida surgindo, e não venham com papo de machismo comigo, sou contra o aborto, #AbortoNao",1,0.4451667964458465,0.554833173751831,,Incerta
"Quando vejo pessoas falando que aborto é um ""direito individual que deve ser respeitado"", só consigo lembrar daquela célebre frase do Paulo Kogos:  ""As fezes dos vermes valem mais do que a vida dos liberais"" #AbortoNAO",Vão costurar a Piriqueta que é melhor#abortoNAO#AbortoSim,0,0.5624956488609314,0.437504380941391,,Incerta
"Eu tenho uma pergunta, realmente sem meme... e caso a mãe quiser a criança e o pai força ela abortar ? tipo ele é famoso e tal e não quer a criança ou ser mencionado junto e força a mãe abortar mesmo q ela quisesse o bebê #AbortoSim #AbortoNão",Tantos meios de se previnir e quando pegam um buxo quer tirar... Ué pq não evitou engravidar  #AbortoNao,0,0.4166943430900574,0.5833056569099426,,Incerta
#AbortoNao. Não à matança de inocentes,"Ditadores estaduais e municipais quando não tiver dinheiro para pagar os funcionários públicos, vão até o . O governo federal não tem nada a ver com o prejuízo causado por vcs. #AbortoNAO",0,0.4580584466457367,0.5419415235519409,,Incerta
"Vendo a tag #AbortoNao no topo e a grande maioria dos defensores são homens. E ai, galera, ja pagaram a pensão esse mês? Ou a criança não morre de fome? Se ja pagou, ja deu atenção e amor ao seu filho também? Ou a mãe que a tudo passa que tem que se virar porque você acha errado?",Crianças desejadas e queridas desde a concepção e não gestações acidentais levadas adiante para satisfazer a sanha moralista e patriarcal! #AbortoSim,0,0.4244812726974487,0.5755187273025513,,Incerta
"Falar em abortar é fácil né? Afinal, você já nasceu #abortonao","#AbortoSim não é meu local de fala, mas preciso expor minha opinião. A questão da legalização do aborto entra em patamares filosóficos da dignidade humana. Uma mulher -usando ou não métodos contraceptivos- pode, sim, engravidar. Isso é incontestável. Mas é DEVER parar e pensar +",0,0.4957533776760101,0.5042466521263123,,Incerta
"#AbortoNao  A vagabunda arboteira quer sentir o leitão quente do irresponsável vagabundo, e quer ter direito a assassinar uma criança.  Vsf","O que eu acho mais engraçado do homem cis é quando ele fala que é contra o aborto e logo dps ta dando rt em gnt falando que bandido bom é bandido morto, bolsonaro fazendo  e imagens de crianças de rua super abaixo do peso  #AbortoNao #AbortoSim",0,0.4295724928379059,0.5704274773597717,,Incerta
"#AbortoNao ativismo em favor da vida é questão espiritual, quem tem alma e reconhece isso, é contra o aborto, e para isso, não depende do sexo da pessoa.","""Fetos não são humanos!"" ""Fetos não estão vivos!"" Saem da boca das mesmas pessoas que fazem essas placas... Por que ovos de tartaruga são tartarugas e fetos humanos são parasitas? Duplipensar é analfabetismo funcional... #AbortoNao #AbortoNunca",0,0.4882466793060303,0.5117533206939697,,Incerta
Uns falam #AbortoNao outros #AbortoSIM e os moleques da tua rua la passando fome,A real é que muito é Pro-Nascimento não Pro-Vida rss #AbortoSim,0,0.4668780863285064,0.5331218838691711,,Incerta
#AbortoSim!!!  Um dia chegaremos lá...,Uma mulher tem o direito de decidir se quero ou não carregar uma criança dentro de si até pq não é surpresa ou um alvoroço quando o cara cara que gozou dentro some (poderia chamar de pai mas pai cria e da amor). #AbortoSim,0,0.5070224404335022,0.4929776191711426,,Incerta
"Apoiar a legalização do aborto é apoiar a eugenia, basta ver os países onde essa monstruosidade é permitida. Na Islândia eles comemoraram a ""erradicação"" da  Síndrome de Down... abortando todos os bebês assim diagnosticados.  *Vídeo via  #AbortoNAO","Projetos d seres humanos e ideopatas levantando a tag #AbortoSim como método contraceptivo. Existem casos a serem considerados, mas o q pedem é em qualquer situação e escolha EXCLUSIVA da mulher. Boa notícia p quem paga pensão, n é seu filho, é dela. Corte o benefício e cuidados.",0,0.453834593296051,0.5461654663085938,,Incerta
"Já questionei várias vezes, mas até agora nada.  Sabem de algum caso em que a mulher abortou o filho de um jogador de futebol?  #AbortoNao!","Olha, de alguma que abortou não, mas que foi assassinada, estuprada, assediada sim E TODAS quando expõem o crime sofrem com comentários do msm calão que esse.  IDIOTA.",2,0.4062527120113373,0.5937473177909851,,Incerta
Eu   #AbortoNAO  Estamos de olho,queria saber pq tem um monte de mula levantando a #abortonao se nem utero tem...,0,0.1320369690656662,0.8679630160331726,,Alta
"#AbortoNao  precisamos de impedir as políticas genocidas de Bolsonaro que está abortando milhares de vidas no Brasil.   Bolsonaro está eliminando aldeias indígenas, meio ambiente e sua atitude contra o isolamento coloca em risco a saúde pública do país.",sério que subiram uma tag contra o aborto no Twitter sendo que 90% do pessoal aqui nao queria nem ter nascido? óbvio que #AbortoSim,0,0.1692666113376617,0.8307334184646606,,Alta
O dia que o aborto for liberado nesse país eu vou fazer um churrascão. #AbortoSim,"Ditadores estaduais e municipais quando não tiver dinheiro para pagar os funcionários públicos, vão até o . O governo federal não tem nada a ver com o prejuízo causado por vcs. #AbortoNAO",0,0.1469507962465286,0.8530492186546326,,Alta
"Meu sonho é as pessoas um dia tomarem a maior conciência do mundo que é cada um cuidar da sua vida, quando a pessoa souber fazer isso, ela conquistou tudo. Se tu não quer abortar é só não fazer, mas não impeça alguém de usar o seu livre arbítrio pra isso. #AbortoSim",O  tem como dar uma aula e apresentar inúmeros argumentos incontestáveis contra o aborto.  #AbortoNao,0,0.1853145360946655,0.8146855235099792,,Alta
"ok, minha hora de brilhar por que não legalizar o aborto? você não vai estar matando nenhuma vida, um embrião não sente dor até as 12 semanas de vida. você só aceita o aborto em casos de estupro? por que? porque os casais deveriam ter mais cuidado +  #legalizaroaborto",só queria mostrar esse tweet de novo aqui #AbortoSim,2,0.1633624881505966,0.8366374969482422,,Alta
"#AbortoNao é da conta de quem não está carregando o filho! Deixem as mulheres serem livres para tomar suas escolhas! A maioria das pessoas que são contra, não levanta um dedo pra ajudar crianças desabrigadas, então não venham querer impor regras!",#AbortoSim pq nenhuma criança merece nascer nesse mundo horrível e nenhuma mulher merece ser mãe sem amar a criança,0,0.1083410829305648,0.8916589617729187,,Alta
"Venho aqui com o meu útero pra dizer que todo mundo merece viver. Aborto não é politicagem, é uma questao moral   #AbortoNao","Sou a favor do aborto. Concordo em alguns casos, discordo em outros. Eu não teria coragem de fazer, mas nem por isso irei ser contra, e sacrificar todo um conjunto de mulheres que precisam disso como uma questão de saúde pública. Ver essa tag, é foda #AbortoNao",0,0.170735478401184,0.8292645215988159,,Alta
"Ser a favor do aborto ñ significa q eu vá abortar, é pelo direito das mulheres sobre o próprio corpo e não correr riscos! Invés de legalizar logo, fica nessa cachorrada!  #AbortoSim   +","Mulheres da classe alta abortam sem correr riscos de vida, enquanto as demais realizam aborto clandestino por não terem condições, nisso botam a própria vida em jogo!  Incrível que em pleno século XXI as mulheres não podem tomar essa decisão! #AbortoSim",1,0.1885890215635299,0.8114110231399536,,Alta
"20 Ai dos que ao mal chamam bem, e ao bem mal; que fazem das trevas luz, e da luz trevas; e fazem do amargo doce, e do doce amargo! Isaías 5:20 #AbortoNao #ForaDoria","#AbortoNao é da conta de homem nenhum, pq o q vocês mais fazem é trair e engravidar, engravidar mulher sem consentimento, estuprar e depois largar a mulher de mãos atadas como se elas fossem as únicas responsáveis. Tem homem que não lavam nem o próprio pinto direito e quer opinar",0,0.1748526096343994,0.8251474499702454,,Alta
A real é que muito é Pro-Nascimento não Pro-Vida rss #AbortoSim,"#AbortoNao   A vida humana deve ser respeitada e protegida, de modo absoluto, a partir do momento da concepção. (CIC  §2270)",0,0.1663024127483368,0.8336976170539856,,Alta
Aborto é coisa de homem frouxo e puta.  #AbortoNao,"#AbortoSim pq quem escolhe é quem está grávida, ninguém é obrigada a ter filho pq os outros falam o que é certo ou não.",0,0.1172312274575233,0.8827687501907349,,Alta
"Sou a favor do aborto em casos de:  A mulher tá grávida e não quer mais estar, aí ela vai lá e aborta #AbortoSim",Se a mulher quiser abortar não se mete no corpo dos outros cuide do seu e deixe o dos outros em paz.#AbortoSim,0,0.1444311589002609,0.8555688858032227,,Alta
#AbortoNao é assassinato e homens não tem opinião! ponto,#AbortoNao Os másculos pró vida são os mesmos que querem a morte do favelado que roubou o seu - iPhone 11 pro MAX - de 8 mil reais.,0,0.1758490800857544,0.8241509199142456,,Alta
"#AbortoSim me admira ver mulheres falando tanta merda sobre mulheres que optam por abortar. o pior é a critica ao feminismo. vemk senta aqui, se não fosse o feminismo, vcs nem estaria falando merda, nós conquistamos esse direito de fala, embora algumas usem disso pra falar merda.","É crime e acabou, cale a boca e vá lavar a louça kkkkkk",2,0.1253641843795776,0.8746358752250671,,Alta
#AbortoNao se não quer ter filho que legalize o retirada do útero simples,"passei raiva lendo a #abortonao, se a coleguinha quiser abortar ELA aborta pq a vida e o corpo são DELA e NINGUÉM tem que se meter   #AbortoSIM",0,0.1222269535064697,0.8777729868888855,,Alta
#AbortoSim quem apoia o aborto se mate! faça esse favor !,Acho super escroto quem fica metendo deus em qualquer assunto pra justificar ou querer ter a razão  #AbortoNao,0,0.1414435058832168,0.8585565090179443,,Alta
"Os homens aqui dizendo que é contra o aborto, só esquecerem que os homens são os maiores protagonistas desse assunto. Mais de 80% das crianças têm como primeiro responsável uma mulher e 5,5 milhões não têm o nome do pai no registro de nascimento #AbortoNao",#AbortoNao só to vendo um monte de homen branco cheio de privilegios comentando sobre as decisões de vida de uma mulher   Mas quando é um cara branco abandonando uma criança ninguém toca no assunto né  #AbortoSim,0,0.1234015822410583,0.8765984773635864,,Alta
"o aborto é algo que acontece independente da sua legalização e regulamentação. Só que o maior número de mortes atinge mulheres de baixa renda. Não é uma questão de moral, é uma questão de saúde pública #AbortoSIM",Deus presenteou a mim e a minha esposa com 8 filhos. Somos muito felizes com cada vida que receberemos das mãos de Deus.  #AbortoNao,0,0.1693628877401352,0.8306371569633484,,Alta
o meu corpo é meu. meu corpo não é um parquinho político. não é um lugar para legislações. é meu e é o meu futuro    #AbortoSim,#AbortoNao O suicídio e o ABORTO perante a justiça de Deus têm o mesmo peso e a mesma medida. Ambos caracterizam maldade e covardia.,0,0.1322669684886932,0.8677330613136292,,Alta
"Apoio o aborto mas também não faria um. Não mataria um filho meu. Mas se a pessoa quiser mesmo fazer, ela fará de qualquer jeito, legalizado ou não. Então legaliza logo.  #AbortoSim",Não mesmo.  #AbortoNao,0,0.1044490784406662,0.8955508470535278,,Alta
"GENTE A MAIS NOVA É: fetos não precisam mais ficar na barriga da mulher, nem serem alimentados pelo cordão umbilical, pois pasmem, SÃO INDEPENDENTES E claro desde o primeiro mês de vida já trabalham muito para o próprio sustento #AbortoNao",#AbortoNao voçe que e homem e é a favor do abarto lembrese que vc ta com uma pica na boca,0,0.1017287373542785,0.8982713222503662,,Alta
Graças a Deus a #AbortoNao ganhando de lavada. Amém.,Sem útero sem opinião. #AbortoSim,0,0.1598346531391143,0.8401653170585632,,Alta
Mentalidade genocida. Coisificação - a desumanização do feto é uma das etapas previstas no observatório do genocídio no mundo...   #AbortoNao,Tá bom.  #AbortoSim,1,0.1184191107749939,0.8815808892250061,,Alta
"#abortosim o aborto é errado ,fato  (a vida do bebê não é a mesma vida que a da mulher ) mas a questão é  TUDO QUE É ERRADO DEVE SER PROIBIDO???? ainda mais dentro do contexto brasileiro acho que não  então #abortosim   #AbortoNao","Mano, essa foi a melhor pérola dessa #  Que lógica magnífica",2,0.1158268228173255,0.8841731548309326,,Alta
"#AbortoNao Engraçado que vocês só se importam com as crianças, enquanto estão na barriga. Depois fingem que elas não existem, apóiam trabalho infantil, chamam de vagabundos, e se entram no mundo do crime por causa da vida merda que teve, querem a morte deles. #AbortoSim por elas.","""a criança passa fome, então ela estaria muito melhor MORTA"" Mas é uma puta lógica de elitistazinho arrombado",2,0.1537569314241409,0.8462430834770203,,Alta
"Para debater e dialogar sobre política, exige um pouco de calma e paciência.   Mas a minha paciência acaba quando vejo alguém defendendo o aborto.  É IMPOSSÍVEL conversar sobre qualquer assunto com uma pessoa que defenda MATAR um bebê inocente na barriga da mãe.  #AbortoNao",#AbortoNao  Aborto no BRASIL?  NUNCA!  PODEM ESPERNEAR...  BRASIL CELEBRA VIDA!  AVIVAMENTO!  Q,0,0.987374782562256,0.0126252099871635,,Random
STF quer aplicar a medida enquanto a gente não tá vendo!! #AbortoNao,STF desgraçados #AbortoNao,1,0.995900332927704,0.0040996288880705,,Random
"Sério q a esquerda está levantando tag p/ apoiar o crime de assassinar fetos? Q eu saiba os artigos 124 a 126 não foram revogados.É proibido se manifestar contra as medidas restritivas que estão nos levando ao sucateamento econômico, mas fazer apologia ao aborto pode?  #AbortoNao",#AbortoNao esquerda maldita!,2,0.9607270956039428,0.0392728522419929,,Random
Eu não sou a favor e não faria #AbortoNao porém existem o livre abitrio e nesse caso sou a favor da legalização #Abortosim,"Jesus, meu Deus e meu Pai, onde vamos chegar??? Senhor me perdoe, mas se uma dessas chegar na minha frente a briga vai ser feia.  #AbortoNao !!!!!!",0,0.7759157419204712,0.2240843027830124,,Random
"#AbortoSim nao é pq é legalizado que vc sera abrigada a abordar,  e nao pq nao é legalizado que não acontece","Sou a favor do aborto, porém o governo podia facilitar para pessoas mais novas fazerem a laqueadura, tenho 33 anos e não quero filhos e ainda assim os médicos colocam imposições para fazer a cirurgia; #abortosim",0,0.1910626590251922,0.8089373111724854,,Random
"A tag #AbortoNao já passou dos 100.000 tweets!  Obrigada, brasileiros. Felizmente, só uma minoria apoia ativismo judicial para matar bebês.","Pois é, o que me espanta é que todo mundo que é a favor do aborto, taí, nasceu, queria ver se pudessem ter um vislumbre Qnd feto, e se tivessem na condição de serem abortados se teriam a mesma opinião? Cambada de hipocrita!  #AbortoNao #abortonunca #abortoeassassinato",1,0.3668757677078247,0.6331242322921753,,Random
"A tag #AbortoNao já passou dos 100.000 tweets!  Obrigada, brasileiros. Felizmente, só uma minoria apoia ativismo judicial para matar bebês.",Minoria  que normalmente apoia tudo de ruim  #AbortoNao,1,0.8669666647911072,0.1330333799123764,,Random
Aborto jamais! #AbortoNao,O que a galera não quer entender é que o aborto ser legalizado nao vai influenciar em nada pois quem quer abortar JÁ FAZ! A legalização só iria trazer uma certa segurança no processo.#AbortoNao,0,0.9802554845809937,0.0197444539517164,,Random
"Se a sua religião não te permite abortar não faça! Não seja egoísta ao ponto de impor a sua fé sobre a decisão de milhares de mulheres, você tem sua religião e o estado é laico! #AbortoSim","Com útero ou sem, todos viemos de um útero,  essa pandemia reforçou o instinto de sobrevivencia do ser humano e todos os que foram feto, podem opinar para defender aqueles fetos que querem calar na concepção. Aborto é crime contra a vida #AbortoNao",0,0.0669927299022674,0.9330072999000548,,Random
"#AbortoNao só sendo muito sangue frio pra defender o fim da formação de uma vida - esta que já é um indivíduo, com código genético e toda a essência necessária para sua total formação. Quem é a favor do aborto, é contra a vida inocente. Leiam",#AbortoSim é tão difícil de fechar ?  #AbortoNão,0,0.1987296044826507,0.8012704253196716,,Random
"O País passando por uma pandemia, vidas se esvaindo e esse fdp do Dias Tofolli aproveita e pauta ADI do Aborto. #Abortonao",Jamais aborto  #AbortoNao,0,0.9927404522895812,0.0072595882229506,,Random
Aborto não é método contraceptivo!se proteja #AbortoNAO,Prestem atenção #AbortoNao é sem o “til”....,0,0.8421163558959961,0.1578836590051651,,Random
Liberais defendem o direito à vida. #AbortoNao,que mane liberais oq meu filho vcs sao comunista vai te enxergar,2,0.1058794036507606,0.8941205739974976,,Random
"É só ñ fazer o bebê,simples!!!!#AbortoNao",os #abortonao ai:,0,0.5466066598892212,0.4533934295177459,,Random
A tática do sistema é a mesma; pautam dos temas para aprovar um e jogar outro como cortina de fumaça. Decreto/Aborto. #AbortoNao,"Vou explicar pra ti porque não, porque já penso essas adolescentes sem cabeça depois que legalizar o tanto que vão trepar sem se cuidar porque agora o aborto é liberado. Pense antes de abrir as pernas e encare as consequências disso #AbortoNao",0,0.9816452264785768,0.0183548126369714,,Random
"Entro na #AbortoNAO e a primeira coisa q eu vejo é ""homens não podem opinar sobre aborto""  Meu cu, eu engravido logo eu posso opinar sim. Vai se fuder se vc não específica essa merda. Homem CIS não pode mesmo, mas homem trans PODE e DEVE opinar sobre aborto.",#AbortoNao um monte de jovem sem cérebro falando sobre criar filhos como elas acham que chegaram aqui através de mulheres fortes que assumiram suas  responsabilidades tenham respeito por elas ...,0,0.0927026122808456,0.9072973132133484,,Random
"É assassinato. É indiscutível. #AbortoNao E pena de castração para os abortistas, poderia?","#AbortoNao   Desculpa... Mas se você é do grupo da militância doentia do #AbortoSim, me dá unfollow e me silencia... PQP!!! Se quiser me dá até block...",0,0.1971049904823303,0.8028949499130249,,Random
Olha quem quem está festejando com as assassinas de crianças.  #AbortoNao,o tanto que eu to rindo n cabe em mim,2,0.970256209373474,0.0297438241541385,,Random
Aborto é assassinato!  #AbortoNAO,#AbortoNao NUNCA.......,0,0.9855828285217284,0.0144171891734004,,Random
A maioria que tá subindo a #AbortoNao nem sabe pq o assunto entrou em pauta  isso q é foda.,"""(...) a mulher, quando sentir, por algum motivo, que deve realizá-lo, poderá fazê-lo em uma clínica especializada e não em um açougue, como ocorre atualmente - isso quando não é feito em casa mesmo.""    #Aborto #AbortoSim #coronavirus #Covid_19 #chronicle",0,0.9619051218032836,0.0380948558449745,,Random
"Não quer ter um filho, simples: use camisinha ou um método contraceptivo, há tantos. Tente a laqueadura!  Porquê essa sanha por aborto? Haaa, é claro, o fim é combater a fé cristã que é a base da sociedade e q condena veementemente o homicídio.  #AbortoNao","A discussão de quem é #AbortoNao nunca foi sobre o feto, e sim sobre castigar mulheres com vida sexual ativa e as impedir de decidir sobre o próprio corpo   Se não fosse, aborto em caso de estupro seria igualmente condenado. A questão é e sempre foi a mulher querer ou não transar",0,0.081822246313095,0.9181777834892272,,Random
Eu precisooo #BBBaEliminacao #samsungnobbb #festabbb #vaiquecola #LiveDoRevela GIZELLY NO MULTISHOW #AbortoNao #AbortoSim Paulo Gustavo Xande Galaxy S20 sadie Ferdinando REMEMBER PRIOR #Apple #BBB20 #PINTOAWARDS #BTSReComeback2020,STF aproveitando crise para legalizar aborto.  Não podemos permitir. #AbortoNao,0,0.9935888051986694,0.0064111552201211,,Random
"STF pautou ABORTO para dia  24 , no auge da Pandemia. Enquanto dormimos, STF cumpre a pauta  dos COMUNISTAS para assassinar indefesos !  STF, diz que quer salvar vidas prendendo as pessoas em casa com fome , enquanto pauta assassinatos, de bebês.  #AbortoNAO",Inimigos do país esse bando de toga! #AbortoNao,1,0.9922873973846436,0.0077126272954046,,Random
Vocês são tudo pró feto e não pró vida #AbortoNao,#AbortoNAO  não mate as crianças que ainda estão no ventre de suas mães.,0,0.160506010055542,0.8394939303398132,,Random
"A tag #AbortoNao já passou dos 100.000 tweets!  Obrigada, brasileiros. Felizmente, só uma minoria apoia ativismo judicial para matar bebês.",#AbortoNao  Pelo direito a vida!,2,0.9062542915344238,0.0937456488609314,,Random
"Pra mim, pode abortar até o 9° mês de gravidez. Se é vida ou não, acho q a discussão não importa, o bagulho da morte n é nem a dor e sim as coisas de valor sentimental q vc perde q é bad e no caso do bebê não tem nenhuma. #AbortoSim #AbortoNao","#AbortoSim em todos os casos, em qualquer situação. Ngm tem direito sobre o corpo do outro, a decisão é delas!",0,0.4128733277320862,0.5871267318725586,,Incerta
Querem liberar o assassinato em massa de inocentes..#AbortoNao,Só queria deixar claro que #AbortoSim,0,0.4100363552570343,0.5899636149406433,,Incerta
"Sério q a esquerda está levantando tag p/ apoiar o crime de assassinar fetos? Q eu saiba os artigos 124 a 126 não foram revogados.É proibido se manifestar contra as medidas restritivas que estão nos levando ao sucateamento econômico, mas fazer apologia ao aborto pode?  #AbortoNao","Qual o espanto Deputado? Da esquerda pode ter certeza de q tudo de ruim é apoiado Sempre! Aborto, roubo, prevaricação, crimes de toda ordem. Vivem disto e para isto. Nenhuma novidade Aborto Não! #ChegouHoraDoChega",2,0.4584359526634216,0.5415641069412231,,Incerta
"A PROIBIÇÃO do aborto que é ASSASSINATO inferno.  #AbortoSim  ""No País, 1 milhão de abortos induzidos ocorrem todos os anos e levam 250 mil mulheres à hospitalização.""  Uma mulher a cada dois dias morre no Brrasil por conta da falta de segurança na hr do ab","Eu venho usando o termo ""pessoa"" pq homens trans também podem engravidar (se eu estiver errada me corrijam). Peço desculpas se deu a entender mal, mas a minha opinião continua #AbortoSim",2,0.4471011757850647,0.5528988242149353,,Incerta
"caso tenha acontecido violência contra mulher,#AbortoSim caso vc só seja uma merda de pessoa que não se preveniu, não correu atras de tudo pra não acontecer, #AbortoNao !!!!!",Todos que são a favor do aborto já nasceram #AbortoNao,0,0.4872286915779114,0.5127713680267334,,Incerta
Só vejo quem não foi abortado sendo a favor do aborto. #AbortoNao,#AbortoSim  Fico triste com isso porque o próprio ser humano querendo matar a sua própria espécie.,0,0.5523722767829895,0.4476276934146881,,Incerta
"Querem considerar o ABORTO como um caso de ""saúde pública"".  Sei.   O que tem a ver com ""SAÚDE"" um procedimento em que:  Duas pessoas ENTRAM sãs,  uma sai MORTA e a outra DESTRUÍDA?  #AbortoNao",É falta de saúde mental... #AbortoNAO,2,0.5631259083747864,0.4368740916252136,,Incerta
"#AbortoNao -  A favor da vida, sempre!","Eu vendo um monte de gente que não sabe nada do assunto, querendo falar a sua opinião/o que acha:   #AbortoNao",0,0.4795866012573242,0.5204133987426758,,Incerta
Teste com as mulheres que querem abortar ver a imagem do seu feto com 10 semanas. É muito fácil eliminar e exterminar o que não se vê.  Não sentir culpa nem tristeza e bem mais confortável. #AbortoSim #AbortoNão  #aborto  #Covid_19,É homicídio e foda-se  Qualquer argumento contrário é apenas argumentos pra se livrar da culpaa  Minha opinião... cada um com a sua #AbortoNao,0,0.5833077430725098,0.4166922867298126,,Incerta
Eu fico só o Lunga nessa foto quando vejo macho escroto falando que mulher não deveria optar por aborto porque blablablabla  #AbortoSim porque a escolha deveria ser da mulher e SOMENTE da mulher,"Adultos são responsáveis por suas decisões, não podendo transferi-las para terceiros.   #AbortoNao",0,0.4339840114116668,0.5660159587860107,,Incerta
"#AbortoSim  temos que falar isso:  - quem quer fzr aborto faz, a lei é ineficaz - mulheres pobres usam métodos perigosos e correm risco de vida - mulheres com alto padrão de vida possuem acesso a clínicas no estrangeiro e até mesmo clandestinas +","#AbortoNao já não basta o Covid-19 matando os idosos, agora querem cometer homicídio tbm com os bebês.",0,0.4185787439346313,0.5814212560653687,,Incerta
Eu só concordo com o aborto em duas situações:  Estupro ou se ela simplesmente quiser abortar #AbortoSim,"#AbortoNao Por mais que eu PESSOALMENTE seja contra o aborto, não acredito que o mundo seja feito de decisões razas onde só existem dois botões a serem apertados, principalmente para casos polêmicos como este! Posso estar enganado!",0,0.4881516098976135,0.5118483304977417,,Incerta
"Bora subir, robozada?   #AbortoNao","bora, #abortosim",2,0.5674459338188171,0.4325540363788605,,Incerta
"#AbortoSim não sou eu que tem q dizer q o aborto é certo ou não, até pq isso é uma questão das mulheres, e elas fazem oq bem entender com o próprio corpo.","Se eu escolho dirigir na contramão em troca da adrenalina, eu assumo o risco de por consequência bater o carro! Se eu escolho fazer sexo, eu assumo o risco de gerar uma criança como consequência do ato. Tudo na vida tem consequência, por quê sexo não teria? #AbortoNao",0,0.5154193639755249,0.4845805764198303,,Incerta
"é muito fácil falar que é contra o aborto, mas ai o cara chega engravida a mulher e some #AbortoNao",#AbortoSim Meu corpo minhas regras Não quero filho agora.  Quando querer e o pai não vai correr pedir pensão   #AbortoNao,0,0.570507287979126,0.4294927418231964,,Incerta
"Jesus, meu Deus e meu Pai, onde vamos chegar??? Senhor me perdoe, mas se uma dessas chegar na minha frente a briga vai ser feia.  #AbortoNao !!!!!!","Essa discussão só acontece por dois motivos, ou o imbecil não entendeu que lá na barriga da mulher e uma vida independente da dela, ou só é um assassino desalmado que pouco lhe vale a vida humana. #AbortoNao",0,0.4640336036682129,0.5359663963317871,,Incerta
"Pqp, vc não é obrigado ter filho, então usa camisinha cacete, toma anticoncepcional, tudo gratuito  no posto de saúde.   #AbortoNao","Aos cristãos: lembre-se q o mesmo Edir Macedo q hj é aliado d Bolsonaro na Rede Record, é o que apoiava Dilma, Haddad e Lula, é favorável ao aborto, além d explorar fiéis. ""Assim diz o Senhor: Maldito o homem que confia no homem"" Jeremias 17:5 #AbortoNao",0,0.551733672618866,0.4482662975788116,,Incerta
"Mano sobre o #AbortoSIM e o #AbortoNao, depende muito da situação, exemplo:   Você tem somente 15 ou 16 anos, e foi estrupada por um vagabundo, infelizmente  você descobre que está gravida, porém você não tem condições de criar a criança, eu apoio o #AbortoSIM    (leiam o final)","MAS SE VOCÊ QUIS ENFIAR UMA ROLA NA BUCETA SEM CAMISINHA, E ENGRAVIDAR, VOCÊ CRIA A CRIANÇA #AbortoNao.   BOA NOITE :)",1,0.574923038482666,0.4250769913196563,,Incerta
Sempre bom lembrar: #AbortoSim,"Parem de opinar pelos outros,cada um escolhe o que faz #AbortoNao #AbortoSim #mulheresdecidem",0,0.4154949486255646,0.5845050811767578,,Incerta
Dizer que aborto é questão de saúde pública é o equivalente a afirmar que o trabalho escravo é mera questão econômica.  #AbortoNao,"Achando que ia passar raiva com a tag #AbortoNao, mas a maioria é criticando. AMO",0,0.5864208936691284,0.4135790765285492,,Incerta
#abortonao = 30k de tweets #abortosim = 2k e meio. Recomendo pararem de brigar sobre isso. O duelo já foi decidido.,Até em âmbito democrático eles perdem kkkkk,2,0.5722125768661499,0.4277873933315277,,Incerta
O mundo está voltado para preservar a VIDA !!  O supremo se empenha e pauta o ABORTO para próxima semana Absurdo!   #AbortoNao   #ABORTONUNCA,lkkkkkkkkkk homem opinando sobre aborto,2,0.4752761125564575,0.5247238874435425,,Incerta
"#Abortosim, engraçado que quem levanta essa tag está vivo né.",Não ao aborto!  #AbortoNao,0,0.530114471912384,0.4698854684829712,,Incerta
"Não quer a bebê? Comece prevenindo-se.  Aconteceu? Deixa a bebê nascer e DOE, mas não MATE! DOAR é um ato de AMOR. MATAR NÃO É AMAR. Pense que poderia ser você. DOE, mas NÃO MATE! #AbortoNao","#AbortoSim é o caralho, vo na #MonarquiaJa",0,0.4952017068862915,0.5047982335090637,,Incerta
"Esquerdopatas defendendo o direito de matar bebês na barriga das suas mães.  Nesse caso, quem defende o direito à vida, poste:  #AbortoNAO !",Esquerdistas não  nasceram? #abortoNao,1,0.5179649591445923,0.4820350408554077,,Incerta
"Esquerdopatas defendendo o direito de matar bebês na barriga das suas mães.  Nesse caso, quem defende o direito à vida, poste:  #AbortoNAO !",#AbortoNAO  É um crime terrível  matar um inocente,2,0.5311304330825806,0.4688695669174194,,Incerta
mds o cara falar que a pessoa que apoia o aborto é pq quer transar sem camisinha sem se preocupar com filho PUTAMERDA,"Que injustiça né,  o que tem demais , só  matar e pronto. #AbortoNao",2,0.490460991859436,0.5095390677452087,,Incerta
"O que a Bíblia fala sobre o aborto?  ""Antes que te formasse no ventre de sua mãe, Eu te conheci""  Jeremias 1.5 #AbortoNao","Se homens brigarem e acabarem ferindo uma mulher gravida ,e se ela perder o próprio filho !  Então os responsáveis PAGARÃO com a própria vida!    Êxodo 21:22, 23 #AbortoNAO",1,0.4787087738513946,0.5212913155555725,,Incerta
PELO FIM DA MATERNIDADE COMPULSÓRIA !  #AbortoSIM,Se o poder emana do povo. Por que #STFVergonhaNacional fazem o que querem?  #AbortoNao,0,0.4023832082748413,0.5976167917251587,,Incerta
#AbortoNao  Abortista é pior que comunista e nazista.,#AbortoNao é meu cu o lance é #AbortoSim e remember prior tb eh meu cu,0,0.490685373544693,0.5093146562576294,,Incerta
tem q ser muito babaca pra ser contra o aborto viu  #AbortoNao,"""Qualquer país que aceite o aborto não está ensinando o seu povo a amar, mas a usar de qualquer violência para conseguir o que se quer.""  Madre Teresa de Calcutá #AbortoNao",0,0.5897762179374695,0.4102237522602081,,Incerta
"Mano sobre o #AbortoSIM e o #AbortoNao, depende muito da situação, exemplo:   Você tem somente 15 ou 16 anos, e foi estrupada por um vagabundo, infelizmente  você descobre que está gravida, porém você não tem condições de criar a criança, eu apoio o #AbortoSIM    (leiam o final)","Geral na tag #AbortoNao se fazendo de ""pró vida"", mas não mede qualquer esforço para disseminar ódio, reproduzir falas machistas e em alguns casos que vi, falas homofóbicas também.  #AbortoSIM",0,0.5773409605026245,0.4226590692996979,,Incerta
Ser favor da legalização do  aborto não significa querer abortar e sim entender que cada mulher faz oq julga melhor para seu próprio corpo e entender que se no seu corpo manda Deus no meu mando eu  #AbortoSim,É isso #AbortoSim,2,0.542249321937561,0.4577506482601166,,Incerta
"#AbortoSim se vc tem consciência que tá sacrificando alguém, mas não queira minimizar ou romantizar tal ato para que seu fardo se torne mais leve.  É uma era em que se romantiza tudo, ninguém quer ter dor na consciência.",#AbortoNao DE JEITO NENHUM!!!!,0,0.4352909922599792,0.5647090077400208,,Incerta
#AbortoNao pq aborto é assassinato. Qualquer paquiderme sabe disso.,"Deixa ver se entendi. Sou idosa e querem me trancar em casa, ora salvar minha vida. Mas o  resolveu pautar tirar a vida de quem tem muito a viver? esses togados servem ao maligno.  #AbortoNao",0,0.4833128750324249,0.5166870951652527,,Incerta
aonde começo isso de #AbortoNao e #AbortoSim ?,"#AbortoNao   E vá tomar no meio do seu cu se você é a favor, filho da puta!",0,0.5493156909942627,0.4506843090057373,,Incerta
"Sério q a esquerda está levantando tag p/ apoiar o crime de assassinar fetos? Q eu saiba os artigos 124 a 126 não foram revogados.É proibido se manifestar contra as medidas restritivas que estão nos levando ao sucateamento econômico, mas fazer apologia ao aborto pode?  #AbortoNao","Aos defensores do aborto, dêem o exemplo e se abortem dessa vida mundana, mostrem a todos que o aborto funciona!!! #AbortoNao",2,0.5850116014480591,0.4149883687496185,,Incerta
"Se você é a favor do aborto, me faça um favor com o unff. #AbortoNao",O aborto no BR já tem previsão:  - Risco de vida para a mulher causado pela gravidez. - Gestação é resultante de um estupro. - Se o feto for anencefálico.  A lei permite que o SUS realize o aborto nesses 3 casos.,2,0.5916503667831421,0.4083496034145355,,Incerta
Como vc se sentiria se tivesse sido abortado (a)? . . .  Ah... Verdade você não estaria por aqui não é? Defendendo o aborto...  #AbortoNAO,Assassinato de bebês ? Naaaaaaaaaao #AbortoNao,0,0.4777448773384094,0.5222551822662354,,Incerta
"Como é feito o assassinato de bebês que você defende: #AbortoNao  1- Por Sucção  Insere-se no útero um tubo oco que tem uma ponta afiada. Despedaça o corpo do bebê que está se desenvolvendo, assim como a placenta e absorve ""o produto da gravidez""(bebê),depositando-o  em um balde+","Se você entende de classe ontólógica, e a relação entre ato e potência na metafísica aristotélica você sabe que aborto é uma agressão a liberdade, e se existe excessão à regra, não existe regra.   Agora, se você NÃO entende sobre esses assuntos, não opina sobre aborto  #AbortoNAO",0,0.5182956457138062,0.4817043542861938,,Incerta
"O aborto tem q ser permitido, pra evitar q crianças cresçam em ambientes onde não são amadas, vivem passando necessidades e acabam sofrendo grandes traumas! Essa foto é de um bb q nasceu com o DIU na cabeça, nenhum modo de prevenção é 100%  #AbortoSim",Pqp eu tenho diu e morro de medo disso msm n transando com homem KKKK,2,0.459107905626297,0.5408921241760254,,Incerta
"#AbortoNao  Tudo bem dar sentença de morto ao jovem de 14 anos, pobre, periférico, negro.   Mas abortar um ser insconsciente, que não sentirá dor, e consequentemente, não trará problemas futuros jamais!","#AbortoNao  Quer fazer um aborto? Então vai lá e faz. Só lembre-se que a partir do momento que tem um coração batendo, já tem uma vida lá existindo.  Não será a justiça da terra que irá te cobrar,mas sim a justiça divina. Não quer engravidar? Então se cuida, se previne e pronto!",0,0.4350209534168243,0.5649790167808533,,Incerta
é só não dar...desgraças  #AbortoNao,"#AbortoNao     tu fez tu vai cria zbct  camisinha é feita pra evitar filho  não gosta de usar camisinha,mas gosta de gozar dentro então te lasca",0,0.4984515309333801,0.5015484094619751,,Incerta
"Quando uma pessoa morre, você não pode simplesmente tirar seus órgãos para doação se ela não deu consentimento em vida. Uma mulher viva não pode abortar por não ter direito sobre o próprio corpo. O direito de uma mulher vale menos do que o de uma pessoa morta?  #AbortoSim","Não é meu lugar de fala, mas vai lá: Muitas mulheres morrem no Brasil por abortos clandestinos, o aborto existe e qualquer uma pode fazer (se for a escolha da mulher, claro) não dá para ignorar o problema. #AbortoSim",0,0.4786118566989898,0.5213881731033325,,Incerta
tinha q liberar o aborto pra até 60 anos de idade do feto  #AbortoSim,#AbortoNao pode,0,0.4229259788990021,0.5770739912986755,,Incerta
"Não quer ter filho? Fecha as pernas, vagabunda! #AbortoNao","Se todo abortista já nasceu; a única forma dele deixar de ser hipócrita é se matar primeiro e ""militar"" do além.  #AbortoNao",0,0.5342258810997009,0.4657740890979767,,Incerta
"Hoje falamos #AbortoSim para casos de Zika e microcefalia. Uma decisão dessas não mudará o destino da mulher que, com um diagnóstico, queira seguir adiante com a gestação, ciente das dificuldades que enfrentará. Uma decisão dessas dará escolha às desesperadas, sem recursos.","Proponho que todos que dizem #AbortoNao recebam um bebê com microcefalia em suas casas, uma ajuda governamental ínfima, e que tenham de peregrinar atrás de tratamento. Aí sim eles verão que nenhuma reza, nenhum “amor maior” cura ou diminui o fardo.",1,0.4176203608512878,0.5823796391487122,,Incerta
#AbortoSim Abortem os abortistas.,"Quem quer o aborto ainda dá tempo. Basta se ""autoabortar"", já que acham que sua vida é péssima! #AbortoNao",0,0.4116158485412597,0.588384211063385,,Incerta
"STF pautou ABORTO para dia  24 , no auge da Pandemia. Enquanto dormimos, STF cumpre a pauta  dos COMUNISTAS para assassinar indefesos !  STF, diz que quer salvar vidas prendendo as pessoas em casa com fome , enquanto pauta assassinatos, de bebês.  #AbortoNAO","diz que é contra o aborto, pq é a favor da vida, mas é o primeiro a falar: bandido bom é bandido morto, rsrsrs #AbortoSim",0,0.5370228290557861,0.4629771709442138,,Incerta
"Eu odeio falar sobre essa situação dando voz ao homem, mas a sensatez desse homem merece ser compartilhada! #AbortoSim ""Aborto já é livre no Brasil. Proibir é punir quem não tem dinheiro""",#AbortoNao  SIM A VIDA E NÃO AO ABORTO!!,0,0.4917989075183868,0.5082010626792908,,Incerta
Esse pessoal falando #AbortoSIM N sabem oq é uma criança? Se n querem ter um filho usem a porra de uma camisinha #AbortoNão!,"nem #abortosim nem #aborto nao, prefirota de boa com meu passatao",0,0.1204424574971199,0.8795575499534607,,Alta
#AbortoNao  Por causa da cultura da morte futuros santos e futuros grandes homens perderam a sua única e irrecuperável oportunidade de viver. Morreram sem méritos e sem batismo e poderão nunca ver a Face de Deus,"#AbortoSim ? Egoístas, só pensam em vocês mesmo",0,0.1104092672467231,0.8895906805992126,,Alta
"#AbortoSim. Deixem as mulheres decidirem o que querem, ora porra",Assustada com a quantidade de mulheres jovens a favor do aborto. A vida de um ser inocente não vale nada? Muito triste! Que tal prevenção? Em vez se investir dinheiro público em abortos que tal investir em programas de conscientização e prevenção? #AbortoNao,0,0.1735838651657104,0.8264161348342896,,Alta
"AGRADEÇO A MINHA MÃE PELO DOM DA VIDA,#AbortoNao","Sem comentários sobre a #AbortoSim  Todos deveriam ter o direito à vida. Todos têm direito a nascer.  Se você não quer ter um filho, não o faça. Sobre ser a favor da pena de morte, vocês são a favor dos assassinatos e estupros? Esses sim merecem morrer, não uma futura criança.",0,0.1111167892813682,0.8888832330703735,,Alta
#AbortoNao  Melhor dizendo assassinato de criancinhas no ventre das suas mães.,o foda é que ainda existe gente com a mente tão fechada e com pouco conhecimentos... #AbortoSim,0,0.1370456963777542,0.862954318523407,,Alta
"vejo uma tag dessa #AbortoNunca e a vontade é dar block em todos q apoiam...  #AbortoSim, kct! cada um tem seu direito. ""ah mas a religião..."" cada um tem a sua.   se quiser abortar, seu direito, sua vida, sua decisão",#AbortoSim  PELAS MULHERES DECIDIREM O QUE É MELHOR PRA SI PELAS CRIANÇAS SEREM BEM TRATADAS POR NINGUÉM TER QUE SOFRER NESSE MUNDO POR SER REJEITADO POR PAI OU MÃE.  POR MENOS MORTES DE MULHERES  #AbortoSim,0,0.1037763580679893,0.8962236046791077,,Alta
#AbortoNao é só vc que não quer não fazer. Mas não impeça quem queira.,só pra registrar que #abortosim,0,0.1086008548736572,0.8913991451263428,,Alta
#AbortoNao Me convença que aborto não pode ser feito sem envolver nenhum das suas diretrizes religiosas e talvez eu aceite sua opinião,"Aborto sim #AbortoNao não é o caralho, n é seu útero fique quieto",0,0.1307926177978515,0.8692074418067932,,Alta
Vários médicos já confirmaram a eficácia da cloroquina. Mas governadores insistem nessa quarentena exagerada. Acorda povo. Bora pras ruas. precisamos intensificar a pressão contra governadores e prefeitos.  #AbortoNao,#AbortoNão  e o KARALHO o negócio e #AbortoSim !,0,0.1400538086891174,0.8599461913108826,,Alta
"#AbortoNao Essa tag e totalmente ridícula até parece que se eu quiser abortar um dia eu vou perguntar pro governo se eu posso, ainda mais quando 99% dos políticos são homens e nunca vão ter que sofrer sendo abandonados sem condições de criar uma criança ou estrupados.","Camisinha tá aí pra isso, pílula do dia seguinte ta aí pra isso, se não quer um bebê é só não engravidar, pq sempre tem que militar pela opção mais difícil?  #AbortoNao",0,0.1773498058319091,0.8226502537727356,,Alta
No BBB quem falar que defende a criminalização do Aborto já pode assinar sua eliminação.   #AbortoSim,Eu como pagador de impostos não aceito que seja liberado o aborto no Brasil #AbortoNao,0,0.1295411437749862,0.8704587817192078,,Alta
#abortosim tuitem isso ai pra subir a tag,"#STFVergonhaNacional tão precisando estudar mais constitucional e o código civil! E ainda reler os acordos internacionais que o Brasil assinou, antes de assinar decreto de genocídio! #AbortoNao",0,0.1280451565980911,0.8719547986984253,,Alta
"Tentando descobrir pq aborto está nos TT, mas já sei que a minha resposta vai ser sempre  #AbortoSIM",entendam que #AbortoNao não é coisa de catolico é do ser humano,0,0.1563456505537033,0.8436543345451355,,Alta
"#AbortoSim Só queria perguntar pras pessoas a favor dessa tag como é nunca sentir frio? Porque vcs estão cobertos de razão e exalam superioridade, bjs.","“Temos medo da guerra nuclear e dessa nova enfermidade que chamamos de AIDS, mas matar crianças inocentes não nos assusta. O aborto é pior do que a fome, pior do que a guerra.”  -Santa Teresa de Calcutá   #AbortoNao",0,0.1175492033362388,0.8824507594108582,,Alta
"#AbortoNao é uma porra, só macho falando nessa tag e nem é lugar de fala desses merda kkkkkk #abortosim!!","#AbortoSim ENTENDAM QUE INFELIZMENTE 90% DA POPULAÇÃO BRASILEIRA NÃO ESTÁ PRONTA PARA FALAR SOBRE! O cara que diz que não pode abortar e o mesmo que abandona e deixa o filho passar fome, e a mina é a q deixa o filho com a vó pra ir passar dias em farra",0,0.1817205250263214,0.8182794451713562,,Alta
"#AbortoNao #AbortoSim   Eu vejo muita gente dizendo que homem não pode opinar sobre aborto. Mas, se a gente diz que não se faz filho sozinho e que a responsabilidade é dos dois pq afastar homens dessa discussão?   Estou apenas pensando sobre isso.","Aborto não existe, o que existe é direito a propriedade privada sendo nosso corpo a mais sagrada de todas as propriedades. Vc quer que outrem legisle sob seu corpo se mude para o mundo Islâmico #AbortoSim",0,0.1193839311599731,0.8806160688400269,,Alta
"O corpo é nosso, a escolha deveria ser.  #AbortoSim",Médicos brasileiros contra o aborto! - Hipócrates #AbortoNAO,0,0.1139091551303863,0.886090874671936,,Alta
#AbortoNao eh o caralh0 pnc de vcs,#AbortoNao falando sério ? esse tipo de coisa eu não aceito e não admito,0,0.1753485649824142,0.8246514201164246,,Alta
"Uma coisa que eu tenho certeza é que pessoas que defendem o aborto são pessoas que não foram abortadas,e se sentissem a dor de um bebê de n pode viver a vida mudariam de opinião #AbortoNao","Parem de usar como argumento a questão de quando começa a vida. NÃO EXISTE CONSENSO CIENTÍFICO SOBRE ISSO, portanto, não  é  um argumento válido, no final você vai estar só defendendo sua opinião. #AbortoNao",0,0.1152024418115615,0.8847975134849548,,Alta
"nenhum método vai ser 100% eficaz a qualquer momento pode de dar errado e se a mulher não quiser ela aborta, simples! parem de decidir pela pessoa o que fazer, galera chata  #AbortoSim",Defendo um aborto Onde o bebê sobreviva E mãe não   #AbortoNao  #AbortoSim,0,0.1401961743831634,0.8598037958145142,,Alta
"Eu não tenho paciência para conversar com esquerdista, ou eu rio ou eu vou na ignorância.  #AbortoNao",o q rolou? #AbortoSIM,0,0.1115842089056968,0.8884157538414001,,Alta
#AbortoNao O aborto que funciona é o que o feto sobrevive e a mãe não,"#AbortoSim não é meu local de fala, mas preciso expor minha opinião. A questão da legalização do aborto entra em patamares filosóficos da dignidade humana. Uma mulher -usando ou não métodos contraceptivos- pode, sim, engravidar. Isso é incontestável. Mas é DEVER parar e pensar +",0,0.121586725115776,0.8784133195877075,,Alta
"“O aborto se vence com adoção. Quem não quiser as crianças, que as dê a mim. Não rejeitarei uma só delas. Encontrarei pais a elas. Ninguém tem o direito de matar uma vida que vai nascer: nem o pai, nem a mãe, nem o estado, nem o médico. Ninguém."" Madre T. de Calcutá.  #AbortoNAO","Aborto sim , se a mulher q abortar q aborte ninguém tem direito de dar palpite não",2,0.1029186770319938,0.8970813155174255,,Alta
Se aborto não fosse crime não estaríamos brigando pela TAG #AbortoNAO . Esta questão não estaria no STF agora.,"Se abortar fosse crime, não seria necessário levantar uma TAG no twitter pra isso acontecer.  E já q vc gosta de marcar TAG. #AbortoSim já ultrapassou sua tagzinha",1,0.1827788800001144,0.8172211050987244,,Alta
#AbortoNao  Não se trata de direito da mulher sobre seu próprio corpo. Eu não sou a minha mãe. Sou outra pessoa.,"#AbortoNao , SoU pRo A vIdA, mas ta com a boca suja de sangue do animal morto, n é ok matar um FETO que n sente dor, mas é ok matar um animal que sente dor, A nAo MaS eU pReCiSo De CaRnE pRa ViVeR, e a mina precisa abortar,  vocês também são um bando de assassinos ent",0,0.1001126766204834,0.8998872637748718,,Alta
Assassinar uma bebê do sexo feminino é feminicídio? #AbortoNao,"Se vcs n apoiam o aborto pq o bebe vai ""sofrer"", entendam q a maioria das mulheres que querem abortar n tem condições de cuidar da criança, e se ela nascer provavelmente vai sofrer muito mais #AbortoSIM #AbortoNão",0,0.0718683376908302,0.928131639957428,,Random
"""A mAiS o FeTo NãO sEnTe DoR""  Existem pessoas que também não. Só por isso vcs acham moralmente correto mata-las??  #AbortoNao","""Sou contra o aborto, mas, pra mim, bandido bom é bandido morto"" #AbortoSim",0,0.0653454288840293,0.9346545934677124,,Random
"Eu sou a favor da legalização do aborto. Mas não sou a favor do aborto. É diferente, saibam separar #AbortoNao","Existem muitas variáveis para analisar nessa questão, mas sou contra tirar a vida de um inocente. #AbortoNao",0,0.6612533926963806,0.3387466371059418,,Random
As mesmas pessoas que defendem #AbortoNao são aquelas que são contra educação sexual nas escolas levando(as crianças e adolescentes) a ter DST e gravidez na adolescência resultando no aborto do feto  A hipocrisia e a ignorância desse povo é de cair o c# da bunda,Incrível que as mesmas pessoas que defendem #AbortoSim já nasceram,1,0.102213829755783,0.8977862000465393,,Random
O povo espumando com #AbortoNao e eu aqui pensando que se tivesse formação na área da saúde ia sair fazendo aborto em todo mundo que precisasse,"As Abortistas: Aim, sem útero, não pode dar opinião. Ué! Vc é um feto então? Se não for, não pode dar opinião...#AbortoNao",0,0.1357328295707702,0.8642671704292297,,Random
"ABORTO VIDEO REFLEXÃO - A CARTA DE UM BEBÊ A SUA MÃE  via  #AbortoNao  O fato de uma pessoa ter tido o direito de estar nesse mundo,faz com que ela,por si só,não tenha o menor direito de defender a morte de um bebe no ventre de sua mãe.#AbortoNao","o aborto é uma decisão pessoal, galera que insiste em discriminar o mesmo, precisa entender que isso é uma escolha &gt;&gt;pessoal&lt;&lt; que não diz a respeito de vcs, oq não diz a respeito do seu corpo, vc não deve julgar. #AbortoNAO",0,0.1469499617815017,0.8530499935150146,,Random
Que patifaria é essa de #AbortoNao ? Vocês homens vão querer cagar regras as mulheres até quando?  Pq não vão condenar os homens que abandonam os filhos?  #AbortoSim,"Me deixa longe de grupo contra-aborto, sou homen e #AbortoSIM",1,0.0515482574701309,0.9484517574310304,,Random
#AbortoNao já foi comprovado que todos os números sobre abortos ilegais e mortes nesses processos nos EUA são falsos.,"eu sou muito devota, na moral #JUNGKOOK #Lula #JEON #presidente Will Smith dua lipa #عبودكا #BBB20  #festabbb #bbb #abortosim #abortonao #BANGBANG2020 #BTSReComeback2020 #bbb20 #BBBAEliminação",0,0.8042359352111816,0.1957640647888183,,Random
"Eu vi #AbortoSIM #AbortoNao nos trend, agora tô realizada q finalmente to me sentindo na escola d novo. Quero PowerPoint com os dois lados da discussão! Bora q nessa a briga fica bunita.","Bom, eu não tenho coragem de abortar mesmo se vim desprevenido, acho que mesmo que esteja dentro de mim é uma vida, e não cabe a mim mata-la   Mas se outras mulheres quiserem problema delas, cada um pensa de uma forma....  #AbortoNao",0,0.9625383019447328,0.037461694329977,,Random
meu deus que ódio dessa tag #AbortoNao  O CORPO É DA MULHER E NÃO DO ESTADO #AbortoSim,Diga sim à vida #AbortoNao,0,0.9719993472099304,0.0280006937682628,,Random
"todo mundo ja sabe n motivos para o aborto ser legalizado mas eu vou dizer mais um aqui: o aborto já acontece. pessoas brancas e ricas abortam quando querem. a legalização é para que pobres, pretos e periféricos possam abortar de forma segura e não morrer no processo #AbortoSim","falam que é assassinato mas não ligam quando uma criança nasce em um ambiente hostil e morre de fome/agressões, entra pro mundo do crime... se não está preparado para ter uma criança você deveria sim ter a opção de não tê-la. #AbortoSim",1,0.1338492184877395,0.8661507964134216,,Random
Isso nem era pra ser discutido  #AbortoNao,"Se vc é contra o aborto, não aborte. #AbortoNao",0,0.3592289984226227,0.6407709717750549,,Random
"#AbortoNão , seu corpo , suas regras, então previna -se! Aborto não e método contraceptivo!","É isso ai, pare e pense:  #AbortoNao",2,0.1005871444940567,0.8994128704071045,,Random
"#AbortoSim. Sou mulher, eu quem decido, meu corpo minhas regras, boa noite!!! #AbortoSim",fds agr eu quero 2k #BolsonaroVirus #Spotify #AbortoNunca #AbortoSim #Covid_19 #auxilioemergencialaprovado  #malamjumat,0,0.8991217613220215,0.1008782312273979,,Random
"A tag #AbortoNao já passou dos 100.000 tweets!  Obrigada, brasileiros. Felizmente, só uma minoria apoia ativismo judicial para matar bebês.","#AbortoSim Sua cachorra. Se sua mãe tivesse abortado, teria privado o mundo de surgir uma monstruosidade de ser humano como você. Indigna de ser chamada de humano, não faz jus a ser uma mulher de verdade. É só um capacho de miliciano. A hora de vocês esta chegando.",1,0.3730442821979522,0.6269556879997253,,Random
STF derrota Bolsonaro por nove a zero: não cabe decreto contra o isolamento  via,"Coincidentemente os bots subiram a tag #AbortoNao sem NADA ter acontecido, e o bando de idiotas ta perdendo tempo com #AbortoSim",2,0.9741594791412354,0.025840500369668,,Random
"Então a OMS acha ruim que tenham pessoas bebendo mas não vê problema com a continuação dos abortos...abram o olho gente...OMS, China, Quarentena... estamos afundando. #AbortoNao",Passando aqui só pra fazer o papel de uma mulher consciente.   #AbortoNao,0,0.917458474636078,0.0825415775179863,,Random
"#AbortoNao como pode ter gente a favor de MATAR UM BEBÊ, bando de retardado....FDP.",Entrando Na Tag #AbortoSim Pra Ve Os Tweets De Qualidade Esmurrando Os Sem Argumento Do #AbortoNao,0,0.3165319859981537,0.6834680438041687,,Random
Kkkkk globo lixo #GloboMentirosa  #BolsonaroTemRazaoSim,BEM ASSIM... . #AbortoNao  .,2,0.9859084486961364,0.0140915429219603,,Random
"#AbortoSim Quem é o ignóbil, patético, que sobe uma TAG dessas, deveria ser abortado da sociedade, não quer engravidar só fechar as pernas então, que tanto fica fudendo com um e com outro, nem sabe quem é o pai da criança, ai toda vez que engravidar a solução é abortar.",#AbortoNao Contra o assassinato de inocentes,0,0.2970285713672638,0.7029715180397034,,Random
"Já questionei várias vezes, mas até agora nada.  Sabem de algum caso em que a mulher abortou o filho de um jogador de futebol?  #AbortoNao!",Sim! Do Coalhada!!!,2,0.9800122380256652,0.019987728446722,,Random
"Homens que tenham isso, favor entrar para o debate...(se souberem o que é) pois nem mesmo sabe se lá  o que é  CRIAR UM FILHO.#AbortoSim","Homens, parem, vcs não tem direito de falar de aborto, em nenhum momento da vida de vcs, vcs vão ter uma vagina ou um útero, parem pff!!! #AbortoSIM #legalizaoaborto",0,0.0516715086996555,0.94832843542099,,Random
"Ainda sobre essa #AbortoSim #AbortoNao não tem essa de "" ah, o homem n tem lugar de fala"" véi, todo mundo tem direito de se expressar. Estando certo ou errado.","óbvio que a gente precisa que todos se posicionem, assim nós conseguiremos que todos entendam nosso ponto de vista. mas também envolve o fato de que é uma situação que acontece inteiramente com a mulher e mesmo que o homem faça parte, não é o corpo dele. #AbortoSim",1,0.0940568968653678,0.9059430956840516,,Random
"Aqueles que ""pandemicamente"" são a favor da ""vida"", não têm nenhum escrúpulo de exigir  liberacao e financiamento do aborto. #AbortoNao",Só passei aq pra dizer que #AbortoSim,0,0.0540361292660236,0.9459638595581056,,Random
"Meu dia, definitivamente, ficou extremamente mais triste com essa votação do STF. #AbortoNao",#AbortoNao Responsabilidade SIM !!!,0,0.9949718713760376,0.0050281542353332,,Random
Se a mulher quiser abortar não se mete no corpo dos outros cuide do seu e deixe o dos outros em paz.#AbortoSim,MENINAS a favor do aborto me respondam uma coisa pfvr  Vcs abortariam?   #AbortoSim,0,0.5071277022361755,0.4928722679615021,,Incerta
"Eu fico pensando qq se passa na cabeça das pessoas pra apoiar isso, a escolha de fazer ou não é da mulher e sinceramente acho ridículo essas pessoas que se dizem pro vida e são a favor do armamento #AbortoNao","#AbortoNao #AbortoNão #AbortoNunca  Vejam o vídeo. E se depois ainda quiserem assassinar um inocente então vc não é um ser, muito menos humano. Que Deus tenha misericórdia!",0,0.4734760820865631,0.5265239477157593,,Incerta
Pelas milhares de mulheres que podem vim a serem abortadas #AbortoNao,"Essa pessoa claramente tá totalmente por fora sobre o debate do aborto. Sugiro que vá estudar o assunto, antes de opinar!",2,0.4454022049903869,0.554597795009613,,Incerta
"Não é questão minha opinar sobre isso pq sou homem mais o corpo é da mulher ela faz oque quiser se ela queiser aborta é a escolha dela o corpo é dela e nenhum homem pode opinar sobre isso e nehuma pessoa , a mulher faz oque quiser com seu corpo #AbortoSim #AbortoNAO",#AbortoNao  não é possível!!!!!!!!!!!!!,0,0.4097270965576172,0.590272843837738,,Incerta
"O Brasil sofre 2 pandemias:  O CORONAVIRUS, que leva a insuficiência respiratória; e o STFVIRUS, que leva ao ativismo judicial progressista.  Semelhança é que ambos levam a MORTE.    #AbortoNao","#AbortoSim A MULHER TEM O DIREITO DE ESCOLHER SER MÃE OU NÃO, RESPEITEM SUAS ESCOLHAS, SEU CORPO!",0,0.574557363986969,0.4254426658153534,,Incerta
"Mas eu sinto que o maior destruidor da paz hoje é o aborto, porque é uma guerra contra a criança – um assassinato direto da criança inocente – assassinato pela própria mãe.  Madre Teresa #AbortoNao",Não existe gravidez por acidente Ninguém cai uma uma pirOc@ sem querer! STF é uma   #AbortoNao,0,0.4846909046173095,0.5153090357780457,,Incerta
"Se vcs n apoiam o aborto pq o bebe vai ""sofrer"", entendam q a maioria das mulheres que querem abortar n tem condições de cuidar da criança, e se ela nascer provavelmente vai sofrer muito mais #AbortoSIM #AbortoNão",É isso! #AbortoNao,0,0.5617198348045349,0.4382801949977875,,Incerta
Com Jesus e com Maria #AbortoNao,"O q fizeram com o  é CENSURA pura e simples pelo fato dele se posicionar politicamente. A mesma turma do ABORTOSIM, diz q beber em casa é errado? Fumar maconha e cheirar cocaína td bem? Nunca imaginei viver para ver gente sendo perseguida por sua fé e política.",0,0.4911142289638519,0.5088857412338257,,Incerta
"#AbortoNao isso não é gravidez forçada, pois na conjunção houve consentimento!   Caso contrário ""213 CP"" #AbortoSIM   Gravidez não é castigo!",Acho que apenas as mulheres deveriam opinar por ter ou não a criança.#AbortoNao,0,0.5244938731193542,0.4755061566829681,,Incerta
Já deu #FicaEmCasaMandetta #AbortoNao,"continuarei discutindo sim com todos que vier falando que é pró- vida e contra o aborto  se tiverem dúvidas, assistam esses dois vídeos :    #AbortoSim",0,0.4976690411567688,0.5023308992385864,,Incerta
"Se cada pró-vida saísse do Twitter e começasse a agir, alimentando uma criança faminta todos os dias... o número de famintos diminuiria drasticamente... mas é muito mais fácil ser ""pró"" simplesmente postando tags... do q realmente agindo... #abortosim #AbortoNão ou sei lá oq...",Me digam vcs  #AbortoNao #abortoSim,0,0.537617564201355,0.4623823761940002,,Incerta
"Eu meio que não tô afim de debater com quem usa local de fala como argumento pra me refutar, então só vim aqui pra dar apoio ao #AbortoNAO, nada de ativismo.",""" ficou com ciúme da maior popularidade de  ""  larga de ser besta. Presidente é muito maior q isso. Por favor favoreça nos com a falta de seus comentários imbecis. Lula é ladrão e #AbortoNao",0,0.4565253555774688,0.5434746742248535,,Incerta
"#AbortoSim acho que as mulheres que decidem, não os homens. sem falar que a maioria delas são estupradas, isso fode com o piscicológico delas. ter um filho é ter responsabilidade gente, muitos pais aí colocam um filho na terra e não dão o carinho e o amor que eles merecem . --","é mt irônico, esse mesmo povo que é ""pro a vida"" apoia pena de morte e porte de armas. #Abortosim",0,0.5295782089233398,0.4704217612743377,,Incerta
"Lucas, o belo garoto-propaganda de uma marca de produtos para bebês, tem sorte de estar vivo. A maioria dos bebês diagnosticados com Síndrome de Down ainda no útero são mortos antes de nascer. #AbortoéEugenia #AbortoNAO","#AbortoSIM  #AbortoNao   Não tenho opinião, mas é importante ajudar as hashtags a se manterem altas kkkk",0,0.5634452104568481,0.4365548193454742,,Incerta
"#AbortoSim É para as vadias e putas O único direito é escolher um método contraceptivo Essas mulheres ficam dando pra qualquer um, não se cuidam e depois querem assassinar um bebê. Se morrem tentando um aborto é mais do que merecido Não trepem que não engravidam VTNC #AbortoNao",Tem de matar mais no BRASIL?   #AbortoNao,0,0.4464219510555267,0.5535780191421509,,Incerta
Vendo a galera criticando a tag #AbortoNao e guardando os argumentos de que é melhor morrer que viver mal pra cobrar no Setembro Amarelo,Em um dia: #AbortoNao cada vida é única  No outro dia: São só 7 mortes por milhão de habitantes vamos comemorar.  (204 por dia 1736 ao total)  O gado da família tradicional brasileira seguidor do bozo tem que ser estudado!,0,0.4233079850673675,0.5766919851303101,,Incerta
Nao#AbortoNao,Vocês deveriam condenar o abandono paterno do mesmo jeito que condenam o aborto #AbortoSim #AbortoNao,0,0.557090699672699,0.4429093301296234,,Incerta
"O corpo é da mulher, portanto ele decide o que fazer #AbortoSim",Alguns dizem estarem preocupados com as vítimas do COVID-19 e fecham os olhos para as vítimas do ABORTO! Cada vida importa!  #AbortoNao,0,0.4426469206809997,0.557353138923645,,Incerta
"#AbortoSim? #AbortoNao? Mas o stream em ""Missed A Spot"" é COM CERTEZA!  Ouça o novo single de Dinah Jane que já está disponível nas plataformas digitais para compra e stream.   ACESSE:   #ListenMissedASpot",#AbortoNao existe vida no ventre de uma Mulher grávida!,0,0.5954405665397644,0.4045594930648803,,Incerta
"STF  que tal usarem desses ""poderes de justiça"" para causas que tratam a realidade que nós brasileiros realmente precisamos? #AbortoNao","A legalização do aborto não quer aprovar algo que não existe, mas sim fazer com que esse ato se torne mais seguro, além disso poderíamos estar poupando varias crianças de viverem em orfanatos, na rua, ou com pais que os tratem de uma forma horrível  #AbortoNunca #AbortoSim",0,0.4243820905685425,0.5756178498268127,,Incerta
O STF quer praticar crime contra a vida em meio ao caos da `Pandemia. #AbortoNao,Ensinar meninos a serem responsáveis e assumirem suas responsabilidades? Naaaoooo Dizer que aborto é  a solução porque existe uns cara merda??  Ssiiimmm  SEM PACIÊNCIA  MANO #AbortoNao,0,0.4064277708530426,0.5935722589492798,,Incerta
"O aborto tem que ser legalizado sim, muitas mulheres são estupradas todos os dias e o resultado desse trauma pode ser uma grávidez indesejada, tudo bem a criança não tem culpa e a mãe tbm não, a escolha é da Mãe pois será ela que irar criar a criança ou não #AbortoSim #AbortoNao","Eu acho incrível como as pessoas que são a favor do aborto tweeta zoando a #AbortoNao usando a hashtag, dai ta ganhando por 36 mil tweets de #AbortoSim",0,0.4515474736690521,0.5484524965286255,,Incerta
"#AbortoNao eu acho q a resposta é óbvia, né?",#AbortoSim  Boa noite,0,0.4153101742267608,0.5846897959709167,,Incerta
"Como que essa discussão ainda acontece com pretexto de ser ""direito da mulher""? #AbortoNao",#AbortoNao Namoral oq passa na cabeça desses Boomers ficarem colocando política e religião em tudo?  #AbortoSim garai. Aaaah e nenhum método é 100%¡ dois bjus,0,0.5621702075004578,0.4378298223018646,,Incerta
"Os parasitas da suprema corte brasileira aproveitando o caos de uma pandemia para colocar a agenda globalista em andamento. O STF não legisla, não cria leis. não podemos permitir que meia dúzia de togados desrespeite a maioria. Toda criança é uma dádiva de Deus. #AbortoNao","Não gosta, não aborta. Agora não ver dar pitaco sobre o que outras pessoas deveriam fazer ou não!!! #AbortoSim",0,0.5250691175460815,0.474930852651596,,Incerta
"Cuidem das suas vidas, fim. #AbortoSIM",#AbortoNao  vida sempre!,0,0.4670551419258117,0.5329447984695435,,Incerta
#AbortoNao Aborto Nunca!!!!,#AbortoSim agora sim,0,0.4786596894264221,0.5213402509689331,,Incerta
"#AbortoSIM Por que falamos de ""homem branco hetero cis""? - o governo é majoritariamente composto por HOMENS, ""de família"", RICOS, e BRANCOS. estes que sempre mandaram no país estes que sempre capitalizaram e usaram do corpo da MULHER como posse +","#AbortoSIM #AbortoNão  Usam de argumentos CRISTÃOS, para governar um país LAICO A VIDA DE TODA UMA POPULAÇÃO NÃO pode ser decidida pela SUA FÉ INDIVIDUAL Se VOCÊ achedita que aborto é PECADO, ENTÃO VC QUE NÃO ABORTE Cada um tem a sua liberdade individual para com o seu corpo. +",1,0.4186794757843017,0.5813205242156982,,Incerta
"#AbortoSim foda ver homens se posicionando contra o aborto com o argumento de q isso é coisa de vadia irresponsável, sendo que a grande maioria abandona a mulher quando ela diz estar grávida. não adianta se dizer ""pro-vida"" sendo que vc nem assumiu seu filho. fica com deus irmão.","Também vou subir a tag #abortoNao. Afinal, é melhor amar, cuidar ou colocar para adoção, do que simplesmente matar um ser humano único, original, indefeso e inocente. #abortonao",0,0.5089644193649292,0.491035521030426,,Incerta
Apoiar o aborto é apoiar uma das formas mais cruéis de assassinato. #AbortoNao,"Uma mulher abortista, poderia ter sido abortada. Ou seja, assassinada.  E não faria essa campanha que é crime contra a vida. A arte de se colocar no lugar. #AbortoNao Obs: nos casos já previstos de alto risco de morte no parto, ou crime de estupro, sou a favor.",0,0.4988344311714172,0.5011655688285828,,Incerta
Engraçado que alguns homens são contra aborto mas a amante engravida muda de ideia rapidinho né,"puts, maior vdd  #AbortoSIM",2,0.4901335835456848,0.5098663568496704,,Incerta
"Como que essa discussão ainda acontece com pretexto de ser ""direito da mulher""? #AbortoNao",E só sobre essa questão de aborto eu sou totalmente contra! Assim como sou contra a pena de morte #AbortoNao,0,0.5520507097244263,0.4479493200778961,,Incerta
"Não preciso de justificativa para dizer por que não. Chorei 2 dias, após ouvir o coração do meu filho batendo numa ultrassom, e 10 dias depois ele parou... E nosso sonho se foi diante dos nossos olhos. Palavra do médico para minha esposa! - sinto muito.   #AbortoNao","Eu não tenho palavras, sou mãe de três filhos, em idades 12 e 6 anos e uma bebezinha de 9 meses, cada uma das minhas gestações teve sua dificuldade, mais em nada se compara a alegria de ouvir sua vozinha chamando mamãe.  #AbortoNao, sou grata a Deus por esse privilégio.",1,0.5508444309234619,0.4491555988788605,,Incerta
Estou enojada de ver os tweets defendendo o aborto. #AbortoNao,"O aborto é mais um tema do grande mal que se espalha pela humanidade. Estamos vivendo a batalha épica e histórica da humanidade, o bem contra o mal. NADA é relativo, não adianta jornalista com cara boazinha pregando a morte de um bebê, de um ser humano.   #AbortoNao",0,0.5993255972862244,0.4006743729114532,,Incerta
"Lidar com homem querendo debater assunto de mulher é foda, não passa 1% do que a mulher passa e quer vim dá palpite em um assunto que só cabe a MULHER falar sobre, então eu, como mulher tenho o direito de dar minha opinião e eu acho que o #AbortoNao deve ser proibido.","Feministas falando de aborto,elas nem gostam de homem!kkk #AbortoNao",0,0.4919727742671966,0.5080272555351257,,Incerta
é contra aborto mas é a favor da pena? pfv né...  #abortonao #AbortoSim,"#AbortoNao tô tipo foda se se alguém aborta ou ñ, o aquecimento global vai acabar com a humanidade mesmo.",0,0.4739864766597748,0.5260134935379028,,Incerta
Aborto nada mais é que sou irresponsável transei sem camisinha e quero matar o feto foda-se  #AbortoNAO,#AbortoSim usa camisinha seu assassino ! #AbortoNao,0,0.4552695453166961,0.5447304248809814,,Incerta
"Vocês estão tão desesperadas pra trepar sem preservativos que não percebem a jogada do STF? Vocês são muito burras, bando de alienada #AbortoNao",Daily reminder de que no país mais católico do mundo Catolicismo Na Veia uma paróquia a cada esquina o aborto é permitido legalmente em casos de  - violência sexual - ameaça à vida da mulher - risco de enfermidade do feto (eugenia)  Só pondo os pingos nos devidos ís #AbortoNao,0,0.5323987603187561,0.4676012396812439,,Incerta
"Pra galera que levantou a #AbortoSim, recomendo cometer o auto aborto. Único aborto que deve ser legalizado. No mais, ninguém tem direito de tirar a vida do outro. E quem usa argumento utilitarista, deixa de ser idiota.",#AbortoSim se for feito por iniciativas privadas #AbortoNão se for feitos por meio de gastos públicos,0,0.5581240057945251,0.4418760538101196,,Incerta
#AbortoSim eh nois,"A tag #AbortoNao já passou dos 100.000 tweets!  Obrigada, brasileiros. Felizmente, só uma minoria apoia ativismo judicial para matar bebês.",0,0.4370089769363403,0.5629909634590149,,Incerta
pAREM DE DIZER NÃO AO ABORTO PQP A PORRA DO ÚTERO NÃO EH SEU ENTÃO PARA PFV SE A PESSOA QUER ABORTAR DEIXA ELA ABORTAR ELA NAO TA MATANDO NINGUÉM NÃO CARALHO PQ O FETO RELATIVAMENTE AINDA NÃO TA VIVO ALÉM DE QUE EH BEM MELHOR ABORTAR DO Q DEIXAR A CRIANÇA NASCER [+]  #AbortoSim,"E ESSA CRIANÇA TER PROBLEMAS COM A FAMÍLIA/MÃE POR DIVERSOS MOTIVOS,principalmente quando a MULHER EH &gt;ESTUPRADA&lt; PENSA SE FOSSE VC,IRIA SER LEGAL TER UM FILHE QUE FOI GERADO POR CULPA DE UM ESTUPRO??????? #AbortoSim",1,0.5290095806121826,0.4709903597831726,,Incerta
Surreal! A corte das trevas tá se aproveitando desse momento pra dar um golpe no  povo e aprovar o aborto! Malditos!  #AbortoNao,Aborto não...quem for a favor ao aborto é pior que assassino...seja a favor da vida...#AbortoNao,0,0.4010589718818664,0.5989410281181335,,Incerta
Tadinha da bebezona que mija na cama ainda e mora com os pais tem que pedir dinheiro pra comprar até um açaí falando da outra de velha. Ser mais velha que vc da até orgulho cabeça vazia #AbortoNao,"a mulher tava brigando com uma criança no tt achando que está com a razão vsfd, e tô vendo que a faculdade faculdade da medica pedra diane não tá indo tão bem, pq ela tá brigando com argumentos razos com uma CRIANÇA TT",2,0.5881264805793762,0.4118734896183014,,Incerta
uau você não apoia o aborto :0 então não aborte irmã/o #AbortoSim,"Boa noite amigos, só pra lembrar #AbortoSim se essa for a decisão da mulher",0,0.4276007413864136,0.5723993182182312,,Incerta
Pode reparar que a maioria que tá subindo a tag #AbortoNao é homem ou mulher bolsominion,"Sério q a esquerda está levantando tag p/ apoiar o crime de assassinar fetos? Q eu saiba os artigos 124 a 126 não foram revogados.É proibido se manifestar contra as medidas restritivas que estão nos levando ao sucateamento econômico, mas fazer apologia ao aborto pode?  #AbortoNao",0,0.4748319387435913,0.5251680612564087,,Incerta
Veja aqui como é feito um aborto seguro onde ele é legalizado   #AbortoSim,"Que porra é essa? Publicação sendo compartilhada por famosinhos, indicando como fazer para adquirir remédio para aborto em casos proibidos no país? Pode isso?",2,0.4125543534755707,0.5874456763267517,,Incerta
Quando vocês vão entender que descriminalizar o aborto se trata de salvar uma vida e evitar de se perder duas?? VOCÊS SABEM O QUE AS MULHERES SE SUBMETEM NESSES CARNICEIROS CLANDESTINOS? #AbortoNao,"É absurdo que a sociedade ainda tenha sequelas da carga histórica q foi uma igreja inquisidora, a fé q condenava pecadores, que se sentia no direito de jogar alguém na fogueira. Mesmo hoje, séculos depois, essa prepotência infame da igreja persiste em mtos ""cristãos"". #AbortoSim",0,0.5687305331230164,0.431269496679306,,Incerta
"Para o pessoal Hipócrita do #AbortoSim, que diz que o aborto é questão de saúde pública, nesse video o Yago Martins (dois dedos de teologia/youtube)  () refuta esse famoso argumento. (dividido em 4 partes)",#semuterosemopinião. Homem tbm devia ser proibido de abortar. #AbortoSim,0,0.5419817566871643,0.4580182433128357,,Incerta
Mano essa conversa ainda ???? #AbortoNao,pqp n sei o q é pior a tag abortonao ou monarquiaja que que ta acontecendo,0,0.5504732728004456,0.4495267271995544,,Incerta
"Falam em aborto seguro, mais seguro pra quem..???? A criança sempre morre  #AbortoNao",Querem diminuir a população mundial e dá o mundo para os tiranos. Depois vem com esse discurso de a sociedade está envelhecendo. As drogas estão castrando os nossos jovens e envelhecendo a sociedade. O aborto está matando o futuro do mundo e envelhecendo a sociedade. #AbortoNao,0,0.518804669380188,0.481195330619812,,Incerta
"Sou a favor do aborto. Concordo em alguns casos, discordo em outros. Eu não teria coragem de fazer, mas nem por isso irei ser contra, e sacrificar todo um conjunto de mulheres que precisam disso como uma questão de saúde pública. Ver essa tag, é foda #AbortoNao","Pra mim o argumento do ""vc ia gostar se sua mãe tivesse te abortado?"" É o mais furado de todos pois minha resposta sempre será sim #AbortoNao",0,0.1737908273935318,0.8262092471122742,,Alta
gente???? vcs preferem que uma criança venha ao mundo sendo indesejada?  #AbortoNao,"Surreal gente, to vendo muitos perfis defendendo o aborto até com 26 ou 27 semanas( 7 meses galera) SURREAL, sem palavras. Esse bebê prematuro abaixo nasceu com 26 semanas, vcs tem noção, isso é um assassinato cara, me parte o coração    #AbortoNao",0,0.1246020793914794,0.8753979206085205,,Alta
"Vivemos em um Estado Laico, onde as decisões políticas não devem ser tomadas por valores morais e religiosos. Descriminalizar o aborto é dar condições para que as mulheres continuem vivas. É caso de saúde pública!  #AbortoSim","Um adendo sobre #AbortoSim: a batalha de hashtags pouco muda a realidade. Se o aborto em caso de Zika for legalizado, ainda haverá imensa dificuldade em conseguir um aborto legal. As barreiras são muitas, como visto na reportagem da :",0,0.1868926435708999,0.813107430934906,,Alta
Eu sou afavor do aborto quando a mãe morre e o bebê sobrevive #AbortoSim,Vocês prestarão contas a Deus se aprovarem esse ato nefasto e cruel. #AbortoNao,0,0.1158686280250549,0.8841313123703003,,Alta
"Os abortistas são a escória da nossa sociedade, são demônios. Como o Brasil é um país de cultura cristã, a única forma deles avançarem em seus planos demoniacos é  através de membros não-eleitos (vulgo STF). #AbortoNAO   DEVEMOS PROIBIR AINDA MAIS!!!","Com tantos métodos contraceptivos, por que aborto é uma opção? #AbortoNao",0,0.1425415277481079,0.8574584722518921,,Alta
#AbortoSim  O dia que essas pessoas #AbortoNao forem estupradas e simplesmente não quiserem criar o fruto desse estupro (ou por qualquer outro motivo) que é UM FETO SEM CONSCIÊNCIA E MUITO MENOS COM SISTEMA NERVOSO FORMADO quero só ver  Fora homens opinando que nem preciso falar,"O que mais me incomoda com o debate de #AbortoNAO / #AbortoSim é que a galera pró aborto não sabe debater, sempre é isso de primeiro usar o conceito - erroneamente - de lugar de fala, depois aquele argumento bosta de que já vão abortar de qualquer jeito.",0,0.1306772977113723,0.8693227171897888,,Alta
Defender o aborto depois que vc nasceu é fácil! #AbortoNunca #AbortoNao,alguém leva ele de volta pro útero,2,0.1991592198610305,0.8008407950401306,,Alta
"(  ) Metodos contraceptivos (  ) Mandar para adoção (X) Assassinar a Criança  A pessoa tem todas as chances de seguir a vida sem culpa mas prefere assassinar uma criatura indefesa.   Depois vem falar de amor, empatia, bla bla bla   #AbortoNao","O útero pode ser da mulher, mas a vida que tá lá dentro não. Atirar e matar um adulto não pode, mas assassinar um bebê pode? Hipócritas.  #AbortoNao",0,0.1388604193925857,0.8611395955085754,,Alta
STF É UM AGRUPAMTO DE BANDIDOS. NÃO ! LEGISLA !!! #AbortoNao,Eu sou afavor do aborto quando a mãe morre e o bebê sobrevive #AbortoSim,0,0.1019571125507354,0.8980429172515869,,Alta
"Acho engraçdo q o machismo escravizava as mulheres aos seus caprichos O feminismo as ""libertou"" p serem escravizadas pelo próprio movimento. Aborto é assasinato  #AbortoNao","#AbortoNao seria seu corpo suas regras se o estivéssemos falando do seu corpo, mas não estamos, estamos falando do direito à vida do bebê! Quer falar sobre os direitos das mulheres quanto ao seu corpo? Fale sobre métodos contraceptivos, sobre educação sexual e pré-natal.",0,0.1126004755496978,0.8873994946479797,,Alta
"Em tempos de coronavírus, o Presidente não se importa com a vida de pessoas (algumas vão morrer, fazer o que?) e o gado concordando com ele. Agora vem esta msm turma fanática e os religiosos se juntarem contra o aborto. Contradição né? Eu só tenho a dizer uma coisa. #AbortoSim","Desde que o feto em questão não seja eu, pra mim tanto faz se é #AbortoSim ou #AbortoNão",0,0.1823994070291519,0.8176005482673645,,Alta
Nem quem defende merecia tamanha crueldade! #AbortoNao,"e aí libfem já se posicionou #AbortoSIM hoje? ou seu feminismo é só na hora de usar blusinha escrito ""girl power"" que é feita pela mão de obra escrava?",0,0.1466032713651657,0.8533967137336731,,Alta
"#AbortoNao , se você aprova aborto vc claramente deveria ter sido abortado fi de kenga","#AbortoNao isso é pena de morte, não vão rasgar a constituição novamente",0,0.1618196815252304,0.8381803035736084,,Alta
"não tem útero, não tem opinião   #AbortoSim",#AbortoSim pq quem decide não é vc,0,0.1042931079864502,0.8957069516181946,,Alta
"#abortosim o aborto é errado ,fato  (a vida do bebê não é a mesma vida que a da mulher ) mas a questão é  TUDO QUE É ERRADO DEVE SER PROIBIDO???? ainda mais dentro do contexto brasileiro acho que não  então #abortosim   #AbortoNao","#AbortoSim obvio, né gente. o corpo é da pessoa, e é melhor ela tomar essa decisão do que colocar uma criança no mundo pra ficar sofrendo.",0,0.1047293469309806,0.8952706456184387,,Alta
"O fato da maioria dos ''pró vida'' serem homens é de fácil explicação: Misoginia + extremo MEDO de perder os privilégios.  Nunca foi, nem será, pelo apreço à vida. #AbortoSim","#AbortoNAO O nome disso e infanticídio. Quando a decisão de matar,  dilacerando um ser vivo, o nome é assassinato. E todo assassino merece cadeia.",0,0.1204349771142005,0.8795650601387024,,Alta
"Ser for contra o aborto, também tem q ser contra a pena de morte, só por uma questão de coerência.  #AbortoNao",Vou contar uma coisa que todo mundo sabe mas finge que não. Quando uma mulher rica quer fazer um aborto ela vai no médico dela ou no médico da família e pega a receita do remédio.  Quando a mulher é podre ela não tem pra quem pedir. Mulheres estão morrendo e sofrendo. #AbortoSim,0,0.1046435385942459,0.8953564763069153,,Alta
Ser favor da legalização do  aborto não significa querer abortar e sim entender que cada mulher faz oq julga melhor para seu próprio corpo e entender que se no seu corpo manda Deus no meu mando eu  #AbortoSim,Temos camisinha; anticoncepcional  e pirula do dia seguinte.#AbortoNao,1,0.1318322569131851,0.8681676983833313,,Alta
"sou contra a legalização do aborto, gente ESTAMOS FALANDO DE VIDAS, VIDAS. E não objetos. A pessoa ser estuprada e aborta é uma coisa, agora a pessoa não se prevenir, engravidar e querer abortar é outra. #AbortoNAO","""Sou a favor do aborto"" -ok  &gt;&gt;Sempre vai ter pessoas com opniões opostas&lt;&lt;   se tem indivíduo que é contra, essa é a opinião, respeite.   Aí quer ficar vindo na internet falar mal das pessoas que não tem a mesma opinião que a sua não tem necessidade isso.   #AbortoNAO",0,0.1971634775400161,0.8028364777565002,,Alta
"Educação sexual para decidir, métodos anticoncepcionais para não abortar e aborto legal para não morrer   #ABORTOSIM","Pq tem homem falando de aborto? Sem útero, sem opinião. #AbortoSim",0,0.1645618677139282,0.8354381918907166,,Alta
Fora assassinos! #AbortoNao,"""Nós devemos respeito à todo ser humano na terra"" Disse a militante que usa a hashtag #AbortoSim",0,0.1409967392683029,0.8590032458305359,,Alta
"Não é meu lugar de fala, mas se eu puder opinar, a moça deve ter controle da sua vida e do seu corpo. #AbortoSim",No twitter: #AbortoNao  eu sou pró vida   Realidade: apoia pena de morte e não paga nem a pensão do filho,0,0.1216359511017799,0.8783639669418335,,Alta
"Uma mulher tem o direito de fazer o que ela achar melhor pra ela e não precisa da opinião de ninguém, e para os homens que subiram essa tag, é aquele ditado né, sem útero, sem opinião #AbortoNao","""Uma mulher tem o direito de fazer o que ela achar melhor pra ela e não precisa da opinião de ninguém"" sim , mas somente se ela nascer antes , pra isso... senão não tem nada! #AbortoNAO",1,0.137786403298378,0.8622136116027832,,Alta
Estão fazendo um esforço enorme para viabilizar o aborto.  #AbortoNao,"Não quer filho , para de dar o chibiu. #AbortoNAO",0,0.1854733079671859,0.8145267367362976,,Alta
"Muitos criticam quando o assunto é aborto, mas se esquecem das milhares de crianças q sofrem no mundo, sem lar, sendo abandonadas e até mesmo sofrendo nas morando nas ruas e se envolvendo com coisas erradas pq muitas vezes são indesejadas #AbortoSim","Em vez de julgarem as mulheres q tem a noção q não podem criar ou por escolha não querem, pensem nas crianças ( já q em nós mulheres ninguém pensa) q mesmo q se essa criança nascer, ela será infeliz #AbortoSim",1,0.1001713201403617,0.8998286724090576,,Alta
"A tag #AbortoNao já passou dos 100.000 tweets!  Obrigada, brasileiros. Felizmente, só uma minoria apoia ativismo judicial para matar bebês.",lutem e deem mute em mim ou no video #Apple #BBB20 #PINTOAWARDS #festabbb #bbb #abortosim #abortonao #PINTOAWARDSDIA25  #ABORTONUNCA #PEITOSAWARDS  #ABORTO #PINTOAWARDSDIA  #BANGBANG2020 #BTSReComeback2020 #bbb20 #BBBAEliminação,0,0.964535117149353,0.0354649424552917,,Random
As mulheres querem aborta mas elas não tem consequência que ela está matando um bebe praticamente ele tá matando ela pq ela já foi um feto        #AbortoNao,"#AbortoNao E os que se dizem a favor da vida, mas apóiam o aborto? Hipócritas!!",0,0.919160008430481,0.0808400362730026,,Random
"#AbortoNao é escolha sua, é da pessoa grávida valeu?!","Gente parem com isso, todos nós somos mamíferos mds  #AbortoSim  #AbortoNao",0,0.1388474553823471,0.8611525893211365,,Random
"sem útero, sem opinião caralho  #AbortoSIM #AbortoNao","LACROSFERA justificando o ABORTO porque o HOMEM  ""fez pressão para transar sem camisinha"".  CARAMBA!  Passa o dia inteiro gritando ""MEU CORPO, MINHAS REGRAS""   mas não consegue dizer isso a um HOMEM querendo transar sem camisinha?  DIGA NÃO, oras!  #AbortoNAO",0,0.7132396697998047,0.2867603302001953,,Random
"#AbortoNAO vcs dessa tag entendam q o aborto não é questão política e muito menos religiosa, é questão de empatia, e ngm deveria dizer q o outro não tem o direito de fazer sem saber da realidade deles, principalmente nós homens q só ejaculamos e quem fica com a barriga são elas","Nem todo mundo tem informações necessárias sobre os métodos preventivos e msm se tivessem, NENHUM método é 100% eficaz. Não existe isso de engravida porque quer. #AbortoSim",0,0.0570292621850967,0.9429706931114196,,Random
"A tag #AbortoNao já passou dos 100.000 tweets!  Obrigada, brasileiros. Felizmente, só uma minoria apoia ativismo judicial para matar bebês.",Que Deus proteja o Brasil #AbortoNao,1,0.9838778972625732,0.0161221269518136,,Random
"Eu era contra o aborto totalmente. Hoje, digo que não sou. O que me fez mudar de opinião? Ver tanta criança nascendo pra sofrer nesse mundo sem ter chances de uma boa vida. #AbortoSim","To um tanto irritado com esses bostas e essas otárias defendendo #AbortoNao Me cu, aborto sim.",0,0.0464033335447311,0.9535967111587524,,Random
Sim à vida.#AbortoNao,#AbortoSim meu corpo minha regras ..e ninguém é obrigado a fazer porra nenhuma,0,0.1720670014619827,0.8279330134391785,,Random
Muitos. Muitos. Milhoes de abortosssss #AbortoSim,Quem comete aborto mata um ser inocente que não vai ter a oportunidade de desfrutar da vida. #AbortoNao,0,0.1404376178979873,0.8595623970031738,,Random
PORRRAAAAAAAAA HOMEM N TEM LOCAL DE FALA AQUI CARALHO VAI SE FODER VCS NEM ASSUME OS FILHO E QUER FALAR DE ABORTO #AbortoNao,Um fato: 100% das pessoas que defendem o aborto não foram abortadas #AbortoNao,0,0.9820729494094848,0.0179270133376121,,Random
"#AbortoNao os caras dessa tag são os mesmo que falam ""ai é que camisinha machuca"", ""tá apertando meu pau "" C H A C O T A  #AbortoSim","O Brasil vive uma crise sem precedentes. E a razão somente uma: O sistema socialista implantando nas bases do país.  *STF - Não mais julga, hoje legisla.  *Congresso- Não mais legisla, executa sobre os 3ª poderes.  *Executivo - Não tem mais poder, apenas assiste.   #AbortoNao",0,0.9647886753082277,0.0352113731205463,,Random
"quem ta apoiando a tag #AbortoNao, pergunta lá p criança de rua q foi abandonada se ela preferia estar passando por isso tudo ou ter sido abortada  ""feto sente dor"" blz e as crianças abandonadas, q passam fome ou são espancadas todos os dias? aí n conta né   #abortosim",O que porra é essa de #AbortoNao?,0,0.0951128974556922,0.904887080192566,,Random
"Entrei no TT e vi a tag #AbortoNao e um pouco abaixo a #AbortoSim e vi várias defensoras do aborto dando a carteirada do útero, mas se tem um homem que pode falar de aborto sou eu, segue a thread....","2- Sou #AbortoNao porém é OBRIGATÓRIO ter algumas exceções, como casos de estupro que eu acredito que nenhuma mulher deve passar por isso, ou em casos que a criança vá nascer com alguma má formação e ponha em risco a vida da mãe.",1,0.3605964481830597,0.6394035220146179,,Random
"Bora subir, robozada?   #AbortoNao",É p/ já !!!!!  #AbortoNao  #ForaMandetta  #BolsonaroTemRazao,1,0.99355548620224,0.0064444742165505,,Random
"NA MINHA OPINIÃO!! Eu acho que o aborto poderia ser legalizado só para as mulheres que foram estrupadas, aí teria o direito de abortar mas se tem condições de criar, porque vai abortar a criança ??ENTÃO EU SOU MEIA A MEIA NESSE ASSUNTO, SOU CONTRA E A FAVOR. #AbortoSim",Descobri qual é o remédio.   #LiveDoRevela #Covid_19 #AbortoNao #AbortoSim #coronavirus #aprobadogeneral #noticias24,0,0.9458391666412354,0.0541608557105064,,Random
povo do tt discutindo sobre abortosim ou abortonao fala sério q bgl ridículo,"#AbortoSim Essas conversas são tão chatas e cisnormativas, como se alguém fosse realmente deixar de abortar por que tu disse abortonão",0,0.3946201503276825,0.6053798198699951,,Random
"Nenhuma sociedade civilizada permite que um ser humano intencionalmente prejudique ou tire a vida de outro sem punição. O aborto não é uma forma de contracepção, mas assassinato. Quem defende essa monstruosidade está fazendo apologia e deve responder criminalmente. #AbortoNao!",Assassinato é crime. #AbortoNao,1,0.8876870274543762,0.1123129725456237,,Random
"#AbortoNÃO   Ave Maria, cheia de graça, o Senhor é convosco, bendita sois vós entre as mulheres e bendito é o fruto do vosso ventre, Jesus. Santa Maria, Mãe de Deus, rogai por nós pecadores, agora e na hora da nossa morte. Amém.",A nossa Nação jamais aceitará esse crime #AbortoNAO,2,0.9581657648086548,0.0418342389166355,,Random
"#AbortoNao mas abandonar sim, né? O mundo está realmente mal.","tristeza ver essa #AbortoNAO c entra só tem macho falando, por favores calas tu boquitas machitos isso n é da conta de vossa senhoria",0,0.1573695093393325,0.8426305055618286,,Random
Vc ja viu esse edit na tml?  #AbortoSIM #followtrick #bbb20,rapazeada e #AbortoNao ate aparece a namoradinha gravida,0,0.8443347811698914,0.1556652039289474,,Random
Só lembrando que se vc é contra o aborto por motivos religiosos isso não é justificativa p proibir afinal o estado é laico #AbortoNao #Aborto #abortosim,"Só pra lembrar que HOMEM também aborta, quando ABANDONA a mulher grávida, quando não reconhece o filho e quando foge da PATERNIDADE!!!  #AbortoSim #AbortoNao",0,0.1642434746026992,0.8357565402984619,,Random
"Por que a extrema-imprensa esconde do público o julgamento marcado pelo STF sobre aborto? É cúmplice na estratégia de esconder a importantíssimo decisão, utilizando o caos gerado pela quarentena?  Querem aprovar o aborto na surdina?  #AbortoNao",Só observo a canalhice...  #AbortoNao,2,0.9939262270927428,0.0060738488100469,,Random
"#AbortoSim  o feto não é considerado humano antes dos três meses. não sente dor. não tem cérebro. não tem coração, muito menos terminações nervosas.  mas o feto é humano quando tem 7, 8, 9 anos de idade e mora na rua, quando está passando fome e quando está sendo abusado.",''ah mas tem alma'' SUA RELIGIÃO E CRENÇA N MUDAM A CIÊNCIA e mt menos é relevante num assunto desse,2,0.2645539939403534,0.7354459762573242,,Random
"Só pra lembar que 5,5 milhões de crianças no Brasil não tem o nome do pai no registro, mas nem por isso abandono paterno é considerado crime   #AbortoNao #AbortoSim",E minha vó q esqueceu de registrar o nome do meu avô no registro do meu pai kkkkjk,2,0.1015643775463104,0.8984355926513672,,Random
"#AbortoNao é uma questão de religião, e sim uma questão de saúde pública.",Sou a favor do aborto porque eu tbm não queria ter nascido.  #AbortoSim,0,0.0866664946079254,0.9133334755897522,,Random
