tweet_1,tweet_2,Class,P(NoConflict),P(Conflict),Conflict,Tipo
"A absurda censura de contas nas redes sociais com base na vontade de um ministro do STF é só uma amostra do que virá se o ""PL das Fake News"" for aprovado. A censura completa a qualquer um que discordar de qualquer político ou semideus do STF é logo ali.","E tem gente que ainda acha que o ""Inquérito das Fake News"" é realmente pra apurar Fake News Nada mais é que uma censura por parte de políticos e ministros E não somente de um lado, se isso for aprovado, quem é de esquerda, direita qualquer ideologia não poderá falar mal deles.",2,0.5973241925239563,0.4026758074760437,0,Incerta
Menos Estado? Pros outros!..essa bela matéria do   mostra que o dono da Havan tomou dezenas de empréstimos do BNDES para expandir seus negócios com aquela fachada de mau gosto. E conta mais sobre um dos mais barulhentos apoiadores de Bolsonaro.,"Muitas vezes o discurso ""Estado mínimo"" significa menos investimento Público em educação, saúde e saneamento, porém mais investimento Público no setor privado e no aparato coercitivo do Estado (segurança pública e militares).",2,0.4809939265251159,0.5190060138702393,0,Incerta
Censura nunca mais.,"O ódio pelo Bolsonaro, não pode ser maior que o amor pela nossa liberdade! Hoje são eles, amanhã será você, eu, qualquer um! Censura Jamais!",1,0.4803921282291412,0.5196078419685364,0,Incerta
"Hoje tivemos várias contas somente da direita como sempre CENSURADAS!Pq vcs da  não tão fazendo o #GrandeDebate com esse tema?  Tão falando de aposentadoria de Militar?Tão dormindo?Ou tão passando pano p/ DITADURA, CENSURA nas redes, nas ruas e nas casas? #ImprensaLixo",Vcs estão instaurando uma ditadura no país! Censurar é crime! Vcs são uma vergonha!!!!  #STFVergonhaNacional  Vcs não são dignos do Brasil!,0,0.4731090664863586,0.5268909335136414,0,Incerta
Hoje é o dia da censura no Twitter?,"Como sempre o senhor Alexandre de Moraes continua com a sua ditadura, está tirando a liberdade de expressão",1,0.4211830794811249,0.5788169503211975,0,Incerta
"Estão cometendo crimes? Investigue, denuncie, processe. Censurar, eu não concordo.",Vale lembrar que muitos estão com medidas cautelares e tornozeleira eletrônica e desrepeitando elas.   Tirar um bandido de circulação prendendo ele para nao cometer mais crimes e Censura?,2,0.5490341782569885,0.4509658217430115,1,Incerta
Vivemos em uma ditadura da toga #VozParaBernardoKuster,Nossa Brasil virou uma Venezuela mordena e com ar de democracia.,2,0.5218520760536194,0.4781478941440582,0,Incerta
"A corrupção, no brasil, está ligada aos políticos e as grandes empresas. Não entendo como isso ganha eleição e engana, até, gente que sabe do que se trata. Não tem tanto mau caráter quanto pensamos. Temos que entender essa dinâmica.",Deve ser a dinâmica do quanto pior pra nós melhor pra eles #GovernoDeFraudes,2,0.4399896562099457,0.5600103735923767,0,Incerta
O dia em que a Corte guardiã da Constituição e dos direitos do povo censurou e suprimiu o direito à liberdade de expressão.,"24 de julho de 2020 vai entrar para a história. O dia em que a censura voltou ao Brasil. Porém, desta vez as vítimas são os conservadores e apoiadores do presidente não os comunistas e bandidos que roubaram a nação (esses nunca perderam o direito de defender suas ideias).",2,0.5536766648292542,0.4463233053684234,0,Incerta
Opa peraí #VozParaBernardoKuster,"Gente, mentira que o Gado tá reclamando da ""censura"" do Twitter? Nera eles que queriam AI-5?   mar como eu amo as voltas que a terraplana dá, ein! KKK  #CiroComGugaNoblat",0,0.5963072180747986,0.403692752122879,1,Incerta
"Meu pai será reeleito em 1° turno! Quem for votar nele, retweet  #Bolsonaro2022","Se vcs não fizerem nada contra a censura da toga, acho que infelizmente nosso PR não vai não.Sou Brasileiro não desisto nunca, acho que o Alexandre de Moraes tá jantando vcs.",2,0.4828630685806274,0.5171369314193726,1,Incerta
O que vcs acham do STF ?,"STF é composto de criminosos, sujos e esquerdistas oportunistas, que para se manter com poder, roubando e privilegiando os ""amigos"" coloca em risco o avanço do país e censura seu povo.",1,0.5849001407623291,0.4150998592376709,0,Incerta
"#BolsonaroNuncaMais; #ForaBolsonaro ; #GovernoDeFraudes, Não pode ser!!!!!!!!!!!!!!!!!!",Pq esse povo que pedia AI-5 tá reclamando dessa tal censura?,0,0.5363258123397827,0.4636741578578949,0,Incerta
"Muitos confundem apoio com devoção!  A medida q ele tá ""abandonado"" as pautas conservadoras e os seguidores mais aguerridos, as notícias da grande mídia começam a ficar mais favoráveis e as pesquisas mostram aumento da sua popularidade, mas isso é traição, novos Nandos Moura...","Acho debativel. Mas sobre a grande mídia, eu n sei do q você tá falando n. Até onde eu vejo, tá igual, se não pior.",1,0.424461156129837,0.5755388140678406,1,Incerta
"Eu tinha certeza que a ""pesquisa"" era fake!","Isso será noticiado como foi com a fake news? Não? Pois então, quero mais que a grande mídia se exploda... Se ela não fizer autocrítica, rever procedimentos de apuração e ampliar o debate sobre os fatos nada mudará. E um novo",2,0.5545094609260559,0.4454905390739441,0,Incerta
ONDE isso vai parar?,cvs com a minha bixete sobre censura de bl  onde foi que eu cheguei senhor???,0,0.5050690770149231,0.4949309825897217,0,Incerta
"Não há como aceitar a censura. Não há como aceitar que aplaudam a censura. Liberdade de expressão a todos, aqueles que pensam como eu e os que pensam de forma diferente.",Abaixo a ditadura.,2,0.5961124897003174,0.403887540102005,0,Incerta
Estou perdendo o olfato  Grande dia,enviei meu trabalho ontem e acabei de receber um e-mail dizendo que o trabalho não foi entregue  grande dia,0,0.5774881839752197,0.422511875629425,0,Incerta
"há certos casos que não podemos tratar como censura e sim senso moral, o que mais tem hoje em dia são acusações sem provas que acabam com a carreira de alguém","independente disso, nunca vou apoiar Censura. Quem acusa precisa provar o que está acusando, sem que haja Censura por ambas as partes.",1,0.420240581035614,0.579759418964386,1,Incerta
Moraes manda e desmanda no Twitter! Suspensos Luciano Hang e Roberto Jefferson!,"Contas bloqueadas no twitter , alô censura. Vc qur ta comemorando cuidado, o proximo pode ser vc ou eu.",0,0.4056524634361267,0.5943475365638733,0,Incerta
"Vocês acham que acabou? Acham que a derrubada de contas de apoiadores de  hoje foi o ápice da CENSURA? Estão enganados, aguardem a aprovação da LEI DA CENSURA em votação na  o pior ainda está por vir. Vivemos em tempos sombrios, as trevas dominam!",Alexandre de moraes. Vc é um ditador de merda!!!!!!,0,0.5812374353408813,0.418762594461441,0,Incerta
"Brasil entrou na era da censura. Vários perfis apagados do Twitter e Facebook por ordem judicial.  Liberdade de expressão? Depende, o que você quer falar? Quem você quer criticar?  Tempos sombrios.",liberdade pra espalha mentira eh isso ai top memo,2,0.4186834394931793,0.5813165307044983,1,Incerta
"ATÉ QUANDO SEREMOS CENSURADOS DESTA FORMA,POR MINISTROS DO STF? O CRIME QUE NÓS ESTAMOS COMETENDO É: SER CONSERVADOR E APOIAR JAIR BOLSONARO. ESTÃO QUERENDO CALAR OS CRISTÃOS CONSERVADORES. JAMAIS VÃO NOS CALAR! #STFVergonhaNacional","Ser juiz é horrível né. Faz merda, censura, faz merda, censura, faz merda, censura, faz merda gigante, aposenta ganhando a mesma merda que ganhava quando fazia todas as merdas.",0,0.5027404427528381,0.4972596168518066,0,Incerta
"A ESQUERDA E A IMPRENSA PIRAM ! A última pesquisa para as eleições de 2022 , mostra Bolsonaro na frente e ganhando de todos no 2º turno. Como entender ? A mídia perdeu o monopólio da informação , não engana mais o povo , por isso querem censurar as redes sociais . SÓ KKKKKKKKKK",As redes sociais é a nossa trincheira para debater os absurdos que aconteceram e ainda acontecem no Brasil. Não aceitamos ser desinformados pela grande mídia desinformadora.,2,0.4169495701789856,0.5830504298210144,0,Incerta
"Amigos aqui é Roberto Jefferson. Entrei na conta da minha filha para agradecer a todos pelo apoio. Em breve estaremos juntos novamente! Alexandre, não temo sua tirania!","Prefiro muito mais o Regime Militar (1964 a 1985), do que o Regime do STF (2019 a 20..), e você ? Bandeira do BrasilBandeira do Brasil. Nem na ditadura isto aconteceu. Nem na ditadura isto aconteceu. Nem na ditadura isto aconteceu. Nem na ditadura isto aconteceu.",2,0.5679633617401123,0.4320366680622101,0,Incerta
Li e não vi qualquer fato devidamente comprovado que justificasse tal censura!!!!,Censura não é proibir antes da merda ser feita? hahahahahahaha,1,0.4853595793247223,0.5146403312683105,1,Incerta
EU vendo que contas bolsonaristas são retiradas do ar no Twitter e Facebook e que o pessoal que pede a volta da ditadura tá reclamando de censura,e   vcs são uns ícones,2,0.4772809147834778,0.5227190852165222,0,Incerta
O tiranete Alexandre de Moraes passou de todos os limites. Ele agora decide sozinho qual informação pode circular no país? Ele decide quem fala e quem cala a boca? Ou os democratas reagem agora a este ato de censura s/ precedentes ou não podem mais falar em liberdade de expressão,"Se esse estado de censura não for combatido diante de internautas, esse estagio evoluirá e alcançará a midia opositora tambem. Não pode haver precedente.",1,0.5311766266822815,0.4688234329223633,0,Incerta
"Fui procurar ontem uns modelos de vibrador e eles pareciam com umas posturas bem reativas. Tive que dividir com vcs a rinha de vibradores.  Esse aqui parece que tá instigando pra briga:  ""Vem, pode vir, vem se tu é MACHO""",Eu to vendo rinha de vibrador no cabelereiro   Grande dia KAKAKAKAKAKAKA,2,0.5929130911827087,0.4070869386196136,0,Incerta
O tiranete Alexandre de Moraes passou de todos os limites. Ele agora decide sozinho qual informação pode circular no país? Ele decide quem fala e quem cala a boca? Ou os democratas reagem agora a este ato de censura s/ precedentes ou não podem mais falar em liberdade de expressão,Essa censura abjeta precisa acabar!,2,0.411494493484497,0.5885055065155029,0,Incerta
"Quem comemora a censura hoje, será alvo da censura amanhã. É a lógica de qualquer ditadura.","Lembrem-se de oantgonista, foi censurado e hoje comemora a censura. Amanhã pode ser o contrário.",1,0.4798498451709747,0.5201501250267029,0,Incerta
"O cerceamento da liberdade de expressão encaixa na dialética do senhor e do escravo do Hegel. Quanto mais senhor é o senhor, mais dependente ele é do escravo, então mais escravo ele é. Quanto mais proíbem uma ideia, mais ela se dissemina.  É muito mais eficaz demonstrar as falhas","Leiam! Sobre a censura, de forma geral",2,0.4172300398349762,0.5827699303627014,0,Incerta
"???????? você tem propriedade pra falar essa palavra????? você falando isso sem censura te torna tão errada quanto ele, parabéns pela hipocrisia",? se enxerga tu nem conhece ela,2,0.4522525668144226,0.5477474331855774,1,Incerta
"friozinho, chuvinha e feijoada: Grande dia  ererê","nego ganhando R$40,00 da psn e eu nem consigo jogar grande dia",0,0.5810277462005615,0.4189723134040832,0,Incerta
"Hoje são   Allan dos Santos Bernardo Kuster Edson Salomão Luciano Hang Roberto Jefferson Otávio Fakhoury Sara Winter   Amanhã pode ser vc.  Vc, conservador. Vc, que apoia Bolsonaro.   E vc tbm, idiota de esquerda que tá comemorando essa censura covarde.  #VozParaBernardoKuster",Não tá mentindo,2,0.5730853080749512,0.4269147515296936,0,Incerta
"O Ministro Barroso, em 2014, quando deixei o regime fechado de prisão e fui trabalhar, dei uma entrevista sobre o Petrolão, Barroso me censurou e determinou meu silêncio, censura, sob pena de eu voltar ao regime fechado. Exorbitou das suas funções. Me fez sofrer.","Bob Jeff você está incomodando aquela corja, então conte mais, conte tudo. Eles estao se achando os donos do Brasil, os poderosos da Terra e não são. Precisamos de um STF, mas nao desses Ministros que estao lá nos envergonhando. #STFvergonhaNacional #STFNaoVaiNosCalar",1,0.4634738564491272,0.536526083946228,0,Incerta
"Definição de tiro no pé foi atualizada! Cabeça de Ovo, com essa censura baseada no inquérito ilegal, só conseguiu destruir ainda mais a sua reputação e a do STF!",Porco tem reputação?,2,0.4322607219219208,0.5677393078804016,0,Incerta
"1) O ponto não é o mérito, mas a ilegalidade do objeto. Vc condena quem vai às ruas e aplaude quem censura, quando o objeto é ""fechamento de congresso"" ou ""intervenção militar"". Tais pautas são ilegais, ou melhor, não há espaço no nosso ordenamento p/ sua efetividade. Por outro..","Eu ñ aplaudo quem censura, mas o q aconteceu ñ foi censura",1,0.4629740118980407,0.5370259284973145,1,Incerta
"Censura no ""dos outros"" é refresco, né #JornalNacional ? Democratas de ocasião !",Ditadura da toga. #VozParaBernardoKuster,0,0.4636012017726898,0.5363987684249878,0,Incerta
"Segura as pontas aí Bob Jeff. Os brasileiros estão contigo, essa censura não há de calar uma nação. Segue firme.","CANALHAS não vão nos calar, ainda que seja via sinal de fumaça, daremos um jeito nesse país, NÃO vamos abandona- lo nas mãos de bandidos ainda que seja bandidos poderosos, CENSURA NÃO!!!!",0,0.4483464360237121,0.5516535043716431,0,Incerta
se ligou que tá perdendo relevância aqui no twitter e nem comentou sobre a censura imposta pelo ...  Foi por isso né?,"Vejo esquerdistas vibrando com a censura. E se fosse com eles? Qual o tamanho do escândalo que a velha mídia estaria promovendo? A guerra é muito desigual. Se  seguir lutando com a CF debaixo do braço, não sobrará nenhum de nós. O STF já rasgou a CF.",0,0.450195699930191,0.5498043298721313,0,Incerta
O gadismo vive implorando por AI-5 e quando tiram do ar as mentiras contadas por eles o Twitter vira um poço das lamentações. O Brasil esta sem governo por culpa destes bovinos que fazem essa fumaça toda nas redes sociais e o primeiro é o JB. O gadismo não tem vida fora das redes,"Gente, vocês não querem Censura? Tão reclamando de que?",2,0.4877007305622101,0.5122992396354675,0,Incerta
Censura é só quando derrubam quem concorda com você?,"será que a CNN está tratando com normalidade a censura imposta pelo STF inclusive contra a jornalistas? Por que STF não bloqueia a conta de quem difama o Presidente da República ou o ameaça de morte? Até o PGR foi contra, disse que as postagens eram somente críticas...",0,0.4759365916252136,0.5240633487701416,1,Incerta
"Tem gente subindo tag que para justificar seu apoio a censura de alguns. Comparam para tal, a ação de alguns cidadãos desinformados pedirem o AI-5 , com uma ordem de censura feita pelo SUPREMO TRIBUNAL FEDERAL. #ginastica #narrativas","A esquerda antes das eleições alardeava que  defenderia a censura, o autoritarismo, o genocídio, a violações da constituição e etc. Bem, isso tudo se tornou realidade, mas não é o PR que está fazendo, cadê a esquerda agora pra cobrar quem realmente é o DITADOR?",0,0.4218147099018097,0.5781852602958679,0,Incerta
Cadê a democracia nesse país? STF tá censura do até Twitter? Ai5 já para termos nossa liberdade novamente #EncovadoComBolsonaro,Como assim a pessoa quer o AI-5 pra ter liberdade? Tá na hora de estudar um pouquinho sobre história né bebê,2,0.5361810922622681,0.4638189077377319,1,Incerta
"Não há liberdade de expressão quando não podemos falar o que queremos, mas apenas o que nos permitem falar. Impedir preventivamente alguém de se expressar não tem outro nome: é censura. É por isso que, numa democracia, jornais podem ser processados, mas jamais podem ser fechados.",Não há direito no abuso do direito. Simples assim!,2,0.4022789895534515,0.5977210402488708,1,Incerta
"Discordo de 99% do que defendem Allan dos Santos e Bernardo Küster. Assim como discordo de Jones Manoel e Sabrina Fernandes.  Discordo 100% de que o Estado tem o direito de escolher, por motivação política, quem pode ou não ter um perfil no Twitter.","Vc é bem gadinho de bandido, se achando ""o democratinha""  Vai lá, aplaude os algozes da liberdade, aplaude  Burro demais",2,0.5977862477302551,0.4022137224674225,1,Incerta
Pode isso? Bernardo P Kuster “ensinando” como burlar o bloqueio imposto a ele e outros investigados no inquérito das fake news? É o tutorial do gabinete do ódio?,Bernardo  te encontramos em qualquer lugar seu filho da puta covarde.,2,0.5877676606178284,0.4122323989868164,0,Incerta
"Coloquei a postagem do discurso da deputada Benedita, pois são parecidos. Ela fala em derramamento de sangue. Ambos dizem ter usado sentido figurado. Se houver crime, puna, não defendo crime. Sou contra censura de opinião.","Sou contra a censura também. Mas em caso de uso para cometimento de crime, não cai em censura. Tanto que há direito de resposta e vedação ao anonimato.",1,0.5462325811386108,0.4537674188613891,1,Incerta
"Impedir os ativistas de direita de se manifestarem pelas mídias sociais é censura prévia. Uma coisa é investigar e eventualmente punir por aquilo que publicaram; outra, inteiramente diferente, é impedir que falem.","Dói um pouco defender, mas tem que deixar falar mesmo. Toda forma de imbecilidade e babaquice precisa ser divulgada, pra depois ser condenada, ridicularizada e extinta",2,0.5274533033370972,0.4725466668605804,0,Incerta
Censura nua e crua,A regra é clara: se é favor de AI-5 não pode reclamar de censura,1,0.1169063299894332,0.8830936551094055,1,Alta
Povo é burro ou apenas se faz? comemorar a censura .... aprendam que todos tem o direito de expor suas ideias msm que elas  não seja aceita por vc... Aff pelo jeito o covid não ensinou nada ...,Reação à censura e acusações fortes do Roberto Jefferson ao STF... Roberto Jefferson está de prontidão para abalar novamente a República (veja o vídeo),0,0.1645520180463791,0.8354479670524597,0,Alta
"O Brasil entrando na rota da censura e os generais cuzões quietos,estagnados... #VozParaBernardoKuster","Já começou o mimimi da censura. Os neofascistas mentem, xingam, difamam, caluniam, ameaçam e quando a justiça age vem se fazer de vítimas da sociedade.",0,0.1882858425378799,0.8117141723632812,1,Alta
Opiniões e críticas podem ser criminosas. É óbvio que podem. Todo mundo pode ser responsabilizado pelo que diz. Ninguém está discutindo isso.  O que a Constituição veda -- e é o ponto dessa discussão que o pessoal pró-decisão ignora completamente -- é censura prévia.,"A censura prévia é impedir que alguém se manifeste ao tolher os meios de difusão da mensagem -- Censura não é impedir a expressão, é impedir a DIFUSÃO.  A lei permite -- e ninguém discute isso -- a remoção de tweets ofensivos, por exemplo. O que não pode é impedir de manifestar.",1,0.1134973540902137,0.8865026831626892,0,Alta
"O mesmo pessoal que falam de censura pq suas contas Bolsonaristas no Twitter e Facebook estão sendo retiradas do ar, são os mesmo que pede a volta da ditadura.","Mas um cara desses é muito idiota mesmo né!? Da onde tiraram isso? Porque meia dúzia de doidos vão a manifestação com faixa pedindo Ditadura Militar, ele acha que todos querem isso.",2,0.1723192781209945,0.827680766582489,1,Alta
"Não há como aceitar a censura. Não há como aceitar que aplaudam a censura. Liberdade de expressão a todos, aqueles que pensam como eu e os que pensam de forma diferente.",Só os canalhas querem e pretendem trazer a censura de volta como forma de esconder todas as suas canalhices!!! Estão aproveitando da PANDEMIA para nós impor a ditadura do judiciário,1,0.1225290745496749,0.8774709105491638,0,Alta
O tiranete Alexandre de Moraes passou de todos os limites. Ele agora decide sozinho qual informação pode circular no país? Ele decide quem fala e quem cala a boca? Ou os democratas reagem agora a este ato de censura s/ precedentes ou não podem mais falar em liberdade de expressão,"Não é só liberdade de expressão, e sim o ESTADO DE DIREITO DO CIDADÃO que é IMPUNEMENTE subjugado, violentado descaradamente e sem nenhum pudor - essência de TIRANOS",2,0.1288786977529525,0.8711212873458862,0,Alta
"Proibir, com ordem prévia e geral, que uma pessoa se manifeste através de um veículo de comunicação legítimo é censura. Ponto.",Em ditadura não existe censura,1,0.1042590886354446,0.8957408666610718,1,Alta
"Realmente estão tentando a todo custo impor censura aos apoiadores do presidente. A globo está fazendo um ótimo papel passando pano, mas nn pôde criticar ela um tiquinho q já sai botando artistas com mão na boca, no ouvido, nos olhos, na venta, no rabo e falando de ditadura...","A censura chegando no Twitter mesmo que ninguém me ouça falarei, os crimes que está acontecendo no Brasil é impossível que ninguém esteja vendo, ditadura estabelecida onde nao podemos falar, sair as ruas com desculpas de isolamento, estão violando nossos direitos.",0,0.1110272854566574,0.8889726996421814,0,Alta
"Melhor sim, mas não o ideal. Se bem que educação vem de berço.... Ainda rosnam, mas medindo as palavras. Curioso como desconhecem leis, e confundem censura com limites. Crianças mimadas.",As leis já existem calúnia injúria e difamação. Isso é censura.,1,0.1326147019863128,0.8673852682113647,1,Alta
"Não é uma delícia ver a galera que pedia um AI-5 chorando e gritando CENSURA?   Foi uma decisão judicial, esses imbecís confundem PUNIÇÃO com CENSURA.  A única coisa boa é ver esse “fugitivos da inteligência” chorando nas redes. Criticando a censura e o “livre mercado”",“Não confundam punição com censura”. Tá de brincadeira...,2,0.1599382907152176,0.8400616645812988,1,Alta
Por que têm ancap aplaudindo censura? Não entendo,"Os caras não entendem que a censura não é só pra apoiador do Bolsonaro, é pra qualquer um que pensar diferente",1,0.1242022067308425,0.8757977485656738,0,Alta
Um jornalista comemorando a censura de um outro jornalista... KKK Tragicomico!,Vamos ver se esses mortadelas continuarão a comemorar qdo a censura do  chegar a eles também.,1,0.1407873779535293,0.8592126369476318,0,Alta
"Art.220. Leia lá. Omitir informações tbm e censura. Então vou desenhar pra vc, reclamar que censuraram alguém a favor do governo, quando o mesmo prática censuras de informações, não faz o menor sentido, energúmeno.","Omitir informação oficial. Não dar entrevista não foi, não é nem nunca será censura. Cara, sério. Vc é burro ou tá só se fazendo de pão pra ganhar linguiça?",1,0.1107603833079338,0.8892396092414856,1,Alta
"No mesmo dia em que a Veja divulga que pesquisa do Instituto Paraná mostra Bolsonaro como favorito para 2022, Alexandre de Moraes manda censurar perfis de defensores do presidente. É a mais vasta operação de censura já vista na internet brasileira. Vai ficar por isso mesmo?","Segundo Laurence Sterne, ""A censura é o imposto da inveja sobre o mérito"". É um cerceamento completo, que não deixa respirar. Mas não se pode matar a ideia nem com tiro de canhão.",1,0.1920579373836517,0.8079420924186707,0,Alta
"Amigos aqui é Roberto Jefferson. Entrei na conta da minha filha para agradecer a todos pelo apoio. Em breve estaremos juntos novamente! Alexandre, não temo sua tirania!",Eba! Vc vai usar a conta dela? Continue postando na sua q todos aqui passamos a ter contas em outros países pra não sermos atingidos pelo Twitter BR.,2,0.107785440981388,0.8922145366668701,0,Alta
Sobre contas de conservadores sendo banidas: a liberdade de expressão é direito fundamental garantido em nossa Constituição e deve ser válida para todos.,E vocês do Congresso não fazer nada? vao assistir de camarote a censura e a perseguição aos conservadores? Que vergonha!,1,0.1517605036497116,0.848239541053772,1,Alta
"Art. 220. A manifestação do pensamento, a criação, a expressão e a informação, sob qualquer forma, processo ou veículo, não sofrerão qualquer restrição, observado o disposto nesta Constituição.  § 2º É vedada toda e qualquer censura de natureza política, ideológica e artística.","Então que o Barroso e a favor da censura do Alexandre de Moraes,isso não me impressiona acho que tem ainda mais ministros que simpatizam com tal barbárie.",0,0.1109944209456443,0.8890056014060974,0,Alta
"Censura é a prévia proibição  Direito de ter apagada a publicação ofensiva ou mentirosa é sim uma sanção civil prevista em Lei, independente da sanção criminal (multa) ou administrativa (no caso de pessoas com cargo público eletivo ou comissionado).","Apagar a postagem é diferente de apagar a conta. Logo isso é censura. Se tivesse alguma postagem comprometedora, q o Lex Luthor mandasse apagar a postagem, jamais a conta",1,0.1231816709041595,0.8768183588981628,1,Alta
Menos Estado? Pros outros!..essa bela matéria do   mostra que o dono da Havan tomou dezenas de empréstimos do BNDES para expandir seus negócios com aquela fachada de mau gosto. E conta mais sobre um dos mais barulhentos apoiadores de Bolsonaro.,Menos Estado só serve para pobre.,2,0.199399784207344,0.8006002902984619,0,Alta
associar discurso de ódio e disseminação de fake news à censura é bizarro,"Rindo bagarai aqui do Pastor Bernardo chorando a ""censura"" do seu jabá.",0,0.1275014281272888,0.8724985718727112,0,Alta
"DÁ UM TEMPO...  O gado fala que não existe pandemia, manda o povo às ruas, mente sobre tudo, pede volta da ditadura e AI-5 e quer reclamar de Censura??????????????",esse povo é comedia demais viu KKKKK,2,0.1815415322780609,0.8184584379196167,0,Alta
"Cara, vc não vê a espiral de idiotice q vc está!? Não se trata de fake news. Para crimes de difamação e calúnia ja existem o cp e o cv. Isso hj foi censura.",Censura por investigar e vetar fake news? Kkkkkkkkkkkkkkkkkkk  Está preocupado? Eu não estou rs   Faz arminha,1,0.1708692610263824,0.8291307687759399,1,Alta
"Quando uma ajuda emergencial de 600 reais faz grande parte da população ganhar mais do que ganhava com o mercado de trabalho aberto e funcionando “normalmente”, alguma coisa esta errada com o modelo econômico...","Enquanto, para outros, 600 reais são gastos em um dia.",2,0.1882877647876739,0.8117122650146484,0,Alta
Para ameaça ja tem lei no código penal.. Ofensa também.. Censura é censura! Ponto.,"Não falei de censurar ameaça. Só estou dizendo que pessoas tratam ofensa como ameaça e por isso pedem censura. Não sabem ver a diferença e tratam tudo como a mesma coisa. Ofensa não se leva a serio, ameaça não se censura, mas tem que abrir o olho",1,0.1364412009716034,0.8635587692260742,1,Alta
O STF precisa conter a escalada de Alexandre de Moraes contra a liberdade de expressão.,É precisa mesmo!! Então presidente do,2,0.9624674320220948,0.0375326164066791,0,Random
"Pois é, parece que algumas coisinhas mudaram, ou é só impressão?  De qualquer forma, não deixa de ser interessante!  Segue o jogo!",è do tipo assim? se teve censura que se foda ne?,2,0.7795067429542542,0.2204932570457458,1,Random
"e   Aqui vai minha sugestão como carioca Convidem alguns representantes de algumas religiões e no dia 31/12 faça um grande evento on-line ou em alguma emissora de TV. Quem sabe se começarmos o ano orando,ligados com Deus ,2021 seja o que 2020 não foi.",E agora ? #STFNaoVaiNosCalar #STFVergonhaNacional #STFOrganizacaoCriminosa,0,0.9832364916801452,0.0167635176330804,0,Random
"A suspensão das contas de apoiadores do Presidente tem um objetivo simples: intimidar todos os demais apoiadores, enquanto acostuma o restante da população com a idéia sinistra de que certas autoridades possuem o poder e a legitimidade para calar e censurar quem os incomoda.","É a censura democrática, ou a democracia da censura?",2,0.2513474524021148,0.7486525177955627,0,Random
ATENÇÃO VOCÊ QUER GANHAR ATÉ R$500 ?       GANHE ATÉ R$ 500 REAIS POR MÊS NO TIKTOK :    - USE MEU CÓDIGO PARA COMEÇAR GANHANDO: 27210071   #barracadobeijo2 Marco Noah  #VozParaBernardoKuster OBX SEASON TWO outer banks Reinier qn8,A deputada ainda esta no tempo do BIPE !!!!   A sua Imparcialidade e a do STF  é tão  clara  como um copo de cafè !!!!   Que vergonha  NOJENTO um jornalista de TI defender a CENSURA  !!! MANDEM LOGO FECHAR AS REDES SOCIAIS  #j10 a globo e os politicos corruptos irão adorar !,0,0.9716799259185792,0.0283200908452272,0,Random
"Alexandre de Moraes passou do limite do bom senso há um tempo. Mas, hoje, ele extrapolou ao mandar derrubar 17 perfis de apoiadores do presidente  nas redes sociais.   É a instituição oficial da censura.",E o que acontecerá contra ele?  Cadê o senado Federal? Cadê o Presidente? Cadê nossos representantes?  Nós conservadores NÃO aceitamos traições! #ficaadica,2,0.9903552532196044,0.0096447868272662,0,Random
O STF precisa conter a escalada de Alexandre de Moraes contra a liberdade de expressão.,que?   o antagonista se posicionando contra o seu ministro do STF favorito?   tem coisa estranho no ar,2,0.9611530900001526,0.0388468913733959,1,Random
SEXTA-FEIRA DA VERGONHA Alexandre de Moraes manda censurar perfis do jornalista Bernardo Küster (diretor do BSM) e vários outros conservadores. É a mais vasta operação de censura já vista na internet brasileira. #VozParaBernardoKuster,Querem nos calar! #VozParaBernardoKuster,2,0.9942131638526917,0.0057867961004376,0,Random
"A perseguição aos conversadores é uma sombria realidade que estamos presenciando. Levante conosco a tag #FreedomOfSpeech e vamos juntos mostrar ao mundo o sequestro da nossa liberdade!  Bora, robozada?",#FreedomOfSpeech  #VozParaRobertoJefferson  #VozParaBernardoKuster  Censura nunca mais!,2,0.9927002787590028,0.0072998031973838,0,Random
"Passei pelo caju agora e me lembrei do dia que eu fui obrigada a me despedir do meu branquelo, ah maycon tu me faz uma falta grande",minha família enche o meu saco só por eu não querer ir no aniversário da minha sobrinha grande dia,0,0.978380024433136,0.0216199625283479,0,Random
"NÃO  a ditadura, nem a militar e nem a do judiciário #VozParaBernardoKuster","Sobre a CENSURA, perseguição aos conservadores e direitista que apoiam o gov. federal no Brasil",0,0.953382968902588,0.0466169901192188,0,Random
"Painel: Sara Winter, ativista do movimento 300 do Brasil, é presa pela PF em Brasília","Esses dois inquéritos são bem bagunçados A prisão da Sara Inverno foi, ""a princípio"" justificada. MAs está solta, pq parece que era sem pé-nem-cabeça",2,0.9924163818359376,0.007583572063595,0,Random
"Exclusivo: Luciano Hang obteve 55 empréstimos do BNDES para transformar Lojas Havan em império. De 1993 a 2014, o empresário hj investigado no Inquérito das Fake News conseguiu R$ 72 milhões junto ao banco estatal, revelam  e :","Mas nossa esse estadão malvadão existem pra alguns e pra outros nao, não é mesmo",2,0.9869245290756226,0.0130754355341196,0,Random
O que vcs acham do STF ?,#STFVergonhaNacional é a opinião corrente!,2,0.9740613698959352,0.0259386356920003,0,Random
#Bolsonaro2022 #VozParaBernardoKuster Essa censura aos defensores dos ideais conservadores apenas fomenta o crescimento da popularidade de Bolsonaro.,Será que não vão parar as arbitrariedades desse Alexandre de Moraes? Desde quando em uma democracia se admite essa ditadura disfarçada imposta por quem não nos representa? Diz aí Alexandre quantos votos tu teve pra achar que representa algo para o Brasil?,0,0.987307608127594,0.0126923769712448,0,Random
que censura o q caralho tu enche o cu de cloroquina e vem falar merda,"Lembram de 2018, aquelas pessoas falando 'ele não' pq além de várias acusações iria fazer como em 64 e que voltaria a censura? Pois é, ela voltou. Mas quem é o responsável? Eu sei que 'ele não' é. #FreedomOfSpeech",0,0.3996446132659912,0.6003553867340088,1,Random
"O mínimo que os senadores decentes deveriam fazer é convocar uma entrevista coletiva e mostrar a sua total discordância a respeito deste crime de Abuso de Autoridade praticado pelos onze malignos do STF. Não fazer nada é também um crime, o de omissão. #STFVergonhaNacional",Temos que reagir às imoraeslidades !!!! #STFVergonhaNacional,1,0.9900278449058532,0.0099721802398562,0,Random
"Como a editora me informou que o livro não chegou a ser impresso, fui autorizada a atualizar meus escritos com os acontecimentos de hoje. Ficarão devidamente registrados também.",São grandes aberrações jurídicas!  #VozParaBernardoKuster  e demais conservadores perseguidos pelo 5TF.,2,0.9571900963783264,0.0428098812699317,0,Random
"Estou feliz pq finalmente consegui cancelar a Live Tim (Que por sinal tem um atendimento horrível) que tava me enrolando por 2 semana pra instalar a merda da minha internet na casa nova esses fdp, e pq o Cid curtiu meu comentário, grande dia amigos",Presidente Bolsonaro testa NEGATIVO para o covid. Mais um dos milhões de recuperados do Brasil. Grande dia!,0,0.9288100004196168,0.071190021932125,0,Random
Fico a pensar...o que leva a vaidade misturado com arrogância e  uma pitada de prepotência de um ministro do STF ao tentar fechar a boca de uma nação! #FreedomOfSpeech #STFVergonhaNacional,São seres inúteis.,2,0.987074851989746,0.0129251386970281,0,Random
bom dia mas só pra quem também é uma grande merda patética,"Saber que Bolsonaro é preferência nacional pelos próximos 8 anos deixou Alexandre de Moraes putão. Já que não tem ninguém que possa barrar esse comuna, que Deus faça a justiça por nós. #Bolsonaro2022",0,0.9839730262756348,0.0160269979387521,-1,Random
"pouco sabemos sobre a retenção de contas de conservadores. ao que parece elas foram feitas em atenção à determinação do STF para ""interrupção dos discursos"" de ódio, subversão da ordem e incentivo à quebra da normalidade institucional e democrática.  é um péssimo precedente. 1/","Acho censura. Detesto esses bolsominions youtubers, mas o alexandre de Moraes atuou como censor neste caso. O que tem de fazer e processa-los se cometem crimes, não travar conta. Quem pode fazer isso são os proprietários das plataformas.",2,0.986221432685852,0.0137785458937287,0,Random
"O STF mandou DERRUBAR CONTAS bolsonaristas em redes sociais  NÃO CONCORDO com essa turma NEM APOIO o que dizem, mas a decisão vem de um INQUÉRITO INCONSTITUCIONAL  A Suprema Corte abre brecha pra voltarmos a um ESTADO DE CENSURA  Hoje é com eles. Amanhã pode ser contigo...",Perfeito !,2,0.986162543296814,0.0138374930247664,0,Random
"Pra conseguir ver a conta dos retidos pelo STF é simples Vá em configuração da conta e altere o país pra qualquer outro e vc conseguirá ver a conta do ,  e os outros novamente","Dá certo gente, censura é o caralho  grande dia hehehehehe",2,0.9726473689079284,0.0273526404052972,0,Random
"nunca vou esquecer do dia que: ana: ""ai eu odeio sulista"" paulo: "" mas a gnt eh sulista"" ana: "" não a gnt ta no sudeste, o sul eh Rio Grande do sul"" eu: "" mas e Santa Catarina e Parana?"" ana:"" ent mas o Rio Grande do sul faz fronteira com São Paulo""","Contas retidas   Allan, Bob Jeff, Bernardo entre outros.   Censura pesada.",0,0.9822824001312256,0.017717583104968,0,Random
"Branca chorando pq uma pessoa falou q preferia o cabelo dela grande, imagina se ela escutasse comentários como ""bombril"" ""arbusto"" ""alisa"" ""prefiro de trança"" ""deu choque"". Ela ia se matar no primeiro dia, ai esse povo da mt biscoito pra branco mimado acham q a vida é um morango.","caralho tudo bem. mulheres negras sofrem muito mais do que mulheres brancos e isso é fato. mas porra, existe pressão estética pra todas as mulheres. sem exceção. se é assim uma mulher trans tbm pode falar que negras e brancas só sofrem pq não passam o que elas passam",2,0.5990360975265503,0.4009639322757721,1,Incerta
O impeachment de Alexandre de Moraes não é mais uma opção. É a única resposta possível para esse ato insano e sem precedentes contra a liberdade de expressão e de imprensa. #STFVergonhaNacional,Não existe diálogo com quem quer te calar! #FreedomOfSpeech,2,0.4268991649150848,0.5731008648872375,0,Incerta
"Não há como aceitar a censura. Não há como aceitar que aplaudam a censura. Liberdade de expressão a todos, aqueles que pensam como eu e os que pensam de forma diferente.",Não seja cínico.O que se vê é uma mi lícia digital que tem que ser exterminada. Sonso.,2,0.5548250675201416,0.4451748728752136,1,Incerta
Testando. Baseei minha conta nos EUA. Alguém consegue ver ? #VozParaBernardoKuster,"Sim. Estou nos ""EUA"" e acompanhando todos vocês q sofreram essa inconstitucional censura. Acredito q iremos em massa acompanhá-los dessa forma!  Força patriota!",1,0.4974431991577148,0.5025567412376404,0,Incerta
"Silêncio sepulcral dos diversos órgãos de imprensa, instituições e autoridades a respeito dos últimos atos de deliberada censura no . Não temem pelo dia em que tb serão atingidos? Quem, de fato, defende a democracia nesse pobre país? #MoraesNaoVaiMeCalar #VozparaConservadores","Art. 220. A manifestação do pensamento, a criação, a expressão e a informação, sob qualquer forma, processo ou veículo, não sofrerão qualquer restrição, observado o disposto nesta Constituição.   § 2º É vedada toda e qualquer censura de natureza política, ideológica e artística.",0,0.4112875163555145,0.5887125134468079,0,Incerta
"Contra a ditadura do STF o #JornalNacional não convocou especialistas pra opinarem sobre a CENSURA, porque se tratavam de pessoas ligadas ao Presidente que perderam Redes Sociais. Todos sabem q interessa a Rede Globo acabar com Jair Bolsonaro.  #CNNBrasil",Compartilhem a verdade sobre – A Origem do #COVIDー19 – e conheça as evidências em prol da manipulação genética que a grande mídia e a ciência não divulgam! Acessem o documentário aqui:  e ajudem a difundir a informação. Inscrevam-se por favor no canal e,0,0.5644964575767517,0.4355035424232483,0,Incerta
"Escutem coisas estranhas estão acontecendo, não é por acaso a censura, o cerco está se fechando , Bolsonaro está indo pra cima e togados estão tremendo na base . Se um cair, todos irão.",e se vcs descobrissem que aqui fora existem milhões querendo banir suas contas na SUPREMA CORTE? VCS SÃO UMA VERGONHA!!! UMA OFENSA GRAVÍSSIMA À MEMÓRIA DE RUI BARBOSA!!! #VozParaBernardoKuster,0,0.4537252187728882,0.546274721622467,0,Incerta
Os togados estao desesperados! #VozParaBernardoKuster censura da china veio pro brasil.,"Ditador cabeça de ovo determina censura, esse STF é sem limite, pensa que é dono do Brasil, nao existe lei é o que eles pensam.",0,0.4975294470787048,0.5024706125259399,0,Incerta
"Neocon 95% do tempo: hmmm saudades ditadura, volta AI-5, huhu, delicia de bota de general  Twitter bloqueia contas vinculadas a fake news: hmm censura, ditadura, huhuhu","Btw, os mesmos neocons: huhu propriedade privada, huhuhu faço o qur quiser inclusive cagar p pandemia huhuhu minha cada é minha e entra quem eu quiser  Twitter, organização PRIVADA, bloqueia perfis vinculados a fake news: huhu censura   Se fudêê",1,0.4139979779720306,0.5860020518302917,0,Incerta
"Impedir os ativistas de direita de se manifestarem pelas mídias sociais é censura prévia. Uma coisa é investigar e eventualmente punir por aquilo que publicaram; outra, inteiramente diferente, é impedir que falem.","sem falar que essa ação só legitima o discurso da extrema-direita de que twitter, redes e imprensa são de esquerda e vivem numa caçada para censurá-los",2,0.5961021184921265,0.4038978815078735,0,Incerta
"Exclusivo: Luciano Hang obteve 55 empréstimos do BNDES para transformar Lojas Havan em império. De 1993 a 2014, o empresário hj investigado no Inquérito das Fake News conseguiu R$ 72 milhões junto ao banco estatal, revelam  e :","Perai,mas Pegar emprestimo com o BNDES não era coisa de comunista?",2,0.422936350107193,0.5770636200904846,0,Incerta
O tiranete Alexandre de Moraes passou de todos os limites. Ele agora decide sozinho qual informação pode circular no país? Ele decide quem fala e quem cala a boca? Ou os democratas reagem agora a este ato de censura s/ precedentes ou não podem mais falar em liberdade de expressão,Todos os limites foram ultrapassados!,2,0.4653745889663696,0.5346254110336304,0,Incerta
"A decisão do FB e do TW de derrubar as contas de apoiadores de  é sem precedentes na rede mundial, que se caracteriza pela ampla liberdade de expressão. A decisão de suspender as contas é contraditória porque a  investigação não está concluída. País sob censura.",#FreedomOfSpeech Existe uma rede social que não aceita censura de governos:,1,0.4305648803710937,0.5694351196289062,-1,Incerta
"Pois é! E na cara de pau vem o argumento da “censura”, “liberdade de expressão”... Pra injuriar, caluniar, ameaçar...",Edgard apoia a censura e não suporta o contraditório.,1,0.5422194600105286,0.457780510187149,1,Incerta
"Discordo, Felipe A questão n é a infração às normas da plataforma, mas algo MUITO mais grave! É a conspiração organizada contra as intituições STF e congresso. Conspirar contra a democracia é MUITO mais grave que infringir regras do TWT e autoriza as medidas do STF. Não é censura","Então... Nesse ponto, acho que o Felipe se perdeu mesmo... STF jamais atuaria por infração às normas de rede social.",2,0.5092254877090454,0.4907745718955993,0,Incerta
"Branca chorando pq uma pessoa falou q preferia o cabelo dela grande, imagina se ela escutasse comentários como ""bombril"" ""arbusto"" ""alisa"" ""prefiro de trança"" ""deu choque"". Ela ia se matar no primeiro dia, ai esse povo da mt biscoito pra branco mimado acham q a vida é um morango.","?????? ai gente fala sério, vamo dar uma segurada ne",2,0.5015657544136047,0.4984342455863952,1,Incerta
"Você que esta comemorando esta censura que esta acontecendo abra seu olho, se você não lutar por sua liberdade o próx será você.",Entenderam a mensagem?  Não?!  PRECISA DESENHAR?,2,0.505161464214325,0.4948385059833526,0,Incerta
"Quando uma ajuda emergencial de 600 reais faz grande parte da população ganhar mais do que ganhava com o mercado de trabalho aberto e funcionando “normalmente”, alguma coisa esta errada com o modelo econômico...","Mais da metade da população recebia menos da metade do salário mínimo. Média de 450,00 Guedes.",2,0.5938312411308289,0.4061687588691711,0,Incerta
"""Tente censurar o Tio Sam agora, Cabeça de Ovo!"", escreveu Bernardo Kuster em post no Twitter horas após determinação do STF ser cumprida pela rede social.","Gente que cria e espalha Fake News DEVEM ser censuradas na internet. Oras, não sabem usar de forma honesta!  Tem que perder a conta.",2,0.4491333961486816,0.5508665442466736,0,Incerta
ae seus imbecis entendam que restringir conta de maluco que financia e espalha fakenews nao é censura ô retardado,"os caras pedem tanto a volta da ditadura ai quando eles provam um gostinho de como é ""o próximo pode ser eu ou vc "" engole o choro irmão grande dia",0,0.4733958840370178,0.5266040563583374,0,Incerta
"Hoje são   Allan dos Santos Bernardo Kuster Edson Salomão Luciano Hang Roberto Jefferson Otávio Fakhoury Sara Winter   Amanhã pode ser vc.  Vc, conservador. Vc, que apoia Bolsonaro.   E vc tbm, idiota de esquerda que tá comemorando essa censura covarde.  #VozParaBernardoKuster","O de esquerda comemora, pq são eles que estão fazendo a censura.",1,0.4194109439849853,0.5805891156196594,0,Incerta
Vamos espalhar este vídeo em que explico bem direitinho o que está ocorrendo.  #VozParaBernardoKuster,Bora ver o vídeo do,2,0.5108398199081421,0.4891601502895355,0,Incerta
"Guilherme Fiuza critica decisão de Alexandre de Moraes:  ""Ele decide quem fala e quem cala a boca? Ou os democratas reagem agora a este ato de censura sem precedentes ou não podem mais falar em liberdade de expressão.""",Acabou liberdade de expressão no Brasil.,2,0.4159581363201141,0.5840418934822083,0,Incerta
"Bom diaaaaa, finalmente chegou o grande dia !!","Meu macarrão ficou uma delícia, grande dia",0,0.4814145565032959,0.5185854434967041,0,Incerta
"Não há como aceitar a censura. Não há como aceitar que aplaudam a censura. Liberdade de expressão a todos, aqueles que pensam como eu e os que pensam de forma diferente.",Alexandre de Moraes não respeita a constituição Federal. Sencura a liberdade de expressão em um país democrático. Lamentável vergonhoso!,1,0.4999523460865021,0.5000476837158203,0,Incerta
"Hoje é dia de tentar entender como a sociedade e sua parcela de pensadores à esquerda permitiram que chegássemos neste momento de mega precarização.Da forma que eu analiso e posso sustentar em debate, grande parcela está em como tds viraram as costas aos taxistas.  #BrequeDosApps",Não importa contra quem censura não ditatudra STF não #FreedomOfSpeech,0,0.4128190577030182,0.5871809720993042,0,Incerta
O que vcs acham do STF ?,Aqui não temos um tribunal constitucional e sim o tribunal bolivariano do Brasil para implantar a censura e comunismo em nosso país.,2,0.4649764001369476,0.53502357006073,0,Incerta
"Aquele feladaputa se manifestou a respeito da censura imposta a seus puxa-sacos ou vai fazer como sempre:  deixa q se fodam, protege só a si mesmo e aos filhos?",Tá quieto ainda.,2,0.455003410577774,0.5449966192245483,0,Incerta
URGENTE: SENADORES impeachment de Alexandre de Moraes é IMPERATIVO.Será q não existem 41 Senadores dignos para pressionar o Batoré? A culpa dos atos desse ditador vem da omissão d vcs. Senador que não se posicionar abertamente é a favor da CENSURA! #ImpeachmentAlexandreDeMoraes,"Sim existe, vc não vê a bosta que está o Brasil. Nem o mais sábio consegue ajustar essa merda toda, onde só tem aproveitadores ilícitos, fora os que gostam do jeitinho p tudo  Existe mas não aqui neste mundo de merda onde só bosta quer dar ordem em pessoas honestas",2,0.403461754322052,0.596538245677948,0,Incerta
"Para quem defendia a morte do presidente, defender a CENSURA é fichinha. Não querem apenas calar o Presidente e seus apoiadores, mas calar e se possível matar. Não lute hoje e amanhã você estará na VENEZUELA.",O Maduro doBrasil é o Moraes. Ninguém põe a mão nele.,2,0.5827508568763733,0.4172491133213043,0,Incerta
Roberto Jefferson em Os Pingos nos Is #STFNaoVaiNosCalar,"Como muitos falam do , que ele foi #DELATOR do #MENSALÃO, ele NÃO FOI, ele foi o que DENUNCIOU O MENSALÃO, bem diferente, agora ele mesmo, irá fazer o mesmo com o STF, irá #DENUNCIAR A PODRIDÃO QUE LÁ EXISTE, só não o APOIA quem não quer ver os #BANDIDOS CAIREM !",2,0.5779361724853516,0.4220638275146484,0,Incerta
"Não importa a sua posição política  ou a sua ideologia, se vc comemora a decisão prolatada pelo Alexandre Moraes , isso só significa que vc não tem apreço nenhum pela democracia e pela liberdade. Crimes nas redes tem que ser punidos na lei. Censura NÃO.",CENSURA NÃO! #PL2630Nao,2,0.5884864330291748,0.4115135371685028,0,Incerta
Hj realmente tá sendo um grande dia,coloco biquíni percebo o quanto tô magra e fico trist       grande dia,0,0.5282471179962158,0.471752792596817,0,Incerta
"Não há como aceitar a censura. Não há como aceitar que aplaudam a censura. Liberdade de expressão a todos, aqueles que pensam como eu e os que pensam de forma diferente.",Censura só p os apoiadores do Bolsonaro. Até quando???!!!  LIBERDADE!!!,1,0.4671082198619842,0.5328918099403381,0,Incerta
Sigam-me por aqui.,"Contra a censura, siga aqui, a conta reserva do Allan!  #CensuraNao",2,0.5775986909866333,0.4224013090133667,0,Incerta
"Grande dia p mim, cai da égua, meu ombro tá todo cortado Tô preparada pra mais, vem","O desânimo pra ir trabalhar é grande mas a dívida q eu tenho é maior, vamos de bom dia",0,0.4590819180011749,0.5409180521965027,0,Incerta
"Os mesmos que defendem bloqueio de contas investigadas em redes sociais, são os que defendem a liberdade para um condenado por ""falta de prova"".",Esses perfis q foram bloqueados estavam exaltando Roberto Jefferson pq o tal (ladrão corrupto condenado e preso ) agora apoia o mito deles .,2,0.4249065220355987,0.5750935077667236,0,Incerta
"Eu concordo e procurei seguir seus pedidos de trégua desde o começo porque já temos preocupações o bastante com toda a censura e perseguição, mas hoje já não acredito mais que seja uma simples briga por ego ou relevância. É bem mais do que isso.",O Alexandre de Moraes não quer mais diálogo e vai até o fim. O recado hoje foi dado! Não dá mais pra ter trégua. Acabou a paz!,1,0.4800417721271515,0.5199581980705261,0,Incerta
Recebi isso é achei de bom grado compartilhar com vocês,"...roteiro strictly followed , qual é a surpresa com a censura !?!?",2,0.547046959400177,0.452953040599823,-1,Incerta
Os censurados pelo Twitter hoje:  Roberto Jeffesson Allan dos Santos Bernardo Kuster Edson Salomão Rodrigo Ribeiro Sara Giromini Edgard Corona Luciano Hang Otavio Fakhoury Marcelo Stachin Reynaldo Bianchi Júnior,"não é censura, o fascismo não tem que ter espaço",2,0.585472047328949,0.4145279228687286,1,Incerta
Sobre contas de conservadores sendo banidas: a liberdade de expressão é direito fundamental garantido em nossa Constituição e deve ser válida para todos.,"Vamos ficar só nesse discurso de censura, será apenas isso?",1,0.4320814907550812,0.5679185390472412,1,Incerta
Nada apagará a chama da esperança que presenciamos nos olhos de cada um presente neste grande dia! Obrigado Juiz de Fora! Obrigado Minas Gerais!,Nada apagará a chama da esperança! Tenham uma ótima sexta-feira!,2,0.443850964307785,0.5561490654945374,0,Incerta
GRANDE DIA   -  SÓ se for para os esquerdopatas babacas e suas fakenews. A ESQUERDA é mãe das fakenews.,"O gado Bolsonarista tipo Sara Winter, acha que pode ameaçar, incitar violência, estupro, e ficar por isso mesmo. Isso é crime Independentemente se for contra ministro do STF, ou um catador de papelão na rua. Conta suspensa é pouco pra esse pessoal.",0,0.4130869209766388,0.5869131088256836,1,Incerta
"Não há liberdade de expressão quando não podemos falar o que queremos, mas apenas o que nos permitem falar. Impedir preventivamente alguém de se expressar não tem outro nome: é censura. É por isso que, numa democracia, jornais podem ser processados, mas jamais podem ser fechados.",Liberdade sempre foi o bem mais precioso para o ser humano. Em todos os segmentos da vida.  #naoireimecalar,2,0.5625738501548767,0.4374261498451233,0,Incerta
"Não há como aceitar a censura. Não há como aceitar que aplaudam a censura. Liberdade de expressão a todos, aqueles que pensam como eu e os que pensam de forma diferente.","Contra essa censura de liberdade já estamos programando nossos robôs patriotas com tecnologia 6G para divulgar essa atrocidade jurídica comunistas. Inclusive, divulgaremos em site pornôs, que dá mais visibilidade.",1,0.5195352435112,0.4804647564888,0,Incerta
"Mesmo que eu escreva um único parágrafo por dia, ainda sim já vai ser uma grande evolução pra mim que to com um bloqueio do crlh","Gente que pedia AI-5 reclamando de censura kkkkkkk. Que ano, amigos",0,0.4173696041107178,0.582630455493927,0,Incerta
Os outros ministros do STF não farão nada para acabar com a censura imposta pelo ditador Alexandre de Moraes e puni-lo? Os Senadores não levarão adiante o impeachment?   Estou estudando todos os meios de ação que temos para agir.   A ditadura da toga não prevalecerá.,vc não sabia que bandidos protegem bandidos.,2,0.5992817878723145,0.4007182121276855,0,Incerta
50 Rts e 30 Likes e eu posto sem censura,Sigam essa gostosa e deem muitos rts,2,0.4839704930782318,0.5160294771194458,0,Incerta
Como vc é tratado no Brasil qd é de direita e qd é de esquerda,Censura .. Mas só para a direita..  #FreedomOfSpeech,2,0.4825296401977539,0.5174704194068909,-1,Incerta
"O bom dessa censura toda é que fica clara a inexistência da democracia representativa no Brasil.  O sistema está nu, mais do que nunca.","Alô,  , está na hora de mais um ""acabou, pô!"".",2,0.4435924291610718,0.5564075708389282,0,Incerta
precisamos de ações afetivas contra a censura.,"Mas o governo Bolsonaro é assim, dia inteiro de mimimi que não consegue governar e fazendo piadinhas, ZERO investimento no exército, aumento de impostos, ditadura da toga, reconhecimento facial e censura. ""Ain, vai fazer cocô dia sim dia não, Golden Shower.""",0,0.1103815659880638,0.8896183967590332,,Alta
"Sabem oq gente como os ""generais"" Luiz Ramos ou Braga Netto farão qt a censura do Alexandre de Moraes? Nada, pq são 2 covardes de merda. É a ditadura de um MERDA  calando vários num inquérito ilegal. Precisamos de #Bolsonaro2022 para continuar diminuindo o poder desses lixos.","Esse papo de que “a direita comemoraria se a esquerda fosse censurada” é absurdo. É passação de pano para censura. Antes de tudo, a direita começou censurada e não o contrário. Nem em torcida de futebol isso acontece. A torcida é para que o outro perca e não que ele morra.",0,0.1385692656040191,0.8614307045936584,,Alta
"Não há liberdade de expressão quando não podemos falar o que queremos, mas apenas o que nos permitem falar. Impedir preventivamente alguém de se expressar não tem outro nome: é censura. É por isso que, numa democracia, jornais podem ser processados, mas jamais podem ser fechados.",Primeiro vem a censura.  Despois a tortura.  E por fim o fuzilamento.  É assim que se inicia uma ditadura.  E quem diria que viria de um órgão que deveria garantir os direitos dos cidadãos.,1,0.1778445243835449,0.8221554756164551,,Alta
"Não é uma falácia, é um fato sobre a base do seu argumento Seu fundamento é que qualquer opinião proibida pelo Estado não é censura pois está na lei, logo, se a lei tbm te proibir de falar mal do presidente não é censura? É uma pergunta simples Regime Militar não teve censura?","Nao é um fato visto que ele não  existe, é apenas uma suposição. Houve censura no regime militar, onde opiniões eram coibidas. Hoje combatemos mentiras/fake news e não opiniões, e a lei inclusive já existe para qualquer pessoa, presidente ou não, chama-se crime de difamação.",1,0.1003275960683822,0.8996724486351013,,Alta
"Amigos aqui é Roberto Jefferson. Entrei na conta da minha filha para agradecer a todos pelo apoio. Em breve estaremos juntos novamente! Alexandre, não temo sua tirania!",Você não está sozinho.,2,0.1551876217126846,0.8448123335838318,,Alta
"Acrescento: se fosse eu o censurado, esses mesmos comemorariam e/ou criariam narrativas para encobrir/desmentir o fato. ACREDITE.  Alguns desses q perderam seus perfis assassinaram reputação de quem queria lava-toga, patrulham opiniões e promovem seu próprio mecanismo de censura.","Você pode ter toda razão nas críticas ao atual governo, mas discordo que iriam comemorar uma hipotética censura a você.",1,0.1489302963018417,0.8510697484016418,,Alta
"A decisão do FB e do TW de derrubar as contas de apoiadores de  é sem precedentes na rede mundial, que se caracteriza pela ampla liberdade de expressão. A decisão de suspender as contas é contraditória porque a  investigação não está concluída. País sob censura.","Rapaz, dizer que o Facebook se caracteriza pela “ampla liberdade de expressão” é mostrar total desconhecimento de que, sendo esquerdista, o Facebook tem histórico mundial de censura a conservadores. Há anos sou censurado pelo Facebook. Veja:",1,0.1455804109573364,0.8544195890426636,,Alta
Abaixo da ditadura!  #VozParaBernardoKuster,Abaixo da Ditadura?  Seria então :  Embaixo da Ditadura?  Debaixo da Ditadura ?  Tem cloroquina debaixo da Ditadura ?,2,0.1649928539991378,0.8350071310997009,,Alta
"Não há como aceitar a censura. Não há como aceitar que aplaudam a censura. Liberdade de expressão a todos, aqueles que pensam como eu e os que pensam de forma diferente.","....todo tipo de atrocidade impensável em outros tempos, como censura, prisões, intimidação sem participação da PGR, aonde ele investiga, denuncia, julga e condena...Um crime após o outro....tudo isto sob o silêncio covarde, conivente e criminoso do Presidente do Senado",1,0.1926000863313675,0.8073998689651489,,Alta
"Já dizia um velho deitado: Democracia é quando eu mando em você. Ditadura é quando você manda em mim. . Bando de bosta, vivem pedindo AI-5 e não aguentam um mero bloqueio de conta em rede social? . Bando de babacas, só veem graça em censura e tortura quando é nos outros!","Só jumentos filhos da puta apoiam a censura promovida por esses  ministros do STF. É um bando de robos, sem foto, sem porra nem uma. Zumbis da esquerda. Canalhas.",1,0.1348176747560501,0.8651823401451111,,Alta
"Não é uma delícia ver a galera que pedia um AI-5 chorando e gritando CENSURA?   Foi uma decisão judicial, esses imbecís confundem PUNIÇÃO com CENSURA.  A única coisa boa é ver esse “fugitivos da inteligência” chorando nas redes. Criticando a censura e o “livre mercado”","""Não é censura, é decisão judicial""  Tomar no seu cu, seu canalha. Continuem assim. Nós já achamos um jeito de burlar. Logo vamos burlar todo o estado e vermes parasitas como vc morrerão de fome.",1,0.1439951062202453,0.8560048937797546,,Alta
"Opinião impopular, eu sei. Mas acho importante lembrar disso. E ter cautela ao celebrar o que aconteceu. Sei que o debate parece simples - e que os donos dos perfis restritos são pessoas abjetas. Mas a ordem pode ser lida não como punição. Mas como censura prévia.","Sim. Pode haver uma linha tênue entre punição e censura. E pode, sim, criar um precedente perigoso que se volte futuramente para qualquer um que emitir opinião que não agrade ao poder vigente.",1,0.1880517452955246,0.811948299407959,,Alta
"O apoio à censura, que interessante. Isso é como criar uma naja em casa, um dia ela se volta contra você! “Vitória” ?!? Patético",Não à censura! Viva o AI-5!,1,0.1009987294673919,0.8990013003349304,,Alta
"Não há como aceitar a censura. Não há como aceitar que aplaudam a censura. Liberdade de expressão a todos, aqueles que pensam como eu e os que pensam de forma diferente.",Exatamente!! Não há como aceitar a censura!!,2,0.110489010810852,0.889510989189148,,Alta
"Não há como aceitar a censura. Não há como aceitar que aplaudam a censura. Liberdade de expressão a todos, aqueles que pensam como eu e os que pensam de forma diferente.","Hj são  eles, amanhã serão todos os Brasileiros, 5g vem aí pra facilitar a censura e instalar a ditadura . #FreedomOfSpeech",2,0.1006891280412674,0.899310827255249,,Alta
"Escutem coisas estranhas estão acontecendo, não é por acaso a censura, o cerco está se fechando , Bolsonaro está indo pra cima e togados estão tremendo na base . Se um cair, todos irão.",Otimo.... que caiam todos.....,2,0.1815358996391296,0.8184641003608704,,Alta
Empresa privada cumprindo decisão judicial de suspensão de contas de pessoas investigadas por supostos crimes não é censura nem cerceamento de liberdade.,Decisão do Estado mandando suspender contas de rede social não é censura?,1,0.1115603744983673,0.8884396553039551,,Alta
"Hoje será um grande dia, tudo voltará ao normal",Hj realmente tá sendo um grande dia,0,0.1682113260030746,0.8317886590957642,,Alta
"Qualquer indivíduo que tenha o mínimo de comprometimento com a democracia tem o dever de repudiar a decisão do Min Alexandre de Moraes que, em decisão ditatorial, bloqueou contas de redes sociais de diversos apoiadores de Bolsonaro. Trata-se censura prévia! E o silêncio da OAB?",odiamos censura mas só quando é pros nossos hehehehhe,0,0.196982592344284,0.8030173778533936,,Alta
Vocês também estão sentindo que o clima aqui no Twitter deu uma melhorada?,"Estamos melhor desde quando a quadrilha do  foi expulsa do poder... seguiremos mantendo os ladroes longe do nosso dinheiro!!! Ah, vá à missa viu!!!  #BolsonaroTemRazao  #STFVergonhaNacional",1,0.1265300810337066,0.8734699487686157,,Alta
"Pegue o exemplo do Roberto Jefferson: é um cidadão que vem cometendo seguidos crimes contra a honra de diversas pessoas. Deve ser processado e pode ser condenado no penal e no cível, mas não vejo previsão legal que justifique cercear o seu livre direito de expressão.","Já existe lei pra punir essas atitudes do sr Roberto Jeferson se ele as cometeu, não precisava vcs aprovarem essa lei estúpida da censura. Pode ter certeza não esqueceremos de vcs nas urnas.",1,0.1937940567731857,0.8062059283256531,,Alta
"Para quem defendia a morte do presidente, defender a CENSURA é fichinha. Não querem apenas calar o Presidente e seus apoiadores, mas calar e se possível matar. Não lute hoje e amanhã você estará na VENEZUELA.",Eles que lutem porque nós não vamos nos xalar #NaoVaoNosCalar  #STFVergonhaNacional  #FechadoComBolsonaroAte2026  #forçaAllan,1,0.1925915628671646,0.8074084520339966,,Alta
Alexandre de Moraes definitivamente se torna o censurador que tanto acusaram o Bolsonaro de ser! Mas Deus vai agir em breve! Aguardemmmmmmmmmmmm,"Já que está falando de censura, poderia fazer um post falando das investigações do Ministro da Justiça contra servidores que se auto intitulam antifascistas. Esse tipo de comportamento típico de governo fascista vc não condena, né?",1,0.1935800164937973,0.8064199686050415,,Alta
"Será que há tantas fakes assinm, isso n é censura",Eu nn sou de direita mas é óbvio que é uma censura. Imagina um ministro do STF obrigar o twitter a apagar seu perfil na internet,1,0.1328314691781997,0.8671684861183167,,Alta
"Escutem coisas estranhas estão acontecendo, não é por acaso a censura, o cerco está se fechando , Bolsonaro está indo pra cima e togados estão tremendo na base . Se um cair, todos irão.","Todos vão cair brother, no tempo normal, o mal não vence o bem. E agora é BOLSONARO, o Messias, não tem jeito pra eles, o povo não quer mais pilantras, vagabundos. Eles que se FODAM, que apelem para a mediocridade, para a covardia. Estamos vencendo. #bolsonarotrabalhapelopovo",2,0.1920442432165146,0.8079557418823242,,Alta
"Após bloqueio, Roberto Jefferson usa conta da filha no Twitter",olha só!!!,2,0.9879559874534608,0.0120439594611525,,Random
Estamos vivendo em um AI-5  #STFVergonhaNacional #STFOrganizacaoCriminosa   FUI TOTALMENTE CENSURADO no Twitter e Facebook  via,o entregador fez birra pq queria que fosse buscar comida la na rua pq ele nao era obrigado a sair da moto   ????????? grande dia,0,0.9862704873085022,0.0137295899912714,,Random
"URGENTE: Alexandre de Moraes envia notícia-crime contra Bolsonaro, Flávio e Eduardo para PGR  O caso envolve as investigações do Facebook que resultaram na censura e derrubada de sites de direita e conservadores. A representação contra Bolsonaro e seus filhos foi feita ao STF .",matei a gisele a paulada hoje grande dia,0,0.993521511554718,0.0064785270951688,,Random
é o perfil da filha do Roberto Jefferson.,"Tá rolando live da Sara Winter no novo canal dela, ela tá metendo o pau!",0,0.9714562296867372,0.0285437535494565,,Random
"#STFNaoVaiNosCalar O diabo usa Toga !1)Alexandre de Moraes – A esposa dele, Viviane Barci de Moraes, é sócia da Barci de Moraes Sociedade de Advogados. O jornalista Oswaldo Eustáquio investigou esposa de Moraes e descobriu esquema bomba.","Vixe, meu dedo escorregou aqui e sem querer dei",2,0.988465428352356,0.0115346182137727,,Random
"(ALEXANDRE DE MORAES) (((""AMEAÇOU"")))APLICAR MULTA DIÁRIA CONTRA FACEBOOK E TWITTER!!!  ""Plataformas de redes sociais foram obrigadas a suspender contas de 17 pessoas""",que vergonha do Sr.,2,0.981090486049652,0.0189094934612512,,Random
"Por ordem de Alexandre de Moraes, Twitter cancela contas de Bernardo Pires Küster, diretor do BSM, e outros expoentes do conservadorismo brasileiro",CENSURA NÃO!!!,2,0.9889187216758728,0.0110813006758689,,Random
"As contas censuradas hoje contam com mais leitores do que os grandes jornais e veículos da velha imprensa.  Ou seja, a decisão de bloquear essas contas equivale ao fechamento de jornais e televisões, goste você ou não das opiniões emitidas por tais perfis.  Censura abjeta!","A corte agiu com CENSURA, não precisava ter escrito uma matéria p/ perceber.   Ou seja, censura com respaldo da imprensa.",2,0.9675651788711548,0.0324348509311676,,Random
"Só pra ver se eu estou errado, Voce viu  Mendonça Ramos davi Jorge  dar um Piu sobre a censura? eles não se importa  ou ele tem medo do STF? Ainn voce não pode falar do Pessoal do Gov voce ta querendo dividir os apoiadores da direita ne?","Acabaram de excluir do twitter os conservadores. Tudo isto a pedido do Alexandre de Moraes,o careca bandido! Ajude nos nessa luta, siga que eu sigo de volta.",0,0.978029191493988,0.0219708662480115,,Random
Alexandre de Moraes precisa receber voz de prisão. Ele é um juiz constitucional. Ele não é um jagunço.,Alô TEMER? Por que Alexandre de Moraes defensor do PCC?,1,0.9029953479766846,0.0970046743750572,,Random
#VozParaBernardoKuster STF de merda,"Não existe mais liberdade de expressão no Brasil. Já estamos na beira de um precipicio dictatorial. Se nada for feito, isso nunca irá parar, só tende a piorar. O objetivo é minar a base real de apoio do presidente que são os conservadores.  #VozParaBernardoKuster",0,0.9915881752967834,0.0084118638187646,,Random
Ele tem uma obsessão contra o presidente!?? Alexandre de Moraes envia à PGR notícia-crime contra Bolsonaro e os filhos Flávio e Eduardo - Notícias - R7 JR na TV,"Cadeia na familicia , Grande dia",1,0.9916844367980956,0.008315629325807,,Random
"Escutem coisas estranhas estão acontecendo, não é por acaso a censura, o cerco está se fechando , Bolsonaro está indo pra cima e togados estão tremendo na base . Se um cair, todos irão.","Que caiam todos, um por um!",2,0.2543784081935882,0.7456215620040894,,Random
"Amigos aqui é Roberto Jefferson. Entrei na conta da minha filha para agradecer a todos pelo apoio. Em breve estaremos juntos novamente! Alexandre, não temo sua tirania!",Boa noite para quem não precisa usar a conta da filha para se pronunciar no Twitter!,2,0.967531442642212,0.0324685350060462,,Random
"Bernardo Kuster . Um Conservador legítimo, culto e leal. O que aconteceu com ele?  Apoia-se suspenso.  YouTube desmonetizado.  Facebook bloqueado.  Shadowban no Insta.  Inquérito ilegal.  Bem-vindo à RDSB - República da Ditadura Socialista Brasileira.",O que mais me impressiona é que não podemos fazer nada. Absurdo!!!,2,0.9821400046348572,0.0178599748760461,,Random
"Pegue o exemplo do Roberto Jefferson: é um cidadão que vem cometendo seguidos crimes contra a honra de diversas pessoas. Deve ser processado e pode ser condenado no penal e no cível, mas não vejo previsão legal que justifique cercear o seu livre direito de expressão.","Roberto Jefferson fala a verdade com a coragem que falta aos demais. Imagina um pobre mortal expor os fatos e críticas publicamente como ele faz? O que aconteceria??  Agora com os que atacam o presidente, e seus apoiadores nada acontece, por que a parcialidade?",1,0.4594258069992065,0.5405741333961487,,Random
"Alexandre determina e Twitter bloqueia perfis do presidente do PTB, Roberto Jefferson, dos empresários Luciano Hang, Edgard Corona, Otávio Fakhoury, Bernardo Küster, além do jornalista Allan dos Santos e do assessor do deputado estadual de São Paulo Edson Salomão.",cabeça de ovo FDP,2,0.9922037124633788,0.0077962707728147,,Random
Esse monte de falatório pra que?? pra nada.... invés de criticar o STF o  Alexandre de Moraes.. Pq não vai direto ao ponto  vai pra cima do seu Davi  Acolumbre presidente do Senado... Somente ele com senadores  pode  Barrar o autoritarismo de membros do STF. Não diante xingar.,Roberto Jefferson narrou a relação de um ministro do Supremo com um segurança. Perto disso o pedreiro da Joice Peppa é café pequeno...,0,0.986032247543335,0.0139677301049232,,Random
Não aceite censura de quem quer que seja. O tal inquérito teve como primeiro ato em censurar a revista crusoé e agora pessoas que expressão sua opinião. #vozparabernardokuster,"O fato de não gostar ( ou não confiar) no conteúdo que publicam alguns dos censurados por Alexandre de Moraes não quer dizer que eles devam ser censurados. A ditadura, finalmente (e infelizmente) nos alcançou.",0,0.9485518932342528,0.0514480806887149,,Random
Ok #VozParaBernardoKuster,Um absurdo o que está acontecendo em nosso país. #VozParaBernardoKuster,2,0.9908393025398254,0.0091606546193361,,Random
"Em reunião do PSOL, os integrantes agradecem aos machonheiros eleitores dos seus candidatos. Pode? Um partido que faz apologia ao crime?",Só no Brasil mesmo #STFVergonhaNacional,2,0.9926179051399232,0.0073820832185447,,Random
Não nos calaram! #VozParaBernardoKuster,Fiz e vendi minha primeira coleção no Red Dead Redemption 2 Online. Grande dia,0,0.9747212529182434,0.0252787508070468,,Random
Vamos espalhar este vídeo em que explico bem direitinho o que está ocorrendo.  #VozParaBernardoKuster,Vejam,2,0.98076331615448,0.0192366428673267,,Random
Quem precisa do PL 2630 da Censura se o Brasil já tem o tiranete Alexandre de Imoraes?,"Não precisamos oficializar ainda mais uma vez a censura das redes e estabelecer o olhar do grande irmão, por que daí vamos entrar em uma distopia.",1,0.9120694994926452,0.0879304483532905,,Random
"AMEI .CHORA PETRALHADAS E COMPANHIA E MITO ,É BOLSONARO 2022.CENSURA NÃO ALEXANDRE CABEÇA DE OVO",Eita presidente cabra macho,2,0.8953464031219482,0.1046535670757293,,Random
"Oi , mudei meu país nas configurações do Twitter e agora consigo ver todos os perfis que você TENTOU censurar.  Se tiver achando ruim, vá reclamar com o . Forte abraço, otário!","Bora lá Patriotas, mudando para um país (pelo menos no twitter) onde o #STFVergonhaNacional , são ""reles mortais"".",2,0.461465448141098,0.5385345816612244,,Incerta
#STFVergonhaNacional,#SinistroFake Tá lá só pra garantir impunidade para peessedebistas,2,0.4319961071014404,0.5680038332939148,,Incerta
"Um perfil de ""Jornalismo"" está exibindo CPF e RE de todos os censurados pelo STF. Nunca vi tantas violações de direitos civis de uma só vez: ,  e , vocês viram isso?","Mas ué, não era o Bolsonaro q iria se eleger e impor a censura no país todo???",1,0.4095237553119659,0.5904762744903564,,Incerta
"Felipe Neto, que defende a censura e até a prisão de quem supostamente espalha ""fake news"", mais uma vez foi pego mentindo e propagando desinformação na internet. O sujeito mente tanto que, agora, teve que ser desmentido pelo embaixador da Ucrânia por mentir sobre aquele país.","Vamos falar de dossiês e fale news, ""phelipe""? Por detrás dessa isca, tem tubarão gde contra a direita. #MaesCONTRAfelipeneto",2,0.4361709654331207,0.5638289451599121,,Incerta
"porque vcs omitem um fato? O que o STF fez, foi Censura! Mas, não falam nisso, preferem dizer de outra forma? Vergonha! #CensuraNao",A galera que pedia AI-5 agora reclama de censura? Algo de errado não está certo.,0,0.4402825832366943,0.5597174167633057,,Incerta
"Os perfis do ,  (dentre outros) está liberado para quem vive fora do Brasil. Ou seja: a censura é apenas para brasileiros que vivem sob a ditadura.",Mudem seu pais para os EUA e saia da censura,2,0.4701337814331054,0.5298662185668945,,Incerta
"Qual é a desculpa de hoje dos ""liberais"" brasileiros para defender censura estatal?",Ficaram calados pois não tem desculpa,2,0.5312665700912476,0.4687334299087524,,Incerta
"Escutem coisas estranhas estão acontecendo, não é por acaso a censura, o cerco está se fechando , Bolsonaro está indo pra cima e togados estão tremendo na base . Se um cair, todos irão.",Vc não é Roberto Jeferson,2,0.4245741665363312,0.5754258632659912,,Incerta
"O Ministro do STF, Alexandre Moraes superou todos os limites de arrogância, prepotência e falta de bom senso no cargo. O impeachment dele seria um exemplo para moralizar a justiça no Brasil. Eu já entrei com dois pedidos no Senado e aguardo o Presidente colocar na pauta da casa.",O sr acha a  alcolumbre colocará em pauta????,2,0.5479027032852173,0.4520973265171051,,Incerta
"Alexandre de Moraes passou do limite do bom senso há um tempo. Mas, hoje, ele extrapolou ao mandar derrubar 17 perfis de apoiadores do presidente  nas redes sociais.   É a instituição oficial da censura.",É A Instituição que MAIS DA REPULSA E ASCO!,2,0.4504852592945099,0.5495147109031677,,Incerta
"Q ódio, saudades de qm eu nem conheco pessoalmente","Ai,amg,o BR é grande demais,mas um dia vai dar certo pq nn tah com a poha tbm neh",2,0.4223016798496246,0.577698290348053,,Incerta
"Se o Roberto Jefferson tá triste, eu to feliz!  Só pra constar, não é censura, é checagem dos fatos. Parem de inventar noticia falsa que isso para de rolar, pq criticar o STF em algum momento, todo mundo já criticou, mas opinar é diferente de espalhar verdade como se fosse fato.",Alexandre de Moraes vc é um lixo,0,0.5647069215774536,0.4352931678295135,,Incerta
"Um perfil de ""Jornalismo"" está exibindo CPF e RE de todos os censurados pelo STF. Nunca vi tantas violações de direitos civis de uma só vez: ,  e , vocês viram isso?",Isso nao pode ficar assim...Censura na cara dura...fdp do cabeça de poiroca,1,0.4207265079021454,0.579273521900177,,Incerta
"Branca chorando pq uma pessoa falou q preferia o cabelo dela grande, imagina se ela escutasse comentários como ""bombril"" ""arbusto"" ""alisa"" ""prefiro de trança"" ""deu choque"". Ela ia se matar no primeiro dia, ai esse povo da mt biscoito pra branco mimado acham q a vida é um morango.",vei eu sofria com meu cabelo tá.......... quando eu era menor quase não tinha mts produtos pra cuidar minha mãe também não tinha paciência então ele ficava sempre preso ou trançado era triste quando eu soltava,2,0.5180976390838623,0.4819023311138153,,Incerta
"Quem comemora a censura hoje, será alvo da censura amanhã. É a lógica de qualquer ditadura.","Será? Quem comemora a Censura está no esquema dela, pouco se importam com isso, para eles o mais importante e fz parte do clã e ter suas vaidades e bolso satisfeito! A Liberdade somos nós que a valorizamos! Eles são  o Elefante com a pedra amarrada na perna !",1,0.4669913351535797,0.5330086946487427,,Incerta
"O Ministro Barroso, em 2014, quando deixei o regime fechado de prisão e fui trabalhar, dei uma entrevista sobre o Petrolão, Barroso me censurou e determinou meu silêncio, censura, sob pena de eu voltar ao regime fechado. Exorbitou das suas funções. Me fez sofrer.","Pois agora estão fazendo novamente  senhor sofrer as penas pela sua opinião é por suas denúncias. Com eles não pode nada, contra eles os soberanos não pode criticar nem denunciar. Que justiça temos pra nós salvar hj em nosso PAÍS? Quem irá nós defender da senssura? Vms a luta .",2,0.536600649356842,0.4633994102478027,,Incerta
"O alvo não importa. Censura em 2020 é simplesmente inaceitável. Isso aqui virou a China de Mao ou a Alemanha de Hitler? Se vc defende a decisão do cabeça de ovo, vc é canalha no mesmo nível!",Feke News não é liberdade de expressão filho da puta   Grande dia,0,0.4400563240051269,0.559943675994873,,Incerta
"Consegui fazer o João dormir e minha mãe está trazendo lanche putsss, grande dia","Ter casa grande é bom, mas na hr de limpar é triste tá kkkk é um dia inteiro e vc acaba morto depois",0,0.4183549284934997,0.5816450715065002,,Incerta
"Cai de moto, grande dia","Tirei o piercing no umbigo e fechou, grande dia",1,0.5680461525917053,0.4319538474082947,,Incerta
"Amigos aqui é Roberto Jefferson. Entrei na conta da minha filha para agradecer a todos pelo apoio. Em breve estaremos juntos novamente! Alexandre, não temo sua tirania!",Entendam de uma vez o cara que vcs chama se Bob ... Um merd@ com todos ... Não liguem pare esse lixo .,2,0.4626493155956268,0.5373507142066956,,Incerta
"A turma que faz questão de sabotar o país não para de trabalhar. A novidade é o PT querendo evitar na justiça a venda de 8 refinarias da Petrobras. Vejam só: saquearam a empresa por anos a fio, e agora fazem de tudo pra não deixá-la se recuperar. É o atraso em forma de partido.",É uma organização criminosa e não um partido. #VozParaBernardoKuster,2,0.5003738403320312,0.4996261596679687,,Incerta
"Para que fique registrado, como num diário: em julho de 2020, afora raras exceções, a grande imprensa brasileira FICOU A FAVOR DA CENSURA.","Quando um jornalista MAU CARÁTER como são a grande maioria falar em censura, pergunte a ele ou a ela porque calou-se diante dos arroubos do STF?",2,0.5358496308326721,0.4641503095626831,,Incerta
"Amigos aqui é Roberto Jefferson. Entrei na conta da minha filha para agradecer a todos pelo apoio. Em breve estaremos juntos novamente! Alexandre, não temo sua tirania!",Nós te apoiamos!!! Basta de mordaça.  Só os covardes tapam a  boca dos interlocutores,2,0.593571662902832,0.4064282774925232,,Incerta
"Qual é a desculpa de hoje dos ""liberais"" brasileiros para defender censura estatal?","Não são liberais, são esquerdistas ""camuflados"". Adoram controle, censura e escravidão.",1,0.4405061602592468,0.559493899345398,,Incerta
"Veja o que aconteceu com um Professor na China por Expressar ""Mentiras"" e ""Destruir a Reputação"" do Governo, isso é Censura meu ""Migo""!","Qualquer gesto de censura é... censura. ""Migo"", caguei para o professor chinês na China. Estou preocupado com a merda que rola no Brasil agora. Qualquer merda da China não justifica o pavor que vivemos no Brasil. Não espero que entenda isso. Não é culpa sua. Lamento profundamente",1,0.5785208344459534,0.421479195356369,,Incerta
"Ja fiz e deu certo, sou pequeno mas tenho muito interesse em ajudar a mudar o Brasil #STFVergonhaNacional",Também já fiz. #FreedomOfSpeech,2,0.4995667338371277,0.5004332065582275,,Incerta
O STF precisa conter a escalada de Alexandre de Moraes contra a liberdade de expressão.,Liberdade de expressão é muito diferente de ameaça de opressão...,2,0.5116961598396301,0.4883038699626922,,Incerta
"A patroa! ""Folklore"", de Taylor Swift, recebeu 81.9 milhões de streams em seu primeiro dia no Spotify, se tornando a maior estreia por um álbum feminino na plataforma, superando ""Thank u, Next"" de Ariana Grande.",que inveja do fãs da tay tay KKKKKKK  Exile dona dona do álbum,2,0.5350359678268433,0.4649640321731567,,Incerta
"Branca chorando pq uma pessoa falou q preferia o cabelo dela grande, imagina se ela escutasse comentários como ""bombril"" ""arbusto"" ""alisa"" ""prefiro de trança"" ""deu choque"". Ela ia se matar no primeiro dia, ai esse povo da mt biscoito pra branco mimado acham q a vida é um morango.","""se passa em um dia o que eu passo em dez anos, nunca mais toca no assunto""",2,0.5790657997131348,0.4209341704845428,,Incerta
Chorando tanto que meu nariz começou a sangrar Grande dia,"acordei, computador do meu irmão estragou, tentei entrar pelo do meu pai meu nome tava erradoe fui expulsa da sala. grande dia",0,0.5905076265335083,0.4094923436641693,,Incerta
"#OSegredoNaFloresta só que uma série de comédia em família   Ps: tenha um melhor amigo que adote duas crianças, um estadunidense barulhendo e um lolzeiro insone contigo, não aceite menos que isso de suas amizade!  ASSISTA OSNF tem sofrimento, mas a gente é família  #fanart",a grande família é o novo nome desse desenho,2,0.5002484321594238,0.4997515976428985,,Incerta
"Felipe Neto, que defende a censura e até a prisão de quem supostamente espalha ""fake news"", mais uma vez foi pego mentindo e propagando desinformação na internet. O sujeito mente tanto que, agora, teve que ser desmentido pelo embaixador da Ucrânia por mentir sobre aquele país.",Porquê se dá tanta importância pra um sujeito insignificante desse??!!,2,0.4110362827777862,0.5889637470245361,,Incerta
"A CENTAURO É DE UM BOLSONARISTA, QUE FAZ PARTE DA TURMA DO VEIO DA HAVAN, TEMOS QUE BLOQUEAR AS COMPRAS NESTE ANTRO. #GovernoDeFraudes",To dentro prefiro comprar mais caro que dar dinheiro a estes filhos da puta,2,0.4935643672943115,0.5064356923103333,,Incerta
"Brasil entrou na era da censura. Vários perfis apagados do Twitter e Facebook por ordem judicial.  Liberdade de expressão? Depende, o que você quer falar? Quem você quer criticar?  Tempos sombrios.",Há tempos que estamos falando disso... prefiro alguem falando besteira do que ser proibido de falar.,2,0.5080904364585876,0.4919095635414123,,Incerta
"Quem tiver alguma forma de contato com o Roberto Jefferson, peça a ele para criar outra conta que, pelo menos eu, terei o maior prazer em divulgá-la ao máximo que puder. NÃO IRÃO NOS CALAR, bando de ditadores comunistas, fascistas, discípulos d Stalin, Lênin, Hítler, Mao Tsé-Tung",É so mudar na configuração a conta para os USA que volta a ver os posts do Roberto Jeferson. Eu já fiz isto.,2,0.4610568881034851,0.5389430522918701,,Incerta
"O tratamento com cloroquina, na fase inicial, funciona e pode salvar muitas vidas. Grande dia!",Na fase inicial é o ponto mais importante!!!,2,0.5594779253005981,0.4405220448970794,,Incerta
Até quando vamos ser calado nas redes sociais por criminosos travestidos de juízes #VozParaBernardoKuster,"Muitos defendem a morte do presidente, e agora estão defendendo a censura dos seus apoiadores. Não querem apenas calar o Presidente, querem nos calar tbm. Mas para me calar só matando. Se você não reagir agora, logo estaremos vivendo uma ditadura de esquerda.",0,0.5135005712509155,0.4864994287490845,,Incerta
NÃO IRÃO NOS CALAR!!! CENSURA JAMAIS!!! Quem quiser...terá acesso total e irrestrito a todos através do Tio Sam!!! É só mudar a sua localização para Estados Unidos!!!,NÃO MESMO...aqui tem a verdade,2,0.581188976764679,0.418811023235321,,Incerta
"Infelizmente, a censura no Brasil já é uma realidade. Se a situação não for revertida RAPIDAMENTE, estarão certos de que poderão prosseguir com todas as medidas autoritárias. É um caminho sem volta. O Brasil está sob uma ditadura do Judiciário. Canalhas et caterva aplaudem.","Na verdade quem aplaude são os meliantes de partidos comandados por marginais. E tudo isso pq não sabem mais o q fazer para q o Presidente não suba na popularidade. Mas ele vai continuar subindo, cada vez mais. #VozParaBernardoKuster",2,0.4993336200714111,0.5006663203239441,,Incerta
"RETER AS CONTAS DOS CRIMINOSOS,NAO E CENSURA,E PUNIÇAO. LIBERDADE DE EXPRESSAO NAO E AMEAÇAR NINGUEM E NEM IMPUTAR CRIMES.","Fala aí, qual foi a ameaça que o Allan fez e a quem? A internet está cheia de ameaças de morte ao Presidente e as contas continuam ativas... Censura só vale pra direitista?",1,0.5638536214828491,0.4361464083194732,,Incerta
O  está agora no #OsPingosNosIs para falar sobre a censura contra os conservadores.,"Não tenho simpatia por Bernardo Kuster e muito menos Allan dos Santos, mas esses caras têm direito a serem livres para dizer o que quiser e responder por isso se couber processo. Todos que aplaudem Alexandre de Moraes agora serão vítimas em breve da mesma censura.",0,0.4893874228000641,0.5106126070022583,,Incerta
"Bloquear contas no Twitter e Facebook de quem usa tais plataformas há anos p/ cometer crimes de injúria, difamação, ameaça, racismo, homofobia e difusão de fake news que ameaçam segurança e saúde das pessoas não é censura. É evitar que todos esses crimes continuem a ser cometidos","Alexandre de Moraes determinou a suspensão de contas bolsonaristas objetivando a ""interrupção de discursos"". Não é preciso simpatizar com os punidos p/ classificar a medida como autoritária. A defesa da liberdade do inimigo dificilmente é popular, mas frequentemente é necessária.",0,0.4975453615188598,0.5024546384811401,,Incerta
"Ajudando a divulgar o  , uma das vítimas do cabeça de pica fedorenta,com sua ordem de suspender contas.  Aproveito para sugerir que as outras vítimas façam o mesmo que o Bernardo. Aliás, faço coro com ele;  censura o Tio Sam. O que acha?","Eu já fiz isso, mas as contas do  Alan, da Sara e do Bob Jef ainda não aparecem, eles tbm precisam mudar o país!",2,0.5000523924827576,0.4999476373195648,,Incerta
"Eu pensei que eram perfis fakes e todas esses estrumes que se escondem. Mas o R. Jefferson vem praticando crimes por aqui há tempos. Liberdade de expressão não é você poder falar o que vc quiser. Na internet se cometem crimes também. Se ninguém faz nada, o twitter faz.",Pra isso já há tipificação na lei como crime de difamação e calúnia. E não calando as pessoas e implementando a Censura. Você é um HIPÓCRITA! Seu mlk!,2,0.5349283814430237,0.4650715887546539,,Incerta
"Branca chorando pq uma pessoa falou q preferia o cabelo dela grande, imagina se ela escutasse comentários como ""bombril"" ""arbusto"" ""alisa"" ""prefiro de trança"" ""deu choque"". Ela ia se matar no primeiro dia, ai esse povo da mt biscoito pra branco mimado acham q a vida é um morango.",Sou branca e já escutei e escuto ainda comentários assim por conta do meu cabelo,2,0.588587760925293,0.4114122986793518,,Incerta
"Bolsominions fazendo drama nas redes!! Alegando que sofreram censura! Não é censura!!  Eles comentaram vários crimes! Mas, espera .... vocês não queriam o AI-5!!! #FakeNews","O Kojak promovendo censura de jornalistas, a vítima não é apenas Oswaldo Eustáquio #VozParaBernardoKuster",0,0.47962087392807,0.5203791260719299,,Incerta
"As toneladas de alimentos que estão sendo doadas pelo MST há tanto tempo, não passam na grande mídia, que costuma caluniá-lo. Daí a importância do nosso rt, p/ que as pessoas conheçam a fundo o trabalho sério que o MST desenvolve, além de cursos que promovem a proteção da vida.","Uma coisa é vc denunciar perfis falsos e preconceituosos, outra coisa é essa censura do STF...",0,0.5135731101036072,0.486426830291748,,Incerta
Ela tanto pode ser censurada posteriormente (a censura posterior continua valendo nas constituições liberais) como também deve ser impedida de publicar. Quer testar a tese? Tente aí.,"Legitima-se a censura a qm, ainda não julgado, perseguido e inocente (em tese), continue defendendo suas opiniões",1,0.5270869731903076,0.4729130268096924,,Incerta
Se lembra da decisão do Ministro Alexandre de Moraes que mandou bloquear de uma só vez contas de vários investigados naquele inquérito das fake news? Vai ser assim que vai começar muita conversa sobre regulação da Internet no Brasil em um futuro não tão distante. Pode anotar /1,Será que vale a pena comemorar o bloqueio das contas de bolsonaristas da forma como ocorreu? Será que queremos criar esse tipo de precedente na internet? Deem uma olhada nesse fio do,2,0.5675417184829712,0.4324583411216736,,Incerta
O tiranete Alexandre de Moraes passou de todos os limites. Ele agora decide sozinho qual informação pode circular no país? Ele decide quem fala e quem cala a boca? Ou os democratas reagem agora a este ato de censura s/ precedentes ou não podem mais falar em liberdade de expressão,Passou dos Limites,2,0.5076753497123718,0.4923246502876282,,Incerta
Olha aí o liberal passando pano pra censura.  Joel Pinheiro é um verme!,"Joel? Liberal, o caralho. Esse aí tem pai intelectual comunista. Virou liberal como desculpa pra dar o cu em paz, já que, comunista raiz odeia baitola. Puxa a capivara desse merda. É tipo a turminha do MBL, se finge de liberal pra virar parte do Estado, e dar calote.",2,0.1992976814508438,0.8007022738456726,,Alta
Não há o que fazer quando sujeitos que se dizem seres humanos consideram como censura e/ou ditadura o ato de coibir crime.,"Eu acho ótimo a censura imposta pelo  . A cada dia as pessoas acordam em relação ao estado. E quem é de esquerda e ta achando ótimo, o Bolsonaro tbm vai indicar ministros STF viu? Amanhã vão ser vocês.",0,0.1100288704037666,0.889971137046814,,Alta
tão falando de censura nos trendings será que o papo é sobre lugar de fala?,"felizmente,  não. O tt baniu a conta de uns bolsonaristas, se n estou enganado, em ato de censura, e estão falando sobre.",1,0.1449914276599884,0.855008602142334,,Alta
"Pegue o exemplo do Roberto Jefferson: é um cidadão que vem cometendo seguidos crimes contra a honra de diversas pessoas. Deve ser processado e pode ser condenado no penal e no cível, mas não vejo previsão legal que justifique cercear o seu livre direito de expressão.","Então Senador, é como o senhor diz é o livre direito ,e em relação a Roberto Jefferson e a mesma coisa que dar direito ao Fernandinho beira mar na minha concepção é tudo bandido e o que vale pra um é pra todos , não me venha banca o desembargador Noronha que classifica bandido",1,0.1101717874407768,0.8898282051086426,,Alta
"Não há como aceitar a censura. Não há como aceitar que aplaudam a censura. Liberdade de expressão a todos, aqueles que pensam como eu e os que pensam de forma diferente.",O mais impressionante é que as pessoas que estão aplaudindo estas ações de censura não enxergam que podem ser as próximas vítimas.,1,0.1933909803628921,0.806609034538269,,Alta
Vocês também estão sentindo que o clima aqui no Twitter deu uma melhorada?,"Mas a senhora é muito ordinária!!!! Povo de Porto Alegre, abram os olhos ! O político que se regozija com censura,  não merece representá-los !!!",1,0.1043187826871872,0.8956812024116516,,Alta
"Hoje são   Allan dos Santos Bernardo Kuster Edson Salomão Luciano Hang Roberto Jefferson Otávio Fakhoury Sara Winter   Amanhã pode ser vc.  Vc, conservador. Vc, que apoia Bolsonaro.   E vc tbm, idiota de esquerda que tá comemorando essa censura covarde.  #VozParaBernardoKuster","Sou contra qualquer censura, mas o  vulgo nota7 pra cima foi avisado, vocês estão todos loucos, ? Além de político de estimação, agora têm LADRÃO de estimação",2,0.1820510923862457,0.8179488778114319,,Alta
"Gente então se vcs verem alguma msg estranha aqui saiba q não fui eu e eu tbm não faço a mínima ideia de quem foi, provavelmente me hackearam grande dia",Gente serve para essa tbm,2,0.1310589760541916,0.8689410090446472,,Alta
"Dica: ou você defende a censura, ou defende a democracia.  Os dois, não dá.","Aliás, aqui vale o de sempre: se vier defender censura aqui, vai ter o comentário ocultado pra sentir o gostinho.",1,0.1214391812682151,0.8785608410835266,,Alta
Grande dia kkkkkkkkk,Grande dia KSKSKSKSK,1,0.1670118421316146,0.8329881429672241,,Alta
"HAHAHAHAHAHA BOM DIA CONSTA  PORRA JÁ LI O POST COM VERGONHA ALHEIA IRMÃO. PARA DE SE HUMILHAR ASSIM BRO, VC JÁ É PATÉTICO O SUFICIENTE.  GRANDE ABRAÇO",Patético vcs que apóiam a censura,1,0.1849232763051986,0.8150767087936401,,Alta
Afaste-se de quem comemora censura. E desmascare-os sempre que possível.,Manuela D'Ávila comemorou censura. Agora conta pra ela q isso é AI5..acho q ela não entendeu aínda.,2,0.1542117744684219,0.8457882404327393,,Alta
"Não há como aceitar a censura. Não há como aceitar que aplaudam a censura. Liberdade de expressão a todos, aqueles que pensam como eu e os que pensam de forma diferente.",A censura já foi para o BREJO kkkkk,1,0.1056616529822349,0.8943383097648621,,Alta
"Branca chorando pq uma pessoa falou q preferia o cabelo dela grande, imagina se ela escutasse comentários como ""bombril"" ""arbusto"" ""alisa"" ""prefiro de trança"" ""deu choque"". Ela ia se matar no primeiro dia, ai esse povo da mt biscoito pra branco mimado acham q a vida é um morango.","Aí gente, não venham me mandar mensagem falando q estou desmerecendo.. aqui no MEU TT eu posto tudo q penso, se não concordam.. faz parte ué, vou me matar por isso?",2,0.1699021607637405,0.8300977945327759,,Alta
"""Entranhas Amordaçadas"". Nome lindo para um filme C sobre um país em que se acha que liberdade de expressão protege a liberdade de opressão e a liberdade para cometer crimes. Rá!","Liberdade d opressão e p cometer crimes?Desde quando a saída é por meio de censura no bojo de um inquérito flagrantemente ilegal? Para fazer cessar a prática de delitos há o jus puniendi do Estado, assegurado o contraditório e a ampla defesa. Olvidar disso é prestigiar ditaduras.",1,0.1804287135601043,0.819571316242218,,Alta
"Felipe Neto, que defende a censura e até a prisão de quem supostamente espalha ""fake news"", mais uma vez foi pego mentindo e propagando desinformação na internet. O sujeito mente tanto que, agora, teve que ser desmentido pelo embaixador da Ucrânia por mentir sobre aquele país.",A censura só vale para um lado ?,2,0.1101069971919059,0.8898930549621582,,Alta
Censura não é proibir antes da merda ser feita? hahahahahahaha,O que fizeram é censura. Um bloqueio baseado em um inquerito aberto sem a participação do MP que quem julga é o mesmo q investiga e oferece a denuncia; não há fatos e crimes definidos; sigiloso e por ai vai. É censura!,1,0.1678921431303024,0.8321078419685364,,Alta
"tentando manter a pose enquanto choro no meio da aula, grande dia",chorar na wizard é ritual pra vc ser da wizard,2,0.1152987629175186,0.8847012519836426,,Alta
Concordo. Eles esquecem que somos os patrões. Censura é inadmissível.,"Eles nunca nos consideraram como patrões, somos simplesmente pagadores de impostos para manter a qualidade de vida deles.",2,0.1738523989915847,0.8261476159095764,,Alta
"Quem comemora a censura hoje, será alvo da censura amanhã. É a lógica de qualquer ditadura.",O gado pede AI-5 e depois reclama de censura  vai entender,1,0.1098573058843612,0.8901427388191223,,Alta
"O Twitter suspendeu 16 contas de bolsonaristas por propagarem fake news.  Entre elas, as de Roberto Jefferson, Allan dos Santos, Bernardo Küster e Sara Winter, Luciano Hang, Edgard Corona e Fakhoury.  Que comece o mimimi. ""Twitter é comunista"" #CensuraNao #grandedia #censura",Por algum motivo na cabeça desse povo só tá sendo contra censura quem foi a favor do ai-5 pqp,0,0.1118147671222686,0.8881852626800537,,Alta
"""Tá lindo"" ver ESQUERDISTA IMBECIL comemorando a perseguição e a censura.  Isso diz muito sobre essa cambada   #VozParaBernardoKuster","Tá reclamando da censura? Ué, mas a um tempo atrás não estavam pedindo a volta do Ai-5? Explica isso direito, se for capaz",1,0.1414585411548614,0.8585414886474609,,Alta
Eles esperavam: sem surra Receberam: censura,E vocês esperam que a extrema-esquerda não comemora censura? A extrema-esquerda vive de censura.,0,0.1883483380079269,0.8116516470909119,,Alta
"Várias contas foram retidas do Twitter sob a justificativa de ""demanda legal"". , ,  e outros, todos defensores do governo e críticos do STF. Do que se trata? Não foram notificados de nada ainda. É o tal inquérito ilegal? Isso é censura!","O ar deu uma melhorada! Jefferson, bandido, todo dia ameaçava o STF, o resto mentia no Twitter...  Eu diria que seria censura se o Min pedisse p/ o TT suspendesse contas dos chupa saco do energúmeno. Cada um chupa o que quiser... GRANDE DIA #GovernoDeFraudes",2,0.1010792180895805,0.8989207744598389,,Alta
"Divulgar fake news e mentiras para destruir a reputação de adversários, promover o ódio e a violência e até enganar o público de formas que podem colocar a saúde da população em risco NÃO É LIBERDADE DE EXPRESSÃO.   É crime.","Isso surpreende vcs? À mim não surpreende. A esquerda costuma agir assim: ""democracia pra mim, censura pro meu adversário!""",2,0.1145495846867561,0.8854504823684692,,Alta
I have identified 135 tweets mentioning #VOZPARABERNARDOKUSTER that were tweeted by inauthentic accounts. More information here:,Olha só...,2,0.9685400724411012,0.0314598642289638,,Random
"Família Bolsonaro e sua claque fizeram campanha contra CPI da Lava Toga, que investigaria Toffoli, inclusive por abrir inquérito das fake news. Motivo: Toffoli segurava investigação sobre Flávio Bolsonaro. Agora eles são alvos do inquérito e acusam censura. Agem por conveniência.",Vc já  pareceu até  mais inteligente  Pelos  comentários no seu post  dá  para ver o tipo de seguidores que  te restou Patético  #STFVergonhaNacional,2,0.9464759826660156,0.0535240061581134,,Random
cada dia eu critico mais rosseau e acredito mais em maquiavel o homem é um grande pau no cu e ja veio assim de natureza,Vdds,2,0.965036392211914,0.0349635854363441,,Random
grande dia pro meu namorado bi a perdeu 160$ pq n sabe fazer continha de multiplicação e divisão,"Morar no Rio Grande do Sul é isso, um dia de 30°C e no outro 9°C",0,0.9696493148803712,0.030350649729371,,Random
"Os críticos de Allan dos Santos, Sara Winter e cia deveriam encarar com mais cuidado a decisão do STF. A medida que pune adversários ideológicos coloca em dúvida, a partir de agora, os limites da liberdade na internet — e até mesmo fora dela.",A CENSURA NAS REDES SOCIAIS JÁ COMEÇOU E A PL 2630 AINDA NÃO FOI APROVADA IMAGINA QUANDO FOR .;.; .. ;; . ..; .. . ;. . ..,0,0.9782196283340454,0.0217803679406642,,Random
"O que vc pensa de um edital de cultura com censura prévia? A prefeitura de Porto Alegre lançou edital p/ auxílio emergencial cultural q restringe a liberdade de expressão dos artistas, impondo como condição q o assunto não tenha cunho político ou religioso.",Mas não faz nenhum dia que tu tava comemorando a censura do Twitter.,1,0.0826231986284256,0.9173767566680908,,Random
"¡Pilas! Me informan que un ataque informático masivo contra los servidores que alojan la serie  está ocurriendo en ese momento, razón por la cual no está disponible el nuevo capítulo.  #CensurarMatarifeEs",No à la censura! Exigimos la verdad!!!,2,0.9689629673957824,0.0310370326042175,,Random
Bozominions fazem manifestações pedindo AI-5... Bozominions choram por contas suspensas e reclamam de censura. O que a falta de estuda faz... #ForaBolsonaroGenocida,"Para quem está aí quietinho, achando que vai se safar da censura, e que acham que só perfis grandes foram derrubados hoje, aí vai o exemplo do perfil  que foi retido com pouco mais de 7 mil seguidores. Você será o próximo!",0,0.937381148338318,0.0626188889145851,,Random
"Sabe quem mais aplaudiu a censura e as prisões por causa dos discursos bonitos políticos (e da mídia), que beneficiavam uma parcela da população? Os alemães, na época do holocausto.  A esquerda brasileira nunca aprendeu história e tá aí a prova. #FreedomOfSpeech","Que os 11 Ministros do STF vão tomar no cu! Bandidos, idólatras, ladrões e canalhas!! Vocês não são os donos das nossas liberdades,vermes. #STFVergonhaNacional #STFOrganizacaoCriminosa #STF #STFEscritorioDoCrime #stf_oficial #STFcensurador #censura #CensuraNao",0,0.8297247290611267,0.1702752858400344,,Random
"Urge pautarmos e exigirmos de nossos senadores o encaminhamento dos processos de impeachment de Alexandre de Moraes. É inaceitável como o ministro vem violando seus poderes constitucionais.  Acima da corte mais alta no Brasil,  ou de qq de seus membros, ainda está a Constituição.","Alcolumbre, o Batoré, tem 4 processos no #STFVergonhaNacional , ele está nas mãos dos ditadores de toga, nunca vai desengavetar um processo de Impeachment.",1,0.9455490112304688,0.0544510260224342,,Random
Eu admiro muito este homem!!,repostando eterno #STFVergonhaNacional,2,0.9839292764663696,0.016070706769824,,Random
"Por gentileza, sigam o Sr Edson Salomão, um dos censurados ontem pelo ditador togado Alexandre de Moraes, por este outro perfil:",Vamos que vamos Patriotas seguir nosso irmão  por esta nova conta!,2,0.9907884001731871,0.0092116333544254,,Random
"MEU CÚ TA PEGANDO FOGO E HOJE EU SOU ADOLESCENTE PAPAGAIO DE DIA E DE NOITE SOU A SUA PIRIKITA !!!EU SEI QUE VOCE É O GRANDE AMOR DA MINHA VIDA E EU TE QUERO DEMAIS !!!MEU CÚ VAI PEGANDO FOGO NESSA JORNADA, A JORNADA DO FOGUETE !!!DEUS É A VIDA AO INTARDESCER NA NOITE !!!",'censura' nos trending topics por causa de canal de opinião que foi derrubado kkkkkk a direita b*ls*mini*n chora por tão pouco né kkkkk,0,0.922072410583496,0.0779275819659233,,Random
"meus dois dentes grande na frente quebrados, um deles quebrei duas vezes, acho que tenho 40% de massa em cada um heuehueheueheh hoje em dia se quebra eu nem me preocupo pq sei que é a massa só, nem da pra ver a diferença",Fora #GovernoDeFraudes,0,0.9714735746383668,0.0285264942795038,,Random
O tiranete Alexandre de Moraes passou de todos os limites. Ele agora decide sozinho qual informação pode circular no país? Ele decide quem fala e quem cala a boca? Ou os democratas reagem agora a este ato de censura s/ precedentes ou não podem mais falar em liberdade de expressão,"""Ordem e Progresso ou Morte""",2,0.986934781074524,0.013065256178379,,Random
"Alexandre de Moraes passou do limite do bom senso há um tempo. Mas, hoje, ele extrapolou ao mandar derrubar 17 perfis de apoiadores do presidente  nas redes sociais.   É a instituição oficial da censura.","Os próximos passos dele é mandar prender o presidente, começou por baixo para ver a reação, já que essa reação ñ vem, agora é a vez do presidente é pra lá que ele esta caminhando.",2,0.9895042181015016,0.0104958396404981,,Random
Vivemos em uma ditadura da toga #VozParaBernardoKuster,Lagosta pode? #VozParaBernardoKuster,2,0.9889018535614014,0.0110982181504368,,Random
Os outros ministros do STF não farão nada para acabar com a censura imposta pelo ditador Alexandre de Moraes e puni-lo? Os Senadores não levarão adiante o impeachment?   Estou estudando todos os meios de ação que temos para agir.   A ditadura da toga não prevalecerá.,"É exatamente isso que precisa ser feito. Se não se articularem, os próximos serão vcs mesmos. Só falta esse careca filho da puta do STF colocar a faixa presidencial no lugar do Bolsonaro.",2,0.9642601013183594,0.0357398241758346,,Random
"E já que hoje  atacou  novamente, fazendo a comparação mais baixa e cafajeste que se pode fazer, comparando-o com o bozo, relembre a aula de unidade que  deu a ele em Maio/2019 GRANDE DIA AI-5 #Resistencia841Dias Nosso Instagram","Ciro... pelo amor de Deus hômi... chega a ser constrangedor... repensa teus objetivos e métodos... sejes hômi, moleque!  #SoPTVenceOBozo",2,0.5131263136863708,0.4868737161159515,,Random
"Nessa idade? Eu penso q remar contra a maré traz mais adrenalina para a vida. Basta crer em Deus.  E ele, levantando-se, repreendeu o vento e a fúria da água; e cessaram, e fez-se bonança.  Lucas 8:24","Amém,  Senhor! Misericórdia!   #VozParaBernardoKuster",2,0.967790961265564,0.0322090499103069,,Random
"O , também conhecido como Gabe - ler em inglês -, e que celebra a censura de divergentes políticos, dentre eles jornalistas, também preconiza a defesa do anonimato no exercício da sua profissão?",todo dia agradeço por ter nascido com boca grande,0,0.9610119462013244,0.0389879904687404,,Random
"Alexandre de Moraes censura site e manda retirar do ar reportagem contra Toffoli   A revista digital Crusoé informou ter sido intimada na manhã desta segunda-feira (15) pelo ministro Alexandre de Moraes, do Supremo Tribunal Federal (STF), a tirar do ar","O Twitter suspendeu nesta sexta (24) as contas de vários membros da milícia digital bolsonarista. Ao todo, são 16 contas.",0,0.9834983944892884,0.0165015645325183,,Random
"Alexandre determina e Twitter bloqueia perfis do presidente do PTB, Roberto Jefferson, dos empresários Luciano Hang, Edgard Corona, Otávio Fakhoury, Bernardo Küster, além do jornalista Allan dos Santos e do assessor do deputado estadual de São Paulo Edson Salomão.",stf um antro de ministros a serviço da orcrim do PT.,2,0.9916492700576782,0.0083507029339671,,Random
"Os perfis do ,  (dentre outros) está liberado para quem vive fora do Brasil. Ou seja: a censura é apenas para brasileiros que vivem sob a ditadura.","Brasil, somos um bando de frouxos!",2,0.9146593809127808,0.0853406116366386,,Random
"A ditadura segue a todo vapor no Brasil, as contas a baixo foram derrubadas simplesmente porque alguem quis...   Allan dos Santos Bernardo Kuster Edson Salomão Luciano Hang Roberto Jefferson Otávio Fakhoury  #VozParaBernardoKuster",simplesmente porque são um bando de mentirosos perigosos para a sociedade,2,0.4898789227008819,0.5101210474967957,,Random
O tiranete Alexandre de Moraes passou de todos os limites. Ele agora decide sozinho qual informação pode circular no país? Ele decide quem fala e quem cala a boca? Ou os democratas reagem agora a este ato de censura s/ precedentes ou não podem mais falar em liberdade de expressão,liberdade de que? somente a esquerda pode o restante não... #FreedomOfSpeech,2,0.4308212697505951,0.5691787004470825,,Incerta
Até os Anta,Pra vc v o tamanho da aberração. Autorizar a censura prévia como se fosse um remédio democrático compromete até mesmo a isenção (?) do poder judiciário.,2,0.4338558614253998,0.5661441683769226,,Incerta
O tiranete Alexandre de Moraes passou de todos os limites. Ele agora decide sozinho qual informação pode circular no país? Ele decide quem fala e quem cala a boca? Ou os democratas reagem agora a este ato de censura s/ precedentes ou não podem mais falar em liberdade de expressão,"CARAMBA NA HORA QUE O ROBERTO JEFFERSON FICOU EMPOLGADO CORTARAM, FIQUEI CURIOSA. E A LIBERDADE AGORA É DEPRESSÃO TODO MUNDO TEM.",1,0.4467339515686035,0.5532660484313965,,Incerta
Jornalista comemorando censura? nossa imprensa é podre! alguma novidade?,Só não pergunte o que ele é capaz de fazer para continuar comemorando.,2,0.4954174160957336,0.5045825242996216,,Incerta
"Não há como aceitar a censura. Não há como aceitar que aplaudam a censura. Liberdade de expressão a todos, aqueles que pensam como eu e os que pensam de forma diferente.","No Brasil de 2020, não podemos aceitar a Censura, de terminada pela Suprema Corte. A mesma que deveria ser guardiã da CF e da liberdade de expressão #VozParaBernardoKuster #VozParaRobertoJefferson",1,0.4045093953609466,0.5954906940460205,,Incerta
"Felipe Neto, que defende a censura e até a prisão de quem supostamente espalha ""fake news"", mais uma vez foi pego mentindo e propagando desinformação na internet. O sujeito mente tanto que, agora, teve que ser desmentido pelo embaixador da Ucrânia por mentir sobre aquele país.","E pensar q esse traste tem 35 milhões de seguidores, olha o tamanho do estrago.",2,0.4783332049846649,0.5216668248176575,,Incerta
"Não é uma delícia ver a galera que pedia um AI-5 chorando e gritando CENSURA?   Foi uma decisão judicial, esses imbecís confundem PUNIÇÃO com CENSURA.  A única coisa boa é ver esse “fugitivos da inteligência” chorando nas redes. Criticando a censura e o “livre mercado”","Vamos esperar, ainda vamos ver você chorar guando acontecer com você, assim como está acontecendo agora com o procurador Deltan.",2,0.5443640947341919,0.4556359350681305,,Incerta
"Não há como aceitar a censura. Não há como aceitar que aplaudam a censura. Liberdade de expressão a todos, aqueles que pensam como eu e os que pensam de forma diferente.",Censura não. Isso é apenas uma degustação de AI no rabo de quem pediu.,1,0.5005689263343811,0.4994310736656189,,Incerta
"Felipe Neto, que defende a censura e até a prisão de quem supostamente espalha ""fake news"", mais uma vez foi pego mentindo e propagando desinformação na internet. O sujeito mente tanto que, agora, teve que ser desmentido pelo embaixador da Ucrânia por mentir sobre aquele país.",O cara se acostumou a passar vergonha,2,0.5834112763404846,0.4165887534618377,,Incerta
"O ditador togado Alexandre de Moraes bloqueou as mídias de várias pessoas, no inconstitucional inquérito AI5 do STF.  A liberdade de expressão nunca foi tão violada como atualmente. NUNCA. Nem no regime militar. E pior: violada por quem mais deveria protegê-la.   Fora, Moraes.",Houve algum engano seu. No regime militar era censura que vigorava.E não havia como reclamar disso .Se reclamasse desaparecia.,1,0.4997949004173279,0.5002050995826721,,Incerta
"Amigos aqui é Roberto Jefferson. Entrei na conta da minha filha para agradecer a todos pelo apoio. Em breve estaremos juntos novamente! Alexandre, não temo sua tirania!",Que tirania é esta? #VozParaBobJeff  #VozParaBernardoKuster,1,0.5369296669960022,0.4630703330039978,,Incerta
"Amigos aqui é Roberto Jefferson. Entrei na conta da minha filha para agradecer a todos pelo apoio. Em breve estaremos juntos novamente! Alexandre, não temo sua tirania!",DERRUBA tudo Bob.,2,0.4883857071399688,0.511614203453064,,Incerta
"Saber que Bolsonaro é preferência nacional pelos próximos 8 anos deixou Alexandre de Moraes putão. Já que não tem ninguém que possa barrar esse comuna, que Deus faça a justiça por nós. #Bolsonaro2022",Absurdo !!!  #VozParaBernardoKuster,0,0.4414372146129608,0.5585627555847168,,Incerta
"Esquerda comemora a censura como se o PR tivesse perdido prestígio, patéticos","Conservadores com influência perdendo suas contas, a perseguição e a censura descarada, a ditadura do judiciário avançando sem freios... E o liberal e esquerdolóide cínico  falando em ""democracia"" enquanto comemora o ""combate ao bolsonarismo"". Uma hora vai chegar em vocês.",0,0.5664049386978149,0.4335950911045074,,Incerta
Vocês também estão sentindo que o clima aqui no Twitter deu uma melhorada?,"Censura: 1. ação ou efeito de censurar. 2. análise, feita por censor, de trabalhos artísticos, informativos etc., ger. com base em critérios morais ou políticos, para julgar a conveniência de sua liberação à exibição pública, publicação ou divulgação.",2,0.4139153361320495,0.5860846638679504,,Incerta
Grande dia,Grande dia mesmo .,2,0.4131878614425659,0.5868120789527893,,Incerta
"Amigos aqui é Roberto Jefferson. Entrei na conta da minha filha para agradecer a todos pelo apoio. Em breve estaremos juntos novamente! Alexandre, não temo sua tirania!","Roberto Jefferson, achei q o medo q eles têm de vc fosse mórbido, mas vai muito além disso, é o medo das provas!!",1,0.4214618504047394,0.578538179397583,,Incerta
"Não é uma delícia ver a galera que pedia um AI-5 chorando e gritando CENSURA?   Foi uma decisão judicial, esses imbecís confundem PUNIÇÃO com CENSURA.  A única coisa boa é ver esse “fugitivos da inteligência” chorando nas redes. Criticando a censura e o “livre mercado”",Impressionante uma pessoa que evidentemente não entende o básico de direito vir à internet escrever essas bobagens e ainda por cima chamar quem discorda de imbecís (sic).,2,0.5099251866340637,0.4900747835636139,,Incerta
Já cancelou sua assinatura na grande mídia hoje?  Estadão: 0800 014 7720 Folha: 0800 140 090 Globo: 0800 881 8000 Veja: 0800 775 2112  ISTOÉ: 0800 888 2111,Bora dar um pé na bunda dessa mídia suja!,2,0.5921335816383362,0.4078664183616638,,Incerta
"É como eu já falei aqui, esse negócio de criar leis e deixar que o governo ou algum órgão público decida o q é ou não vdd é só uma forma de controlar o povo. E o pior é ver gente que um dia fala de liberdade e no outro aplaude censura, só pq são pensamentos que não compactuam.",#VozParaBernardoKuster não ao cerceamento à liberdade de expressão.,0,0.4199139177799225,0.5800860524177551,,Incerta
"Pegue o exemplo do Roberto Jefferson: é um cidadão que vem cometendo seguidos crimes contra a honra de diversas pessoas. Deve ser processado e pode ser condenado no penal e no cível, mas não vejo previsão legal que justifique cercear o seu livre direito de expressão.","O senador da censura.., até q enfim falando algo coerente.,,",1,0.4059775769710541,0.5940223932266235,,Incerta
"Escutem coisas estranhas estão acontecendo, não é por acaso a censura, o cerco está se fechando , Bolsonaro está indo pra cima e togados estão tremendo na base . Se um cair, todos irão.","Que caia o primeiro criminoso, então. Logo!",2,0.5998998880386353,0.4001000821590423,,Incerta
Uma coisa tão inacreditável e nada além deste mundo. De acordo com a aldeia disseram que é uma cobra que foi amaldiçoada...,ta igual minha cidade aq que reza a lenda de que existe uma cobra grande debaixo da catedral em frente aq do rio disq foi um índio amaldiçoado.. quando teve um tremor na cidade um dia falaram que era a cobra grande querendo sairKKKKKKK,2,0.5662230253219604,0.4337769150733948,,Incerta
Desproporcional é apelido,Quanta passividade. Pela amor! Chega a dar ânsia.  #STFVergonhaNacional,1,0.5667183995246887,0.4332816302776336,,Incerta
"Alexandre de Moraes passou do limite do bom senso há um tempo. Mas, hoje, ele extrapolou ao mandar derrubar 17 perfis de apoiadores do presidente  nas redes sociais.   É a instituição oficial da censura.",Censura será?,1,0.5810563564300537,0.4189436137676239,,Incerta
SEXTA-FEIRA DA VERGONHA Alexandre de Moraes manda censurar perfis do jornalista Bernardo Küster (diretor do BSM) e vários outros conservadores. É a mais vasta operação de censura já vista na internet brasileira. #VozParaBernardoKuster,Acho que vocês não sabem o significado da palavra censura,1,0.4809698462486267,0.5190301537513733,,Incerta
"Felipe Neto, que defende a censura e até a prisão de quem supostamente espalha ""fake news"", mais uma vez foi pego mentindo e propagando desinformação na internet. O sujeito mente tanto que, agora, teve que ser desmentido pelo embaixador da Ucrânia por mentir sobre aquele país.",Felipe Neto é o maior propagador de fake news da atualidade.,2,0.5093380808830261,0.4906618595123291,,Incerta
esperamos uma reação à censura imposta pelo STF.,"To tranquila sabendo que o “grande”, “Sábio articulador” político, general Ramos fazer de tudo pra barrar o projeto da censura",0,0.4538473486900329,0.5461525917053223,,Incerta
Para o xandinho do PCC      e outros não podem ter voz pq são ameaças à democracia  Já o PCC e o corruptor dono da qualicorp fazem o bem da sociedade #STFVergonhaNacional,".: Não se combate fake news com censura, leis de mordaça ou mais poder ao Estado, que já é gigantesco. Quem vai definir o que é ou não fake news? Quem vai dizer o que podemos ou não consumir, ler, questionar? O Estado? #FakeNews #PL2630Nao",0,0.5653367042541504,0.4346632957458496,,Incerta
"Boa noite companheiros em 2022 temos o melhor Presidente e o melhor ministro da educação, os invejosos de plantão sabem que essa dupla vai nocautear de votos os adversários. Vem com a gente, vem ser feliz.",Tá mas explica aí como? Já que o Luladão foi condenado a perder os direitos eleitorais dele? Vc já está contando com o Alexandre de Moraes pra anular???? “Vc vai sofrer as consequências meu irmão!”,2,0.5150435566902161,0.4849565029144287,,Incerta
Pelo visto  aprova censura...,Em que momento ele aprovou a censura alí? Apenas disse que é culpa dos próprios Bolsonaristas que foram censurados,1,0.424660712480545,0.5753393173217773,,Incerta
Qual é a  # de hoje pq ontem vi umas 3 e daí não sobe nenhuma.,Era aqueceu-me dizia #STFVergonhaNacional ; mas ela foi proibida. Então não pode tweetar #STFVergonhaNacional. Você entendeu?,2,0.5184997916221619,0.4815002083778381,,Incerta
"No dia de hoje, pessoas foram retiradas do debate político. Se vc fica feliz por isso é pp você não consegue derrubar o argumento e só lhe resta a censura para que a sua ideia nao seja derrotada. Como aconteceu em 2018. Como segundo pesquisas que SAIRAM HOJE, acontecerá em 2022.","Perfeito, exatamente. Tenho certeza que a esquerdalha Doente PSICOPATA não quer aceitar.",2,0.5858996510505676,0.41410031914711,,Incerta
Não importa se você concorda ou discorda dos censurados. Precisamos apoiar as vítimas da CENSURA.   Vamos retuitar. Não aceito nenhuma DITADURA.   #FreedomOfSpeech,"Silêncio sepulcral dos diversos órgãos de imprensa, instituições e autoridades a respeito dos últimos atos de deliberada censura no . Não temem pelo dia em que tb serão atingidos? Quem, de fato, defende a democracia nesse pobre país? #MoraesNaoVaiMeCalar #VozparaConservadores",0,0.5288316011428833,0.4711684584617615,,Incerta
O que achou da censura de hoje ???? Ficar quieto è concordar ...,"O que aconteceu  , ficou mudo? Vc não luta pela democracia, fala que o PR é antidemocrático, isso uma vergonha não acha????",2,0.4232677221298218,0.5767322778701782,,Incerta
"PARA O FIM DE SEMANA:  - Um livro: O Eu profundo e os outros Eus, Fernando Pessoa   - Uma poesia: Os Lusíadas, Luís de Camões - três trechos (  - Uma música: Trenzinho do Caipira, Villa Lobos (por Maria Bethânia)","Para o fim de semana seu FDP junto com todo STF , CONSTITUIÇÃO FEDERAL !!! #STFVergonhaNacional  #STFOrganizacaoCriminosa #VozParaBernardoKuster #VozParaBobJeff #VozparaConservadores #vozparaallan",2,0.4090380370616913,0.5909619331359863,,Incerta
"Escutem coisas estranhas estão acontecendo, não é por acaso a censura, o cerco está se fechando , Bolsonaro está indo pra cima e togados estão tremendo na base . Se um cair, todos irão.",Deus é Pai e assim todos cairão e terão suas vidas políticas encerradas..estamos juntos na paz ou na guerra...#FechadosComBolsonaroAte2026,2,0.4780797064304352,0.5219202637672424,,Incerta
"Mandaram derrubar as contas dos bolsonaristas, mas esqueceram das contas de outros milhões de também bolsonaristas!!!! Não somos alguns!! SOMOS MILHÕES!!!!!",Milhões de robôs.#STFVergonhaNacional,2,0.512466549873352,0.4875334203243255,,Incerta
"Para que fique registrado, como num diário: em julho de 2020, afora raras exceções, a grande imprensa brasileira FICOU A FAVOR DA CENSURA.",A mídia tradicional perdeu o monopólio da informação... a censura é a tentativa de voltarem a controlar a informação... não irão conseguir... as mídias sociais e a livre manifestação é caminho sem volta... TEMEM A VERDADE!,1,0.5344123244285583,0.4655876457691192,,Incerta
"""É uma tentativa de calar a direita"", diz Zambelli.","""Tentativa"", não, né? Já estão calando. A censura já está em marcha. E retardado aplaudindo essa merda.",2,0.4738403558731079,0.5261597037315369,,Incerta
Roberto Jefferson mesmo foi o primeiro a entrar em delação premiada no mensalão. Eu não sei nem pq alguém que é contra o PT tem a cara de pau de defender um lixo desses que roubou com eles.,"Não desvie o tema. To cagando pro Roberto Jefferson. Diga qual é o ato anti-democrático de uma vez. Aliás, sequer entendeu o que eu escrevi sobre o inquérito. Sequer deve saber o que e duplo grau de jurisdição, contraditório e ampla defesa, principio da legalidade, etc...",1,0.4734043478965759,0.5265955924987793,,Incerta
"Proibir, com ordem prévia e geral, que uma pessoa se manifeste através de um veículo de comunicação legítimo é censura. Ponto.","Usem os argumentos que quiserem, mas é. Pode se voltar contra todos nós.",2,0.504822850227356,0.495177149772644,,Incerta
O tiranete Alexandre de Moraes passou de todos os limites. Ele agora decide sozinho qual informação pode circular no país? Ele decide quem fala e quem cala a boca? Ou os democratas reagem agora a este ato de censura s/ precedentes ou não podem mais falar em liberdade de expressão,Tempos sombrios de censura ao livre pensamento.,2,0.5306413173675537,0.4693586826324463,,Incerta
Instituições de bem? Sério? Cidadãos de bem? Que conversinha! O pessoal pega a pá pra cavar um poço mais fundo mesmo.,"Viva o verdadeiro Jornalismo!!! Todas as instituições falharam muito na história recente do Brasil e todos nós pagamos essa conta.  Inclusive a grande mídia também cumpriu um papel vergonhoso.  Enfim, vamos em busca da civilização, de novo!  Infelizmente!  O Brasil não merece!",2,0.440968245267868,0.5590317249298096,,Incerta
"Isso que dá, Roberto Jefferson foi se mosturar com Esquema de Poder do Foro de SP, se ferrou. Foi preso. É sempre bom lembrar um velho ditado que diz ""quem se mistura com porco comunista, farelo come"".",Tá defendendo Roberto Jefferson? Ele também foi aliado do Fernando Collor. Será que o Collor e comunista. Roberto Jefferson é um corrupto.,1,0.503273606300354,0.4967264235019684,,Incerta
"Já é hora, já passou da hora de acabar com esse inquérito inconstitucional, com ares de censura, que não soma nada -- só enxovalha mais o combalido Judiciário brasileiro.",Inquérito ILEGAL fazendo prisões ilegais.,2,0.5053570866584778,0.4946428835391998,,Incerta
"PASSO A PASSO p/ não abaixar a cabeça pra CENSURA: 1) Clique em ""Mais"" 2) Vá em ""Configurações e Privacidade"". 3) Na aba ""Dados e Permissões"", clique em País onde está ""Brasil"". 4) Troque para qualquer outro país da lista. 5) Pronto Agora você está livre da restrição do Xandão","Opa! Jeitinho brasileiro na área, mermão.",2,0.5363743305206299,0.4636256396770477,,Incerta
"Já é hora, já passou da hora de acabar com esse inquérito inconstitucional, com ares de censura, que não soma nada -- só enxovalha mais o combalido Judiciário brasileiro.",Quem vai acabar ?,2,0.464389830827713,0.5356101989746094,,Incerta
"A busca por likes, retweets, aplausos, aceitação, audiência e etc. faz com que as pessoas já entrem em uma conversa ou em um debate querendo “lacrar”. É quando o alvo passa a ser o fim e não os meios. Por isso vos digo, senhores: o “lacre” é o grande flagelo dos nossos tempos.","Hoje em dia ngm mais debate, é todo mundo querendo enfiar sua verdade absoluta nos outros",2,0.40560182929039,0.5943981409072876,,Incerta
"Não há como aceitar a censura. Não há como aceitar que aplaudam a censura. Liberdade de expressão a todos, aqueles que pensam como eu e os que pensam de forma diferente.","Não podemos nos calar, NAO PODEMOS ACEITAR A CENSURA!!! NÓS,  O POVO,  SOMOS O PODER!! QUEREMOS  RESPEITO!!!",2,0.4907162487506866,0.509283721446991,,Incerta
"Se fake news é crime, mostra qual o artigo que diz que existe pena de censura.","O simples fato de espalhar a notícia falsa não é crime ainda. Entretanto o que esses perfis fizeram não foi apenas espalhar fakenews, teve vários crimes contra honra e ameaças. Sendo assim a exclusão desses perfis não foi censura, foi respeitar a lei.",1,0.1269785016775131,0.8730215430259705,,Alta
"O que fazemos agora, presidente ?  Quando finalmente o povo se levanta para mudar o país, devemos agora retroceder e apenas esperar confiando que o senhor acabará com a censura no Brasil?","Bom...quem comemora isso, não pode reclamar depois.  Porque isso é CENSURA.  Liberdade de expressão,só existe em países democráticos, então...?!",0,0.1497009694576263,0.8502990007400513,,Alta
"Hoje são   Allan dos Santos Bernardo Kuster Edson Salomão Luciano Hang Roberto Jefferson Otávio Fakhoury Sara Winter   Amanhã pode ser vc.  Vc, conservador. Vc, que apoia Bolsonaro.   E vc tbm, idiota de esquerda que tá comemorando essa censura covarde.  #VozParaBernardoKuster","Hoje foram eles e todos nós conservadores, os principais atacados.  Nossos amigos são formadores de opinião, fornecem dados para que tenhamos uma percepção mínima a respeito do q nos cerca, do que acontece ao nosso redor ou q nos atinge.  Temos que reagir. #VozParaBernardoKuster",1,0.1900344043970108,0.8099656105041504,,Alta
Censura nunca mais.,"Não é “censura”, é “combate à uma rede de ódio que espalha fake news”. Tucanaram a censura !",1,0.1419169902801513,0.8580830693244934,,Alta
"xandão imorais passou o rodo em geral hoje né kkkkkk o cara tem poder mesmo    tempos atrás o que ocorreu hoje era chamado de censura, mas... os tempos são outro e toda a mídia dirá que foi o maior ato democrático da história","Se passar a nova ""Lei das Fake News"" (Censura) , a nova rotina nas redes será assim todo dia!!!",1,0.1922821551561355,0.8077178597450256,,Alta
"Não  é  la, Não  é  cá... Não  é  direita, nao é  esquerda  A censura é um monstro que não pode ser alimentado.","O Aras é de esquerda, o Dias Toffoli é de esquerda, o Alexandre de Moraes é de centro, acho que dá pra ver que a censura tende a flertar com a centro-esquerda.",1,0.1973123699426651,0.8026877045631409,,Alta
"Não estou defendendo a Censura, mas que há esquemas organizados construídos para destruírem reputações isso há.","Bem, isto com certeza vai virar censura e todos nós pagaremos por isto, e o preço será a liberdade de expressão. Infelizmente não vejo outro cenário. Sabemos como isto começa, mas não sabemos como termina. Temo que os efeitos colaterais serão mais letais que a própria doença.",1,0.1818342059850692,0.8181657791137695,,Alta
"Desculpa Claudio, dessa vez  concordo com  Vcs sofreram censura sim, mas a crusoé tá aí firme. Esse pessoal banalizou a liberdade de expressão pra assassinar reputação, disseminar fakenews e assedio moral. São investigados, talvez sejam criminosos.","E se não forem criminosos? E aí? Por que esse inquérito é tão sigiloso? E se for pela completa falta de provas? Lembrando que para calúnia e difamação existe ação legal própria que, me parece, não existe, e a pena jamais é a censura.",1,0.1299125105142593,0.8700874447822571,,Alta
"Não é uma delícia ver a galera que pedia um AI-5 chorando e gritando CENSURA?   Foi uma decisão judicial, esses imbecís confundem PUNIÇÃO com CENSURA.  A única coisa boa é ver esse “fugitivos da inteligência” chorando nas redes. Criticando a censura e o “livre mercado”","Censura não é punição, seu lixo? Ditadores em festa hoje! Comemore a censura!",1,0.1619167178869247,0.8380833268165588,,Alta
"Os bolsonaristas são engraçados! Eles pedem AI-5 e intervenção militar, mas reclamam de censura quando o STF suspende perfis nas redes sociais que disparam notícias antidemocráticas e falsas!","""mas reclamam de censura"" ainda bem que vc sabe que é censura.",1,0.1325384825468063,0.8674615025520325,,Alta
Afaste-se de quem comemora censura. E desmascare-os sempre que possível.,Censura é meu pau que te cura,1,0.1219866946339607,0.8780133724212646,,Alta
"Só ta me provando mais que nasceu em 2018 quando se prende a média de público de 2019 kk Adoro como vc usa o argumento ''Ganhamos a copa norte nordeste antes'' como uma prova de seu time é maior, grande merda pq nos ganhamos tbm e o título é o msm haha",E que a GRANDE média de publico de vcs de 2019 não entra nem nesse top 20,1,0.1185198128223419,0.8814802169799805,,Alta
"Impedir os ativistas de direita de se manifestarem pelas mídias sociais é censura prévia. Uma coisa é investigar e eventualmente punir por aquilo que publicaram; outra, inteiramente diferente, é impedir que falem.","Deus, um Everest de desconhecimento do que seja a caracterização jurídica da censura e o alcance dos direitos e garantias fundamentais. Mandou mal, muito mal, Sr. Pablo",1,0.1223333999514579,0.8776665925979614,,Alta
Infelizmente o ódio dele e outros não permiti ver que censura nenhuma deve ser aplaudida .,"Censura se restringe a opinião e liberdade de expressão. Punição por difamação e fake news, nada tem a ver com censura",1,0.1008248254656791,0.8991751074790955,,Alta
"Me faltam adjetivos pra classificar a suspensão de contas em redes sociais APENAS de apoiadores do Governo.   Para os da esquerda que comemoram, lembrem-se que nada impede que isso aconteça com vocês a qualquer momento.   A censura é real.",Se quem compartilha fake news são APENAS quem apoia o governo não podemos fazer nada,2,0.1191028133034706,0.8808972239494324,,Alta
"Impedir os ativistas de direita de se manifestarem pelas mídias sociais é censura prévia. Uma coisa é investigar e eventualmente punir por aquilo que publicaram; outra, inteiramente diferente, é impedir que falem.","Opinião impopular, eu sei. Mas acho importante lembrar disso. E ter cautela ao celebrar o que aconteceu. Sei que o debate parece simples - e que os donos dos perfis restritos são pessoas abjetas. Mas a ordem pode ser lida não como punição. Mas como censura prévia.",2,0.1438874304294586,0.8561125993728638,,Alta
"ja notaram q toda hidalgo eh militante e estressada, eu falo por experiência própria pq coloquei icon de hidalgo por um dia e já briguei com meio mundo","pra mim, grande parte das hidalgo são igual branquela do ig que no pride month e no blm posta que black lives matter que apoia os gay e/ou eh bi de festinha mas o resto do ano comete homofobia e eh racista sem contar q passa pano pro namorado racisfa, homofobico machista e etc",2,0.189401090145111,0.8105989694595337,,Alta
"Vocês viram Manuela D'Ávila comemorando a censura de perfis de Direita nas Redes Sociais? ""Vocês também estão sentindo que o clima aqui no Twitter deu uma melhorada?"", debocha. Ela não integra o Partido COMUNISTA do Brasil à toa...","Esta ai, é uma que berrava Contra a censura, estes comunistas são todos lesado das ideias!!!",1,0.1110726594924926,0.8889273405075073,,Alta
"Sara Gomide, Bernardo Kuster e outros difamadores profissionais que tiveram conta bloqueada em rede social estão apelando para entidades que defendem “direitos humanos”, logo eles que tanto atacam e rebaixam quem fala em direitos humanos. É karma que isso chama, né?",A lógica tá certa então.  Não dizem que direitos humanos só defende bandido?,2,0.1655584275722503,0.834441602230072,,Alta
"Quando pessoas defendem atos de censura como do Projeto de Ditador , enfraquecem a Democracia.  Pessoas tipo  que militam por partidos Corruptos e seguem cegamente políticos condenados que roubaram do povo e deixaram o pobre mais pobre.","Enquanto a censura impera,  os noticiários na TV só falam na saída do presidente do Banco do Brasil...affff",0,0.1478420794010162,0.8521579504013062,,Alta
"Ou pede AI-5 ou reclama de censura, as duas coisas não dá!","Depois de hoje, desanimei  De um lado retardados comemorando censura de perfis  Do outro lado, idiotas imbecis colocando a culpa no presidente pela censura  Infelizmente a direita brasileira nunca sairá da fralda #FreedomOfSpeech",0,0.1203899979591369,0.8796099424362183,,Alta
"suspender o meio onde a difamação é feita não é censura, é punição por crimes cometidos.  mas enfim, vou parar por aqui. tenha uma boa noite.","Mais uma vez digo q já há previsto em lei crime sobre difamação, e isso é outra história. Não existe esse negócio de fakenews. O que o  #STFVergonhaNacional está fazendo é #censura sobre opinião. Entenda primeiro o q é o q. Leia a PL fakenews, veja se não é censura.",1,0.1153870001435279,0.8846129775047302,,Alta
"A grande mídia sente prazer em ver a população sendo humilhado, eles estão vivendo vida normal.Eles são  cúmplice dos ditadores querem enlouquecer a sociedade. Eu não assisto mas tv. Só assisto mídia alternativa. #FechadoComBolsonaroAte2026","#CensuraJamais RETUITE AGORA EM TODAS AS SUAS REDES! ATENÇÃO BRASIL: ASSISTA AGORA AO VIVO ROBERTO JEFFERSON EM ENTREVISTA, SOLTANDO TODOS OS BICHOS!",0,0.194813534617424,0.8051864504814148,,Alta
pq a deezer censura algumas  músicas  ??????????????????,"O cara censura até um simples beijo de 3 segundos ahhhhhh mais mostra um sexo e beijo hetero a vontade, esse anime ta horrível essa é minha opinião....quero ver o pau do caius ahh Titans bride ep 03,ja posto o sem censura...",0,0.1212928146123886,0.8787071704864502,,Alta
"Fico muito feliz por não ser o cara que comemora censura prévia de quem quer que seja. Que cada um responda (inclusive criminalmente) pelos absurdos que diz. Agora, suspender contas previamente é um caminho muito perigoso.",Só os gados que pede AI-5 reclamando de censura agora,0,0.1814611554145813,0.8185388445854187,,Alta
"""Sexta-feira chinesa"", anote aí que a lista é grande!   Allan dos Santos Edson Salomão Bernardo Kuster Roberto Jefferson Luciana Hang Otávio Fakhoury  A mando de Moraes, a direita sofre hoje a sua pior retaliação, numa censura sem precedentes.  #VozParaBernardoKuster",eu quero tanto PINTAR ficar o dia inteiro mexendo com tinta mas não consigo pensar O QUE DESENHAR deus tire de mim esse bloqueio criativo quero fazer uma arte grande,0,0.9748789072036744,0.0251210890710353,,Random
A CENSURA NAS REDES SOCIAIS JÁ COMEÇOU E A PL 2630 AINDA NÃO FOI APROVADA IMAGINA QUANDO FOR ..;.;. .. ... . ;.. . . ;..; . .,"Os animais defendem a sua raça, melhor que o ser humano. Já que o Senado e a Câmara nada fazem, o povo tem que se unir perante essas atrocidades do #STFVergonhaNacional. Jamais poderemos deixar eles nos calar.",0,0.9633718132972716,0.0366282574832439,,Random
"Ser de esquerda no Brasil é salvo conduto para aberrações!  Para conservadores, censura! #CensuraNao  #VozParaBernardoKuster  #STFOrganizacaoCriminosa  #STFVergonhaNacinal  #STFEscritorioDoCrime  #STFcensurador","Fico muito feliz por não ser o cara que comemora censura prévia de quem quer que seja. Que cada um responda (inclusive criminalmente) pelos absurdos que diz. Agora, suspender contas previamente é um caminho muito perigoso.",0,0.9526754021644592,0.0473245792090892,,Random
"Bolsonaristas recorrem a contas alternativas nas redes sociais e Roberto Jefferson, pelo perfil da filha no Twitter, já diz que ordem de Alexandre é ‘tirania’","Suspensos, bolsonaristas recorrem a contas reservas e de parentes para continuar publicando mensagens contra o STF.",2,0.9936169385910034,0.006383023224771,,Random
Alexandre de Moraes definitivamente se torna o censurador que tanto acusaram o Bolsonaro de ser! Mas Deus vai agir em breve! Aguardemmmmmmmmmmmm,Na expectativa! Deus não falha!,2,0.8490590453147888,0.1509410142898559,,Random
"Os perfis do ,  (dentre outros) está liberado para quem vive fora do Brasil. Ou seja: a censura é apenas para brasileiros que vivem sob a ditadura.",É isso! Estamos vivendo uma censura declarada!  Não pode ser conservador ou de direita ou apoiador do Bolsonaro que o filhote de ditador vai atrás de vc!!,1,0.1758816987276077,0.8241183161735535,,Random
A LISTA DOS BOLSONARISTAS QUE TIVERAM SUAS CONTAS SOCIAIS SUSPENSAS POR MORAES.,"Por mais que eu tenha críticas aos apoiadores Bolsonaristas, que não tem senso de nada, só querem espalhar fake news e desinformação, A decisão do Min. Alexandre de Moraes do STF, em reter suas contas nas redes sociais não deve ser defendia, pois viola direitos constitucionais.+",2,0.9801838994026184,0.0198161080479621,,Random
Alexandre de Moraes ameaçou aplicar multa diária contra Facebook e Twitter,Cadê a democracia que se fala muito ?,2,0.979094922542572,0.0209051221609115,,Random
"“Se postei algo ofensivo a alguém, que me processem. Não pode é derrubar a conta. É uma afronta à liberdade de expressão. Um absurdo completo”, disse o empresário Luciano Hang.","O Brasil precisa um STF de magistrados concursados de verdade; jamais de um , composto de dublês de juízes de alto QI, escolhidos a dedo por Presidentes corruptos e/ou suspeitos; ""sabatinados"" e ""aprovados"" após suspeitíssima e anti-republicana campanha de gabinete.",2,0.9787153005599976,0.0212846398353576,,Random
"O sujeito criou o PL 2630, da CENSURA. Como ousa?","Exatamente! Se o cidadão ultrapassa os limites aceitáveis da livre expressão, que se estabeleça um processo, já, usar o cargo para impedir a comunicação, o Ministro ""esperto"" está abaixo daquilo que julga errado.",2,0.9780012369155884,0.0219987630844116,,Random
Grande dia!,acusação falsa para derrubar o Pimentel nas eleições.... funcionou,2,0.9533633589744568,0.0466365963220596,,Random
"“Não permitiremos que a censura da toga e a opressão prevaleçam”, diz partido de Roberto Jefferson","Essa atitude ditatorial do déspota Alexandre de Moraes foi o tiro de misericórdia na esquerda... Tenham a  certeza que a direita agora vai crescer muito mais. O STF parece forte mas não é, vejamos os próximos capítulos. #Bolsonaro2022",0,0.98630952835083,0.0136904884129762,,Random
Leiam essas bio do tt que o Gabriel denuncia  Isso o cabeça de ovo não quer saber  Cadê    que raios de país é esse que contas de conservadores são retidas e contas de facções seguem livre leve e soltas,"Fundo do poço. cadê agora, os filhos da puta que diziam que a censura e ditadura viria por parte do governo do Presidente ? #STFVergonhaNacional",2,0.9860787987709044,0.0139211984351277,,Random
CENSURADOS Roberto Jeffesson Allan dos Santos Bernardo Kuster Edson Salomão Eduardo Fabris Portella Enzo Momenti Marcelo Stachin Marcos Bellizia Rafael Moreno Paulo Bezerra Rodrigo Ribeiro Sara Giromini Edgard Corona Luciano Hang Otavio Fakhoury Reynaldo Bianchi Jr. Winston Lima,To me sentindo na China!,2,0.9695355892181396,0.0304643977433443,,Random
"Eu quero estar no lado do Brasil que não cancelou a Paola Carosella.   Inclusive, não consigo dissociar a renomada chef, jurada em programa de TV, da mulher que foi cozinhar para os adolescentes que faziam ocupação nas escolas em 2015.  Vai indo que eu não vou mesmo.","Cancelamento é uma censura as avessas. Uma coisa é cancelar algo ou alguém que fez algo deplorável. Outra, é achar que todo mundo tem que concordar contigo até as últimas consequências, sem querer diálogo.",2,0.1893285065889358,0.8106715083122253,,Random
"O STF está em um roteiro autoritário, venho alertando há tempos. Uma coisa é derrubar contas falsas ou automatizadas (redes de robôs). Outra bem diversa é cercear o direito de livre expressão de um cidadão devidamente identificado.","A cara de pau é grande. O PL da censura é de sua autoria. Nao reclame, logo sera vc a ter a conta derrubada. Palhaçada.",2,0.7472684383392334,0.252731591463089,,Random
"Alexandre, o Supremo, de Moraes perdeu qualquer vergonha de assumir o papel de censurador da nação. Sua decisão de hoje é típica dos piores regimes ditatoriais. Ao assistir a tudo isso passivamente, o Senado torna-se cúmplice desse absurdo.",O apelido do Fux é popô. (Roberto Jefferson),0,0.9765843749046326,0.0234155468642711,,Random
Manuela Dávila comemorando a censura.   Porto Alegre vai votar  nessa gente ?,Tem que ser muito vagabundo pra comemorar censura.  #CensuraNao  #CensuraJamais,0,0.8048924207687378,0.1951076090335846,,Random
"#BOBJEFF  Temos que lutar para que a luz da democracia, da verdadeira justiça e da liberdade triunfe sobre a escuridão desses magistrados supremos.",Virei fã do Roberto Jefferson....me acabo de rir com as estórias do STF... melhor do mundo é Roberto Jefferson.,1,0.966265857219696,0.0337341763079166,,Random
"Não há como aceitar a censura. Não há como aceitar que aplaudam a censura. Liberdade de expressão a todos, aqueles que pensam como eu e os que pensam de forma diferente.",Lúcido demais... imagina o tanto de sofrimento que esse cara passou na globo news...,2,0.9224384427070618,0.0775615870952606,,Random
"VERGONHA ! O ditador e tirano da toga , Alexandre de Moraes , impõe censura pior que a ditadura , bloqueando redes sociais , cerceando a liberdade de expressão , promovendo uma verdadeira perseguição política . IMPRENSA, OAB,ABI, PRESIDENTE DA CÂMARA E DO SENADO , TODOS CALADOS!",Vergonhaaaaaa,2,0.9812978506088256,0.018702195957303,,Random
O STF precisa conter a escalada de Alexandre de Moraes contra a liberdade de expressão,"Parabéns pelos leitores que te sobraram, Mainardi. Apoiam censura. É exatamente isso que vocês cultivaram. Já já tem bandeirinhas ANTIFAS por aqui.",1,0.9875521659851074,0.0124477893114089,,Random
#Lesttiel,"Vocês são capazes de transformar uma Pandemia de vírus, num antro de corrupções e roubos.  Eu poderia dizer que a política é, mal caráter, falsa, ladra, corrupta, hedionda, interesseira, e descarada...   Se eu dissesse com palavras, eu seria perseguido por uma censura?",2,0.9449923038482666,0.0550076626241207,,Random
Cite pra mim um ato concreto do governo que lembra o Fascismo e eu te dou 3 da oposição. É você que fascista que admira a censura de pessoas que você não gosta!  Você sim é uma mentirosa que fala e não prova nada!,"Tudo do Bolsonaro é fascismo  Censura é outra coisa, o que eles cometeram foi crime mesmo . Para de defender criminosos",2,0.2680866122245788,0.7319133281707764,,Random
"Moraes julga aquilo que ainda nem sequer foi dito. Impede os atingidos de falar de política, mas também de postar fotos de família, memes de gatinhos ou os resultados dos jogos de futebol em suas redes sociais.  Leia a coluna de",Tá feio para o  ! Até esse  está contra a censura!,2,0.9801502227783204,0.0198497176170349,,Random
O que vcs acham do STF ?,O que você quer que a gente fale doa urubus togados? A verdade?  #STFVergonhaNacional  #STFNaoVaiNosCalar  #CensuraNao,1,0.4921899139881134,0.507810115814209,,Incerta
"Bolsonaro é um debochado, uma pessoa que não tem apreço à vida, que hoje faz esse esforço demagógico e extremamente estúpido para cobrir a grande tragédia social que o Brasil está vivendo. #CiroComGugaNoblat (+)",O verdadeiro debochando e fanfarrão falando dos outros,2,0.5825464725494385,0.4174535274505615,,Incerta
"Não há como aceitar a censura. Não há como aceitar que aplaudam a censura. Liberdade de expressão a todos, aqueles que pensam como eu e os que pensam de forma diferente.",Quem reclama de Ai-5  e aplaudi a perseguição do Moraes. Tem ditadura cubana no coração.,2,0.5971018671989441,0.4028980731964111,,Incerta
"Todo dia, ao acordar, Alexandre de Moraes pensa: o que posso fazer para ser mais odiado e enojado pela população?  Cada dia se supera mais! Tornou-se o Joãozinho dono da bola da liberdade de expressão do Brasil!",#Alexandre de Moraes canalhas em scrum está tirando a liberdade de expressão por que ele faz parte desse povo que rouba o país isso é censura,0,0.5230205059051514,0.4769794642925262,,Incerta
"URGENTE: Após pedido de Alexandre de Moraes (STF), o Twitter derrubou a conta de , , ,   e outros, que foram vítimas da censura com base no inquérito ilegal das fake news. #Bolsonaro2022","É só mudar a origem do país e sua conta para  EUA, e aí temos acesso normalmente aos perfis censurados. A censura só acontece aqui no Brasil",1,0.424709677696228,0.5752902626991272,,Incerta
"O deputado  lembrou bem, o ministro Alexandre de Moraes, calou a voz um partido político. Isso é muito sério, não se trata apenas de um cidadão o que já seria grave por si só. Essa decisão precisa ser avaliada pelo plenário do STF.","Não tem nada de avaliação não, eles tem que ser presos!!!",2,0.4913475513458252,0.5086524486541748,,Incerta
Eu vi. Obrigado. Grande dia,Grande dia meu amigo!! TMJ,1,0.4656286835670471,0.5343712568283081,,Incerta
A maioria das pessoas falou 4 então acho que 4 é a média normal   3 é pequeno e 5 pra cima já deve ser grande (eu achooooo)  na minha cabem 4,na minha testa cabe 4 dedos e não é normal não é grande pra porra,2,0.4613821804523468,0.5386178493499756,,Incerta
Ja podemos usar codinomes e siglas para nao sermos pegos pela censura???,"Pergunta ao Julinho de Adelaide (codinome do Chico Buarque na ditadura militar) se ele está gostando da nova censura! Apesar de você, viu Xandão PCC, amanhã há de ser novo dia!",1,0.4604238271713257,0.5395762324333191,,Incerta
Depois da censura vem o quê? O fuzilamento? Preciso saber se o próximo passo para os conservadores apoiadores do governo Bolsonaro é ir para algum campo de concentração do Xandinho tirano. #FreedonOfSpeech,"Troquem a localização em conta nas configurações para Estados Unidos, assim continuarão recebendo o conteúdo.  #VozParaBernardoKuster",0,0.5943343043327332,0.4056656956672668,,Incerta
"Pingos nos is censura Bob Jeff! Até tu, pingos??","Grande dia isabela, grande dia",0,0.4282519817352295,0.5717480182647705,,Incerta
"As contas do , ,  ,  e  foram RESTRITAS pela plataforma Twitter.  E é óbvio que faz parte da investigação imposta pelo inquérito inconstitucional do cabeça de ovo do Alexandre de Moraes!   Ditadura!",Meu pai disse que na ditadura só sofreu quem era vagabundo.,2,0.48167684674263,0.5183231234550476,,Incerta
"No dia de hoje, pessoas foram retiradas do debate político. Se vc fica feliz por isso é pp você não consegue derrubar o argumento e só lhe resta a censura para que a sua ideia nao seja derrotada. Como aconteceu em 2018. Como segundo pesquisas que SAIRAM HOJE, acontecerá em 2022.",NÃO REELEGEREMOS NENHUM SENADOR .. ELES precisarão de votos ! A culpa desse estado de coisas são dos SENADORES..  ELES NÃO ESTÃO FAZENDO O TRABALHO DELES . em 2022 precisarão de votos ....,2,0.541976273059845,0.458023726940155,,Incerta
O tiranete Alexandre de Moraes passou de todos os limites. Ele agora decide sozinho qual informação pode circular no país? Ele decide quem fala e quem cala a boca? Ou os democratas reagem agora a este ato de censura s/ precedentes ou não podem mais falar em liberdade de expressão,ou vcs reagem ou o povo fará seu veredicto. Basta ditadura de um fdp,2,0.5831792950630188,0.4168206751346588,,Incerta
"Se acabar o gabinete do ódio Bolsonaro acaba. Ele não se sustenta pela competência, mas pelo pânico causado nas redes sociais.  Sem gabinete do ódio, sem Bolsonaro.  Grande dia.",Grande dia oh glória,2,0.4100635945796966,0.5899364352226257,,Incerta
"DA SÉRIE NOTÍCIAS QUE NÃO SAIRÃO NO BRASIL!  Segue uma thread deliciosa:  1. O Washington Post acaba de entrar num acordo para acabar com um processo de difamação de US$ 250 milhões (1,3 bilhão de reais) movido pelo jovem Nick Sandmann, que recém completou 18 anos de idade.","Linda thread. Uma lição sobre liberdade de expressão, com responsabilidade de quem publica. Todos tenhos que arcar com as consequências daquilo que escolhemos defender. Bem ou mal. O verdadeiro sentido da COMUNICAÇÃO SEM CENSURA e um direito de quem participa.",2,0.4563648700714111,0.5436350703239441,,Incerta
Alexandre de Moraes ameaçou aplicar multa diária contra Facebook e Twitter,"Qual o cogumelo que esse cara tá tomando, eu tb quero......hahahahahahahaha....querido, Alexandre de Moraes, tu és uma piada....kkkkkkkkk",1,0.5660543441772461,0.4339456558227539,,Incerta
Vão fazer de td para nós parar #VozParaBernardoKuster,"Não é censura se você só fala bosta (notícia falsa, difamação, entre outros absurdos).",0,0.4539718627929687,0.5460281372070312,,Incerta
O dia em que a Corte guardiã da Constituição e dos direitos do povo censurou e suprimiu o direito à liberdade de expressão.,24 de julho de 2020 Dia da censura,2,0.5223779082298279,0.4776220619678497,,Incerta
"Infelizmente, a censura no Brasil já é uma realidade. Se a situação não for revertida RAPIDAMENTE, estarão certos de que poderão prosseguir com todas as medidas autoritárias. É um caminho sem volta. O Brasil está sob uma ditadura do Judiciário. Canalhas et caterva aplaudem.",Eu acho que hj é o dia em que ACABOU a dúvida sobre ter uma ditadura da toga no Brasil ou não. Acho que já sabemos a resposta. #VozParaBernardoKuster,2,0.4459558129310608,0.5540441274642944,,Incerta
"Pois é! E na cara de pau vem o argumento da “censura”, “liberdade de expressão”... Pra injuriar, caluniar, ameaçar...","“Ainnn....Se falar mal de vermelhos, quero censura”",1,0.4217839539051056,0.578216016292572,,Incerta
"Twitter, que absurdo!!! STF, que absurdo!!!!  Censura é inaceitável. Cadê todas as vozes anti-ditadura?","Infringir regras da plataforma não é censura, próximo.",1,0.5076566338539124,0.4923433065414428,,Incerta
Sobre contas de conservadores sendo banidas: a liberdade de expressão é direito fundamental garantido em nossa Constituição e deve ser válida para todos.,"Roberto Jefferson conservador é de cair o cu da bunda, heim bananinha",1,0.4282199144363403,0.5717800855636597,,Incerta
"Já é hora, já passou da hora de acabar com esse inquérito inconstitucional, com ares de censura, que não soma nada -- só enxovalha mais o combalido Judiciário brasileiro.",Chega!,2,0.5055075287818909,0.4944925010204315,,Incerta
A coisa mais podre que existe é gente justificando censura usando constituição. COMO DIABOS ALGUÉM LEVA A SÉRIO UMA MERDA DE UM PAPEL COM RABISCOS DE UM MONTE DE VELHO DESGRAÇADO DA DÉCADA DE 80 ?,"O tipo que usa a expressão 'AI-5' deveria estar ser taxado de 'babaca monumental'. Bolsonaristas se quer conhecem a palavra censura, muito menos 'liberdade de expressão'. Por isso, pedem fechamento de Congresso e atacam o Supremo.",0,0.4200564324855804,0.5799435377120972,,Incerta
Hoje é dia de jogo!  Que ganhe o melhor malta!,Não vale a pena mentires grande Quim que toda a gente sabe que vais estar a gritar pelo Benfica...,2,0.4974245131015777,0.5025754570960999,,Incerta
O STF precisa conter a escalada de Alexandre de Moraes contra a liberdade de expressão.,Opa! Resolveram defender a classe? Lembrem-se sempre de todos que defenderam vcs sobre a censura daquela matéria da Crusoé sobre o amigo do amigo! A liberdade de expressão e liberdade de imprensa é para TODOS!,1,0.597200334072113,0.4027996957302093,,Incerta
"Bloquearam as contas de alguns bolsonaristas, no twitter. Aqueles que fizeram de tudo para atrapalhar a votação da Lava Toga, para defender bandidos, hoje provam o veneno.  GRANDE DIA!",Um dia da caça e outro do caçador.,2,0.457891047000885,0.542108952999115,,Incerta
pra manter a liberdade de expressão,Combatendo cm censura,2,0.4065591096878052,0.5934409499168396,,Incerta
não confundir discurso de ódio com liberdade de expressão  não confundir discurso de ódio com liberdade de expressão  não confundir discurso de ódio com liberdade de expressão  não confundir discurso de ódio com liberdade de expressão  censura é o caralho,Isto é uma vergonha pro Twitter e pro ditador Alexandre de Moraes. Uma vergonha pro Brasil,0,0.5850313901901245,0.4149685800075531,,Incerta
Se fuderam hoje Parabens  Grande dia !!!,oficialmente cancelada pelo bastião da razão e moral de sorocaba grande dia,0,0.477010041475296,0.5229899883270264,,Incerta
A liberdade de expressão é direito constitucional. #STFVergonhaNacional  O antibolsonarismo psicótico e a censura do STF,DEIXA O CARA FALAR SEU CABEÇA DE ROLA!!!!#VozParaBernardoKuster,0,0.4724582433700561,0.5275417566299438,,Incerta
"Não há como aceitar a censura. Não há como aceitar que aplaudam a censura. Liberdade de expressão a todos, aqueles que pensam como eu e os que pensam de forma diferente.",Censura  não!,2,0.4258253276348114,0.5741746425628662,,Incerta
"Ministro, não vai comentar a censura do ministro Alexandre de Moraes ? Ninguém vai barrar esse ministro ? Ele está descontrolado ? Ministro da justiça não faz nada ? Vai ficar calado ?  está difícil presidente. Vamos ter que pedir socorro ao Trump ?","concordo,   que adianta comemorar aniversário de  e sua idoneidade, e se calar contra os atos  no minimo desvairados do min A.Moraes  contra bolsonaristas raiz? e outros derivados de mesma extirpe?",2,0.5708805322647095,0.4291194677352905,,Incerta
Uncensored video on    Quer particular do meu grupo VIP no WhatsApp onde eu mando conteúdos sem censura todos os dias? Manda mensagem!,"Art. 5°, IX – é livre a expressão da atividade intelectual, artística, científica e de comunicação, independentemente de censura ou licença;",0,0.4361396431922912,0.5638603568077087,,Incerta
"#STFVergonhaNacional Ministro Barroso afirmou:perfis que foram censurados""não são pessoas de bem, são bandidos.""Deputada que admite criar perfis fakes, não é, a morte do presidente, idem. YouTuber que se excita com criança de 6 anos, idem. Não importa o crime, e sim quem o comete",# SAI FORA DO PODER SEU SATANÁS !!EU NÃO VOTEI EM VOCÊ CHEFAO DA MULHER DO PCC! !O BRASIL CANSOU DE ESTAR SENDO A 5 MESES SOFRENDO POR LOUCURA DO ALEXANDRE DE MORAIS,0,0.5697100758552551,0.4302899539470672,,Incerta
"Alguém viu a Associação Jornalistas soltar nota de repúdio pela censura do  a diversos perfis por emitir opiniões? E os jornalistas esportivos, especialmente da  que adoram lacrar? E o “consórcio” que atualiza óbitos do covid? Vergonha! #FreedomOfSpeech","Ahhhhh se um dos representantes do essetefe reclamasse de UMA linha sequer de um dos ""jornalistas"" da grande mídia...",1,0.5733813643455505,0.4266186654567718,,Incerta
E TAMBÉM É NOTÍCIAAAAA  LUCIANO HANG É CONTAMINADO PELA SÍNDROME DE TIO OROCHI E UM DIA APÓS O CONTÁGIO PERDE SUA CONTA DO TWITTER,é de fuder uma coisa dessas KKKKK,2,0.4118514060974121,0.5881485939025879,,Incerta
"Por mais que possa discordar com a censura, hoje é um grande dia... Várias contas foram censuradas entre elas o Bernardo Küster e Allan dos Santos. QUEM SEMEIA VENTOS COLHE TEMPESTADES. Tiveram a oportunidade de lutar contra esse sistema, mas o que eles fizeram ? Grande MITO!",Você é um verdadeiro idiota!!!,2,0.4004785418510437,0.5995213985443115,,Incerta
"É inadmissível que enquanto perfis por aí desejam a morte da autoridade maior do nosso país, outros perfis como o do  sejam impedidos de exercer seu direito à liberdade de expressão. Bernardo, estamos com vc!  #VozParaBernardoKuster","Estou confusa, não sei mais o que é a tal DEMOCRACIA. Não sei se é de comer ou beber.  #STFVergonhaNacional",2,0.5978657603263855,0.4021341800689697,,Incerta
"'Passou de todos os limites', diz Fiuza sobre Moraes - RENOVA Mídia",O Ministro Alexandre de Moraes está igual a cartão de crédito de pobre: passou do limite a tal ponto que não dá nem p'ra negociar um acordo...,2,0.4968569278717041,0.5031430721282959,,Incerta
"Depois de silenciar sobre a caça aos supostos ""inimigos"" de ministros do STF (inclusive sobre a prisão do jornalista, chamado por ele de blogueiro) o Antagonista resolveu indignar-se. Faltam os demais jornalistas, que se fingem de mortos...","E aí, jornalista, vai esperar até olharem para você?",2,0.5253604054450989,0.4746396541595459,,Incerta
"Amigos aqui é Roberto Jefferson. Entrei na conta da minha filha para agradecer a todos pelo apoio. Em breve estaremos juntos novamente! Alexandre, não temo sua tirania!","Roberto Jefferson, estou seguindo aqui, a conta da  sua filha, para continuar a ver as sua opiniões...",1,0.5186838507652283,0.4813161492347717,,Incerta
"Ver a quantidade de gente querendo utilizar MT *ilegal* nos consoles cada vez mais, me dá uma tristeza tão grande mano! Principalmente por lembrar que eu kitei do console justamente por achar uma vantagem imoral contra quem joga na raça com os controles, sejam eles pers. ou não","por isso o jogo tá morrendo no console, cada dia mais e mais gente usando MT, toda partida do plat 3 pra cima tem esses lixos",2,0.5549367666244507,0.4450632929801941,,Incerta
Não irão nos calar! O gabinete é de amizade e de risadas. Não ficamos sem essas vozes. Bernardo kuster  e Allan dos Santos . Além dos demais que hoje tiveram suas contas restritas pela justiça brasileira. #VozParaBernardoKuster,"Justiça brasileira é uma ova,  a putaria brasileira,  com todo respeito as putas.",2,0.4932815432548523,0.5067185163497925,,Incerta
"Liberdade de expressão é um tema SUPRAPARTIDÁRIO. Qualquer tipo de censura é abjeta. Usar o poder estatal pra calar qualquer indivíduo é uma aberração; não importa qual seja a opinião, goste dela ou não, todos devem ter o seu direito constitucional assegurado de expressá-la.",Bilionário defendendo discurso de ódio e fake news.  Pq será né?,2,0.4082669913768768,0.5917330980300903,,Incerta
"Proibir, com ordem prévia e geral, que uma pessoa se manifeste através de um veículo de comunicação legítimo é censura. Ponto.",Manifestar é uma coisa espalhar ódio é outra seja por qualquer meio.,2,0.4185357093811035,0.5814642906188965,,Incerta
"Acrescento: se fosse eu o censurado, esses mesmos comemorariam e/ou criariam narrativas para encobrir/desmentir o fato. ACREDITE.  Alguns desses q perderam seus perfis assassinaram reputação de quem queria lava-toga, patrulham opiniões e promovem seu próprio mecanismo de censura.","Independente de quem são, censura NÃO!",1,0.4346251487731933,0.5653748512268066,,Incerta
"Então o problema foi Luciano Hang pegar empréstimo no BNDES para abrir lojas e gerar empregos?  Então qual a desculpa do UOL, pertencente ao grupo Folha para ter pego R$ 14.123.180,00 entre 2007 e 2013?",É hipocrisia q chama Srs. UOL,2,0.5389164090156555,0.4610835909843445,,Incerta
"Roberto Jefferson: ""Não permitiremos que a censura da toga e a opressão prevaleçam”. Deixe aqui o seu aplauso.","Surpreendente, Roberto Jefferson, apoiando mt mais, do que alguns Direitistas.",2,0.4713720679283142,0.5286279320716858,,Incerta
"...O pior é que a turma da lacrosfera, do fiqueemcasa, do sanatoriogeral, a turma do quanto piormelhor, enfim os dissonantes cognitivos esquerdopatas estão achando graça desta censura dos conservadores. A conta chegará para todos, inclusive pra você ! HEY YOU VOCÊ ME ENTENDE?","...Então vão assistir a esta censura calados, esperando a ditadura da liberdade de expressão se  instalar de vez, sem fazer absolutamente nada?  Pergunto a todos os brasileiros! O que está em jogo é liberdade, a democracia, a paz e a ordem do Brasil!  Lutem enquanto há tempo !",1,0.1407185196876526,0.8592814803123474,,Alta
"Família Bolsonaro e sua claque fizeram campanha contra CPI da Lava Toga, que investigaria Toffoli, inclusive por abrir inquérito das fake news. Motivo: Toffoli segurava investigação sobre Flávio Bolsonaro. Agora eles são alvos do inquérito e acusam censura. Agem por conveniência.",Como esse aqui consegue ser tão cara de pau... A revistinha de merda na qual vc trabalha foi excluída do inquerito das fakenews por conveniência também seu moleque! Acordo de acachadores!,2,0.1831641048192978,0.816835880279541,,Alta
"Galera comemorando stf derrubar perfil de rede social. É divertido pq agora é de uma galera q a gnt n gosta. Amanhã vai ser da galera q a gnt gosta, ai é censura","Vai na fé, esquerda... a vez de vcs nunca vai chegar... a censura vai ser só pra meia dúzia de brasileiros #sqn #VozParaBernardoKuster",0,0.1259665191173553,0.8740334510803223,,Alta
"A decisão do FB e do TW de derrubar as contas de apoiadores de  é sem precedentes na rede mundial, que se caracteriza pela ampla liberdade de expressão. A decisão de suspender as contas é contraditória porque a  investigação não está concluída. País sob censura.",que providências podem ser tomadas contra a censura de bolsonaristas?,1,0.1534128189086914,0.8465871810913086,,Alta
Subir hashtag contra a censura é o novo sair pelada na rua contra o machismo.  Ambos chamam atenção pra caramba. Só não sei quanto a eficiência.,E o Allan dos Santos Chorando no twitter pq nenhum membro do governo subiu uma hashtag como o nome dele.Sera que é isso que ele acha que o governo pode fazer?,1,0.1103141158819198,0.889685869216919,,Alta
"Hoje ensinado sexo oral para amigas, grande dia","vou ter que ir pro hospital agora, grande dia",0,0.1698721051216125,0.8301278352737427,,Alta
EU vendo que contas bolsonaristas são retiradas do ar no Twitter e Facebook e que o pessoal que pede a volta da ditadura tá reclamando de censura,"hoje você comemora a censura, mas amanhã a censurada pode ser você",1,0.1295340061187744,0.8704660534858704,,Alta
Brasil sob censura da justiça;,Chega de censura. #VozParaBernardoKuster,0,0.1346634030342102,0.865336537361145,,Alta
"Censura declarada. E nosso senado vai ficar bem quietinho,  como sempre.  Viver no Brasil não é fácil não.  Os que estão achando bom, aviso que censura, mais dia menos dia, servirá para todos que ousarem dizer qq coisa que não for do agrado de quem tem poder.","Os que estão gostando, são do mesmo grupo que queria  liberdade de imprensa pra eles e censura para os outros.",1,0.1245806366205215,0.8754193782806396,,Alta
"#URGENTE: Após pedido de Alexandre de Moraes (STF), o Twitter derrubou a conta de Sara Winter, Roberto Jefferson, Allan dos Santos, Bernardo Küster e Luciano Hang e outros foram vítimas da censura com base no inquérito ilegal das fake news.",Vivendo a censura,2,0.1689739227294922,0.8310260772705078,,Alta
"""queremos AI-5!""  aí a justiça tira do ar perfis ligados a FAKE NEWS, e eles:  ""ain, mas isso é censura!""  oi? sabiam que durante o AI-5 tinha censura? vocês deviam estar achando bom, não? não me diga que vão reclamar de tortura também, até outro dia vocês homenageavam torturador","Tem esquerdista que é retardado ou se faz de retardado, uma minoria pedindo AI-5 não representa toda a maioria da direita conservadora brasileira, para ter essa censura de merda do Judiciário apoiada pela esquerda chorona só demonstra que os militares Estavam certos em 64.",1,0.1680304110050201,0.8319696187973022,,Alta
Sobre contas de conservadores sendo banidas: a liberdade de expressão é direito fundamental garantido em nossa Constituição e deve ser válida para todos.,roberto jefferson é conservador?...,1,0.1313482969999313,0.8686517477035522,,Alta
"censura é limitar a liberdade de expressão do outro. mas nem toda expressão deve ter liberdade, e aí entram discurso de ódio, fake news etc. (assim como já entram calúnia e difamação).  tipo isso:",bingo!  (vivi pra ver: gente dizendo que excluir conta que promove discurso de ódio é censura),2,0.1101667582988739,0.8898332118988037,,Alta
"Na minha opinião o limite da liberdade de expressão é a lei. A partir do momento que você se expressa dizendo que é a favor da tortura, da morte de fulano, na minha opinião é só crime mesmo.","O limite é a lei. Quem faz as leis? Políticos! Se o político decidir que NINGUÉM pode criticar o governo (como em ditaduras), pois esse jovem será legítima a repressão e censura.",2,0.1365772634744644,0.8634227514266968,,Alta
"Quem melou a CPI da Lava-toga pela ""governabilidade"" hoje não pode reclamar de censura.  Simples assim.",Censura de que? De coibir assassinatos de reputações? De  coibir propagação do ódio? De coibir ataques  as instituições? Parabéns ao STF.,1,0.1383733004331588,0.8616266846656799,,Alta
"Acrescento: se fosse eu o censurado, esses mesmos comemorariam e/ou criariam narrativas para encobrir/desmentir o fato. ACREDITE.  Alguns desses q perderam seus perfis assassinaram reputação de quem queria lava-toga, patrulham opiniões e promovem seu próprio mecanismo de censura.","""Acrescento: se fosse eu o censurado"". cara, tu concorda que  houve censura, mas tergiversa o assunto só por ódio aos que não concordam contigo, para com essa palhaçada do e se...., seja homem e condene a censura. Não tente equiparar,nada será mais trash do que fizeram os togados",1,0.19256491959095,0.8074350953102112,,Alta
"Acrescento: se fosse eu o censurado, esses mesmos comemorariam e/ou criariam narrativas para encobrir/desmentir o fato. ACREDITE.  Alguns desses q perderam seus perfis assassinaram reputação de quem queria lava-toga, patrulham opiniões e promovem seu próprio mecanismo de censura.","Danilo é muito mentiroso, continua dizendo que o presidente pediu sua cabeça, mas não da uma única prova!!!   Ninguém aqui ficou feliz com qualquer censura contra você, seu filha da puta!  Acorda seu animal!",1,0.1097408309578895,0.8902592062950134,,Alta
"Jamais deve ser esquecido! Vc está certo. Mas não é a tirania da censura a solução. São os códigos civil e penal. Ou seja, o primeiro passo seria um policial, depois MP, Juiz em 1 instância, 2°, 3°, etc. Não foi assim q aconteceu ..","Esses bglh de censura acontece dos dois lados da moeda, tanto na esquerda quanto na direita. O que faz parecer maior é a credibilidade que dão pro assunto.  Concordo que não deve haver censura, maaaaass, se essa é a única medida deles...  Eu só não defendo os que tomaram pq n dá.",1,0.1885048151016235,0.8114952445030212,,Alta
"A decisão do FB e do TW de derrubar as contas de apoiadores de  é sem precedentes na rede mundial, que se caracteriza pela ampla liberdade de expressão. A decisão de suspender as contas é contraditória porque a  investigação não está concluída. País sob censura.",Vivemos a censura foa macaquinhos pretos da china. Passou da hora de acabar com isto,1,0.1087325289845466,0.8912674784660339,,Alta
"Bernardo Küster foi totalmente CENSURADO nas redes sociais. Eis a ditadura abjeta em que estamos metidos. E os cínicos continuam por aí, calados sobre censura e ditadura reais, e fingindo combater heroicamente a ditadura fictícia do governo Bolsonaro.   #VozParaBernardoKuster","Ditadura q VOCÊS ajudaram a alimentar, salvando o Toffoli¹³ da CPI da Lava-Toga a fim de proteger o rachadinha 01.   Vão atrás do Totó¹³ que vcs ajudaram a salvar.  Não vi uma palavra de vcs contra o absurdo q o Totó fez com a Lava-Jato. A ditadura de vocês é relativa, malandro.",2,0.1884964108467102,0.811503529548645,,Alta
"Foi CENSURA, Não tem CONVERSA. A Partir do Momento que uma pessoa está impedida de expôr suas Opiniões, É CENSURA.","Expor FAKE NEWS, não é censura!",1,0.1085612550377845,0.8914387226104736,,Alta
Vocês também estão sentindo que o clima aqui no Twitter deu uma melhorada?,O que o STF fez hoje é uma vergonha. Uma censura lacrada. Serve para todos esquerda e direita.,1,0.1024722531437873,0.897527813911438,,Alta
"Faz tempo que não falo de política, mas vi que comemoraram uma censura aí contra os ""inimigos ideológicos"", a galera não aprende que cedo ou tarde isso chega neles também...  A sociedade merece ser escravizada, eu vou é pro meu matim plantar e cuidar de vaca, longe desses doidos.","Não concordo com a censura imposta por  , no entanto condeno a hipocrisia de quem não condena  que fez de tudo para melar a CPI da Lava Toga. Portanto de certo modo quero que se fodam no choro.",0,0.1187981218099594,0.8812018632888794,,Alta
"A censura está definitivamente instalada no Brasil. Mas dessa vez, apenas contra quem é conservador. Algo precisa ser feito! Urgentemente.",Vendo o pessoal da esquerda que se diz contra a censura comemorando a censura só porque é com o lado de lá...,0,0.1567206978797912,0.8432793021202087,,Alta
"engraçado e pessoal da esquerda comemorando, não são eles que são contra a censura e a ditadura ?","Na hora que eles começarem a comer osso no lixo dos outros, vão falar que é o imperialismo americano que está fazendo isso com eles.",2,0.1357743144035339,0.8642256259918213,,Alta
Alexandre de Moraes ameaçou aplicar multa diária contra Facebook e Twitter,Quem vai parar este animal?,2,0.9748671650886536,0.0251328516751527,,Random
"Enquanto a direita briga entre si, várias contas foram retidas. Allan, Bob, Bernardo, Enzo, Sara ... FOCO .#CensuraNaDireitaNao",CENSURA.......DITADURA INSTAURADA PELO STF.......CRIME,2,0.9927147030830384,0.0072852415032684,,Random
"Amigos aqui é Roberto Jefferson. Entrei na conta da minha filha para agradecer a todos pelo apoio. Em breve estaremos juntos novamente! Alexandre, não temo sua tirania!",Muito bom!!!!,2,0.9822695851325988,0.0177303943783044,,Random
"Alexandre de Moraes , o ódio dele vai mata-lo.","Já estou com asilo cibernético, na América. #STFVergonhaNacional #STFNaoVaiNosCalar",0,0.991339385509491,0.0086605623364448,,Random
"Roberto Jefferson jogando uma tonelada de cocô fedorento no ventilador. Tem continuação, vamos ver se o twitter deixa postar.",é ou não é O cara??,2,0.569000244140625,0.4309997260570526,,Random
"Perfis de bolsonaristas nas redes sociais, utilizados para ameaçar a democracia, destruir reputações e espalhar fake news sobre a pandemia, foram suspensos do Twitter e Facebook por determinação do STF. Grande dia!",Será mesmo um grande dia ? Acredito que foi o remédio errado. Tinha que obrigar os perfis a divulgarem as verdades atacadas ou omitidas.,1,0.6152500510215759,0.3847500383853912,,Random
"#BOBJEFF Vou combinar com vocês que me seguem e que estão chegando aqui no Twitter da minha filha Cristiane Brasil. Quando eu colocar essa hashtag #BOBJEFF sou eu, Roberto Jefferson, falando. Sem a hashtag é minha filha, ok? Vamos juntos. #STFNaoVaiNosCalar  #STFVergonhaNacional",Censura Nunca Mais!! Brasil acima de tudo. Deus acima de todos! #Bolsonaro2022,1,0.9914664030075072,0.0085336249321699,,Random
"Sua afirmação é desconexa e absurda. Neo-nazistas não estão no poder em meu país e creio que antes de falar sobre um tema tão polêmico claramente usando termos que repercutem no cenário político brasileiro atual, o senhor deveria estudar um pouco sobre. Imagens que vão o ajudar:","Felipe Neto o mesmo cara que tava celebrando a censura que o STF fez aos perfis de bolsonaristas por fake news é o mesmo cara que também espalha desinformação, desta vez a respeito da Ucrânia. Mas uma vez Felipe Neto sendo hipócrita e propagando desinformação.",2,0.9565853476524352,0.0434146560728549,,Random
vamos  acabar  com censura no brasil,"""Se vocês tivessem fortes não precisariam apelar para tantos poderes""  #VozParaBernardoKuster",0,0.9808473587036132,0.019152557477355,,Random
Calar nunca! #VozParaBernardoKuster,#VozParaBernardoKuster e para todos os perseguidos pela ditadura de toga !,0,0.988658368587494,0.0113416034728288,,Random
"É urgente que uma mensagem chegue ao maior número de pessoas.  Pare de se emocionar com a ""censura do STF aos conservadores"", pois isto está sendo utilizado por aproveitadores.  Não significa que Alexandre esteja certo, mas por ser um ponto sensível está sendo explorada.","Está na hora do Ministro da Justiça se posicionar contra o autoritarismo do #STFVergonhaNacional  perderam a decência,  usam ""poder"" como se não tivéssemos uma CF o  Brasil patriota não suporta esses indesejáveis seres sugadores. Basta.",0,0.9724807143211364,0.0275192875415086,,Random
Não se combate crime com crime. E não bato palmas para abusos quando são praticados contra adversários.,"Tome vergonha esquerdalha acabou de aprovar censura aí no senadinho, desarmamentista descarado , mais do mesmo cópia novinha da política ""tradiconal"".",2,0.3667048513889313,0.6332951784133911,,Random
Esse #STF  só nos envergonha. #STFVergonhaNacional  Não irá nos calar.,ROBERTO JEFFERSON APARECE COM NOVA CONTA NÃO VERIFICADA NO TWITTER,0,0.9846159815788268,0.0153840081766247,,Random
31 - O Senador   Jean Paul Prates (PT-RN) é favorável a Lei da Censura!    Telefones: (61) 3303-1777 / 1884 E-mail: sen.jeanpaulprates.leg.br,"PT, a censura faz parte dos planos de governo, não esperaria diferente! Só não entendo quem vota neles!",2,0.9792885184288024,0.0207114499062299,,Random
O Supremo de Frango está desesperado! A perseguição está escancarada!  Vamos dando a corda que enforcarmos vcs depois!  O tiro que sairá pela culatra pq vai ser #Bolsonaro2022 SIM!!  #VozParaBernardoKuster #VozParaBobJeff #VozparaConservadores,JORNALISTA OSWALDO EUSTÁQUIO FOI PRESO PORQUE DESCOBRIU ESQUEMA BOMBA CHEFIADO PELA ESPOSA DE  do,0,0.9916731715202332,0.0083268238231539,,Random
"Decisão judicial com força estatal minando alguém de dizer o que pensa é, literalmente, a definição de censura. É o estado definir o que um sujeito pode ou não falar.","""Crime"" determinado pelo estado limitando a liberdade de expressão. Definição literal de censura",1,0.4710989892482757,0.5289009809494019,,Random
"Sigam os passos a censura do Imoral é só no Brasil quando você altera o país consegui ver os perfis censurados, eu fiz e deu certo.",. Faça uma matéria detonando o Alexandre de Moraes. A adesão foi impressionante. Metade do. Brasil burlou a censura mudando o Twitter. O bloqueio no Twitter foi inócuo. Ridicularizem ele ao máximo em uma matéria. Vejam os números. Faça uma reportagem completa,2,0.8879168629646301,0.1120831221342086,,Random
"É hoje o grande dia da live da 18k  estaremos ao vivo a partir das 20h, não percam, por favor! Tudo foi feito com muita dedicação pra todos vcs. Estou com um frio na barriga como se fosse meu primeiro evento, estou sem conseguir dormir de tão ansioso","Deus sabe o quão difícil e quanto trabalho foi e vem sendo pra construir essa live. Fizemos aos trancos e barrancos mesmo com o acidente nos afetando tanto. Hoje é o grande dia, é um dia de superação. Um dia onde ficará guardado pra sempre na memória da 18k.",1,0.8188090920448303,0.1811909824609756,,Random
"Para Augusto Aras, a determinação do ministro do STF é ""desproporcional e contrária ao princípio da liberdade de expressão""","O que está faltando para o Aras pedir, formalmente, o afastamento do ministro Alexandre de Moraes?. Bases existem aos montes e o povo brasileiro não aguenta mais conviver com uma SUPREMA CORTE tão criminosa quanto essa.",2,0.9896194338798524,0.0103805419057607,,Random
"Felipe Neto, que defende a censura e até a prisão de quem supostamente espalha ""fake news"", mais uma vez foi pego mentindo e propagando desinformação na internet. O sujeito mente tanto que, agora, teve que ser desmentido pelo embaixador da Ucrânia por mentir sobre aquele país.","Essa fake news vc não quer punir, né Felipinho?",2,0.0822101458907127,0.9177898168563844,,Random
"Mudar a configuração da conta para localização em outro país, pode não ser relevante mas mostra que não compactuamos com censura.","Fiz e deu certo, dar para ver os posts dos perfis que injustamente foram censurados.",2,0.6926595568656921,0.3073404133319855,,Random
"Várias contas foram retidas do Twitter sob a justificativa de ""demanda legal"". , ,  e outros, todos defensores do governo e críticos do STF. Do que se trata? Não foram notificados de nada ainda. É o tal inquérito ilegal? Isso é censura!","A censura se instalou de forma nada legal, muito menos democrática, estamos quase que impedidos de expressar nossos pensamentos, ligados à nossa ideologia. Sou de direita, conservador, cristão e luto pela família. A moral, ética e respeito não vale pra esses membros do STF.",1,0.1153745427727699,0.8846254944801331,,Random
"A Esquerda comemora a Censura !  Daqui a pouco, estão comendo carne de cachorro !",Em alguns anos ainda vão dizer que a censura foi no governo  Bolsonaro e vai ser o culpado por esta ditadura. O STF tem que ter seus limites... Acordem Senadores! Ou vcs também estão com o Rabo Preso?,0,0.5432406663894653,0.456759363412857,,Random
"acordei ouvindo sinônimos, grande dia","“Vou continuar batendo nesses senhores”, diz Roberto Jefferson",0,0.9535783529281616,0.046421606093645,,Random
"Se acabar o gabinete do ódio Bolsonaro acaba. Ele não se sustenta pela competência, mas pelo pânico causado nas redes sociais.  Sem gabinete do ódio, sem Bolsonaro.  Grande dia.",Rezando pra isso,2,0.9887702465057372,0.0112297311425209,,Random
"Não tenho opinião formada a respeito da decisão, pelo ministro Alexandre, sobre a suspensão das contas de Twitter e Fb dos capos bolsonaristas.  Mas me parece que a conversa está pela metade. Ela tem a ver com o debate sobre cancelamentos. E a sobre a Lei das Fake News.  Um fio.","Ótima thread para quem quer pensar no limiar entre censura nas redes sociais e manipulação de informações. Assim como o jornalista, não tenho opinião formada, mas penso que existe alguma coisa errada nesse ódio todo que vejo por aqui.",2,0.4265390038490295,0.5734609961509705,,Incerta
"Amigos aqui é Roberto Jefferson. Entrei na conta da minha filha para agradecer a todos pelo apoio. Em breve estaremos juntos novamente! Alexandre, não temo sua tirania!","Como cidadão vc me representa Roberto Jeferson  , parabéns pela sua coragem , milhões de brasileiros gostariam de estar dizendo a verdade e o que sentem em relação aos integrantes dessa instituição desacreditada como STF ...",2,0.4556879699230194,0.5443120002746582,,Incerta
"Até o Papa reconhece as ações em defesa da vida do MOVIMENTO DOS SEM TERRA. Só falta a globo, o estadão, a folha e o restante da grande mídia.","O Papa é nota 1000. Quanto a essas mídias reconhecerem, sei lá, talvez daqui a alguns anos. A (grande) mídia brasileira vive atrasada em no mínimo 30 anos. É esperar para ver.",1,0.483648419380188,0.5163516402244568,,Incerta
"Amigos aqui é Roberto Jefferson. Entrei na conta da minha filha para agradecer a todos pelo apoio. Em breve estaremos juntos novamente! Alexandre, não temo sua tirania!",Força cara.,2,0.4859251677989959,0.5140748620033264,,Incerta
Alexandre de Morais tu ganha dinheiro pra fica perdendo tempo com porra de rede social maldito tem processo pra caralho e tu perde tempo com porra de internet vagabundo só porque vc se acha todo poderoso safado tem trabalho aí pra vc ver e tu perdendo tempo com porra de internet,tão falando de censura nos trendings será que o papo é sobre lugar de fala?,0,0.4070253372192383,0.5929746031761169,,Incerta
GRANDE DIA PORRA VÃO FAZER FAKE NEWS NA CASA DO CARALHO !!!!,"os bolsominion chamando de censura conta de fake news e acusaçao falsa ter caído, pena ne",0,0.4850417077541351,0.5149583220481873,,Incerta
"Bater no peito e falar que o banimento TEMPORÁRIO das 16 contas é censura, vocês querem, né? Mas na hora de salvar a EDUCAÇÃO e nosso patrimônio LITERÁRIO, vocês somem #naotocanosmeuslivrosnao",Só pra constar #VozParaBernardoKuster Al-5 no rabo do Min. Alexandre,0,0.5459152460098267,0.4540847539901733,,Incerta
"O tratamento com cloroquina, na fase inicial, funciona e pode salvar muitas vidas. Grande dia!",Prova de que a cloroquina funciona e vidas foram pedidas pela ganância dos governadores e prefeitos. Agora quem são os genocidas mesmo?,2,0.4435432255268097,0.5564567446708679,,Incerta
"Para quem defendia a morte do presidente, defender a CENSURA é fichinha. Não querem apenas calar o Presidente e seus apoiadores, mas calar e se possível matar. Não lute hoje e amanhã você estará na VENEZUELA.","Deus não te trouxe ate aqui para te abandonar no caminho. Seus inimigos, oposição não são páreo para o grande DEUS. Não desista dos seus sonhos, você tem um destino a cumprir, você triunfará sobre os seus inimigos. Se de algum modo vierem em sua direção, eles serão derrotados.",2,0.5007418990135193,0.4992580413818359,,Incerta
SEXTA-FEIRA DA VERGONHA Alexandre de Moraes manda censurar perfis do jornalista Bernardo Küster (diretor do BSM) e vários outros conservadores. É a mais vasta operação de censura já vista na internet brasileira. #VozParaBernardoKuster,"Kkkkkkkkkk ....   Coibir Fake News,ataques coordenados contra pessoas,quadrilha do ódio que propaga mentiras é censura ...  Entendi kkkkkk",1,0.4997950494289398,0.5002049207687378,,Incerta
"Amigos aqui é Roberto Jefferson. Entrei na conta da minha filha para agradecer a todos pelo apoio. Em breve estaremos juntos novamente! Alexandre, não temo sua tirania!","Isso mesmo Roberto Jefferson, não podemos nos calar sempre, é preciso fazer alguma coisa. Só quem é a favor do Presidente é punido! Qdo a esquerda deseja a morte do Presidente, não acontece absolutamente nada.",1,0.581796407699585,0.4182036519050598,,Incerta
"É inaceitável a censura judicial imposta ao  . Segundo ele, sua conta no Facebook foi bloqueado por decisão judicial, sem que ele tenha conhecimento dos detalhes da decisão, ou de quem a tomou. A suspeita é que seja um desdobramento do inquérito das ""fake news"".",Chega STF #CensuraNuncaMais,2,0.5312837362289429,0.4687162041664123,,Incerta
"O que está acontecendo no Brasil é DITADURA DE OPINIÃO SIM, CENSURA e tem gente comemorando? Hoje, são os apoiadores do  presidente eleito democraticamente, amanhã pode ser você que aplaude. Meus amigos seguidores, sigam  , mais uma vitima dessa ditadura.","Tem gente se assustando com a gracinha que a Manuela Dávila falou. Ela está sendo super consistente com sua crença. Ela crê fortemente que a censura deve prevalecer e deve ser muito dura, quase macabra. Isso é exatamente o que aconteceu nos Sovietes, na China, em Cuba, e outros.",1,0.521458089351654,0.4785418808460235,,Incerta
"Hoje são   Allan dos Santos Bernardo Kuster Edson Salomão Luciano Hang Roberto Jefferson Otávio Fakhoury Sara Winter   Amanhã pode ser vc.  Vc, conservador. Vc, que apoia Bolsonaro.   E vc tbm, idiota de esquerda que tá comemorando essa censura covarde.  #VozParaBernardoKuster",Supremo tribunal da censura.,2,0.4148028492927551,0.5851971507072449,,Incerta
"O pessoal que impede a PF de entrar no Senado pra fazer busca e apreensão de senador investigado por desvio de milhões de reais de dinheiro público é o mesmo pessoal que censura, bloqueia, devassa a vida e põe a polícia pra apreender itens de quem faz MEME.  Bicho...","stf ,CABEÇA  DE  OVO PODRE ,CORRUPTOS ,CANALHAs,TIRANOs,LESA PÁTRIA, TRAIDORES DO POVO BRASILEIRO DE BEM  ,HONESTO,TRABALHADOR ,TRAIDORES DA PÁTRIA,MERCADORES DAS MORTES !!!",2,0.4808490574359894,0.5191509127616882,,Incerta
Até quando permitiremos que a censura siga atacando os defensores do governo? A LISTA DOS BOLSONARISTAS QUE TIVERAM SUAS CONTAS SOCIAIS SUSPENSAS POR MORAES,"Ué, mas não era o Bolsonaro que iria impor a ditadura e a censura no país todo em 2019 quando assumisse??",1,0.4603209197521209,0.5396790504455566,,Incerta
A Grande Família é melhor do que friends. Bom dia! Bom sábado para todes !,"VOCÊS ESTÃO PRONTOS PRA ESSA CONVERSA SIM, bom dia",2,0.599916398525238,0.4000835418701172,,Incerta
"O novo reality show da Habbonitos em parceira com    irá começar, confira nossa notícia no site:   Esse grande projeto que acontecerá:   Dia: 26/07  18h00BR | 22h00PT  AO VIVO pela",é um fã site cheio de realitys fiquem de olho para participar,2,0.5692429542541504,0.4307569861412048,,Incerta
e as redes sociais ficaram um pouco menos odiosas...,"Pelo contrário, ficou censurada, o que acha de você ser também censurada no SBT? Não concordo com nenhum tipo de censura.",2,0.4319470524787903,0.5680529475212097,,Incerta
"Estou aberto aos argumentos jurídicos que mostram graves problemas na decisão do Alexandre de Moraes.  Dito isso, que perfis dedicados a fake news, ataques e assassinato de reputações sejam derrubados é algo que eu defenderia mesmo se fosse contra o meu lado político.","Oque é fale news para o Alexandre de morais? Parece que é ser conservador.  Joel faça um vídeo criticando os ""perfis"" e mostrando o erro deles. Dê nome aos bois, acho que falta coragem Ksks Certo?",1,0.5204907059669495,0.4795093238353729,,Incerta
"Que dia Maravilhoso PQP  Twitter BLOQUEOU as contas do Roberto Jefferson, Sara Winter, Bernardo Kuster e Allan Santos.",Infelizmente não foram excluídas. Dá uma semana que volta,2,0.5945258140563965,0.4054742455482483,,Incerta
"Liberdade de expressão não tem lado.  E amanhã pode ser você!  #FreedomOfSpeech  Para assistir ao vídeo completo, acesse:","a pergunta é, até quando esse cara vai tentar nos calar? #STFVergonhaNacional",2,0.4873533546924591,0.5126466155052185,,Incerta
"1. Concordar ou não com o que alguém diz é parte da democracia. Calar não. A decisão de Alexandre de Moraes, bloqueando a conta do presidente do PTB, Roberto Jefferson, é absurda. Só uma ditadura a tira voz de partidos políticos. Bloqueio preventivo, é censura prévia de opinião.","Políticos são tudo corporativistas, esse deputado só ficou bravo pq bloquearam a conta de um político CONDENADO POR CORRUPÇÃO que fica o dia todo atacando outros políticos e poderes! Por isso radicais da esquerda e direita se dão bem, esses lixos querem adversários bobinhos assim",2,0.5817161202430725,0.4182839095592499,,Incerta
"Branca chorando pq uma pessoa falou q preferia o cabelo dela grande, imagina se ela escutasse comentários como ""bombril"" ""arbusto"" ""alisa"" ""prefiro de trança"" ""deu choque"". Ela ia se matar no primeiro dia, ai esse povo da mt biscoito pra branco mimado acham q a vida é um morango.",Kkkkk aí meu deus a galera militar com tudoooo que inferno,2,0.4952495992183685,0.5047503709793091,,Incerta
"Para quem defendia a morte do presidente, defender a CENSURA é fichinha. Não querem apenas calar o Presidente e seus apoiadores, mas calar e se possível matar. Não lute hoje e amanhã você estará na VENEZUELA.","Alan, como colocaremos 2 milhões de Brasileiros patriotas em frente ao STF para derrubaos aqueles 11 urubus de lá???",2,0.5798569321632385,0.4201431274414062,,Incerta
Jovem Pan cortou o Roberto Jefferson no meio da fala dele. Será que bateram um gancho pra emissora?,Não foi censura não.,1,0.490109235048294,0.5098907351493835,,Incerta
quando eu crescer quero ter uns 5 cachorros,"Um dia quando eu fui grande eu estava em LA, riquíssima e com vários cachorros e gatos Não esqueçamos da beleza q tbm quero",2,0.5511449575424194,0.4488550722599029,,Incerta
"Censurar contas em redes sociais é absolutamente errado, não importa se você concorda ou não com quem diz ou com o que está sendo dito. Amanhã pode ser com você.","Concordo plenamente,apesar de desconhecer o conteúdo censurado.Isto é de extrema importância p/nós, leitores imparciais, julgarmos c/clareza a motivação da censura.  Se for fakenews ou injúria= bem merecido Ainnn, me desagrada a sua sintaxe= frescura seguida de arbitrariedade",2,0.494895726442337,0.5051042437553406,,Incerta
Mude a configuração da sua conta p outro País q funcione de fato a Democracia. Os Patriotas Censurados estão ativos lá. #VozParaBernardoKuster,Pra outro país ?,2,0.4442031383514404,0.5557968020439148,,Incerta
"Para se punir alguém não deveria ter uma ""prova do crime??""  Qual o crime ou ""fake news"" os exilados cometeram??  Se foi fake news não esteve ou está publicado??  Qual a postagem??  Se não chegou a nós nenhuma dessas alternativas  É CENSURA SIM",Nao existe previsão legal para o “ crime de Fakenews “ é censura e intimidação pura e simples nada mais que isso. Autoritarismo partindo de quem deveria ser o guardião de nossas liberdades! Está é a mais perigosa imversao valores. Cometem um crime para combater um não crime #stf,1,0.4383256435394287,0.5616742968559265,,Incerta
"Os perfis do ,  (dentre outros) está liberado para quem vive fora do Brasil. Ou seja: a censura é apenas para brasileiros que vivem sob a ditadura.",E tem brasileiro achando que isto aqui é uma democracia.,2,0.5625141859054565,0.4374858140945434,,Incerta
"Esquerdistas fazem festa pra censura. Tiram sarro, fazem escárnio. Fosse o Brasil a ditadura de direita que eles dizem existir, quem estaria calado e perseguido eram eles. Se o Brasil virar Venezuela de vez, poucos estarão contentes. O resto, a imensa maioria, vira escravo.",Os esquerdistas querem exatamente isso. Na Argentina está acontecendo o mesmo. Querem quebrar o país para poderem se perpetuar no poder.,2,0.5830650925636292,0.4169348776340484,,Incerta
"Se alguém difama, propaga fake news, ou comete algum outro ilícito justificando com a liberdade de expressão que seja processado e julgado pelos seus atos. Do contrário é censura",Censura nua e crua,0,0.4565867781639099,0.5434131622314453,,Incerta
Investigar é algo comum num Estado Democrático de Direito. Impedir de falar é coisa de ditadura. Simples assim.,#VozParaBernardoKuster estamos em uma ditadura!,2,0.5113843083381653,0.4886157214641571,,Incerta
"Acrescento: se fosse eu o censurado, esses mesmos comemorariam e/ou criariam narrativas para encobrir/desmentir o fato. ACREDITE.  Alguns desses q perderam seus perfis assassinaram reputação de quem queria lava-toga, patrulham opiniões e promovem seu próprio mecanismo de censura.",O que o STF está fazendo é censura simples assim!,1,0.5275254845619202,0.4724745154380798,,Incerta
"Os democratas, os verdadeiros democratas, (não vagabundo disfarçado de democrata) devem reagir a este acinte sem precedentes na República.  Absurdo total. Pela democracia! Lute Brasil!!!  #VozParaBernardoKuster","É angustiante ter que assistir os desmandos de Alexandre de Moraes e sua trupe togada, mas conviver com a inércia dos milicos bunda mole é de dar embrulho no estômago.  Até quando vamos ser caçados sem reagir?   #ReageMilitancia",0,0.5976390242576599,0.4023609757423401,,Incerta
"Não confunda censura com regras. Precisamos de regras para aguentar a convivência.  Sair por aí acusando alguém de algo inaceitável ou ilegal, tipo pedófilo, é crime. Só isso. Prender o acusador não seria censura.   (Se preza tanto a liberdade de se exprimir, por que se esconde?)","Vou repetir.. Pra Acusar antes você precisa se Expressar e pra se Expressar Acusando, você tem que provar. Se caso não provar, Cabe a pessoa acusada se vai querer Processar ou ser Indenizada por isso. A derrubada de contas de uma Rede Social é Pura Censura.",1,0.5874438881874084,0.4125561714172363,,Incerta
"Tu pode pensar o que tu quiser do Bolsonaro e afiliados (eles são um bando de bosta mesmo).  Agora se tu comemora a censura, tu que é o verdadeiro GADO.",Censura o cacete.É ditadura mesmo,0,0.4428148567676544,0.557185173034668,,Incerta
Os censurados pelo Twitter hoje:  Roberto Jeffesson Allan dos Santos Bernardo Kuster Edson Salomão Rodrigo Ribeiro Sara Giromini Edgard Corona Luciano Hang Otavio Fakhoury Marcelo Stachin Reynaldo Bianchi Júnior,Se isso não é censura... Olha sei não.,2,0.4415442645549774,0.5584557056427002,,Incerta
Acabou de me ocorrer... O Luciano Hang não é nem um bom capitalista né? Como investe mal o próprio dinheiro... Os capitalistas do mundo devem olhar envergonhados! Nem pra ser capitalista bolsonarista serve! Vergonha SQN! Grande dia!,Já repararam capitalista gastando dinheiro? Digo isso sério? Sem querer criar conflito! E no fim os caras juram que são investidores!? Sério meu filho!? Investidor você!?,2,0.5048916935920715,0.4951082468032837,,Incerta
"Acrescento: se fosse eu o censurado, esses mesmos comemorariam e/ou criariam narrativas para encobrir/desmentir o fato. ACREDITE.  Alguns desses q perderam seus perfis assassinaram reputação de quem queria lava-toga, patrulham opiniões e promovem seu próprio mecanismo de censura.","Já vi esse discurso de que não estão nem aí, pois se fosse o contrário estariam com memorando a diferença é que vocês ESTÃO sendo covardes. Enquanto no caso deles, ficaram só no acho. Independente de qualquer diferença, apoiar censura é covardia e coisa de gente baixa.",1,0.4071807563304901,0.5928192138671875,,Incerta
Não há mais como alguém negar a realidade bem debaixo do nosso nariz: vivemos numa ditadura da toga suprema.,A Ditadura do STF... isto tem que acabar. Supremo Tribunal do Alexandre de Moraes.  #VozParaBernardoKuster,2,0.452085793018341,0.5479142069816589,,Incerta
"Quem precisa do PL 2630, PL das fake news, quando se tem o Alexandre de Moraes pra cortar os perfis? No Brasil é proibido ser conservador, é proibido ser cristão. (Bernardo Kuster)",o porco do Alexandre de Moraes não manda no mundo... aqui fora predomina a liberdade e não a ditadura de toga... porcos,0,0.5662230253219604,0.4337769150733948,,Incerta
A dor de cabeça me consome. Efeitos colaterais da minha raiva e surto interno.,"Eta, desde as 15hr com essa enxaqueca. Grande dia",2,0.4059889316558838,0.5940110683441162,,Incerta
"Censurar opiniões é inaceitável.  Agora, coibir mentiras, ataques, assassinato de reputação, xingamentos; isso é necessário para não degenerar o debate público.  Ainda não tenho opinião formada no caso. Só não venham me dizer que o STF está censurando ""opiniões"" ou ""críticas"".","Quem mais degenera o “debate público” é quem censura opinião, impede publicação ... e a imprensa que não faz defesa da liberdade de expressão.",2,0.4095705151557922,0.5904294848442078,,Incerta
O tiranete Alexandre de Moraes passou de todos os limites. Ele agora decide sozinho qual informação pode circular no país? Ele decide quem fala e quem cala a boca? Ou os democratas reagem agora a este ato de censura s/ precedentes ou não podem mais falar em liberdade de expressão,"Alexandre so aprofundou a propria cova. Não há nenhum princípio moral nesta decisão. Ninguem precisa debater. Como a tambem ministra Carmem Lucia já falou, ""...censura não se discute, se commbate"". Aliás esta medida é inutil: Segue....",2,0.5373040437698364,0.4626959562301636,,Incerta
Testando. Baseei minha conta nos EUA. Alguém consegue ver ? #VozParaBernardoKuster,"Já que está oficialmente declarada a censura no BR, o jeito é ""se mudar"" para os EUA",2,0.450734943151474,0.5492650270462036,,Incerta
"Após decisão do Ministro Alexandre de Moraes, contas de vários bolsonaristas são retiradas do ar.   Entre eles: Roberto Jefferson, Veio da Havan, Allan dos Santos e Sara Giromini.  É grande dia ou não é?",Feliz Dia,2,0.5260928273200989,0.4739071726799011,,Incerta
"Essa censura a opiniões q vai de encontro ao STF e a ""oposição"" só mostra como o Brasil é desde sempre. Opiniões q não são mais guiadas pela mídia são simplesmente censuradas. Por alguém, no caso agora pelo stf.... estamos ferrados","Qual é a diferença entre o desembargador arrogante, orgulhoso e mau educado de Santos e a ação de censura imposta pelo STF que arbitrou a derrubada de contas de cidadãos aqui no Twitter? #Nenhuma.",0,0.5069642066955566,0.4930357933044433,,Incerta
"Amigos aqui é Roberto Jefferson. Entrei na conta da minha filha para agradecer a todos pelo apoio. Em breve estaremos juntos novamente! Alexandre, não temo sua tirania!","Você é um exemplo de força e resiliência, além de ser o melhor orador que temos ! Parabéns!",2,0.476467877626419,0.5235321521759033,,Incerta
Mas o 2 é oque tem menos censura,Quanto menos censura melhor,1,0.1327964812517166,0.8672035336494446,,Alta
a ditadura trouxe muito mais estragos a população e tem gente comemorando censura,ditadura foi muito mais do q censura.,1,0.1116452515125274,0.8883547782897949,,Alta
Os caras estão de pau no Min Alexandre de Morais do  por ele ter ordenado o bloqueio das contas dos pilantras dentre eles o Roberto Jeferson sob a alegação de censura. Espalhar mentira sobre as pessoas atacando reputação não é crime? Isso não é liberdade de expressão,Homem de Imprensa defendendo censura! Tempos modernos!,1,0.1789175420999527,0.8210824728012085,,Alta
Vocês também estão sentindo que o clima aqui no Twitter deu uma melhorada?,Estou sentindo um alivio  GRANDE DIA,1,0.1165347918868064,0.8834651708602905,,Alta
"Branca chorando pq uma pessoa falou q preferia o cabelo dela grande, imagina se ela escutasse comentários como ""bombril"" ""arbusto"" ""alisa"" ""prefiro de trança"" ""deu choque"". Ela ia se matar no primeiro dia, ai esse povo da mt biscoito pra branco mimado acham q a vida é um morango.","anos e anos chamada de cabelo de vassoura, varapau, cabelo de bombril, cabelo ruim, super choque.... vocês realmente não sabem o peso das suas palavras na vida das pessoas e infelizmente todos que falavam isso pra mim vivem como se nada tivesse acontecido postando coisa no insta.",2,0.1584371626377105,0.841562807559967,,Alta
"Como conseguem inverter a realidade dessa forma? Jornalista sendo preso e assistem sem nenhuma manifestação pela liberdade de imprensa, pessoas sendo caladas e nada sobre censura. Não faço ideia de qual realidade paralela vocês vivem, mas certamente ñ notaram que ñ estamos nela.","Como conseguem inverter a realidade dessa forma? É estranho apoiar liberdade de imprensa somente para uns quando defendem a prisão de outro e expulsão do país, e acusam de censura quando defendem AI-5. Não sei qual realidade paralela vcs vivem, mas com ctz escolhem a conveniente.",1,0.1618177741765976,0.8381822109222412,,Alta
"Eu acho a decisão do Supremo de suspender as contas dos extremistas Bolsonaristas que contratam robôs pra divulgar suas fake news é inconstitucional. Há um crime consumado, obviamente, e eles devem todos ser presos, mas a censura prévia judicial é algo que jamais me alinharei.","Não vejo este caso como censura prévia, visto que as fake news foram o motivo do cancelamento das contas, logo, a medida é posterior ao cometimento do delito. O cancelamento das contas equivale à apreensão da arma utilizada para o cometimento do delito.",1,0.1047107428312301,0.8952892422676086,,Alta
"Barosso age em tom desqualificado e sem apego a técnica aos se valer de dizeres como ""bandidos"" e ""milícias digitais"". Temos um , tentando justificar o injustificável! Tentam legitimar a pratica institucionalizada da censura! Será uma ditadura!? #STFNaoVaiNosCalar","Mano, é muito engraçado os eleitores do Bolsonaro reclamando de censura",0,0.1000677421689033,0.8999322652816772,,Alta
"Espera... Pessoal do AI-5... Censura é algo bacana DESDE QUE não seja com quem pensa igual à você? OLHAAAAAAA... Cuidado com a burra, viu?","Antes de comemorar uma censura, lembre-se que, amanhã,  será contigo.",0,0.1981494724750518,0.8018504977226257,,Alta
"HOJE O DIA É DELA  Jennifer Lopez completa 51 anos hoje e ela é um grande exemplo para todos nós! Desejamos que ela continue sendo essa mulher inspiradora, repleta de talento, bondade, beleza e sucesso. Que tudo sempre esteja ao seu favor ! #HappyBirthdayJLo",Gente? 51? Achava que ela tinha uns 40,2,0.1283920705318451,0.8716079592704773,,Alta
"Não é uma delícia ver a galera que pedia um AI-5 chorando e gritando CENSURA?   Foi uma decisão judicial, esses imbecís confundem PUNIÇÃO com CENSURA.  A única coisa boa é ver esse “fugitivos da inteligência” chorando nas redes. Criticando a censura e o “livre mercado”","Decisão judicial com força estatal minanfo a liberdade de expressão é, literalmente, a definição de censura. É o estado definir o que um sujeito pode ou não falar.",1,0.1517893224954605,0.8482106328010559,,Alta
"Não há como aceitar a censura. Não há como aceitar que aplaudam a censura. Liberdade de expressão a todos, aqueles que pensam como eu e os que pensam de forma diferente.","Então, por coerência, esquerdas têm seu lugar de fala! Não é anormal,lutar pelo bem estar do povo.Porém para a direita fazer o bem é coisa de comunista e jogar todo mundo na M em prol do bem estar da Elite é maravilha.Liberdade de expressão não é jogar gentex gente. Povosx povos",2,0.162487655878067,0.8375123143196106,,Alta
"Pedro, me desculpe. Não concordo com vc. Independentemente da discussão e dos perigos, essa decisão é uma afronta à constituição e contra a liberdade de expressão. Suas considerações são pertinentes mas não escondem o óbvio: o STF está promovendo censura... simples assim...",“Proibir que se faça apologia do nazismo é censura. Ponto. Proibir publicações pedófilas é censura. Ponto. Acho que só quem fez só o book one de teoria democrática acha que na democracia liberal não existe controle legítimo e moralmente justificável de expressão e conteúdo”,1,0.1033665835857391,0.8966333866119385,,Alta
"O ministro do STF, Luís Roberto Barroso, afirmou:  ""Não tem lugar para a intolerância, a violência e a tentativa de destruir as instituições. Quando isso acontece, as instituições de bens têm de agir. Repito, não são pessoas de bem. São bandidos.""",Bandido é vc seu ministro de merda. Vc vale menos que a minha bosta. #STFVergonhaNacional,2,0.1849601417779922,0.815039873123169,,Alta
"Quem comemora a censura hoje, será alvo da censura amanhã. É a lógica de qualquer ditadura.","STF estão fazendo só uma censura prévia!  O plano é muito maior com o TSE e urnas eletrônicas, sem digital, é claro     #VozParaBernardoKuster",1,0.1942114681005478,0.805788516998291,,Alta
A censura rolando solta no país que ele governa e o presida não vai dizer nada a respeito?  (É proibido perguntar isso também?) #Censura #Ditadura,Pede A-5 na frente dos quartéis e depois reclama de censura. Kkkkkkkkkkkkkkkkkkkkkkkkkkkkkk  Bando de lunáticos,0,0.1117857620120048,0.8882142305374146,,Alta
"Não há como aceitar a censura. Não há como aceitar que aplaudam a censura. Liberdade de expressão a todos, aqueles que pensam como eu e os que pensam de forma diferente.",Vdd.....porém é difícil aceitar defesa de genicidasssss.,2,0.1333143860101699,0.8666855692863464,,Alta
"Opinião impopular, eu sei. Mas acho importante lembrar disso. E ter cautela ao celebrar o que aconteceu. Sei que o debate parece simples - e que os donos dos perfis restritos são pessoas abjetas. Mas a ordem pode ser lida não como punição. Mas como censura prévia.",E a censura é o que se não uma forma de punição?,1,0.1276421695947647,0.8723578453063965,,Alta
"Quero ver baluartes da liberdade de expressão como Reinaldo Azevedo, Vera Magalhães, Eliane Cantanhede, Flavia Oliveira, Merval Pereira, Miriam Leitão fazendo uma crítica severa a essa censura.   Vamos esperar.","Nunca farão, pra eles isso não é censura e sim justiça contra os facínoras ""propagadores de fake news""",1,0.1026926562190055,0.8973073363304138,,Alta
"mn sou de esquerda também, mas pfv n incentiva a censura cara...","Criar meus filhos pra eles entender a diferença de censura e punição, meta de vida ! Kkkkkkkk #choragado",1,0.1998617649078369,0.8001382946968079,,Alta
"Pegue o exemplo do Roberto Jefferson: é um cidadão que vem cometendo seguidos crimes contra a honra de diversas pessoas. Deve ser processado e pode ser condenado no penal e no cível, mas não vejo previsão legal que justifique cercear o seu livre direito de expressão.","Desde quando falar a verdade é crime? só na cabeça dos idiotas autoritários,o Roberto Jefferson tem mais caráter que você.",1,0.1472238451242447,0.8527761697769165,,Alta
"Não há como aceitar a censura. Não há como aceitar que aplaudam a censura. Liberdade de expressão a todos, aqueles que pensam como eu e os que pensam de forma diferente.",Um absurdo a censura do stf.imagina o que vem ai,1,0.1208629161119461,0.8791370391845703,,Alta
Afaste-se de quem comemora censura. E desmascare-os sempre que possível.,"Nem quando eu concordo com as ideias de uma pessoa.. Se ela fala que devemos ""censurar"", ""impedir"" outros de se expressarem eu já torço o nariz. Pq eu nunca esqueço q amanhã podem achar o mesmo sobre mim e as minhas ideias. Eu sou a favor da liberdade de TODOS e não só de alguns.",2,0.161164328455925,0.8388356566429138,,Alta
"Sou plenamente a favor que os responsáveis por disseminar fake news contra a democracia, que destroem reputações e etc sejam punidos. Mas devemos tomar cuidado para não criar mecanismos de censura. Ao que parece, eles nem foram condenados ainda.","Ainda que fossem, caberia condenar pelo que fizeram e deixar eles livres para continuar escrevendo (e serem punidos ainda mais caso reincidissem). Cortar as contas de Twitter é o mesmo que calar essas pessoas e isso é sim censura.",1,0.1885895431041717,0.8114104866981506,,Alta
"Só vão “lutar contra a censura” quando algum figurão de esquerda tiver sua conta bloqueada, isso se algum dia acontecer, pq o que parece é que só existe liberdade de expressão pra eles.",#VozParaBernardoKuster   A censura...,0,0.1389404386281967,0.8610596060752869,,Alta
"Frase do dia:  ""Se grande parte da população começar a usar máscaras com os dizeres Bolsonaro 2022, quanto tempo vocês acham que vai demorar para os especialistas afirmarem que não precisa mais, ou que o STF proíba o seu uso?"".",‘Caixa Preta do BNDES’: Luciano Hang construiu império com 55 empréstimos junto ao banco estatal -,0,0.99128657579422,0.0087134353816509,,Random
"As mentiras de LUCIANO AYAN serviram de base para  - CPMI DA CENSURA - PL das Fake News - Inquérito do AI-5 do STF - A narrativa de “gabinete do ódio” - Censura na Internet  AYAN, preso em operação que investiga fraudes de 400 MILHÕES.  Pois é   #VozParaBernardoKuster",Temos como  Censura e Liberdade de expressão. Só serve quando acontece com um bolsonarista,0,0.9877553582191468,0.0122446427121758,,Random
Completo absurdo de um estado cada vez mais policial e paranoico.   via,Além de um estado policialesco temos um #GovernoDeFraudes,2,0.9681193232536316,0.0318806357681751,,Random
"Grande dia pra quem gosta de ser enganado né? O cara finge que está com covid e depois fala que a cloroquina curou ele, sendo que já foi até comprovado que esse medicamento não tem eficácia, meu deus do céu quanta gente burra e imbecil que existe nesse país.","O grande erro que uma pessoa ingrata comete, e esquecer que um dia pode precisar de você novamente.",0,0.9013978838920592,0.0986021533608436,,Random
Isso aqui foi fakenews mas hoje os 11 que estão lá estao fazendo exatamente isso .Estão rasgando a Constituição de verdade principalmente o,#VozParaBernardoKuster censura não,2,0.9860618710517884,0.0139381363987922,,Random
""" interrupção de discurso "" é o nome que Supremo deu a censura!","#STFVergonhaNacional  STF rasgou nossa Constituição e Ataca nossa Democracia. Nada Contra o STF, mas contra os ministros inimigos do Brasil.",2,0.9928748607635498,0.0071251522749662,,Random
"pede a volta do AI-5 mas reclama de ter a conta suspensa e diz que é censura enfim, a hipocrisia",Roberto Jefferson está de prontidão para abalar novamente a República (veja o vídeo)      #STFVergonhaNacional,0,0.993184506893158,0.006815489847213,,Random
"eu tava com uma puta dor no estômago e agr começou a sair sangue da minha boca, grande dia",Porque o sr como autoridade máxima da nação não freia o contraventor Alexandre de Moraes lhe dando voz de prisão?,0,0.9601170420646667,0.0398829355835914,,Random
"É sério que enquanto os remédios de UTI estão em falta, o governo ignorou os fatos e priorizou a aquisição de Cloroquina?  Isso é mais que ato de improbidade, é crime de responsabilidade!   Cadê o impeachment  ? Já são mais de 80mil mortes!",É isso mesmo. Pensa num ato criminoso?  #coronavirus #GovernoDeFraudes,2,0.8737653493881226,0.1262346655130386,,Random
"A perseguição aos conversadores é uma sombria realidade que estamos presenciando. Levante conosco a tag #FreedomOfSpeech e vamos juntos mostrar ao mundo o sequestro da nossa liberdade!  Bora, robozada?","Temos que dar voz ao Roberto Jefferson, ao Allan dos Santos, ao Luciano Hang...",2,0.9839008450508118,0.0160991512238979,,Random
"A censura nada mais é do que a covardia de poderosos contra aqueles que expõem verdades inconvenientes. O censurador é o covarde-mor que tem medo das palavras. Tenta fazer da vítima o réu, da mentira a verdade. Transforma seu poder em tirania para blindar canalhas e suas crenças.",Canalhas.,2,0.7605187296867371,0.2394813448190689,,Random
"URGENTE - ROBERTO JEFFERSON SEGUE NO TWITTER Para ver o quão absurda foi a decisão de Alexandre de Moraes, Roberto Jefferson  passou a usar a conta da sua filha, Cristiane Brasil, pré-candidata à prefeitura do Rio, para continuar postando na rede social. DEIXE AQUI O SEU APLAUSO.","Por isso, tenho certeza que a real intenção para essa censura, não veio à tona. Isso foi apenas uma cortina de fumaça.",1,0.959566295146942,0.0404337085783481,,Random
"Quem comemora a censura hoje, será alvo da censura amanhã. É a lógica de qualquer ditadura.",Chega a ser medonho ver o que está acontecendo... Nunca vi ninguém da esquerda (e as mentiras mais escabrosas possíveis) sendo censurados... Que bizarro.,2,0.1739163696765899,0.8260836005210876,,Random
dei block na july  grande dia,agora estou me sentindo totalmente isolada e trocada  grande dia,0,0.9796287417411804,0.0203712917864322,,Random
"No período militar não se podia falar mal do governo. Agora quem fala mal do presidente ganha programa na TV, e quem fala bem é banido das redes sociais, e pode até parar na cadeia. Tempos sombrios!",Tudo invertido... #PatriotasComBolsonaro #STFNaoVaiNosCalar #LiberdadeDeExpressao #LeiDaCensuraNao #PL2630Nao #VozParaBernardoKuster #VozparaConservadores,2,0.9918246865272522,0.0081753814592957,,Random
"Namoral, cada dia que passa eu vou desgastando, criando um abuso tão grande... sério mesmo, não adianta dar chance não boy. O jeito é acabar de vez com tudo.","Twitter bloqueia contas de Luciano Hang, Allan dos Santos e Sara Winter",0,0.9230682849884032,0.076931744813919,,Random
"Felipe Neto, que defende a censura e até a prisão de quem supostamente espalha ""fake news"", mais uma vez foi pego mentindo e propagando desinformação na internet. O sujeito mente tanto que, agora, teve que ser desmentido pelo embaixador da Ucrânia por mentir sobre aquele país.",nada melhor do q ver o Felipe Neto se fuder!,2,0.9806868433952332,0.0193131435662508,,Random
No julgamento da ADPF 130 havia sido consignado q críticas jornalísticas sobre agentes públicos não era suscetível d censura pq TODO AGENTE PÚBLICO ESTÁ SOB A VIGÍLIA DOS CIDADÃOS. Somente caberia reparação por danos morais. P/ a nova composição do STF a censura EXISTE e está aí,#FreedomOfSpeech  Olha quem são os CANALHAS OPORTUNISTAS QUE ESTÃO DEBOCHANDO E COMEMORANDO ESSA CENSURA DO stf. - Nereu crispim -PSL/rs - Marcelo ramos - PL/CENTRÃO - Katia Abreu  - PP/TO,0,0.9822683334350586,0.0177316218614578,,Random
Acho bonito a classe média LGBT branquela protestando contra a autora LGBTfóbica de Harry Potter e a censura das cenas de sexo gay no De Férias com o Ex. Bonito mesmo! Mostra que militância sem projeto faz a gente ficar rodando atrás do próprio rabo.,Pensei que a #VozParaBernardoKuster era uma hashtag de algum personagem novo do  que eu não tava sabendo,0,0.9680851697921752,0.0319148488342762,,Random
"Blogueiro bolsonarista atacou ""ditadura"" de Alexandre de Moraes e declaração de Luiz Roberto Barroso, além de cobrar apoio de governistas contra a decisão do STF que derrubou perfis da milícia digital",Essa criatura é mesmo bizarra e totalmente sem educação. É uma chacota.,2,0.9879190325737,0.0120809357613325,,Random
"FORÇAS ARMADAS CONTRA ESSE DITADOR DA TOGA ! Artigo 142 da CF contra esse absurdo ! O apoio da imprensa a essa safadeza de Alexandre de Moraes , querem derrubar Bolsonaro porque perderam bilhões , o silêncio de Davi Alcolumbre , Rodrigo Maia e o presidente da OAB. VERGONHA TOTAL!",Esse pastor do demônio dis ser homem Deus é safado querendo voltar a ditadura militar ordinário,2,0.9758343696594238,0.0241656322032213,,Random
Testando. Baseei minha conta nos EUA. Alguém consegue ver ? #VozParaBernardoKuster,"Fui mais perto, tô no Chile",2,0.982558250427246,0.0174417234957218,,Random
"""Tá lindo"" ver ESQUERDISTA IMBECIL comemorando a perseguição e a censura.  Isso diz muito sobre essa cambada   #VozParaBernardoKuster",Esquerdista além de desprovidos de qualquer caráter são tapurus sempre procurando uma carniça pra se alimentar.,2,0.6291042566299438,0.3708957731723785,,Random
"Hoje são   Allan dos Santos Bernardo Kuster Edson Salomão Luciano Hang Roberto Jefferson Otávio Fakhoury Sara Winter   Amanhã pode ser vc.  Vc, conservador. Vc, que apoia Bolsonaro.   E vc tbm, idiota de esquerda que tá comemorando essa censura covarde.  #VozParaBernardoKuster",Não nos calarão!!!!,2,0.9843062162399292,0.0156937763094902,,Random
Siga o   A MELHOR NOTÍCIA DA SEMANA! STF foi p cima dos investigados no Inquérito das fake-news e o desespero é geral! O Twitter deletou a conta de vários bolsonaristas #Resistencia841dias GRANDE DIA AI-5 #SejaUmaEstrelaVoceTambem Siga nosso Instagram,#GrandeDia e que não voltem nunca mais para o bem da Nação!,2,0.9928768277168274,0.0071231927722692,,Random
"É isso. Se o povo não se mexer e ir para as ruas pedir liberdade de expressão, impeachment do Alexandre de Moraes em protestos durante a semana, VAI FICAR IMPOSSÍVEL.   Mas eu tenho coragem de fazer isso, pena que 80% dos Bolsonaristas tem medo.","Alguns meses atrás eu disse que se o povo não fosse as ruas protestar contra tudo que vem de encontro ao povo e apoiar o presidente as coisas iriam piorar! Querem pagar pra ver? Povo pacifico é o que eles mais gostam, assim eles podem tudo sem limites!",2,0.4906636476516723,0.5093363523483276,,Incerta
"Escutem coisas estranhas estão acontecendo, não é por acaso a censura, o cerco está se fechando , Bolsonaro está indo pra cima e togados estão tremendo na base . Se um cair, todos irão.","Bob , Deus te ouça  !!!",2,0.5132167935371399,0.4867831468582153,,Incerta
"Não celebro censura judicial prévia a ninguém. Amanhã pode ser comigo, com você.","Talvez um dia o pessoal entenda que difamar, caluniar e etc. não é liberdade de expressão. É CRIME.",2,0.4821895062923431,0.5178104639053345,,Incerta
"Os bolsonaristas que pediam por um AI-5 agora gritam  ""CENSURA!"" pelo bloqueio dos disseminadores de fake news nas redes. Não é censura, é punição. O drama que fazem é estrategicamente pensando para gerar mais confusão. Devo ter empatia? Não. Autoritários devem ser derrotados.","""Não é sensura, é punição""  É isso que esperam que vocês acreditem",2,0.4465585649013519,0.5534415245056152,,Incerta
"Informar e não assustar. Nas últimas 72 horas ocorreram 272 óbitos no Brasil os demais até completar 1384 foram nos últimos 2 meses. A grande  mídia divulga tudo como se fosse na últimas 24 horas, e não é!!",Isso é  uma informação.,2,0.439017504453659,0.5609825253486633,,Incerta
"A suspensão das contas de apoiadores do Presidente tem um objetivo simples: intimidar todos os demais apoiadores, enquanto acostuma o restante da população com a idéia sinistra de que certas autoridades possuem o poder e a legitimidade para calar e censurar quem os incomoda.",Censura até quando?,2,0.5235795974731445,0.4764204025268554,,Incerta
lado bom: parei de vomitar depois de 728237 vezes lado ruim: ta tudo doendo e não consigo nem ficar em pé GRANDE DIA,faltou energia grande dia,0,0.4870497584342956,0.5129501819610596,,Incerta
"#STFNaoVaiNosCalar O diabo usa Toga !1)Alexandre de Moraes – A esposa dele, Viviane Barci de Moraes, é sócia da Barci de Moraes Sociedade de Advogados. O jornalista Oswaldo Eustáquio investigou esposa de Moraes e descobriu esquema bomba.",Que bomba é essa?,2,0.4336905181407928,0.5663094520568848,,Incerta
"eu odeio o dois pq ele sempre censura aquela parte que você quer ver, o 3 nem é gente e só resta o 1, que é o melhor","o 1 é censura Minecraft, de longe o mais explícito",1,0.4993202686309814,0.5006797313690186,,Incerta
O tiranete Alexandre de Moraes passou de todos os limites. Ele agora decide sozinho qual informação pode circular no país? Ele decide quem fala e quem cala a boca? Ou os democratas reagem agora a este ato de censura s/ precedentes ou não podem mais falar em liberdade de expressão,", tá esperando o quê? Vai continuar calado?  , vão fingir q nada acontece? Estamos perdendo nossas liberdades!!!",2,0.4522411823272705,0.5477587580680847,,Incerta
"Sabe o que vai acontecer se você só mudar o canal para falar mal do Alexandre de Moraes e não agir de fato? Ele vai mandar também encerrar sua conta de YouTube, o seu site e o que mais for preciso. Parem de perder tempo com asneiras, antes que não haja mais nada a fazer.",AI-5 e censura sendo discutidos em 2020 pqp. esses bando de filha da puta dos bolsominions reclamam de censura mas os mesmo querem a volta do AI-5 e do regime militar. AI FALAM Q SAO A FAVOR DA DEMOCRACIA mas não pode existir pessoas com pensamento contrário. VAI TOMAR NO CU,0,0.4173925220966339,0.5826074481010437,,Incerta
"Combater a fake News e discursos de ódio não é censura, é justiça! GRANDE DIA!","Meu pai amado, esse Alexandre de Moraes é uma vergonha pra justiça brasileira",0,0.5828515291213989,0.4171484410762787,,Incerta
"Isso não tem outro nome a não ser Censura, o ministro alexandre de moraes envergonha todo o Brasil e rasga a constituição com essa decisão Depois nos acusam falsamente de fascista, nazistas... defendemos a liberdade de expressão  #Censura #AI5 #VozParaBernadoKuster",se vc é de fato um grande traíra quem vc pensa que é pra ter sequer pensado em falar algo sobre mim um dia ne meu querido,0,0.4682929217815399,0.5317071080207825,,Incerta
"Bolsonaro enfiando uma estaca em seus aliados ??? Pode isso Arnaldo ??? BIA KICIS pra quem não sabe votou contra o Fundeb... meu Deus que governo louco ,que gente doida!!!! #GovernoDeFraudes",#VozParaBernardoKuster para todos nós,0,0.4848814606666565,0.5151184797286987,,Incerta
"Para que fique registrado, como num diário: em julho de 2020, afora raras exceções, a grande imprensa brasileira FICOU A FAVOR DA CENSURA.","E diga-se porque é necessário, grande imprensa não e2 sinônimo de jornalisno. Hoje em dia é até o oposto.",2,0.4069607853889465,0.5930392742156982,,Incerta
"Excelente fio do  mostrando que a retirada desses perfis bolsonaristas não tem nada de ameaça à liberdade de expressão, mas deve ser considerada uma vitória da democracia contra os que querem destrui-la. Semear ódio não é liberdade, é crime!","Olha a galera que o  tá se aliando. Allan dos Santos era nocivo, mas é uma invenção que só a direita faz fake News. O Brasil247 é o terça livre da esquerda, ninguém repudia. Assim como o PT produziu notícia falsa PRA CARALHO",2,0.5844507217407227,0.4155492484569549,,Incerta
Acho que é febre...,"Não a censura Caralho,, deixa de ser imbecil não existe direita ou esquerda a censura é inadmissível em qualquer situação",0,0.4795669019222259,0.5204331278800964,,Incerta
"Hoje aconteceria a cerimônia de abertura das Olimpíadas de Tóquio, mas a pandemia a adiou para 23 de julho de 2021. Neste dia me peguei nostálgico relembrando do 1 ano e meio que trabalhei na produção das cerimônias do Rio em 2016.   Bem, segue o fio para saber mais... [+]","AAAAAA uma grande aula, esse fio!",2,0.5845465064048767,0.4154535233974457,,Incerta
A suprema corte que não se manifesta contra a censura imposta pelo Alexandre de Moraes.   #STFNaoVaiNosCalar,"Assistindo ontem a Live do   teve um ponto muito importante dito por  : Pararmos de ""depender"" tanto do presidente e exercer uma pressão maior nos deputados para tomarem medidas contra atual censura.",0,0.5938456058502197,0.4061543643474579,,Incerta
"Divirjo.  A suspensão da conta da Sara Winter de um site privado se parece muito mais com a exclusão do canal de YouTube ""InfoWars"", do Alex Jones, nos EUA democrático do que a censura prévia chinesa.","Foi censura e não tem nada com o canal do InfoWars, o canal foi banido pelo YouTube. Nesse caso o TT se recusou a aplicar a censura que o STF determinou por 2 meses e só fez pq foi ameaçado com multa de 20 mil por dia.",1,0.4581069648265838,0.5418930053710938,,Incerta
O que vcs acham do STF ?,Já que perguntou. Eu tenho certeza o   é uma instituição que EU respeito. Más os onze que la estão é #STFVergonhaNacional,1,0.581367552280426,0.4186325073242187,,Incerta
Essa censura aí eu não achei tão  ruim.  Pelo menos dessa vez foram honestos e falaram que as contas foram tiradas do ar pela justiça. Há anos a gente perde conta toda hora sem nenhuma justificativa...,são uns frouxos. Baixaram as calças pra censura.,1,0.578088104724884,0.4219118356704712,,Incerta
A partir do momento em que fui privado de me comunicar virtualmente com algumas contas que sigo no twiter também fui alvejado pela medida autoritária de censura e tive a minha liberdade de expressão limitada.,"Concordo. Fomos todos censurados por  - o cabeça de ovo, o deus dos morcegos. #STFVergonhaNacional e #STFInimigoDoBrasil",1,0.4996692836284637,0.5003307461738586,,Incerta
"Escutem coisas estranhas estão acontecendo, não é por acaso a censura, o cerco está se fechando , Bolsonaro está indo pra cima e togados estão tremendo na base . Se um cair, todos irão.","Assim se espera, porque esse desrespeito a Constituição, a liberdade de expressão, o que é isso? Providências",2,0.4284844994544983,0.5715155601501465,,Incerta
"Alexandre de Moraes determinou a suspensão de contas bolsonaristas objetivando a ""interrupção de discursos"". Não é preciso simpatizar com os punidos p/ classificar a medida como autoritária. A defesa da liberdade do inimigo dificilmente é popular, mas frequentemente é necessária.","Parece mesmo autoritário, mas a suspensão não se deve à mera “censura”. Crimes vem sendo cometidos sucessivamente pelas contas, como uso massivo de bots para linchamento virtual, de acordo com a investigação. Se o crime continua sendo cometido, deve-se permitir que siga como tal?",1,0.45464688539505,0.5453531742095947,,Incerta
"Pegue o exemplo do Roberto Jefferson: é um cidadão que vem cometendo seguidos crimes contra a honra de diversas pessoas. Deve ser processado e pode ser condenado no penal e no cível, mas não vejo previsão legal que justifique cercear o seu livre direito de expressão.",falar a verdade de corruptos e ladrões virou crime agora estamos fudidos pqp,2,0.4917081892490387,0.5082917809486389,,Incerta
"Madrugada ta bala, to aqui preparando meus 3 MIOJO, agr só esperar pelo laudo médico... Grande dia","chegou o grande dia, que Deus nos abençoe e nos proteja sempre!",0,0.5350590944290161,0.4649409651756286,,Incerta
"Mas... Ora, ora! Quanto cidadão de bem, da família brasileira, sendo banido daqui! O que é isso? Porque será?                      Um salve pro Twitter, esse Antônio Conselheiro! Esse jagunço justiceiro!!","Vivi para ver o Edgar defendendo “a censura”.  Em tempos de máscaras, muitos estão deixando de usá-las!!!  Uma pena cara... vc é melhor que isso (e já te falei)!!!",2,0.5685622096061707,0.4314378201961517,,Incerta
Poucas vezes o G1 foi tão honesto.,Chega de censura!,2,0.5936785340309143,0.4063214957714081,,Incerta
"meu whatsapp decidiu parar de pegar, grande dia",As vezes eu acho que o meu parou de funcionar  mas tenho ninguém pra falar cmg mesmo,2,0.5615426898002625,0.4384572803974151,,Incerta
"A decisão do FB e do TW de derrubar as contas de apoiadores de  é sem precedentes na rede mundial, que se caracteriza pela ampla liberdade de expressão. A decisão de suspender as contas é contraditória porque a  investigação não está concluída. País sob censura.",Pais sob censura #FreedomOfSpeech,2,0.4030491709709167,0.5969508290290833,,Incerta
"Alexandre, o Supremo, de Moraes perdeu qualquer vergonha de assumir o papel de censurador da nação. Sua decisão de hoje é típica dos piores regimes ditatoriais. Ao assistir a tudo isso passivamente, o Senado torna-se cúmplice desse absurdo.","E quem está rindo dessa censura, já aviso, hoje somos nós e amanhã serão vcs.",1,0.4146024286746979,0.5853976011276245,,Incerta
"Se Bob Jeff vulgo Roberto Jefferson fizer outra conta, quem ai vai atrás???",Já estou seguindo a nova conta!,2,0.5051907300949097,0.4948092699050903,,Incerta
"9) Em mais um caso que você não consegue acreditar no nível da maldade, Allan dos Santos informou que a CNN americana foi alvo de protestos do povo contra o isolamento, pedindo a reabertura do comércio.  O protesto era do ""Black Lives Matter"". Ele mente sabendo q está mentindo.",Esse cara é criminoso,2,0.5431340932846069,0.4568659663200378,,Incerta
"Liberdade de expressão, em resumo, é o direito de publicar ou falar o que os outros não querem ler ou ouvir. Para que esse direto seja pleno, o eventual controle precisa ser posterior, passar pelo devido processo legal e se limitar à indenização — salvo casos excepcionalíssimos.",Qualquer medida prévia é censura.,2,0.5973535180091858,0.4026464819908142,,Incerta
"Silenciar vozes nunca foi e nunca será parte de uma democracia. A você, que comemora a censura, CUIDADO: poderá ser o próximo a ter a liberdade violada. Não à ditadura do STF!",É melhor a censura estatal do que a difamação de,1,0.4065596163272857,0.5934403538703918,,Incerta
"A principal vítima do covid foi a mídia.  A promoção irresponsável da histeria, a superficialidade das matérias e o viés ideológico da cobertura destruiram a posição de transmissor confiável de informações.  A grande mídia constribuiu para o pânico, a desinformação e a crise.","A mídia não foi vítima,  foi algoz!",2,0.415808618068695,0.5841914415359497,,Incerta
"entre censura e os terrores do AI-5 há uma lacuna absurda. ter sua conta derrubada em uma rede social não causa nenhum dano psicológico ou social, até porquê você pode muito bem criar uma nova. contas são apagadas todos os dias por irem contra as diretrizes, dessa vez foi a deles","Não é verdade que as contas foram censuradas por causa diretrizes. Não foi o Twitter que baniu as contas por ""diretrizes"". Isso foi censura estatal e por motivo ideológico. Por que só contas de conservadores foram censuradas? Vocês não conseguirão justificar a censura...",1,0.5957183241844177,0.4042817056179046,,Incerta
"O STF HOJE TRANSFORMOU O TWITTER NUM DESERTO.  SE EU MORRER, SAIBAM QUE FOI POR ABSTINÊNCIA DE ÓDIO...","Kķkkķkkķkkk!!!! Pois coroné, inventei de ir na conta da filha do Roberto Jefferson e denunciei ao STF pq ele tá usando a conta dela, rapaz, o gado veio com força, já dei block em mais de 60 fascistas, estão tentando me derrubar!!!! Kkkķkkkkkkk ficaram puto.",2,0.5832822322845459,0.4167177081108093,,Incerta
"#VozParaBernardoKuster Voz para     ,   ,",#STFVergonhaNacional - Insuficiência de finalidade,0,0.402428388595581,0.5975715517997742,,Incerta
Em qual mundo paralelo vivemos q um ministro do supremo debate com um YouTuber imitador de foca ?,Responde aí    Não seria muito mais útil para a sociedade se ocupasse este tempo tentando convencer teu colega cabeça de ovo podre que censura é coisa de canalhas autoritários?,2,0.5682945847511292,0.4317053556442261,,Incerta
"Eu acho que siim, a cbc cancelar #AnneWithAnE foi um ato de censura tbm! Mas estamos lutando e não vamos desistir! 1M de assinaturas!  CHUPA MINHA CENOURA  !","Quando você quer saber algo de uma maneira verdadeira e leve e com muita competência e sempre com muitas informações.    Canal Hipócritas simplesmente o melhor.   Chega de CENSURA, chega de perseguição.    #PL2630Nao",0,0.5077551007270813,0.4922448694705963,,Incerta
"Pegue o exemplo do Roberto Jefferson: é um cidadão que vem cometendo seguidos crimes contra a honra de diversas pessoas. Deve ser processado e pode ser condenado no penal e no cível, mas não vejo previsão legal que justifique cercear o seu livre direito de expressão.","Roberto Jefferson cometendo crime contra honra???? Tirando o like...ou seja, deslikando!",1,0.49635049700737,0.5036494731903076,,Incerta
"primeiro só fake news não deveria ser crime, esse tipo de coisa só deveria ser feita com quem ta comprovadamente em maracutaia com dinheiro publico   *receber dinheiro privado pra publicar noticias duvidosas é o que jornais fazem há anos","Eu quero é que o Jair de um jeito de fechar jornal , derruba conta de jornalista etc... Com essa desculpa aí  É isso que eu quero ,quero que ele use censura e foda o outro lado , foda-se",1,0.4853185415267944,0.5146814584732056,,Incerta
Atualização 3:  O(a) Senador(a)  Mara Gabrilli (PSDB/SP)   é favorável a Lei da Censura! Ele se isentou da votação mais importante do ano.    Telefones: (61) 3303-2191 FAX: (61) 3303-2775 E-mail: sen.maragabrilli.leg.br,Tentando se isentar? Para que serve?,2,0.532515823841095,0.4674841463565826,,Incerta
Ditadura da toga. #VozParaBernardoKuster,"Censura não cabeça de ovo  vc não é maior que o povo não, sua hora vai chegar. Você vai sair pela porta dos fundos.",0,0.4859203696250915,0.5140796899795532,,Incerta
"Uma decisão totalmente descabida e arbitrária do Ministro Alexandre de Moraes, que suspendeu monocraticamente 16 perfis de apoiadores do Presidente Bolsonaro  no Twitter e Facebook.   Trazendo para o nosso cotidiano, é o mesmo que amordaçar uma pessoa.",Alo senadores quando vcs vão pressionar o Alcolumbe para tirar da gaveta os pedidos de impeachment destes tiranetes? A limpa na próxima eleições será geral.,2,0.5077660083770752,0.4922339618206024,,Incerta
Não pare! #VozParaBernardoKuster,A ação de censura foi brutal e sem previsão legal. Porém estrategicamente foi um movimento pouco inteligente. As pessoas não deixarão de falar ou agir. Agora farão de forma que os censores não saibam. É o famoso tiro no pé. #STFNaoVaiNosCalar,0,0.4697617590427398,0.5302382111549377,,Incerta
"O que vem a seguir? Dificil dizer.  Mas minha aposta é que acabou a era dos grande conglomerados de mídia, financiados por mega anunciantes e por uma proximidade incestuosa com o Estado.  Cada cidadão é, agora, produtor de informação.  E nenhuma censura vai nos tirar esse poder.",A grande imprensa e a esquerda (tucanos e petistas) já tinham perdido o monopólio da narrativa. Por investem na narrativa fraudulenta das fake news. É apenas um espantalho inventado para servir como motivo para censurar os conservadores e a mídia alternativa.,1,0.4096707701683044,0.5903291702270508,,Incerta
"É hora de falar sério.  Hoje é um dia de vitória. Diversos perfis do Twitter de agentes de fake-news, ódio e destruição de reputações foram desligados, a pedido do STF.  A decisão pode ser temporária ou permanente. Nessa thread, quero mostrar pq deve ser PERMANENTE.  Segue o fio.","Se vocês parassem de usar tanta notícia falsa para atacar adversários, sim isso seria censura, mas como sabemos que vocês sempre se baseiam no achismo e na mentira, bem... isso é calar a boca da desinformação e do ódio",2,0.5612593293190002,0.438740611076355,,Incerta
"Não há como aceitar a censura. Não há como aceitar que aplaudam a censura. Liberdade de expressão a todos, aqueles que pensam como eu e os que pensam de forma diferente.",O povo tem que se libertar dessa censura do STF ou iremos ser uns fantoches em suas mãos.,1,0.1586400419473648,0.8413599729537964,,Alta
Porra!!! O PR  está acovardado sobre este assunto!!! E seus Deputados    e outros estão se mostrando inúteis! São incapazes de fazer um projeto de lei que proibe a censura nas redes sociais! Não desculpa para essa inércia!!!,Estão deixando as coisas acontecerem...o Supremo está agindo assim...pq estão inertes!!!  Tem que ter uma lei que proiba a censura em rede sociais.,1,0.1665752083063125,0.8334248065948486,,Alta
"amanhã é um grande dia, mas eu só consigo chorar pq o hoje foi uma merda.",Amanhã pode ser vc!!Não à censura #FreedomOfSpeech,0,0.1741446852684021,0.8258553147315979,,Alta
"Não há liberdade de expressão quando não podemos falar o que queremos, mas apenas o que nos permitem falar. Impedir preventivamente alguém de se expressar não tem outro nome: é censura. É por isso que, numa democracia, jornais podem ser processados, mas jamais podem ser fechados.","Na época do regime militar, éramos todos, inclusive a esquerda,  contra a censura na mídia. Agora, a esquerda defende a censura. É o novo anormal.",1,0.1612923890352249,0.8387076258659363,,Alta
"Todos do STF reclamam quando se pede ai5, mas fazem uso da censura!! Será que preciso desenhar???",Impedir que notícias falsas se propaguem não é censura...,1,0.107722632586956,0.8922773599624634,,Alta
alô Bob a gente precisa de um pronunciamento seu a respeito da censura no Youtube!!!!!,lembrando que qualquer tipo de censura do STF é crime galera,0,0.1729108244180679,0.8270891904830933,,Alta
Censura nunca mais.,Vcs do  estão acovardados diante da censura do STF ?,1,0.1063380315899849,0.8936619162559509,,Alta
"Não é uma delícia ver a galera que pedia um AI-5 chorando e gritando CENSURA?   Foi uma decisão judicial, esses imbecís confundem PUNIÇÃO com CENSURA.  A única coisa boa é ver esse “fugitivos da inteligência” chorando nas redes. Criticando a censura e o “livre mercado”","Decisão judicial com força estatal minando alguém de dizer o que pensa é, literalmente, a definição de censura. É o estado definir o que um sujeito pode ou não falar.",1,0.1120674982666969,0.8879324793815613,,Alta
"Me faltam adjetivos pra classificar a suspensão de contas em redes sociais APENAS de apoiadores do Governo.   Para os da esquerda que comemoram, lembrem-se que nada impede que isso aconteça com vocês a qualquer momento.   A censura é real.",Tomara que a censura chegue a todos os políticos.,2,0.1435181945562362,0.8564817905426025,,Alta
"A censura avança e a esquerda que tanto falava sobre isso em tom de hipocrisia, agora comemora. Ainda não entenderam a quantidade de pessoas que acompanham esses perfis, assistem vídeos, lives e etc. Sem apoio da massa perdem as eleições, ficam chorando e não aceitam o resultado.",A censura imperando pelo poder da toga. Beira Ditadura.,2,0.1152392402291297,0.8847607970237732,,Alta
Até quando permitiremos que a censura siga atacando os defensores do governo? A LISTA DOS BOLSONARISTAS QUE TIVERAM SUAS CONTAS SOCIAIS SUSPENSAS POR MORAES,"Fake news se combate com a VERDADE. Fora isso, é censura. Ponto.",0,0.1941071897745132,0.805892825126648,,Alta
"Ainda nenhum comentário defendendo a liberdade de expressão, contra a censura e o autoritarismo do STF. Também não vi nada sobre a prisão do Ayan ou da lava-jato indo pra cima dos tucanos. Estranho",opinião mais que isenta de um Bolsominion  Não merece ser considerada Defendem o AI5 mas reclamam de censura,1,0.1999047547578811,0.8000952005386353,,Alta
Vivemos em uma ditadura da toga #VozParaBernardoKuster,"Pois é, no nosso saudoso regime militar a censura era livre e democrática. Precisamos de intervenção militar já, por mais liberdade pra censura. Vamos às ruas pelo direito de mentir, enganar e ser enganado!!!",1,0.1749579906463623,0.8250420093536377,,Alta
"00:00 - Ditadura Nunca Mais 00:01 - Viva, censura para esse bolsominion, devem ser calados para sempre. Esquerda Lixo","mas quem divulga noticia falsa tem q ser calado mesmo fi isso nao é censura, é bom senso. mentira é mentira e ponto. nao quer ser chamado de mentiroso? é so propagar mentiras, simples",1,0.1671352088451385,0.8328648209571838,,Alta
"Se vc acha q já viu de tudo em 2020, q tal ouvir Roberto Jefferson cantando ""What A Wonderful World""?  Pois é, ele tem um álbum inteiro de músicas internacionais famosas. Quer trilha melhor pra distopia q estamos vivendo?",Quem quiser comprar o CD na Amazon.  Kkkkkkkkkkk,1,0.1860668808221817,0.8139331340789795,,Alta
A arte de destruir reputações...,Eu sou 100% contra a censura e espero que o STF justifique essa queda de perfis do bem.  A internet deve ser livre para que os bolsonaristas possam difamar e destruir reputações à vontade.,2,0.1579121798276901,0.8420878648757935,,Alta
"VERGONHA ! O ditador e tirano da toga , Alexandre de Moraes , impõe censura pior que a ditadura , bloqueando redes sociais , cerceando a liberdade de expressão , promovendo uma verdadeira perseguição política . IMPRENSA, OAB,ABI, PRESIDENTE DA CÂMARA E DO SENADO , TODOS CALADOS!",E vcs sabem o que significa liberdade de expressão?,2,0.1702641695737838,0.8297358751296997,,Alta
"Branca chorando pq uma pessoa falou q preferia o cabelo dela grande, imagina se ela escutasse comentários como ""bombril"" ""arbusto"" ""alisa"" ""prefiro de trança"" ""deu choque"". Ela ia se matar no primeiro dia, ai esse povo da mt biscoito pra branco mimado acham q a vida é um morango.","EU NÃO AGUENTO MAIS, EU NÃÃÃÃÃÃÃÃÃO AGUEEEEENTO MAIS PQP, quando que todos vão entender que não precisa diminuir a dor do outro pra aumentar a sua PUTA QUE ME PARIU EU NÃO AGUENTO MAAAAAAAAAAAAAAAAAAAAIS",2,0.1858405768871307,0.8141594529151917,,Alta
"Nossa q ódio, parece que sempre tem coisa na minha vida para abaixar minha autoestima para definitivamente sério, e eu fiquei triste denovo affs","Então, minha instabilidade emocional tá muito grande. Eu fiquei triste porque eu consigo ficar um dia plenamente feliz e sempre acontece algo para simplesmente acabar com minha autoestima, as vezes eu só queria ser feliz sabe, mas acho que eu não consigo mais...",2,0.1460966914892196,0.8539033532142639,,Alta
até a grande mídia já sabe que a gurizada tá chegando no limite,pfff..“a grande mídia” “a grande midia” morreu no impeachment da dilma depois disso cada uma quis ser a outsider,1,0.1734158247709274,0.8265842199325562,,Alta
"A Liberdade não tem preço, sou contra querer calar seja quem for, se aguem comete crime de calúnia, difamação ou injúria já temos lei para punir, na mais isto é censura e pior estão censurando só um lado.","O outro lado quem censura é o governo. Seja cortando verba de universidade, aparelhando a cultura, dificultando o trabalho da imprensa ou perseguindo quem pensa diferente. É de hoje essa notícia:",1,0.1098373010754585,0.8901627659797668,,Alta
"Não há como aceitar a censura. Não há como aceitar que aplaudam a censura. Liberdade de expressão a todos, aqueles que pensam como eu e os que pensam de forma diferente.",É inaceitável essa censura. #FredomOfSpeech,2,0.1314399689435959,0.8685600161552429,,Alta
"Mas eles foram condenados, sequer em 1a instância por conta desses crimes? Se não foram, é censura. É surreal censurar previamente pessoas que estão ainda sendo investigadas.","Se usa robô, a censura não é à pessoa, é a um ser inanimado",1,0.1409542858600616,0.859045684337616,,Alta
"Não há como aceitar a censura. Não há como aceitar que aplaudam a censura. Liberdade de expressão a todos, aqueles que pensam como eu e os que pensam de forma diferente.",Censura boca de leite ? Programam seus robos para espalhar fakenews e vem chamar de liberdade de expressão.,1,0.126976877450943,0.8730231523513794,,Alta
"Mano, é muito engraçado os eleitores do Bolsonaro reclamando de censura","""Apesar da censura que nos foi imposta na publicação da reportagem “O amigo do amigo do meu pai”, pela  nunca deixamos de reconhecer no  um dos pilares da democracia, assim como não deixamos de honrar o respeito à liberdade de expressão""",0,0.1736436635255813,0.8263562917709351,,Alta
"Facebook e Twitter bloqueiam contas de investigados no inquérito das Fake News.  Contas bloqueadas: Allan dos Santos, Bernardo Kuster, Sara Geromini, Luciano Hang e Roberto Jefferson.",meu deus que felicidade,2,0.98414409160614,0.0158558562397956,,Random
Senhores senadores .   Contas de vários conservadores sendo bloqueadas pelo #STFVergonhaNacional Farão alguma coisa ou vão se fingir de mortos?,Fui dar vacina no meu gato e ele macetou minha mão grande dia...,0,0.9764886498451232,0.0235113184899091,,Random
"Extrema direita brasileira, ou vocês vão pra rua protestar pedindo a volta da ditadura militar e defendendo o AI-5 ou vocês reclamam de censura suas eguinhas pocotós","Bom dia leitores.  ""Falam tanto em Fake News hoje em dia (até com Lei de censura), e se esquecem, que toda doutrinação esquerdista se baseia em Fake News."" Boas vindas ao novo colaborador do  ,  Adilson Veiga ( )",0,0.0972891449928283,0.9027107954025269,,Random
Qual foi a alma penada que nomeou o Alexandre de Moraes para o STF?,QUE TAL  FESTA DOS CAIPIRAS ??????? KKKKKKKKKKKKKK INVENTA ALGUMA Q N COISE POR CENSURA NEM PITARIA PFVR,0,0.9829042553901672,0.0170957539230585,,Random
A maioria das pessoas falou 4 então acho que 4 é a média normal   3 é pequeno e 5 pra cima já deve ser grande (eu achooooo)  na minha cabem 4,ufa me sinto menos humilhada,2,0.9702755212783812,0.0297244526445865,,Random
"Fake News? De jeito nenhum. Luciano Hang pegou - e mtos - empréstimos do BNDES. Mais que os concorrentes. A seguir, fruto de parceria de um mês de apuração com a . Contamos mto da carreira empresarial do 'véio da Havan' e suas contradições",Muita cara de pau. Mas ele sabe que tem milhões de abestalhados que gostam de ser enganados,2,0.9812987446784972,0.0187012404203414,,Random
"O Ministro do STF, Alexandre Moraes, com a decisão de tirar da rede social várias pessoas, demonstra um ímpeto ditatorial incompatível com o cargo que ocupa. Eu já entrei com dois pedidos de impeachment contra ele,  na Presidência do Senado Federal. A divina decadência do STF...",obrigada,2,0.9861924052238464,0.0138075659051537,,Random
"Allan do Santos, Bernardo Kuster, Roberto Jefferson, Edson Salomão, Sara Winter e outros, todos foram calados hoje no Twitter a pedido da Justiça (STF). Censura meus amigos, censura!",Onde estão o Cabo e o soldado. Onde esconderam o artigo 142. Sem contar AI-5,2,0.976669192314148,0.0233307778835296,,Random
O tiranete Alexandre de Moraes passou de todos os limites. Ele agora decide sozinho qual informação pode circular no país? Ele decide quem fala e quem cala a boca? Ou os democratas reagem agora a este ato de censura s/ precedentes ou não podem mais falar em liberdade de expressão,Vergonhoso e imoral!,2,0.9836101531982422,0.0163898523896932,,Random
Até o #mdblixo sabe....ta faltando ombridade a OAB tb. #STFVergonhaNacional #ForaSTF DITADOR #PrisaoDoAlexandreDeMoraes JÁÁÁ,"Jogo de cena... Não creia, muito...",2,0.988821029663086,0.0111789051443338,,Random
"Julho de 2020, brasileiros sendo perseguidos e censurados pelo ""crime"" de OPINIÃO!  Onde está o pessoal do ""ditadura nunca mais""?","ATÉ QUANDO?  ACORDA PRA CENSURA, BRASIL!  LIBERDADE, AINDA QUE TARDIA!  BRASIL ACIMA DE TD!  #CadeiaaoCabecadepiroca  #AlexandreDitador  #CensuraNuncaMais  #DireitaUnida  #DireitaSegueDireita  #VozParaBernardoKuster  #vozparaallan  #VozParaBobJeff  #VozparaConservadores",2,0.9677535891532898,0.0322463773190975,,Random
SEXTA-FEIRA DA VERGONHA Alexandre de Moraes manda censurar perfis do jornalista Bernardo Küster (diretor do BSM) e vários outros conservadores. É a mais vasta operação de censura já vista na internet brasileira. #VozParaBernardoKuster,"Uma vergonha. A ditadura que a Esquerda falou do Bolsonaro, vem do Supremo. Uma aberração. 142 já",2,0.9877053499221802,0.0122946705669164,,Random
"VERGONHA ! O ditador e tirano da toga , Alexandre de Moraes , impõe censura pior que a ditadura , bloqueando redes sociais , cerceando a liberdade de expressão , promovendo uma verdadeira perseguição política . IMPRENSA, OAB,ABI, PRESIDENTE DA CÂMARA E DO SENADO , TODOS CALADOS!",TÁ CERTO em uma SOCIEDADE onde USAM a DEMOCRACIA p/ falar de LIBERDADE se não tiver FREIO os OPORTUNISTAS IMPERAM e levam o GADO p; o abismo no REIO Por essas e outras que os NETOS/FELIPES estão aí induzindo criancinhas e ORDINÁRIOS como tu atraindo IDÓLATRAS e DESTRUINDO a NAÇÃO,2,0.8089608550071716,0.1910391300916671,,Random
"#BOBJEFF Vou combinar com vocês que me seguem e que estão chegando aqui no Twitter da minha filha Cristiane Brasil. Quando eu colocar essa hashtag #BOBJEFF sou eu, Roberto Jefferson, falando. Sem a hashtag é minha filha, ok? Vamos juntos. #STFNaoVaiNosCalar  #STFVergonhaNacional",Calibrando a artilharia! #STFVergonhaNacional,1,0.9949557185173036,0.0050442214123904,,Random
Para ver os twitter da Sara winter temos q mudar o lugar onde mora pra estados unidos. STF censurando,tenho simulado amanha 7:30 mas to acordada assistindo haikyu grande dia,0,0.9928471446037292,0.0071529350243508,,Random
Não importa o que você fala e pensa.   TODOS tem que ser LIVRE.  Vozes não podem serem caladas por pensarem diferente de mim e de você.  Ate um idiota tem o direito de ser um idiota.  E quem comemora censura. Isso pode voltar contra você.  #CensuraNao    ███ █████████,"Roi,cncowners né? Então gente, vamos subir uma tag ? Vai ser um grande colab, além do mais que vai ajudar os meninos!   Dia 28, na terça-feira, as 19h   #CncofeatMarcanthony",0,0.9041883945465088,0.0958116054534912,,Random
"Yeeeesssss, deu certo. Agora vamos lá para o . #VozParaBernardoKuster",Meu também,2,0.9807119369506836,0.0192880015820264,,Random
Sobre contas de conservadores sendo banidas: a liberdade de expressão é direito fundamental garantido em nossa Constituição e deve ser válida para todos.,Fale do Ministro Alexandre de Moraes. De nome aos bois. Seja direto. Pare de se esconder.,1,0.9855121970176696,0.0144878029823303,,Random
"O Twitter suspendeu 16 contas de bolsonaristas. Entre elas, as de Roberto Jefferson, dos blogueiros Allan dos Santos, Bernardo Küster e Sara Winter, dos empresários Luciano Hang, Edgard Corona e Otávio Fakhoury.",Censura? Este não era o medo depois da eleição do PR? Estranho né???,1,0.9901847839355468,0.0098152095451951,,Random
Aras diverge de decisão de Alexandre de Moraes de bloquear contas por entender que fere o direito de livre manifestação . Estamos mesmo vivendo a ditadura da toga.,Divergiu foi? É qual a providência tomada? Milhares de conservadores vieram aqui externar seu repúdio à mais uma atrocidade cometida por membro da Corte. O hiato Deputada é grande. Existe um longo caminho para a liberdade. VIVEMOS UMA  FALSA LIBERDADE NESSE PAÍS DEMOCRÁTICO.,2,0.9894766807556152,0.0105233751237392,,Random
O tiranete Alexandre de Moraes passou de todos os limites. Ele agora decide sozinho qual informação pode circular no país? Ele decide quem fala e quem cala a boca? Ou os democratas reagem agora a este ato de censura s/ precedentes ou não podem mais falar em liberdade de expressão,Absurdo total.. cabeça de ovo,2,0.981726348400116,0.0182736348360776,,Random
"Quem tem print de postagens do ROBERTO JEFFERSON, posta aí!!! Esse supremo esquerdista do diabo não vai nos parar!!! #VoltaBob",Abre o Bocão Bob. #VoltaBob,2,0.8533913493156433,0.1466087251901626,,Random
"Quem aplaude a censura imposta pelo STF, apoia a própria derrota, apoia uma ditadura e coloca em si mesmo uma mordaça.",O ruim é que NÃO tem NINGUÉM pra acabar com esses desmandos,2,0.966315507888794,0.0336844958364963,,Random
O tiranete Alexandre de Moraes passou de todos os limites. Ele agora decide sozinho qual informação pode circular no país? Ele decide quem fala e quem cala a boca? Ou os democratas reagem agora a este ato de censura s/ precedentes ou não podem mais falar em liberdade de expressão,Onde estão os grandes botões dourados? #OlavoDeCarvalhoTemRazão,2,0.9895581603050232,0.0104418145492672,,Random
"Não podemos mais tolerar a ditadura do Supremo. #STFVergonhaNacional Por determinação do STF, contas de alvos do inquérito das fake news são retidas","Uma vergonha, um abuso de poder que é um descalabro! Onde iremos parar? #VozParaBernardoKuster",1,0.9945736527442932,0.0054263821803033,,Random
"MEU DEUS, ATE QUE ENFIM, LIBERAIS EM FAVOR DA LIBERDADE","QQ um em sã consciência, principalmente sendo da oposição, tem q se tocar q essa censura tá começando aqui, mas q logo vai chegar neles TB. Tem gente querendo ser o rei da porra toda e vai calar a todos. Não vai ter amiguinho, não querido!",1,0.4809499680995941,0.5190500617027283,,Incerta
"Imaginem o desespero da grande mídia, passa o dia todo atacando o Presidente e o povo não da importância. Se as eleições fossem hoje, Bolsonaro seria reeleito. Esse é um dos motivos da grande mídia apoiar a censura às redes sociais, perderam completamente a credibilidade.","Acabaram de excluir do twitter os conservadores. Tudo isto a pedido do Alexandre de Moraes,o careca bandido! Ajude nos nessa luta, siga que eu sigo de volta.",0,0.4161230027675628,0.5838769674301147,,Incerta
'VIVEMOS NA ÚNICA DITADURA DA HISTÓRIA  QUE NÃO TEM UM DITADOR NO COMANDO !' COMPARTILHADO DE Junio Amaral   CENSURA DITATORIAL NA LIBERDADE DE EXPRESSÃO ! MEDIDAS DITATORIAIS SOBRE NÓS CIDADÃOS !,"Não há um ditador E censurador no comando. Há 11 !!! ""Ditadura da Toga"" !!!",2,0.4716474711894989,0.5283525586128235,,Incerta
"Censurar opiniões é inaceitável.  Agora, coibir mentiras, ataques, assassinato de reputação, xingamentos; isso é necessário para não degenerar o debate público.  Ainda não tenho opinião formada no caso. Só não venham me dizer que o STF está censurando ""opiniões"" ou ""críticas"".","Se a medida judicial se tratasse de censura de ""opiniões"", não seriam punidas apenas alguns perfis,e sim,todas a s redes sociais.O youtube possui blogueiros,(q se dizem jornalistas,mas não são)q são propagadores de desinformação e assassinatos de reputação.",2,0.4126740992069244,0.587325930595398,,Incerta
"""Tá lindo"" ver ESQUERDISTA IMBECIL comemorando a perseguição e a censura.  Isso diz muito sobre essa cambada   #VozParaBernardoKuster","Eu sou contra censura, da mesma forma q sou contra as pessoas que acha q pode falar oq quer na internet sem punição, e não é de hoje que Bolsonaristas atacam pessoas e órgãos que fala de bolsonaro e ainda se acha no direito de falar de censura? Acho é pouco...",1,0.4472145140171051,0.5527855753898621,,Incerta
"Os ministro do STF são tão incompetentes que ignoram até a lição histórica número um sobre a censura, e agem contra si mesmos: a melhor forma de divulgar e fortalecer uma ideia é dizendo a todos que essa ideia está proibida. Não tem erro: a ideia censurada sai sempre vitoriosa.","Silêncio sepulcral dos diversos órgãos de imprensa, instituições e autoridades a respeito dos últimos atos de deliberada censura no . Não temem pelo dia em que tb serão atingidos? Quem, de fato, defende a democracia nesse pobre país? #MoraesNaoVaiMeCalar #VozparaConservadores",0,0.4736326336860657,0.5263674259185791,,Incerta
O tiranete Alexandre de Moraes passou de todos os limites. Ele agora decide sozinho qual informação pode circular no país? Ele decide quem fala e quem cala a boca? Ou os democratas reagem agora a este ato de censura s/ precedentes ou não podem mais falar em liberdade de expressão,Temos que lutar contra a censura do STF,1,0.5943076014518738,0.4056923687458038,,Incerta
"Após decisão do Ministro Alexandre de Moraes, contas de vários bolsonaristas são retiradas do ar.   Entre eles: Roberto Jefferson, Veio da Havan, Allan dos Santos e Sara Giromini.  É grande dia ou não é?",Sim.Grande dia,1,0.453388899564743,0.5466111302375793,,Incerta
"Várias contas foram retidas do Twitter sob a justificativa de ""demanda legal"". , ,  e outros, todos defensores do governo e críticos do STF. Do que se trata? Não foram notificados de nada ainda. É o tal inquérito ilegal? Isso é censura!",#CensuraJamais  #VozParaBernardoKuster quem será o próximo ?,2,0.5712531208992004,0.4287469089031219,,Incerta
"Impedir os ativistas de direita de se manifestarem pelas mídias sociais é censura prévia. Uma coisa é investigar e eventualmente punir por aquilo que publicaram; outra, inteiramente diferente, é impedir que falem.","""""""""Ativista de direita""""""""""",2,0.5742752552032471,0.4257247447967529,,Incerta
"Amigos aqui é Roberto Jefferson. Entrei na conta da minha filha para agradecer a todos pelo apoio. Em breve estaremos juntos novamente! Alexandre, não temo sua tirania!",Certissimooo..estamos com vc,2,0.4600483477115631,0.5399516820907593,,Incerta
"Painel: Perfis de bolsonaristas nas redes sociais são suspensos por determinação de Alexandre de Moraes  // Massa de pão: quanto mais baterem, mais crescerá.","Meu caro Roger, gênio aqui é você! Se for assim, que batam mais!!!",2,0.5725219249725342,0.4274781346321106,,Incerta
"Exclusivo: Luciano Hang obteve 55 empréstimos do BNDES para transformar Lojas Havan em império. De 1993 a 2014, o empresário hj investigado no Inquérito das Fake News conseguiu R$ 72 milhões junto ao banco estatal, revelam  e :","É ""caixa-preta"" do BNDES que chama, né?",2,0.5744608640670776,0.4255391657352447,,Incerta
"Para quem defendia a morte do presidente, defender a CENSURA é fichinha. Não querem apenas calar o Presidente e seus apoiadores, mas calar e se possível matar. Não lute hoje e amanhã você estará na VENEZUELA.","#LiberdadeOuNada  !!! Não irão nos calar, não conseguirão nos vencer  !!!",2,0.5954582691192627,0.4045417606830597,,Incerta
"Não há como aceitar a censura. Não há como aceitar que aplaudam a censura. Liberdade de expressão a todos, aqueles que pensam como eu e os que pensam de forma diferente.",A classe politica nao aceita que nao aceitamos mais o este modelo q vem perpetuando. Eles sabem q nos movimentamos pelas redes e quando tomamos açoes o estrago eh grande (elegendo quem nós queremos e nao as mentiras vendidas pela mídia).,1,0.5737823247909546,0.426217645406723,,Incerta
"""ain pq vc cortou? era lindo grande"" fodase mano o pau é meu",todo dia isso q sac,2,0.420030802488327,0.5799692273139954,,Incerta
"A esquerda comemorando a CENSURA dos perfis de direita, a mesma que acusou o Presidente de ditador. Para eles é Grande dia hoje, mas amanhã não sera e vou adorar ve-los chorar, assim como o MBL chorou.",Realmente a esquerda tem uma visão deturpada de tirania e censura.,1,0.5462218523025513,0.4537780880928039,,Incerta
"Pegue o exemplo do Roberto Jefferson: é um cidadão que vem cometendo seguidos crimes contra a honra de diversas pessoas. Deve ser processado e pode ser condenado no penal e no cível, mas não vejo previsão legal que justifique cercear o seu livre direito de expressão.","Pura hipocrisia, tudo que está sendo feito pelo STF tem vinculação com o PJT de censura por VC encabeçado contra o POVO.",1,0.4505583345890045,0.5494416952133179,,Incerta
"#VozParaBernardoKuster - O Deus Supremo, na casa dos deuses do , tá zoando o plantão legal...  O  tem que reagir!  Neste caso específico, esqueçam Bolsonaro e Exército BR. Estes apanham calados e inertes tds os dias e nada farão p/ sanar essas atrocidades vindas do céu...","Olha Esse Alexandre de Morais já está enchendo o saco, quem esse cara acha que é , Ele pensa que o Brasil é um puxadinho do PCC? #Freedomofspeech",0,0.5153987407684326,0.4846012592315674,,Incerta
"O STF decidiu que só se cumpre pena após trânsito em julgado da 4 instância.  Para intimidar críticos da corte, vale criar um novo tipo de pena (a censura), numa decisão sem precedentes, dentro de um inquérito/investigação inconstitucional.","Filipe, não é caso de informar a OEA sobre a Censura e a clara escalada autoritária no Brasil?",1,0.4491016268730163,0.5508983731269836,,Incerta
"Exclusivo: Luciano Hang obteve 55 empréstimos do BNDES para transformar Lojas Havan em império. De 1993 a 2014, o empresário hj investigado no Inquérito das Fake News conseguiu R$ 72 milhões junto ao banco estatal, revelam  e :","Ai você pensa, vários micro empresários hoje na crise, precisando de empréstimos, enquanto oportunistas como esse Hang é só estalar os dedos que consegue fácil. O problema do Brasil é que o país é uma terra de oportunistas safados, só que isso prejudica quem tem uma vida honesta.",2,0.4948171079158783,0.5051829218864441,,Incerta
Testando. Baseei minha conta nos EUA. Alguém consegue ver ? #VozParaBernardoKuster,Sim; baseei a minha em outro país também.,2,0.459404706954956,0.540595293045044,,Incerta
"Ele cometeu um ato de censura, totalitário, ditatorial, típico de Estados absolutistas.","Tudo que ele tem feito de péssimo, de horrível, de vergonhoso, de absurdo eu sei. Eu quero saber quem é que vai parar esse cara!! Tem mais 10 do patamar dele, assistindo a tudo em absoluto silêncio.",2,0.5836984515190125,0.4163015484809875,,Incerta
hoje foi um grande dia amo minha vida só tive vontade de me matar 5000 vezes por minuto,GRANDE DIA nao vai ter mais fake news,0,0.5082985758781433,0.4917014539241791,,Incerta
"Sim, concordo contigo, até porque quando tu vai criar uma conta em determinada Rede Social, tu no caso sua Conta acaba concordando com os Termos, Mas a partir do Momento em que Forças Externas interferem nisso, aí já vira Censura +","Muito provavelmente essas contas estariam ativas se não fosse essa Decisão, por isso que na minha opinião foi Censura.",1,0.5309251546859741,0.4690747857093811,,Incerta
"Amigos aqui é Roberto Jefferson. Entrei na conta da minha filha para agradecer a todos pelo apoio. Em breve estaremos juntos novamente! Alexandre, não temo sua tirania!",Muito bom Roberto Jefferson você é o cara adorei sua idéia,1,0.445822536945343,0.5541775226593018,,Incerta
"Gostou da #censura às contas? Logo seremos nós,  simples mortais... Parabéns para vocês..",Bernardo censurado pelo ditador do STF. Absurdo!#VozParaBernardoKuster,0,0.5168666243553162,0.4831333756446838,,Incerta
A censura e um golpe contra a liberdade de expressão e que atentar contra essa liberdade e crime e um golpe na Constituição Federal. Cabe a quem proteger o direito do cidadão???????????,Quem defende o cidadão brasileiro dos abusos da justiça?,2,0.5206084847450256,0.4793915450572967,,Incerta
"Se diz fã da Ariana Grande mas não sabe fazer um falsete, enfim, a hipocrisia.",lembrei do dia que eu tava jogando com meu amg e ele passou a partida inteira fazendo falsete na call,2,0.4699883162975311,0.5300116539001465,,Incerta
"Senador Marcio Bittar: ""As medidas determinadas pelo ministro Alexandre de Moraes são absolutamente ilegais e inconstitucionais.”","E o que vc esta fazendo senador?   Sem querer te lembrar q tem obrigações com seus eleitores e com seu mandato, mas dia aí",2,0.5190081596374512,0.4809918403625488,,Incerta
"Os perfis do ,  (dentre outros) está liberado para quem vive fora do Brasil. Ou seja: a censura é apenas para brasileiros que vivem sob a ditadura.",Eu já saí do país... e vcs?,2,0.5645877122879028,0.4354122877120971,,Incerta
"Eu vejo cada coisa estranha: de um lado os que defendem o AI5 reclamando de censura, do outro lado os que ""lutam"" contra a ditadura e censura, aplaudindo a censura. Esse povo tá abilolado mesmo.",Eu n entendo kkk os caras odeiam corruptos e apoiam Roberto Jefferson?,0,0.4307297766208648,0.5692702531814575,,Incerta
"Amigos aqui é Roberto Jefferson. Entrei na conta da minha filha para agradecer a todos pelo apoio. Em breve estaremos juntos novamente! Alexandre, não temo sua tirania!",Cria outra conta. Todo mundo vai seguir,2,0.5514700412750244,0.448529988527298,,Incerta
Eu ou vi um Amém ???  Flávio Dino acredita que “a esquerda poderá perder em todas as capitais em 2020”,Só direi amém quando CRIMINALIZAREM A ESQUERDALHA COMUNISTA #STFVergonhaNacional,2,0.4215802848339081,0.5784196853637695,,Incerta
"Se os clorovikings e o criminoso  voltarem a citar meu nome aqui no Twitter, além dos danos morais, vamos pedir preventiva para ambos!      Cumpra-se a determinação do ministro Alexandre de Moraes.","Relaxa  , esse tio tá querendo se enturmar. Só pode ser.",2,0.5584244728088379,0.4415754675865173,,Incerta
"Artigo 220, § 2º da Constituição: ""É vedada toda e qualquer censura de natureza política, ideológica e artística"". Essa vedação constitucional também se aplica aos ministros do STF que descumpriram a Constituição. Tirar os meios de jornalistas e cidadãos comunicarem-se é censura.","entre censura e os terrores do AI-5 há uma lacuna absurda. ter sua conta derrubada em uma rede social não causa nenhum dano psicológico ou social, até porquê você pode muito bem criar uma nova. contas são apagadas todos os dias por irem contra as diretrizes, dessa vez foi a deles",1,0.5948578715324402,0.405142217874527,,Incerta
EU vendo que contas bolsonaristas são retiradas do ar no Twitter e Facebook e que o pessoal que pede a volta da ditadura tá reclamando de censura,"Só um esquerdista financiado pelo  acha que ditadura está necessariamente associada à censura. Estão aí a Venezuela, a Rússia e a Arábia Saudita que não me deixam mentir.",1,0.436192899942398,0.5638070702552795,,Incerta
"Para quem defendia a morte do presidente, defender a CENSURA é fichinha. Não querem apenas calar o Presidente e seus apoiadores, mas calar e se possível matar. Não lute hoje e amanhã você estará na VENEZUELA.",Lutem patriotas!,2,0.54290372133255,0.4570963382720947,,Incerta
Mude a configuração da sua conta p outro País q funcione de fato a Democracia. Os Patriotas Censurados estão ativos lá. #VozParaBernardoKuster,"A tal da censura é uma merda,né",0,0.5532362461090088,0.4467637240886688,,Incerta
A   CENSURA NAS REDES SOCIAIS JÁ COMEÇOU E A PL 2630 AINDA  NÃO  FOI APROVADA IMAGINA QUANDO FOR... NÃO  ESQUEÇA INSCREVA-SE NO CANAL PRECISO DA SUA AJUDA  PARA  GANHAR MAIS ALCANCE E VOZ... OBRIGADO!,"o gabinete do ódio não pode mais nem ameaçar ministro, pedir a volta da ditadura e espalhar fake news contra opositores que a esquerda certinha fica nooooooosssaaaaa mas não pode é censura vamos defender o direito dessa pobre extremista ameçar ministro em paz",0,0.5895582437515259,0.4104417562484741,,Incerta
"Esses bolsominion ficam o dia inteiro pedindo a volta da ditadura, AI-5 e o diabo a quatro, mas surtam quando alguns perfis são retirados do ar por propagar fakenews dizendo ser ditadura e censura... Mas gente, não é exatamente isso o que vocês tanto pedem?","Você conhece algum DITADOR ENTREGUISTA FDP de DIREITA, na América Latina, que não tenha sido chamado de LIBERTADOR e DEMOCRATA pela grande mídia ?",0,0.4621061384677887,0.5378938317298889,,Incerta
bom dia migos acreditem ou não ontem de madrugada terminei de extorquir o último dos meus ex (o que eu não mantenho contato com frequência) e fazer ele pagar um mês do meu tratamento   infelizmente acabaram os ex pois já arranquei dinheiro e coisas de todos,a vontade de mandar a conta da minha terapia p uns certos @ é grande viu,2,0.5359623432159424,0.4640376269817352,,Incerta
O tiranete Alexandre de Moraes passou de todos os limites. Ele agora decide sozinho qual informação pode circular no país? Ele decide quem fala e quem cala a boca? Ou os democratas reagem agora a este ato de censura s/ precedentes ou não podem mais falar em liberdade de expressão,Liberdade de expressão só fica bonito na TV no jornal Nacional.  Nos que gritam por direitos é antidemocrático.  E  esperem mais alguns meses onde pessoas estarão  sendo presas  por pensarem algo contra o STF. Direito democrático no Brasil é direito pra poucos burgueses petistas.,2,0.5284514427185059,0.4715484976768493,,Incerta
"Para que fique registrado, como num diário: em julho de 2020, afora raras exceções, a grande imprensa brasileira FICOU A FAVOR DA CENSURA.",Isso É importante registrar.  Qualquer jornalista que não se posicionou contrário a tudo isso não passa de um grande bosta.,2,0.568817138671875,0.4311828911304474,,Incerta
"Só observando os senadores calados, diante das censuras imposta por Alexandre de Moraes,realmente é muito fácil impor uma ditadura no Brasil. Impor não,já implantaram. Umas das maiores aberrações, essas censuras aos conservadores,absurdo,onde estão as provas?",Vamos lá... Estamos vivenciando mais um episódio de censura e cerceamento da nossa liberdade. Mas quantos irão fazer algo efetivo a respeito disso? E quantas irão reclamar no próprio Tweeter?  Fica a reflexão.,0,0.5511687397956848,0.4488312602043152,,Incerta
"Não há como aceitar a censura. Não há como aceitar que aplaudam a censura. Liberdade de expressão a todos, aqueles que pensam como eu e os que pensam de forma diferente.",Amanhã pode ser vc esquerdista.,2,0.4051790535449981,0.5948209762573242,,Incerta
"Precisa ser muito cínico e muito covarde p/ classificar esse surto ditatorial como ""limpeza do debate"" (é vc, Adolf?) Os liberaloides de cativeiro perderam o rumo de casa - e estão excitadíssimos c/ a violência judicial. Sorriam, vcs estão na foto histórica de um vexame mundial.","É inacreditável como as palavras não tem significado pros defensores da esquerda, passaram anos repetindo “abaixo à censura” e agora quando ela se instala eles aplaudem.",1,0.5382683277130127,0.4617316722869873,,Incerta
"Me faltam adjetivos pra classificar a suspensão de contas em redes sociais APENAS de apoiadores do Governo.   Para os da esquerda que comemoram, lembrem-se que nada impede que isso aconteça com vocês a qualquer momento.   A censura é real.","Com elles não , nunca vão criticar os bandidos , são da mesma laia .",2,0.4123576283454895,0.5876423716545105,,Incerta
"Um dos melhores critérios para avaliar a decisão de hoje: se a economia bombar, Bolsonaro for reeleito, recuperar popularidade e indicar no mín 4 ministros pro STF, você se sente confortável em saber que eles poderão atuar com base nos precedentes abertos por Alexandre de Moraes?",É sempre bom lembrar que um precedente conveniente é favorável hoje pode não ser conveniente e favorável amanhã!,2,0.4410987794399261,0.5589011907577515,,Incerta
Vocês também estão sentindo que o clima aqui no Twitter deu uma melhorada?,Censura conveniente para a esquerda.   Ditaduras comunistas.,2,0.4790293276309967,0.5209706425666809,,Incerta
"Amigos aqui é Roberto Jefferson. Entrei na conta da minha filha para agradecer a todos pelo apoio. Em breve estaremos juntos novamente! Alexandre, não temo sua tirania!",Cara de pau!!!  pode usar a conta de outra pessoa?,2,0.1420078575611114,0.8579921126365662,,Alta
"Várias contas foram retidas do Twitter sob a justificativa de ""demanda legal"". , ,  e outros, todos defensores do governo e críticos do STF. Do que se trata? Não foram notificados de nada ainda. É o tal inquérito ilegal? Isso é censura!",Censura é quando proíbe antecipadamente uma opinião.  Notícias falsas ou distorcidas devem ser apuradas pela PGR e se for o caso indiciamento,1,0.1215174794197082,0.8784825801849365,,Alta
"Não acredito nos dogmas centrais do liberalismo político. A discussão central de hoje - limites da liberdade de expressão, possibilidade de censura, etc. - não me diz nada. Sou apenas um espectador (não muito interessado).","Sou contra a censura mas não me solidarizo com esses canalhas bolsonaristas que melaram a lavatoga! Que apoiaram a indicação do Aras depois que o bozo bateu o martelo, que difamaram o dr. Moro pra continuar bajulando o amigão das milícias. Etc etc #Moro2022 #ForaBolsonaro",0,0.1175368577241897,0.8824630975723267,,Alta
Se Roberto Jefferson n pode twittar pq ele está na conta da filha dele fazendo isso ?,Quer dizer que congelaram a conta da Sara Winter? . . . . . . . . . . . . . .  Entenderam?,0,0.1716541051864624,0.8283459544181824,,Alta
Super acreditei nessa pesquisa do Paraná(!) onde um governo desaprovado por 70% da população vence as eleições em todos os cenários...  #GovernoDeFraudes,Tb super acreditei.SQN. Essa Parana sempre fazia essas pesquisas tendenciosas no tempo do Marreco.,2,0.1537969559431076,0.8462030291557312,,Alta
"Não há como aceitar a censura. Não há como aceitar que aplaudam a censura. Liberdade de expressão a todos, aqueles que pensam como eu e os que pensam de forma diferente.",Liberdade de expressão a todos,2,0.1428940296173095,0.8571060299873352,,Alta
"Não há como aceitar a censura. Não há como aceitar que aplaudam a censura. Liberdade de expressão a todos, aqueles que pensam como eu e os que pensam de forma diferente.","A liberdade só vai sendo censurada, nao tem como achar isso positivo e muito menos aplaudir um descaso desses",2,0.1572464704513549,0.8427535891532898,,Alta
"Quem avalia o dano é o juiz do processo dentro da regras do devido processo legal. Somos pessoas livres e responsáveis, e não podemos hipotecar nossa liberdade ou admitir a censura. Sim que vamos aprender a lidar com a internet, mas não será com censura.","Não estou defendendo a Censura, mas que há esquemas organizados construídos para destruírem reputações isso há.",1,0.1763554215431213,0.8236445188522339,,Alta
"Acabar com rede de fake news e desinformação não é censura, muito menos ditadura. É a justiça mostrando que ninguém está acima da Lei. GRANDE DIA !!!!!!!!","Provas colhidas e laudos técnicos apontaram para existência de associação criminosa dedicada à disseminação de fake news, ataques a diversas pessoas, autoridades e instituições, com conteúdo de ódio, subversão da ordem e incentivo à quebra da normalidade institucional. Grande Dia",2,0.1687296330928802,0.8312703967094421,,Alta
O grande dia chegouuuuuuuuuuuuuuuuuuuuuuuuuuuuuu,"Daqui a pouco chega o dia que vou cantar pras minhas amigas ""saiba que o meu grande amor, hoje vai se casar""",0,0.1543889045715332,0.845611035823822,,Alta
"A que ponto chegamos, o pessoal da esquerda aplaudindo a censura, qual será a próxima atitude dos ""companheiros"".","queria um doramazinho baseado em tgcf, mas a história é muito homo pra passar pela censura",0,0.1908278316259384,0.8091722130775452,,Alta
"Se acabar o gabinete do ódio Bolsonaro acaba. Ele não se sustenta pela competência, mas pelo pânico causado nas redes sociais.  Sem gabinete do ódio, sem Bolsonaro.  Grande dia.",Se sustenta só com mentiras...,2,0.1702261120080948,0.8297739624977112,,Alta
"Quem diz o que é fake news? Você consegue dar um exemplo de fake news que eles divulgaram? Tolher opiniões é muito perigoso. Se há fake news, que se responsabilize pelas mentiras ditas. O que não dá é responsabilizar previamente. Isso se chama censura.","Vamos lá: ofensas a personalidades, ameaça a instituições, falsas denúncias, calúnias. Sem contar apoio a movimentos antidemocráticos que defendiam a censura. Liberdade de expressão é totalmente diferente de ofender, ameaçar ou divulgar notícias falsas e denúncias sem argumento.",1,0.1162119880318641,0.883787989616394,,Alta
Estou sentindo um alivio  GRANDE DIA,"Pois é, grande dia pois vc pode ficar na sua bolha de merda, lendo as merdas que vc gosta",1,0.1206058338284492,0.8793941736221313,,Alta
"Não há como aceitar a censura. Não há como aceitar que aplaudam a censura. Liberdade de expressão a todos, aqueles que pensam como eu e os que pensam de forma diferente.","Verdade. A celebração desses grupos de esquerda diante da censura de opositores comprova o que é ""democracia"" para essa gente.",2,0.1947298794984817,0.8052700757980347,,Alta
Por mais q a gente n goste das insanidades que esses bocós bolsonaristas falam nas redes n podemos concordar com a censura! Esses canalhas foram contra a CPI da lavatoga! Se calaram qdo bozoasno escolheu aras. Mas n podemos permitir essa abominação de volta no Brasil.,"xandão imorais passou o rodo em geral hoje né kkkkkk o cara tem poder mesmo    tempos atrás o que ocorreu hoje era chamado de censura, mas... os tempos são outro w toda a mídia dirá que foi o maior ato democrático da história",0,0.1007113680243492,0.8992886543273926,,Alta
"3. São crimes e como tal devem ser combatidos com as ""armas"" que a Constituição e as leis dispuseram ao Estado-juiz. O que é abusivo, é absurdo e autoritário é impor a CENSURA, é impedir a manifestação do pensamento para prevenir falas cujo conteúdo possa vir a me desagradar.","4. É exatamente isso o que está acontecendo no Brasil de hoje. Uma autoridade pública, um ministro do STF implantou a censura entre nós, viola sistematicamente a constituição, atua à margem da lei, viola tratados internacionais. Nada, absolutamente nada, justifica esse agir.",1,0.1821100413799286,0.817889928817749,,Alta
Eles publicaram tudo o que queriam.  Não houve censura.,Suspender a conta é censura. Não há mais o direito à liberdade de expressão.,1,0.1029962971806526,0.897003710269928,,Alta
"Acrescento: se fosse eu o censurado, esses mesmos comemorariam e/ou criariam narrativas para encobrir/desmentir o fato. ACREDITE.  Alguns desses q perderam seus perfis assassinaram reputação de quem queria lava-toga, patrulham opiniões e promovem seu próprio mecanismo de censura.","A favor da censura desde que seja com seu inimigo, hipocrisia, não acha?",1,0.1257070153951645,0.8742930293083191,,Alta
"Existe muito rancor no ar justificando a censura por eles serem canalhas.  Quando os fígados se acalmarem, vocês tem que observar quão perigoso foi esse movimento do STF.  Ou então, só poderão perceber o dia Mouras e picas sonsas forem calados.","comemorando censura né? Quero ver hora que justiça tbm derrubar suas redes por conteúdo impróprio a menores com #MaesContraFelipeNeto, não quero ver choradeira heim.....",0,0.1697683334350586,0.8302316069602966,,Alta
"Acrescento: se fosse eu o censurado, esses mesmos comemorariam e/ou criariam narrativas para encobrir/desmentir o fato. ACREDITE.  Alguns desses q perderam seus perfis assassinaram reputação de quem queria lava-toga, patrulham opiniões e promovem seu próprio mecanismo de censura.",Patrulhar opinião por mais escroto que seja não se compara a censura estatal. O que você está fazendo é o equivalente moral de celebrar o assassinato de uma pessoa só porque não gosta dela.,1,0.1079727709293365,0.8920271992683411,,Alta
Censura é a democracia deles.,Engraçado é os cara que querem o AI5 mas qnd chega a censura reclama kkk wtf?? Escolhe um os dois não dá.,0,0.1448927968740463,0.8551071286201477,,Alta
Desembarquei nos EUA e daqui vejo bem todas as contas censuradas pelo sinistro cabeça de pirocä Alterem o país em suas contas também e não deixem a censura atingi-los. Não vão nos calar.,"Parem de palhaçada. Ficam na internet produzindo fake news e ajudando em um projeto de Governo fracassado que ataca em massa críticos ao Governo, e quando são banidos da internet, dizem que é censura.",0,0.1502445042133331,0.8497555255889893,,Alta
"Não há como aceitar a censura. Não há como aceitar que aplaudam a censura. Liberdade de expressão a todos, aqueles que pensam como eu e os que pensam de forma diferente.",E mais vergonhoso é ver a grande imprensa apoiando a censura.,1,0.1696763038635254,0.8303236365318298,,Alta
Vocês também estão sentindo que o clima aqui no Twitter deu uma melhorada?,"Para sua tristeza, os bolsonaristas continuam por aqui Conforme-se, Esquerdopatas não tomarão a Nação. #VozParaBernardoKuster",1,0.1477323621511459,0.8522676229476929,,Alta
"Para quem defendia a morte do presidente, defender a CENSURA é fichinha. Não querem apenas calar o Presidente e seus apoiadores, mas calar e se possível matar. Não lute hoje e amanhã você estará na VENEZUELA.",Lutando sempre. Nós NÃO vamos ser uma Venezuela,2,0.3729318380355835,0.6270681619644165,,Random
"Amigos aqui é Roberto Jefferson. Entrei na conta da minha filha para agradecer a todos pelo apoio. Em breve estaremos juntos novamente! Alexandre, não temo sua tirania!",Olá! O Cabeça de Ovo está se achando o dono do Brasil! Censura pura! Ditadura da Toga! Deus nos proteja!,1,0.9777462482452391,0.0222537387162446,,Random
Alexandre de Moraes ameaçou aplicar multa diária contra Facebook e Twitter,"... se quiser, depois quando sobrar um tempo pra mim e pra vc, podemos ver algo pra blindar o  desse tipo de problema no futuro.",2,0.9655710458755492,0.0344289541244506,,Random
Contra a DITADURA E CENSURA  do STF #FreedomOfSpeech,"#VozParaBernardoKuster, aquele discurso que Brasil não é para amadores, não exite mais. Na verdade o Brasil não é para corretos, canalha,safados, ladrão e principalmente para comunista.  É muito cansativa essa luto. #STFVergonhaNacinal  #ReagaPateiotas",0,0.993432641029358,0.0065672970376908,,Random
"Quem melou a CPI da Lava-toga pela ""governabilidade"" hoje não pode reclamar de censura.  Simples assim.",Simples assim,2,0.465833455324173,0.5341665148735046,,Random
Alexandre de Moraes ameaçou aplicar multa diária contra Facebook e Twitter,"Esse homem é um psicopata. Se não puserem logo uma camisa de força e levarem este louco, os prejuízos ao brasileiro cristão e conservador serão irreversíveis. O cabeça de p. é um capeta em forma humana e está a serviço dos seus comparsas do PSDB e seus aliados. #STFNaoVaiNosCalar",2,0.9772904515266418,0.0227095205336809,,Random
o Sr vai mesmo apoiar essa censura absurda e abjeto do STF??? Não tô acreditando. Esse STF tem que ser fechado. Manda todo mundo pra casa e por JUIZES DE verdade lá presidente,é a CENSURA do Supremo Tribunal Federal que não é tão Supremo assim,0,0.9017749428749084,0.0982250720262527,,Random
"O Ministro do STF, Alexandre Moraes superou todos os limites de arrogância, prepotência e falta de bom senso no cargo. O impeachment dele seria um exemplo para moralizar a justiça no Brasil. Eu já entrei com dois pedidos no Senado e aguardo o Presidente colocar na pauta da casa.",Alcolumbre é tão canalha qto o Alexandre,2,0.9825685024261476,0.017431478947401,,Random
"São necessárias 171 assinaturas, conte com a minha Deputado .   Peçam aos seus Deputados para assinarem também.",O difícil é ter o julgamento!! #STFVergonhaNacional  #ForaMaia  #ForaAlcolumbre  #ForaDoria,2,0.9920090436935424,0.0079909646883606,,Random
"ROBERTO JEFFERSON: ""OS 11 MINISTROS DO STF FORMARAM UMA ORGANIZAÇÃO CRIMINOSA""","A entrevista do Roberto Jefferson ao Pingos nos Is, da Jovem Pan, foi cortada repentinamente aos 8 minutos. Aliás, o Victor Braun o despediu abruptamente. Certamente, receberam uma ordem e uma ameaça.",1,0.9896845817565918,0.0103154592216014,,Random
"FELIPE NETO  MENTE DESCARADAMENTE!  O termo ""UCRANIZAR"" surgiu em função de os cidadãos da UCRÂNIA terem adotado a medida de, literalmente, jogar políticos corruptos na lata do lixo.  DESMASCAREM ESSE SUJEITO   #VozParaBernardoKuster",FELIPE NETO ESTÁ CERTO,1,0.9903830885887146,0.0096168788149952,,Random
"Talvez essa seja a primeira vez que eu vou usar essa palavra de maneira seria desde que comecei a me interessar por politica, mas isso que essas contas bolsonaristas estão sofrendo é CENSURA.","gazeta_brasil: #URGENTE: Após pedido de Alexandre de Moraes (STF), o Twitter derrubou a conta de Sara Winter, Roberto Jefferson, Allan dos Santos, Bernardo Küster e Luciano Hang e outros foram vítimas da censura com base no inquérito ilegal das fake n…",0,0.9846228957176208,0.0153770465403795,,Random
Torci o tornozelo enquanto aprendia um movimento de luta novo  Grande dia,"Descobri q sou ""cRiNgE"", grande dia",0,0.9193307161331176,0.0806692987680435,,Random
Chegou o grande dia chá da princesa Eloah,"Twitter por ordem do STF censura apoiadores do presidente,  amanhã seremos nós ! Imprensa  e Congresso nacional deveria realmente ser democrática e protestar ! Amanhã podem ser vocês",0,0.978015124797821,0.0219848025590181,,Random
Ganhei uma coquinha do   Grande dia,"Fica ae a msg de apoio ao Rica Perrone, que eu infelizmente nao conhecia ate ontem. Pais tem vivido um ataque em varias frentes, censura e autoritarismo a flor da ignorância justificada por falsos ideias e justiça comprada. Forca ae nobre",0,0.9815722703933716,0.0184277277439832,,Random
Não importa se você concorda ou discorda dos censurados. Precisamos apoiar as vítimas da CENSURA. #FreedomOfSpeech  Copie e cole.,Bolsonaristas reclamam de censura do STF mas pedindo AI-5. Burrice que se fala.,0,0.9724711179733276,0.0275288671255111,,Random
Alexandre de Moraes precisa receber voz de prisão. Ele é um juiz constitucional. Ele não é um jagunço.,Alô Militares! Art142ja,2,0.9859135746955872,0.0140864429995417,,Random
"Não há como aceitar a censura. Não há como aceitar que aplaudam a censura. Liberdade de expressão a todos, aqueles que pensam como eu e os que pensam de forma diferente.","Acabei de receber um aviso do twitter relatando que as contas de Bernardo Kuster e Sara Winter foram suspensas por demanda legal!!!  Em 2020 vivemos o à liberdade de expressão pelo STF e não podemos contar com o legislativo para por fim nisso! Dá vergonha!  Cadê o ""Chega!"" ?????",1,0.4983812570571899,0.5016188025474548,,Random
"#VozParaBernardoKuster #VozParaBobJeff. Neste vídeo, Bernardo Kuster explica o que está acontecendo.  Vamos divulgá-lo. Peço a todos que re-tuítem.",todo dia eu aprendendo uma dancinha nova no tiktok o atoismo é grande,0,0.9882898330688475,0.0117101483047008,,Random
Alguém assiste a novela apocalipse da Record? O Alexandre de Moraes é  o Ricardo.  A Besta. O Anti Cristo.,"Sugiro que todos Patriotas  entrem  nas configurações e mude de País, assim ninguém será bloqueado pelo sinistros #STFVergonhaNacional",0,0.9874359369277954,0.0125640854239463,,Random
"Primeira vez que jogo apostando e perco por jogar errado, grande dia","Os defensores da ditadura, vejam só, agora querem reclamar de “censura”. A reivindicação? Poder espalhar mentiras e discurso de ódio pelas redes sociais.",0,0.9084087610244752,0.091591291129589,,Random
"e eu torcendo que ela fosse se pronunciar de verdade e finalmente acabar com esse silêncio ensurdecedor. mas o que recebemos de volta foi uma atitude de censura em massa assustadora.  nunca fui stan, mas me coloco no lugar de quem foi. e estou totalmente decepcionada.",SUCESSO!!!!!!!!   O boicote promovido contra as lojas Havan obrigou Luciano Hang a fechar sua segunda unidade em São Paulo...  #SemRespeitoSemLucro,0,0.9864832758903505,0.0135166756808757,,Random
O STF precisa conter a escalada de Alexandre de Moraes contra a liberdade de expressão.,"Enfim curti um post de Antagonista. Certamente a vara alcançará a todos! Alexandre de Moraes hoje ataca Bolsonaristas, amanhã o algo serão os Petistas. Printa aí pois haverá choro e ranger de dentes na esquerda também !",1,0.989051103591919,0.0109489671885967,,Random
"Mas... Ora, ora! Quanto cidadão de bem, da família brasileira, sendo banido daqui! O que é isso? Porque será?                      Um salve pro Twitter, esse Antônio Conselheiro! Esse jagunço justiceiro!!",Esse é um dos canalhas comemorando censura! É um esquerdista miserável.,2,0.5343376398086548,0.4656623899936676,,Random
O tiranete Alexandre de Moraes passou de todos os limites. Ele agora decide sozinho qual informação pode circular no país? Ele decide quem fala e quem cala a boca? Ou os democratas reagem agora a este ato de censura s/ precedentes ou não podem mais falar em liberdade de expressão,"Enquando tivermos banidos atiando como juizes e presidente da OAB alienado a esquerda, estaremos caminhando para a ditadura enrustida e o socialismo disfarçado.",2,0.986132025718689,0.0138679314404726,,Random
"Pode não ter gostado...mas existe outros meios, uma mentira se combate com a verdade e não com a censura....  Então o STF via ter que bloquear todos que falam que a terra eh plana? Ou quem afirmou que teriam 1 milhão de mortos até julho?  Não faz sentido nenhum",Exato. É terrível.... mas mentir ou dizer verdades é um direito de todos.  Se alguém se sentir lesado por uma mentira tem meios legais para agir. Agora proibir o cidadão de falar ... verdades ou mentiras.... é  censura... inconstitucional.,1,0.4924221038818359,0.5075778961181641,,Incerta
"Acrescento: se fosse eu o censurado, esses mesmos comemorariam e/ou criariam narrativas para encobrir/desmentir o fato. ACREDITE.  Alguns desses q perderam seus perfis assassinaram reputação de quem queria lava-toga, patrulham opiniões e promovem seu próprio mecanismo de censura.",Censura não tem lado. É ruim para todo mundo. Quem comemora hoje poder ser o silenciado de amanhã!,1,0.5415562391281128,0.45844367146492,,Incerta
"Não há como aceitar a censura. Não há como aceitar que aplaudam a censura. Liberdade de expressão a todos, aqueles que pensam como eu e os que pensam de forma diferente.","Sempre, liberdade",2,0.5433420538902283,0.4566579759120941,,Incerta
"A despedida da época é com jogo grande   Hoje é dia de dérbi, hoje é #DiaDeSporting!","Eu...sou...sporting, eu...sou...sporting",2,0.509244978427887,0.4907549917697906,,Incerta
"#STFVergonhaNacional lixo, vcs não representam nem vcs...",#VozParaBernardoKuster Pessoal olhem bem a frase do Dirceu: Nós vamos tomar o poder sem eleições!  A esquerda está unida com CENTRÃO PARA JURIDICAMENTE TOMAR O BRASIL E estão comendo a clara do ovo pela bera até chegar a gema...Porra!,0,0.4177136123180389,0.5822863578796387,,Incerta
"CENSURA!!! Não gostou do eu falei... me processe!! Mas, não amordace a minha boca!!  Foi isso o que aconteceu hoje no Brasil!!",Vai tomar no cu  me prenda. Você passou ultrapassou todos os limites,2,0.4327037334442138,0.5672962665557861,,Incerta
"Não é uma delícia ver a galera que pedia um AI-5 chorando e gritando CENSURA?   Foi uma decisão judicial, esses imbecís confundem PUNIÇÃO com CENSURA.  A única coisa boa é ver esse “fugitivos da inteligência” chorando nas redes. Criticando a censura e o “livre mercado”","Esse pulha é um senador, pessoal? Quanto mais leio mais acho cafajeste corrupto. Tá rindo de que ? Vou adorar assistir os corruptos como vc serem abduzidos como em 1964. Aguss aguarda! AI-5 SIM!!",2,0.5286630988121033,0.4713369011878967,,Incerta
"Quando ficar provado que nenhum dos apoiadores do Jair recebem dinheiro pra defender a verdade, quando ficar provado a censura, os acusadores serão punidos?",É claro....  É claro que não. Bandidos não são puníveis por perseguirem conservadores e bolsonaristas.,2,0.5326123833656311,0.4673875570297241,,Incerta
#FreedomOfSpeech Não esqueçam ELEITORES DO BRASIL em 2022 que precisamos DEMITIR ESSA GENTALHA DO #PCdoBApoiaDITADURA NAS URNAS. ACORDA BRASIL.,NÃO há NENHUMA DESINFORMAÇAO publicada! Mas vc sabe disso! Vc celebra a CENSURA  pq a censura esta no DNA do seu partido!! #FreedomOfSpeech,2,0.5297532081604004,0.4702467918395996,,Incerta
Guilherme Fiuza: “Ou os democratas reagem agora a este ato de censura sem precedentes ou não podem mais falar em liberdade de expressão” Sigam:,Presidente  ministro da Justiça  o  vamo mesmo ser censurados dessa forma? #STFNaoVaiNosCalar,2,0.4809054732322693,0.5190945267677307,,Incerta
A incessante batalha contra a censura...,Escolha o seu país e saia da censura do STF. Eu estou nos Estados Unidos e você??,2,0.5700955986976624,0.4299043715000152,,Incerta
"Amigos aqui é Roberto Jefferson. Entrei na conta da minha filha para agradecer a todos pelo apoio. Em breve estaremos juntos novamente! Alexandre, não temo sua tirania!",Não podemos esmorecer... Contra a tirania de Alexandres que pensa que é o grande vamos todos nos unir e mostrar seu ínfimo poder sobre nós brasileiros... Estamos com vc Bob Jeff... Vamos mostrar que unidos somos invencíveis... Não vão livrar seus rabos sujos podres da justiça...,2,0.4901476204395294,0.509852409362793,,Incerta
Eu n entendo kkk os caras odeiam corruptos e apoiam Roberto Jefferson?,"O gado facistóide pede AI-5, mas reclama da censura nas contas do twitter que foram bloqueadas do gabinete do ódio. Eu não to entendendo é mais nada",0,0.4445280432701111,0.5554719567298889,,Incerta
Ta na hora de pautar o impeachment de ministro que esta abusando de autoridade. A democracia esta sendo violada!  #VozParaBernardoKuster,Verdade... cadê a merda da lei de abuso de autoridade??? Pra quê serve essa bosta???,2,0.4811222553253174,0.5188777446746826,,Incerta
"Quando eu gravei o vídeo sobre o AI-5 no canal, eu disse nele que a galera saudosista ""nem sabia o que estava pedindo""  Hoje essa galera diz que estão sob censura e ditadura porque tiveram suas contas suspensas pelo STF  Viu como não sabiam o que era?",KKKKKKKK só rindo mesmo desse povo,2,0.5760571360588074,0.4239428639411926,,Incerta
"não consegui dormir direito, grande dia hoje",passei a tarde toda chorando grande dia,0,0.5073760151863098,0.4926239848136902,,Incerta
"Vão ler esse furo da minha amiga pessoal, , que conseguiu todas as infos sobre os empréstimos!","""A Havan, durante a época do PT, não pegou empréstimos, até porque eu já era inimigo deles, né?”, disse o veio da Havan. Não só pegou, mas pegou mais que o dobro que a segunda colocada, Magazine Luiza, como mostra a matéria.  Toda suspensão de conta pra mentiroso é pouco.",2,0.5790008902549744,0.4209990799427032,,Incerta
"Absurdo !!!!ABSURDO!!!  PQP  !!  Ditadura do  , censura e aniquilação total !!!  já deu !!! JÁ DEU !!!! Ou você toma uma posição ou eles vão engolir você Sr. Pr #DitaduraDoSTF #STFNaoVaiNosCalar #STFVergonhaNacional","#BOBJEFF Alexandre de Moraes me acusa de disseminar “fake news” contra os ministros do STF, mas o que eu posto diariamente são comentários, opiniões e informações, muitas vezes com base em matérias jornalísticas. Onde está a fake news? O que queriam era impedir minhas críticas.",0,0.412806749343872,0.5871933102607727,,Incerta
"chegou o grande dia de escaralhar vc mulher que não rebola no pau igual rebola no baile, baile mais aguardado do ano vamos que vamos que hj e egitoooooooo só os selecionados do chefe","o gabinete do ódio não pode mais nem ameaçar ministro, pedir a volta da ditadura e espalhar fake news contra opositores que a esquerda certinha fica nooooooosssaaaaa mas não pode é censura vamos defender o direito dessa pobre extremista ameçar ministro em paz",0,0.4392689168453216,0.560731053352356,,Incerta
"Escutem coisas estranhas estão acontecendo, não é por acaso a censura, o cerco está se fechando , Bolsonaro está indo pra cima e togados estão tremendo na base . Se um cair, todos irão.",Que caiam todos os que trairam esta nação!,2,0.5257581472396851,0.4742418527603149,,Incerta
"Um democrata se preocupa quando indivíduos são censurados em ações completamente arbitrárias e autoritárias. Já comunistas sentem que o clima melhora quando adversários são eliminados. É histórico. De Stalin até Avião, nada mudou.",Vai chegar nela tbem ...a censura,2,0.4945527613162994,0.505447268486023,,Incerta
nesse dia eu tive um surto tão grande por causa dessa foto que minha conta foi ate suspensa,eu achei um motivo válido pra tamanho surto !,2,0.4604721665382385,0.5395278334617615,,Incerta
"O tratamento com cloroquina, na fase inicial, funciona e pode salvar muitas vidas. Grande dia!",O remédio do Bolsonaro cura. #BolsonaroTemRazao  Parabéns Presidente!,2,0.5049039721488953,0.4950959980487823,,Incerta
"VERGONHA ! O ditador e tirano da toga , Alexandre de Moraes , impõe censura pior que a ditadura , bloqueando redes sociais , cerceando a liberdade de expressão , promovendo uma verdadeira perseguição política . IMPRENSA, OAB,ABI, PRESIDENTE DA CÂMARA E DO SENADO , TODOS CALADOS!","Mas Pastor, quem pede AI5 de novo não gosta de censura??? Então porque a reclamação???",1,0.5299603939056396,0.4700396656990051,,Incerta
"Roberto Jefferson, disse em entrevista a CNN Brasil que essa é a pior corte em 100 anos.   “Os 11 ministros do STF formaram uma organização criminosa para abuso de autoridade tendo o ministro Alexandre de Moraes como chefe” disse o Ex Deputado.  NÃO MENTIU",Não mentiu em nada.,2,0.4436691701412201,0.5563308596611023,,Incerta
O que aconteceu com o  de Moraes? Ele bateu a cabeça e teve sequelas? O Alexandre desse discurso sobre liberdade não é o mesmo dos inquéritos da CPMI das FAKE NEWS! Liberdade de expressão virou ato antidemocrático e gabinete do ódio?,não vai né acusar de FAKE NEWS e nem de ataques só STF só estou tentando entender o por que de tanta dissonância entre discursos e atitudes? Por favor né ajudem a entender.,2,0.584990918636322,0.4150090515613556,,Incerta
O tiranete Alexandre de Moraes passou de todos os limites. Ele agora decide sozinho qual informação pode circular no país? Ele decide quem fala e quem cala a boca? Ou os democratas reagem agora a este ato de censura s/ precedentes ou não podem mais falar em liberdade de expressão,Alexandre de Moraes é um bandido que trabalha para outros bandidos.  Já não existe liberdade de expressão no Brasil!!!,2,0.5530169010162354,0.446983128786087,,Incerta
"Espera ai, o que é mais grave? uma menina xingar o STF ou este que deveria ser guardião das leis fazer o que está fazendo jogando no lixo a constituição? Se eu fosse vc estaria menos preocupada com xingamentos ao Alexandre de Moraes.","E outra, se for pra punir, puna dentro da lei. Censura de uma pessoa que não está condenada não existe em lei nenhuma.",1,0.527019739151001,0.472980260848999,,Incerta
"Amigos aqui é Roberto Jefferson. Entrei na conta da minha filha para agradecer a todos pelo apoio. Em breve estaremos juntos novamente! Alexandre, não temo sua tirania!","Estamos aguardando sua volta. Vc faz falta, Roberto Jefferson.",1,0.5793037414550781,0.4206963181495666,,Incerta
Se eu espalhar mentira a seu respeito é crime ou direito de expressão?,"Se for mentira, eu teria direito de processá-lo, mais ainda assim, seria meu direito te impedir de falar na rádio por exemplo? Censura é censura. Aplaudir isso, mesmo qdo é contra alguém q vc não goste, é feio demais, ainda mais partindo de alguém q trabalha c comunicação.",1,0.4437992572784424,0.5562006831169128,,Incerta
"Amigos aqui é Roberto Jefferson. Entrei na conta da minha filha para agradecer a todos pelo apoio. Em breve estaremos juntos novamente! Alexandre, não temo sua tirania!",Ninguém quer saber de vocês. Se fosse honesto não estaria nesta situação!,2,0.5578086972236633,0.4421912729740143,,Incerta
"Algo muito importante deve ter acontecido nos bastidores; porque teve juiz do supremo cometendo atos desesperados  e censurando o povo só pra nos avisar de que tudo o que twiitamos é lido e incomoda muito. Realmente Grande Dia! Fomos censurados, sim. Mas Somos ouvidos, SIMMMMMM.",Grande dia ser sensurado pelo $TF??? HEIM??? CADA UMA,1,0.5044092535972595,0.4955908060073852,,Incerta
"A síntese da apresentação do protoiluminista com foca, digo, foco na inutilidade jurídica - a bem da revolução. Da série “Vem Meteoro”.",#STFVergonhaNacional  com o bloqueiro imitador de foca.....tudo de bom,2,0.4991080462932586,0.5008919835090637,,Incerta
"Vivi pra ver ""jornalista"" apoiando censura. Merece um print!!!!",Não é defender censura cara é não apoiar feke news.......... É  a democracia em sua forma plena na vida das pessoas! #ForaBolsonaro,1,0.563276469707489,0.436723530292511,,Incerta
"#BOBJEFF: Cris, minha filha, avise aos nossos seguidores que daqui há pouco, às 20:30 horas, estarei ao vivo e sem censura no Canal Terça Livre.","Pega fogo cabaré , Bob Jeff daqui a pouco no .",2,0.4381468296051025,0.5618531703948975,,Incerta
".: Não se combate fake news com censura, leis de mordaça ou mais poder ao Estado, que já é gigantesco. Quem vai definir o que é ou não fake news? Quem vai dizer o que podemos ou não consumir, ler, questionar? O Estado? #FakeNews #PL2630Nao","Eu continuo apoiando o governo  , mas não dar para continuar calada com censura do STF. Reagem Presidente, preserve a nossa liberdade de expressão. Se você continuar calado diante disso, estará compactuando com a ditadura do STF. Use a lei da ordem.",0,0.57239830493927,0.4276017248630523,,Incerta
"Não é uma delícia ver a galera que pedia um AI-5 chorando e gritando CENSURA?   Foi uma decisão judicial, esses imbecís confundem PUNIÇÃO com CENSURA.  A única coisa boa é ver esse “fugitivos da inteligência” chorando nas redes. Criticando a censura e o “livre mercado”",Censura só é bom contra a direita né? Animais bandidos.,1,0.4288832247257232,0.5711168050765991,,Incerta
Testando. Baseei minha conta nos EUA. Alguém consegue ver ? #VozParaBernardoKuster,Mudem o Twitter para EUA e continuem acompanhando os tweets q incomodam a esquerda  Quero ver cabeça de piroca tentar censurar lá,2,0.4433022141456604,0.5566978454589844,,Incerta
A maioria das pessoas falou 4 então acho que 4 é a média normal   3 é pequeno e 5 pra cima já deve ser grande (eu achooooo)  na minha cabem 4,"eu acabei de me sentir melhor com isso pq sempre achei minha testa enorme talvez ela seja mesmo, mas se a Carol falou que é normal, então é normal",2,0.4741209745407104,0.5258789658546448,,Incerta
Qual a opinião de vocês sobre o Alexandre de Moraes?,A verdade?? Um sujeito defendendo interesses obscuro.,2,0.5177286863327026,0.482271283864975,,Incerta
Não a Censura #VozParaBernardoKuster,"Bolsominion reclamando da “censura” e pedindo o AI-5, estudar que é bom, nadaaaa",0,0.5554326176643372,0.4445673525333404,,Incerta
"A gente até pode dar uma saídinha, ver os amigos, mas quando chega em casa antes da 00h, da um alívio tão grande... sensação que a vida ta voltando a dar certo e amanhã será um lindo dia","gente disseminar fake news não é liberdade de expressão não viu, só pra ficar claro é crime, e combater isso tá longe de ser censura, vão estudar",0,0.4291945695877075,0.5708054304122925,,Incerta
Bolsonaro está livre do Covid19.   E livres está também a turma do “ódio do bem”.  Nenhum dos comentários abaixo será censurado pelo Alexandre de Moraes. Nem pelo twitter.,"Pois é né, isso aqui o Twitter não censura:",2,0.5099981427192688,0.4900018274784088,,Incerta
"Hoje são   Allan dos Santos Bernardo Kuster Edson Salomão Luciano Hang Roberto Jefferson Otávio Fakhoury Sara Winter   Amanhã pode ser vc.  Vc, conservador. Vc, que apoia Bolsonaro.   E vc tbm, idiota de esquerda que tá comemorando essa censura covarde.  #VozParaBernardoKuster",E o otário fica defendendo o saco de bosta que está dando a descarga na sua base pra abraçar o centrão  síndrome de corno,2,0.4985696971416473,0.5014302730560303,,Incerta
"Os mesmos que estão comemorando a censura hoje, vão ser os mesmos que irão descomemorar amanhã.","Hoje a censura é direcionada para um lado, mas amanhã pode ser direcionada para todos os lados. Ela pode crescer e ficar descontrolada.",1,0.4842301309108734,0.5157697796821594,,Incerta
Os conservadores foram criminalizados no Brasil.  Só há liberdade de expressão se você seguir a cartilha socialista e não criticar o establishment.  Censura e perseguição.,Somos censurados e perseguidos por Moraes um ministro que nunca foi juiz!,2,0.4897365272045135,0.5102634429931641,,Incerta
"Na minha opinião, eu acho muito ruim Bolsonaro manter na liderança do governo um defensor da CENSURA DA DIREITA (PL 2630). Eu sou contra CENSURAR a esquerda, é através da liberdade de expressão, que a esquerda defendem ESTUPRADORES, ASSASSINOS, LADRÕES, CORRUPTOS. Minha opinião.","Em minha opinião, não deseje CENSURA aos outros, um dia volta para si, Congresso e STF querem CENSURAR a internet ainda este ano, querem CALAR TODOS.",2,0.4793205559253692,0.5206794738769531,,Incerta
"Vendo o pessoal de direita reclamar da ""Censura"" de várias contas de apoiadores do Bolsonaro, sendo que muitos vão as ruas pedir por um novo AI-5. Dá pra ser mais contraditório?","Estão sendo hipócritas,me poupe",2,0.5192147493362427,0.4807852506637573,,Incerta
Esquerda comemorando censura? Nada novo em baixo do sol. Dizem que estão censurados os que pediram AI-5. Pura desinformação. Foram censurados aqueles que denunciam abusos de canalhas que querem destruir o país.,Censura? Kkkkkkkkkkkkkkkkkkkkkkkkkkkk  ELES É QUE LUTEM.,1,0.4370112717151642,0.5629887580871582,,Incerta
"Ela possui alguns erros na argumentação , mas falar que não houve censura é d + ...",Censura não é sempre errado. Não neguei que houve.,1,0.4558278024196625,0.5441722869873047,,Incerta
"Pra galera comemorando, depois não reclama de censura e ditadura quando for com vocês.",Censura é uma coisa! Combater mentiras e disseminação de ódio é outra!,1,0.1457917988300323,0.8542081713676453,,Alta
"Organização de jornalista que não se espanta com as decisões de Alexandre de Moraes é pelega, ou hipócrita.  Gosta de censura desde que seja com os inimigos","Não é censura e sua comparação é estapafúrdia. Não precisa opinar sobre tudo, talquei?",1,0.1067196205258369,0.8932804465293884,,Alta
"O bom dessa censura toda é que fica clara a inexistência da democracia representativa no Brasil.  O sistema está nu, mais do que nunca.",Vocês não querem democracia representativa. Querem totalitarismo à sombra de Bolsonaro.,2,0.1383021175861358,0.8616978526115417,,Alta
"A censura do Brasil, Alexandre o ditador do Brasil. Até quando isso.... reajam GENERAIS.","Essa geração mimimi, que não viveram na ditadura, acham que ditadura era falar o que desse na telha sem censura. Se estivéssemos na ditadura, não teríamos Twitter e Facebook, e os ""livres pensadores"" estariam sendo perseguidos, presos e torturados.",0,0.1036294400691986,0.8963705897331238,,Alta
O contorcionismo que os esquerdistas fazem pra não admitir que gostam de censurar pensamentos contrários enquanto aplaudem a censura que o STF promoveu é linda e cômica.,"a censura nao é comica, nunca foi e nunca será, o que é comico é ver que os mesmos ativistas de direita que pediam a volta do AI-5 hj estao reclamando da censura, o que é pura hipocrisia da parte de voces! afinal, oq vc acha que foi o AI-5?",1,0.1683833748102188,0.8316165804862976,,Alta
"olha não tô aqui defendendo o governo, tô aqui falando sobre censura! se você concorda com censura, você também concorda com ditadura, e me desculpe mas eu abomino isso.","Agora eu defendo a ditadura viu gente, vou colocar na minha bio pra todo mundo saber",2,0.1518521904945373,0.8481478691101074,,Alta
Pode isso? Bernardo P Kuster “ensinando” como burlar o bloqueio imposto a ele e outros investigados no inquérito das fake news? É o tutorial do gabinete do ódio?,Pode isso?,2,0.1438213437795639,0.8561786413192749,,Alta
Sobre a censura no Brasil,"Liberal hoje: ""hehehe censuram aqueles baba-ovos bolsonaristas, que se fodam""  Liberal no futuro: ""removeram meus perfis na internet, isso é censura e perseguição""",0,0.1059663593769073,0.894033670425415,,Alta
"Não há como aceitar a censura. Não há como aceitar que aplaudam a censura. Liberdade de expressão a todos, aqueles que pensam como eu e os que pensam de forma diferente.","Estou assustada com o STF fechando canais de conservadores. Dá dor de estômago. O que podemos fazer contra essa censura, essa ditadura? Parece que os nossos representantes eleitos estão anestesiados?",1,0.1633060127496719,0.8366940021514893,,Alta
"Aguenta a choradeira dos fascistoides, que vão falar em censura, blablablá","Fala isso na cara de um cidadão comum, jornaz",2,0.1386854797601699,0.8613144755363464,,Alta
"Já fui dono de jornal no Nordeste e censura contra mídias de direita sempre houve até os dias atuais, lá a censura funciona, pois quem não aceita é caixão ou tem que fugir, políticos, polícia, juízes e empresários trabalham juntos e misturados do lado da esquerda, infelizmente.",Alexandre de Moraes vocês não vão calar a boca nunca povo da direita,0,0.1586337238550186,0.8413662910461426,,Alta
"Várias contas foram retidas do Twitter sob a justificativa de ""demanda legal"". , ,  e outros, todos defensores do governo e críticos do STF. Do que se trata? Não foram notificados de nada ainda. É o tal inquérito ilegal? Isso é censura!","Concordo totalmente. Censura é isso que está acontecendo. Fico olhando os posts podre da turma da esquerda, mas eles, tudo pode.",2,0.1532928198575973,0.8467072248458862,,Alta
"Não é uma delícia ver a galera que pedia um AI-5 chorando e gritando CENSURA?   Foi uma decisão judicial, esses imbecís confundem PUNIÇÃO com CENSURA.  A única coisa boa é ver esse “fugitivos da inteligência” chorando nas redes. Criticando a censura e o “livre mercado”",Pera você tá justificando pedir AI-5 então,2,0.1581409871578216,0.841858983039856,,Alta
"Zambelli, tem como você me explicar como que subir essa hashtag até os trending topics mundiais vai acabar com a censura?",Censura? Cambada de assassinos irresponsáveis.... incentivar uso de medicamentos não comorovados?,1,0.1221674382686615,0.8778325319290161,,Alta
"Não é uma delícia ver a galera que pedia um AI-5 chorando e gritando CENSURA?   Foi uma decisão judicial, esses imbecís confundem PUNIÇÃO com CENSURA.  A única coisa boa é ver esse “fugitivos da inteligência” chorando nas redes. Criticando a censura e o “livre mercado”","Quem, como eu, viveu durante o regime militar NUNCA viu a tal censura que os esquerdistas bandidos bradam, isso esta acontecendo agora, com o apoio da bandidolatria.",1,0.1176322028040885,0.8823677897453308,,Alta
Defendo leis. Vc censura e discriminação.,Não defendi censura.,1,0.1662630587816238,0.8337368965148926,,Alta
"Falta de Estudo não é!  Hidroxocloroquina reduziu taxa de mortalidade quando administrada em pacientes com covid-19, concluiu estudo do hospital Henry Ford -  #BolsonaroSempreTeveRazao",bora censurar as fake news que diziam que hidroxicloroquina não ajudava em nada? vai ter que censurar muito esquerdista né. pau que dá em chico no STF só bate no chico mesmo  #STFVergonhaNacional  #FreedomOfSpeech,2,0.1517511755228042,0.8482487797737122,,Alta
"Amigos aqui é Roberto Jefferson. Entrei na conta da minha filha para agradecer a todos pelo apoio. Em breve estaremos juntos novamente! Alexandre, não temo sua tirania!",VAI DERRUBAR A CONTA DA SUA FILHA TAMBEM,2,0.1688951849937439,0.8311048746109009,,Alta
"Amigos aqui é Roberto Jefferson. Entrei na conta da minha filha para agradecer a todos pelo apoio. Em breve estaremos juntos novamente! Alexandre, não temo sua tirania!","Sua filha é aquela que deve pra empregados né? Sei, sei",2,0.1259354948997497,0.874064564704895,,Alta
"Família Bolsonaro e sua claque fizeram campanha contra CPI da Lava Toga, que investigaria Toffoli, inclusive por abrir inquérito das fake news. Motivo: Toffoli segurava investigação sobre Flávio Bolsonaro. Agora eles são alvos do inquérito e acusam censura. Agem por conveniência.",Como que vc como jornalista apoia essa censura? Muita vergonha de um dia ter seguido vc!!,2,0.1043800339102745,0.8956199884414673,,Alta
"O que o Sr. pode  fazer,conforme os parâmetros legais baseado a CF em favor da liberdade de expressão,manifestação e da imprensa contra a censura imposta pelo STF","Os bolsoristas vivem pedindo o fechamento do congresso e AI-5, agora estão reclamando de censura? Cara com lágrimas de alegria   #JornalNacional #CENSURA #AI-5 #alexandredemoraes",0,0.1160707250237464,0.8839292526245117,,Alta
"Liberdade de expressão é um tema SUPRAPARTIDÁRIO. Qualquer tipo de censura é abjeta. Usar o poder estatal pra calar qualquer indivíduo é uma aberração; não importa qual seja a opinião, goste dela ou não, todos devem ter o seu direito constitucional assegurado de expressá-la.","Estamos em plena ditadura do #STFVergonhaNacional , infelizmente a liberdade de expressão dos conservadores foi calada. Enquanto isso a esquerda cometi fakes news e o cabeça de ovo se faz que nem vê.",1,0.1656888127326965,0.8343111276626587,,Alta
Censura nunca mais.,Abram o olho. Vcs também já foram censurados pelo senhor Alexandre de Moraes. Esqueceu?? Hoje são eles... amanhã é vcs. Despertem.,1,0.1257711350917816,0.8742288947105408,,Alta
"Não há como aceitar a censura. Não há como aceitar que aplaudam a censura. Liberdade de expressão a todos, aqueles que pensam como eu e os que pensam de forma diferente.",A censura merece reprovação mais também não deve ser desculpas para a falta de respeito e o incentivo ao ódio.,1,0.1462407857179641,0.853759229183197,,Alta
Qual é a relevância dos termos democrata e judeu nesta conversa?,"Ele suspeita que vc apesar de se considerar um democrata, seja condescendente com a censura é contra os que vc não gosta. Talvez  o judeu diga respeito ao comportamento de boa parte do povo alemão diante da escalada anti-semita.",1,0.1353413015604019,0.8646586537361145,,Alta
"Infelizmente, a censura no Brasil já é uma realidade. Se a situação não for revertida RAPIDAMENTE, estarão certos de que poderão prosseguir com todas as medidas autoritárias. É um caminho sem volta. O Brasil está sob uma ditadura do Judiciário. Canalhas et caterva aplaudem.",#Ditadura no Brasil,2,0.9901297688484192,0.0098702935501933,,Random
Espero que resulte em resultados. #GovernoDeFraudes,"Ahhhh... Vai ter sim. Quando se trata de  ""MUITOS PROCESSOS"" os Senhores Defensores fazem acontecer. #GovernoDeFraudes",1,0.9788337349891664,0.0211662296205759,,Random
"Chegou a vez dos nanicos de direita, vamos mostrar nossa força! #STFVergonhaNacional","...""bom dia; com alegria e sabedoria; que o Grande Arquiteto do Universo nos abençoe e guarde; simplesmente 10; nota 10; com certeza; sempre; prá kbbbá""... #RFM. em Clube Náutico Araraquara",0,0.9866644144058228,0.0133355958387255,,Random
"Bob jeff já deu a cartada mostrando a que veio... Não duvido do seu arrependimento, jamais diria isso, por que me arrependo de algo de hora em hora. Mas ele começará a usar o Twitter da filha, alçando o nome Cristiane para o cenário Nacional. Estou de olho Roberto Jefferson",Cristiane Brasil tem umas historinhas cabulosas...,2,0.9581013917922974,0.041898563504219,,Random
JORNALISTA OSWALDO EUSTÁQUIO FOI PRESO PORQUE DESCOBRIU ESQUEMA BOMBA CHEFIADO PELA ESPOSA DE  do,"JORNALISTA OSWALDO EUSTÁQUIO FOI PRESO, PORQUE DESCOBRIU ESQUEMA BOMBA CHEFIADO PELA ESPOSA DE  do  via O Cérebro  As perseguições contra conservadores que falam a VERDADE continua.  O criminoso quer encobrir a VERDADE!",2,0.988569438457489,0.0114305038005113,,Random
Quando Alexandre de Moraes irá censurar os perfis que chamam Bolsonaro de genocida? Quando Alexandre de Moraes irá censurar os perfis que desejam a morte do presidente? O inquérito das Fake News é a forma que o STF encontrou para tentar derrotar Bolsonaro em 2022.,Não vai adiantar!!,2,0.9933483004570008,0.0066517381928861,,Random
"Barroso, do STF, debate política e juventude com Felipe Neto  nesta quinta-feira (30) (por )",A que ponto chegou o STF.  Mais uma vergonha para o currículo do . Vergonhoso.  #STFVergonhaNacional,2,0.9929613471031188,0.0070385988801717,,Random
"Inquérito da Fakenews investiga ataques aos ministros do STF.  Hj,Roberto Jefferson,aliado de  postou:  “Oro todos os dias p/ q Deus QUEBRE as mãos de Barroso,Fachin e Alexandre deMoraes. Deus me permita assistir sua derrota e execração aos olhos do povo brasileiro’",Quem apoia ou segue Roberto Jefferson é um canalha safado igual a ele.,1,0.9862653613090516,0.0137345921248197,,Random
"Existe uma lógica perversa em se exigir que o MBL defenda bolsonaristas de censura enquanto eles torcem (e até contribuem) pra que nossos membros sejam presos ou percam o emprego. Regra básica: não se solidariza, politicamente, com alguém que lhe quer destruído.",Não estão sendo maus. Estão sendo francos. Distância dos bolsopetistas é tudo de bom. Que esses bolsoptralhas esperem a solidariedade do #Bolsonaro171,2,0.9729265570640564,0.0270734336227178,,Random
"CARTA ABERTA AO SENADO  SRS SENADORES   CENSURA NÃO    Além do IMPEACHMENT do min Alexandre de Moraes (STF), exigimos a PEC DA BENGALA APROVADA e com URGÊNCIA!  Atenciosamente,  O povo! #ImpeachmentAlexandreDeMoraes","Grande dia Depois de três anos hj irei assistir o JN na #globolixo, só pra ver a cara de babaca dos apresentadores cuzões dizendo que o  lidera as pesquisas Presidências 2022. Grande dia",0,0.9910083413124084,0.0089917248114943,,Random
Alexandre de Moraes precisa receber voz de prisão. Ele é um juiz constitucional. Ele não é um jagunço.,Ele é o pior dos bandidos #STFVergonhaNacional,1,0.969507932662964,0.0304920431226491,,Random
A PGR pediu para que eu não fosse transferida para prisão comum.  A PGR também pediu para que as redes sociais dos conservadores NÃO FOSSEM BLOQUEADAS.  O STF está cagando para as determinações do Aras.,"É isso. Se o povo não se mexer e ir para as ruas pedir liberdade de expressão, impeachment do Alexandre de Moraes em protestos durante a semana, VAI FICAR IMPOSSÍVEL.   Mas eu tenho coragem de fazer isso, pena que 80% dos Bolsonaristas tem medo.",2,0.9900994896888732,0.0099004749208688,,Random
"Bom dia petista do meu Brasil e do mundo. Venho aqui pedir ajuda a uma grande guerreira petista de 68 anos de idade, ela e mãe de dois filhos avó de 5 netos e todos moram com ela em um pequeno barraco. A dois meses atrás eu ajudei assim como ajudei a muitos nessa fase tão difícil",A CENSURA DO MINISTRO ALEXANDRE DE MORAES CONTRA  OS APOIADORES DO BOLSONARO É  UMA  VERGONHA  JURÍDICA NÃO ESQUEÇA DE DAR O SEU LIKE! NÃO TENHA MEDO!!!,0,0.9840711355209352,0.015928927809,,Random
23:59 - A censura não deve ser tolerada !!! A liberdade de expressão deve ser respeitada   00:00 - HAHAHAHAHA  censura msm esses reacionários   #CensuraNao,"Num país onde a grande maioria da população é conservadora, o STF criminalizou o conservadorismo e a direita.  É oficial: Estamos vivendo sob a única ditadura do Judiciário existente nesse planeta. Bem-vindos ao Brasil! #VozParaBernardoKuster",0,0.9813852310180664,0.0186148192733526,,Random
SEXTA-FEIRA DA VERGONHA Alexandre de Moraes manda censurar perfis do jornalista Bernardo Küster (diretor do BSM) e vários outros conservadores. É a mais vasta operação de censura já vista na internet brasileira. #VozParaBernardoKuster,"A tolice da tirania revolucionária materializada por infantis agentes sem alma pratica todas as formas de censura contra a oposição inteligente que serve ao bem e à verdade. Já vimos isso com Lênin, com Stalin, com Mao, com Hitler e com outros disseminadores do ódio.",1,0.8385811448097229,0.1614188700914383,,Random
Vivemos em uma ditadura da toga #VozParaBernardoKuster,Ditadura da toga ! #VozParaBernardoKuster,1,0.9862061142921448,0.0137938717380166,,Random
Os outros ministros do STF não farão nada para acabar com a censura imposta pelo ditador Alexandre de Moraes e puni-lo? Os Senadores não levarão adiante o impeachment?   Estou estudando todos os meios de ação que temos para agir.   A ditadura da toga não prevalecerá.,Precisamos reagir!!,2,0.98899507522583,0.0110049052163958,,Random
"Só os selos de ""antifascista"" comemorando fascismo com isso aí da censura. Vocês são burros. Eu sou burro, mas vocês se superam. Ou são mau-caráter, não tem meio termo.",Temos q organizar uma mega manifestação para pedir o impeachment do Alexandre de morais Urgente,0,0.9660074710845948,0.0339925028383731,,Random
"Nossa parabéns pra mim queimei o almoço inteiro, grande dia",eu amo as pessoas debatendo se é censura ou se nao é quando as regras do jogo democrático foram jogadas no ralo desde 2016 e a gente está colhendo as consequências disso da forma mais caótica possível  não dá pra aplicar regras democráticas a quem já estabeleceu o facismo.,0,0.9379942417144777,0.0620058216154575,,Random
Bob Jef voltou !,Pq a pessoa faz isso??? Roberto Jefferson acabou de usar o Twitter da filha p dar um salve p todo mundo.,2,0.973129391670227,0.026870597153902,,Random
"A luta é grande, mas a derrota é certa.  Bom sábado pra voces, bom dia","os bolsominion chamando de censura conta de fake news e acusaçao falsa ter caído, pena ne",0,0.2901080548763275,0.7098919153213501,,Random
"Jesus da Goiabeira, grande dia! Luto todos os dias pelo combate ao ódio e fake news! Esses dois ingredientes são inimigos da democracia!",Amém,2,0.9774395227432252,0.0225604940205812,,Random
A CNN diz ter tido acesso ao Processo do Çupremu sobre Fake News.  As investigações foram baseadas principalmente nos depoimentos e denúncias de Joice Hasselmann e Alexandre Frota (Apenso 70).  E eles estão de fora?,Ah já sei porque  #STFVergonhaNacional,2,0.9942409992218018,0.0057590287178754,,Random
"Parece que hoje é um grande dia!  Tá rolando uma limpeza nas redes sociais de contas ""robôs"" que disseminam fake news.  Triste demais para quem investiu nisso, MARAVILHOSO para toda a população que tem acesso à internet.","Pelo o que eu me lembro veio daí dos togados comentários q Jair Bolsonaro era um ditador, nazista, autoritário... E o que o povo tá vendo é um supremo rasgando os direitos constitucionais e agindo como se fosse a gestapo. #TenhoNOJOdoSTF #STFVergonhaNacional",0,0.973620057106018,0.0263799969106912,,Random
URGENTE: SENADORES impeachment de Alexandre de Moraes é IMPERATIVO.Será q não existem 41 Senadores dignos para pressionar o Batoré? A culpa dos atos desse ditador vem da omissão d vcs. Senador que não se posicionar abertamente é a favor da CENSURA! #ImpeachmentAlexandreDeMoraes,A maioria com rabo preso.,2,0.9782906174659728,0.0217094216495752,,Random
Alexandre de Moraes precisa receber voz de prisão. Ele é um juiz constitucional. Ele não é um jagunço.,"Ele nem JUIZ é, ele é advogado, só.",2,0.4612762928009033,0.5387237668037415,,Incerta
"Amigos aqui é Roberto Jefferson. Entrei na conta da minha filha para agradecer a todos pelo apoio. Em breve estaremos juntos novamente! Alexandre, não temo sua tirania!","Bob....só confiamos e acreditamos em vc ., a direita é muito fraca, não permanecerá no comando, pois todos sabemos  que pra governar tem que aniquilar os adversários.",2,0.5340288281440735,0.4659712314605713,,Incerta
"Branca chorando pq uma pessoa falou q preferia o cabelo dela grande, imagina se ela escutasse comentários como ""bombril"" ""arbusto"" ""alisa"" ""prefiro de trança"" ""deu choque"". Ela ia se matar no primeiro dia, ai esse povo da mt biscoito pra branco mimado acham q a vida é um morango.","oq eu mais escutei na minha vida foi comentário racista sobre a minha aparência mas isso n faz pior do qual ela escutou, até pq a gnt não sabe se veio de alguém importante pra ela",2,0.4980244636535644,0.5019754767417908,,Incerta
"Queridos filhos e netos.  Tentei lutar por um Brasil melhor para vocês,mais digno, mais ético,livre da corrupção. Um país que cuidasse dos menos favorecidos nos quais os cidadãos amassem as cores de sua bandeira e tivessem LIBERDADE de opinião. Não foi possível,a censura chegou.",Censura eu não vou aplaudir nunca mesmo.,0,0.4766125380992889,0.5233874320983887,,Incerta
"Exemplo de maturidade: cheguei em casa, tava a minha ex (mãe da minha filha) e minha atual conversando e rindo. A ex, postou na sua rede social, um vídeo da atual brincando com a minha filha. Clima harmonioso. Paz. Um dia feliz.",Que Deus me de essa maturidade pq o ciúme do meu filho é grande kkk,2,0.5255192518234253,0.4744807779788971,,Incerta
"#JornalDaCNN A partir do momento em que a decisão de derrubar contas ė monocrática e abusiva do Alexandre de Moraes, é autoritarismo, ativismo e censura sim. Intimidação infame e ditatorial contra a liberdade de expressão. Justo quando o nome do próprio Moraes começa a aparecer","Não há como negociar a liberdade de expressão, pois censura e injustiça contra um, é censura e injustiça contra todos. Usar o poder para calar indivíduos, atropelando a Constituição, é uma aberração.",0,0.5986139178276062,0.401386022567749,,Incerta
Sobre as contas derrubadas!  Isso me parece perseguição. #Vergonha,#VozParaBernardoKuster  o que está acontecendo nesse país !? Pra que serve o STF ?  Para perseguição do Povo Conservador !!??? Inadmissível !!!,2,0.5517734885215759,0.4482265412807464,,Incerta
ain mais pq censura as contas n sei o que lá  eles não gostam de ditadura militar?????,"Melhor analisando a questão, não posso concorda com os bloqueios das contas do Twitter determinadas pelo Ministro. A liberdade de expressão não pode sofrer censura prévia, instrumento da tirania, ainda q seu uso venha se dando para finalidades antidemocráticas.",0,0.5689477324485779,0.4310522675514221,,Incerta
"eu perdi meu celular dentro de casa.  literalmente.  tô desde três e meia procurando. já rodei a casa inteira, fui em lugares que nem passei, virei meu quarto ao avesso e até agora nada. tentei puxar da memória mas não tenho nem idéia de onde pode estar.  grande dia",isso acontece MUITO comigo você não tem noção eu perco TUDO entro da minha própria &gt;&gt;casa&lt;&lt; velho,2,0.553444504737854,0.4465554356575012,,Incerta
A esquerdalha cria a enquete e tentam fazer com que vençam na própria bolha e nem assim conseguem.  #STFVergonhaNacional #STFNaoVaiNosCalar #FreedomOfSpeech,"Fazem a enquete e quando vêem o resultado, apagam! Não sabem que existe a função ""printar""????",2,0.5785902142524719,0.4214097857475281,,Incerta
"o inglês de vocês é básico, intermediário ou fluente?","Eis a grande pergunta, às vezes me sinto master, às vezes mais ou menos. Tem dia que eu sou a própria analfabeta",2,0.5433202981948853,0.4566796720027923,,Incerta
"Quem aplaude hoje, amanhã pode ser alvo da censura do STF. Só lembrando.","É inaceitável a censura. É inaceitável que apoiem a censura. A todos, a aqueles que pensam como eu e os que pensam de forma diferente: liberdade de expressão.",0,0.4386633336544037,0.5613366961479187,,Incerta
O tiranete Alexandre de Moraes passou de todos os limites. Ele agora decide sozinho qual informação pode circular no país? Ele decide quem fala e quem cala a boca? Ou os democratas reagem agora a este ato de censura s/ precedentes ou não podem mais falar em liberdade de expressão,"É vdd temos q reagir fortemente a esse ato insano q o louco d  inconsequentemente+1 vez faz ao Brasil!  a culpa é sua,como vc bota 1catrevagem dessa q sai do #PCC e vem só destruir o Brasil? #Canalhas #FreedomOfSpeech #STFVergonhaNacional #StfNaoVaiNosCalar",1,0.5193790793418884,0.4806209504604339,,Incerta
Alguém lamentou?,Foi um GRANDE DIA! agora o blogueirinho   podia fazer  a  dancinha  do fracasso,1,0.5616503953933716,0.4383496642112732,,Incerta
"Fiquei sabendo que a China tem censurado a igreja , fechado os templos e prendendo pastores. Vamos orar por nossos irmãos chineses! #censura #naoacensura","Você teme minha palavra.   Sem argumento melhor, me censura.  Acha que com isso vou mudar minha opinião?  Tolo!   Você só tem ""poder"" para tirar minha palavra, não meu pensamento!  Minha crença na verdade só aumenta!  Como você quer ser lembrado?",0,0.57464599609375,0.42535400390625,,Incerta
Sobre contas de conservadores sendo banidas: a liberdade de expressão é direito fundamental garantido em nossa Constituição e deve ser válida para todos.,"Roberto Jefferson conservador é de cair o cu da banda, heim bananhinha...",1,0.4687015414237976,0.5312983989715576,,Incerta
"Pobre do país, que tem uma Suprema Corte a qual se preocupa com a liberdade de opinião alheia e, mediante censura, restringe esse direito fundamental. O STF afunda a moral do Brasil a cada despacho.","os bolsominion chamando de censura conta de fake news e acusaçao falsa ter caído, pena ne",0,0.5022034645080566,0.4977964758872986,,Incerta
"Hoje eu entendo minha mãe quando ela diz ""se tu não tá bem, nada que tu cozinhar vai dar certo"". Aprendi com ela que você sabe quando a comida vai ficar boa pelo empenho que você tá colocando Tô com um arroz no fogo e já tenho certeza que não vai estar bom.  0 vontade de cozinhar",Minha mãe se mostra certa outra vez.  Hoje acordei muito dono de casa responsável e fui fazer comida pra semana (tava inspirado)  Acabei de fazer o melhor almoço que eu já cozinhei na vida! Grande e lindo dia!,2,0.4168509542942047,0.5831490755081177,,Incerta
Temos que ir para o Parler para tentar fugir dessa ditadura. #STFVergonhaNacional #STFOrganizacaoCriminosa  Censura: Twitter cumpre decisão de Alexandre de Moraes e retira do ar contas de Bolsonaristas | Portal Novo Norte Notícias  via portalnovonorte,"Ou você pede AI-5 ou você reclama da censura, os dois não dá",0,0.4664795100688934,0.5335204601287842,,Incerta
"A questão aqui não é Bolsonaro, e sim CENSURA imposta pelo STF, NÃO FUJA do debate. Lembre-se a próxima a ser censurada pode ser á esquerda tupiniquim.","Primeiro que estar falando de censura,envolve sim o Bolsonaro. Pois essas informações falsas que eram passadas,muitas vezes eram para promover o Bolsonaro. Então sim envolve ele sim. E outra coisa, vcs não tem liberdade de expressão para passar informações falsas...",1,0.4396168291568756,0.560383141040802,,Incerta
"Gostaria de saber o que a diretoria da Sociedade Esportiva Palmeiras faria com um ""jornalista"" que defende a Censura, e que tinha como capa do Facebook (tenho FILMADO) um logo do Corinthians com a legenda ""Minha vida"", o que o clube faria. Esse cara tem entrada Free no Allianz+","(+) E o mais estranho é que ele upou essa foto no Facebook 3 dias antes daquela maldita final de Paulista que fomos assaltados dentro da nossa própria casa, e, que ESTRANHAMENTE, o rival ENVELOPOU um de nossos vestiários com adesivos deles. Vou marcar algumas  aqui logo mais...",2,0.5827880501747131,0.4172119200229645,,Incerta
Domingo é aniversário da Ana e eu estou com uma nostalgia tão grande vendo as fotos do dia que ela nasceu,hoje o dia tá uma grande merda,0,0.592822790145874,0.407177209854126,,Incerta
O Roberto Jefferson não entrou nesse jogo pra desistir à toa.  O jogo dele é chegar à Presidência. Quem aposta?  Moro abriu o caminho com sua traição.   Bolsonaro não contra-ataca o eixo do mal e pode perder espaço com o povo assim.  Já Trump é Trump e não tem medo dos chineses.,"Ou vocês pedem a volta da ditadura ou reclamam de censura. Os dois não dá, meus queridos",0,0.456680417060852,0.543319582939148,,Incerta
vou dormi q amanhã tenho que acordar 6 pra meio dia pra ficar deitada,"o grande motivo do meu sono desregulado é simplesmente a falta de compromisso com horários. inconscientemente meu corpo entende que não tem motivo pra ""se forçar"" a dormir já que não tem motivo pra acordar, daí só dorme por necessidade",2,0.5831753611564636,0.4168246984481811,,Incerta
"15. A segunda - e esta precisa sim de aprimoramento legal - é que difamação é coisa séria. Não é coisa para indenização vagabunda de R$ 10 mil reais e coisa do tipo. No Brasil, é barato difamar, principalmente para a grande mídia - e isto precisa mudar. Real skin in the game!!",Você não verá isso na mídia. Não MESMO!!!,2,0.5343690514564514,0.4656308889389038,,Incerta
"Amigos aqui é Roberto Jefferson. Entrei na conta da minha filha para agradecer a todos pelo apoio. Em breve estaremos juntos novamente! Alexandre, não temo sua tirania!","Estamos no aguardo Roberto, enquanto isso vai postando na conta dela ...",2,0.545583963394165,0.4544160366058349,,Incerta
"Nem gosto dos caras que tiveram a conta suspensa, mas hoje acontece com eles mas amanhã pode acontecer com a gente. Qual o nome que a gente utiliza mesmo quando uma autoridade nos censura devido a críticas que a gente faz a instituição ?","Censura ou justiça? Se comete crimes está sujeito a punição. Ou tu faz as coisas erradas e não espera ser punido? Havia investigação, não foi sem motivo. Censura seria se fosse algo prévio.",1,0.4300301373004913,0.569969892501831,,Incerta
Os tt deles estão funcionando normalmente  Daqui da Irlanda vejo aberrações como essas da Invernosa falando coisas horríveis do Alexandre de Moraes. Os brasileiros não estão vendo mas aqui eles estão postando normal.,"Lembrei desta outra diva, estilo Tsunade, a  .  #GovernoDeFraudes . Quer dizer que na Irlanda....vamos ver se o  e a  estão vendo. Pode set o jatleg do  . Çei não.",2,0.55055832862854,0.4494417607784271,,Incerta
Rapaz o Roberto Jefferson está jogando no ventilador geral!,Está dizendo a verdade.,2,0.5145688056945801,0.4854311645030975,,Incerta
Twitter e Facebook oficialmente comunistas,Galera que pedia ditadura de volta reclamando de censura...,2,0.5957731604576111,0.4042268097400665,,Incerta
"TAG NOVA! Nesse sábado (25/07) às 15:00h, nós iremos subir uma hashtag para o filme!  Nesse dia iremos pela primeira vez chamar a atenção da Netflix, conversar sobre o filme, o que esperamos dele, atores, etc... Essa tag é MUITO importante e precisamos de todos vocês aqui!","A intenção da tag não é pra começar a produção, pois eles já começaram, e estão trabalhando à distância. Com reuniões por ligações, zoom, etc. A intenção é pra Netflix ver que tem um fandom grande e priorizar o nosso filme. Explicamos melhor aqui:",2,0.4898087978363037,0.5101912021636963,,Incerta
"Amigos aqui é Roberto Jefferson. Entrei na conta da minha filha para agradecer a todos pelo apoio. Em breve estaremos juntos novamente! Alexandre, não temo sua tirania!","Atos antidemocráticos só existem no .   vocês estão de joelhos, envergonhando o povo brasileiro, permitindo esses atos de censura e perseguição política. O povo irá cobrar essa conta de vocês.",1,0.4812230765819549,0.5187768936157227,,Incerta
Não existe mais a censura velada agora o STF instituiu a censura explícita. Cidadãos não podem mais exercer o direito de ter opinião.,Quero só ver se alguém do governo do PR  vai se mexer depois da instauração da censura pelo STF!,0,0.4163998365402221,0.5836001634597778,,Incerta
Já cancelou sua assinatura na grande mídia hoje?  Estadão: 0800 014 7720 Folha: 0800 140 090 Globo: 0800 881 8000 Veja: 0800 775 2112  ISTOÉ: 0800 888 2111,Vamus cancelar,2,0.5345174074172974,0.4654825925827026,,Incerta
Os conservadores foram criminalizados no Brasil.  Só há liberdade de expressão se você seguir a cartilha socialista e não criticar o establishment.  Censura e perseguição.,"Cadê os defensores da democracia? Principalmente os jornalistas que estão vendo colegas de profissão sendo censurados.Os mesmos que colocam selinho ""Jornalista Antifascista"" acreditando em um fascismo imaginário, agora se calam diante da verdadeira DITADURA que o judiciário impõe",2,0.5549111366271973,0.4450888633728027,,Incerta
"Por gentileza, sigam o Sr Edson Salomão, um dos censurados ontem pelo ditador togado Alexandre de Moraes, por este outro perfil:",Avá. Não tem nem ideia do que é censura.,1,0.4328038692474365,0.5671961903572083,,Incerta
Subir hashtag contra a censura é o novo sair pelada na rua contra o machismo.  Ambos chamam atenção pra caramba. Só não sei quanto a eficiência.,ai que absurdo realista e comico  kkkkkkkkkkkkkkkkkkkkkkkkkkkkkkkkkkkkkkkkkkkkkkkkkkkkkkkkkkkkkkkkkkkkkkkkkkkkkkkkkkkkkkkkkkkkkkkkkkkkkkkkkkkkkkkkkkkkkkk,2,0.4544866681098938,0.5455133318901062,,Incerta
comemorando o dia do escritir com um grande bloqueio criativo,"Alexandre de Morais é um ignorante tão em informática que o pseudo bloqueio das contas é tão facilmente burlável...  Bom, esperar o que de quem pediu ao Instagram a monetização das contas...",0,0.557960033416748,0.4420399963855743,,Incerta
URGENTE: SENADORES impeachment de Alexandre de Moraes é IMPERATIVO.Será q não existem 41 Senadores dignos para pressionar o Batoré? A culpa dos atos desse ditador vem da omissão d vcs. Senador que não se posicionar abertamente é a favor da CENSURA! #ImpeachmentAlexandreDeMoraes,"Vc acredita em mula sem cabeça? O Senado é composto de ladrões, lobistas e frouxos/covardes. São a escória da sociedade que nós, trouxas, elegemos. Falo por mês m que votei no menino de recados do Aécio Neves, Anastásia e o lobista Rodrigo Pacheco, na verdade duas",2,0.5925580859184265,0.4074419736862182,,Incerta
"Não é uma delícia ver a galera que pedia um AI-5 chorando e gritando CENSURA?   Foi uma decisão judicial, esses imbecís confundem PUNIÇÃO com CENSURA.  A única coisa boa é ver esse “fugitivos da inteligência” chorando nas redes. Criticando a censura e o “livre mercado”",Censura mudou de nome e agora faz sentido?!,1,0.5668177604675293,0.4331822097301483,,Incerta
O presidente e seus queridos generais farão algo para proteger a liberdade e os direitos civis diariamente pisoteados pelos imperadores  da toga? O futuro do Brasil depende da resposta a essa pergunta.,Olavo tem razão... Cadê nossa liberdade? Estamos vivendo sob censura...,2,0.5659065842628479,0.4340933561325073,,Incerta
O tiranete Alexandre de Moraes passou de todos os limites. Ele agora decide sozinho qual informação pode circular no país? Ele decide quem fala e quem cala a boca? Ou os democratas reagem agora a este ato de censura s/ precedentes ou não podem mais falar em liberdade de expressão,"Passou e muito dos limites   e ! Se vcs não pararem esse ministro, ele não terá limites! Precisamos das ações de você!",2,0.5105466842651367,0.4894533157348633,,Incerta
Alan terça livre entrevistando o Roberto jefferson  KKKKKKKKKKKKKKKKKK o cara do mensalão e o cachorrinho do bolsonaro,"Em entrevista, sem corte ou censura, para o Portal Terça Livre hoje  avisa que p PTB não vai apoiar PSDB ou DEM no Brasil inteiro! #Eleições2020  #Bolsonaro2022",0,0.4960107803344726,0.5039892196655273,,Incerta
O Senhor é uma Vergonha para o Senado Federal. O pior Senador de todos.,Ninguém vota em quem apoia censura não...,2,0.5410783290863037,0.458921730518341,,Incerta
"Chamar o Moraes de cabeça de ovo ou mandá-lo comer lagosta, não é tática de luta pelo governo. Liberdade de expressão sim, mas não use a narrativa como justificativa dos seus ataques pessoais contra o STF. A censura é inaceitável, porém não engane seus seguidores com vitimismo.","Esse cara é muito confuso. Mistura liberdade de expressão com defesa política do governo. De resto, fica parecendo que o Alexandre Moraes instalou um inquérito ilegal porque meia-dúzia o chamou de cabeça de piroca",2,0.4447303116321563,0.555269718170166,,Incerta
"Não tem jeito, a fase de respiração por aparelhos já passou, agora a liberdade de expressão está em fase terminal. O diagnóstico é extremamente preocupante. Não sabemos se sobrevirá uns dias ou apenas uns meses.  O último a sair apague a luz.  #STFVergonhaNacional",O que está acontecendo é muito sério #VozParaBernardoKuster,0,0.4514169692993164,0.5485830903053284,,Incerta
"O secretário de Trump, Mike Pompeo, ameaçou a China de novo e pediu uma cruzada global contra o comunismo. Pode? Alguém precisa avisá-lo, que o mundo todo está contra o governo dele. O povo de todo mundo espera que o povo dos EUA  tire esses insanos da casa branca.",E aproveite e tire esse #GovernoDeFraudes,2,0.4728783071041107,0.5271217226982117,,Incerta
"Quanto aos que dizem que hoje é um grande dia, apenas se lembrem que os que são entusiastas pela guilhotina também tem pescoço.","Em tempo, escrevo o que escrevo por princípio, como já disse, mas a turma que defende AI-5 não tem princípio, nem moral, nem inteligência para reclamar de censura.",1,0.4940651655197143,0.5059347748756409,,Incerta
"Sempre muito descontraído ao tratar do assunto, em suas fotos segurando a cloroquina, Bolsonaro transmitiu uma mensagem sobre o seu tratamento, fazendo uma propaganda legítima. Estamos felizes por sua recuperação. Certamente, o histórico de atleta ajudou. Grande dia!","Ou seja, histórico de atleta + Cloroquina = Cura do Vírus chinês... . .  #BolsonaroTemRazao",2,0.5622257590293884,0.4377742409706116,,Incerta
"Nós, do baixo clero (no meu caso, do baixíssimo), não seremos atingidos pela censura. Ao menos por enquanto.","É por causa do baixo clero que está acontecendo essa merda todo. Sem audiência os influenciadores não tem audiências. Como o baixo clero passou a ter acesso as informações, a corte dos supremos querem nos manter cegos.",2,0.4497599601745605,0.5502399802207947,,Incerta
"Pois é! E na cara de pau vem o argumento da “censura”, “liberdade de expressão”... Pra injuriar, caluniar, ameaçar...","Pois é... ""tadinhos""... ora ora que eles são contra censura...covardes da pior espécie.",1,0.1081733331084251,0.8918266296386719,,Alta
"Escutem coisas estranhas estão acontecendo, não é por acaso a censura, o cerco está se fechando , Bolsonaro está indo pra cima e togados estão tremendo na base . Se um cair, todos irão.",TODOS IRÃO CAIR.,2,0.1612958312034607,0.8387041091918945,,Alta
"No dia de hoje, pessoas foram retiradas do debate político. Se vc fica feliz por isso é pp você não consegue derrubar o argumento e só lhe resta a censura para que a sua ideia nao seja derrotada. Como aconteceu em 2018. Como segundo pesquisas que SAIRAM HOJE, acontecerá em 2022.",e censura não é retirado com argumentos... e sim desobediência civil,1,0.1337946653366089,0.8662053346633911,,Alta
"O nome disso dona   é Inveja e olho grande, não é não com você ,acontece com todos ou muitos , te fala é pior que macumba , piranha ,puta ,viado ,sapatona ,baladeira tudo sozinha ... Melhor coisa as pessoas hj em dia por menos prefere perde a amizade","Eu tomo um nojo da pessoa que tu nem sabe a respiração me incomoda,eu quero longe esse tipo de gente,aquele que anda contigo aproveita o que você da ,depois tá falando mal e você e rindo com os outros quero mais longe ainda é o mais sujo que tem .o bom Deus sempre me mostra smp",2,0.1035248786211013,0.896475076675415,,Alta
Não à censura #VozParaBernardoKuster,Isso me fez lembrar dos tempos mais primórdios do twitter onde o pessoal comemorou que contas de pessoas como Cachofra e Stanley caíram por um tempo e uma galera (minoria) achou absurda a censura por mais que nunca jamais concordássemos com eles ou seus métodos.,0,0.1026671305298805,0.8973329067230225,,Alta
"Por que o Senado ainda não inicia o processo de impeachment de Alexandre de Moraes? Não é a 1ª vez que o ministro pratica censura prévia. O alvo anterior foi a revista Crusoé, agora, bolsonaristas.  Não gosto de nenhum dos dois, mas liberdade não pode ser apenas p/ o que gostamos",É censura prévia agir contra ataques às instituições democráticas que garantem a liberdade de expressão?,1,0.1546492278575897,0.8453507423400879,,Alta
"Branca chorando pq uma pessoa falou q preferia o cabelo dela grande, imagina se ela escutasse comentários como ""bombril"" ""arbusto"" ""alisa"" ""prefiro de trança"" ""deu choque"". Ela ia se matar no primeiro dia, ai esse povo da mt biscoito pra branco mimado acham q a vida é um morango.","imagina ser criada com geral colocando na sua cabeça que seu cabelo é ruim, e que cabelo bom é cabelo liso, que tem que alisar p ficar bonita, que menina bonita não usa o cabelo volumoso é o caralho a quatro",2,0.1090318635106086,0.8909680843353271,,Alta
"Pra quem tá perguntando, sim, ano passado a Damares começou uma peregrinação para famílias brasileiras poderem tirar crianças da escola e ensinarem em casa.  Ela defendeu esse método com mto afinco.  Dps da pandemia, parou. Qd viu o povo lidando com a realidade do home-schooling.","Você vê que ele fica completamente incomodado quando encostam no assunto homeschooling, isso porque se derem a opção de não seguir a agenda política passada nas escolas, os progressistas perdem todo o apoio. A cada dia que passa ""A Grande Mentira"" fica mais evidente",2,0.1452022939920425,0.8547977209091187,,Alta
#censura ela chegou!!,"STF safado, censurando opinião #VozParaBernardoKuster",0,0.1876697093248367,0.8123302459716797,,Alta
"Pra quem defende censura, é um povinho bem esquisito esse...","Eles defendem a censura pros outros, mas qdo a justiça manda ela é comunista. Pena que tão suspensos só 24 hrs, deveriam desaparecer da face da Terra",1,0.1490961462259292,0.8509038090705872,,Alta
"É uma injustiça o , a  e a  não serem censurados pelo ministro da verdade Alexandre de Moraes, o que os outros fizeram que eles não?",Pq será que ele n censura o Olavo? Medo?,1,0.1869266182184219,0.8130733370780945,,Alta
"A decisão do FB e do TW de derrubar as contas de apoiadores de  é sem precedentes na rede mundial, que se caracteriza pela ampla liberdade de expressão. A decisão de suspender as contas é contraditória porque a  investigação não está concluída. País sob censura.","Não é somente país ,Brasil,censurado. Estamos vendo as redes sociais deixarem de ser livres e se tornarem um instrumento manipulável. Vendem liberdade ,mas não podem garantir essa liberdade. Qualquer outro país ou usuário pode agora ser censurado e entregue aos ditadores.",2,0.1286824941635131,0.8713175654411316,,Alta
Grande dia indo no hospital fazer raio x da mão,Eu e os tweets q eu formulo e esqueço de postar e nunca mais lembro sobre oq era   Grande dia,0,0.1609008908271789,0.839099109172821,,Alta
#VozParaBernardoKuster censura não!!,"Moraes está promovendo censura, diz senador do MDB -   via",0,0.1585365831851959,0.8414634466171265,,Alta
SEXTOU com ar de grande dia,grande dia para nós,0,0.1839323788881302,0.816067636013031,,Alta
Já vivemos num processo de ditadura. Alexandre de Moraes prova isso.,Não a ditadura da toga  #VozParaBernardoKuster,0,0.1391640454530716,0.8608359694480896,,Alta
"se você comemora essa notícia aqui você apoia censura SIM  nem um pouco diferente dos ""fascistas"" que tanto critica",parece que eu apoio a censura,2,0.1120936647057533,0.8879063725471497,,Alta
"Para quem defendia a morte do presidente, defender a CENSURA é fichinha. Não querem apenas calar o Presidente e seus apoiadores, mas calar e se possível matar. Não lute hoje e amanhã você estará na VENEZUELA.",Lutar é preciso!,2,0.1266686022281646,0.8733313679695129,,Alta
"Não há como aceitar a censura. Não há como aceitar que aplaudam a censura. Liberdade de expressão a todos, aqueles que pensam como eu e os que pensam de forma diferente.","Esses filhos da puta que aplaudem a censura hoje são os mesmos que chorarão amanhã, quando chegar a vez deles.",1,0.1462358683347702,0.8537641167640686,,Alta
O tiranete Alexandre de Moraes passou de todos os limites. Ele agora decide sozinho qual informação pode circular no país? Ele decide quem fala e quem cala a boca? Ou os democratas reagem agora a este ato de censura s/ precedentes ou não podem mais falar em liberdade de expressão,"Mas ué Quem pedia pra fechar congresso e stf agora tá reclamando?  AI-5 no dos outros é refresco, né? E outra, nem é censura. Blogueiros honestos (que não usam fake news difamatória) foi suspenso. Criem vergonha na cara!!!",1,0.171521320939064,0.8284786343574524,,Alta
"tem gente PEDINDO AI5 porque ta incomodado com ""CENSURA"" vcs tem merda na cabeça?","ou seja, pedindo censura ""por causa de censura""... mas a gente sabe como eles gostariam que fosse, uma ditadura para eles, em que eles mandam... são uns idiotas só de pensarem nisso...",1,0.111867606639862,0.8881324529647827,,Alta
tão falando de censura nos trendings será que o papo é sobre lugar de fala?,o papo é censura uai,1,0.103409007191658,0.896591067314148,,Alta
"Concordo com vc em partes, e a questão não é a censura ou ""lados"", só me referi a uma minoria, tratei de uma indecisão. Por fim, a questão é a agressão.","Você tem direito de ser de esquerda, ou do que quiser. Mas olha o que acontece na Venezuela. Na China. Imagina viver num país onde temos que tomar cuidado com o que falamos? Muitos que hoje estão dizendo GRANDE DIA depois vão se arrepender.",1,0.1625378131866455,0.8374621272087097,,Alta
"N estou dizendo que a esquerda censurou, e sim, compartilhando tal decisão como GRANDE DIA! Isso não é grande dia. Quem vai determinar o que é “fake news” ou não? Isso que precisa melhorar. Vc arrancando a voz dos bolsonaristas, só da mais munição para eles atacarem. Pense nisso","Como assim quem vai determinar? Isso é tão óbvio, se eu falo que existe uma mamadeira de piroca nos livros infantis é só pegar e abrir o livro e ver que não tem. É bizarro faar em censura com contas que disparam fake news, isso não é censura é justiça. Seja de qual lado for",1,0.1495861113071441,0.8504138588905334,,Alta
"A esquerda comemorando a CENSURA dos perfis de direita. Sim, essa mesma esquerda q acusou o Presidente de ditador e a nós direitistas d fascistas. A esquerdalha está em festa, mas se esqueceu da música do próprio companheiro q dizia:   ""Apesar de você Amanhã há de ser Outro dia""","cara amanha ja é o grande dia, como eu amo ta",0,0.1534903347492218,0.8465096950531006,,Alta
"PASSO A PASSO p/ não abaixar a cabeça pra CENSURA: 1) Clique em ""Mais"" 2) Vá em ""Configurações e Privacidade"". 3) Na aba ""Dados e Permissões"", clique em País onde está ""Brasil"". 4) Troque para qualquer outro país da lista. 5) Pronto Agora você está livre da restrição do Xandão.",Será mesmo?...vamos tentar ..não custa nada...,2,0.9809797406196594,0.0190203059464693,,Random
"Twitter derruba contas de bolsonaristas após ordem do STF Perfis são do ex-deputado Roberto Jefferson, dos empresários Luciano Hang e Edgard Corona, do blogueiro Allan dos Santos e do assessor Edson Salomão, informa .","não acredito que nesse momento vai se limitar a dar a notícia. Nenhuma palavra sobre a perseguição? Nenhuma crítica sobre o ataque a liberdade de expressão? Se postaram algo indevido, excluam. Agora, bloquear a conta? A Globo não deixa vc se manifestar? Decepcionante.",2,0.9887554049491882,0.0112446146085858,,Random
"Amigos aqui é Roberto Jefferson. Entrei na conta da minha filha para agradecer a todos pelo apoio. Em breve estaremos juntos novamente! Alexandre, não temo sua tirania!","Se cassarem a conta dela,basta escolher um seguidor e mandar a mensagem por DM para que o seguidor a replique,ate que seja cassado tbm .Minha conta esta a disposiçao.",2,0.5146410465240479,0.4853590130805969,,Random
"GOVERNO DE FRAUDES  ""GRANDE DIA I  Luciano Hang, Roberto Jeffersson, Allan dos Santos, Sara Winter e diversos outros aliados de Bolsonaro tiveram suas contas suspensas pelo Twitter, chega de FAKE NEWS! #GovernoDeFraudes",Reparem que a bandeira é VERMELHA .  A minha e de 58 milhoes de brasileiros  é VERDE e AMARELA,2,0.9846750497817992,0.0153249874711036,,Random
Ñ Vão nos calar. Estamos mais forte do que nunca  #VozParaBernardoKuster,"stf ,CABEÇA  DE OVO PODRE ,CORRUPTOS ,CANALHAs,TIRANOs,LESA PÁTRIA, TRAIDORES DO POVO  BRASILEIRO DE BEM  ,HONESTO,TRABALHADOR ,TRAIDORES DA PÁTRIA!!!",2,0.8133071064949036,0.186692863702774,,Random
"""Alexandre, não temo sua tirania"", diz Roberto Jefferson, na conta da filha.","Enquanto alguns países tiveram ou tem gente com Mandela, Obama, Angela Merkel, etc.. O Brasil repercute Roberto Jefferson  e afins.",1,0.9890971183776855,0.0109028043225407,,Random
"Se acabar o gabinete do ódio Bolsonaro acaba. Ele não se sustenta pela competência, mas pelo pânico causado nas redes sociais.  Sem gabinete do ódio, sem Bolsonaro.  Grande dia.","GRANDE DIA  Dia da queda da bandidagem terrorista bolsonarista!  Se acabar o Gabinete do Ódio, ACABA BOLSONARO! #ForaBolsonaro  #ForaBolsonaroGenocida  #ForaBol卐onaro",2,0.990879237651825,0.0091207399964332,,Random
"No mesmo dia em que pesquisa aponta Bolsonaro como favorito em 2022, apoiadores de grande relevância na internet são censurados e perdem suas contas. Quanto mais o presidente crescer, mais seremos perseguidos. Preparem-se!",Vamos pegar um megafone  e vamos pra rua,2,0.937012791633606,0.0629871785640716,,Random
"Quando o Roberto Jefferson falou o mesmo em 2005 na folha de SP, o governo quase caiu  Agora nada acontece",Mas Roberto Jefferson é mentor do novo governo. Advinha quem ensinou a fazer isso?,1,0.9496846199035645,0.0503153651952743,,Random
"Alexandre determina e Twitter bloqueia perfis do presidente do PTB, Roberto Jefferson, dos empresários Luciano Hang, Edgard Corona, Otávio Fakhoury, Bernardo Küster, além do jornalista Allan dos Santos e do assessor do deputado estadual de São Paulo Edson Salomão.",Absurdo e vergonhoso,2,0.9913823008537292,0.0086176823824644,,Random
#VozParaBernardoKuster Sim! Voz ......,¿Censura o marketing?,0,0.9472144842147828,0.052785575389862,,Random
Bandido na sua concepção é quem defende terrorista ou quem faz meme... Responde aí pra nós... Vai me prender!? #VozParaBernardoKuster,"A grande mídia, os famosos e quem tem alguma influência junto ao grande público mas não comunga das ideias direitistas estão em um silêncio sepulcral acerca do ato ditatorial do Ogro de Moraes hoje Esquecem esses mesmos que amanhã a roda terá girado e o judiciário estará no poder",0,0.9738513827323914,0.0261485427618026,,Random
"Perfis no Twitter de influenciadores, empresários e políticos apoiadores do presidente Jair Bolsonaro foram tirados do ar nesta sexta-feira (24).  A medida vem após decisão do ministro Alexandre de Moraes, do Supremo…","E vamos de choro, grande dia",0,0.9845706820487976,0.0154293244704604,,Random
Nota à nação brasileira | PTB não permitirá que censura da toga e opressão calem,Boa fechem o STF,2,0.9933674931526184,0.0066324705258011,,Random
Já cancelou sua assinatura na grande mídia hoje?  Estadão: 0800 014 7720 Folha: 0800 140 090 Globo: 0800 881 8000 Veja: 0800 775 2112  ISTOÉ: 0800 888 2111,bom dia pessoas da grande fortaleza,0,0.9646366834640504,0.0353632718324661,,Random
Bastou sair a pesquisa de que Bolsonaro ganha em todos os cenários para calarem os mais destacados conservadores:  Allan dos Santos Bernardo Kuster Edson Salomão Luciano Hang Roberto Jefferson Otávio Fakhoury Sara Winter   #VozParaBernardoKuster,A censura que eu passo pano,2,0.9904338121414183,0.0095661273226141,,Random
"Quem diria que seria a própria oposição través do STF com o aval de toda a grande mídia brasileira e os pseudo ""movimentos"" sociais que se dizem liberais, que implantariam a DITADURA contra os opositores, aquela que acusavam que o presidente faria se eleito  VAGABUNDOS, DEMAGOGOS","""Alexandre, não temo sua tirania"", diz Roberto Jefferson, na conta da filha #MinistrosDoSTFNaCadeia",0,0.9915761351585388,0.0084239402785897,,Random
Fui totalmente censurado no twitter e Facebook. Força Bernardo Tmj   #VozParaBernardoKuster,"Será que haverá igual censura para com os perfis que ameaçam o executivo, em particular, a presidência da República ou é somente perseguição da #DitaduraDeToga ?",0,0.4014940857887268,0.598505973815918,,Random
O tiranete Alexandre de Moraes passou de todos os limites. Ele agora decide sozinho qual informação pode circular no país? Ele decide quem fala e quem cala a boca? Ou os democratas reagem agora a este ato de censura s/ precedentes ou não podem mais falar em liberdade de expressão,"Acho que está passando da hora do cidadão brasileiro manifestar nas ruas seu repúdio contra isso manifestações sem qualquer cunho político, apenas demonstrando a insatisfação do povo brasileiro.",2,0.9874104857444764,0.0125895235687494,,Random
"Várias contas foram retidas do Twitter sob a justificativa de ""demanda legal"". , ,  e outros, todos defensores do governo e críticos do STF. Do que se trata? Não foram notificados de nada ainda. É o tal inquérito ilegal? Isso é censura!","Censura e falta de due process, uma vergonha",1,0.5847257375717163,0.4152742922306061,,Random
#STFVergonhaNacional bando de desgraçados vcs vão sentir o gosto do que é justiça pode ter certeza,Um dia a minha autoestima tá grande pra caralho Outro dia a minha autoestima nem existe Tmnc mano,0,0.9530012011528016,0.0469987690448761,,Random
Mas fiz minha radiografia e peguei minha pistola com o Thiago. Grande dia.,Ativismo judicial abalado. Ótimo.,0,0.9626189470291138,0.0373811163008213,,Random
Roberto Jefferson fala sobre censura imposta pelo STF - sensacional vejam todos e compartilhem sem dó do carecudo cabeça de kinder ovo!!,A JP cortou a entrevista ou foi impressão minha??,2,0.9687712788581848,0.0312286857515573,,Random
A censura voltou! Que tragédia para este país! #FreedomOfSpeech,"O petista tem maior preferência entre os nordestinos, mulheres e mais jovens. O bozo é o preferido pelos mais velhos, com maior renda, evangélicos e moradores do Norte e Sul  #Resistencia841Dias GRANDE DIA AI-5 #SejaUmaEstrelaVoceTambem #CandelariaNuncaMais",0,0.987950563430786,0.0120494421571493,,Random
"Allan do Santos, Bernardo Kuster, Roberto Jefferson, Edson Salomão, Sara Winter e outros, todos foram calados hoje no Twitter a pedido da Justiça (STF). Censura meus amigos, censura!",PARLER e quero o ver o mafioso ir no Trump tirar isso. Casa de Careca em SP vamos interditar a FAMILIA DO VAGABUNDO.             #ospingosnosis,2,0.9910858273506165,0.0089141894131898,,Random
"Uma das situações mais desprezíveis da atualidade: democratas &amp; humanistas de carteirinha (e sindicato) comemorando, de forma efusiva, a censura de seus desafetos políticos. Quero ver quando a censura bater na canela da tchurma. Patifes!",", são tão idiotas, q ñ percebem q eles só podem se dar ao luxo de ser idiotas, pq o presidente  é um democrata legítimo. E comemoram ñ sei o quê, pq se o PR decidir agir, a farra da desonra acaba na hora.",2,0.4968056082725525,0.5031943917274475,,Incerta
O tiranete Alexandre de Moraes passou de todos os limites. Ele agora decide sozinho qual informação pode circular no país? Ele decide quem fala e quem cala a boca? Ou os democratas reagem agora a este ato de censura s/ precedentes ou não podem mais falar em liberdade de expressão,cabeção de pica...sua hora vai chegar seu tirano.,2,0.440661072731018,0.5593389272689819,,Incerta
"O STF está em um roteiro autoritário, venho alertando há tempos. Uma coisa é derrubar contas falsas ou automatizadas (redes de robôs). Outra bem diversa é cercear o direito de livre expressão de um cidadão devidamente identificado.","O cara cria uma lei que se passar vai torna a censura cada vez mais recorrente, e ele é uma do poucos que tem condição de afrontar o STF, mas vem pro twitter chorar achando que vai ter apoio com falas populistas...",2,0.522740364074707,0.4772596061229706,,Incerta
"Amigos aqui é Roberto Jefferson. Entrei na conta da minha filha para agradecer a todos pelo apoio. Em breve estaremos juntos novamente! Alexandre, não temo sua tirania!",Jeff... segue na outra conta tb pq muita gente mudou a base da conta pros EUA e a censura só valeu pras contas baseadas no Brasil!!,1,0.5798386335372925,0.4201613068580627,,Incerta
"Estamos vivendo o AM-5 , Alexandre de Moraes-5 , uma versão moderna da censura e abuso de autoridade.",Achou bom o controle?  Será que a censura voltou?,0,0.4604425728321075,0.5395573973655701,,Incerta
O STF precisa conter a escalada de Alexandre de Moraes contra a liberdade de expressão.,"Aquilo que Sara Winter, Oswaldo Eustáquio e Allan dos Santos fazem é liberdade de expressão? Então tá, Antagonista...certinho.",1,0.5071194767951965,0.4928804934024811,,Incerta
"O bom dessa censura toda é que fica clara a inexistência da democracia representativa no Brasil.  O sistema está nu, mais do que nunca.",é cúmplice da censura !,1,0.4799661934375763,0.5200337767601013,,Incerta
"Quanto à recente pesquisa divulgada pela  para a Presidência 2022: 1. Ainda estamos em 2020 2. Bolsonaro está calado pela COVID  3. O Governo capitalizou p/si o auxílio emergencial, mas só dura mais 2 meses 4. O brasileiro tem memória curta #ForaBolsonaroeMourao",#GovernoDeFraudes E mentiras,2,0.4728622436523437,0.5271377563476562,,Incerta
"Roberto Jefferson, quem diria, teve coragem de dizer que o STF é uma ORCRIM agora no #PingosNosis  E o presidente???? Cadê vc  ??? Vai abandonar seus apoiadores à própria sorte? Não posso crer nisso...chega de silêncio!","Mds, eu n acredito q o tio Orochi hackeou o sistema do STF, descobriu preliminarmente que o STF derrubaria a conta do véio da avan, e um dia antes promoveu uma # e um FC sobre o Luciano Hang trazendo buzz pro seu canal. cara isso eh stonks d+ #LucianoGang",0,0.5676780939102173,0.4323218762874603,,Incerta
"Silenciar vozes nunca foi e nunca será parte de uma democracia. A você, que comemora a censura, CUIDADO: poderá ser o próximo a ter a liberdade violada. Não à ditadura do STF!",peço perdao pessoal nao e do meu feitio defender a censura das pessoa apenas a de sara winter e allan terça livre,0,0.4344949424266815,0.5655050277709961,,Incerta
O que vcs acham do STF ?,"A pior Corte do mundo. Não oferece justiça, censura jornalistas e cidadãos comuns e além de não exercer sua função de guardiã da Constituição Federal, a rasga! #FreedomOfSpeech",1,0.4365334510803222,0.5634665489196777,,Incerta
"O pior de toda esta censura, é saber q o único meio para o impeachment do cabeça de kapi,é via Alcolumbre. Aqueles q telefonou para o Toffoli impedir a esteada da PF  no gabinete de Serra.  #STFNaoVaiNosCalar",fala sobre censura imposta p/ STF,0,0.5352836847305298,0.4647162854671478,,Incerta
"Você pode não gostar de Bolsonaro e das bandeiras de direita.  Você pode repudiar declarações e ações de quem quer que seja.  Mas se você apoia a censura do STF, seu lugar não é numa democracia.  Amanhã é você que será calado.  A liberdade de expressão é um princípio inegociável!","essa puta nao é radfem porra nenhuma, não passa de uma branquela burguesa e preconceituosa, tem jeitinho de ser uma sara winter da vida, dizer que é radfem por um tempo e depois virar conservadora pra tentar manchar o movimento",0,0.4851643741130829,0.5148355960845947,,Incerta
"Várias contas foram retidas do Twitter sob a justificativa de ""demanda legal"". , ,  e outros, todos defensores do governo e críticos do STF. Do que se trata? Não foram notificados de nada ainda. É o tal inquérito ilegal? Isso é censura!",Censura é o primeiro passo para implementar a ditadura.,1,0.5114403367042542,0.4885596632957458,,Incerta
Censura nunca mais.,Quer dizer que o bandido do Alexandre de Morais está brincando de censor? Não sabe o tamanho da trolha que vai receber da sociedade. Até a filha dele vai brigar com o pai.,1,0.5137019157409668,0.4862981736660003,,Incerta
Vamos espalhar este vídeo em que explico bem direitinho o que está ocorrendo.  #VozParaBernardoKuster,Pessoal assistam esse vídeo do,2,0.4692789018154144,0.5307210683822632,,Incerta
"Realmente, é um direito garantido. Mas conseguir controlar e manipular informações para o próprio benefício a fim de deteriorar o outro não é legal. Sara Winter, Bernando Küster e outros conservadores tinham uma grande massa de apoiadores, os quais multiplicavam a desinformação.",Liberdade de expressão é um direito. MAS,2,0.5926147699356079,0.4073852002620697,,Incerta
"Apesar da sua dificuldade em se expressar na língua mãe, sua dificuldade deve ser grande também em entender que existem LEIS para isso e censura não está entre elas","Kkkkkk claro que existe ""LEIS"" e ela é bem clara em relação a ameaças e difamação. Agora teremos contra FAKES, sei que na terra plana essas considerações não são bem-vindas! Felizmente realidade paralela é bem restrita!",2,0.5663015842437744,0.4336983859539032,,Incerta
"9.  Quem foi o responsável por criar toda a teoria das “milícias virtuais bolsonaristas”, e “gabinete do ódio”? Luciano Ayan, o picareta criminoso que se encontra preso, em conluio com quem? Com jornalistas da grande mídia, José Fucs do estadão foi o primeiro...","10. ...quando o inquérito das “fake news” foi instaurado, a matéria do Fucs sobre a “lista negra” dos influenciadores bolsonaristas já tinha saído, quando Alexandre de Moraes assumiu o comando do inquérito, a mira se voltou contra quem?",1,0.5435729026794434,0.456427127122879,,Incerta
O tiranete Alexandre de Moraes passou de todos os limites. Ele agora decide sozinho qual informação pode circular no país? Ele decide quem fala e quem cala a boca? Ou os democratas reagem agora a este ato de censura s/ precedentes ou não podem mais falar em liberdade de expressão,"Decisão ridícula! Isso fede a censura. O estado não tem direito algum de impedir as pessoas de terem um perfil em redes sócias. É a mesma coisa de dizer ""você não pode falar""  Alexandre de Moraes é desprezível.",2,0.5042170286178589,0.4957830309867859,,Incerta
Quem tem os meios de ação para reverter isso?,"Nós temos, Bia!!! O cidadão que paga seus impostos. Se cada um de nós for na página do crápula Alexandre de Moraes dizer boas verdades pra ele quero ver como fica. Vai cancelar todo mundo? Prender metade do Twitter?!? Já deixei meu recado! Vamos lá! #ImpeachmentAlexandreDeMoraes",1,0.5575634837150574,0.442436546087265,,Incerta
"Não há liberdade de expressão quando não podemos falar o que queremos, mas apenas o que nos permitem falar. Impedir preventivamente alguém de se expressar não tem outro nome: é censura. É por isso que, numa democracia, jornais podem ser processados, mas jamais podem ser fechados.","""Não há liberdade de expressão quando não podemos falar o que queremos, mas apenas o que nos permitem falar.""",2,0.5975035429000854,0.4024964570999145,,Incerta
"Amigos aqui é Roberto Jefferson. Entrei na conta da minha filha para agradecer a todos pelo apoio. Em breve estaremos juntos novamente! Alexandre, não temo sua tirania!",Tô por fora... Mas o safado do Alexandre de Moraes mandou tirar a conta do Roberto Jeferson do ar aqui do Twitter?,1,0.58473140001297,0.41526859998703,,Incerta
"Ainn os esquerdistas tão comemorando a censura do STF contra apoiadores Bolsonaristas, Ainn quero ver quando forem eles Ainn.  PORRA ACORDEM!!! isso nunca acontecera com eles pois ambos compactuam dos mesmos interesses.","Bolsominion reclamando de ditadura e censura, só pq não vão conseguir + utilizar de Fake news como estratégia política",0,0.5730438828468323,0.4269561171531677,,Incerta
"Não há como aceitar a censura. Não há como aceitar que aplaudam a censura. Liberdade de expressão a todos, aqueles que pensam como eu e os que pensam de forma diferente.",Bandido ditando e proibindo o povo!!!! Tá mais do que na h!!! Vamos Brasil,2,0.4248418807983398,0.5751581788063049,,Incerta
"perdi meu cartão no mercado, grande dia","me acostumei a usar o tt branco, grande dia",0,0.4745299816131592,0.5254700183868408,,Incerta
"Alexandre de Moraes não passou dos limites , ele é uma pessoa sem limites . Até quando iremos aceitar a Inquisição de Moraes ? Onde os condenados são aqueles que apoiam Bolsonaro , ou que fazem críticas ao STF. Hoje foram 16 , amanhã podem ser milhares !  #STFVergonhaNacional","Sem limites para fazer merda, mas não consegue produzir nada de bom como é  praxe da esquerda mesmo!!",2,0.4485222995281219,0.5514776110649109,,Incerta
"Ele cometeu um ato de censura, totalitário, ditatorial, típico de Estados absolutistas.","alguém pode me ajudar , queriam censurar algumas pessoas no meu prédio , tem jeito ??",2,0.565061092376709,0.434938907623291,,Incerta
"a conta no Twitter do Roberto Bob Jefferson foi ""retida"" a mando do togado. Mas esses togados não calarão a boca dos brasileiros honesto, nunca calarão.",O que fazer Nelson para que não nos calem?,2,0.412225067615509,0.587774932384491,,Incerta
Entenda o que é a média móvel e veja a situação em seu estado ==&gt; #G1,"Bem importante, não só explicar a média móvel, mas os gráficos também... grande parte da população não sabe interpretar gráficos! Assustador mas real... e não saber isso é no mínimo interessante para o governo! Defender a educação é pensar em todos!",2,0.4507789313793182,0.5492210388183594,,Incerta
Censura nunca mais.,Tenho setenta anos. Achava que nunca mais veria o que estou vendo hoje. Censura censura censura. Não esqueçam que vcs também terão um fim. Porque tanto ódio vaidade tudo acaba muito rápido,1,0.5732059478759766,0.426794022321701,,Incerta
"Não devemos desejar a Censura pra ninguém, temos é que lutar pra ninguém ser Censurado","Quem pediu censura? Acho que direitos iguais seria justo aqui, enquanto uns são presos, calados, humilhados, outros estão cometendo crime contrav a honra do Presidente da República e estão livres, leves es soltos?  Entendeu?  Crime!",1,0.5704827308654785,0.4295172691345215,,Incerta
Bom dia meu povo! Nunca se esqueçam dos ensinamento do He Man!  essa história de ficar rico rápido não existe! Nem com os poderes de grayskull !!!,"O grande problema não é ser ou não trader, mas sim a ilusão de facilidade e riqueza rápida.",2,0.5893181562423706,0.410681813955307,,Incerta
"O povo que pede intervenção militar tá reclamando de censura. Os mesmos que sempre reclamaram dos direitos ""dos mano"" estão dizendo que vão recorrer ao Conselho de DH da ONU. Coerência","#VozParaBernardoKuster  Censura , o que seria ?  STF esgoto",0,0.4286950230598449,0.571304976940155,,Incerta
O tiranete Alexandre de Moraes passou de todos os limites. Ele agora decide sozinho qual informação pode circular no país? Ele decide quem fala e quem cala a boca? Ou os democratas reagem agora a este ato de censura s/ precedentes ou não podem mais falar em liberdade de expressão,Exactamente.  que liberdade de expressão e opinião essa que Alexandre de Moraes diz quem pode ou não falar!? VAMOS pra às ruas ou STF para ou o povo vai parar essa Corte!!,2,0.4741987884044647,0.5258011817932129,,Incerta
"Brasil entrou na era da censura. Vários perfis apagados do Twitter e Facebook por ordem judicial.  Liberdade de expressão? Depende, o que você quer falar? Quem você quer criticar?  Tempos sombrios.","O Brasil já é um país sob controle e ""comunista"" faz tempo. Só não enxerga quem não quer. E o povo continua deitado em berço esplêndido.",2,0.5400092601776123,0.4599907398223877,,Incerta
"Se esse estado de coisas prevalecer no país (a Censura contra a liberdade de opinião), vamos virar Venezuela, Cuba, Rússia, China, Coreia do Norte. Aqui é Brasil. Vivemos uma democracia. Isto já é golpe!!!!!","Alexandre de Moraes cometeu uma violência contra a liberdade de expressão, diz Lasier Martins.  Oh, e agora, quem irá nos defender??? O Senado Colorado?",0,0.577019214630127,0.4229808747768402,,Incerta
URGENTE: SENADORES impeachment de Alexandre de Moraes é IMPERATIVO.Será q não existem 41 Senadores dignos para pressionar o Batoré? A culpa dos atos desse ditador vem da omissão d vcs. Senador que não se posicionar abertamente é a favor da CENSURA! #ImpeachmentAlexandreDeMoraes,QUE SENADO PODRE  QUE CAMBADA DE VAGABUNDOS  SEI QUE NÃO SÃO TODOS  MAIS A MAIORIA SE AJOELHA AOS PÉS DESSE BUNDA DE GAMELA DO BATORÉ DO SENADO  ATÉ QDO SENADORES  COVARDES  TRAIDORES  CALABAR  #STFVergonhaNacional,1,0.4617872834205627,0.5382127165794373,,Incerta
"Amigos aqui é Roberto Jefferson. Entrei na conta da minha filha para agradecer a todos pelo apoio. Em breve estaremos juntos novamente! Alexandre, não temo sua tirania!",Roberto Jefferson vc é o melhor!,2,0.5165172219276428,0.4834828674793243,,Incerta
Alexandre de Moraes precisa receber voz de prisão. Ele é um juiz constitucional. Ele não é um jagunço.,"Quando Evandro Pontes disse isso, uma turminha reagiu:  - Nooofa, esse cara só dá soluções ""absurdas e fora da realidade""   O fato é que não temos um HOMEM ou mesmo um GRUPO DE HOMENS pra dar essa voz e fazer cumprir essa prisão.",2,0.5186178684234619,0.4813820719718933,,Incerta
"Não há como aceitar a censura. Não há como aceitar que aplaudam a censura. Liberdade de expressão a todos, aqueles que pensam como eu e os que pensam de forma diferente.","Estamos perdendo os nossos direitos. E aí, vamos ficar quietos???",2,0.5706062316894531,0.4293937683105469,,Incerta
"Exclusivo: Luciano Hang obteve 55 empréstimos do BNDES para transformar Lojas Havan em império. De 1993 a 2014, o empresário hj investigado no Inquérito das Fake News conseguiu R$ 72 milhões junto ao banco estatal, revelam  e :",Quer dizer então que o crescimento das lojas desse véio podre foi na base do empréstimo?? E teve empréstimo feito nos governos petralhas??? Mas que mal agradecido!!!,2,0.465561032295227,0.5344389081001282,,Incerta
"Vitória pro verme do  é usar censura estatal para calar a voz daqueles que discordam dele ou comemorar quando uma instituição supostamente democrática censura os seus opositores, esse maldito ainda tem a cara de pau de falar que defende liberdade de expressão.","Que beleza, sensura bombeando no #Brasilcontracorruptos #STFVergonhaNacional tentando dar o golpe a democracia da livre expressão....",0,0.4028630554676056,0.597136914730072,,Incerta
Essa mulher é asquerosa. Direita Racional?,Essa mulher é demoníaca! #VozParaBernardoKuster,2,0.5793806910514832,0.4206193089485168,,Incerta
Twitter e Facebook só falta cancelar as contas robôs dos bolsominions q criam fake news e espalham ódio!! GRANDE DIA,"Vai tomar no seu cú FDP, você comemora hoje mas amanhã pode ser com a gente, se toca filha da puta, isso é censura porra aprende a ter pensamento próprio porra.",1,0.4293303489685058,0.5706696510314941,,Incerta
O quebra pau está generalizado agora no Palácio do Planalto/Alvorada. Bolsonaro já recebeu ligações de vários dos perfis bloqueados no Twitter como o de Luciano Hang e Allan dos Santos.  Uma deputada tem sido o elo entre os suspensos e estão ensaiando uma nota.,Não vai ter nota que resolva . Someeee! Só acredita em vc quem é bozoloide!  #CiroComGugaNoblat,2,0.5211786031723022,0.4788213670253753,,Incerta
"13. Ficam duas belas lições para o Brasil.  14. A primeira é que as verdadeiras Fake News, se combatem na justiça com processos de difamação. Nada de canetada de Ministro do STF ou projeto de lei autoritário de censura. Liberdade para falar e arcar com as consequências.","15. A segunda - e esta precisa sim de aprimoramento legal - é que difamação é coisa séria. Não é coisa para indenização vagabunda de R$ 10 mil reais e coisa do tipo. No Brasil, é barato difamar, principalmente para a grande mídia - e isto precisa mudar. Real skin in the game!!",1,0.5550581812858582,0.4449418187141418,,Incerta
"Amigos aqui é Roberto Jefferson. Entrei na conta da minha filha para agradecer a todos pelo apoio. Em breve estaremos juntos novamente! Alexandre, não temo sua tirania!","GENTE, O BOB JEFF TÁ USANDO A CONTA DA FILHA PRA SE COMUNICAR...",2,0.4150025248527527,0.5849974155426025,,Incerta
"Acho os Bolsonaristas a turma mais escrota que o Brasil produziu nos últimos anos, mas essa proibição dos sites e contas dos caras imposta pelo STF/Alexandre de Moraes, é uma das maiores aberrações jurídicas no Estado de Direito.","Caçaram as contas dos vermes, e eles estão abrindo outras contas... A do Roberto Jefferson já tem quase 10.000 seguidores..",0,0.4116820693016052,0.5883179306983948,,Incerta
"Hoje são   Allan dos Santos Bernardo Kuster Edson Salomão Luciano Hang Roberto Jefferson Otávio Fakhoury Sara Winter   Amanhã pode ser vc.  Vc, conservador. Vc, que apoia Bolsonaro.   E vc tbm, idiota de esquerda que tá comemorando essa censura covarde.  #VozParaBernardoKuster","Hahaha, essa ditadura tá foda, os censurados são os próprios apoiadores do governo",2,0.4611820876598358,0.5388179421424866,,Incerta
Fake news não é crime. E a grande mídia propaga fake news.,"Fake news é calunia contra alguém, é induzir um ignorante ao erro, é destruir reputação.   Da pra enquadrar fake-news em N crimes da nossa legislação.   Inclusive quando a grande mídia mente, é possível aciona-los judicialmente quando cabível.",1,0.1458334624767303,0.8541665077209473,,Alta
Para que acha que foi uma  censura ..,"Quero até quando vão insistir nessa história de robôs.Tudo balela.São pessoas insatisfeitas com as arbitrariedades do STF.Mas parece que os ministros do supremo não gostam do contraditório.Não adianta mudar o significado de censura, é censura sim!",1,0.1006561443209648,0.8993438482284546,,Alta
Sabe pq está acontecendo a censura? Pq um bando de dePUTAdo e senadores não enquadraram os Deuses togados do STF.,Que censura ?,1,0.1163082271814346,0.8836917281150818,,Alta
"Branca chorando pq uma pessoa falou q preferia o cabelo dela grande, imagina se ela escutasse comentários como ""bombril"" ""arbusto"" ""alisa"" ""prefiro de trança"" ""deu choque"". Ela ia se matar no primeiro dia, ai esse povo da mt biscoito pra branco mimado acham q a vida é um morango.",mano pq em vez de brigar e xingar o cara que pratica machismo/racismo vcs atacam a vítima como se o sofrimento dela fosse menor que o seu?,2,0.1062317341566085,0.893768310546875,,Alta
"Se a vida não tá fácil pra nós, imagina pra quem fica cuidando da nossa vida.    #GovernoDeFraudes",#censura não adianta na prática protestar nem tentar CPI. O que funciona é pressionar o senador do seu estado a ser a favor do impeachment de membro(s) do STF,0,0.1337102949619293,0.8662896752357483,,Alta
Vocês também estão sentindo que o clima aqui no Twitter deu uma melhorada?,Um ministério que define o que é verdade e que censura tudo que é contrário. Parece 1984! Bem sua praia mesmo.,1,0.1433184444904327,0.8566815853118896,,Alta
"Não há liberdade de expressão quando não podemos falar o que queremos, mas apenas o que nos permitem falar. Impedir preventivamente alguém de se expressar não tem outro nome: é censura. É por isso que, numa democracia, jornais podem ser processados, mas jamais podem ser fechados.",Perfeita a colocação do .   Sem liberdade de expressão não há a menor possibilidade de haver democracia.,2,0.1767382621765136,0.8232617378234863,,Alta
"hoje é um grande dia, meu amigo",Twitter tá bonito de ver hoje Grande dia!!,0,0.1716139465570449,0.8283860087394714,,Alta
e as redes sociais ficaram um pouco menos odiosas...,"é extremamente obominavel apoiar algo do tipo, censura descarada(???)  liberdade de expressão passa longe tlg",2,0.1024840772151947,0.8975160121917725,,Alta
"Escutem coisas estranhas estão acontecendo, não é por acaso a censura, o cerco está se fechando , Bolsonaro está indo pra cima e togados estão tremendo na base . Se um cair, todos irão.",Você não toma jeito mesmo! Minha atitude não foi censura. A constituição é mera formalidade pra mim. Eu sou supremo! Eu mando vocês calam.,1,0.1066089943051338,0.893390953540802,,Alta
"Acrescento: se fosse eu o censurado, esses mesmos comemorariam e/ou criariam narrativas para encobrir/desmentir o fato. ACREDITE.  Alguns desses q perderam seus perfis assassinaram reputação de quem queria lava-toga, patrulham opiniões e promovem seu próprio mecanismo de censura.",Penso que a censura não deve ser comemorada em hipótese alguma.,1,0.1953330636024475,0.8046669363975525,,Alta
"Sabe qual país também censura perfis no Facebook?  A China.  Aliás, lá censuram o Facebook inteiro, a rede é banida no país.  Estamos indo nessa direção. Daqui a pouco vão instalar o “Brasbook”.  E nem vai ser mais rede social, mas sim rede socialista. Pra que ficar fingindo, né?","E ainda  uma galera cega diz:  “China não existe, isso aí é teoria da conspiração, vivemos numa democracia, Brasil é uma ilha”  - aí eu digo, vão esperar Brasil virar uma venezuela pra abrir a porra dos olhos??????",2,0.1904630959033966,0.809536874294281,,Alta
Ninguém acha estranho as mortes por COVID-19 terem estabilizado nessa faixa de no máximo 1400 por dia sendo que os novos casos estão cada vez mais fora de controle?,"Não existe mais nenhum parâmetro confiável de divulgação da pandemia. É projeto de censura em todos os níveis. Aqui em São Paulo, Covas está literalmente represando divulgação de óbitos.",2,0.1004213392734527,0.8995786905288696,,Alta
Vocês também estão sentindo que o clima aqui no Twitter deu uma melhorada?,Censura é coisa de partido comunista,1,0.1480648815631866,0.851935088634491,,Alta
"A premissa de existência de censura é a manifestação de pensamento, qualquer q seja ele, q venha a ser proibida.  ""Informação"", ""jornalismo"" são conceitos abertos.  Você mesmo foi acusado de praticar golpismo travestido de jornalismo, como vc certamente se lembra.  Abraço.","Um ponto essencial no caso brasileiro é o uso de dinheiro público para disseminar calúnias ou, se você preferir, informação (um conceito aberto). Eu sou caluniado todo o tempo, hehehe",2,0.1538841128349304,0.8461158871650696,,Alta
"Não há como aceitar a censura. Não há como aceitar que aplaudam a censura. Liberdade de expressão a todos, aqueles que pensam como eu e os que pensam de forma diferente.","Sou a favor da liberdade de expressão, não tolero a censura, fake News, calúnia, difamação e mentiras pq as redes sócias estava de uma forma que ninguém acreditava de tanta mentiras",1,0.1345246732234954,0.8654752969741821,,Alta
"Pegue o exemplo do Roberto Jefferson: é um cidadão que vem cometendo seguidos crimes contra a honra de diversas pessoas. Deve ser processado e pode ser condenado no penal e no cível, mas não vejo previsão legal que justifique cercear o seu livre direito de expressão.",Quem inventou a lei da censura?,1,0.1037923544645309,0.8962076902389526,,Alta
"Estamos vendo na prática uma declarada ditadura, praticada por quem deveria garantir os nossos direitos. E quem comemora a censura hoje, será alvo da censura amanhã. #FreedomOfSpeech","Você não dorme na democracia e acorda na ditadura; não acreditar que uma coisa possa acontecer, não significa que ela não possa acontecer. A coisa mais importante que temos depois da Vida é a nossa liberdade, não podemos permitir que isso nos seja tirado. #STFVergonhaNacional",0,0.1416772902011871,0.8583227396011353,,Alta
"O surto q foi o dia, só quem viveu sabe",o surto foi grande viu sdds kkkkkkkkkkkkk,2,0.1067398786544799,0.8932601809501648,,Alta
Sobre contas de conservadores sendo banidas: a liberdade de expressão é direito fundamental garantido em nossa Constituição e deve ser válida para todos.,Caro deputado qual providência vc irá tomar sobre a censura? Votei em vc e espero providências.,1,0.1349205523729324,0.8650794625282288,,Alta
Ou você pede AI-5 ou você reclama de censura né ?! Os dois não dá.,"Idolatram Olavo de Carvalho e reverenciam Ustra, e agora reclamam de censura pelo STF que eles atacam o tempo todo, vão buscar socorro nos Direitos Humanos e na Constituição que desdenham! Incoerência que fala, né?",0,0.1052390411496162,0.8947609663009644,,Alta
"Ah, na boa Carlinha, já deu de hashtag. Tá na hora de partir para algo prático: impeachment do Alexandre de Moraes já! Chega de firulinhas e lacração na rede, hora de partir pra briga, queridos deputados bolsonaristas. Meu saco encheu!","Kk vc fala como se fosse possível, se fizermos isso portas se abriram para uma censura ainda maior, ser agirmos eles reagiram,os políticos bolsonaristas não podem fazer nada mas nós podemos, o grade impecilio é o vírus mas depois dessa pandemia, pauzinhos vão mexer",1,0.1224676594138145,0.8775323629379272,,Alta
"Podem ter certeza, se fosse a conta do Nando Moura, FMB, Andreazza, Vera Magalhães, seja por qual motivo fosse, que tivesse sido bloqueada nas redes sociais pelo STF, o gado estaria comemorando.","E daí? Não é pq o gado anda de 4 e pasta, que eu vou fazer o mesmo.  Cometeu crime? Cometeu. Ofereçam denúncia, produzam provas e condenem.  Canetada de ministro é censura.   ""Ah mas é o Allan terça Livre""  Valores, Champs.",2,0.1365468949079513,0.8634530901908875,,Alta
“O STF é a justiça do Medos!É um monturo! É uma ORCRIM!” Roberto Jefferson.  Imperdível!      Roberto Jefferson fala sobre censura imposta pelo STF  via,"Vamos reagir presidente, sobre a censura ....bora reage presidente...",0,0.1946147978305816,0.8053852319717407,,Alta
"Aguenta a choradeira dos fascistoides, que vão falar em censura, blablablá",Quero ver a sua choradeira quando chegar sua vez...,2,0.125955194234848,0.8740447759628296,,Alta
Vamos dar voz Bernardo Kuster.  #VozParaBernardoKuster,Boa noite!  #VozParaBernardoKuster,2,0.9936119914054872,0.0063879573717713,,Random
"Alexandre de Moraes , olha a censura!","Caso  Roberto Jeferson que teve sua conta bloqueada pelo Ditador Tirano do STF Alexandre de Moraes se ele desejar posso cerder minha conta no twitter para fazer suas publicações, pois minha conta e baseada no Reino Unido portanto fora do alcance do tirano do STF.",0,0.9627593755722046,0.0372406616806983,,Random
"Eu quero as contas da Sara Winter, Roberto Jefferson, Allan dos Santos, Bernardo Küster e Luciano Hang de volta para ontem.  Alô, ? Alô, ?  É censura mesmo? Ditadura da Toga?",Os 11 farsantes estão fazendo isso em grupo ? Ou é só um que ordena ?,2,0.9597339034080504,0.0402660891413688,,Random
Há alguma diferença entre CENSURA por ordem de um ditador e CENSURA por ordem de um Ministro do STF? Só pra saber.,"Quem decide o que são ""milícias virtuais""?",2,0.9719252586364746,0.0280747506767511,,Random
"Acrescento: se fosse eu o censurado, esses mesmos comemorariam e/ou criariam narrativas para encobrir/desmentir o fato. ACREDITE.  Alguns desses q perderam seus perfis assassinaram reputação de quem queria lava-toga, patrulham opiniões e promovem seu próprio mecanismo de censura.",Passando pano pra censura ?,1,0.0977172553539276,0.9022827744483948,,Random
É  preciso dar fim a farsa publicitária  da lava jato para combater a corrupção. #GovernoDeFraudes,Santo do Dia  - Você vai gostar disso!,0,0.9875911474227904,0.0124088395386934,,Random
Testando. Baseei minha conta nos EUA. Alguém consegue ver ? #VozParaBernardoKuster,Firme e forte  #VozParaBernardoKuster,1,0.9925582408905028,0.007441705558449,,Random
"Não podemos mais tolerar a ditadura do Supremo. #STFVergonhaNacional Por determinação do STF, contas de alvos do inquérito das fake news são retidas",Hoje é o dia das Mãos que Plantam e que Guiam o nosso Sustento.  25 de julho Dia do Colono Dia do Motorista  Parabéns pelo seu dia Pai! Admiro o senhor! É uma grande exemplo na nossa família!  Parabéns a todos que…,0,0.9645232558250428,0.0354767367243766,,Random
E vocês esperam que a extrema-esquerda não comemora censura? A extrema-esquerda vive de censura.,Deposite aqui a sua homenagem ao dia de ontem. Grande Dia,0,0.956244170665741,0.0437558367848396,,Random
Internautas ironizam bolsonaristas que tiveram contas bloqueadas: pedem AI-5 e reclamam de censura?,"Vá entender! Contrariando a máxima, são um ajuntamento de: ""[...] Mens 'insana' in corpore 'insano'..."".",2,0.9904366135597228,0.0095633463934063,,Random
"Não há como aceitar a censura. Não há como aceitar que aplaudam a censura. Liberdade de expressão a todos, aqueles que pensam como eu e os que pensam de forma diferente.","Já passaram dos limites faz tempo,hora de agir",2,0.9522202610969543,0.0477797426283359,,Random
"Alexandre de Moraes cometeu uma violência contra a liberdade de expressão, diz Lasier Martins | Portal Novo Norte Notícias",Apesar de ser do Partido do  o  é um dos melhores senadores!,2,0.976924479007721,0.0230755992233753,,Random
"Chegou o grande dia, logo mais tem jogão","Um jogão hoje na arena , sempre gostei de ver a conselheiro joga só mlk bom  . Mais .meu time agora no Campeonato e Império Gold",2,0.5577071905136108,0.4422927796840668,,Random
"Hoje são   Allan dos Santos Bernardo Kuster Edson Salomão Luciano Hang Roberto Jefferson Otávio Fakhoury Sara Winter   Amanhã pode ser vc.  Vc, conservador. Vc, que apoia Bolsonaro.   E vc tbm, idiota de esquerda que tá comemorando essa censura covarde.  #VozParaBernardoKuster",Grande dia!!!  Quem quiser incentivar o fim das entidades democráticas que vá pra Venezuela ou Coreia do Norte.  Grande dia!!!!,1,0.958597719669342,0.0414022468030452,,Random
"Várias contas foram retidas do Twitter sob a justificativa de ""demanda legal"". , ,  e outros, todos defensores do governo e críticos do STF. Do que se trata? Não foram notificados de nada ainda. É o tal inquérito ilegal? Isso é censura!","O nome disso é aionze, menino Constantino! São presos para ""averiguação"", suas vidas são ""vasculhadas"", suas propriedades violadas e seus direitos de cidadãos mantidos sob vigilância. CENSURA, É FICHINHA PERTO DISSO! CENSURA, A GENTE TIRA DE LETRA! ISSO É AIONZE!!!",1,0.9511908292770386,0.0488092191517353,,Random
"A perseguição aos conversadores é uma sombria realidade que estamos presenciando. Levante conosco a tag #FreedomOfSpeech e vamos juntos mostrar ao mundo o sequestro da nossa liberdade!  Bora, robozada?",Censura escancarada no Brasil. #FreedomOfSpeech,2,0.9899638295173644,0.0100362012162804,,Random
"Terra Brazilis NEWS""SOS FORÇAS ARMADAS X 5G. PERIGO; A CENSURA VEM AÍ!  via",Painel: Perfis de bolsonaristas são suspensos por determinação de Alexandre de Moraes,0,0.9755818843841552,0.0244181491434574,,Random
#FredomOfSpeech #STFVergonhaNacional #STFContraOBrasi #FaxinaGeralSTF #FFAA,"Esse é outro que passou da hora de ser limitado. Fala muita besteira, interfere em assuntos que não lhe dizem respeito. Poderia pautar seus recursos e julga-los. Pelo jeito não está sobrando tempo.",2,0.9914313554763794,0.0085686342790722,,Random
"Diga a coisa que te faz ser orgulhoso do Brasil. Eu, o SUS",O Bolsa Família também foi e é muito importante para a inclusão de famílias na economia básica de seus bairros. Uma revolução social com certeza!  #GovernoDeFraudes,2,0.9627156257629396,0.0372844189405441,,Random
"Todo dia, ao acordar, Alexandre de Moraes pensa: o que posso fazer para ser mais odiado e enojado pela população?  Cada dia se supera mais! Tornou-se o Joãozinho dono da bola da liberdade de expressão do Brasil!",Tenho aversão desse cara. Sujos. Esse #STFVergonhaNacional,1,0.9864878058433532,0.0135121690109372,,Random
O tiranete Alexandre de Moraes passou de todos os limites. Ele agora decide sozinho qual informação pode circular no país? Ele decide quem fala e quem cala a boca? Ou os democratas reagem agora a este ato de censura s/ precedentes ou não podem mais falar em liberdade de expressão,#CensuraNao STF CENSOR,2,0.9903167486190796,0.0096832066774368,,Random
"Mude a localização para acessar meus tweets: 1. Vá em Conta e Privacidade, 2. Clique em Conta, 3. Depois em Dados e Permissões, 4. E mude sua localização para os EUA. Aí você acompanha meus Tweets normalmente. Tente censurar o Tio Sam agora, Cabeça de Ovo! #VozParaBernardoKuster","Hoje é o Bernardo Küster e outros da direita raiz, amanhã pode ser qualquer um de nós!",2,0.9906498789787292,0.009350137785077,,Random
NÃO IRÃO NOS CALAR!!! CENSURA JAMAIS!!! Quem quiser...terá acesso total e irrestrito a todos através do Tio Sam!!! É só mudar a sua localização para Estados Unidos!!!,Mudei para USA. Vamos ver,2,0.6342176795005798,0.3657822608947754,,Random
"#URGENTE: Após pedido de Alexandre de Moraes (STF), o Twitter derrubou a conta de Sara Winter, Roberto Jefferson, Allan dos Santos, Bernardo Küster e Luciano Hang e outros foram vítimas da censura com base no inquérito ilegal das fake news.",Do que o STF tem tanto medo pra censurar apoiadores do presidente? #STFVergonhaNacional,1,0.6796268224716187,0.3203731477260589,,Random
"Censura do ""bem""",e continua sem entender piada  banalizaram a palavra censura e agora enfiam em tudo,1,0.1599361598491668,0.8400638699531555,,Random
"Até quando todos vão aceitar as medidas de CENSURA, imposta pelo sinistro Alexandre de Moraes? as pessoas de responsabilidade no Judiciário que se dizem democratas, tem o dever de dar um BASTA a isso, não pode uma só pessoa deter tanto poder. NÃO PODE.",Censura o caralho. Sara Winter junto com o resto dos ignorantes ficaram espalhando fake news. Vocês são mal caráters hipocritas.,0,0.4402991831302643,0.5597008466720581,,Incerta
O tiranete Alexandre de Moraes passou de todos os limites. Ele agora decide sozinho qual informação pode circular no país? Ele decide quem fala e quem cala a boca? Ou os democratas reagem agora a este ato de censura s/ precedentes ou não podem mais falar em liberdade de expressão,"Essa Censura vai ser estendida, são covardes trabalham contra a liberdade de expressão em suas casas  com seguranças, se não houver uma reação nacional da população essa mordaça vai se concretizar  estão juntos Judiciário e Legislativo.",1,0.409875750541687,0.590124249458313,,Incerta
"Aos concurseiros: a aprovação no concurso é uma grande fila. Quem possui + tempo de estudo está lá na frente quase sendo aprovado. Com esforço, a hora da aprovação de todos chega. Se você se dedicar mais que a grande maioria, você ganha alguns lugares na fila e chega lá + rápido.","É uma grande verdade. Pra quem trabalha + estuda é um pouco frustante ver outras pessoas chegando na frente da fila,só por que tem mais tempo. Mas é necessario lembrar que um dia essa espera acaba",2,0.5775331854820251,0.4224668443202972,,Incerta
"Allan dos Santos, por sua vez, compartilha instruções para que seguidores burlem a ordem do STF e consigam ver seus conteúdos (não vou compartilhar).",Bernardo K compartilha posts falando em “ira do demônio” e “censura”,1,0.472415566444397,0.5275844931602478,,Incerta
Alexandre de Moraes precisa receber voz de prisão. Ele é um juiz constitucional. Ele não é um jagunço.,"Agora sim, alguem falando u.a verdade aqui... Voz de prisão por abuso de autoridade, já é um bom caminho. #ODEIOOSTFATUAL.",2,0.5514819622039795,0.4485180079936981,,Incerta
"Amigos aqui é Roberto Jefferson. Entrei na conta da minha filha para agradecer a todos pelo apoio. Em breve estaremos juntos novamente! Alexandre, não temo sua tirania!","Fica firme Bob. Esse crápula do Alexandre de Moraes vai sair do Cargo, questão de tempo",1,0.5122268199920654,0.4877731800079345,,Incerta
Sobre contas de conservadores sendo banidas: a liberdade de expressão é direito fundamental garantido em nossa Constituição e deve ser válida para todos.,"Disseminação de fake news não é liberdade de expressão, é crime e precisa ser combatida. Que dia triste para vocês, não é? Que dia triste para quem só sabe trabalhar com mentiras.  GRANDE DIA",1,0.4870642721652984,0.5129357576370239,,Incerta
"""FUI TOTALMENTE CENSURADO no Twitter e Facebook"" Bernardo P Küster.  #VozParaBernardoKuster","A suspensão dos perfis nas redes sociais pelo inescrupuloso e ardiloso Alexandre imoral, demonstra  claramente como já vivemos em uma censura acentuada e coordenada. O que esperar dele? O ilegal, o pior! Sempre a margem da lei! Age ao arrepio dela! Imoral!",0,0.5266330242156982,0.4733669459819793,,Incerta
Não tem um dia que eu não olhe minha bunda e agradeça a Deus por esse rabetão,"Eu reconheço mto meu privilégio de não precisar fazer UM agachamento pra ter uma bunda grande, redonda e dura   Ballet e genética obrigada por TUDO",2,0.5158883333206177,0.4841116666793823,,Incerta
"O fato é: No mesmo dia que soubemos que as meninas assinaram com a RCA, questionamos qual artista britânico da gravadora vocês tinham como referência de um artista grande. Resposta: Não existe. O Olly Murs saiu da Syco, também devido a gestão, e carreira só fez desandar com a RCA",isso eu acho q todo mundo sabia neh  qria msm era q elas assinassem com uma Warner da vida,2,0.5546244382858276,0.44537553191185,,Incerta
eba censura haha grande dia,no    com o   o pau vai comer... Eu quero que Bob coloque esses 11 no lugar deles. Só ele tem força para isso. Salve nós Bob...  Grande dia,0,0.4409997761249542,0.5590002536773682,,Incerta
"Tá todo mundo fala que o jotaro é isso, que o jotaro aquilo Mas deixa eu te falar: será que dá pra você se tocar que o jotaro passou por coisas traumáticas que não se supera facilmente? Já pensou que o fato de não ter um pai presente mexe com ele até hoje?","Umishi falou tudo (exceto ter chamado ele de babaca, pq o jotaro n é ele é um neném) enfim, eu já disse e repito o grande problema de vcs é não ENTENDEREM quem é o personagem jotaro, talvez um dia eu explique o pq gosto tanto dele e acredito que ele seja o melhor jojo",2,0.4185884892940521,0.5814114809036255,,Incerta
"Vão ler esse furo da minha amiga pessoal, , que conseguiu todas as infos sobre os empréstimos!",hj eu recebi dois “achei q vc era mais alta”  grande dia,0,0.5435153245925903,0.4564846754074096,,Incerta
"Mandatos de apreensão de materiais de trabalho, prisão de manifestantes, censura nas redes... E o presidente mudo quanto a tudo isso.   Apenas não emudece para fazer acordos com o centrão -- protegendo a si mesmo e aos seus.   Fraude.",Quem apoia censura é contra democracia .,0,0.4393589496612549,0.5606411099433899,,Incerta
Não queria deixar o  morrer! Não por censura. Por favor me ajudem nessa luta. Obrigado. #SRN,"Já fora do Ministério, Weintraub usou documento do governo Bolsonaro para entrar nos Estados Unidos  #GovernoDeFraudes   via  do Centro do Mundo",0,0.5962897539138794,0.4037102162837982,,Incerta
Sigam-me por aqui.,Seguidores do Allan dos Santos . Outra conta!,2,0.5638754367828369,0.4361245334148407,,Incerta
"Me faltam adjetivos pra classificar a suspensão de contas em redes sociais APENAS de apoiadores do Governo.   Para os da esquerda que comemoram, lembrem-se que nada impede que isso aconteça com vocês a qualquer momento.   A censura é real.",Que PAÍS é esse ????,2,0.4188745319843292,0.5811254978179932,,Incerta
"Apresentei PEC q amplia a competência do Tribunal do Júri p/ julgar os crimes de abuso de autoridade praticados por Ministros do STF. Se o poder emana do povo, um órgão composto por este deve ser a última instância em abusos praticados pelo Supremo. Precisamos de 171 assinaturas!","É alguma coisa que dará em nada, no momento. Difícil conseguir as assinaturas naquele serpentário. #VozParaBernardoKuster",2,0.4061789214611053,0.5938210487365723,,Incerta
Roberto Jefferson mesmo foi o primeiro a entrar em delação premiada no mensalão. Eu não sei nem pq alguém que é contra o PT tem a cara de pau de defender um lixo desses que roubou com eles.,Não desvie o tema. To cagando pro Roberto Jefferson. Diga qual é o ato anti-democrático.,1,0.4467419981956482,0.553257942199707,,Incerta
MEGA SORTEIO  RESULTADO DIA 27/07 ÁS 20HS   O grande ganhador irá levar...  * 1 flyer * 1 bloquinho de notas * 1 card holográfico  * 2 marca páginas  * 7 cards BTS Samsung  REGRAS  * Seguir a loja * Dar FAV e * Marcar um amigo e o    Boa sorte a todos!!!,"Atualizando amores. Coloquei o dia do resultado errado e vi só agora. Me perdoem!  O resultado será amanhã, dia 25/07!!!  Corram que da tempo!!!  Ah! E o sorteio será por comentário! Então quando mais comentarem... e claro, de preferência marcando amigos diferentes!",2,0.4129456579685211,0.5870543718338013,,Incerta
"Vamos deixar a grande mídia morrer? Não acesse, não curta, não comente, não siga e não compartilhe nada da grande mídia. Colabore com a mídia independentes de direita.  Sigam","Melhor forma, é excluí-la. Desse jeito vc não se intoxica, não se confunde e não deixa o mal crescer.",2,0.5529858469963074,0.4470142424106598,,Incerta
"Crimes devem ser combatidos e punidos, devem haver consequência contra atos assim, mas o precedente dessa censura é muito perigoso.  É preciso coragem para dizer isso, mas é necessário dizer.  via","Alexandre de Moraes cometeu uma violência contra a liberdade de expressão, diz Lasier Martins.  Oh, e agora, quem irá nos defender??? O Senado Colorado?",0,0.5123752951622009,0.4876246750354767,,Incerta
"Para que fique registrado, como num diário: em julho de 2020, afora raras exceções, a grande imprensa brasileira FICOU A FAVOR DA CENSURA.","Isso tem que ser registrado em livro. Num futuro não muito distante, essa gente dirá, na maior cara dura, que lutou contra a censura da quadrilha de toga.",1,0.4578034877777099,0.54219651222229,,Incerta
O tiranete Alexandre de Moraes passou de todos os limites. Ele agora decide sozinho qual informação pode circular no país? Ele decide quem fala e quem cala a boca? Ou os democratas reagem agora a este ato de censura s/ precedentes ou não podem mais falar em liberdade de expressão,"Alexandre de Moraes vc é um safado vagabundo ditador parasita ! Não sou um robô , sou um advogado cidadão de bem com CPF e OAB que é presidida hoje por outro comunista parasita que não representa nossa classe ! Venham me prender seus merdas !",1,0.4655377566814422,0.5344622135162354,,Incerta
Qual a opinião de vocês sobre o Alexandre de Moraes?,Esquerdopata e tirano.,2,0.4165299534797668,0.5834700465202332,,Incerta
Não importa o que você fala e pensa.   TODOS tem que ser LIVRE.  Vozes não podem serem caladas por pensarem diferente de mim e de você.  Ate um idiota tem o direito de ser um idiota.  E quem comemora censura. Isso pode voltar contra você.  #CensuraNao    ███ █████████,"um dia 1 cara parou minha mãe e disse: vc terá 2 filhas; vai trabalhar em 1 empresa grande, vejo vc entrando na empresa de mãos dadas com as 2 filhas; vc se mudará mas n se preocupe pq logo sua mãe vai morar perto de vc  TUDO aconteceu  alguém me para na rua e diz meu futuro pfv",0,0.5004501938819885,0.4995497763156891,,Incerta
"Agora eu sei do real sabor da censura que todos Bolsonarista vem sofrendo nesse país. Acordei pela manhã, abri meu Twitter e mensagem de suspenso arrancou parte do meu corpo.  A Direita sendo mutilada aos poucos com a desculpa de ""Atos antidemocráticos.""","É... Para os jovens incautos que estão vendo a propaganda da Folha de são Paulo, acham que estamos vivendo isso com o atual presidente... E não sabe que a censura vem do STF...",1,0.4899851083755493,0.5100148916244507,,Incerta
"10) E aqui, Allan dos Santos incorpora um personagem digno de ""The Handmade's Tale"" e fala pra todo mundo rastrear quem ""promove o comunismo"", para que possa, bem, é melhor ler o que ele mesmo escreveu:","A hipocrosia é notória,eles defendem ''liberdade'' de expressão mas querem prender quem pensa diferente,pensam por exemplo que todo progressista é, em regra,comunista,sequer sabem do que falam e acusam.",2,0.4784813821315765,0.5215186476707458,,Incerta
Não sei grande dia de que mas está lindo,É um grande dia sim,1,0.5400141477584839,0.4599857926368713,,Incerta
"fontes: juro por Deus  véi ninguém quer quebrar esse recorde da Adele pq ele não serve de mais nada na época de hello iTunes vendia muito hj em dia a plataforma já tá morrendo, tirando US pra pegar #1 em outros países não precisa vender 50 cópias kkkk","KKKKKKKKKKKK Agora ta morrendo? Ninguém liga? Estranho por que saiu materia em todos os veiculos de comunicação sobre isso já que Itunes continua sendo um grande mercado de vendas, Ta bom pisca tente outra vez. A fonte não é juro por Deus não, mas faz o teste com suas favs ué.",2,0.5379592776298523,0.4620406627655029,,Incerta
"Tem uns dizendo: ""Bolsonaro não reage"".  Meu filho! A nossa CF de 88 foi feita pra isso. Ou o presidente se rende ao Esquema, ou não consegui fazer nada.  Culpa disso é dos nossos pais! Assistiam Vale Tudo enquanto nos armava essa bomba em Brasília.  #VozParaBernardoKuster",#Artigo142ja contra a censura do STF,0,0.5994628667831421,0.4005371332168579,,Incerta
"Amigos aqui é Roberto Jefferson. Entrei na conta da minha filha para agradecer a todos pelo apoio. Em breve estaremos juntos novamente! Alexandre, não temo sua tirania!",Tmj  Roberto Jefferson sou seu fã cara o cabeça de ovo é um tirano safado.,1,0.4815631806850433,0.5184367895126343,,Incerta
O STF precisa conter a escalada de Alexandre de Moraes contra a liberdade de expressão.,Vocês estão certos! Os antagonistas como a maior parte da mídia têm grande parcela de culpa em toda esta escalada autoritária do Moraes e Mas se até eles estão denunciado. Então é porque a coxa da feia mesmo.,1,0.461235910654068,0.5387641191482544,,Incerta
"Não é uma delícia ver a galera que pedia um AI-5 chorando e gritando CENSURA?   Foi uma decisão judicial, esses imbecís confundem PUNIÇÃO com CENSURA.  A única coisa boa é ver esse “fugitivos da inteligência” chorando nas redes. Criticando a censura e o “livre mercado”",Não é uma delícia ver a galera que grita contra um AI-5  comemorar censura de outros?   Hipócrita.,1,0.4489794373512268,0.5510205626487732,,Incerta
"Depois do grande susto, graças a Deus está tudo bem","qualquer dia desse eduarda me mata, obrigada papai",2,0.57355797290802,0.42644202709198,,Incerta
SEXTA-FEIRA DA VERGONHA Alexandre de Moraes manda censurar perfis do jornalista Bernardo Küster (diretor do BSM) e vários outros conservadores. É a mais vasta operação de censura já vista na internet brasileira. #VozParaBernardoKuster,"#FreedomOfSpeech Mais um dia que um dos ministros do STF joga a instituição na lata do lixo, para dizer o mínimo.",2,0.5193725228309631,0.4806275069713592,,Incerta
"minha mãezinha diz: Estamos vivendo uma ditadura ao contrário. Perguntei, porquê e  ela respondeu: Os perseguidos agora são os cidadãos de bem e quem fala a verdade.  O STF precisa conter a escalada de Alexandre de Moraes contra a liberdade de expressão","Alexandre de Moraes , vc está  passando dos limites , se tu é macho mesmo, convoca uma entrevista coletiva para explicar o porquê destas atitudes . Já  sei vc não  pode dar explicações pq se julga mais importante  que nós,  o povo . Espero que um dia vc pague por tudo isso.",0,0.5449602603912354,0.4550397396087646,,Incerta
Ontem falamos sobre censura! Hoje sofremos com ela!,INFELIZMENTE chegou o meu dia de defender a liberdade de expressão dos bots da Sara Winter,0,0.4309847056865692,0.5690152049064636,,Incerta
NÃO IRÃO NOS CALAR!!! CENSURA JAMAIS!!! Quem quiser...terá acesso total e irrestrito a todos através do Tio Sam!!! É só mudar a sua localização para Estados Unidos!!!,Pode fazer que funciona!!!,2,0.5766682028770447,0.4233317673206329,,Incerta
"Oro todos os dias para que Deus quebre as mãos de Barroso, Fachin e Alexandre de Moraes. Deus me permita assistir sua derrota e execração aos olhos do povo brasileiro.",Amém!,2,0.5152513980865479,0.4847485423088074,,Incerta
Os outros ministros do STF não farão nada para acabar com a censura imposta pelo ditador Alexandre de Moraes e puni-lo? Os Senadores não levarão adiante o impeachment?   Estou estudando todos os meios de ação que temos para agir.   A ditadura da toga não prevalecerá.,"Parabéns pela iniciativa Filipe! E para evitar redes sociais com censura interna e externa, existe uma opção:",1,0.4005205929279327,0.5994793772697449,,Incerta
"Amigos aqui é Roberto Jefferson. Entrei na conta da minha filha para agradecer a todos pelo apoio. Em breve estaremos juntos novamente! Alexandre, não temo sua tirania!","Esse Alexandre ""Glande"",  deve fazer um regime violento, pois para mim, cara feia é fome.",2,0.5874484181404114,0.4125516414642334,,Incerta
"Eu não achei censura. Eles estão sendo investigados por Faker. Nada mais coerente que bloqueiar as contas até finalizar a apuração. Para mim seria abuso se estivessem bloqueando quem passa informação verdadeira,  independentemente de que seita pertença. Faker é crime.","Muito coerente. Primeiro: até agora nao apontaram que fakes seriam essas. Segundo: a esquerda segue propagando fakes sem censura, ja desenharam suasticas acusando bolsoanristas, ja acusaram sem provas bolsonaro pelo assassinato de marieli, de acabar com bolsa familia, de racismo.",1,0.5751424431800842,0.4248576164245605,,Incerta
"Não há como aceitar a censura. Não há como aceitar que aplaudam a censura. Liberdade de expressão a todos, aqueles que pensam como eu e os que pensam de forma diferente.",LIBERDADE!!!!,2,0.4233589470386505,0.5766410827636719,,Incerta
"'Passou de todos os limites', diz Fiuza sobre Moraes - RENOVA Mídia",O Ministro Alexandre de Moraes está igual a cartão de crédito de pobre: passou do limite a tal ponto que dá nem p'ra negociar um acordo...,2,0.461645632982254,0.5383543968200684,,Incerta
Sigam:,"Vamos mostrar que esse #STFVergonhaNacional não vai nos calar! ""Todo poder emana do povo!"" Sigam .",2,0.412088930606842,0.587911069393158,,Incerta
"Felipe Neto, que defende a censura e até a prisão de quem supostamente espalha ""fake news"", mais uma vez foi pego mentindo e propagando desinformação na internet. O sujeito mente tanto que, agora, teve que ser desmentido pelo embaixador da Ucrânia por mentir sobre aquele país.","Mas para pessoas como ele mentir é igual a respirar, é uma coisa natural. São pessoas que não tem consideração ao próximo, e fazem de tudo para humilhar e difamar, pessoas, instituições e até outros países.",2,0.558104395866394,0.4418955743312835,,Incerta
"Bolsominion reclamando de ditadura e censura, só pq não vão conseguir + utilizar de Fake news como estratégia política","Quem é ditador/censurador,   Ou   ?  #STFVergonhaNacional  #STFNaoVaiNosCalar",0,0.5293184518814087,0.4706814885139465,,Incerta
"Roberto Jefferson, , , estava dando entrevista ao vivo nos Pingos Nos Is falando sobre a censura e... foi censurado pela Jovem Pan ! Será que tocou o Redphone?  Parte 1:","Meu Deus, o brasileiro conservador está vivendo um momento terrível no Brasil; estamos sob censura imposta pelo STF; estão calando a voz dos conservadores; nos ajudem!!! #BrazilSobCensura",0,0.5377233028411865,0.4622767567634582,,Incerta
Allan não quer ser censurado mas vejam o que ele posta no meio das lives  será que pensa que  não vê? ou o  não vê? e a  não vê? Tá se fazendo de vítima. O vídeo não é liberdade de expressão e  pq tá no meio da live ?,censura? Depois de tudo olha o vídeo que o cara fez,2,0.5084190964698792,0.4915809035301208,,Incerta
"É sério que vamos ficar reclamando da censura e da ditadura? Tt é pra conectar, articular e informar, não é muro das lamentações. O dia foi inútil, só serviu pra reclamar no tt, não tem denúncia, investigação, nem informação. Acordem","Estaria a jovem pan com medo ? Ou  estariam evitando a censura? A verdade não aprisiona,a verdade liberta.     . Agora não entendo porque cortaram  o BOB.",0,0.179535374045372,0.8204646706581116,,Alta
Vocês também estão sentindo que o clima aqui no Twitter deu uma melhorada?,"Claro, estamos mais atentos do que nunca com a Censura.",1,0.1521444171667099,0.8478556275367737,,Alta
"Várias contas foram retidas do Twitter sob a justificativa de ""demanda legal"". , ,  e outros, todos defensores do governo e críticos do STF. Do que se trata? Não foram notificados de nada ainda. É o tal inquérito ilegal? Isso é censura!",Absurdo censura. #VozParaBernardoKuster,1,0.1294140517711639,0.8705859780311584,,Alta
"Acrescento: se fosse eu o censurado, esses mesmos comemorariam e/ou criariam narrativas para encobrir/desmentir o fato. ACREDITE.  Alguns desses q perderam seus perfis assassinaram reputação de quem queria lava-toga, patrulham opiniões e promovem seu próprio mecanismo de censura.","Independente de quem for o censurado  , censura é inadmissível.",1,0.1801541596651077,0.8198458552360535,,Alta
"Barosso age em tom desqualificado e sem apego a técnica aos se valer de dizeres como ""bandidos"" e ""milícias digitais"". Temos um , tentando justificar o injustificável! Tentam legitimar a pratica institucionalizada da censura! Será uma ditadura!? #STFNaoVaiNosCalar","A semana termina assim:  Para a direita teve censura,  O 5TF bloqueou contas e a esquerda soltou Rojão,  Bolsonaro é presidente  E o Lula é LADRÃO.",0,0.1951045989990234,0.8048954010009766,,Alta
"A decisão do FB e do TW de derrubar as contas de apoiadores de  é sem precedentes na rede mundial, que se caracteriza pela ampla liberdade de expressão. A decisão de suspender as contas é contraditória porque a  investigação não está concluída. País sob censura.",Era só os jumentos que apoiam o Jumento-em-Comando lerem com atenção os termos de aceitação e regras dessas redes sociais. Não existe censura quando se tratam de criminosos contumazes.,1,0.1096200123429298,0.8903799653053284,,Alta
"A decisão do FB e do TW de derrubar as contas de apoiadores de  é sem precedentes na rede mundial, que se caracteriza pela ampla liberdade de expressão. A decisão de suspender as contas é contraditória porque a  investigação não está concluída. País sob censura.","Então foi censura o que fizeram nos Estados Úmidos com as contas envolvendo apoiadores decTrump não, fizeram o justo.",2,0.1873085498809814,0.8126915097236633,,Alta
"Hoje em dia muita gente vive em seu limite de stress por questões profissionais. E o stress é o grande vilão causador de várias doenças físicas e emocionais, além de várias frustrações. (+)","Como passamos grande parte do nosso dia trabalhando é fundamental alinhar vida profissional com a sua felicidade e isso é cada vez mais possível, criando um negócio pela internet e trabalhando em casa. (+)",1,0.1246025785803794,0.8753974437713623,,Alta
"Para quem defendia a morte do presidente, defender a CENSURA é fichinha. Não querem apenas calar o Presidente e seus apoiadores, mas calar e se possível matar. Não lute hoje e amanhã você estará na VENEZUELA.",Não VAMOS parar de lutar  independência ou morte,2,0.1822750121355056,0.8177250027656555,,Alta
Absurdo .... isso realmente já è comunismo autoritário zero liberdade de expressão ... brasil indo pro buraco sem volta,Olha a censura ai geeeeeeeeeeeeeeennte ...!!!!!,2,0.1806770116090774,0.8193230032920837,,Alta
"Que merda é essa Tiago? Um jornalista apoiando censura e dando como exemplo um Zé punheta q tem.vídeo no Xvideos como exemplo de algo? Que queda meu amigo. Não dá só pra formarem uma oposição que ganhe não,  tem que ser na covardia de calar os outros? PQP","""apoiando censura""  KKKKKKKKKKKKKKKKKKK",1,0.1289362907409668,0.8710636496543884,,Alta
"Esquenta não esquerdista! A censura comemorada por vc hoje, chegará em vc amanhã. Não se trata de lado político. Apesar de ser burro ao limite, eu defendo que vc possa dizer que Lula é inocente.","Pera o STF bloqueou contas por causa de palavras? Isso é censura e qualquer um que diga que não é passador de pano para censura, você concordar com o que a pessoa diz ou não,não é motivo para censura!",0,0.121756300330162,0.8782436847686768,,Alta
Pingos nos is estão ao vivo  falando sobre a censura aos Bolsonaristas corre lá !!!,"Combater o #autorismo do STF é defender a democracia. O cancelamento das redes sociais de adversários ideológicos é ilegal. É #censura. Quem comemora o fato, não poderá reclamar quando Bolsonaro for reeleito e indicar 4 ministros para o Supremo.",0,0.1480741500854492,0.8519258499145508,,Alta
"Figuras públicas acusadas no inquérito das fake news, como Sara Winter, Luciano Hang, Alan dos Santos e Bernardo Kuster, tiveram as contas bloqueadas por ordem do STF. Você considera isso censura e quebra da liberdade de expressão? Por favor, justifique a reposta.","Simplesmente pq muitas outras contas opositoras deles tbm fazem a mesma coisa e nada acontece, não sou fã de nenhum deles mas é censura com certeza",1,0.1503871828317642,0.849612832069397,,Alta
"Não há como aceitar a censura. Não há como aceitar que aplaudam a censura. Liberdade de expressão a todos, aqueles que pensam como eu e os que pensam de forma diferente.",Temos que lutar contra a censura do STF....,1,0.1763086169958114,0.8236913681030273,,Alta
Vocês também estão sentindo que o clima aqui no Twitter deu uma melhorada?,Esquerda defende Censura!,1,0.1967628300189972,0.8032371401786804,,Alta
"Vergonhoso, a censura chegou em definitivo, se for cristão e conservador perdeu! Isso é diversidade ?",Não vejo nada contra cristão ou conservador todos contra bandidos mentirosos sejam de direita ou esquerda.,2,0.114170417189598,0.8858296275138855,,Alta
"Estamos vivendo aquilo que todos diziam que Bolsonaro faria, que era implantar a ditadura no Brasil... só que é o ministro do STF Alexandre de Moraes que está implantando a ditadura e a censura no Brasil","Censura é quando a verdade é sufocada. Quando a fake news é combatida, isso é Justiça.",0,0.1593563705682754,0.8406436443328857,,Alta
"Acabar com rede de fake news e desinformação não é censura, muito menos ditadura. É a justiça mostrando que ninguém está acima da Lei. GRANDE DIA !!!!!!!!",Chega de fake news e propaganda governamental falsa com o nosso suado dinheiro dos impostos! #grandedia,2,0.1101487129926681,0.8898512125015259,,Alta
"Amigos aqui é Roberto Jefferson. Entrei na conta da minha filha para agradecer a todos pelo apoio. Em breve estaremos juntos novamente! Alexandre, não temo sua tirania!",O senhor não é sapo né pra ficar com a boca costurada.,2,0.1809900999069214,0.8190099000930786,,Alta
O tiranete Alexandre de Moraes passou de todos os limites. Ele agora decide sozinho qual informação pode circular no país? Ele decide quem fala e quem cala a boca? Ou os democratas reagem agora a este ato de censura s/ precedentes ou não podem mais falar em liberdade de expressão,"Vcs se calam enquanto não é com vc já já ta ai do seu lado, lembra da Alemanha?",2,0.1948603689670562,0.8051396012306213,,Alta
"Não há como aceitar a censura. Não há como aceitar que aplaudam a censura. Liberdade de expressão a todos, aqueles que pensam como eu e os que pensam de forma diferente.",". Censura não pode, assim como vender mentiras também não pode. Vender mentiras é estelionato, e estelionato é crime. Vender, espalhar injúria, calúnia e difamação não está protegido pela liberdade expressão, porque também são crimes. Tudo muito simples assim.",1,0.1169509589672088,0.8830490112304688,,Alta
"Branca chorando pq uma pessoa falou q preferia o cabelo dela grande, imagina se ela escutasse comentários como ""bombril"" ""arbusto"" ""alisa"" ""prefiro de trança"" ""deu choque"". Ela ia se matar no primeiro dia, ai esse povo da mt biscoito pra branco mimado acham q a vida é um morango.","desmerecer o sofrimento do outro independente do motivo é RIDÍCULO pqp kkkk serio as pessoas tao cada vez mais doente, se a menina tá chorando por qqr coisa vai cuidar da sua vida e deixa ela chorar, retardada",2,0.163456454873085,0.8365435600280762,,Alta
"A decisão do FB e do TW de derrubar as contas de apoiadores de  é sem precedentes na rede mundial, que se caracteriza pela ampla liberdade de expressão. A decisão de suspender as contas é contraditória porque a  investigação não está concluída. País sob censura.","Que essas redes sejam processadas por censura na corte americana, a paciência dos internautas tem limite.",2,0.172118678689003,0.8278813362121582,,Alta
"Esquerdistas fazem festa pra censura. Tiram sarro, fazem escárnio. Fosse o Brasil a ditadura de direita que eles dizem existir, quem estaria calado e perseguido eram eles. Se o Brasil virar Venezuela de vez, poucos estarão contentes. O resto, a imensa maioria, vira escravo.","são estúpidos são incapazes de pensar que pode acontecer com eles um dia , aí vamos condenar a censura",2,0.1752503961324691,0.8247495889663696,,Alta
"Avise ao Roberto jefferson para mudar sua localização para os Estados Unidos e poderá continuar a postar, aos poucos todos irão fazer isso e conseguir ver tudo que ele publica.",Eu já mudei a minha.,2,0.9827430248260498,0.0172569639980793,,Random
Alexandre de Moraes ameaçou aplicar multa diária contra Facebook e Twitter,Este seu olhar Quando encontra o meu Fala de umas coisas Que eu não posso acreditar,2,0.9649806022644044,0.0350193753838539,,Random
"Alexandre de Moraes é um TIRANO, DÉSPOTA!  #VozParaBernardoKuster","Pior, ele é inimputável.",2,0.9238266944885254,0.0761732831597328,,Random
"É hora de falar sério.  Hoje é um dia de vitória. Diversos perfis do Twitter de agentes de fake-news, ódio e destruição de reputações foram desligados, a pedido do STF.  A decisão pode ser temporária ou permanente. Nessa thread, quero mostrar pq deve ser PERMANENTE.  Segue o fio.","Garanti que ele é um merda que seleciona quando apoiar censura ou não. Censura é censura, e o Felipe Neto acabou de provar que curtiu a ideia",2,0.9855172038078308,0.01448286883533,,Random
Fernanda Melchionna: “bolsonaristas que pediam por um AI-5 agora gritam ‘censura’!”,"Pois é DCM, vocês vão se solidarizar com os censurados ou vão apoiar os ditadores da Toga? #STFVergonhaNacional",1,0.8973867297172546,0.1026132330298423,,Random
O tiranete Alexandre de Moraes passou de todos os limites. Ele agora decide sozinho qual informação pode circular no país? Ele decide quem fala e quem cala a boca? Ou os democratas reagem agora a este ato de censura s/ precedentes ou não podem mais falar em liberdade de expressão,Vergonha desse STF. Censuradores de toga!,2,0.985093355178833,0.0149065861478447,,Random
"O judiciário julga como desinformação toda opinião que o critica.Derruba e prende toda voz dissonante. O vigia da democracia e da liberdade transformou - se no carrasco. Em nome do combate a uma ditadura invisível, criou- se definitivamente a ditadura do STF.",Eu vivi para ver um judiciário que censura e não julga conforme as leis.,2,0.961806058883667,0.0381939150393009,,Random
"Não é uma delícia ver a galera que pedia um AI-5 chorando e gritando CENSURA?   Foi uma decisão judicial, esses imbecís confundem PUNIÇÃO com CENSURA.  A única coisa boa é ver esse “fugitivos da inteligência” chorando nas redes. Criticando a censura e o “livre mercado”","O AI 5 foi feito pelos militares para varrer os comunistas revolucionários, e não pelo STF que censura pessoas que não cometeram crime algum! E com inquérito ilegal...",1,0.9551038146018982,0.0448961965739727,,Random
Por que?,Nossa... Pessoas comemorando a censura?,2,0.85257488489151,0.1474250853061676,,Random
Alexandre de Moraes censura jornalistas de forma arbitrária  via        pode isso???,"Roberto Jefferson tem sido uma grata surpresa pra ala Conservadora, do jeito que Bolsonaro tem se abaixado pra esquerda, já penso que seria uma boa opção pra 2022",0,0.990115523338318,0.0098844934254884,,Random
"Felipe Neto, que defende a censura e até a prisão de quem supostamente espalha ""fake news"", mais uma vez foi pego mentindo e propagando desinformação na internet. O sujeito mente tanto que, agora, teve que ser desmentido pelo embaixador da Ucrânia por mentir sobre aquele país.",Felipe é um acéfalo por natureza,2,0.8543809652328491,0.1456189900636673,,Random
"Amigos aqui é Roberto Jefferson. Entrei na conta da minha filha para agradecer a todos pelo apoio. Em breve estaremos juntos novamente! Alexandre, não temo sua tirania!","Aguenta firme, guerreiro!  A justiça de Deus é infalível! #juntossomosmaisfortes",2,0.967683494091034,0.0323165319859981,,Random
"Sou oficialmente um vagabundo, grande dia",a vida pós senai,2,0.9714824557304382,0.0285175256431102,,Random
"#STFVergonhaNacional o Exmo. Careca deixa todos falarem qualquer coisa, existem processos judiciais pra manter a lei....censura não Careca....fica feio...","Hoje são:  Allan dos Santos Bernardo Kuster Edson Salomão Luciano Hang Roberto Jefferson Otávio Fakhoury Sara Winter   Amanhã pode ser VC. VC, conservador. VC, que apoia Bolsonaro. E VC tbm, idiota de esquerda que tá comemorando essa censura covarde!  #VozParaBernardoKuster",0,0.9872536063194276,0.0127463703975081,,Random
Bora migrar para os EUA. Quero ver #STFVergonhaNacional nos calar... 1- Configuração e Privacidade 2 - Conta 3 - País,“Ou os democratas reagem agora a este ato de censura s/ precedentes ou não podem mais falar em liberdade de expressão”,0,0.9777588844299316,0.0222411602735519,,Random
Para Ministros do STF a Liberdade dos Corruptos é mais importante q a de Expressão. #VozParaBernardoKuster,com certeza #VozParaBernardoKuster,2,0.9948198199272156,0.0051802610978484,,Random
"Alexandre de Moraes é um TIRANO, DÉSPOTA!  #VozParaBernardoKuster",chega de ilegalidades O advogado careca do PCC tem que ser detido Socorro,2,0.9833295345306396,0.0166704803705215,,Random
"Hoje, 24/07, Fakhoury e demais investigados pelo inquérito das “fake news” foram surpreendidos com a suspensão de suas contas em redes sociais. Já existe um Habeas Corpus contra o ato praticado pelo Ministro Alexandre de Moraes sob a relatoria do Ministro Edson Fachin ...",Eu pergunto como cidadão comum....onde vcs estavam  quando os Ptralhas estavam esvaziando Nossos cofres. Não agiram nem a metade do que estão perseguindo os apoiadores do  . Mais que PORRA,2,0.987024188041687,0.0129758082330226,,Random
"Hoje ao sinto nojo dos Juízes do Supremo do Brasil... Nunca imaginei ter que passar na "" democracia "" por uma censura absurda dessa.. nunca pedi para isso acontecer nem com Lula e Dilma e cia que só falam merda",⠀ //: quero fazer a thread da terceira geração mas a preguiça bate na hora de procurar os aesthetic e editar gift . . . GRANDE DIA!,0,0.9755492806434632,0.0244507491588592,,Random
"Alexandre, o Supremo, de Moraes perdeu qualquer vergonha de assumir o papel de censurador da nação. Sua decisão de hoje é típica dos piores regimes ditatoriais. Ao assistir a tudo isso passivamente, o Senado torna-se cúmplice desse absurdo.","Rapaz, eu tenho que concordar, ninguém pode calar ninguém, censura é ditadura, e o  tá sendo ditador nessa parte.",2,0.4949767589569092,0.505023181438446,,Random
Para tornar sem efeito a decisão do Cabeça de Ovo de CENSURAR o jornalista Allan dos Santos e tantos outros faça o seguinte   #FreedomOfSpeech,Não vão nos calar !!,2,0.9773847460746764,0.0226152725517749,,Random
Esquerdista tentando justificar a censura do stf sem admitir seu autoritarismo,PUTA QUE PARIU SUAHSUAUSHAUSHA BASED PRA CARALHO,2,0.9736669063568116,0.0263331234455108,,Random
"Grande dia intensifies - Sob ordem do STF, Twitter suspende contas da extrema-direita brasileira  via","Roberto Jefferson usa conta do Twitter da filha e dispara: ""Alexandre, não temo sua tirania!”  ---VOLTAPARA O ASILO VÉIO RIDÍCULO.",0,0.993738293647766,0.0062617291696369,,Random
"Que Roberto Jefferson tem uma grande oratória é inegável, mas quero atentar à inédita participação do Bernardo Küster no Pingos nos Is. Por mais que eu tenha feito críticas à direita superlive, uma oportunidade interessante pode ser identificada quanto à atuação da direita.","#STFNaoVaiNosCalar seguinte Beeeeeeem feito pra vocês, queriam o AI-5? POIS AÍ ESTA A CENSURA! NEM ADIANTA RECLAMAR. Bolsonaro também é uma bosta,boa noite  Aliás,todo presidente do Brasil é uma bosta, nenhum conseguiu ser bom.",0,0.9814773201942444,0.0185226667672395,,Random
"Os perfis do ,  (dentre outros) está liberado para quem vive fora do Brasil. Ou seja: a censura é apenas para brasileiros que vivem sob a ditadura.","Claro, afinal as pesquisas sérias, afirmam q Bolsonaro ganha para reeleição e eles se perderam de vez, sem saber o q fazer.",2,0.9858863353729248,0.014113693498075,,Random
"Se seguirmos perdendo tempo caçando ""traidores"", tentando cancelar quem quer que seja ou participando de brigas imbecis entre anônimos e não-anônimos, tudo o que vamos conseguir é contribuir com os nossos adversários e ajudar a acabar até com o pouco de liberdade que nos resta.","Certinho, já tá enchendo o saco essa briguinha desnecessária entre os que acreditam num país melhor, está do lado do Presidente e o que importa agora e a união faz toda a diferença para tentarmos colocar o Brasil boa trilhos, sem censura ou ditadura que querem implantar.",2,0.4271467924118042,0.5728532075881958,,Incerta
Os conservadores foram criminalizados no Brasil.  Só há liberdade de expressão se você seguir a cartilha socialista e não criticar o establishment.  Censura e perseguição.,Censura é o que seu governo criminoso e seu presidente envolvido com as milícias quer fazer ao criar um grupo para perseguir os antifascistas. Vá de retro ...,1,0.5006563067436218,0.4993436634540558,,Incerta
Aras está contra o bloqueio de contas no Twitter!,E de que adianta ser contra se hoje quem comanda o país é o STF através da caneta de Alexandre de Moraes?,1,0.5762386322021484,0.4237613081932068,,Incerta
EU vendo que contas bolsonaristas são retiradas do ar no Twitter e Facebook e que o pessoal que pede a volta da ditadura tá reclamando de censura,Kkk eu sou completamente contra a censura por parte do STF mais esse  Tweet e pura vdd,1,0.5027621984481812,0.497237890958786,,Incerta
"A censura nada mais é do que a covardia de poderosos contra aqueles que expõem verdades inconvenientes. O censurador é o covarde-mor que tem medo das palavras. Tenta fazer da vítima o réu, da mentira a verdade. Transforma seu poder em tirania para blindar canalhas e suas crenças.","A censura é o véu, a obscuridade da verdade. Nada mais propício em pleno Covidão, do que apagar as redes sociais para campanha em Novembro",1,0.4742392003536224,0.5257608294487,,Incerta
"Hoje são   Allan dos Santos Bernardo Kuster Edson Salomão Luciano Hang Roberto Jefferson Otávio Fakhoury Sara Winter   Amanhã pode ser vc.  Vc, conservador. Vc, que apoia Bolsonaro.   E vc tbm, idiota de esquerda que tá comemorando essa censura covarde.  #VozParaBernardoKuster",Só tenho uma coisa a dizer. #CabecaDePiroca,2,0.4060362577438354,0.5939638018608093,,Incerta
"Alexandre de Moraes passou do limite do bom senso há um tempo. Mas, hoje, ele extrapolou ao mandar derrubar 17 perfis de apoiadores do presidente  nas redes sociais.   É a instituição oficial da censura.","A Questão não é porque são apoiadores do  O fato é que o 5TF implantou a DITADURA DA TOGA, e o , deputados e senadores CALADOS, OMISSOS, diante de tudo. Pessoas comuns, honestas são rotuladas de CRIMINOSAS, anti-democráticas e vcs APENAS preocupados com SELF.",2,0.4960266351699829,0.5039734244346619,,Incerta
"“Objetivo é intimidar todos os demais apoiadores”, diz assessor de Bolsonaro, Filipe Martins  #STFVergonhaNacional",Não vam nos intimidar!,2,0.5847278833389282,0.4152721166610718,,Incerta
"A esquerda que sempre nos acusou de lambe botas, está comemorando a censura lambendo por baixo das togas!","Eles estão acostumados a LAMBER a sola das botas, não as botas! São estrume, não são pessoas...",2,0.5147680044174194,0.4852320551872253,,Incerta
esquerdista só comemora censura porque sabe que não se garante no debate,o presidente é de esquerda?,2,0.4823924303054809,0.517607569694519,,Incerta
O STF precisa conter a escalada de Alexandre de Moraes contra a liberdade de expressão.,"Vocês também são responsáveis por essa escalada de absurdos do STF e do Alexandre de Moraes.  Antagonista, não venham aqui agora querer pagar de libertários do direito de livre expressão. SEUS FDPs!!!",1,0.4502243995666504,0.5497756004333496,,Incerta
"Hoje eu desmaiei do nada na frente da minha mãe, grande dia",Grande dia...puto que curte fake news #ForaBolsonaro,0,0.5989547371864319,0.4010452926158905,,Incerta
Já cancelou sua assinatura na grande mídia hoje?  Estadão: 0800 014 7720 Folha: 0800 140 090 Globo: 0800 881 8000 Veja: 0800 775 2112  ISTOÉ: 0800 888 2111,Bora pro cancelamento?...,2,0.5495708584785461,0.4504291117191314,,Incerta
Super acreditei nessa pesquisa do Paraná(!) onde um governo desaprovado por 70% da população vence as eleições em todos os cenários...  #GovernoDeFraudes,Para fraudar uma pesquisa é fichinha #GovernoDeFraudes,2,0.596675455570221,0.4033245742321014,,Incerta
O tiranete Alexandre de Moraes passou de todos os limites. Ele agora decide sozinho qual informação pode circular no país? Ele decide quem fala e quem cala a boca? Ou os democratas reagem agora a este ato de censura s/ precedentes ou não podem mais falar em liberdade de expressão,Vergonha destas entidades e emissoras que “representam” o jornalismo brasileiro  que deveriam estar unidos e  defendendo  a liberdade de expressão seja qual e de quem  for     ... A ditadura está vindo justamente de uma instituição que deveria defender,2,0.556632399559021,0.4433675706386566,,Incerta
"General, até onde iremos com esse STF? Voltamos à censura?","Militantes de esquerda comemoram inquérito de Alexandre de Moraes que promove censura, , , , , , esquerdopatas comemorando a ditadura do  em calar você, eu, e mídia contrária a  eles !",0,0.4745948910713196,0.5254051089286804,,Incerta
Não aceitem NENHUMA narrativa que responsabilize o presidente pelas atitudes do Alexandre de Moraes. É um jogo pra dividir a militância.  Discernimento acima de tudo!,"A César o q é de César.  A culpa é do cabeça de e de seus coleguinhas, que lhe deram carta branca para continuar com esse absurdo. Ah, e do  tb, q pensando em aval p/reeleição inconstitucional ñ pauta o impeachment dos sinistros. #FreeOfSpeech",2,0.5769694447517395,0.4230306148529053,,Incerta
"Estamos vivendo e um regime de excessão, o autoritarismo imposto pela ""suprema"" corte através da CENSURA, nada mais é que uma ditadura judicial! SUPREMO É O POVO!!! #CensuraJamais",#STFNaoVaiNosCalar Alexandre de Moraes um criminoso de toga.,0,0.5759434103965759,0.4240566194057464,,Incerta
"A caça continua cada vez mais implacável.  Hoje censuram  Allan dos Santos Bernardo Kuster Edson Salomão Roberto Jefferson Otávio Fakhoury Sara Winter e outros.  E amanhã?  Nós?  Vocês?   E não se anime esquerdista imbecil, pois o próximo pode ser você    #VozParaBernardoKuster","Que horror, nao se pode mentir mais nas redes sociais, sofreram censura, tadinhos",1,0.4579988420009613,0.5420011281967163,,Incerta
é impressionante e bizarro o quão grande a taylor swift consegue ser no seu oitavo álbum que saiu do nada............ a mulher tem a carreira dos sonhos de QUALQUER artista...... ELA É A INDUSTRIA MUSICAL,"PERFEITA MAIS DE UMA DECADA DE CARREIRA Odiada pelos internautas e pela mídia E segue perfeita entregando hit atrás de hit, tour cada vez mais fudido inclusive o mais lucrativo da história Álbum atrás de álbum, em estilos diferentes Sem contar os vídeos lindos aff tudo",2,0.5447351932525635,0.4552648365497589,,Incerta
"Ja sumiram até com a TAG...mais CENSURA,   Se fosse o caso teria que mostar o poste de ódio e apagar,  Não CENSURAR o perfil inteiro.  É CENSURA sim.","Você tem toda a liberdade pra dizer aquilo que eu concordo, se não for, é fake News e você precisa ser censurado  #Politicagem #Isentão #Censura",0,0.5586381554603577,0.4413618743419647,,Incerta
"Existe uma lógica perversa em se exigir que o MBL defenda bolsonaristas de censura enquanto eles torcem (e até contribuem) pra que nossos membros sejam presos ou percam o emprego. Regra básica: não se solidariza, politicamente, com alguém que lhe quer destruído.","Exatamente. O mesmo se aplica para ""solidariedade"" entre todos pa grupos políticos.",2,0.4174121022224426,0.5825878381729126,,Incerta
"Branca chorando pq uma pessoa falou q preferia o cabelo dela grande, imagina se ela escutasse comentários como ""bombril"" ""arbusto"" ""alisa"" ""prefiro de trança"" ""deu choque"". Ela ia se matar no primeiro dia, ai esse povo da mt biscoito pra branco mimado acham q a vida é um morango.",meu deus q mina chata da porra pqp,2,0.5447243452072144,0.4552756249904632,,Incerta
O tiranete Alexandre de Moraes passou de todos os limites. Ele agora decide sozinho qual informação pode circular no país? Ele decide quem fala e quem cala a boca? Ou os democratas reagem agora a este ato de censura s/ precedentes ou não podem mais falar em liberdade de expressão,Foda é que todas as vezes ele passa dos limites e ninguém faz NADA.,2,0.5747371315956116,0.4252628982067108,,Incerta
"O ditador togado Alexandre de Moraes bloqueou as mídias de várias pessoas, no inconstitucional inquérito AI5 do STF.  A liberdade de expressão nunca foi tão violada como atualmente. NUNCA. Nem no regime militar. E pior: violada por quem mais deveria protegê-la.   Fora, Moraes.",Mas vocês não pedem o AI5? Daí  reclamam de censura...,1,0.4788198173046112,0.5211802124977112,,Incerta
"Felipe Neto, que defende a censura e até a prisão de quem supostamente espalha ""fake news"", mais uma vez foi pego mentindo e propagando desinformação na internet. O sujeito mente tanto que, agora, teve que ser desmentido pelo embaixador da Ucrânia por mentir sobre aquele país.",Menino do cabelo lgbt fazendo Fake News? Que coisa feia!,2,0.4080595672130584,0.5919404029846191,,Incerta
"Hoje é um grande dia, dia que eu e minha amada esposa Mari Oltman fazemos bodas... me faltam palavras p dizer o quão é maravilhoso estar ao seu lado, aí me perguntam, e a quarentena? Ela só fez meu amor, paixão e admiração aumentarem, Te Amo minha Vida, hoje e sempre!!","Grande Dia dizem os esquerdopatas. Para infelicidade de vocês, terão que aguentar nosso presidente até 2026. Grande Dia vai ser a vitória dele em 2022, nesse dia vocês podem providenciar sua mudança pra Cuba ou Venezuela kkkkkk",0,0.4957923889160156,0.5042076110839844,,Incerta
O tiranete Alexandre de Moraes passou de todos os limites. Ele agora decide sozinho qual informação pode circular no país? Ele decide quem fala e quem cala a boca? Ou os democratas reagem agora a este ato de censura s/ precedentes ou não podem mais falar em liberdade de expressão,"O pior é que quem está censurando é quem teríamos para recorrer, a ditadura do STF está instalada.",2,0.5396434664726257,0.4603565633296966,,Incerta
"Várias contas foram retidas do Twitter sob a justificativa de ""demanda legal"". , ,  e outros, todos defensores do governo e críticos do STF. Do que se trata? Não foram notificados de nada ainda. É o tal inquérito ilegal? Isso é censura!",#CensuraJamais vergonha vergonha  #VozParaBernardoKuster,1,0.4486873745918274,0.5513126254081726,,Incerta
"Sara Gomide, Bernardo Kuster e outros difamadores profissionais que tiveram conta bloqueada em rede social estão apelando para entidades que defendem “direitos humanos”, logo eles que tanto atacam e rebaixam quem fala em direitos humanos. É karma que isso chama, né?","No #@ dos é refresco, hahahaha",2,0.48331218957901,0.51668781042099,,Incerta
"O conceito de “mentiras sistemáticas” deve ser bem definido pro bloqueio de hoje não ser censura amanhã. Hoje prestou grande serviço contra 16 usinas nucleares de fake news!  Aliás, só um país esquizofrênico dá audiência ao Bob “Fica Collor Mensalão Mamadeira de ...” Jefferson.","Tradução:  Deve ser bem definido porque quando for comigo ou algum coleguinha, será censura.  Eu não poderei falar daquela notícia de futebol que ""eu soube de algum lugar que eu não sei de onde saiu"".",2,0.4586271345615387,0.5413728356361389,,Incerta
"PASSO A PASSO contra a censura:  1) Clique em ""Mais"" 2) Vá em ""Configurações e Privacidade"". 3) Na aba ""Dados e Permissões"", clique em País onde está ""Brasil"". 4) Troque para qualquer outro país da lista. 5) Pronto, agora você está livre da censura do #STFVergonhaNacional","Será que o STF, e esse pessoal que diz defender a liberdade mas comemora censura, não entendem que esse tipo de perseguição só faz crescer o repúdio do povão a eles?",0,0.5139768719673157,0.4860230982303619,,Incerta
Sobre contas de conservadores sendo banidas: a liberdade de expressão é direito fundamental garantido em nossa Constituição e deve ser válida para todos.,Quem diria que vc seria aliado de Roberto Jefferson hein? Quem é o próximo? LULA?,1,0.5238772630691528,0.4761227369308471,,Incerta
"Hoje são   Allan dos Santos Bernardo Kuster Edson Salomão Luciano Hang Roberto Jefferson Otávio Fakhoury Sara Winter   Amanhã pode ser vc.  Vc, conservador. Vc, que apoia Bolsonaro.   E vc tbm, idiota de esquerda que tá comemorando essa censura covarde.  #VozParaBernardoKuster",Amanhã pode ser qualquer um de nós!,2,0.5521753430366516,0.4478246569633484,,Incerta
"Será que o Alexandre de Morais, e a esquerda canalha , pensão que vão nos calar e censurar derrubando contas na rede ? Eu conto ou vocês contam ! #FechadoComBolsonaro","Machartistas, que pra tudo é comunismo e querem sim calar quem discorda com Ai-5,  reclamando de censura! Poupem me! Kkkkkkk",0,0.502508282661438,0.4974917471408844,,Incerta
"Derrubaram a conta do Roberto Jefferson aqui no Twitter. Pela mensagem que aparece, foi devido a um pedido da justiça. Acredito que foi o Lele!","Lele o caralho foi o cabeça de piroca, consegue ser mais imundo que Beiçola, Levando Grana, e o juiz de merda.",2,0.4947353303432464,0.5052646398544312,,Incerta
"Ele cometeu um ato de censura, totalitário, ditatorial, típico de Estados absolutistas.","Covarde,prepotente,vagabundo, tua hora vai chegar e veremos você ser arrancado do stf e ir direto pra prisão, isso é o que tiranos merecem, apodrecer na cadeia.",2,0.4396486580371856,0.5603513121604919,,Incerta
O STF precisa conter a escalada de Alexandre de Moraes contra a liberdade de expressão.,Vcs tem culpa disso!!!  A censura chegará para todos!!   Quero ver a imprensa defender a liberdade de expressão!!!,1,0.429538369178772,0.570461630821228,,Incerta
Alexandre de Moraes é um tirano! Está instaurando a ditadura da toga em nosso país. O que será feito? Quais as providências que serão tomadas a esse abuso de poder? Não podemos nos calar. #ForaAlexandreDeMoraes,"É inadmissível que enquanto perfis por aí desejam a morte da autoridade maior do nosso país, outros perfis como o do  sejam impedidos de exercer seu direito à liberdade de expressão. Bernardo, estamos com você...   #VozParaBernardoKuster",0,0.5103870630264282,0.4896129965782165,,Incerta
"seria cômico se não fosse trágico...liberdade de imprensa, expressão, não é autorização pra mentir...mas hoje em dia, poucos sabem o significado de mentiras...","Aí está o ponto, qdo a mentira assume vulto, e passa a ter método, ela não se distingue mais da verdade, e esses seres se espraiam e passam a ser a mão invisível do marionete. Odeio a censura, mas eles esticaram a corda no limite. A democracia tem de se defender.",2,0.4255707859992981,0.5744292140007019,,Incerta
EU vendo que contas bolsonaristas são retiradas do ar no Twitter e Facebook e que o pessoal que pede a volta da ditadura tá reclamando de censura,A contradição desse pessoal me diverte,2,0.539152204990387,0.4608477354049682,,Incerta
eu vou falar sobre como &gt;&gt;eu&lt;&lt; acho que larry vai ser assumir   segue a thread;,"faz mt sentido, tbm acho que vai ser algo do tipo, mesmo boa parte dos fãs não acreditando, pra grande mídia seria menos escândalo do que eles falarem ""eae glr, a gnt tá junto desde o início da banda, era tudo mentira, lidem com isso""",2,0.4997146427631378,0.5002853274345398,,Incerta
"Aguenta a choradeira dos fascistoides, que vão falar em censura, blablablá",Esse é o tipo de jornaleiro que diz te informar.,2,0.4652474820613861,0.5347524881362915,,Incerta
Eu já mudei a minha conta para os Estados Unidos . E vocês?,Eu já mudei a minha pra outro país #STFVergonhaNacional,2,0.5426203012466431,0.4573796391487121,,Incerta
Nota à nação brasileira | PTB não permitirá que censura da toga e opressão calem,"vc está fazendo papel ridículo. Pq além de seus atos serem Fascista um AI-5, vc n está assustando o povo é Sim IRRITANDO O POVO E ISSO É PERIGOSO. Além do q o BOB sabe muito sobre vcs e fala por outras plataformas q n tem censura e dentro do Twitter usa outro nome.",2,0.4369802474975586,0.5630198121070862,,Incerta
SEXTA-FEIRA DA VERGONHA Alexandre de Moraes manda censurar perfis do jornalista Bernardo Küster (diretor do BSM) e vários outros conservadores. É a mais vasta operação de censura já vista na internet brasileira. #VozParaBernardoKuster,"Então senadores do RJ  ,   e  . Vão se calar perante a censura que está sendo praticada? Podem até não concordar com o que é dito ou com o lado defendido, mas concordar com o a mordaça? Somente o Senado agora pode e deve tomar ação!",2,0.5904715061187744,0.409528523683548,,Incerta
Olhem o estrago q faz uma boa pergunta,"Ditadura e censura aqui não, não quer reaponder porque o trem não vai prestar e querem logo em nós enfiar!",2,0.4072055220603943,0.5927945375442505,,Incerta
"Amigos aqui é Roberto Jefferson. Entrei na conta da minha filha para agradecer a todos pelo apoio. Em breve estaremos juntos novamente! Alexandre, não temo sua tirania!","Valeu Roberto Jefferson, vc é uma esperança!",2,0.4207289218902588,0.5792710185050964,,Incerta
"Impedir os ativistas de direita de se manifestarem pelas mídias sociais é censura prévia. Uma coisa é investigar e eventualmente punir por aquilo que publicaram; outra, inteiramente diferente, é impedir que falem.",A liberdade não pode de ser seletiva!,2,0.4319019913673401,0.5680980086326599,,Incerta
"Bom dia grande Maxwel,tenha um bom final de semana o/",Bom dia grande adler! Bom final de semana pra ti tbm \o,1,0.4816741645336151,0.5183258056640625,,Incerta
O Brasil está perdido. Tem gente comemorando o bloqueio de contas no Twitter.,Eu to comemorando o coice que tu tomou também. Grande dia,2,0.1867496371269226,0.8132504224777222,,Alta
Vocês também estão sentindo que o clima aqui no Twitter deu uma melhorada?,Censura nao chega nos cabeças e comunismo. Mas a cadeia pode chegar.,1,0.1799285262823104,0.8200714588165283,,Alta
"Impedir os ativistas de direita de se manifestarem pelas mídias sociais é censura prévia. Uma coisa é investigar e eventualmente punir por aquilo que publicaram; outra, inteiramente diferente, é impedir que falem.","Eles podem falar em outras plataformas. Ninguém está impedindo. Acontece que aqui há regras que você concorda ao realizar seu cadastro. Se você não obedece os termos, você tá fora. Censura é ameaçar sua integridade pelas suas opiniões. Não expulsar visita indesejada da sua casa.",1,0.1517073214054107,0.8482927083969116,,Alta
A culpa disso é desse cara  que não aceita os pedidos de impeachment contra os ministros,vc é  responsável por isso!! A impunidade dos ministros do  está nos levando a uma CENSURA!!,2,0.1616681069135666,0.8383318781852722,,Alta
TEMPO | É incrível o que ocorre agora no Rio Grande do Sul. Parte do Estado está com condições de verão e parte sob inverno rigoroso. Queda de temperatura em algumas regiões a partir do Oeste é acentuadíssima no que anunciamos seria uma radical mudança.,"RS com temperaturas entre 8 e 31 graus no mesmo dia, dependendo da região. A T mais baixa não é no lugar mais frio. A T mais alta não é no lugar mais quente.",2,0.1819344758987426,0.8180655837059021,,Alta
O Brasileiro não está entendendo realmente onde está censura por parte do STF irá nos levar!,"Que ótimo  Twitter praticando a censura de novo  E o legal é ver o mesmo povo que reclamava que teve censura em 1964 aqui no Brasil, apoiando a mesma coisa que criticam, só que dessa vez feito pelo twitter   Enfim, hipocrisia",0,0.1571571081876754,0.8428428769111633,,Alta
"É inaceitável a censura judicial imposta ao  . Segundo ele, sua conta no Facebook foi bloqueado por decisão judicial, sem que ele tenha conhecimento dos detalhes da decisão, ou de quem a tomou. A suspeita é que seja um desdobramento do inquérito das ""fake news"".","Que peninha, não é mesmo? Agora ele não tem mais como disseminar fake news, destilar ódio e nem proferir ofensas, calúnias e difamações contra quem se opõe ou discorda do teu político de estimação.  Grande Dia!",1,0.1051795706152916,0.8948204517364502,,Alta
"Nós, do baixo clero (no meu caso, do baixíssimo), não seremos atingidos pela censura. Ao menos por enquanto.","Cai na real, meu chapa! Todos serão censurados. Eu estou sendo há dois meses. E a lei da censura ainda nem foi promulgada.",1,0.1195459440350532,0.8804540634155273,,Alta
Todo mundo precisa ver esse vídeo!,"O vídeo parece separar o mundo em AC-Antes Covid e DC-Depois Covid, mundo livre, sem máscaras, sem censura, pelo menos aqui no ocidente, ""DC"" tbm pode ser -Depois China ou -Depois Comunismo, mas sigo outro DC, Depois Cristo, esse dá tudo de AC até a eternidade.",2,0.1398716270923614,0.8601283431053162,,Alta
"Palhaço, mais 85 mil mortes e esse verme se acha do o máximo.","Bom dia! Grande DIA...O dia da“CURA”de nosso Querido BOLSONARO! Palhaço e vermes, são os GOVERNADORESINHOS E PREFEITINHOS, que estão com as “MÃOS ENSANGÜENTADAS”pelas mortes dos INOCENTES, por negarem MEDICAÇÃO!Primeiro terão que responder À DEUS, depois às sofridas FAMÍLIAS!",2,0.1481040865182876,0.8518959283828735,,Alta
"Acrescento: se fosse eu o censurado, esses mesmos comemorariam e/ou criariam narrativas para encobrir/desmentir o fato. ACREDITE.  Alguns desses q perderam seus perfis assassinaram reputação de quem queria lava-toga, patrulham opiniões e promovem seu próprio mecanismo de censura.",Quando tivemos a censura da Crusoé todos defenderam os Antas...,1,0.1592648476362228,0.840735137462616,,Alta
"Censura é abjeto, nada justifica.  Mas Allan faz o mesmo com quem o confronta. Vários foram bloqueados por apenas questionar o ""apoio"" dele. Fui um deles por dizer que ele bate repetidamente no PR dps diz que apoia. Sem ofensa nem desrespeito. Pessoa pública e ñ aguenta crítica.","Um indivíduo ""bloquear"" outro não é censura, é opção! As pessoas individualmente podem optar com quem querem se relacionar. Se você não consegue entender a diferença, sinto pela sua pouca compreensão da gravidade do ocorrido.",1,0.1085243225097656,0.8914756774902344,,Alta
"Nossa! Como o senador é um sujeito democrático! A propósito, e a sua leizinha da censura? Satisfeito? Da série “Eu, hein, Creusa”.",Que cretino hipócrita mais cara de pau esse sujeito. É o autor daquela porcaria autoritária de PL da censura e fica dando uma de que não é isso que ele quer. É o cúmulo esses tiranetes que se instalaram nesse país.,1,0.1154628917574882,0.8845370411872864,,Alta
"Amigos aqui é Roberto Jefferson. Entrei na conta da minha filha para agradecer a todos pelo apoio. Em breve estaremos juntos novamente! Alexandre, não temo sua tirania!",Mude a localização da da sua conta paras outro país que você sai da censura.,1,0.1541154384613037,0.8458846211433411,,Alta
"Talvez um dia o pessoal entenda que difamar, caluniar e etc. não é liberdade de expressão. É CRIME.","Então, que seja julgado o crime de cada um.  Mas a censura prévia não deve ser festejada.",1,0.1800117045640945,0.8199882507324219,,Alta
O tiranete Alexandre de Moraes passou de todos os limites. Ele agora decide sozinho qual informação pode circular no país? Ele decide quem fala e quem cala a boca? Ou os democratas reagem agora a este ato de censura s/ precedentes ou não podem mais falar em liberdade de expressão,Liberdade de expressão é pra todos. Ou então é não é liberdade.,2,0.1416760683059692,0.858323872089386,,Alta
"quem vier c aquele clipe da jennie eu vou dar um soco pq yge NAO CENSURA A N WORD como deu pra perceber, ela mudou pra outro palavrão e por isso censuram eu vou meter uma bicuda em vcs juro por deus",inclusive se pesquisar tem vários clipes de artistas yge falando nword sem censura nenhuma,1,0.1977555900812149,0.8022444248199463,,Alta
Esquerda comemorando censura? Nada novo em baixo do sol. Dizem que estão censurados os que pediram AI-5. Pura desinformação. Foram censurados aqueles que denunciam abusos de canalhas que querem destruir o país.,"Não estamos comemorando, estamos assistindo de camarote o pedido de vcs serem atendidos! Que parte do tal AI-5 que vcs clamam não tem censura? Apreciem, aproveitem, não se façam de ingratos agora. A censura é só um pedaço de tudo isso.",1,0.1473617106676101,0.8526382446289062,,Alta
"É inacreditável!!! Vocês estão aplaudindo a censura? Vocês aplaudem porque os censurados hoje , pensam diferente de vocês? Vocês se dizem democratas? Sabem o que significa liberdade? Qual artigo do crime cometido? Diz aí, por favor.","Eles têm fetiche por censura. Já notou? Se não vem de Bolsonaro, que venha de alguém... mas venhaaaaaaaaaa. Estão vibrando...",1,0.1215770915150642,0.8784228563308716,,Alta
eu realmente n consigo entende oq se passa pela cabeca de quem defende ai 5 e reclama de censura ao msm tempo,a censura = nao pode compartilha fake news c os amigos do zape,1,0.1420811414718628,0.8579188585281372,,Alta
"Felipe Neto, que defende a censura e até a prisão de quem supostamente espalha ""fake news"", mais uma vez foi pego mentindo e propagando desinformação na internet. O sujeito mente tanto que, agora, teve que ser desmentido pelo embaixador da Ucrânia por mentir sobre aquele país.",Nelipe Feto divulgando fake news. E cadê o banimento dele? Não tem né. Não podem tirar o boneco ventríloquo de cena...,2,0.192656859755516,0.8073431849479675,,Alta
Aí era só denunciar mas engraçado é os adeptos do Capitão gripezinha pedirem AI 5 e reclamarem que são vítimas de censura,A censura é pros outros ne.,1,0.1054317578673362,0.8945682644844055,,Alta
Estou com um videozinho novo bem gostoso  Vou mandar essa previa sem censura no pv de todos que derem Rt e comentarem nesse tweet,"Revoltada  com a #censura às contas...Logo seremos nos,  simples mortais... vergonha!",0,0.1657917946577072,0.8342082500457764,,Alta
"Poucas pessoas defendiam AI-5 na direita, mas o ótimo argumento da esquerda para rir da censura é... ""ai, mas vocês não queriam AI-5""","Ai gente estou  cansada de ler tanta coisa ruim, censura e a falta de caráter do superior* prejudica toda a nação.   Quando vai aparecer um grupo de empresários para pagar os Black bloc para resolver o problema no Brasil!?",0,0.14935003221035,0.8506499528884888,,Alta
É q eu vi a cirugia de fato ocorrendo sem nenhuma censura e aqueles martelinho batendo no osso pra encaixar alongador me deu sérias dores aqui só de ver.,então já vi sem censura também. doideira que eles quebram os ossos td da pessoa e o pós operatório a pessoa fica de cadeira de rodas e alguns casos na cama pq quebram os braços tbm,1,0.1308096796274185,0.8691903352737427,,Alta
"PASSO A PASSO p/ não abaixar a cabeça pra CENSURA: 1) Clique em ""Mais"" 2) Vá em ""Configurações e Privacidade"". 3) Na aba ""Dados e Permissões"", clique em País onde está ""Brasil"". 4) Troque para qualquer outro país da lista. 5) Pronto  Agora você está livre da restrição do Xandão",Por favor onde está este configurações e privacidade no iPhone ?,2,0.96698659658432,0.0330133959650993,,Random
"Precisamos manter a fé, pois Deus Nos livrou da esquerda no executivo, livrou nosso presidente da morte e tem feito nossa nação grande a cada dia. Confiem q tudo vai dar certo. Os ataques são p enfraquecer Bolsonaro e prejudicar as eleições de Trump.  #FreedomOfSpeech","ENTREVISTA COM ROBERTO JEFFERSON: ""OSWALDO CENSURADO""  via",0,0.9615274667739868,0.0384725779294967,,Random
#VozParaBernardoKuster. Esse é o tweet,"Sara Winter, Roberto Jefferson, Allan do Terça Livre... todos tiveram suas CONTAS RETIDAS, por determinação judicial, no Twitter!",0,0.9883177876472472,0.0116822365671396,,Random
"Proibir, com ordem prévia e geral, que uma pessoa se manifeste através de um veículo de comunicação legítimo é censura. Ponto.","Querida, contar mentiras, destruir reputações com objetivo político, não é liberdade de expressão. Usar redes sociais como arma menos ainda. Ponto",2,0.1469444185495376,0.8530555367469788,,Random
O tiranete Alexandre de Moraes passou de todos os limites. Ele agora decide sozinho qual informação pode circular no país? Ele decide quem fala e quem cala a boca? Ou os democratas reagem agora a este ato de censura s/ precedentes ou não podem mais falar em liberdade de expressão,"Senhores leiam esse comentário, por si vcs aguentam   olha acho que é verdade. O CABEÇA DE PIROCA, vai decidir quem fala o que. Até mesmo vcs vão abaixar a cabeça. Claro, vcs são POSITIVISTAS. Tanto faz como tanto fez. Vcs são uma das decepções do povo.",2,0.5353584289550781,0.4646416008472442,,Random
"Os bolsonaristas são engraçados! Eles pedem AI-5 e intervenção militar, mas reclamam de censura quando o STF suspende perfis nas redes sociais que disparam notícias antidemocráticas e falsas!",Tbem não entendo!!,2,0.989540994167328,0.0104590337723493,,Random
"Aplaudem a censura, a truculência  a ditadura da toga. Só podiam mesmo ser idiotas da esquerda. O STF mais desmoralizado do mundo, exceto o do Burundi, caduca processos dos amigos corruptos e, portanto, são vagabundos. Só trabalham na contra mão do direito","Vi o Théo ontem, tá grande muito esperto, falei pra mãe dele que vou roubar ele qualquer dia pra levar ele pra sair",0,0.9883009791374208,0.0116989389061927,,Random
"Um dos melhores critérios para avaliar a decisão de hoje: se a economia bombar, Bolsonaro for reeleito, recuperar popularidade e indicar no mín 4 ministros pro STF, você se sente confortável em saber que eles poderão atuar com base nos precedentes abertos por Alexandre de Moraes?","Pois é pois é pois é, como diria a grande filósofa chiquinha. Esse inquérito inteiro é um péssimo precedente.",2,0.5480405688285828,0.4519594013690948,,Random
"PASSO A PASSO p/ não abaixar a cabeça pra CENSURA: 1) Clique em ""Mais"" 2) Vá em ""Configurações e Privacidade"". 3) Na aba ""Dados e Permissões"", clique em País onde está ""Brasil"". 4) Troque para qualquer outro país da lista. 5) Pronto Agora você está livre da restrição do Xandão.",Compartilhem ao máximo!!!,2,0.977266013622284,0.022734023630619,,Random
"Absurdo, até quando estaremos reféns dessa corja de bandidos do STF. Bloquearão 1, 2, 3, 15 perfis, mas não conseguirão calar a voz de uma nação. #STFVergonhaNacional #BastaSTF","O tal Alexandre de Moraes é covarde e sem preparo para um cargo de ministro da corte de justiça. Os atos do tal, Alexandre é absurdos, e mostra q é um  deliquente.",2,0.9873433113098145,0.0126567184925079,,Random
"A agência internacional Reuters U.K. destacou a ação do ministro Alexandre de Moraes que bloqueou contas de jornalistas e apoiadores do presidente Bolsonaro, o caso começa a ganhar repercussão internacional e escancara a censura no país.",O começo da queda!!,2,0.9909521341323853,0.0090479124337434,,Random
Derrubaram a conta do Roberto Jefferson  !!,Mas não irão nos calar!!!,2,0.960294246673584,0.0397057272493839,,Random
#VozParaBernardoKuster Todo apoio ao direito de voz dos conservadores.,RECADO: COMEMORAR A CENSURA DE PERFIS QUE VOCÊ ODEIA NÃO VAI PREENCHER O VAZIO QUE A AUSÊNCIA PATERNA CAUSOU EM V… — recado: entendi porra nenhuma,0,0.9804168343544006,0.019583186134696,,Random
"O q está acontecendo c/a imprensa? O q há por trás dos bastidores da notícia, medo ou dinheiro?  Emissoras tem nova função. Jornalismo, esquece...  A  , além de censurar o convidado, Roberto Jefferson, ao retirar do ar o vídeo da entrevista, abriu espaço ...continua...",Alexandre de Moraes na cadeia já! #VozParaBernardoKuster,0,0.9920612573623656,0.0079387230798602,,Random
Testando. Baseei minha conta nos EUA. Alguém consegue ver ? #VozParaBernardoKuster,Sim... excelente #VozParaBernardoKuster,1,0.9937445521354676,0.0062554385513067,,Random
Alexandre de Moraes precisa receber voz de prisão. Ele é um juiz constitucional. Ele não é um jagunço.,Vergonha!!! Não vou cansar de colocar vergonha!,2,0.9863329529762268,0.0136670777574181,,Random
"Eu insisto em exigir que caia neve abundante, se venda eletrônicos baratos e que tenha trem bala no Brasil. Se é pra gente copiar a China tem que ser em tudo, não só na censura da internet.","O Alexandre de Moraes censura e tenta calar vozes. Assim nossos olhos se fixam nos 11 togados, cúmplices ou omissos, fortalecendo a ""desconfiança"" de que há muitos podres escondidos. Logo virão à tona nesse lamaçal da ditadura do STF. Deve-se estar bem perto. #STFVergonhaNacional",0,0.982396960258484,0.0176030527800321,,Random
Aras diverge de decisão de Alexandre de Moraes de bloquear contas por entender que fere o direito de livre manifestação . Estamos mesmo vivendo a ditadura da toga.,Ditadura da toga #STFVergonhaNacional,2,0.9945861101150512,0.0054138381965458,,Random
"Será que o STF, e esse pessoal que diz defender a liberdade mas comemora censura, não entendem que esse tipo de perseguição só faz crescer o repúdio do povão a eles?",Horrível ver brasileiros tempo que mudar o país de origem de sua conta para burlar a censura do  que coisa lamentável!,0,0.8733108043670654,0.1266892105340957,,Random
"como q um canal aberto como o SBT vai mostrar video de animais sendo mortos sem censura, esse é o tipo de coisa q é melhor nunca ver, igual o sbt",Meu irmão conversando com a namorada em ligação e eu sendo ignorada uhlll grande dia,0,0.9537730813026428,0.0462268814444541,,Random
Roberto Jeferson ( antes de sofrer a censura no twitter ) metralhando o cabeça de Pi..roca!! #STFNaoVaiNosCalar,Toda verdade,2,0.9734627604484558,0.026537274941802,,Random
"Todo dia, ao acordar, Alexandre de Moraes pensa: o que posso fazer para ser mais odiado e enojado pela população?  Cada dia se supera mais! Tornou-se o Joãozinho dono da bola da liberdade de expressão do Brasil!",Meu cocô tem mais importância que esse sujeito.,2,0.9779194593429564,0.0220804903656244,,Random
"Várias contas foram retidas do Twitter sob a justificativa de ""demanda legal"". , ,  e outros, todos defensores do governo e críticos do STF. Do que se trata? Não foram notificados de nada ainda. É o tal inquérito ilegal? Isso é censura!",apoiou quem é a favor de tortura e ditadura  Lava sua boca pra falar em censura,2,0.0743999481201171,0.9256000518798828,,Random
Alexandre de Moraes precisa receber voz de prisão. Ele é um juiz constitucional. Ele não é um jagunço.,Mas ele se acha o próprio Lampião.,2,0.8713525533676147,0.128647431731224,,Random
"Não há como aceitar a censura. Não há como aceitar que aplaudam a censura. Liberdade de expressão a todos, aqueles que pensam como eu e os que pensam de forma diferente.",Tema complicado !,2,0.9603951573371888,0.0396048165857791,,Random
