tweet_1,tweet_2,Class,P(NoConflict),P(Conflict),Conflict,Tipo
Caralho to indignado que o Mandetta saiu antes da Ivy,Porra aí é foda mano,2,0.5552244782447815,0.4447755217552185,0,Incerta
Como brasileiro agradeço o ministro Mandetta por sua atuação firme na Saúde. Por ter desempenhado seu papel ancorado na ciência e nas evidências. Compartilho do sentimento de milhões de cidadãos dizendo muito obrigado por reconhecer seu bom senso e  dedicação.,"E lamento, por saber que as pessoas não são levadas em consideração pelo presidente do Brasil.",2,0.554458498954773,0.4455414712429046,0,Incerta
"Bolsonaro demitiu Mandetta por ciúme, inveja e cálculo eleitoral e não foi divórcio consensual coisa nenhuma, mas meras ignorância,  irresponsabilidade, desumanidade e culto à morte, por fazê-lo em pleno pico da pandemia.","O pico da epidemia não será em maio e junho, segundo o próprio mandetta?",1,0.5456191897392273,0.4543807804584503,1,Incerta
"Em sua despedida, Mandetta defende a vida, o SUS e a ciência. Três palavras incompatíveis com o atual governo.",Mais são compatíveis com o Mandetta,1,0.5677985548973083,0.432201474905014,0,Incerta
"Acabo de ouvir do presidente Jair Bolsonaro o aviso da minha demissão do Ministério da Saúde.  Quero agradecer a oportunidade que me foi dada, de ser gerente do nosso SUS, de pôr de pé o projeto de melhoria da saúde dos brasileiros e","O novo ministro parece não ser ruim , tomara q não baixe bola pro bolsona, seja bom ou ruim o ato da troca numa pandemia por motivos eleitoreiros é repugnante , ao Mandetta imagino a tranquilidade de sair dessa zona pouco antes do pico,",2,0.5326229333877563,0.4673770070075989,0,Incerta
Bolsonaro acaba de demitir Mandetta do Ministério da Saúde....   quantos anos vocês fariam em 2021?  Me: 22,quantos anos vocês fariam em 2021? kk me: 16 k,2,0.4593557119369507,0.5406442880630493,0,Incerta
"""E o Mandetta, a linha dele, como médico, era voltada quase exclusivamente para a vida"", disse Bolsonaro","Onde já se viu, um médico, ter a linha voltada pra vida, que absurdo!",2,0.5068859457969666,0.4931139647960663,0,Incerta
"Agradeço ao Ministro Mandetta pelo trabalho e torço muito para que o novo titular seja guiado pela ciência, pela razão e cuide dos brasileiros com seriedade e competência.",Que assim seja,2,0.5429977774620056,0.4570021629333496,0,Incerta
Hoje lemos na imprensa que o DEM quer aproveitar a popularidade do Mandetta para iniciar diversas ações futuras com a presença do ex-ministro. Está lançado o projeto Mandetta 2022. E seus defensores dizendo que ele não estava atuando politicamente...,Que popularidade? Só se for dos ratos do esgoto! Fumaram maconha estragada? A cocaína estava com veneno de rato? Só na cabeça desses cretinos que o cara tem alguma popularidade! Foi rechaçado pelo povo junto com o Caiado! Isso é golpe!,2,0.4685833752155304,0.5314165949821472,1,Incerta
"Acabo de ouvir do presidente Jair Bolsonaro o aviso da minha demissão do Ministério da Saúde.  Quero agradecer a oportunidade que me foi dada, de ser gerente do nosso SUS, de pôr de pé o projeto de melhoria da saúde dos brasileiros e","Obrigado pelo trabalho prestado a toda população brasileira, Mandetta.   Fico triste por termos um incompetente como Presidente do País. Bolsonaro cada dia pior.",2,0.5533819794654846,0.446617990732193,0,Incerta
"Acabo de ouvir do presidente Jair Bolsonaro o aviso da minha demissão do Ministério da Saúde.  Quero agradecer a oportunidade que me foi dada, de ser gerente do nosso SUS, de pôr de pé o projeto de melhoria da saúde dos brasileiros e","tu fez o que podia frente ao semi analfabeto aue governa o pais, mandetta,",2,0.5037822127342224,0.4962177872657776,0,Incerta
"A maioria esmagadora dos brasileiros é contrária à demissão de Mandetta: 76,2% dos entrevistados discordam do afastamento do ministro da Saúde, segundo pesquisa realizada pelo Atlas Político. Vc concorda com o resultado da pesquisa?   via","Pesquisa de merda! Mandetta demorou a ser demitido - péssimo, politiqueiro e incompetente... só não vê quem não quer ou, quem assiste e acredita na globo!",1,0.5653731226921082,0.434626966714859,1,Incerta
Mandetta está longe de ser unanimidade na comunidade médica,Esse CANALHA não é médico é só mais um político SAFADO igual ao #DitaDoria,2,0.5919226408004761,0.4080773591995239,0,Incerta
No carnaval de rua Mandetta já era Ministro . Por que ele não alertou   e outros governadores que o Carnaval não era contagiante como disse  e sim contagioso. Ele sempre soube . Ele Mandetta colocou nosso país em risco. Ele é o verdadeiro genocida.,Depois dizem que Carnaval é bom pra economia. Carnaval é bom pra safadeza. E neste caso só deixa evidente a imparcialidade e ideologia esquerdista em ação.,2,0.597492516040802,0.402507483959198,0,Incerta
"Moro: técnico; Guedes: técnico; Pontes: técnico; Marinho: técnico. Mandetta: POLÍTICO. E onde foi que deu problema? Exato. Mas a narrativa dos ""radicais de centro"" é que Bolsonaro o demitiu por ""vaidade"" ou ""inveja"". Sério?! Moro sempre foi mais popular e continua lá!",Inveja de quem mesmo??? É piada!!! Aquele cara de cavalo já foi tarde...,2,0.5962881445884705,0.4037117958068847,0,Incerta
"Bolsonaro tem desvio de caráter e exonerou Mandetta por inveja. Ele não tem dimensão alguma sobre a gravidade do avanço do coronavírus no Brasil. Contra a ciência e o isolamento social, o presidente deu mais uma demonstração de irresponsabilidade com o país.","Quem não tem caráter é você, que só defende o Mandetta para criticar o Presidente! Você defender alguém do DEM é piada! Assim como o ex detento defendendo o Doria PSDB, é outra canalhice, para atacar o Presidente. E Bolsonaro mais uma vez acertou! Cadê o fundo eleitoral, inútil?",1,0.4434033036231994,0.5565966367721558,1,Incerta
Bolsonaro demitiu Mandetta porque ele seguia as orientações da OMS e não negava a ciência. Que tipo de médico aceita assumir um ministério da saúde assim? Esse vídeo é uma prévia do que pode estar nos esperando num futuro próximo. Precisamos tirar Bolsonaro para salvar o país.,Não se enganem pelo tom: é o procedimento  Não há nada na fala que desqualifique o Teich   É o procedimento eo que reza a ética médica,2,0.5405274629592896,0.4594725966453552,0,Incerta
"Você é bem inocente, né? Já ouviu falar de psicologia reversa? A esquerda defendeu o único ministro mais ou menos desse desgoverno para que o ciúmes e o ego do Bolsonaro fossem ativados, e com isso acertou na tática e colocou o Bolsonaro contra o Mandetta, jogada de mestres...","O Bolsonaro demitiu o Mandetta, vai entrar um ministro alinhadíssimo com o Bolsonaro, vai defender a volta do povo às ruas, os números da doença vão disparar, e adivinha quem vai colher os frutos de tudo isso? Acordou? O plano deu certo, vocês foram manipulados com sucesso! Kkkkk",1,0.4214032590389251,0.5785966515541077,1,Incerta
A demissão de Mandetta é um desastre. A boa notícia é que o presidente não escolheu Dr. Bumbum ou Dr. Rey para substituí-lo.,cadê a galera que falou que se o bozo demitisse o mandetta iam entrar com um processo de impeachment??? anda vamo,0,0.4778741896152496,0.5221258401870728,0,Incerta
"""E o Mandetta, a linha dele, como médico, era voltada quase exclusivamente para a vida"", disse Bolsonaro","“Não tava alinhado com nosso governo. É que a gente gosta é de morte, tá okey”",2,0.4316675961017608,0.5683324337005615,0,Incerta
"VOCÊ SABE QUEM É NELSON TEICH?  Henrique Mandetta (DEM-GO) acaba de ser exonerado depois de semanas de atrito com a presidência. Apesar de medidas coerentes com a OMS, o médico goiano foi substituído por Nelson Teich hoje à tarde. Quem ele é? O que quer para o SUS? Segue o fio!",excelente fio sobre o novo sinistro da saúde,2,0.420867770910263,0.5791321992874146,0,Incerta
"Bolsonaro demitiu Mandetta por ciúme, inveja e cálculo eleitoral e não foi divórcio consensual coisa nenhuma, mas meras ignorância,  irresponsabilidade, desumanidade e culto à morte, por fazê-lo em pleno pico da pandemia.",O que o Mandetta fez ??  Não se preparou para a Pandemia. Parou o país,1,0.454159677028656,0.5458403825759888,1,Incerta
"Todos que estão elogiando tanto Mandetta (agora) sabem que, indiretamente, estão elogiando a ESCOLHA DE BOLSONARO, né? Então admitem que ele montou uma boa equipe ministerial, ao menos? Ou só os que brigam ou saem se tornam bons?","Se eles era bom, porque deixou de ser?",2,0.4231509268283844,0.576849102973938,1,Incerta
"Acabo de ouvir do presidente Jair Bolsonaro o aviso da minha demissão do Ministério da Saúde.  Quero agradecer a oportunidade que me foi dada, de ser gerente do nosso SUS, de pôr de pé o projeto de melhoria da saúde dos brasileiros e","Bolsonaro acabou de demitir Mandetta, apenas por seguir recomendações da OMS e da comunidade cientifica. Estamos sendo governados por um genocida!",2,0.5412185192108154,0.4587815105915069,0,Incerta
Meu comentário na  a respeito da troca no Ministério da Saúde:,"Tua análise é falsa e mentirosa . Mandetta passou a fazer política e já foi tarde. Vc é essa herda desse canal político distorce a informação, adapta aos teus interesses ideológicos . Zero credibilidade. Seguirei junto com meu presidente Bolsonaro . Continua tentando!",1,0.4082776308059692,0.5917223691940308,1,Incerta
URGENTE! Bolsonaro chama Mandetta,Mas não se chama Jair?,2,0.5533355474472046,0.4466644525527954,0,Incerta
"Em sua despedida, Mandetta defende a vida, o SUS e a ciência. Três palavras incompatíveis com o atual governo.",blz só não esquece que o mandetta defendia a privatização do sus até ontem e vai voltar a defender essa posição assim que for possível,2,0.5811216831207275,0.4188782870769501,1,Incerta
"De acordo com a nova Pesquisa do Atlas, Mandetta tem aprovação de quase 80% dos entrevistados. Diante desse número e se o presidente Lula não puder concorrer, vocês votariam em quem para presidente?",Estamos cagando pro mandetta kkkkkkkkkkkkk,1,0.5222632884979248,0.4777366518974304,0,Incerta
"Bolsonaro diz que podem perguntar pq decidiu substituir Mandetta. Explica o presidente durante a posse do novo ministro da Saúde: diz que visão de Mandetta era da Saúde, da vida. A sua é, além da vida, a da economia, a do Paulo Guedes.",Ai como vocé é burro!,2,0.5123955011367798,0.4876044988632202,1,Incerta
"Bolsonaro - gerador de instabilidades - não respira sem forjar conflito. Demitido Mandetta, volta agora as baterias contra o Parlamento. O presidente é crise dentro da crise.","Ele só pensa em confronto: sou o máximo, ninguém é melhor do que eu...",2,0.4124620258808136,0.5875380039215088,0,Incerta
"Bolsonaro demitiu Mandetta por ciúme, inveja e cálculo eleitoral e não foi divórcio consensual coisa nenhuma, mas meras ignorância,  irresponsabilidade, desumanidade e culto à morte, por fazê-lo em pleno pico da pandemia.","Com todo respeito Neumanne mas acho que vc se apaixonou d+ pelo Mandeta. Talvez na sua casa a sua empregada lhe de ordens, presidente trocou Mandeta porque ele só pensa naquilo (eleição) e não em saúde do povo, não sejA ingênuo",2,0.5280064344406128,0.4719935953617096,1,Incerta
"Em sua despedida, Mandetta defende a vida, o SUS e a ciência. Três palavras incompatíveis com o atual governo.","Ahora tu defende  ????? Capitão  obrigada por moda ouvir e demiti-lo. Se a esquerda o apoiava, é pôr que boa coisa não vinha.",2,0.425173670053482,0.5748263597488403,1,Incerta
"De acordo com a nova Pesquisa do Atlas, Mandetta tem aprovação de quase 80% dos entrevistados. Diante desse número e se o presidente Lula não puder concorrer, vocês votariam em quem para presidente?",VAMOS FAZER ESSES IMUNDOS PASSAREM VERGONHA!!!!,2,0.4385287165641784,0.5614712834358215,1,Incerta
"Quando vc vê Haddad, Joice, Dória e Witzel lamentando a saída de Mandetta do Ministério da Saúde, vc endossa a certeza que vc já tinha de que  estava certíssimo.",TÔ ADORANDO... SEM O PAU MANDETTA É MENOS UM COMUNISTA INFILTRADO. É ISSO AÍ QUE EU SEI.,2,0.5583842992782593,0.4416157305240631,0,Incerta
Mandetta praticamente um comunista elogiando o SUS. Vamos ver se amanhã já estará defendendo o fim do SUS de novo.,"bolsonaro demitiu o mandetta por ele estar fazendo seu trabalho em meio a uma pandemia mundial caralho que presidente lixo, a gente vai morrer",0,0.5910965204238892,0.4089035093784332,1,Incerta
Porque Mandetta se recusou a dizer quantos pacientes obtiveram cura e usando que medicamentos? O que ele tem a esconder e a quem interessa isso?,Aí tem!!!!!!,2,0.4819782972335815,0.5180217623710632,0,Incerta
"Mandetta foi presidente de planos de saúde, foi contra os médicos cubanos e votou a favor do Teto de Gastos que tirou R$9 bilhões do SUS. É incrível que, com tudo isso, tenha perdido o cargo de Ministro por suas virtudes, não por seus vícios. Só no governo genocida de Bolsonaro.","Finalmente um comentário sensato aqui no Twitter.  O fato de Mandetta ter um pensamento alinhado com a direita brasileira e, mesmo assim ter sido demitido por ter aplicado as recomendações técnicas de sua profissão, é prova do caos que é esse presidente.",1,0.5882118940353394,0.4117881059646606,0,Incerta
Bolsonaro só mandou o #mandetta ficar em casa.,"Alguém terá saudade deste puxa-saco? Ponham na cabeça: quem participa de governo fascista, fascista é. O resto é nhe-nhe-nhem.",0,0.5404900312423706,0.4595099687576294,0,Incerta
"Sim, trocou Mandetta por pura vaidade.",Trocou um político por um técnico. Mandetta pode começar a campanha pro governo do MS agora.,1,0.4922271370887756,0.5077728033065796,1,Incerta
"Ao amigo e colega médico , missão cumprida! Fez do nosso País, com todas as suas limitações na área da Saúde, referência internacional de como enfrentar a propagação do coronavírus. Salvou milhares de vidas. Obrigado.","Parabéns Mandetta! Fará muita falta, Deus seja contigo...",2,0.5477161407470703,0.4522839188575744,0,Incerta
"O Mandetta vai ser demitido e o médico que vai ficar no lugar é, provavelmente, contra o isolamento social. Cês tem noção da merda?",a gente vai morreeeeer,2,0.4953988492488861,0.5046011805534363,0,Incerta
"Mandetta estava atrapalhando o cumprimento da cota, o Brasil recebeu os caixões da F.E.M.A e não estava usando, a redução populacional não avançou por aqui, mas agora com a chegada do inverno, aliado as novas 'medidas de combate' do novo ministério da saúde, subiremos no ranking.",Parabéns Mandetta pelo serviço prestado ao país. Só por aqui mesmo para ser demitido por trabalhar bem.,0,0.5982574820518494,0.4017425179481506,0,Incerta
"Ué, tá reclamando? Não foi vc mesmo que o indicou como um nome muito melhor que o Mandetta quando este foi anunciado em 2018? Kkkkkkkkkkk",Kkkkkkkkk Bolsonaro aceitou o pedido do Nando Moura. E agora ele reclama.... Ta doidão...,2,0.4346267580986023,0.5653732419013977,0,Incerta
Morre um ministro. Nasce um candidato?,"Depende candidato a que. Vai ficar difícil pra imprensa/mercado escolher o seu herói pós Bolsonaro: Doria, Mandetta, Maia, Huck? O Bolsonaro é o mais fácil de ser descartado por quem colocou ele lá, mas o que vão fazer com o Moro?",1,0.5688961744308472,0.4311038255691528,0,Incerta
"Acabo de ouvir do presidente Jair Bolsonaro o aviso da minha demissão do Ministério da Saúde.  Quero agradecer a oportunidade que me foi dada, de ser gerente do nosso SUS, de pôr de pé o projeto de melhoria da saúde dos brasileiros e","Mandetta vai tarde, não deveria nunca estar na equipe do Governo.",2,0.4596841037273407,0.5403158664703369,1,Incerta
"Mandetta foi presidente de planos de saúde, foi contra os médicos cubanos e votou a favor do Teto de Gastos que tirou R$9 bilhões do SUS. É incrível que, com tudo isso, tenha perdido o cargo de Ministro por suas virtudes, não por seus vícios. Só no governo genocida de Bolsonaro.","Devia ser crítico de cinema ,em um texto vc fala mal do Mandetta e em outro do Nelson ,o q importa é a crítica ao genocídio?",1,0.5982472896575928,0.4017526805400848,1,Incerta
Isso daria até filme: “O estranho caso do médico que se preocupava com a saúde das pessoas”.  O cara só abre a boca pra falar m...,"""E o Mandetta, a linha dele, como médico, era voltada quase exclusivamente para a vida. É logicamente mais importante, mas o efeito de uma quarentena muito rígida que fizesse as pessoas mais humildes perderem seu emprego ou até seu ganha-pão, poderia levar a um ponto em que a",1,0.4972058832645416,0.5027942061424255,0,Incerta
Esse é o sucessor de Mandetta no Ministério da Saúde #BolsonaroVirus,Ou seja ele vai fazer o #SUS entrar em colapso e vai deixar o aleatório dos óbitos... #ForaBolsonaroUrgente,2,0.5129292607307434,0.4870707094669342,0,Incerta
"Mandetta era um dos poucos desse governo que exaltava a CIÊNCIA, e foi justamente isso que fez Bolsonaro o demitir  Todos sabem que ele não acredita em ciência, é ignorante, não tem capacidade nem de entender os dados que chegam das secretarias de saúde.  É, estamos fodidos!","gente, sério  não é possível",2,0.4231416285037994,0.5768583416938782,0,Incerta
The “Brazil’s Fauci” analogies only go so far. Mandetta is clearly interested in a political career after leaving ministry and playing up drama to grab headlines. It doesn’t mean he’s wrong on the issues.... but Fauci is beloved in US precisely because he’s seen above politics,"Essas analogias... no Brasil não existe isso de personalidade acima da política. Sujeito é querido nego já idealiza no Planalto. A não ser o Guga, que serviria como retrivier.",2,0.590818464756012,0.4091815650463104,-1,Incerta
"Mandetta saiu chorando sabendo o que é o SUS, e louvando-o. Graças a Deus ele não teve tempo de privatiza-lo, como foi sua missão inicial no ministério. Os desígnios da vida são implacáveis. Acho que entrou Saulo de Tarso e saiu Paulo. Um convertido ao SUS.","Mandetta  Como a especialidade dele era planos de Saúde,  Ele não conhecia muito bem o SUS.  Foi preciso a pandemia do coronavirus para ele compreender a dimensão do Sistema Único de Saúde...  Ficou no mínimo, um pouco MENOS golpista!!",1,0.1821633875370025,0.817836582660675,0,Alta
"Em sua despedida, Mandetta defende a vida, o SUS e a ciência. Três palavras incompatíveis com o atual governo.","Esquerda defente:  Aborto, Roubo no SUS e em tudo e chama OMS de ciência. Se estão com Mandetta, boa coisa ele não era pra os brasileiros! Tinha minhas duvidas, mas não mais.",1,0.1981481164693832,0.8018518686294556,1,Alta
"Em sua despedida, Mandetta defende a vida, o SUS e a ciência. Três palavras incompatíveis com o atual governo.","Haddad, votei em você, mas sem forçar a barra, né? Mandetta NUNCA JAMAIS EM HIPÓTESE ALGUMA DEFENDEU O SUS. Não é porque ele fez o mínimo como médico, que vou esquecer da conduta anterior dele. Menos aí por favor! Agradeço",2,0.125856876373291,0.874143123626709,1,Alta
Quem sabe com a saída do Mandetta os postos de saúde de Juazeiro do Norte reabram suas portas e a vacina apareça,"e pq vc não esta defendendo isolamento social? Pq o teu presidente não quer?Pq a culpa é só do Mandetta? O Presidente não tem culpa? Ele é o principal culpado de tudo, quando aumentar o número de casos e mortos, culpe o seu presidente tbm,pq vc terá que ser homem.",0,0.1207579225301742,0.8792421221733093,0,Alta
"Mandetta era um dos poucos desse governo que exaltava a CIÊNCIA, e foi justamente isso que fez Bolsonaro o demitir  Todos sabem que ele não acredita em ciência, é ignorante, não tem capacidade nem de entender os dados que chegam das secretarias de saúde.  É, estamos fodidos!","Mais burro e ignorante q ele, só quem colocou ele nesse cargo. Oremos!",2,0.1897488087415695,0.8102511763572693,0,Alta
"""E o Mandetta, a linha dele, como médico, era voltada quase exclusivamente para a vida"" - Jair Bolsonaro, presidente do Brasil",Absurdo a vida ser prioridade em uma pandemia como essa. Maizome,2,0.1048781126737594,0.8951218724250793,0,Alta
*As máscaras que Mandetta comprou (s/ licitação da empresa q. financiou sua campanha) pelo dobro do preço do mercado.* Veja a qualidade das máscaras p/o Hospital Universitário da UFG.O  quer proteger o profissionais?,"tão preocupado com as  vidas dos profissionais,meus médicos, o maledetto falava,e agora olha o material entregue a preço de ouro, mas  com proteção a preço de urina.....",2,0.1876979321241378,0.8123021125793457,0,Alta
"Bateu de frente com cientistas e médicos melhores preparado,tb, Mandetta é político (fala bem,mente bem,ignora bem os fatos/estudos contrários,e ganhou moral a custa do Bolsonaro)Ele provavelmente concorrer a um cargo importante em breve, talvez vice do Rogério Maia à Presidência","Sim, Mandetta também é político. Não, ele não bateu de frente com melhores médicos e cientistas, pelo  contrário. Mandetta estava seguindo a orientação de grande parte de médicos e cientistas do mundo. A minoria dessa área que é contra as medidas atuais adotadas.",1,0.1554266363382339,0.8445733189582825,1,Alta
"“O meu maior predicado em gerenciar crises a vida inteira foi a de ser torcedor do Botafogo""  - Luiz Henrique Mandetta, ex-ministro da Saúde.",como o Bolsonaro demite um cara que teve o maior teste de resistência pra enfrentar crises???????????,2,0.1405632346868515,0.8594367504119873,0,Alta
"""E o Mandetta, a linha dele, como médico, era voltada quase exclusivamente para a vida"", disse Bolsonaro","Pois é, até onde sabemos um médico se importa com a vida das pessoas, afinal essa seria a função da saúde, não?",2,0.1536405384540558,0.8463594317436218,0,Alta
Tá certo. Quando se referiu aos “técnicos” você não estava se referindo ao Mandetta.,"Ué, só o Mandetta é técnico nessa merda de governo? Que bosta hein amigão?  Se o Mandetta é o único técnico, imagina o resto...",1,0.1906902939081192,0.8093096613883972,1,Alta
"Bolsonaro diz que podem perguntar pq decidiu substituir Mandetta. Explica o presidente durante a posse do novo ministro da Saúde: diz que visão de Mandetta era da Saúde, da vida. A sua é, além da vida, a da economia, a do Paulo Guedes.","""Visão além da vida""? Então seria... a morte? Esse cara se supera a cada dia.",2,0.1080304756760597,0.8919695615768433,0,Alta
"Em sua despedida, Mandetta defende a vida, o SUS e a ciência. Três palavras incompatíveis com o atual governo.",É incrível como os comunistas defendem o ladrãozinho do Mandetta né. Já estou convencido de que Mandetta era um espião infiltrado no governo. Mas ainda bem que foi descoberto em tempo né.,1,0.1822631508111953,0.8177368640899658,1,Alta
"A maioria esmagadora dos brasileiros é contrária à demissão de Mandetta: 76,2% dos entrevistados discordam do afastamento do ministro da Saúde, segundo pesquisa realizada pelo Atlas Político. Vc concorda com o resultado da pesquisa?   via",TOTALMENTE  ENGANADO VOCÊ FICARIA COM UM ASSESSOR QUE NÃO SEJA DA SUA CONFIANÇA CHEGA DE HIPOCRISIA,2,0.1756606996059417,0.8243393301963806,1,Alta
"Bolsonaro segue na sua cruzada assassina contra o Brasil. Neste momento, numa coletiva sobre a demissão do Mandetta, o presidente volta a defender o afrouxamento do isolamento social. #BolsonaroVirus","Mandetta, não apoiava a verticalização do isolamento que é o correto e deve ser seguido. Hoje ele sai pedindo pra apoiarem o SUS, mas não vamos nos esquecer que o próprio tencionava a privatização e cessou o programa mais medicos. Isso é atuação direitista.",0,0.1429909318685531,0.8570090532302856,1,Alta
Que vergonha alheia. Qual é a necessidade disso? Não tem nenhum motivo pra celebrar.,"A missão do Mandetta era causar e com a ajuda extrema-mídia conseguiu, por isso a comemoração.  Nunca foi pelo Brasil.  #ForaMaia",1,0.1129446625709533,0.8870553374290466,0,Alta
Como brasileiro agradeço o ministro Mandetta por sua atuação firme na Saúde. Por ter desempenhado seu papel ancorado na ciência e nas evidências. Compartilho do sentimento de milhões de cidadãos dizendo muito obrigado por reconhecer seu bom senso e  dedicação.,"Ele era do ministério da saúde ou do ministério das estatísticas?? Pq só oque ele apresentou foram números de mortos e de infectados e falar sobre o isolamento eh uma coisa óbvia,não estou passando pano para o Bolsonaro mas o Mandetta só era bom de entrevista.",1,0.144699290394783,0.8553007245063782,1,Alta
"Bolsonaro pode até achar que ganhou o jogo.  Não ganhou, perdeu. Acompanhado de velhas raposas do DEM, Luiz Henrique Mandetta armou a cama para o presidente deitar… E ele deitou.  A conta vai chegar nos próximos meses.  Análise no vídeo.",olha que análise!!,2,0.1415255069732666,0.8584744334220886,0,Alta
"""E o Mandetta, a linha dele, como médico, era voltada quase exclusivamente para a vida"", disse Bolsonaro","esse cracudo infeliz precisa urgentemente de umas aulas de oratória e retórica, fica difícil não chamar de genocida quando ele reclama da VIDA",2,0.1254219561815261,0.874578058719635,0,Alta
"""E o Mandetta, a linha dele, como médico, era voltada quase exclusivamente para a vida"", disse Bolsonaro",Onde já se viu né? Absurdo. Um médico preocupado com isso.,2,0.1279236823320388,0.8720762729644775,0,Alta
"""E o Mandetta, a linha dele, como médico, era voltada quase exclusivamente para a vida"", disse Bolsonaro","Ué, mas médico se preocupa com o que? Pneu de carro?",2,0.1166554316878318,0.8833446502685547,0,Alta
"""E o Mandetta, a linha dele, como médico, era voltada quase exclusivamente para a vida"" - Jair Bolsonaro, presidente do Brasil",Mas a função exclusiva do Ministro da Saúde não é essa de zelar pela saúde e vida da população??? Na vdd ele busca alguém q atue da forma q ele deseja  O Ministério tem que caber no discurso e vontades dele. Já bate o desespero aqui!,2,0.1456309705972671,0.854369044303894,0,Alta
"Acabo de ouvir do presidente Jair Bolsonaro o aviso da minha demissão do Ministério da Saúde.  Quero agradecer a oportunidade que me foi dada, de ser gerente do nosso SUS, de pôr de pé o projeto de melhoria da saúde dos brasileiros e","A decisão do presidente Bolsonaro de demitir Mandetta, que vinha fazendo um bom trabalho, é um erro. O que está em jogo é o conhecimento técnico e científico contra o 'achismo'. É um absurdo que outros interesses estejam acima da saúde e até mesmo da vida dos brasileiros.",2,0.1234717071056366,0.876528263092041,0,Alta
Fácil falar que o Mandetta fez um bom trabalho quando na verdade esse trabalho só coube a camada média pra alta.  Quem mora na favela / periferia n sabe nem oq eh quarentena.,"Eh muuuito difícil implantar uma quarentena TOTAL em um país onde a maioria da população vende o almoço pra pagar a janta. Comparar o Brasil com qualquer outro país do norte eh muito escroto, pq talvez as medidas não sejam igualmente efetivas",2,0.1001594141125679,0.8998405933380127,0,Alta
"Bolsonaro cometeu um erro grave ao demitir Mandetta no meio da pandemia do coronavírus. E errou feio, de novo, ao escolher um ministro da Saúde que não tem qualquer conhecimento sobre o SUS e a realidade do sistema público do país. #BolsonaroVirus","Sai da ai boca de sapo não sei que Sima essa por Mandetta para de chora conde Drácula agora não te como alterar os números de óbito no Brasil, ser fundeu",1,0.1836501955986023,0.8163498044013977,1,Alta
Eu quero o Mandetta de volta   Eu querooo o Mandetta de VOLTA Vcs q votaram no Bolsonaro podem ir resolver as merdas q ele anda fazendo!   #ForaBolsonaro,Demorou. Não respeitava a hierarquia. Fez um bom trabalho.  Adeus.  Desejo um bom trabalho ao novo ministro da saúde  e que seja muito bem-vindo ao universo bolsonarista #SomosTodosBolsonaro   #ForaMaia  #MandettaFicaEmCasa,2,0.9926483035087584,0.0073516350239515,1,Random
"Muita gente tratando como gesto de alguém que estaria perdido, mas tem mais cálculo do que aparenta. Mandetta caiu, ele precisa de um novo bode expiatório. Rodrigo Maia foi o escolhido.  Mas lembro que Dilma fez essa mesma escolha contra Cunha em 2015.","Gretta,Macron,Globo,esquerda,Lula, Rodrigo Maia, presidente da OAB,  Mandetta ... O cara briga com todo mundo.",1,0.9800628423690796,0.0199371837079525,0,Random
"Mandetta transformou sua demissão em espetáculo midiático. Prestes a ser chutado, denunciou a sabotagem de Bolsonaro em entrevista ao vivo na TV",E bem a cara dos esquerdistas mesmo. Sempre se vitimizando!!!,2,0.9892911314964294,0.0107088210061192,0,Random
Pro Mandetta essa demissão foi a melhor coisa que poderia acontecer. As milhares de mortes que virão não vão cair no colo dele e ele chega na próxima eleição (senado ou governo) com discurso pronto. E por fim vai curtir o isolamento de pijamas assistindo vale a pena ver de novo,Demissão de ministro da Saúde  afasta DEM e Bolsonaro de vez  * #PegaFogoCabaré,0,0.9828579425811768,0.0171420983970165,0,Random
"Falei do Mandetta ontem na minha redação e hoje o Bolsonaro demite ele, a gnt tá muito na merda msm, pqp",Sai o Mandetta e entra um  nazista que só pensa em dinheiro e desvaloriza a vida. Ainda terá Bolsominion para aplaudir o mito????,0,0.978156566619873,0.0218434166163206,0,Random
"O Teich disse praticamente tudo que o Mandetta falou. Não muda o isolamento, economia também é importante, há que se investir em pesquisa. Mandetta também falava que no futuro se encerraria o isolamento. Nada significativo. Por que trocou, então? Porque o ministro se destacou?",Pq ele Era mais Bonito e Charmoso que O Bolsonaro oras.... Rsrsrs,2,0.9508813619613647,0.0491186492145061,0,Random
"Vale lembrar:  Bolsonaro demitiu Mandetta, mas era tudo intriga da imprensa, querendo jogar um contra o outro, claro.  Continue se informando pela claque.  Os financiadores agradecem.","""Luiz Henrique Mandetta como ministro da Saúde é um erro. Ponto."" O Antagonista, 13.11.2018 18:05   #ForaMaia o que importa agora.",1,0.9908089637756348,0.0091910539194941,1,Random
"Mandetta agora vê se fica em casa, ao invés de ficar querendo aparecer dando entrevista pra atrapalhar o nosso país!!! Isolamento taoquei????","MANDETTA é Maia, então, #ForaMaia",0,0.9763994812965392,0.0236005131155252,0,Random
"apenas 9 milhões de pessoas são ""aprovadas"" pra receber o auxílio????? Mandetta demitido, Bolzo volta a defender o fim do isolamento e fala que governo n é fonte de socorro pro povo???? VTNC #BolsonaroVirus #ForaBolsonaroGenocida","Saiu o Mandetta ultra-liberal e vai entrar o megazord do liberalismo.  Do jeito que ta indo, quem vai morrer junto na crise do corona é o SUS.",0,0.9788548350334167,0.0211451593786478,0,Random
não estou assistindo espero ver o video depois,"Assista depois, Carmen. Foi uma declaração de guerra na CNN AO VIVO. E, me chamou à atenção: o Presidente Jair Messias Bolsonaro afirmou que foi com dor no coração e tristeza que demitiu Mandetta. Me surpreendeu!!",2,0.9641711115837096,0.0358289033174514,0,Random
#JornalNacional  A intenção de distorcer a notícia sobre a saída de Mandetta parece não ter dado muito certo. A edição da fala do Presidente da República falhou.  #GloboLixo,#RedeInfoNews #Mandetta #Bolsorano #Panelaço Mandetta: Cidades brasileiras registram panelaço contra Bolsonaro após demissão de ministro,0,0.9939485788345336,0.0060513783246278,0,Random
"o discurso do novo ministro é chover no molhado, PARA MIM fica claro que a demissão de #mandetta foi apenas um problema de ego abalado do napoleônico bolsonero",chama o Mandetta!!!!,0,0.9864711165428162,0.0135289346799254,0,Random
"Uma coisa óbvia tem que ser dita, mesmo assim.  Quem acha que o centro vai preferir o Ciro a ponto dele poder continuar batendo no PT desse jeito descuidado tá absolutamente equivocado.  Porque que centro e centro-direita vão preferir ele com Dória, Mandetta ou Huck no páreo?",Desses somente Doria será candidato. Esqueça Huck e Mandetta pq eles não serão.,1,0.9510672092437744,0.0489327274262905,0,Random
"""E o Mandetta, a linha dele, como médico, era voltada quase exclusivamente para a vida"" - Jair Bolsonaro, presidente do Brasil",Ministro da saúde seria para?????,2,0.4250906407833099,0.5749094486236572,0,Random
"""E o Mandetta, a linha dele, como médico, era voltada quase exclusivamente para a vida"", disse Bolsonaro",Eu não aguento mais,2,0.9812172651290894,0.0187827665358781,0,Random
"""E o Mandetta, a linha dele, como médico, era voltada quase exclusivamente para a vida"", disse Bolsonaro",Ele precisa de alguém que seja voltado para a morte,2,0.4716106951236725,0.5283892750740051,0,Random
Pequena enquete: Qual sua opinião sobre a saída do Mandetta do ministério nesse momento? pra espalhar.. #CoronavirusPlantao #MandettaDEMITIDO  #coronavirusbrasil #CONVID19,"O problema nunca foi o Mandetta. O problema sempre foi a inabilidade do GF, em  fazer o que lhe compete. Pandemia não é para fazer política!",1,0.9929201006889344,0.0070799440145492,0,Random
Morre um ministro. Nasce um candidato?,Kkkkk. Nao esquecemos quem é Mandetta e que ele quis acabar com o SUS.,1,0.9811108708381652,0.0188890993595123,1,Random
Este palerma do bolsonaro deve estar a querer mostar ao mundo que consegue ser mais otário que o trump. .,Até Mandetta saiu e a Ivy não  #BBB20,0,0.9697962999343872,0.0302037056535482,0,Random
URGENTE: Bolsonaro demite Mandetta do Ministério da Saúde; oncologista Nelson Teich vai assumir o cargo,Plantão da Globo para informar que o Mandetta foi demitido  Jair Bolsonaro e o seu grande ego que não consegue ver ninguém trabalhando melhor que ele (coisa que não é difícil).,2,0.994695484638214,0.0053045540116727,0,Random
"Bolsonaro acaba de demitir Mandetta, ministro da saúde. O que acharam?",Entrar no Twitter depois da demissão do Mandetta é pedir pra surtar querendo dar paulada em bolsominion pqp,0,0.9476152062416076,0.0523848123848438,0,Random
"Até vcs antagonista ? Parecendo a folha que deu hadaad presidente do brasil , vergonha de imprensa",Os podres do Mandetta.,2,0.85238116979599,0.1476188004016876,0,Random
O presidente da Câmara tem em sua gaveta um pedido de impeachment de Jair Bolsonaro com mais de 1 milhão de assinaturas. A demissão de Mandetta hoje reacende a urgência de o Brasil demitir Jair Bolsonaro. #RecebeMaia #ForaBolsonaro #ImpeachmentJá,Então  cai rolar ou não o #ImpeachmentDoBolsonaro ?,2,0.9916611909866332,0.008338757790625,0,Random
Vamos olhar esta história pelo ponto de vista do DEM: Bolsonaro vs Mandetta.  O que o ministro da Saúde e seu partido sabiam há duas semanas?  No fio.  1. Bolsonaro não estava feliz com Mandetta e queria demiti-lo.,"Bolsonaro, Mandetta e o DEM. Segue o fio:",2,0.9896270036697388,0.010372957214713,0,Random
mandetta cumplice de maia em seu projeto de poder a qualquer custo ?#ForaMaia,"Infelizmente apertem o cintos e rezem, orem cada um dentro da sua fé, pois retiraram um Ministro que todos criticavam, por ser um médico Ortopedista, (o Mandetta) porem seguia a Ciencia e sabia que salvar vidas é o mais importante. #fora_Bolsonaro",0,0.9783473014831544,0.0216526966542005,1,Random
"O elogio emocionado de Fernando Haddad a Henrique Mandetta foi a coisa mais bonita da novela viral desde o enlace entre João Dória e Lula da Silva. Se você não entendeu agora o enredo, não vai entender nunca mais.","Ô LOCO MÊU!!! Receber elogio do “adad”, cheira mal, é ofensivoà MORAL E OS BONS COSTUMES....",2,0.5289720892906189,0.4710278511047363,0,Incerta
Demissão de Mandetta é rejeitada por 76% dos brasileiros,"Fake News, não existem pesquisa que aponte isso, a não ser na cabeça do editor deste meio de comunicação. Depois que Mandetta deu a entrevista para o Fantástico, a rejeição dele é de 75%.",1,0.5752146244049072,0.4247853755950928,1,Incerta
"""E o Mandetta, a linha dele, como médico, era voltada quase exclusivamente para a vida"", disse Bolsonaro",Ué e como ministro da saúde não deveria ser????,2,0.4161150455474853,0.5838849544525146,0,Incerta
"Tchau, querido!",cansada que vcs não sabem ponderar nada. Mandetta era um merda mas tava fazendo um bom trabalho.,2,0.5697950124740601,0.4302049875259399,1,Incerta
Mandetta? Pelé? Este cachorrinho do DEM não chega no nível do Perdigão.,Mandetta e Perdigão é ofensa ao Perdigão. O ex-ministro tá no nível do Bressan.,1,0.4577986299991607,0.5422013401985168,0,Incerta
"Mandetta era um dos poucos desse governo que exaltava a CIÊNCIA, e foi justamente isso que fez Bolsonaro o demitir  Todos sabem que ele não acredita em ciência, é ignorante, não tem capacidade nem de entender os dados que chegam das secretarias de saúde.  É, estamos fodidos!","Enquanto isso, meus pais: bem feito, petista, cachaceiro, ladrão, isso é culpa do lula, comunista, foi comprado pela China",2,0.493825763463974,0.5061742663383484,0,Incerta
Eu apoio a decisão do presidente  em demitir o Henrique Mandetta do Ministério da Saúde. Qual é a sua opinião?,Já tinha que ter demitido antes.,2,0.5048633217811584,0.4951366782188415,0,Incerta
"Bolsonaro demitiu Mandetta por ciúme, inveja e cálculo eleitoral e não foi divórcio consensual coisa nenhuma, mas meras ignorância,  irresponsabilidade, desumanidade e culto à morte, por fazê-lo em pleno pico da pandemia.","Ai  menos né, o Mandetta não é esse tesouro todo, e a vedade está começando a aparecer.",1,0.5581192970275879,0.4418806433677673,1,Incerta
"Ué, tá reclamando? Não foi vc mesmo que o indicou como um nome muito melhor que o Mandetta quando este foi anunciado em 2018? Kkkkkkkkkkk","Em 2018, Nando Moura criticava Mandetta e apontava Nelson Teich como uma opção melhor...  Agora defende o Mandetta e tenta desmoralizar o Nelson...   Esse cara virou uma piada",2,0.5889648199081421,0.4110352098941803,0,Incerta
"O elogio emocionado de Fernando Haddad a Henrique Mandetta foi a coisa mais bonita da novela viral desde o enlace entre João Dória e Lula da Silva. Se você não entendeu agora o enredo, não vai entender nunca mais.",Não vi; não me emocionei. Estavam engatados?,2,0.553521990776062,0.4464779794216156,0,Incerta
"Em sua despedida, Mandetta defende a vida, o SUS e a ciência. Três palavras incompatíveis com o atual governo.",o mandetta defende o sus sim  confia,2,0.4791786074638366,0.5208213925361633,1,Incerta
"BOLSONARO BRIGOU COM  Magno Malta Bebiano Frota Joice Major Olímpio Bivar Dória Witzel Caiado Maia Alcolumbre STF OAB Imprensa Mulheres Índios Universidades Gays Médicos cubanos Atores de Hollywood Todos os cientistas do mundo E com Mandetta.  O Mundo é errado, só ele é certo!","Então, façam alguma coisa. Ele é o perigo",2,0.4104675352573395,0.5895324945449829,0,Incerta
"Bolsonaro demitiu Mandetta por ciúme, inveja e cálculo eleitoral e não foi divórcio consensual coisa nenhuma, mas meras ignorância,  irresponsabilidade, desumanidade e culto à morte, por fazê-lo em pleno pico da pandemia.","Bozo espera que herr Nelson Reich, o Ministro da Morte, faça o q Mandetta não quis ou não teve tempo de fazer.",1,0.5708926916122437,0.4291073679924011,0,Incerta
"O Mandetta foi demitido por não ser um imbecil negacionista da ciência, tal qual seu chefe. Basicamente isso.","nossa que ódio imagina só demitir o único competente nesse governo, mandetta volte agora!!!",0,0.4110924005508423,0.5889075994491577,0,Incerta
será que quem tá comemorando a saída do mandetta sabe que se não estivéssemos em quarentena os números de mortos e infectados estaria PIOR?,ai gente sinceramente o bozo tirou o mandetta e colocou o nelson teich PQP,0,0.4106188714504242,0.5893810987472534,0,Incerta
"A demissão de Mandetta não passa de um acerto de contas por parte de um chefe que, no auge de sua mediocridade, não tolera um auxiliar se destacando mais do que ele. Um comportamento irresponsável de quem está mais preocupado com sua reeleição do que em salvar vidas.",Primeiro vc deve devolver todo dinheiro desviado depois sua excelência emite sua opinião.,2,0.5365744829177856,0.4634254872798919,1,Incerta
"Bolsonaro: ""É direito do Mandetta defender seu ponto de vista como médico. Mas a questão do emprego não foi tratada da forma como eu queria. Não o condeno. Ao longo do tempo, a separação se tornava cada vez mais uma realidade. Mas não podemos perder o trabalho feito até agora"".","""Ponto de vista, como médico"". Qual a parte de que o cara era TÉCNICO que esse desgraçado não entende???????? Olha gente, que Jesus nos proteja.",2,0.4723152816295624,0.5276846885681152,0,Incerta
"A demissão do Mandetta é por motivos claros, ele defendia a  ciência, o SUS e o isolamento social pra combater o vírus. Já Bolsonaro só defende o vírus mesmo. #BolsonaroVirus",KKKKKKKK UJS,2,0.4864291250705719,0.5135708451271057,1,Incerta
"Após a saída do Mandetta, quem deveria ser o próximo a abandonar a vida pública? Comente!",O próximo tem que ser o Dória,2,0.5301918387413025,0.4698081314563751,0,Incerta
"Acabo de ouvir do presidente Jair Bolsonaro o aviso da minha demissão do Ministério da Saúde.  Quero agradecer a oportunidade que me foi dada, de ser gerente do nosso SUS, de pôr de pé o projeto de melhoria da saúde dos brasileiros e","Bolsonaro é tão lamentável que me faz estar, nesse momento, ao lado de um lobista dos planos de saúde. Apesar de tudo, a demissão do Mandetta, hoje, é um grande perda. Espero que o novo ministro siga tomando decisões com base nos estudos científicos qualificados.",2,0.5595136284828186,0.4404864013195038,0,Incerta
"Acabo de ouvir do presidente Jair Bolsonaro o aviso da minha demissão do Ministério da Saúde.  Quero agradecer a oportunidade que me foi dada, de ser gerente do nosso SUS, de pôr de pé o projeto de melhoria da saúde dos brasileiros e","Pelo Twitter, Mandetta anuncia que foi demitido do Ministério da Saúde:",2,0.4693955481052398,0.5306045413017273,0,Incerta
"A pasta da Saúde, por si só, é 1 enorme desafio.Mandetta o encarou de frente, com coragem e correição. Sai do Ministério com credibilidade fortalecida pela ciência. Agora, nos resta desejar q o novo Min. encontre a solução necessária para q possamos superar esta difícil travessia","Afinal de contas o que o Mandetta fez?  Deixou faltar vacina DTP no país, não temos testes para as equipes de saúde, deixou o carnaval espalhar o vírus, os hospitais de campanha do RJ ainda não estão prontos.",1,0.5742031335830688,0.4257968962192535,1,Incerta
Eu não sei o que é pior: o bolsonaro fazer o que fez ou as pessoas tratarem o Mandetta como um Bruce Wayne que vestiria a capa preta e salvaria o país do vilão...,Eu não sei com o que fico mais indignado hoje. Se é com o Bozo demitindo o #mandetta ou a DRAGA que habita em volta do  pra não conseguir ganhar UMA PROVA!! É muito azar gente... #TeamBabu,0,0.4733539223670959,0.526646077632904,0,Incerta
"""E o Mandetta, a linha dele, como médico, era voltada quase exclusivamente para a vida"", disse Bolsonaro","ministro da saúde, demitido por se preocupar exclusivamente com a saúde",2,0.4639438390731811,0.5360561609268188,0,Incerta
"Mandetta cavou a própria demissão. Se aproximou da esquerda e desafiou o representante do povo, Bolsonaro, o responsável por sua nomeação. Uma coisa ensinam nos quartéis que todos deveriam seguir, seja justo e saiba valorizar quem te levantou. Mandetta perdeu na infidelidade.",Quem levantou mandetta foi a ciência e não a ignorância. Isso a gente aprende na escola.,1,0.4894420206546783,0.510558009147644,1,Incerta
"Bolsonaro demitiu Mandetta por ciúme, inveja e cálculo eleitoral e não foi divórcio consensual coisa nenhuma, mas meras ignorância,  irresponsabilidade, desumanidade e culto à morte, por fazê-lo em pleno pico da pandemia.","Mandetta estava perdidinho, não ouviu os infectologitas serios,prescipitou? foi armação junto a Botafogo? net cheio de relatos com falsos positivos. agora pico em agosto? venha pra rua e ouça povo",1,0.5401961803436279,0.4598037898540497,1,Incerta
"O Brasil e suas contradições. Ministro da Saúde sai do governo em meio a uma pandemia cantando... “é bonita, é bonita e é bonita”.",Médico não abandona paciente etc. Mandetta é só mais um cínico,2,0.4654017984867096,0.5345982909202576,0,Incerta
"""E o Mandetta, a linha dele, como médico, era voltada quase exclusivamente para a vida"", disse Bolsonaro",Mas que absurdo o Ministro da Saúde pensar em salvar vidas,2,0.5914164185523987,0.4085835814476013,0,Incerta
"Em sua despedida, Mandetta defende a vida, o SUS e a ciência. Três palavras incompatíveis com o atual governo.",E com o próprio Mandetta,2,0.5406222343444824,0.4593777656555176,1,Incerta
"Em sua despedida, Mandetta defende a vida, o SUS e a ciência. Três palavras incompatíveis com o atual governo.","expectativa: abrir as respostas e ver o pessoal esculhambando o Haddad por colocar Mandetta e SUS na mesma frase sem um ""quer destruir o"" no meio  realidade: tão esculhambando, mas é pelo motivo errado",2,0.4735469818115234,0.5264529585838318,1,Incerta
"Bolsonaro demitiu Mandetta por ciúme, inveja e cálculo eleitoral e não foi divórcio consensual coisa nenhuma, mas meras ignorância,  irresponsabilidade, desumanidade e culto à morte, por fazê-lo em pleno pico da pandemia.",ou você é inocente ou você é cúmplice do proletariado esquerdista   Vou lhe mostrar umas 10 m*rdas que o mandetta fez  que eu me lembro agora.  Vc aceitar é um direito seu + seja no mínimo justo   Ver sequência... Continua  #ForaMaia,1,0.4170235693454742,0.5829764008522034,1,Incerta
"Ele deveria fazer igual a inspetora Sierra e divulgar tudo que sabe numa coletiva de imprensa. Fica a dica, Mandetta.",fica a dica,2,0.5883290767669678,0.4116708934307098,0,Incerta
Eu prefiro a turma que não brinca com pandemia e que não torce contra ministro que faz a coisa certa só pq deixa o mito zangado,"É fácil defender a quarentena do Mandetta qdo vc trabalha em casa, e mais gente ociosa em casa significa mais gente no You tube q significa mais $$$ no seu bolso...Fora isso, qual foi a outra ""coisa certa"" realizada por Mandetta? Alguém pode me esclarecer? #foraMaia",2,0.560875654220581,0.4391242861747741,1,Incerta
"Em sua despedida, Mandetta defende a vida, o SUS e a ciência. Três palavras incompatíveis com o atual governo.","Canalha, oportunista!",2,0.4281990230083465,0.571800947189331,1,Incerta
"Mandetta estar  sendo defendido por Maia, Alcolumbre, Haddad ,Dória,imprensa  e milhares  de haters  esquerdistas.  Bolsonaro Tem RAZÃO.",Ele está sendo defendido por 80% dos brasileiros.  Use argumentos.,2,0.5365530252456665,0.4634470045566559,1,Incerta
"""E o Mandetta, a linha dele, como médico, era voltada quase exclusivamente para a vida"", disse Bolsonaro",Ainda bem que o médico prioriza a vida.  Pro médico mandetta,1,0.4816094040870666,0.5183906555175781,0,Incerta
Ver toda essa gente defendendo o Mandetta... eu avisei!  tem razão desde o início. Segue o jogo!,Quando eu vejo a esquerda defendendo algo aí eu falo Bolsonaro com toda razão.,2,0.5793671607971191,0.4206328094005584,0,Incerta
Parece que o São João vai ser assim esse ano ein,Vai não o MANDETTA saiu,2,0.5918719172477722,0.4081280827522278,0,Incerta
"Acabo de ouvir do presidente Jair Bolsonaro o aviso da minha demissão do Ministério da Saúde.  Quero agradecer a oportunidade que me foi dada, de ser gerente do nosso SUS, de pôr de pé o projeto de melhoria da saúde dos brasileiros e","Esse presidente parasse q tá na 5 série, desrespeito, falta de caráter, vaidade pq não aguentou Mandetta ser titulado como bom profissional e sensato! #ForaBolsonaro",2,0.4737695455551147,0.5262304544448853,0,Incerta
"A saída do Mandetta é um absurdo, mas não esqueçam quem ele era, o que ele sempre defendeu, como ele foi contra o Mais Médicos, criou políticas a favor dos planos de saúde...",Agora que o Mandetta saiu eu só dou uma dica pra vocês: se munam de informação se for preciso com base até em pesquisas do exterior.  Não deixem a família de vocês acreditarem no presidente... nossas vidas não importam pra ele!,0,0.5062019228935242,0.4937981069087982,0,Incerta
"Você, assim como o Bolsonaro deve ser ""especialista"" em pandemia de COVID-19. Quem não sabe nada é o ex ministro e todos os outros profissionais da  Saúde. Junte-se a Bolsonaro e vá com ele para o epicentro da pandemia.  Ele não abandonou, Mandetta foi impedido de continuar.",Mandetta fez de tudo para não continuar.,1,0.4348325431346893,0.5651674270629883,1,Incerta
"Que Deus nos abençoe gente. Mandetta demitido, as regras de isolamento devem ser flexibilizadas infelizmente, mas espero que todos ouçam a OMS e fiquem em casa para o nosso bem e para evitar o pior .","E o Mandetta anunciou pelas redes sociais, que ele disse que não usava, que foi demitido pelo miliciano. Até aí tudo bem, só me atentei ao fato dele dizer que se sentiu honrado de dirigir o SUS, que ele queria acabar ano passado pra privatizar a saúde. Vai entender né?",0,0.5203053951263428,0.4796946048736572,1,Incerta
"Nelson, manda devolver essa merda que o Mandetta importou da china comedora de morcego!",bandido! Colocando em risco pacientes e profissionais de saúde! Vc foi tarde!,2,0.424800157546997,0.5751999020576477,0,Incerta
"Desejo ao Dr. Nelson Teich novo Ministro da Saúde, BOA SORTE.  Ao Dr. Luiz Henrique Mandetta ex Ministro, Muito Obrigado por Tudo.  DEUS Abençoe e Guarde a todos nós.","eu tava no cagaço do dia que eu ia ler essa notícia da demissão do Mandetta, agora vamos de enfiar goela baixo a cloroquina pelo novo ministro. E DEUS POR FAVOR QUE NAO SEJA O OSMAR TERRA EU TE IMPLORO",0,0.4043414890766144,0.595658540725708,0,Incerta
"O povo está satisfeito, porque agora temos um MÉDICO ONCOLOGISTA e não um ORTOPEDISTA no ministério da saúde. Tem que entender de CÂNCER, para tentar conter a CORRUPÇÃO NO SUS. Políticos e autoridades criticam Bolsonaro e lamentam demissão de Mandetta",Tem muito bunda suja criticando o novo Ministro.,2,0.522847056388855,0.4771530330181122,0,Incerta
"Moro: técnico; Guedes: técnico; Pontes: técnico; Marinho: técnico. Mandetta: POLÍTICO. E onde foi que deu problema? Exato. Mas a narrativa dos ""radicais de centro"" é que Bolsonaro o demitiu por ""vaidade"" ou ""inveja"". Sério?! Moro sempre foi mais popular e continua lá!","Mandetta não é técnico por qual critério? No mínimo técnico e político. Moro não vai ser demitido pq a popularidade dele derrete junto, Constantino. Agora vc está usando pesos que não são equivalentes",1,0.5705728530883789,0.4294271171092987,1,Incerta
Mandetta fica como prova didática de que nem para um grande canalha é negada a chance de defender o óbvio. Até um cretino pode se posicionar do lado da ciência e da vida.,Definição mais cirúrgica que li sobre o papel do Mandetta.,1,0.5285281538963318,0.4714717864990234,0,Incerta
"No meio de uma pandemia mundial o bonitão demite o Mandetta que tava combatendo a doença, junto com toda equipe de saúde. Ah, vsf.","Bolsonaro é um rato oportunista. Demitiu Mandetta por puro ego e fundamentalismo, e agora fica exaltando o ex-ministro. Pegar bigú na popularidade pode, né?",0,0.4909888505935669,0.5090110898017883,0,Incerta
"Vi o vídeo dos últimos minutos do Mandetta na Folha e acho que ele teve a mesma impressão de quando tive a oportunidade de conhecer o SUS de perto.  Antes de conhecer, acha uma merda Passa uma semana lá e sai batendo a mão no peito e contando pra todo mundo o orgulho que tem dele","Já eu tive a experiência contrária: Xingar antes de conhecer, xingar dependendo dele pra minha família se manter viva",2,0.55230313539505,0.4476968050003052,0,Incerta
"Olha o discurso do Bolsonaro cara  sério, o retardado apenas comentou o que todo mundo já sabe e ainda sim demitiu o Mandetta. Mandetta foi culpado por se preocupar com a saúde não a economia, mas então ele deveria ser o presidente não ministro da saúde né?","Se não for feito como o querido quer tá errado, sendo que o errado é ele.",2,0.410412460565567,0.5895875692367554,0,Incerta
Mandetta foi escolhido Ministro com a missão de acabar com o SUS.  Mandetta foi demitido pq descobriu a importância do SUS.,"acho ingênuo achar que Mandetta virou pro-SUS do dia pra noite, ele ta apenas cumprindo seu juramento no meio de uma situação extrema. Apenas loucos não conseguem enxergar gravidade no que vivemos e temos um desses como presidente.",2,0.1701981723308563,0.8298018574714661,,Alta
"Em sua despedida, Mandetta defende a vida, o SUS e a ciência. Três palavras incompatíveis com o atual governo.",O SUS?  RAPAZ,2,0.1990615576505661,0.8009384274482727,,Alta
"Em sua despedida, Mandetta defende a vida, o SUS e a ciência. Três palavras incompatíveis com o atual governo.","Compatível mesmo é o rombo bilionário que o PT deixou na saúde, não é?! Inclusive, três palavras incompatíveis com o governo se você fosse o Presidente: honestidade, caráter e inteligência.",2,0.1097802817821502,0.8902196884155273,,Alta
"Após a saída do Mandetta, quem deveria ser o próximo a abandonar a vida pública? Comente!","deixe nosso presidente governar, vc é um bosta q só atrapalha...",2,0.1853845864534378,0.8146154284477234,,Alta
"Em sua despedida, Mandetta defende a vida, o SUS e a ciência. Três palavras incompatíveis com o atual governo.",Inacreditável que o Haddad romantiza o verdadeiro CARRASCO do SUS. Por que é tão difícil  pro PT dizer que estamos indo de mal à pior sem deixar de lado que já estava PÉSSIMO????,2,0.1507421880960464,0.8492578268051147,,Alta
"Bolsonaro demitiu Mandetta por ciúme, inveja e cálculo eleitoral e não foi divórcio consensual coisa nenhuma, mas meras ignorância,  irresponsabilidade, desumanidade e culto à morte, por fazê-lo em pleno pico da pandemia.","Como os caras conseguem colocar ""ciúme""?? A VIDA NÃO É NOVELA SEUS POOORRRA!!",2,0.1225917488336563,0.8774082660675049,,Alta
"Em sua despedida, Mandetta defende a vida, o SUS e a ciência. Três palavras incompatíveis com o atual governo.","A saúde é vida, mas sem trabalhar para se sustentar vamos ficar sem saúde tb.torço pra q esse novo ministro crie uma estratégia, p q possamos voltar ao trabalho, com segurança é claro.",2,0.104526899755001,0.8954731225967407,,Alta
"""E o Mandetta, a linha dele, como médico, era voltada quase exclusivamente para a vida"", disse Bolsonaro",que preocupação tola para um médico .....,2,0.1086661890149116,0.891333818435669,,Alta
"""E o Mandetta, a linha dele, como médico, era voltada quase exclusivamente para a vida"" - Jair Bolsonaro, presidente do Brasil",talvez pq ele fosse o ministro da SAÚDE????,2,0.1097578555345535,0.8902422189712524,,Alta
"""E o Mandetta, a linha dele, como médico, era voltada quase exclusivamente para a vida"". - Jair Bolsonaro em sua live.  MÉDICO QUERENDO SALVAR VIDAS É UMA AUDÁCIA.","Meu dindo smp diz: “Vc não é super heroína. Se vc levar td ao pé da letra vai acabar doente ou morta”  É Mandetta, te compreendo um pouco !",2,0.1963375657796859,0.8036624789237976,,Alta
"""E o Mandetta, a linha dele, como médico, era voltada quase exclusivamente para a vida"", disse Bolsonaro",What? Deveria ser voltada para a morte?,2,0.1361701488494873,0.8638297915458679,,Alta
"Vcs defendendo o Mandetta, só nao esqueçam que ele fazia o mínimo por ser médico, além de ser o cara que sonha em privatizar o SUS","as atitudes dele não devem ser vangloriadas, mas infelizmente ele era o único trabalhando de forma coesa com os protocolos de saúde, sua demissão é motivo de preocupação sim!!!!",2,0.1094281524419784,0.8905718326568604,,Alta
"""E o Mandetta, a linha dele, como médico, era voltada quase exclusivamente para a vida"", disse Bolsonaro","Realmente, assim não dá né “presidente”. Onde já se viu médico com linha voltada pra vida? Pqp",2,0.1693337708711624,0.8306663036346436,,Alta
"Em sua despedida, Mandetta defende a vida, o SUS e a ciência. Três palavras incompatíveis com o atual governo.",Mesmo um neoliberal como o Mandetta se curva a necessidade de um serviço público de saúde e os malefícios sociais que a negligência da assistência em prol de uma população mais pobre é causada por um (des)governo que só pensa em crescimento à desenvolvimento econômico!,2,0.1461801379919052,0.8538199067115784,,Alta
"""E o Mandetta, a linha dele, como médico, era voltada quase exclusivamente para a vida"" - Jair Bolsonaro, presidente do Brasil",A vida é um problema p o presidente,2,0.1802590042352676,0.8197410106658936,,Alta
"""E o Mandetta, a linha dele, como médico, era voltada quase exclusivamente para a vida"", disse Bolsonaro",Que absurdo um negócio desses O médico cuja função maximiza nº de vidas salvas,2,0.1489637196063995,0.8510363101959229,,Alta
"A maioria esmagadora dos brasileiros é contrária à demissão de Mandetta: 76,2% dos entrevistados discordam do afastamento do ministro da Saúde, segundo pesquisa realizada pelo Atlas Político. Vc concorda com o resultado da pesquisa?   via",Vá trabalhar pelo bem do  Brasil seu canalha! Crie vergonha e não defenda bandido e traidor. Vc e o Mandetta pertencem a mesma corja.,1,0.1372722685337066,0.862727701663971,,Alta
"Mandetta deixa como legado uma estrutura para que o Brasil possa – com governo federal, estados e municípios unidos – atender da melhor forma possível a sociedade brasileira, principalmente as pessoas que necessitam do SUS.",Olha o legado aí canalha ... corrupto como você &gt;&gt;,2,0.1181449145078659,0.8818551301956177,,Alta
"Você, que está criticando o bolsonaro a cada passo dele, mas não faz ideia do que está acontecendo, fala que ele só faz merda, mas não sabe um coisa ruim que ele fez, e vc que endeusa o mandetta cachorrinho da OMS, eu tenho CRTZ que o bolsonaro está mt preocupado com vc!","Gente, o que EU entendi desse tt, me corrige se eu errei: é errado ser alienado e dizer “bolsonaro é um merda” só pq td mundo fala isso, tem que saber os motivos dele ser um merda com pesquisa etc, não sendo alienado. A questão do ex-ministro nao concordo + respeito sua opiniao",2,0.1554221957921981,0.8445778489112854,,Alta
"""E o Mandetta, a linha dele, como médico, era voltada quase exclusivamente para a vida"", disse Bolsonaro","Nossa, nunca esperaria isso de um MÉDICO",2,0.1916707456111908,0.8083292245864868,,Alta
"""E o Mandetta, a linha dele, como médico, era voltada quase exclusivamente para a vida"", disse Bolsonaro","Ah, sim. Aí precisava de contratar um voltado quase que exclusivamente com a morte?",2,0.1505293101072311,0.8494706749916077,,Alta
"Só foi trocar de ministro de saúde que os governadores já estão voltando atrás e falando q irão reabrir os comércios. O que houve? Acabou o derrame de dinheiro? Já desviaram tudo q tinha pra desviar com a ajuda do Mandetta, né?  #ForaMaia",Já meteram A MÃO GRANDE SEM TER DE LICITAREM COMPRAS !  #NãoSuperfaturemCompras,2,0.1790694147348404,0.8209306001663208,,Alta
Aguentam mais um pouco do Mandetta? Uffa Disse agora pouco  que  entre HOJE e Amanhã  deverá ser concretizada sua demissão.  E pra vc Bolsonarista  veja o Que  ele  falou  Nos  chamou  de analfabetos .,"Banana, ele não perde por esperar..",2,0.196494847536087,0.8035051226615906,,Alta
Mandetta sai do Ministério da Saúde um gigante. Sempre com foco em salvar vidas e na ciência. #ObrigadoMandetta,Parabéns pelo seu trabalho.,2,0.1016352176666259,0.898364782333374,,Alta
"Em sua despedida, Mandetta defende a vida, o SUS e a ciência. Três palavras incompatíveis com o atual governo.",Será que agora ele entendeu mesmo a importância do SUS?,2,0.1708260327577591,0.8291739821434021,,Alta
o ministro da saúde Mandetta foi demitido no meio de uma pandemia estamos perdido,"É imperdoável o brasileiro que votou nesse genocída. ""Vocês estão torcendo pro barco afundar"", A GENTE AVISOU QUE IA AFUNDAR ANTES DE VOCÊS EMBARCAREM! Fez de tudo pra impedir os governadores diminuirem o impacto do convid19, agora exonera o Mandetta.. #ForaBolsonaro",0,0.972833514213562,0.0271664597094059,,Random
"O elogio emocionado de Fernando Haddad a Henrique Mandetta foi a coisa mais bonita da novela viral desde o enlace entre João Dória e Lula da Silva. Se você não entendeu agora o enredo, não vai entender nunca mais.",O #ForaMaia está bombando!,2,0.9851127862930298,0.0148871690034866,,Random
Direita alinhada a Bolsonaro vê saída de 'político' Mandetta e entrada de 'técnico' Teich,"Não não  e não.  Jair Bolsonaro não entende NADA sobre orientação técnica de saúde. Ele basicamente tá substituindo um médico (TÉCNICO) e colocando um político no cargo, onde Teich é alinhado à sua opinião.  Isso não é governo técnico. Isso não é um Ministério técnico.",2,0.979415774345398,0.0205841809511184,,Random
"Ô Mandetta ! Agora que o Bozo lhe deu um pé na bunda , você bem que podia nos contar qual foi o resultado do exame!?",eu iria amar,2,0.972961127758026,0.0270388778299093,,Random
Mandetta caiu porque evidenciou que o rei estava nu.,O camarotti você não tem vergonha de seus familiares ao menos contando mentiras? Gostaria de saber como é o seu entorno familiar deve ser uma chacota!,2,0.97518128156662,0.0248186718672513,,Random
"Só foi trocar de ministro de saúde que os governadores já estão voltando atrás e falando q irão reabrir os comércios. O que houve? Acabou o derrame de dinheiro? Já desviaram tudo q tinha pra desviar com a ajuda do Mandetta, né?  #ForaMaia","JÁ desviaram o nece$$ário com o Mandetta, e pela ATITUDE DE DESABAFO ENÉRGICO DO PRESIDENTE  creio viram não terão FORÇA pra aprovar e forçar sanção do ORÇAMENTO DE GUERRA SEM DAR GARANTIA DO GASTO DOS RECURSOS... Não COMO eles querem...",2,0.8252356648445129,0.1747643649578094,,Random
"Não gosto do Mandetta pelo passado dele, mas é impossível dizer que ele foi um Ministro ruim. Acho que demissão dele foi um erro.",#ForaBolsonaro  Bolsonaro demite Mandetta por suas virtudes e competência!  #ForaBolsonaroUrgente  #ForaBolsonaro,0,0.986542582511902,0.0134574146941304,,Random
pq tão mamando o mandetta? fdc esse cara meu irmão,"Por isso eu não irei substituir o ministro da Saúde, Luiz Henrique Mandetta. As  Pesquisas Científicas para acabar com Coronavírus Humano COVID- 19   Sendo Realizadas em outros Países poderá demorar. Por exemplo: No Brasil o Instituto Butantã",0,0.9567341804504396,0.0432658307254314,,Random
Demissão de Mandetta é rejeitada por 76% dos brasileiros,Eu sou favorável a demissão detesto estrela,2,0.9871981739997864,0.0128017887473106,,Random
MANDETTA É DEMITIDO POR SER MAIS COMPETENTE QUE O PRESIDENTE,Estava eu aqui trabalhando... de repente comecei a ouvir uma barulheira de panela... era meu vizinho fazendo panelaço no quintal dele. #mandetta,0,0.9608278274536132,0.0391721650958061,,Random
"Mandetta demitido. Sempre tive minhas ressalvas ao ministro, principalmente em falas anteriores dele no que diz respeito ao financiamento do SUS e a luta antimanicomial. Porém, é preciso ter senso crítico: na pandemia COVID19, ele vinha fazendo um bom trabalho, de forma sensata.",Caralho to indignado que o Mandetta saiu antes da Ivy,0,0.9481374025344848,0.0518625527620315,,Random
"Oi Mandetta, tudo bom? Agora que o Bolsonaro já te chutou do Ministério da Saúde, conta pra gente o resultado do exame dele.",Libera pra nóis o resultado Mandetta! O que não vais ser nenhuma novidade.,1,0.4665069282054901,0.5334931015968323,,Random
Nossa... e derrepente o Mandetta virou o novo Messias. Ninguém nem sabia quem ele era... Kkkkkkkkk,Bolsonaro é tão ruim que nem o coronavírus quer fazer parte da vida dele #oremos #Mandetta,0,0.9861785173416138,0.0138214547187089,,Random
"Demissões só acontecem por falta de capacidade, contenção de gastos ou uma grande cagada. Mandetta não se encaixa em nenhum dos três. Sua demissão, repito, É POLÍTICA.",Mais motivos para não gostar de política.   - Atualizado,2,0.8965451717376709,0.1034548804163932,,Random
URGENTE: Bolsonaro demite Mandetta do Ministério da Saúde; oncologista Nelson Teich vai assumir o cargo,é de foder o c* do palhaço,2,0.9910050630569458,0.0089949276298284,,Random
"Em plena pandemia de coronavírus no #Brasil, com 1.924 mortes até agora (fora as subnotificações), Bolsonaro demite Mandetta e põe em seu lugar Nelson Teich, empresário da saúde privada.  O vírus agradece.  #ForaBolsonaro #BolsonaroVirus  #BolsonaroGenocida   Charge","""Em plena pandemia de #K0r0 navíruz no #BR, c/1924 mortes até agora (fora as #Subnotificações),  Jair #Bols0naro (sem partido) demite #Mandetta e põe em seu lugar Nelson #Teich, empresário da saúde privada. Carlos Latuff - #ForaBolsonaro  -",2,0.9906703233718872,0.0093296701088547,,Random
Luiz Henrique Mandetta é o primeiro ministro da Saúde do mundo a ser demitido após ter decidido combater o coronavírus. A vaidade e insegurança de Bolsonaro falaram mais alto. O oncologista Nelson Teich irá assumir o cargo.,Governo ignorante!,2,0.983141303062439,0.0168586764484643,,Random
"""E o Mandetta, a linha dele, como médico, era voltada quase exclusivamente para a vida"" - Jair Bolsonaro, presidente do Brasil",o que adianta ter emprego e morrer SEU FILHO DA PUTA??????,2,0.507747232913971,0.4922527372837066,,Random
Esses panelaço que a Globo mostra são sempre nos mesmos lugares e as panelas não aparecem. Batem dentro de casa... Pra ser palhaçada tem que melhorar muito ...,"Parabens Deputado Bibo Nunes, Parabens ao Nosso Presidente Bolsonaro por Demitir o Mandetta TRAIRA.",2,0.970996618270874,0.0290033277124166,,Random
Kataguiri diz que demissão de Mandetta é ‘irresponsável’,E o Mandetta é insubstituível é?,1,0.9888265132904052,0.0111734941601753,,Random
Discurso de despedida de Mandetta. Um documento para a posteridade,"Alberto, caso seja possível, me responda.  A fala do Mandetta não traz nenhuma novidade. O Brasil é um país desigual há décadas.  Onde está a coragem de dizê-lo apenas quando se é exonerado ou afastado?  Demagogia barata e da pior espécie.",1,0.9658023715019226,0.0341975577175617,,Random
"Escolher Mandetta, tendo Henrique Prata e Nelson Teich, é de cair o cu da bunda. Vamos acompanhar. Espero que seja balcão de ensaio.",Profético,2,0.9868322610855104,0.0131677044555544,,Random
"""E o Mandetta, a linha dele, como médico, era voltada quase exclusivamente para a vida"" - Jair Bolsonaro, presidente do Brasil",e não é pra isso que eles fazem o juramento quando se formam??,2,0.9631289839744568,0.0368710234761238,,Random
As máscaras q Mandetta comprou (sem licitação da empresa q financiou sua campanha) pelo dobro do preço do mercado.Vejam a qualidade das máscaras que o Ministro Mandetta enviou para o Hospital Universitário da UFG. É assim q querem proteger o profissionais para combater o vírus?,SOBRE ISSO NADA GLOBOLIXO,2,0.9665594696998596,0.0334405973553657,,Random
"Quer continuar defendendo Mandetta, tudo bem. Mas leia o que escreveu Stephan Kanitz sobre sua demissão. Palavra de quem entende. Fatos.",A despedida do Mandetta com música e dança explica muita coisa ...,1,0.985302209854126,0.0146978255361318,,Random
"Roberto Jefferson: ""Já tem demista afirmando que Mandetta hoje é mais popular que o ministro Sérgio Moro.  O DEM esfrega as mãos achando que encontrou o caminho para chegar ao poder"".",A popularidade do Mandetta ja despencou.......ja era !!!,1,0.5281092524528503,0.471890777349472,,Incerta
"Presidente trocou Mandetta por um nome que pensa EXATAMENTE como Mandetta. Pura politicagem, ciumeira. Agora o min Saúde terá de trocar toda sua equipe e prejudicar o combate ao corona porque Bolsonaro está mais preocupado com a própria popularidade do que com o país. VERGONHA!","Como você é bobinho...vergonha é sabe saber que um idiota como você pode ser deputado. Mandetta só dava entrevista é fazia lobby, ação prática nenhuma ...com esse dinheiro todo liberado achou que podia fazer o que quisesse...vai sumir do mapa ostracismo em 1 semana",1,0.5489659905433655,0.4510339796543121,,Incerta
"Em sua despedida, Mandetta defende a vida, o SUS e a ciência. Três palavras incompatíveis com o atual governo.",Hipócrita! Quantas vidas a corrupção levou por desviar o dinheiro da saúde? E como poderia estar o SUS com a grana que foi roubada? A única ciência que seu partido conhece é a  da maracutaia!#PTNuncaMais,2,0.4204825460910797,0.5795174837112427,,Incerta
"""E o Mandetta, a linha dele, como médico, era voltada quase exclusivamente para a vida"" - Jair Bolsonaro, presidente do Brasil","Eu quero viver, é o que todos querem.  Mandetta prioriza a vida, o bem mais precioso, e o Sr. Presidente, deveria se inspirar nele.",1,0.4651409387588501,0.5348590612411499,,Incerta
"Bolsonaro demitiu Mandetta por ciúme, inveja e cálculo eleitoral e não foi divórcio consensual coisa nenhuma, mas meras ignorância,  irresponsabilidade, desumanidade e culto à morte, por fazê-lo em pleno pico da pandemia.","Eita!!! Percebi uma certa mágoa aí agora. Se o ""divórcio"" foi consensual ou não,  aproveita q o Mandetta tá disponível e pede ele em namoro e vão ser felizes para sempre.",1,0.5623711943626404,0.4376287758350372,,Incerta
Mandetta deixa ministério cantando.,Vocês perderam um ministro que canta Paulinho da Viola. Agora se lasquem aí...,2,0.4920128583908081,0.5079870820045471,,Incerta
"""E o Mandetta, a linha dele, como médico, era voltada quase exclusivamente para a vida"", disse Bolsonaro","O porra quer q o médico tenha qual linha, irmão? (Lembrando minha afinidade inexistente com o Mandetta)",2,0.4242245256900787,0.5757755041122437,,Incerta
"#Mandetta, lamento a saída do senhor ex ministro da saúde .   Pela primeira vez eu vi e me senti segura com o seu trabalho para conosco, para o povo.","demitiu o mandetta sabendo que ele tava fazendo jus ao cargo, cuidando e se preocupando de verdade com a saúde de todos, igual uma criança mimada, o presidente não aceitou ser contrariado e mandou o cara embora por puro ego. ele é uma vergonha.",0,0.5303999781608582,0.469599962234497,,Incerta
Eu vejo que Brasil tá no fundo do poço quando a gente fica triste pela demissão de um ministro como o mandetta,"-Quando você critica a demissão do Mandetta na internet, o impacto da sua ação na realidade é zero.  -Quando você fura a quarentena pra fazer socialzinha, o impacto é negativo.  Sua posição política ""progressista"" não é atestado pra ficar dando role, seu irresponsável do caralho.",0,0.5603057742118835,0.439694195985794,,Incerta
"Mandetta cai porque enfrentou a pandemia com responsabilidade, e Bolsonaro não tolera isso. O presidente da República está derrubando toda a cúpula do Ministério da Saúde em meio à mais grave crise sanitária da história. É um genocida.","O Mandetta cai pela irresponsabilidade de envaidecer-,se pelos holofotes do cargo. Não acertou uma previsão da curva, fez contratos obscuros, e ainda por cima batia de frente com o Comandante em Chefe da Nação. Tchau tchau",1,0.531639814376831,0.4683601856231689,,Incerta
"Mandetta foi presidente de planos de saúde, foi contra os médicos cubanos e votou a favor do Teto de Gastos que tirou R$9 bilhões do SUS. É incrível que, com tudo isso, tenha perdido o cargo de Ministro por suas virtudes, não por seus vícios. Só no governo genocida de Bolsonaro.","Enfim um comentário sensato, Mandetta só participou deste Governo por causa de seus vícios",1,0.5624277591705322,0.4375722110271454,,Incerta
"Em sua despedida, Mandetta defende a vida, o SUS e a ciência. Três palavras incompatíveis com o atual governo.","A segunda, com o próprio Mandetta.",1,0.4554175734519958,0.5445824265480042,,Incerta
"Se é verdade que há uma medicação que combate o Covid-19 com 94% de eficácia então Bolsonaro fez a coisa certa... Se livrou de um traíra que já estava fazendo campanha pelas costas do presidente e ele, Bolsonaro, ainda vai sair como herói. Na VERDADE foi jogada de mestre.","O Bozo nunca faz jogada de mestre..põe uma coisa na cabeça não existe cura pro vírus,o fato de Mandetta ser traíra ,não faz do Bozo um herói..NUNCA",2,0.5438600182533264,0.4561399221420288,,Incerta
"""E o Mandetta, a linha dele, como médico, era voltada quase exclusivamente para a vida"", disse Bolsonaro","Como pode, Mandetta? Lamentável sua postura como médico. Salvar vidas? Como pode ser tão baixo?",1,0.5900650024414062,0.4099350869655609,,Incerta
"Mandetta era um dos poucos desse governo que exaltava a CIÊNCIA, e foi justamente isso que fez Bolsonaro o demitir  Todos sabem que ele não acredita em ciência, é ignorante, não tem capacidade nem de entender os dados que chegam das secretarias de saúde.  É, estamos fodidos!",esse é o tweet,2,0.4229134619235992,0.5770865082740784,,Incerta
"A maioria esmagadora dos brasileiros é contrária à demissão de Mandetta: 76,2% dos entrevistados discordam do afastamento do ministro da Saúde, segundo pesquisa realizada pelo Atlas Político. Vc concorda com o resultado da pesquisa?   via",Não concordo com a pesquisa!,2,0.4721597731113434,0.5278401374816895,,Incerta
"A demissão do Mandetta é por motivos claros, ele defendia a  ciência, o SUS e o isolamento social pra combater o vírus. Já Bolsonaro só defende o vírus mesmo. #BolsonaroVirus",o mandetta votou pelo golpe da dilma e foi responsável pelo maior desmonte das políticas de saúde para soropositivos no SUS e esses arrombados me metem essa,2,0.5756998658180237,0.4243001341819763,,Incerta
a gay da globonews falando que o mandetta sempre abraçou o SUS. vai estudar bixa...,um presidente sem responsabilidades e muito cheio de desculpas...,0,0.4831029772758484,0.5168970227241516,,Incerta
Mandetta caiu porque evidenciou que o rei estava nu.,O Mandetta caiu pq se aliou às pessoas erradas e foi desleal... a deslealdade sim é a nudez da alma!!!,1,0.4224509000778198,0.5775490403175354,,Incerta
"Em sua despedida, Mandetta defende a vida, o SUS e a ciência. Três palavras incompatíveis com o atual governo.","Ixiiiii, o poste sentido as dores do Mandetta.. só prova que o Presidente Bolsonaro fez o certo!   Grande dia!",1,0.5906779170036316,0.4093221127986908,,Incerta
"Acabo de ouvir do presidente Jair Bolsonaro o aviso da minha demissão do Ministério da Saúde.  Quero agradecer a oportunidade que me foi dada, de ser gerente do nosso SUS, de pôr de pé o projeto de melhoria da saúde dos brasileiros e",Como sempre o digníssimo presidente fazendo merda parabéns Henrique Mandetta por todo trabalho feito até hoje,2,0.5245309472084045,0.4754691421985626,,Incerta
"Enquanto a gente fica preso no trio Bolsonaro-Mandetta-Teich, Amazonas tem o triplo da média nacional de doentes e só tem UTIs em Manaus (é o maior estado do país). AM recebeu +de R$ 40mi p/ combater o vírus, mas médicos ñ tem ideia de onde esteja a grana",A que em Manaus é caso de uma boa administração....,2,0.5691510438919067,0.4308489561080932,,Incerta
Esse é o sucessor de Mandetta no Ministério da Saúde #BolsonaroVirus,é sério q é esse cara q tá no lugar do Mandetta???,2,0.5636672377586365,0.4363327622413635,,Incerta
"A pasta da Saúde, por si só, é 1 enorme desafio.Mandetta o encarou de frente, com coragem e correição. Sai do Ministério com credibilidade fortalecida pela ciência. Agora, nos resta desejar q o novo Min. encontre a solução necessária para q possamos superar esta difícil travessia","Esses discursos vazio , já não são aceitos pela sociedade. Mandetta nunca foi médico , entende pouco de ciência. E só mais um canalha do",1,0.4197806417942047,0.5802193284034729,,Incerta
"Ué, tá reclamando? Não foi vc mesmo que o indicou como um nome muito melhor que o Mandetta quando este foi anunciado em 2018? Kkkkkkkkkkk",Anão mentiroso safado!,2,0.4705898463726043,0.5294101238250732,,Incerta
"Somos o único país do mundo em que o presidente demite o subordinado POR FAZER A COISA CERTA durante uma pandemia. Triste o dia em que temos que lamentar a demissão do Mandetta, o Ministro da Saúde que apoiou os cortes de verba do SUS e o fim do Mais Médicos.",Nunca pensei que eu ia lamentar a saída do mandetta,1,0.5733360648155212,0.4266639947891235,,Incerta
"Preparem-se para a má vontade com o novo Ministro da Saúde. Se ele não seguir à risca o que os corona lovers querem, será massacrado. Vão puxar sua ficha corrida e tentar, de todas as formas, achar uma vírgula errada. Mandetta pra eles não tinha passado. Sempre foi perfeito.",Acuse-os do que você faz.,2,0.4826385378837585,0.5173615217208862,,Incerta
"Mandetta demitido. O novo Ministro da Saúde não tem vivência na Saúde Pública, não tem experiencia no SUS.","O senhor tem toda razão,  que vergonha por uma vaidade política do nosso presidente Bolsonaro,  colocar tudo a perder com o excelente trabalho do Mandetta.",1,0.4591256380081177,0.5408743023872375,,Incerta
"KKKKKKKKKKKKKKKKKKKKKKKKKKKKKK ""ASSUSTOU NÉ?""","Esse Mandetta é sujeito carismático, viu. Bom concorrente à presidência em 2022.",2,0.5951129794120789,0.4048869609832763,,Incerta
"""E o Mandetta, a linha dele, como médico, era voltada quase exclusivamente para a vida"", disse Bolsonaro",Que absurdo um médico com a linha de trabalho voltada para a vida... Agora tudo faz sentido.,2,0.541985809803009,0.4580142498016357,,Incerta
"Em sua despedida, Mandetta defende a vida, o SUS e a ciência. Três palavras incompatíveis com o atual governo.",Três palavras incompatíveis com o próprio Mandetta.,2,0.5980895757675171,0.4019104540348053,,Incerta
Mandetta fica como prova didática de que nem para um grande canalha é negada a chance de defender o óbvio. Até um cretino pode se posicionar do lado da ciência e da vida.,caralho eh exatamente isso,2,0.4757337272167206,0.5242663025856018,,Incerta
"“O nosso tema continua sendo a saúde, continuam sendo as ações construídas pelo Mandetta e, agora, pelo novo ministro”, defende Maia.","Sasá Mandetta é um médico que migrou pra politica, Teich é um médico que migrou pra gestão de saúde.....sem mais...",0,0.455710768699646,0.5442891716957092,,Incerta
Ministério da Saúde não recomenda futebol antes de junho,Sr Mandetta aí o Sr acaba com meu coração. Até junho é muita coisa,2,0.4034596383571625,0.5965403914451599,,Incerta
"""E o Mandetta, a linha dele, como médico, era voltada quase exclusivamente para a vida"", disse Bolsonaro",Quem precisa de vida pra viver?,2,0.4807922542095184,0.5192078351974487,,Incerta
"Em sua despedida, Mandetta defende a vida, o SUS e a ciência. Três palavras incompatíveis com o atual governo.","E tambem com a história do próprio mandetta que assumiu o ministério para acabar com o sus e privatizar tudo na saúde. Hove na verdade uma teoca de cebola, mas a confusao entre eles é hilária pra nao dizer trágica.",2,0.4300748407840729,0.5699251890182495,,Incerta
Mandetta  consegue 127 mil curtidas em meia hora e deixa Bolsonaro comendo poeira no Twitter. Neste momento a msg dele ja tem 190 MIL likes.,Fiscal de curtida. Que fase do jornalismo...,2,0.5057641863822937,0.4942358434200287,,Incerta
"Bolsonaro demitiu Mandetta por ciúme, inveja e cálculo eleitoral e não foi divórcio consensual coisa nenhuma, mas meras ignorância,  irresponsabilidade, desumanidade e culto à morte, por fazê-lo em pleno pico da pandemia.","Discordo totalmente, ele demitiu o Mandetta porque o mesmo queria acabar com a economia brasileira, e estava fazendo isso sem sequer dialogar com nenhum outro ministro. Ou seja, ele era o dono da verdade e pronto!!! E o pico vai ser quando?! #Foramaia",1,0.4591864943504333,0.5408135056495667,,Incerta
"O elogio emocionado de Fernando Haddad a Henrique Mandetta foi a coisa mais bonita da novela viral desde o enlace entre João Dória e Lula da Silva. Se você não entendeu agora o enredo, não vai entender nunca mais.",Pense em uma corja de ordinário...,2,0.5528437495231628,0.4471562206745147,,Incerta
"Bolsonaro demitiu Mandetta por ciúme, inveja e cálculo eleitoral e não foi divórcio consensual coisa nenhuma, mas meras ignorância,  irresponsabilidade, desumanidade e culto à morte, por fazê-lo em pleno pico da pandemia.","Rs. Meu Deus! Demora mas a máscara cai! Demitiu pela sua incapacidade de ver o q estava na sua cara. Mas enfim, vc parece a turma da  fazendo o comentário. Mandetta foi muito mais político do que médico! Fim! Pode chorar. Mas vá para o seu travesseiro que é mais quente!",1,0.4002518951892853,0.5997481346130371,,Incerta
"Moro: técnico; Guedes: técnico; Pontes: técnico; Marinho: técnico. Mandetta: POLÍTICO. E onde foi que deu problema? Exato. Mas a narrativa dos ""radicais de centro"" é que Bolsonaro o demitiu por ""vaidade"" ou ""inveja"". Sério?! Moro sempre foi mais popular e continua lá!","Não foi vaidade, ele demitiu pq Mandetta o traiu, usou a pandemia p/alisar opositores um aplaudindo a fala do outro, lembrando que esses opositores estão usando a situação para caos no país para atacar o presidente, Mandetta usou de aplausos para atuar sim como político !!!",1,0.5052162408828735,0.4947837591171264,,Incerta
Uma pena a demissão do ministro Mandetta. O conheci e é um profissional extremamente preparado para o cargo. E não falo só do combate ao coronavírus. O Governo perde com a sua saída. E a forma como ele saiu também é lamentável.,"Plínio. Muitas dúvidas quanto a conduta dele. Começou bem, c popularidade, mas conforme as coisas foram aclarando, apareceram a falta de lisura. Depreciou colegas/hospitais respeitados. Depreciou o conhecimento q médicos do exército possuem sobre o assunto. Em suma, UM POLÍTICO.",2,0.5094521641731262,0.4905478358268738,,Incerta
"Enquanto falta remédio no posto de saúde, e o estado diz que não tem dinheiro pra comprar medicamentos pra câncer, doença raras, Madetta gastou em 2019 R$ 25 milhões em GEL LUBRIFICANTE pro sistema carcerário. Com tanta preocupação Mandetta tá preocupado com o ÂNUS DO BANDIDO",Ou será com o dele e seus comparsas    é muito c* pra dar com R$25 M,2,0.485304594039917,0.514695405960083,,Incerta
"Acabou, seu incompetente!","A gente não pode esquecer da demissão do Mandetta.  O cara foi demitido sem fazer algo de errado, nem moralmente, nem legalmente.",0,0.5416398048400879,0.4583601951599121,,Incerta
"Em sua despedida, Mandetta defende a vida, o SUS e a ciência. Três palavras incompatíveis com o atual governo.",Se esse tá apoiando o tal Mandetta então já vai tarde!,2,0.515665590763092,0.4843343794345855,,Incerta
"Em sua despedida, Mandetta defende a vida, o SUS e a ciência. Três palavras incompatíveis com o atual governo.","Mandetta é muito mais compatível com o golpe que ele foi co-autor e com o Bolsonaro, do que com essas três palavras.",1,0.5878022313117981,0.4121977388858795,,Incerta
"Gozado! Agora que o super Mandetta, não é mais ministro da saúde. Pode.. aglomeração,  abraçar, falar de perto, cantar, gotejar, cuspir, vomitar na cara dos outros...acho que agora a *máscara* caiu!","fica em casa, trouxa!",2,0.5737164616584778,0.4262835085391998,,Incerta
"Em sua despedida, Mandetta defende a vida, o SUS e a ciência. Três palavras incompatíveis com o atual governo.",Até outro dia o Mandetta não prestava pq tirou o mais médicos ! Agora que estava na cartilha de vocês foi demitido! Ahh tempo! Mais roubo ninguém suporta!,2,0.5231653451919556,0.4768346548080444,,Incerta
"Quero ver quanto tempo este vai durar se resolver, como Mandetta, tb ser médico.",Não dou um mês.,2,0.4594635367393493,0.5405364632606506,,Incerta
"Em nome da Câmara dos Deputados, presto nossa homenagem ao trabalho desenvolvido pelo ministro  à frente da Saúde brasileira nos últimos meses.","CANALHA!!! Mandetta ferrou com tudo na saúde. Cirurgias, exames para prevenção de doenças, pessoas estão morrendo pq não tem atendimento nos hospitais, pq os hospitais estão esperando os Conronados chegar! #ForaMaia",2,0.5168750286102295,0.4831250011920929,,Incerta
"""E o Mandetta, a linha dele, como médico, era voltada quase exclusivamente para a vida"", disse Bolsonaro","QUE ABSURDO SABE, PREOCUPAR-SE COM A VIDA!!! CARAMBA",2,0.1113789826631546,0.8886209726333618,,Alta
"“Jair conseguiu a proeza de transformar um político inexpressivo do DEM, que votou pelo impeachment de Dilma, ligado aos planos de saúde, no maior defensor do SUS, um quase novo Oswaldo Cruz. Uma proeza.” Frase do amigo  sobre Mandetta","Pois é Véi!  Tudo qto é Golpista mente pra Caraleo!  O Bolsonaro mente falando q antes do coronavirus o Brasil estava voando,  E Mandetta q queria acabar c/o SUS, votou p/tirar R$9 BILHÕES do SUS, fora a ligação c/planos de Saúde privados,  Só quis defender o SUS hoje.  Surreal!!",2,0.1473065018653869,0.8526935577392578,,Alta
"Em especial para você com mais idade que votou no Bolsonaro, seu novo ministro da saúde:  Bolsonaro convida oncologista Nelson Teich para Ministério da Saúde #BolsonaroGenocida #Mandetta",imagina vc com os seus 70 anos perder o respirador pra um adolescente fumador de narguile,2,0.1004373133182525,0.899562656879425,,Alta
"Em sua despedida, Mandetta defende a vida, o SUS e a ciência. Três palavras incompatíveis com o atual governo.",Kkkkkkkkkk  Só ver que defende Mandetta pra ver que o presidente acertou mais uma vez.,1,0.1818545162677765,0.8181455135345459,,Alta
To me sentindo muito mal.,também tô me sentindo mal nó na garganta sentimento de impotência  e nem é pelo Mandetta  é por não enxergar o horizonte,2,0.1103646457195282,0.8896353244781494,,Alta
"Em sua despedida, Mandetta defende a vida, o SUS e a ciência. Três palavras incompatíveis com o atual governo.","Quando o PT desviou mais de R$ 240 bilhões da saúde pública, as palavras de ordem eram: propina, estádio e ""eu não sabia"".",2,0.1878119111061096,0.8121881484985352,,Alta
"""E o Mandetta, a linha dele, como médico, era voltada quase exclusivamente para a vida"", disse Bolsonaro",sim porra o cara é ministro da SAÚDE  S A Ú D E  S A Ú D E  TU QUERIA QUE ELE SE PREOCUPASSE COM OQ SEU MERDA,2,0.1928701698780059,0.8071298599243164,,Alta
A demissão do ministro  já era esperada. Lamento que seu trabalho tenha sido interrompido. Nos resta agradecer pelo profissionalismo e a postura adotada no enfrentamento à covid-19. Mandetta honrou a Nação e o seu diploma de médico ao atuar baseado na ciência.,Você já enfrentou a fila do SUS para lamentar a saída do mandetta? Então experimente e depois me diga se ele foi um bom ministro da saúde.,1,0.1900222450494766,0.8099777102470398,,Alta
"Preparem-se para a má vontade com o novo Ministro da Saúde. Se ele não seguir à risca o que os corona lovers querem, será massacrado. Vão puxar sua ficha corrida e tentar, de todas as formas, achar uma vírgula errada. Mandetta pra eles não tinha passado. Sempre foi perfeito.",E nunca fou médico de ciência.  Semore fou médico politico,2,0.1151404827833175,0.8848595023155212,,Alta
"""E o Mandetta, a linha dele, como médico, era voltada quase exclusivamente para a vida"", disse Bolsonaro",Ministro da saúde e médico que pensa na vida das pessoas nossa erro gravíssimo  toma no cu bolsonaro burro pra caralho,2,0.1239647790789604,0.8760351538658142,,Alta
"‘Façam uma defesa do SUS, da vida e da ciência’, diz Mandetta após demissão.","Mandetta e um verdadeiro fanfarrão  pra não dizer hipócrita. Qdo deputado e seu partido, o DEM, votaram em peso a favor da PEC, que congelou os gastos públicos na monta de R$ 22,5 bilhões que retirou da Saúde. E hj ele diz: ""façam um defesa do SUS...!! Tá de brincadeira c/ povo",1,0.1787697225809097,0.8212302923202515,,Alta
"Bolsonaro mandou Mandetta embora pois o mesmo batia de frente com o presidente e estava seguindo todas as recomendações da OMS. É abominável a ação do presidente, visto a atual situação do país e do mundo frente a uma pandemia.","O que o próximo ministro fará? Não sabemos. Mandetta estava indo bem em suas falas e ações COERENTES a um enfrentamento de uma pandemia.  Não tenho noção do que o próximo ministro defende, mas deve ser conivente com as posições do Bolsonaro.",1,0.1352195739746093,0.8647804260253906,,Alta
"Já vai tarde. Demorou demais. Você é arrogante, e não respeita à hierarquia. Não era ninguém a não ser amigo do primo, do vizinho. Em vez de fazer seu trabalho e ser grato, competiu o poder com o presidente da República eleito. Então, vá te catar, Mandetta","Outra loucona, qd morrer alguém da sua família vc vai lembrar dele, seu presidente é narcisista, não consegue ver ninguém se sobressair a ele, o ego dele é inflado, aprende agora",2,0.1314569860696792,0.8685429692268372,,Alta
"""E o Mandetta, a linha dele, como médico, era voltada quase exclusivamente para a vida"", disse Bolsonaro","Nossa, um médico querendo salvar vidas. Que coisa...",2,0.1138973608613014,0.8861026763916016,,Alta
"De acordo com a nova Pesquisa do Atlas, Mandetta tem aprovação de quase 80% dos entrevistados. Diante desse número e se o presidente Lula não puder concorrer, vocês votariam em quem para presidente?",Vocês sabem o que fazer,2,0.1105623766779899,0.8894376158714294,,Alta
"""E o Mandetta, a linha dele, como médico, era voltada quase exclusivamente para a vida"" - Jair Bolsonaro, presidente do Brasil",Prioridades né? O que é mais importante: perder o ganha pão ou A VIDA? Pois então tá,2,0.1522511839866638,0.8477487564086914,,Alta
VAI MANDETTA!  Não tenho golpista que compõe governo miliciano de estimação. A única diferença entre Madetta e outros asseclas de Bolsonaro é que ele sabe que a terra não é plana.   #ForaBolsonaro,"Exatamente. A unica diferença desse lixo era que ele não era Olavista, não acredita em terra plana e nem era antivacina.",2,0.1375970691442489,0.8624029159545898,,Alta
"Eu gosto do Mandetta, por mim não trocava. Mas é foda ler tanta idiotice. Ele estava do lado da ciência, ótimo. Não se usa remédio sem testar? Claro. O lockdown diminui a curva de infecção? Talvez, mas é tão cientificamente testado quanto a cloroquina.","de tão RUIM, conseguiu transformar seu ex ministro num quase herói. Mandetta votou  a favor da PEC-95 (já tirou R$22 bi do SUS), contra o + Médicos e transformou o Br no país q menos testes faz p COVID-19, só 296 por milhão de ha, q não tem respiradores e UTIs.",0,0.1101744547486305,0.8898255825042725,,Alta
"""E o Mandetta, a linha dele, como médico, era voltada quase exclusivamente para a vida"" - Jair Bolsonaro, presidente do Brasil","Aaah ele não tá certo e nem errado, até prq não tem como manter uma empresa em meio a uma quarentena, por mais que tenha vidas em risco, ou morre de fome ou morre por causa da doença simples, nem todo mundo pode ficar em casa sem trabalhar ainda mais com filhos pra alimentar.",2,0.1645251512527465,0.8354748487472534,,Alta
"""E o Mandetta, a linha dele, como médico, era voltada quase exclusivamente para a vida"" - Jair Bolsonaro, presidente do Brasil",isso msm vadia o erro do mandetta foi zelar pela vida,2,0.1189084574580192,0.8810915350914001,,Alta
"""E o Mandetta, a linha dele, como médico, era voltada quase exclusivamente para a vida"" - Jair Bolsonaro, presidente do Brasil",“Vida mais importante do que qualquer coisa....MAAAASSSSS”,2,0.1897264271974563,0.8102735280990601,,Alta
"Mandetta era um dos poucos desse governo que exaltava a CIÊNCIA, e foi justamente isso que fez Bolsonaro o demitir  Todos sabem que ele não acredita em ciência, é ignorante, não tem capacidade nem de entender os dados que chegam das secretarias de saúde.  É, estamos fodidos!","Você por acaso leu o currículo do substituto do Mandetta? Não, né, porque só reproduz o que pessoas desonestas tem propagado pra difamar o Bolsonaro.",1,0.1563675254583358,0.8436324596405029,,Alta
"Mandetta era um dos poucos desse governo que exaltava a CIÊNCIA, e foi justamente isso que fez Bolsonaro o demitir  Todos sabem que ele não acredita em ciência, é ignorante, não tem capacidade nem de entender os dados que chegam das secretarias de saúde.  É, estamos fodidos!","bolsonaro nao acredita nem que ta com infectado, por isso nao ta nem aí com as prevenções... tenho certeza q ele ta com o vírus foda de",2,0.1064449325203895,0.8935550451278687,,Alta
"Mandetta passou por cima da hierarquia, uma vergonha, ninguém é insubstituível, se ele se preocupasse tanto com a saúde da população, não tinha feito politicagem em cima dessa crise.","Que hierarquia? Um bandido q se acha presidente. 3 filhos tudo bandido e o mais novo já  entrando na familicia. Governo formado por corruptos, desclassificados.",2,0.1614195704460144,0.8385803699493408,,Alta
"Em sua despedida, Mandetta defende a vida, o SUS e a ciência. Três palavras incompatíveis com o atual governo.","Haddad, meu querido! O Mandetta falando em ""defender o SUS"" é a mesma coisa do Bozo respondendo ao STF que está cumprindo todos os procedimentos da OMS sobre o Covid-19...fala sério! Todos resolveram inflar a bola desse mala agora? Até tu, meu querido?",1,0.1277558952569961,0.872244119644165,,Alta
"O único sensato da porra desse governo atual era o Mandetta e o Bozolixo manda ele embora porque não suportou ser enfrentando, se fosse sensato e coerente senhor presidente talvez ele não te enfrentasse!!",Vão jogar a responsabilidade da Pandemia no colo do Mandetta. #Mandetta #BolsonaroVirus,0,0.9689871668815612,0.0310128293931484,,Random
"""E o Mandetta, a linha dele, como médico, era voltada quase exclusivamente para a vida"", disse Bolsonaro","Bom, se médico não é pra ser voltado pra vida, não é médico.  aparentemente queria ter a opção de escolher Josef Mengele.",2,0.0877864956855773,0.9122135043144226,,Random
Mandetta liberou 25 milhões em LIBRIFICANTE ANAL. É mole?,"Como isso ae, esclareça",2,0.9846850633621216,0.0153149673715233,,Random
"""Assinale abaixo as coisas que você odeia""  Bolsonaro:   Amazônia  Milícia  Rodrigo Maia  PT  Queiroz  Edir Macedo  ONGs  Laranjas  Mandetta  LGBTI+  Fake News  Índios  Estados Unidos  Imprensa  Democracia  Louro José da Havan  Transparência",Fontes de dentro do Planalto nos informam que Bolsonaro chamou Mandetta ao Planalto. O presidente comunicará ao ministro a sua demissão. O novo ministro da saúde deverá ser o oncologista Nelson Teich.,0,0.9939478635787964,0.0060521070845425,,Random
"Disse tudo! #ForaMaia Após demitir Mandetta, Bolsonaro ataca Maia: ‘Parece que intenção é me tirar do governo’",Botafogo quer a cadeira presidencial na marra #ForaMaia,2,0.9929972290992736,0.0070027974434196,,Random
"O ex-ministro Mandetta realizou um trabalho sério e técnico, com uma postura firme e transparente. Muito obrigado.  Desejo sucesso ao novo ministro da Saúde, que ele siga suas convicções e dê continuidade ao trabalho que vinha sendo feito.","Pergunte uma boa ação do Mandetta para quem diz que ele estava fazendo um bom trabalho. Não vão saber responder. Ele passou a fazer um ""bom trabalho"" apenas quando começou a discordar do Presidente.  Artigo do novo Ministro. Agora vai!!",1,0.943140983581543,0.0568590722978115,,Random
URGENTE: Bolsonaro demite Mandetta do Ministério da Saúde; oncologista Nelson Teich vai assumir o cargo,BOLSONARO CORNOOOO,2,0.9940349459648132,0.0059651392512023,,Random
"""E o Mandetta, a linha dele, como médico, era voltada quase exclusivamente para a vida"", disse Bolsonaro",Onde já se viu ne? um Ministro da Saúde pela VIDA AH PELO AMOR DE DEUS GENTE ALGUÉM TIRA ESSE ASNO DESSE PAÍS #ImpeachmentDoBolsonaro  #ImpeachBolsonaro #ForaBolsonaroUrgente,2,0.7804322838783264,0.2195677757263183,,Random
“Qual vai ser a escolha?”,"Essa praga vai deixar os idosos para morrer, volta mandetta.",2,0.9720673561096193,0.0279326252639293,,Random
Vcs viram o discurso do bolsonaro de demissão do mandetta? Eu DUVIDO q o novo ministro vai tratar a questão do isolamento da mesma forma,o que me deixa mais indignada é que o mandetta saiu antes da ivy,0,0.9770711064338684,0.0229288190603256,,Random
"""E o Mandetta, a linha dele, como médico, era voltada quase exclusivamente para a vida"" - Jair Bolsonaro, presidente do Brasil","Cara frouxo!!! Sabia que a cobrança um dia ia chegar né, os empresários ricos que te colocaram de presidente do Brasil cobraram esse fim do isolamento social né safado!? É tão cara de pau que sacou o Mandetta na cara dura",2,0.7195590138435364,0.280441015958786,,Random
"Demitiu Mandetta, e agora quer derrubar Rodrigo Maia. Bolsonaro tenta neste momento a todo custo afrouxar os grilhões cientificista e legalista que alguns atores público impuseram a ele.  Tudo isso em meio a maior crise sanitária em mais de 1 século.","Bolsonaro agora ataca o legislativo, a casa do povo",2,0.9669628739356996,0.0330371521413326,,Random
"""E o Mandetta, a linha dele, como médico, era voltada quase exclusivamente para a vida"", disse Bolsonaro","Médico que ser preocupa com a vida: tá errado isso aí, talkey!",2,0.0748725309967994,0.9251274466514589,,Random
A demissão de Luiz Henrique Mandetta provocou reações imediatas de políticos e representantes da sociedade civil:  #JN,Pelos apoios que Mandetta recebe percebe-se que ele esta do lado errado.  #Globolixo,1,0.9899841547012328,0.0100158732384443,,Random
"“Numa guerra, quando você troca o general, como fica seu Exército? Fica sem rumo, sem caminho”, disse o presidente da Câmara sobre a demissão de Luiz Henrique Mandetta.","QUANDO ""UM GENERAL CORRUPTO"" É EXONERADO, UM GENERAL HONESTO,ASSUME!",2,0.9863747358322144,0.0136253023520112,,Random
"""E o Mandetta, a linha dele, como médico, era voltada quase exclusivamente para a vida"", disse Bolsonaro","Ora ora, quem diria...",2,0.9850921034812928,0.0149079328402876,,Random
#ForaBolsonaro Mandetta que se  foda.    Acompanhe o recado da Dilmãe para o Bozo Bela montagem,"hoje deu tudo errado, live do Bokaloka deu ruim, Mandetta demitido, Babu perdendo na cara do gol, não dá pra ser feliz no Brasil",0,0.9912804961204528,0.0087195048108696,,Random
"Presidente trocou Mandetta por um nome que pensa EXATAMENTE como Mandetta. Pura politicagem, ciumeira. Agora o min Saúde terá de trocar toda sua equipe e prejudicar o combate ao corona porque Bolsonaro está mais preocupado com a própria popularidade do que com o país. VERGONHA!","Trocou porque o Mandetta tava perdido. Bolsonaro é autêntico, faz o que tem que fazer sem se preocupar com mimimi ..... Por isso o povo está ao lado dele. #BolsonaroTemRazao",1,0.9851307272911072,0.0148692922666668,,Random
"Externo minha enorme preocupação com a saída no ministro Mandetta do comando da Saúde, num momento de extrema gravidade pelo qual passa o Brasil diante da pandemia do coronavírus. O ministro Mandetta demonstrou conduzir seu trabalho com o rigor técnico necessário...(cont.)",esse homem,2,0.9808961153030396,0.0191038120537996,,Random
"A maioria esmagadora dos brasileiros é contrária à demissão de Mandetta: 76,2% dos entrevistados discordam do afastamento do ministro da Saúde, segundo pesquisa realizada pelo Atlas Político. Vc concorda com o resultado da pesquisa?   via",Ministro MANETTA foi tarde. Não serve para ser nem médico de município pequeno.,2,0.3806146681308746,0.619385302066803,,Random
MANDETTA É TIPO UM B.B.B.:  * FICOU FAMOSO RÁPIDO * GANHOU VÁRIOS FÃS E HEITERS * É ASSUNTO NA INTERNET * FOI PRO PAREDÃO * SAIU DA CASA  * E DAQUI 15 DIAS TODO MUNDO JÁ ESQUECEU,Kkkkk boa,2,0.8901709914207458,0.1098290756344795,,Random
"Bolsonaro diz que podem perguntar pq decidiu substituir Mandetta. Explica o presidente durante a posse do novo ministro da Saúde: diz que visão de Mandetta era da Saúde, da vida. A sua é, além da vida, a da economia, a do Paulo Guedes.",Hoje MANDETTA apagou sua HISTÓRIA. KKKKKKKKK VOMO SEMPRE.,1,0.976517915725708,0.0234821029007434,,Random
Hoje lemos na imprensa que o DEM quer aproveitar a popularidade do Mandetta para iniciar diversas ações futuras com a presença do ex-ministro. Está lançado o projeto Mandetta 2022. E seus defensores dizendo que ele não estava atuando politicamente...,"#ForaMaia  Só li verdades, mesmo partindo de quem partiu.",2,0.9917952418327332,0.0082048028707504,,Random
URGENTE: Bolsonaro demite Mandetta do Ministério da Saúde; oncologista Nelson Teich vai assumir o cargo,A GENTE VAI MORRER,2,0.992301106452942,0.0076988665387034,,Random
"Bolsonaro demitiu Mandetta por ciúme, inveja e cálculo eleitoral e não foi divórcio consensual coisa nenhuma, mas meras ignorância,  irresponsabilidade, desumanidade e culto à morte, por fazê-lo em pleno pico da pandemia.",Tava fazendo  muita besteteira  trazendo nenhum  resultado. Não consegue ver?,2,0.9561476111412048,0.0438524074852466,,Random
"Em sua despedida, Mandetta defende a vida, o SUS e a ciência. Três palavras incompatíveis com o atual governo.",Você é decadente,2,0.4700414836406708,0.5299584865570068,,Incerta
"Não pensem que vou lamentar a saída do Mandetta! Se fosse um exemplo de pessoa, não teria nunca sido ministro do Jair. São igualmente covardes!",Ele claramente se aproveitou da situação pra sair antes de empilhar corpos. Assim ele deve ser lembrado como o ministro que tentou.,2,0.4976554214954376,0.5023446083068848,,Incerta
"""E o Mandetta, a linha dele, como médico, era voltada quase exclusivamente para a vida"", disse Bolsonaro",Onde já se viu um médico se portar desta maneira,2,0.4236744344234466,0.576325535774231,,Incerta
"""E o Mandetta, a linha dele, como médico, era voltada quase exclusivamente para a vida"", disse Bolsonaro","Ai complica mesmo... porra, meu medico eh tao sangue bom que ele dava palpite ate em qual pneu deveria usar no meu carro... isso q eh medico de verdade.",2,0.441501259803772,0.5584986805915833,,Incerta
"Não caiu só o ministro não, caiu a cúpula do ministério inteiro. Em meio a uma crise. É tipo trocar pneu com um carro em movimento na estrada da morte a 10cm do desfiladeiro.",Trocar pneu careca por pneu de bicicleta,2,0.4924520254135132,0.5075479745864868,,Incerta
"A maioria esmagadora dos brasileiros é contrária à demissão de Mandetta: 76,2% dos entrevistados discordam do afastamento do ministro da Saúde, segundo pesquisa realizada pelo Atlas Político. Vc concorda com o resultado da pesquisa?   via",Não acredito nessas pesquisas e se porventura houve de fato uma suposta pesquisa grande parte dessas supostas pessoas da suposta pesquisa Nunca nem ouviu falar em mandetta e só conhece mandetta agora.,1,0.4463015794754028,0.5536984801292419,,Incerta
"Após a saída do Mandetta, quem deveria ser o próximo a abandonar a vida pública? Comente!","A lista é grande, mas a hora é  dele #ForaMaia",2,0.578822135925293,0.4211778938770294,,Incerta
e vamos de demissão do mandetta,nao venha querer se fazer de sonso mandetta nois te conhece de tempo,0,0.5657505989074707,0.4342494606971741,,Incerta
Bolsonaro demitiu o Mandetta. Vai ficar pra História o tamanho do absurdo de demitir um Ministro da Saúde no meio da pandemia porque ele seguiu as recomendações da ciência e da OMS,Eu n tenho estrutura pra esse país tóxico do c4ralho,2,0.4377647340297699,0.5622352361679077,,Incerta
"Em sua despedida, Mandetta defende a vida, o SUS e a ciência. Três palavras incompatíveis com o atual governo.",Incompatíveis com o próprio Mandetta.,1,0.4986375272274017,0.5013625025749207,,Incerta
"O mais engraçado, é que a maioria do gado que tava pedindo a saída do Mandetta são idosos, hoje o substituto diz idoso não merece vaga em UTI.  A Terra Plana também gira e vacilão roda!",UAHAUAHAU,2,0.4177002906799316,0.5822996497154236,,Incerta
"A demissão do ministro da Saúde, Luiz Henrique Mandetta, foi o assunto do dia e é o destaque na charge do nosso .",Uma charge pra ajudar entender,2,0.5136253237724304,0.4863747060298919,,Incerta
"O elogio emocionado de Fernando Haddad a Henrique Mandetta foi a coisa mais bonita da novela viral desde o enlace entre João Dória e Lula da Silva. Se você não entendeu agora o enredo, não vai entender nunca mais.",MANDETTA votou pro impeachment da Dilma e recebe elogios do Haddad    pqp  mano.,1,0.5550895929336548,0.4449103772640228,,Incerta
"Em sua despedida, Mandetta defende a vida, o SUS e a ciência. Três palavras incompatíveis com o atual governo.","3 palavras incompatíveis com o Mandetta até fevereiro 2020! Não esqueça o objetivo dele de sucatear o SUS para favorecer os planos de saúde privados, acabou com o +médicos...",1,0.503686785697937,0.4963131844997406,,Incerta
Bolsonaro diz que não esta com pressa para colocar outro no lugar de Mandetta . Não ta nem ae.,"ELE ESTA FAZENDO SE NOTAR. ELE JA SABE, NINGUEM GOSTA DELE. AI ELE TA MOSTRANDO PODER. SO QUE PODER PARA O MAL. O DEMONIO EM PESSOA. #FOROBOSTA",2,0.5454821586608887,0.4545178413391113,,Incerta
"Chega o dia em que a gente tem que concordar com Mandetta “defendam a vida, o sus e a ciência “  Que fase.",Agora todos são fãs do Mandetta. Até ontem não sabiam nem qual área da saúde ele é especializado.,0,0.500041127204895,0.499958872795105,,Incerta
"Em sua despedida, Mandetta defende a vida, o SUS e a ciência. Três palavras incompatíveis com o atual governo.",agora que vim ver que o haddad já tá dissociando da realidade. tadinho.,2,0.5376133322715759,0.4623866677284241,,Incerta
Bolsonaro acabou de demitir o Presidente do CNPq por ele pedir incentivo à pesquisa. Demitiu Mandetta por seguir orientações da OMS. Demitiu o presidente do IBAMA por combater garimpo ilegal.  Demitiu presidente do INPE por alertar sobre desmatamento na Amazônia.Onde vamos parar?,"o estrago que esse ""governo"" faz é muito maior e mais longo do que vemos",2,0.5011505484580994,0.4988494217395782,,Incerta
"A maioria esmagadora dos brasileiros é contrária à demissão de Mandetta: 76,2% dos entrevistados discordam do afastamento do ministro da Saúde, segundo pesquisa realizada pelo Atlas Político. Vc concorda com o resultado da pesquisa?   via",A pesquisa estava errada. Todos os médicos comemorando a saída de Mandetta.,1,0.4186502993106842,0.5813496708869934,,Incerta
"Em sua despedida, Mandetta defende a vida, o SUS e a ciência. Três palavras incompatíveis com o atual governo.",Chega a ser engraçado um filho da puta desse defender o Mandetta. Por essas e outras Bolsonaro o mandou embora. Foi tarde porra! E você é um poste. Não vai conseguir mais porra nenhuma!!,1,0.5562697649002075,0.4437302052974701,,Incerta
Morre um ministro. Nasce um candidato?,"Como gostaria que Mandetta virasse candidato a presidente, só para ver Bolsonaro surtar!!",1,0.5600839257240295,0.439916044473648,,Incerta
"Em sua despedida, Mandetta defende a vida, o SUS e a ciência. Três palavras incompatíveis com o atual governo.",E quais as 3 palavras compatíveis com o governo do PT?,2,0.4472538232803345,0.5527461767196655,,Incerta
"Prevaleceu a inveja sentida pelo chefe mimado. Jair Bolsonaro, em vez de reconhecer que desdenhou do coronavírus, demitiu Mandetta por não ter se curvado à sua estupidez durante a pandemia. O bolsonarismo fritou o ministro da Saúde nas redes e no zap porque teme sua popularidade.","Essa estória do Mandetta de ""médico não abandona paciente"", é conversa mole pq ministro que critica o presidente que o nomeou em rede nacional, está abandonando o paciente pq está forçando sua saída.",1,0.5164005756378174,0.4835993945598602,,Incerta
"Mandetta saiu chorando sabendo o que é o SUS, e louvando-o. Graças a Deus ele não teve tempo de privatiza-lo, como foi sua missão inicial no ministério. Os desígnios da vida são implacáveis. Acho que entrou Saulo de Tarso e saiu Paulo. Um convertido ao SUS.",Mas o plano demoníaco ainda tá de pé  #OcoveirodaSaude entrou e  seu patrão é  #bolzebu666  acabar com sistema único de saúde SUS é  prioridade do projeto USA pra sua colônia.,2,0.5173767805099487,0.4826232194900512,,Incerta
E se foi o Mandetta,"não acredito que o bozo demitiu o Mandetta, se com ele seguindo todos os passos da OMS já estava difícil imagine com uma pessoa que é fantoche desse pretendente sem noção",0,0.497723788022995,0.5022762417793274,,Incerta
Como anda a extrema imprensa após a demissão de Mandetta e da entrevista do Presidente  na CNN?  #BolsonaroImbativel,Vcs não passarão #ForaMaia,2,0.5898959040641785,0.4101041257381439,,Incerta
"E pelo visto o cara q ele colocou, acredita no msm isolamento do mandetta, bolsonaro autistão","Pd crê, o discurso dele foi parecido com o do mandetta",1,0.4494688212871551,0.5505312085151672,,Incerta
"Parabéns pelos excelentes serviços prestados à nação, Mandetta.   Espero que seu sucessor esteja a altura do momento e não sucumba perante o conspiracionismo e teses anti-científicas.","Parabéns um cacete, esse político no MS foi um canalha, o sangue as vítimas de #VirusChines / está nas mãos do Mandetta, isso sim",1,0.4817807674407959,0.5182192921638489,,Incerta
O que me deixa mais puto é que o Mandetta saiu antes da Yvi,"Ow, na moralzinha, usar ""Tchau, querido"" para ""zoar"" o Mandetta nesse momento é coisa de gente BURRA. Sabe quem mais tá feliz com a saída dele? O presidente. Ele tá longe de ser santo, mas nesse momento era a única pessoa sensata no governo federal. Não é hora de revanchismo.",0,0.4259022176265716,0.574097752571106,,Incerta
"E não podemos botar o Mandetta em um pedestal tbm, ele vinha tendo uma ótima postura n combate à pandemia, porém antes de tudo isso já tinha tomado graves atitudes contra o SUS",mandetta foi demitida pq se opôs aquele merdinha em relação a medidas de saude e isolamento SENDO WUE ELE ERA MINISTRO DA SAÚDE E AINDA TEM GENTE QUE DEFENDE ESSA PORRA,0,0.4609038829803467,0.5390961170196533,,Incerta
"Acabo de ouvir do presidente Jair Bolsonaro o aviso da minha demissão do Ministério da Saúde.  Quero agradecer a oportunidade que me foi dada, de ser gerente do nosso SUS, de pôr de pé o projeto de melhoria da saúde dos brasileiros e","O povo acha q mandetta era um Deus só fez foi merda indo a público e criar guerra com o presidente, povo esqueceu q ele político",2,0.5847205519676208,0.4152794480323791,,Incerta
"Mandetta cai porque enfrentou a pandemia com responsabilidade, e Bolsonaro não tolera isso. O presidente da República está derrubando toda a cúpula do Ministério da Saúde em meio à mais grave crise sanitária da história. É um genocida.","Eu sempre tenho posição diametralmente oposta a , mas taí achei uma convergência. Pai de Dudu Bananinha é um irresponsável e genocida.",2,0.5182496309280396,0.4817503988742828,,Incerta
"Presidente trocou Mandetta por um nome que pensa EXATAMENTE como Mandetta. Pura politicagem, ciumeira. Agora o min Saúde terá de trocar toda sua equipe e prejudicar o combate ao corona porque Bolsonaro está mais preocupado com a própria popularidade do que com o país. VERGONHA!","toma no seu cu filho da puta, você ajudou o cara a se eleger  a culpa também é tua arrombado",2,0.4441739618778229,0.5558260679244995,,Incerta
"""E o Mandetta, a linha dele, como médico, era voltada quase exclusivamente para a vida"" - Jair Bolsonaro, presidente do Brasil",ai o presidente.....,2,0.4219205975532532,0.5780794620513916,,Incerta
"Em sua despedida, Mandetta defende a vida, o SUS e a ciência. Três palavras incompatíveis com o atual governo.","Papai lula te usou como marionete de novo? Vc sabe como se manipulam esses bonecos, né?",2,0.5098815560340881,0.4901184737682342,,Incerta
Morre um ministro. Nasce um candidato?,"Pronto, Mônica Bergamo definiu exatamente a intenção do centrão corrupto e dos esquerdistas de plantão, colocar Mandetta como candidato. Joguinho de carta marcada!",2,0.437262088060379,0.5627379417419434,,Incerta
Mandetta  consegue 127 mil curtidas em meia hora e deixa Bolsonaro comendo poeira no Twitter. Neste momento a msg dele ja tem 190 MIL likes.,"Eu passei o dia observando exatamente esse fato! Até o pronunciamento do PR, tinha pouquíssimas curtidas! Os aliados q postaram apoiando a demissão, tb comeram poeira! Agora a postagem de Lula ontem, bombou! O cenário está mudando rápido demais! A vaidade do poder, se revelando!",2,0.4142113626003265,0.5857886075973511,,Incerta
Quem era Mandetta antes de virar Ministro da Saúde? O que fez no ministério no período anterior à epidemia?,Quem era Luiz Henrique mandetta antes de contrariar o presidente e ser adotado como queridinho da esquerda?,1,0.4219279289245605,0.5780721306800842,,Incerta
"""E o Mandetta, a linha dele, como médico, era voltada quase exclusivamente para a vida"", disse Bolsonaro","Que absurdo, um médico, Ministro da Saúde que pensava assim, tem que prender o Mandetta.",2,0.459100067615509,0.540899932384491,,Incerta
"Bolsonaro acaba de falar em sua live que “O PROBLEMA DO MANDETTA era que a linha dele, COMO MÉDICO, era VOLTADA QUASE QUE EXCLUSIVAMENTE PARA A VIDA""  o presidente acaba de assumir que demitiu o Ministro da Saúde pq o Ministro da SAÚDE estava preocupado APENAS em salvar vidas.",E a política desse governo é claramente a morte! Se for morte de pobre então...,2,0.4943028390407562,0.5056971907615662,,Incerta
"As pessoas dando rt na foto do Mandetta com o ""Tchau, querida""  tirando sarro dele acham que ele tá minimamente sentido com a demissão? kkkk... Sebo. Deve tá até comemorando com Rodrigo Maia e Davi Alcolumbre","O cara era um deputado desconhecido que se elegia muito mal e agora é clamado como novo salvador da pátria, só isso kkkkkk",2,0.521458089351654,0.4785418212413788,,Incerta
"Em sua despedida, Mandetta defende a vida, o SUS e a ciência. Três palavras incompatíveis com o atual governo.","Petista defendendo Ministro de Bolsonaro, esse Presidente faz coisas na cabeça de esquerdista!",2,0.5546339750289917,0.4453660547733307,,Incerta
"Mandetta foi presidente de planos de saúde, foi contra os médicos cubanos e votou a favor do Teto de Gastos que tirou R$9 bilhões do SUS. É incrível que, com tudo isso, tenha perdido o cargo de Ministro por suas virtudes, não por seus vícios. Só no governo genocida de Bolsonaro.","Mandetta acabou com o mais Médicos, com a farmácia popular, fechou o departamento do HIV/AIDS, Acabou com o financiamento da atenção básica, Não abriu nenhum novo leito de UTI, Não comprou kits antecipadamente, Não proibiu a exportação de máscaras, e ainda assim era melhor ficar.",1,0.4380389451980591,0.5619610548019409,,Incerta
"Em sua despedida, Mandetta defende a vida, o SUS e a ciência. Três palavras incompatíveis com o atual governo.",KKKKKKKKKKKKKKK O candidato de vocês aí,2,0.4807435870170593,0.5192564129829407,,Incerta
"Mandetta nunca foi técnico, mas político foi desde o início, se mostrou um verdadeiro encantador de serpentes.","Então o Bolsonaro mentiu quando disse que nomeou um técnico, se referindo ao Mandetta?",1,0.4452641010284424,0.5547358989715576,,Incerta
"Em sua despedida, Mandetta defende a vida, o SUS e a ciência. Três palavras incompatíveis com o atual governo.","Ver um safado defender o Mandetta, é sinal que são tudo farinha do mesmo saco.",1,0.4451723098754883,0.5548276305198669,,Incerta
"Em sua despedida, Mandetta defende a vida, o SUS e a ciência. Três palavras incompatíveis com o atual governo.","Haddad, eu não gosto de tu, mas vc tá certo.",2,0.4092401564121246,0.5907598733901978,,Incerta
"Saiu Mandetta, entrou Teich, Bolsonaro falou, Maia respondeu etc. Cadê os milhões de testes?","Maia, cadê os milhões do Fundo Partidário??????",2,0.5828463435173035,0.4171537160873413,,Incerta
Mas sem sentido que a demissão do Mandetta é eu participando de um clube de livro sendo que mal leio os tweets aqui,Caralho demitir o Mandetta é muita sacanagem!,0,0.4541737735271454,0.5458261370658875,,Incerta
"Bolsonaro tem desvio de caráter e exonerou Mandetta por inveja. Ele não tem dimensão alguma sobre a gravidade do avanço do coronavírus no Brasil. Contra a ciência e o isolamento social, o presidente deu mais uma demonstração de irresponsabilidade com o país.","A esquerda reclamando que Bolsonaro está contra a ciência quando demite Mandetta, nem lembra que na era PT tivemos, dentre outros desastres, Humberto Costa como ministro",1,0.4603829085826874,0.5396170616149902,,Incerta
"""E o Mandetta, a linha dele, como médico, era voltada quase exclusivamente para a vida"", disse Bolsonaro","Ser voltado pra vida é um problema, pelo visto...",2,0.1575397849082946,0.8424602150917053,,Alta
"Pq Mandetta é amado por todos? Pq é um grande médico ou um grande ministro? Já tivemos ministros com mais gabarito e a imprensa não exaltava dessa maneira. Parte da imprensa e dos políticos gostam de Mandetta, por que pensam: INIMIGO DO MEU INIMIGO É MEU AMIGO. Entendeu a jogada?","Ah tá, esse negócio de amado por todos me assustou...pq eu o acho medíocre e detestável. Ensaiou ser técnico e se revelou um político da pior qualidade,um traíra da pátria.",2,0.1143725216388702,0.8856273889541626,,Alta
"""E o Mandetta, a linha dele, como médico, era voltada quase exclusivamente para a vida"", disse Bolsonaro",jamais esperaria isso de um médico. imagino que vocês tampouco.,2,0.1311601549386978,0.8688398599624634,,Alta
"Maia concedeu entrevista à CNN e de costume atacou o presidente. Sobre a demissão de seu afilhado Mandetta afirmou que ""quando se troca o general durante a guerra o exército fica sem caminho” e que o ""Parlamento joga flores ao povo"". Melhor jogasse o fundo eleitoral e partidário.","Porque não joga para os brasileiros, vc só quer derrubar o presidente não pensa para que esta ai! Covarde,corrupto!",2,0.1652923077344894,0.8347077369689941,,Alta
"Mandetta era um dos poucos desse governo que exaltava a CIÊNCIA, e foi justamente isso que fez Bolsonaro o demitir  Todos sabem que ele não acredita em ciência, é ignorante, não tem capacidade nem de entender os dados que chegam das secretarias de saúde.  É, estamos fodidos!",fudidos.,2,0.1085236221551895,0.8914763331413269,,Alta
"""E o Mandetta, a linha dele, como médico, era voltada quase exclusivamente para a vida"" - Jair Bolsonaro, presidente do Brasil",Imagina que horror não é mesmo um ministro da SAUDE preservando a VIDA,2,0.1105276420712471,0.8894723057746887,,Alta
"Mandetta deixa como legado uma estrutura para que o Brasil possa – com governo federal, estados e municípios unidos – atender da melhor forma possível a sociedade brasileira, principalmente as pessoas que necessitam do SUS.",O único legado do mandetta foi deixar um monte de prefeitos e governadores sugarem dinheiro publico do ministério da saúde !,1,0.1227894350886344,0.8772106170654297,,Alta
"O elogio emocionado de Fernando Haddad a Henrique Mandetta foi a coisa mais bonita da novela viral desde o enlace entre João Dória e Lula da Silva. Se você não entendeu agora o enredo, não vai entender nunca mais.",Qual parte você não entendeu????,2,0.1395187675952911,0.8604812622070312,,Alta
"Mandetta, gratidão pelo oq fez aos brasileiros. Se ñ estamos em situação pior devemos a você e sua equipe. Apoiados na ciência seguraram a curva do contágio. Obrigada pela humanidade, bom senso, generosidade e amor à nação.O reconhecimento do seu trabalho ultrapassou fronteiras.",Ultrapassou as fronteiras da vergonha assim como o seu despreparo no cargo.,2,0.1809706687927246,0.8190293312072754,,Alta
"Luiz Henrique Mandetta foi um verdadeiro guerreiro na saúde pública no período em que esteve à frente do Ministério, especialmente no enfrentamento firme à Covid-19. O seu trabalho responsável e dedicado foi irreparável. A sua saída não é positiva e será sentida por todos nós.",Fale somente por vc..da parte do povo bastou..o Mandetta quis se achar e nós q buscamos a sua saida pra aprender a respeutar o povo,1,0.101721778512001,0.8982782363891602,,Alta
"Em sua despedida, Mandetta defende a vida, o SUS e a ciência. Três palavras incompatíveis com o atual governo.","Pois é  , o Mandetta.... aquele do fora Dilma e que expulsou os médicos cubanos!!! Vcs não tem mais onde se agarrar, estão perdidos.",1,0.1115400493144989,0.8884599804878235,,Alta
"Com a ""ciência"" do Átila, a lealdade do Mandetta, a honestidade do Lula, a veracidade da mídia, a ""Justiça"" do STF e o Patriotismo do Maia que país no mundo precisa de inimigos ?",Já temos inimigos de sabe o travestidos de amigos...,2,0.110678993165493,0.889320969581604,,Alta
"Então o ""exército"" da CORRUPÇÃO DO CENTRÃO ficou sem rumo O Presidente CORTOU O CANO DA CORRUPÇÃO NHONHO e você ficou sem reação por que não espera isso não é verdade. PARABÉNS MEU PRESIDENTE É ASSIM QUE SE FAZ! MOSTRE A CARA DE CADA UM DESSES CANALHAS #ForaMaia","Acontece seu Porco chileno de merda,Nhônho,Botafogo da Odebrecht,que o grande General É O BOLSONARO,aquele filhodaputa do Mandetta é da sua laia,igual a você,UM MERDA.",1,0.1538823246955871,0.8461176753044128,,Alta
"Acabo de ouvir do presidente Jair Bolsonaro o aviso da minha demissão do Ministério da Saúde.  Quero agradecer a oportunidade que me foi dada, de ser gerente do nosso SUS, de pôr de pé o projeto de melhoria da saúde dos brasileiros e","não concordo com a demissão do mandetta porque por mais que ele estivesse fazendo o mínimo como ministro da saúde, ele era literalmente o ÚNICO no governo bolsonaro que se manteve lúcido nas medidas e precauções tomadas sobre o coronavírus",2,0.1496963649988174,0.8503036499023438,,Alta
"""E o Mandetta, a linha dele como médico, era voltada quase que exclusivamente a questão da vida""","""A QUESTÃO DA VIDA""",2,0.1104831993579864,0.8895168304443359,,Alta
Não é da conta de nenhum estrangeiro... É da conta de nós brasileiros. O Presidente está certíssimo em demitir o Mandetta. O ministério da saúde precisa de um técnico e não de um politiqueiro.,Não consigo entender a esquerda que faz questão de falar que o Mandetta defendia vidas. Um golpista responsável por anos de precarização e privatização da saúde pública Enquanto isso milhares estão morrendo sem nem saber se estavam infectados pq n tem testes,0,0.1922086030244827,0.8077914714813232,,Alta
"Em sua despedida, Mandetta defende a vida, o SUS e a ciência. Três palavras incompatíveis com o atual governo.",Vagabundo sem vergonha. Se está defendendo o Mandetta não deve ser boa coisa,1,0.1888353824615478,0.8111646175384521,,Alta
"""E o Mandetta, a linha dele, como médico, era voltada quase exclusivamente para a vida"", disse Bolsonaro","bem, é o que eu espero de um médico, no mínimo",2,0.1552583873271942,0.8447416424751282,,Alta
"Em ato falho grotesco, Bolsonaro critica Mandetta ao dizer que sua linha como médico ""era voltada quase que exclusivamente para a questão da vida"".   Ora! Bolsonaro, portanto, defende mortes em nome da ""economia"". Criminoso e genocida, vai responder por cada vítima da COVID-19!","Ele discorda do Mandetta ter defendido a vida e a saúde das pessoas, mas argumenta a favor da vida das pessoas",2,0.1638874262571334,0.8361125588417053,,Alta
"Oi Mandetta, tudo bom? Agora que o Bolsonaro já te chutou do Ministério da Saúde, conta pra gente o resultado do exame dele.",Contaaaa,2,0.1267868876457214,0.8732131123542786,,Alta
"Em nome da Câmara dos Deputados, presto nossa homenagem ao trabalho desenvolvido pelo ministro  à frente da Saúde brasileira nos últimos meses.","Gente, o Mandetta não foi um bom gestor da saúde, no Brasil, nos últimos meses. Era contra o SUS, a favor da privatização de hospitais públicos, demitiu os médicos cubanos... O que choca é ele ter sido demitido por ter seguido as recomendações científicas e não por seus vícios.",2,0.1199807897210121,0.8800191879272461,,Alta
O twitter: #ForaBolsonaro #BolsonaroVirus #BolsonaroGenocida panelaço pandemia Mandetta Help Brazil   E eu: fingindo demência nesse momento para manter o resto da minha sanidade mental.,Sanidade? O que é isso?,2,0.1198283284902572,0.8801716566085815,,Alta
"A maioria esmagadora dos brasileiros é contrária à demissão de Mandetta: 76,2% dos entrevistados discordam do afastamento do ministro da Saúde, segundo pesquisa realizada pelo Atlas Político. Vc concorda com o resultado da pesquisa?   via",Você deputados Álvaro dias deve morar em outro Brasil porque os brasileiros não aceita mais corruptos não queremos a velha política Mandetta e traidor da pátria precisa dizer mais nada.,1,0.1684013456106186,0.8315986394882202,,Alta
"Não desmereço o trabalho do Min. Mandetta, mas é incrível como ele de repente virou “o caminho, a verdade e a vida” para opositores do governo e grande parte da imprensa. Da parte dele,  ficou evidente que aceitou envaidecido essa polarização com o presidente. Assim é a política.","Assim é a falta de caráter, falta de integridade, de ética e canalhice !! Não é política, é tirania e conspiração !!",2,0.1506856381893158,0.8493143320083618,,Alta
"nada justifica, mas o pessoal fazendo chacota com o mandetta por ele ter sido a favor do golpe contra Dilma quando na verdade esse mesmo pessoal eram a favor do golpe pelo simples motivo de que em 2016 a maioria de vocês/nós era despolitizada pra sacar a magnetude que foi o golpe",em 2016 eu tava morando na escola fodase,2,0.1913204491138458,0.8086795806884766,,Alta
"mandetta ter sido demitido, e a ivy ja quase ganhando a prova do líder NO MESMO DIA é a maior prova de q deus nao existe",O MANDETTA ACABOU DE SER DEMIRIDO VOU SURTAR,0,0.9718123078346252,0.0281877126544713,,Random
"A maioria esmagadora dos brasileiros é contrária à demissão de Mandetta: 76,2% dos entrevistados discordam do afastamento do ministro da Saúde, segundo pesquisa realizada pelo Atlas Político. Vc concorda com o resultado da pesquisa?   via",Foda-se o Mandetta! Minhas pesquisas mostraram que 90% da galera queria que ele fosse pra casa do caralho. E foi. Próximo!,1,0.7178488373756409,0.2821511924266815,,Random
"Tchau mandetta, na bagagem tu leva a minha alma tá","Quando o ministério de   foi escolhido, o único ministro que a imprensa encontrou sujeira na ficha foi o Mandetta MuitaTretta. E agora morre de amores por ele.   É muita trettaaaaa....   #FicaEmCasaMandetta",0,0.9808101058006288,0.0191899463534355,,Random
"Bolsonaro ontem, na coletiva:  “As medidas do Mandetta, como médico que é, olhavam mais a questão da saúde. Nós queremos outra coisa.”  Você aí, defensor do 'mito', explica aí o que ele quer.",O Brasil é um país que cansa...,0,0.921255886554718,0.0787441283464431,,Random
"Para você que gosta de assistir a Globo,ler UOL, Folha de São Paulo, Revista Veja e outros lixos de impressa por aí, que deve ter ouvido que o Bolsonaro foi injusto com o Ministro Mandetta o demitindo, e fixou…","Mandetta tentou ajudar mas o idiota não quis ouvir... o Bolsonaro só esqueceu brasileiro é foda e vamos vencer a Covid-19 com ou sem ajuda de governo... Ah e Bolsonaro, relaxa que vamos tirar você da presidência, é questão de tempo... #ForaBolsonaro",0,0.9560219645500184,0.0439780242741107,,Random
URGENTE: Bolsonaro demite Mandetta do Ministério da Saúde; oncologista Nelson Teich vai assumir o cargo,Datena...agora abre a boca pra falar mal .do ex ministro. Que papagaio de pirata.e esse datena.kkkk,2,0.9772564172744752,0.0227435603737831,,Random
"A maioria esmagadora dos brasileiros é contrária à demissão de Mandetta: 76,2% dos entrevistados discordam do afastamento do ministro da Saúde, segundo pesquisa realizada pelo Atlas Político. Vc concorda com o resultado da pesquisa?   via",Não concordo. Mandetta foi mais político que técnico. Quebrou a cara!,1,0.9862713813781738,0.0137285869568586,,Random
"O elogio emocionado de Fernando Haddad a Henrique Mandetta foi a coisa mais bonita da novela viral desde o enlace entre João Dória e Lula da Silva. Se você não entendeu agora o enredo, não vai entender nunca mais.",Não precisa desenhar  só não ver quem não quer,2,0.6301687359809875,0.3698312938213348,,Random
Depois da demissão do Mandetta.  Você ainda apóia o meu papai?   Sim / Não  Se for sim coloque a tag junto #TchauMandetta,"Sim, claro! #TchauMandetta  #ForaMaiaBotafogo",2,0.9896496534347534,0.0103503381833434,,Random
"#Annita Nitazoxanida mais conhecido como “Annita”, vira medicamento controlado após grande procura nas farmácias depois que ministros deram a entender que um vermífugo seria a solução na guerra contra o Covid-19.",Babu líder no dia da demissão de mandetta  pq tudo eh questão de equilíbrio,0,0.9828683137893676,0.0171317532658576,,Random
"Realmente... O cara é digno de ser o novo herói da esquerda e da isentolandia! Mandetta enrolado até o pescoço!      Valeu pelo vídeo,  !","Esse é o Mantreta, Sinistro da Saúde, que em pouco tempo corrompeu até o pico do coronoravírus.",2,0.976021945476532,0.0239780656993389,,Random
"Moro: técnico; Guedes: técnico; Pontes: técnico; Marinho: técnico. Mandetta: POLÍTICO. E onde foi que deu problema? Exato. Mas a narrativa dos ""radicais de centro"" é que Bolsonaro o demitiu por ""vaidade"" ou ""inveja"". Sério?! Moro sempre foi mais popular e continua lá!",A CORRUPÇÃO ESTÁ NO SANGUE DOS POLÍTICOS! #BolsonaroEstavaCerto  #BolsonaroTemRazaoSim  #BolsonaroMaisForteDoQueNunca,2,0.9921942949295044,0.0078057227656245,,Random
"Em sua despedida, Mandetta defende a vida, o SUS e a ciência. Três palavras incompatíveis com o atual governo.",E o Haddad disse tudo:,2,0.8389956951141357,0.1610042601823806,,Random
"""E o Mandetta, a linha dele, como médico, era voltada quase exclusivamente para a vida"", disse Bolsonaro","Caramba, quem diria",2,0.9793264865875244,0.0206735637038946,,Random
"Da série BOLSONARO VERGONHA MUNDIAL.  THE WASHINGTON POST  ""Bolsonaro demite ministro da saude por diferenças no combate ao coronavirus.""   #ForaBolsonaro","#MandettaDemitido   Bolsonaro demitiu Mandetta um homem inteligente , sensato, íntegro e colocou como novo ministro da saúde um zumbi !  Quando a curva do corona virus subir desenfreadamente, o alienado do presidente vai dizer que a culpa agora é  da rede #Globo.   Plin plin",0,0.9577993750572203,0.0422006025910377,,Random
"Eu aqui ainda esperançoso com o Jornalismo Brasileiro esperando a Imprensa noticiar que Mandetta, Médico, desrespeitou a quarentena que ele mesmo defendeu e ajudou a instituir, e provocou aglomerações, inclusive cantado em grupo à curtíssima distância social.  Como sou ingênuo...",Se fosse o Presidente estariam todos caindo de pau !,2,0.9480077624320984,0.0519922450184822,,Random
Bolsonaro tá explicando pq demitiu Mandetta  Pq a MINHA visão é diferente Pq EU sou Presidente O Povo votou em MIM,"Então, o Mandetta era um estrategista político e já fez bastante cagada ao longo de 2019 e algumas em 2020, mas era até que kinda of eficiente... Vamos ver esse novo se vai ser pior, mas espero que non",0,0.9833373427391052,0.0166626647114753,,Random
"Líder do PSB,  , comenta a demissão de Luiz Henrique Mandetta do Ministério da Saúde: “Desde o começo desta crise, Bolsonaro escolheu o caminho da negação e guiou suas decisões pelo achismo, politizando o que deveriam ser ações técnicas com critérios científicos.""","achei que o plantão da Globo seria pra avisar que todo mundo vai morrer, já que o mandetta foi demitido e a gente tá caminhando diretamente pra merda",0,0.989084541797638,0.010915420949459,,Random
Mandetta se despede do #SintaSeEmCasa,Não tem condições as imitações dele HAHAHAHAHAHAHA Muito boas,2,0.9546425342559814,0.0453574769198894,,Random
"Todos que estão elogiando tanto Mandetta (agora) sabem que, indiretamente, estão elogiando a ESCOLHA DE BOLSONARO, né? Então admitem que ele montou uma boa equipe ministerial, ao menos? Ou só os que brigam ou saem se tornam bons?",uhahuauhauhauhahuaauh,2,0.9423065781593324,0.0576934441924095,,Random
"A saída de Mandetta é uma noticia lamentada em boa parte do Brasil, pois conquistou a confiança e o respeito da família brasileira com sua postura técnica. Íntegro, permaneceu até o último minuto servindo ao país.","Mandetta sai com sentimento de dever cumprido, salvou muitas vidas enquanto prevaleceram suas orientações. Obrigado Mandetta, você deixa exemplo para o Brasil e orgulho para o Democratas, de quem tem total apoio e solidariedade.",1,0.9820531010627748,0.017946945503354,,Random
A imprensa e os políticos corruptos defendendo o Mandetta e o Maia. Sinal que o presidente tem razão,eu to chocado que o mandetta foi demitido por ter dado entrevista ao fantástico KKKKKKKKK,0,0.8944882154464722,0.1055118143558502,,Random
"Bolsonaro elogia Teich pela coragem de assumir o ministério e diz qual caminho quer para a gestão: “Soma eu e o Mandetta e divide por dois”. “Não queremos superar a pandemia e depois recorrer ao Paulo Guedes pela questão do desemprego”, completou.","Ai sim, esse é o Bolsonaro que adoramos e o qual apoiamos, talkey?!?  #BolsonaroTemRazaoSim  #FodaSeMerdetta #ForaMaia",2,0.9921289682388306,0.0078710000962018,,Random
"A maioria esmagadora dos brasileiros é contrária à demissão de Mandetta: 76,2% dos entrevistados discordam do afastamento do ministro da Saúde, segundo pesquisa realizada pelo Atlas Político. Vc concorda com o resultado da pesquisa?   via",Onde voce tirou essa mentira de que a maioria dos brasileiros não queriam a saúda do Mandetta? Só pode ser na Globolixo ou no Datalixo.,1,0.0780566483736038,0.9219433665275574,,Random
"O biroliro consegue piorar tudo falando que demitiu o mandetta PORQUE ELE FOCAVA NA SAÚDE e tinham outras coisas que ele como presidente se preocupava, adivinhem o que? A economia",", vamos deixar o nosso presidente, o mandetta foi um excelente ministro,e o ministro Teich, será tão efetivo quanto ele, e saúde e a economia andam lado a lado.",0,0.5931598544120789,0.4068401753902435,,Random
"“Não sou astrólogo”, disse Mandetta hoje. Pois os astrológos estão falando de pandemia e crise mundial desde o meio do ano passado. Os acadêmicos não acertam nem o mês do pico da pandemia nem se o número de mortos vai ser na casa dos milhões ou dos milhares.",Imagina ter um filho e ele acreditar veemente em astrologia,2,0.562116801738739,0.437883198261261,,Incerta
"Bolsonaro demitiu Mandetta por ciúme, inveja e cálculo eleitoral e não foi divórcio consensual coisa nenhuma, mas meras ignorância,  irresponsabilidade, desumanidade e culto à morte, por fazê-lo em pleno pico da pandemia.",O que desabona o novo Ministro? O que você sabe que ninguém sabe? Outra... Se o Mandetta morresse então estaríamos todos condenados a morte?  #ForaMaia,1,0.5416088104248047,0.4583911597728729,,Incerta
"Mandetta, ontem, disse que os piores meses seriam maio e junho. Semanas atrás ele mesmo disse que seriam março e abril.   Ademais, toda semana ouvimos que o colapso da saúde acontecerá ""semana que vem"".   O que mais precisa pra que entendam que fomos feitos de trouxas?",Quem é MANDETTA mesmo?,2,0.438457190990448,0.561542809009552,,Incerta
"João Doria, Witzel, Mandetta, Maia: todos são estadistas preocupados com a pandemia e a ciência. Bolsonaro: só pensa em 2022. Ops!",Ainda lendo essa porcaria de  ?? Eles não falam coisa com coisa e da voz a essas merdas aí..,2,0.5108850002288818,0.4891149997711181,,Incerta
"Acabo de ouvir do presidente Jair Bolsonaro o aviso da minha demissão do Ministério da Saúde.  Quero agradecer a oportunidade que me foi dada, de ser gerente do nosso SUS, de pôr de pé o projeto de melhoria da saúde dos brasileiros e","Única pessoa que fazia um bom trabalho nesse (des)governo e que, por isso, foi demitida.  #mandetta",2,0.563991367816925,0.4360086619853973,,Incerta
"amigo, vangloriar o mandetta é um equívoco: ele fez apenas oq a OMS recomendou e ok Bolsonaro foi contra a OMS porém não podemos vangloriar alguém por ter feito apenas oq competia ao seu cargo.  A demissão dele foi extremamente estratégica pq permite ele de isentar da","responsabilidade e ganhar um mérito e notoriedade midiática (inclusive esse seu tweet é um caso disso) que eu aposto que foi com a  de uma possível candidatura. Num passado bem próximo mandetta apoiou a implantação do teto de gastos, fez lobby a favor dos planos de saúde e",1,0.4392997920513153,0.5607001185417175,,Incerta
"Mandetta n deu Cloroquina à vontade, pq essa droga n tem comprovação de eficácia. Se tivesse, não estaria morrendo tanta gente nos EUA. Agora vcs vão ver o q é bom pra tosse.  Custa raciocinar um pouco? Que desgosto!","Mandetta q se demitiu por n temer hierarquia nem se esforçar p estar alinhado com seu chefe de Estado, ter personalidade é bem diferente de perder a sintonia de quem detém o leme do barco. A sociedade precisa ter noção política q por trás d, existiam Alcolumbre e Maia.",0,0.5848788022994995,0.4151211678981781,,Incerta
"Não e eu tô irritado pq tiraram o Mandetta, esse coco q assumiu é capaz de mandar todo mundo voltar e fodasse a ""gripizinha""","Gente, sério que o Mandetta foi demitido???????  TU NÃO CANSA DE FAZER MERDA Ô CUZÃO ????????",0,0.4023979008197784,0.597602128982544,,Incerta
"Bolsonaro demitiu Mandetta por ciúme, inveja e cálculo eleitoral e não foi divórcio consensual coisa nenhuma, mas meras ignorância,  irresponsabilidade, desumanidade e culto à morte, por fazê-lo em pleno pico da pandemia.","Vcs vivem na ficção BOlSONARO e Mandetta tiveram juntos em Goiás , BOlSONARO ovacionado Mandetta ignorado vc acha mesmo que BOlSONARO tá com inveja de MANDETTA ? BOlSONARO tem um país quebrando nas  mãos e um ministro q passou 60 dias não fez nada só mandou o povo ficar em casa !",1,0.5546262860298157,0.4453737139701843,,Incerta
"Trocar ministro mais popular do governo neste momento (64% de avaliação positiva, contra 39% de Bolsonaro, segundo Atlas Político) reflete o pavor do presidente de que essa popularidade ofusque ainda mais a dele. Nada garante que demissão inverterá o jogo.",Popularidade Felipe? Nessa hora?   Conto com as suas habilidades para esclarecer se ele é mesmo São Mandetta ou Seu Maltretta?,1,0.489714503288269,0.510285496711731,,Incerta
"Bolsonario demitiu um ministro da saúde (com 76% de aprovação popular) no meio de uma pandemia. Deram respaldo à criminosa subsituição de Mandetta por um médico/empresário a elite empresarial, militar e médica de um país onde a vida vale zero.","sim bolsonaro vc tá preocupado com os mais pobres né sabemos super forte seu discurso na live, quem vai morrer não vai ser vc né sim tira o mandetta acredita no seu potencial",0,0.4225031435489654,0.5774968862533569,,Incerta
"Bolsonaro cometeu um erro grave ao demitir Mandetta no meio da pandemia do coronavírus. E errou feio, de novo, ao escolher um ministro da Saúde que não tem qualquer conhecimento sobre o SUS e a realidade do sistema público do país. #BolsonaroVirus",Ele já é um erro e o maior que o Brasil já teve em toda a história.,2,0.5756903290748596,0.424309641122818,,Incerta
"Se o novo ministro da saúde pensa exatamente como o anterior,pq mudar ???",Pq o Mandetta tava doido pra sair e deu entrevista no Fantástico criticando o presidente.,2,0.5191891193389893,0.4808108508586883,,Incerta
Olha só a tristeza do Mandetta depois de ter se livrado do estrupício.,"Olha, beleza que não é um grande defensor do SUS e adora uma privatização, ainda sim, Mandetta não merecia esse Governo, mesmo com suas contradições ele está minimamente a frente da turma do Bozo",2,0.441101610660553,0.558898389339447,,Incerta
"Acabo de ouvir do presidente Jair Bolsonaro o aviso da minha demissão do Ministério da Saúde.  Quero agradecer a oportunidade que me foi dada, de ser gerente do nosso SUS, de pôr de pé o projeto de melhoria da saúde dos brasileiros e",PUTA QUE O PARIU demitiu o Mandetta  Já era,2,0.4857388436794281,0.5142611861228943,,Incerta
Quem era Mandetta antes de virar Ministro da Saúde? O que fez no ministério no período anterior à epidemia?,"Mandetta era um político normal. Sem grande destaque. Mas em um governo tão ruim como este, que o senhor é um dos passadores de pano, fazer o básico transforma a pessoa no melhor ministro da saúde do universo.",1,0.4905429780483246,0.509456992149353,,Incerta
"A torcida contra o medicamento só não disse que o tratamento que está salvando vidas é na fase inicial da doença, não após ir p/ UTI. Tb omitiu da manchete que o protocolo seguido foi o do Ministério da Saúde, que só admite o tratamento tardio. Essa vai para a conta do Mandetta.","Fascinante, afinal, aplaudem o ""protocolo Merdetta"" para a administração da cloroquina (só em estado grave na UTI), mas, estampam à cada morte decorrente dele, como uma tentativa de inviabilizar ao uso da cloroquina. Qual será a intenção?  #BolsonaroTemRazaoSim  #ForaMaia",2,0.5342983603477478,0.4657016098499298,,Incerta
"#ForaMandettaTraira   Eu não fui entrevistada!  Mas posso incluir uma enquete neste post:  Demissão do Mandetta, qual a sua opinião?","Olha aqui senador, uma boa pesquisa para vc",2,0.4373130798339844,0.5626869797706604,,Incerta
"O elogio emocionado de Fernando Haddad a Henrique Mandetta foi a coisa mais bonita da novela viral desde o enlace entre João Dória e Lula da Silva. Se você não entendeu agora o enredo, não vai entender nunca mais.",MANDETTA votou pro impechtman da Dilma e recebe elogios do Haddad pqp mano,1,0.5002636909484863,0.4997362494468689,,Incerta
Tava falando mal do Mandetta até ontem e hoje tá defendendo falando  bem só pq foi mandado embora se decide ne minha fia,"tem campanha pra mandetta presidente em 2022, tão de sacanagem né",0,0.5447534322738647,0.4552465379238128,,Incerta
"Mandetta deixa como legado uma estrutura para que o Brasil possa – com governo federal, estados e municípios unidos – atender da melhor forma possível a sociedade brasileira, principalmente as pessoas que necessitam do SUS.",Vc não nos engana DEPUTADO. Vc só atrapalha o país.,2,0.5882956981658936,0.411704272031784,,Incerta
As viúvas de Mandetta já podem arriar as calcinhas pretas KKK  Dizem as más línguas que são a mais nova dupla de Goiás  Caiado e caído    E só pra lembrar... #ForaMaia,"Só #IntervençãMilitarFederacomBolsonaronoPoder salva o nosso país. Todo o sistema está contaminado. Não adianta tira Maia, Alcolumbre,Gilmar Mendes e Toffoli.  E os outros que são farinha do mesmo saco vão fazer pior como represália. Só não enxerga quem não quer",2,0.5200955271720886,0.4799045324325561,,Incerta
Bolsonaro demitiu o Mandetta. Vai ficar pra História o tamanho do absurdo de demitir um Ministro da Saúde no meio da pandemia porque ele seguiu as recomendações da ciência e da OMS,"namjoon pfv vem salvar nosso país, o nosso presidente é burro",2,0.4138603806495666,0.5861396193504333,,Incerta
"Em sua despedida, Mandetta defende a vida, o SUS e a ciência. Três palavras incompatíveis com o atual governo.","Se o PT defende, sinal que não presta. Próximo!!!",2,0.5292152166366577,0.4707847535610199,,Incerta
"“Eu escolhi minha equipe por currículo..... ” “Nós temos a defesa da vida, a defesa do SUS e a defesa da ciência” Luiz Henrique Mandetta , Ministro da Saúde do Brasil.","EX MINISTRO Mandetta investigado por corrupção no seu estado, inconsequente fechando a economia e não pensando no pobre q precisa trabalhar p sobreviver, efetuou compras superfaturadas, causando desfalque do $ PÚBLICO e terá q responder criminalmente por isso #BolsonaroTemRazao",1,0.4310738146305084,0.5689261555671692,,Incerta
Tudo que está ruim sempre pode piorar,eu achando ruim a saída do mandetta e retuitando paulo coelho. pode acabar o mundo.,2,0.4909419417381286,0.5090580582618713,,Incerta
"“Eu escolhi minha equipe por currículo..... ” “Nós temos a defesa da vida, a defesa do SUS e a defesa da ciência” Luiz Henrique Mandetta , Ministro da Saúde do Brasil.","Mas Bolsonaro não se diz conservador, cristão e de direita?",2,0.4181500375270843,0.5818499326705933,,Incerta
"#Mandetta não é ""herói"". Sempre atuou em favor dos planos privados de saúde. Votou a favor do Teto de Gastos que retirou bilhões do SUS. Foi contra o Mais Médicos e votou pelo golpe. Só não imaginou que sua adesão ao bolsonarismo incluía a negação da ciência. #BolsonaroVírus",Você não decepciona!!  exatamente!! Luiz Henrique Investigado Fraude Licitação e Caixa 2 Mandetta defendeu o óbvio: o isolamento. O colete do SUS foi para aparecer bem na TV.,1,0.4674316048622131,0.5325683951377869,,Incerta
No carnaval de rua Mandetta já era Ministro . Por que ele não alertou   e outros governadores que o Carnaval não era contagiante como disse  e sim contagioso. Ele sempre soube . Ele Mandetta colocou nosso país em risco. Ele é o verdadeiro genocida.,"E o povo Brasileiro pediu p cancelar. Lembro bem do prefeito de BH dizendo: “Vai ter carnaval, sim. O povo é obrigado a só sofrer?”. Kalil",2,0.4825963675975799,0.5174036026000977,,Incerta
"Bolsonaro demitiu Mandetta por ciúme, inveja e cálculo eleitoral e não foi divórcio consensual coisa nenhuma, mas meras ignorância,  irresponsabilidade, desumanidade e culto à morte, por fazê-lo em pleno pico da pandemia.","Tá louco ? Te respeitava muito , até quando não concordava com vc , mas essa manchete é ridícula . Só não ver quem não quer o comportamento do Mandetta nas últimas semanas. Passou para a turminha do quanto pior melhor ?",1,0.5574847459793091,0.4425152540206909,,Incerta
"Mandetta foi escolhido Ministro para destruir o SUS. Começou destruindo o Mais Médicos, expulsando os médicos cubanos, fechando Farmácias Populares, fechou o departamento de HIV, etc.  Tudo que a direita quer agora é um politico ""moderado"" para chamar de seu. Não caiamos nessa.",exato menina. e tem que cair o governo todo,2,0.4626395404338836,0.5373604893684387,,Incerta
"AÍ MANDETTA, LIBERA OS RESULTADOS DOS EXAMES DO BOZO SÓ DE ZUA... CAI ATIRANDO, COWBOY!!!!!!!!!!!!!!!!!!!!!!!!!!!!",Kkkkkkkkkkkkkkk joga logo toda a merda no ventilador,2,0.4593912959098816,0.5406086444854736,,Incerta
"O cara é médico, tá mandando a galera ficar em casa, aí o presidente que nem formado em medicina é tirou o homi porque ele defendia a quarentena. E pra jogar a culpa no Mandetta diz que ele prejudicava o pobre trabalhador. Amadoh, vc tá é preocupado com a economia e empresários.","Qualquer mas depois de falar da vida de pessoas, é canalhice.",2,0.553264319896698,0.4467356503009796,,Incerta
"Aí ver a quadrilha da esquerda juntamente com o ladrão de terras Boulos defender o mesmo Mandetta que eles eram contra em 2018 , a gente já pode saber que ele não é de confiança, toda a raça de bandidos da política agora transformaram Mandetta em deus.","O engraçado é ver esses bandidos defendendo Mandetta, esses filhos da puta vivem aquela famosa frase "" O inimigo do meu inimigo é meu amigo "".",1,0.501404345035553,0.4985956847667694,,Incerta
"Acabo de ouvir do presidente Jair Bolsonaro o aviso da minha demissão do Ministério da Saúde.  Quero agradecer a oportunidade que me foi dada, de ser gerente do nosso SUS, de pôr de pé o projeto de melhoria da saúde dos brasileiros e",Ai um príncipe sabe Esse governo não te merece Mandetta,2,0.4083709716796875,0.5916290283203125,,Incerta
"- Minha solidariedade ao cantor , que vem sendo injusta e covardemente atacado após a grande live que fez dentro de sua própria casa. Ele e outros artistas sertanejos e de demais gêneros, têm sido grandes heróis nessa luta contra a COVID19 e merecem aplausos!","O seu filho da puta do caralho, defender o Mandetta você não quer né, arrombado",2,0.5655574798583984,0.4344425499439239,,Incerta
a Ivy nesse paredão vai fazer o Brasil sorrir,Vai ser a alegria do brasileiro pôs demissão do Mandetta.,2,0.5613701343536377,0.4386298358440399,,Incerta
"Mandetta era um dos poucos desse governo que exaltava a CIÊNCIA, e foi justamente isso que fez Bolsonaro o demitir  Todos sabem que ele não acredita em ciência, é ignorante, não tem capacidade nem de entender os dados que chegam das secretarias de saúde.  É, estamos fodidos!",Fudidassos,2,0.4935493469238281,0.5064505934715271,,Incerta
"Vcs ficam idolatrando o mandetta, golpista, favorável à PEC 55, acabou com mais médicos, praticamente finalizou a farmácia popular, vcs são burros?","Mandetta pode ser bolsominion, corja do Bozo. Mas FOI o único desse desgoverno que fez alguma coisa. Agora cabe os governadores nos salvar, se é que isso tem salvação!",0,0.5014153718948364,0.4985846579074859,,Incerta
"""E o Mandetta, a linha dele, como médico, era voltada quase exclusivamente para a vida"" - Jair Bolsonaro, presidente do Brasil","Oi???? Seria cômico, mas infelizmente é trágico esse Sr. ser o presidente do botequim, ops!!! Presidente do Brasil.",2,0.5623784065246582,0.4376215636730194,,Incerta
"Acabo de ouvir do presidente Jair Bolsonaro o aviso da minha demissão do Ministério da Saúde.  Quero agradecer a oportunidade que me foi dada, de ser gerente do nosso SUS, de pôr de pé o projeto de melhoria da saúde dos brasileiros e",O Mandetta pro Bolsonaro na hora que recebeu o aviso:,2,0.4318743348121643,0.5681256651878357,,Incerta
"Os adolescentes histéricos estão chorando pela demissão do Mandetta por medo de voltarem para escola. Se acalmem crianças, as aulas vão demorar mais um pouco para voltar, primeiro volta o trabalho, que fabrica, transporta e paga o toddynho de vocês.",???? o que eu mais quero é voltar pra escola. Não aguento mais aula online,2,0.4245400428771972,0.5754600167274475,,Incerta
"""E o Mandetta, a linha dele, como médico, era voltada quase exclusivamente para a vida"" - Jair Bolsonaro, presidente do Brasil",Ué e deveria ser voltado pra que? Fdp!,2,0.4165830612182617,0.5834169387817383,,Incerta
"Uma tática recorrente de Bolsonaro é vazar uma informação para desmenti-la depois e pintar a mídia como mentirosa (apenas para, algum tempo depois, fazer exatamente o que havia vazado).  Só acredito na demissão do Mandetta quando for oficial. Porque é insano até para ele.","(""Apenas para, algum tempo depois, fazer exatamente o que havia vazado."")   Esse cara é óbvio demais.",2,0.5279198884963989,0.4720801413059234,,Incerta
"Mandetta, o seu problema foi ter sido técnico demais. Eles querem alguem com um perfil mais ""IDEOLÓGICO"" e que defenda o que é mais valoroso para eles: o sistema financeiro.","Só pelo ""presidanta"" já se tem uma idéia do que seria bom para você, Mandetta fez um estrago maior que o benefício, veremos isso mais adiante.",1,0.5344488620758057,0.4655510783195495,,Incerta
"Líder da Minoria na Câmara, José Guimarães (PT-CE): ""Saída do ministro Mandetta é duro golpe na ciência, na OMS e nas milhares de vidas que precisam ser preservadas! Direito à vida está acima de qualquer outro.  Brasil chora por ser governado por um desqualificado e despreparado""","Rodrigo Maia, pres. da Câmara, correligionário de Mandetta no DEM: Ministro Mandetta deixa legado no Ministério da Saúde, uma estrutura nos estados e municípios, no SUS, p/ que sobre essa base se possa atender da melhor forma possível a sociedade brasileira. Agradeço ao ministro",1,0.583349347114563,0.416650652885437,,Incerta
"Mandetta demitido por fazer o mínimo como Ministro de Saúde, eu sinceramente nem sei mais o que esperar desse governo, um presidente que não aceita que o contrariem, não aceita estar errado, em meio a uma pandemia demitir o MINISTRO DA SAÚDE é de foder!! Estamos FODIDOS.","Cês tem plano funerário? Eu não, melhor fazer",2,0.5633925795555115,0.4366074204444885,,Incerta
"""E o Mandetta, a linha dele, como médico, era voltada quase exclusivamente para a vida"" - Jair Bolsonaro, presidente do Brasil",véi kkkkkkkk e ainda tem retardado que idolatra esse cara kkkkk se fude,2,0.4555804431438446,0.5444196462631226,,Incerta
"Moro: técnico; Guedes: técnico; Pontes: técnico; Marinho: técnico. Mandetta: POLÍTICO. E onde foi que deu problema? Exato. Mas a narrativa dos ""radicais de centro"" é que Bolsonaro o demitiu por ""vaidade"" ou ""inveja"". Sério?! Moro sempre foi mais popular e continua lá!",há duas semanas vc disse que era técnico. e tem duas semanas o andreazza ta defendendo o mandetta.  deve ta tendo ataque de pelanca agora.,1,0.571351170539856,0.4286488592624664,,Incerta
"Vivemos uma Guerra.  A Guerra transcende o mundo real pq vivemos tb uma Guerra Espiritual.  Bolsonaro entrou com uma palavra da Verdade, dita por Jesus.  Mandetta saiu citando a palavra de um bruxo ateu.  Que Deus ilumine nosso entendimento.",Conheceis a verdade e a verdade o libertará,2,0.5812984704971313,0.4187014997005462,,Incerta
"comemorar a saída do mandetta porque ele apoiou o impeachment é muita desonestidade. apesar do histórico lobista dele, usar a ironia num momento tão crítico pra saúde pública brasileira só reforça a necropolítica megalomaníaca bolsonarista","Mandetta demitido do ministério da saúde, nós vamos morrerrrrr",0,0.1448303759098053,0.8551696538925171,,Alta
"Acabo de ouvir do presidente Jair Bolsonaro o aviso da minha demissão do Ministério da Saúde.  Quero agradecer a oportunidade que me foi dada, de ser gerente do nosso SUS, de pôr de pé o projeto de melhoria da saúde dos brasileiros e","Sei lá, é difícil entender as decisões do presidente até aqui. Tenho acompanhado a situação, principalmente através das entrevistas diárias do Ministério da Saúde, e não tenho um A pra falar do Mandetta, um cara que coloca sempre a ciência na frente das decisões.",2,0.133614957332611,0.8663849830627441,,Alta
"Não adianta o presidente Bolsonaro mudar de ministro se permanecer com seus posicionamentos obscurantistas e opostos aos protocolos da OMS e da ciência. Ao demitir o ministro Mandetta, o presidente mostrou efetivamente que está disposto a apostar tudo por seu projeto de poder.",OMS q escondeu do mundo o vírus chinês?,2,0.1927775740623474,0.8072224259376526,,Alta
"""E o Mandetta, a linha dele, como médico, era voltada quase exclusivamente para a vida"", disse Bolsonaro","Puxa, um médico salvando vidas? Quem poderia imaginar não?",2,0.1015672981739044,0.898432731628418,,Alta
"A maioria esmagadora dos brasileiros é contrária à demissão de Mandetta: 76,2% dos entrevistados discordam do afastamento do ministro da Saúde, segundo pesquisa realizada pelo Atlas Político. Vc concorda com o resultado da pesquisa?   via",ENQUETE: VOCÊ FOI A FAVOR DA DEMISSÃO DO MANDETTA?,1,0.1390732526779174,0.8609268069267273,,Alta
"""E o Mandetta, a linha dele, como médico, era voltada quase exclusivamente para a vida"", disse Bolsonaro","Meu Deus ai nao tem como te defender Mandetta, como que você (médico) luta para salvar vidas e não a economia?  rs",2,0.1233672872185707,0.8766326904296875,,Alta
"“Nós não somos astrólogos”, diz Mandetta. É, decidiu cair atirando. Tá errando com essa soberba, também. Cavar a demissão própria e da equipe toda em plena crise é abandonar o paciente. Como li por aí, que o vírus tenha piedade de nós.","vai chora porra? soberba é você demitir alguém por vaidade ideológica, abandonar paciente é você apostar em cura milagrosa e incentivar as pessoas a sair em pandemia contrariando a OMS. o que o mandetta fez foi defender a CIÊNCIA que é a nossa ÚNICA salvação, vai toma no seu cu",2,0.1658016443252563,0.8341983556747437,,Alta
"Em sua despedida, Mandetta defende a vida, o SUS e a ciência. Três palavras incompatíveis com o atual governo.",Mandetta defende a vida é vc o Aborto né Haddad? Safadeza a gente vê por aqui . Já foi a missa aos cultos ? Há e quarentena,1,0.1434683054685592,0.8565317392349243,,Alta
"Os dois são o problema. Pesquise melhor sobre o Mandetta e o que ele defende. Pode ter sido um bom ministro mas n fez mais que sua obrigação e digo mais, forçou ser demitido pq sabe que o pior está por vir","Pois eh, PESQUISEM sobre o MANDETTA antes de idolatrar um cara aue estava fazendo APENAS A OBRIGACAO.",1,0.1959798038005828,0.8040201663970947,,Alta
"""E o Mandetta, a linha dele, como médico, era voltada quase exclusivamente para a vida"", disse Bolsonaro","Porque afinal ele é médico, e não economista genocida. O direito a vida é fundamental, por isso resguardado na Constituição. Não existirá economia se não preservarmos as nossas vidas.",2,0.1414817720651626,0.8585181832313538,,Alta
Mandetta nunca foi flor que se cheire né mas o cara tava mandando bem no MS,"A menina falando no Facebook que o mandetta é um ser humano incrível, aí já forçou demais né",0,0.1109808757901191,0.8890191912651062,,Alta
"Em sua despedida, Mandetta defende a vida, o SUS e a ciência. Três palavras incompatíveis com o atual governo.",Que contradição esse governo.,2,0.1176211386919021,0.8823788166046143,,Alta
"A maioria esmagadora dos brasileiros é contrária à demissão de Mandetta: 76,2% dos entrevistados discordam do afastamento do ministro da Saúde, segundo pesquisa realizada pelo Atlas Político. Vc concorda com o resultado da pesquisa?   via","Fala  serio   ja era para ter mandado embora faz tempo, 80 % dos brasileiros queria que o presidente mandasse o Mandetta    embora e ai minha pesquisa",1,0.1206928491592407,0.8793071508407593,,Alta
"Em sua despedida, Mandetta defende a vida, o SUS e a ciência. Três palavras incompatíveis com o atual governo.","Mandetta contribuiu pro cenário caótico da saúde publica. Não dá pra negar suas escolhas no passado, a questão é que bolso agora tira um privatizador sorrateiro que ao menos está do lado da ciência pra pôr um capacho ideológico no seu lugar. Mas podia ser pior. Podia ser o Terra",2,0.1258983463048935,0.8741016983985901,,Alta
"""E o Mandetta, a linha dele, como médico, era voltada quase exclusivamente para a vida"", disse Bolsonaro",O cara estuda a vida inteira pra ser um médico fudido e ainda é obrigado a ouvir essas coisas,2,0.170542374253273,0.8294575810432434,,Alta
"""E o Mandetta, a linha dele, como médico, era voltada quase exclusivamente para a vida"" - Jair Bolsonaro, presidente do Brasil","""A vida é importante, mas o dinheiro é mais""  Olha sinceramente",2,0.1319676339626312,0.8680323362350464,,Alta
"Acabo de ouvir do presidente Jair Bolsonaro o aviso da minha demissão do Ministério da Saúde.  Quero agradecer a oportunidade que me foi dada, de ser gerente do nosso SUS, de pôr de pé o projeto de melhoria da saúde dos brasileiros e","Obrigada Mandetta pelos serviços prestados em prol da saúde e vida dis brasileiros, sempre baseados em ciência!!! Infelizmente foi priorizada a economia acima das vidas! Deus no proteja sem o seu comando no MS e sua equipe!",2,0.1448434889316558,0.8551564812660217,,Alta
"A demissão do Mandetta é por motivos claros, ele defendia a  ciência, o SUS e o isolamento social pra combater o vírus. Já Bolsonaro só defende o vírus mesmo. #BolsonaroVirus",Mano kkkkkkkkkkkkkkkkkkk pqp,2,0.1280142068862915,0.8719857931137085,,Alta
"""E o Mandetta, a linha dele, como médico, era voltada quase exclusivamente para a vida"", disse Bolsonaro",Como pode um médico ser voltado pra vida? Que absurdo! Fuzila ele...,2,0.1328654438257217,0.8671345710754395,,Alta
"""E o Mandetta, a linha dele, como médico, era voltada quase exclusivamente para a vida"", disse Bolsonaro",onde já se viu um médio que se importa com a vida??? um absurdo,2,0.114372007548809,0.8856279850006104,,Alta
"O Brasil passa por uma pandemia e a preocupação do presidente é como tirar o ministro da Saúde, porque a atuação da pasta tem mais apoio do que o presidente Jair Bolsonaro. Isso mostra a qualidade do governante.",Vc colocou ele lá  Miriam. E agora ?,2,0.1383801698684692,0.861619770526886,,Alta
"""E o Mandetta, a linha dele, como médico, era voltada quase exclusivamente para a vida"" - Jair Bolsonaro, presidente do Brasil","que é muito importante, MAS...  NÃO TEM MAS FILHA DA PUTA, É ISSO MESMO É PRONTO, O QUE É MAIS IMPORTANTE QUE A VIDA ARROMBADO ?",2,0.1461143046617508,0.8538857102394104,,Alta
"""E o Mandetta, a linha dele, como médico, era voltada quase exclusivamente para a vida"", disse Bolsonaro",uma coisa inadmissível para um médico,2,0.1731795817613601,0.8268204927444458,,Alta
"Acabo de ouvir do presidente Jair Bolsonaro o aviso da minha demissão do Ministério da Saúde.  Quero agradecer a oportunidade que me foi dada, de ser gerente do nosso SUS, de pôr de pé o projeto de melhoria da saúde dos brasileiros e",Muito orgulho do seu trabalho Mandetta frente ao Ministério da Saúde! O Brasil e os brasileiros são gratos por tua luta incansável!  Valeu Mandetta!,2,0.1166985183954238,0.8833014369010925,,Alta
Eu voto no Mandetta sem dúvida.,Pode votar...vai ser um excelente gestor kkkk.. pra quem usou 25milhoes do dinheiro público da saúde pra comprar gel lubrificante pra presos...passarem na bunda... pergunta pq. Será que Bolsonaro tá querendo mandar ele embora desde o ano passado hein?!!!,2,0.1322260946035385,0.8677738904953003,,Alta
"Mandetta é do DEM, adorado por Maia, que acha que Guedes não é sério, e foi elogiado até por Haddad, o poste de Lula. Teich era o nome de Guedes desde o começo, não tem partido, nunca se candidatou a nada. Os ""liberais"" estão tristes com a troca por qual motivo exatamente?",Perguntar não ofende! #ForaMaia,2,0.9888522624969482,0.0111477021127939,,Random
"Na tarde desta quinta (16), durante a despedida de Luiz Henrique Mandetta e durante o pronunciamento do presidente Jair Bolsonaro, todas as regiões do Brasil voltaram a ter panelaços:  #JN",E? Imprensa m...,2,0.9852254986763,0.0147745134308934,,Random
"Onix Lorenzoni pro presida ficar livre do DEM no Governo...foi esse Fela da poolta que articulou pra que Rodrigo Maia e Alcolumbre fossem presidente de ambas as casas ,assim como Mandetta foi indicação dele pra saúde,esse mesmo que vazou áudios do presidente lá atrás.",TOMA CUIDADO TBM ONIX ESTAMOS DE OLHO EM VCVC NÃO QUER VIRAR JUDAS QUER #ForaMaia,2,0.9612962007522584,0.0387038588523864,,Random
Pelo menos o mandetta vai poder ver a live do Nxzero e da Ivete Sangalo,"""A ciência é como uma vela na escuridão""  (Mandetta)",0,0.9713095426559448,0.0286904089152812,,Random
"Nelson Teich  O novo Ministro da Saúde nomeado pelo Presidente genocida,  Nelson Teich,  Já discursou mais de 5 MINUTOS, e ainda NÃO falou a palavra SUS...  #TamosFerrados !!!","Ele nem sabe o que é o SUS. O MANDETTA só aprendeu com a PANDEMIA, este vai aprender no PÂNICO, CADA VEZ MAIS INEVITÁVEL.",2,0.0730843096971511,0.9269156455993652,,Random
"Daqui a duas semanas as mortes cairão, os comércios irão começar a abrir, a economia reagir, os hospitais estarão mais equipados e diversas denúncias de super faturamento virão a tona. Ninguém se lembrará de Mandetta. Somos grandes, somos fortes.  #ForaMaia",Mandetta vai ser preso por corrupção anotem ai.  #ForaMaia,1,0.971120297908783,0.0288797467947006,,Random
Witzel é detonado no Twitter por crítica a demissão de Mandetta,"Pior, ele saiu do isolamento, apenas 4 dias depois de ser diagnosticado, colocando em risco a vida de 1 terço da humanidade e de TODO BRASIL (kkk). Na época em que nosso presidente saia, sem nunca ter sido infectado, era assim que a globolixo noticiava. Não podia passar em branco",2,0.9246454238891602,0.0753546059131622,,Random
"Após a saída do Mandetta, quem deveria ser o próximo a abandonar a vida pública? Comente!","No congresso, todos de A a Z.",2,0.9824658632278442,0.0175340920686721,,Random
"O DEM conseguiu (pelo menos no curto prazo) criar uma figura competitiva eleitoralmente para um pleito nacional  Porém acredito que passada a pandemia, a figura do Mandetta será esquecida",Demissão de Mandetta por Bolsonaro faz explodir panelaço no Rio,0,0.989267110824585,0.0107329245656728,,Random
"Ele é o adulto.  O Mandetta era o adulto.  O Caiado. O infantil e louco é o asqueroso q está na presidência, sua família miliciana e a ala psiquiátrica.",Cala boca doente! O cara é corrupto O Mandetta ta sendo processado por desvio de verba é tu acha que estão preucupados com alguém?  Vai tratar esse síndrome de Estocolmo!,1,0.9686515927314758,0.0313484296202659,,Random
"É sério que o  demitiu o Mandetta? Minhas expectativas já eram ruins pra esse governo, mas olha, se superou esse presidente de vocês. Parabéns pro eleitorado.","""hoje é dia de alegria"" ""visão de Mandetta era da Saúde, da vida""  Eu nunca me senti tão entregue à minha própria sorte. Tão ameaçado pelos donos do poder. A vontade é estocar toda comida que eu achar e fugir pro mato com a família.",0,0.985316812992096,0.0146831506863236,,Random
COMO ASSIM O MANDETTA FOI DEMITIDO Q PORRA EH ESSA,"Assista a ""Dossiê: MandettaGate - Bill GATES e Mandetta trabalhando JUNTOS = Caso para FBI+CIA+INTERPOL - EP178"" no YouTube",0,0.9843485951423644,0.0156514346599578,,Random
Esse cara é um bosta mesmo,Vamos voltar a malhar o Mandetta. Golpista safado!,0,0.6011965870857239,0.3988033533096313,,Random
"Não desmereço o trabalho do Min. Mandetta, mas é incrível como ele de repente virou “o caminho, a verdade e a vida” para opositores do governo e grande parte da imprensa. Da parte dele,  ficou evidente que aceitou envaidecido essa polarização com o presidente. Assim é a política.",Quem era Mandetta antes do Covid-19?,1,0.9402791261672974,0.0597208812832832,,Random
Demissão de Mandetta é rejeitada por 76% dos brasileiros,Eu! Acho que ñ era hora! Deus nos proteja!,2,0.9481475949287416,0.0518524274230003,,Random
"Em sua despedida, Mandetta defende a vida, o SUS e a ciência. Três palavras incompatíveis com o atual governo.","demitido por fazer um trabalho minimamente aceitável, coisa que o governo inteiro não chegou nem perto de fazer",2,0.6676596403121948,0.3323403298854828,,Random
URGENTE: Bolsonaro demite Mandetta do Ministério da Saúde; oncologista Nelson Teich vai assumir o cargo,PORRA DO CARALHO,2,0.9739779233932496,0.0260220430791378,,Random
VAI MANDETTA!  Não tenho golpista que compõe governo miliciano de estimação. A única diferença entre Madetta e outros asseclas de Bolsonaro é que ele sabe que a terra não é plana.   #ForaBolsonaro,"agora é a hora de chutar cachorro morto, vamo la glr",2,0.9307005405426024,0.0692993849515914,,Random
Até o Mandetta já saiu e a Ivy nada...,Tá pior que o coronga que não vai embora,2,0.6757495999336243,0.3242504000663757,,Random
"A maioria esmagadora dos brasileiros é contrária à demissão de Mandetta: 76,2% dos entrevistados discordam do afastamento do ministro da Saúde, segundo pesquisa realizada pelo Atlas Político. Vc concorda com o resultado da pesquisa?   via","O MINISTRO MANDETTA, INICIOU SEU MINISTÉRIO APOIANDO NOSSO PRESIDENTE. TERMINOU SEU MANDATO APOIANDO TRAIDORES DO BRASIL. #MandettaDEMITIDO  #UnidosComBolsonaro",1,0.9747605323791504,0.0252394806593656,,Random
"Mandetta sobe, Bolsonaro desce","Em franca campanha de Mandetta, extrema-imprensa sai em sua defesa.",2,0.9928991794586182,0.0071008787490427,,Random
"Eu não vou torcer para que o nome que o Bolsonaro indique para a pasta da saúde seja bom. Eu vou fiscalizar e criticar isso sim. E muito menos cairei na espiral de silêncio do ""Vou confiar no presidente"".   Avisamos quando o Mandetta foi COGITADO e olha no que deu.","É indiscutível a maestria de Mandetta diante da Pandemia,lidando não somente com a crise no SUS mas tbm com as tolices do Presidente. Mas meus elogios a ele só se limitam a isso,pq minha memória não é curta,e eu sei o que estava sendo feito antes da Saúde se resumir em Covid-19.",0,0.5811392068862915,0.4188607931137085,,Random
Espero que  e  usem do Poder concedido pelo povo para frear as loucuras do Bolsonaro! Demitir Mandetta por ele estar certo é o mesmo que dizer que se não falar do vírus ele deixa de existir! #ForaBolsonaro #MandettaTemRazao #FicaMandetta,mandetta mimimimimimi pqp ja ta chato!,0,0.9886655807495116,0.01133444160223,,Random
"Se lhe restava qualquer dúvida sobre a necessidade da saída do ministro Mandetta, ela acaba de ser dirimida.","Remédios que mostraram eficácia no tratamento do coronavírus, foram proibidos nas farmácias. Isto procede?",2,0.9891429543495178,0.010857006534934,,Random
"""Médicos renomados foram convidados e, não só dizeram não como ligaram pro Mandetta pra dizer que recusaram."" Esse ministro escolhido é a reserva do fusa.",eu nunca vou perdoar o bozo por me fazer GOSTAR do mandetta e realmente SOFRER com a demissão dele,0,0.9876558780670166,0.0123441442847251,,Random
"O presidente do nosso país come merda e vcs elegeram ele.Tão satisfeitos?Bolsonaro vai matar milhares de pessoas no Brasil por conta da estupidez dele contra o isolamento.Já não basta demitir o Mandetta,já lançou pro substituto como ele quer q o cara aja.Vai tomar no seu cu,Jair!",gnt ces tem noção do perigo q a gnt tá correndo agr q o mandetta foi demitido???????,0,0.486627995967865,0.513372004032135,,Incerta
"É tão surreal que chega a ser indescritível. Bolsonaro disse na coletiva: “as medidas do Mandetta, como médico que é, olhavam mais a questão da saúde. E nós queremos outra coisa”  O cara passou recibo de genocida.",Se fosse um esquerdista falando uma coisa dessas já tinha sofrido impeachment ou coisa assim. Mesmo q não fosse eleito. Mesmo q não fosse político.,2,0.5301022529602051,0.4698978364467621,,Incerta
"qm matou muita gente foi bolsonaro com essa decisao de tirar mandetta, bom só aguarde, os números vão subir o acéfalo vai falar, é coisa da GLOBO. kkkkkkkkkkkkkkkkkk","Mandetta era cura por acaso? Deixa de falar merda, com ele ou sem ele vai morrer pessoas todos os dias.",1,0.4966422021389007,0.5033577680587769,,Incerta
"A pasta da Saúde, por si só, é 1 enorme desafio.Mandetta o encarou de frente, com coragem e correição. Sai do Ministério com credibilidade fortalecida pela ciência. Agora, nos resta desejar q o novo Min. encontre a solução necessária para q possamos superar esta difícil travessia","Em sã consciência, nenhum governante sério mudaria o seu ministro da saúde no momento de uma pandemia global, sem infraestrutura alguma e, com perigo de morte iminente pros infectados. É muito desprezo pela vida humana!",2,0.4387668073177337,0.5612331628799438,,Incerta
"Em meio a uma PANDEMIA, onde os líderes do mundo estão focados em combater o coronavírus, Bolsonaro faz o oposto, demite o ministro da saúde - que vinha fazendo um EXCELENTE trabalho - por pura ignorância, já que ele não acredita na quarentena.  Sério, to se saco cheio de animal!","Excelente trabalho ele nao vinha fazendo nao, é um ministro bem mediano pra ruim, é q o parametro atual nao ajuda Da pra criticar a demissão do cara sem endeusá-lo",2,0.4887172281742096,0.5112828016281128,,Incerta
"Nelson Teich, novo Ministro da Saúde: empresário, amigo de Paulo Guedes, consultor de hospitais de luxo e nenhum dia como gestor de saúde pública (segundo seu currículo oficial). Alguém acha que ele vai lembrar dos 150 milhões de brasileiros que dependem do SUS?","Nelson Teich, novo ministro da saúde:  ele ja iria ocupar o cargo desde o início, porém o Bolsonaro optou pelo Mandetta.  Formado na UERJ Especialização em oncologia no Inca Fundou e comandou o COI (grupo clínicas oncológicas integradas)",2,0.5225063562393188,0.4774936437606811,,Incerta
"A maioria esmagadora dos brasileiros é contrária à demissão de Mandetta: 76,2% dos entrevistados discordam do afastamento do ministro da Saúde, segundo pesquisa realizada pelo Atlas Político. Vc concorda com o resultado da pesquisa?   via",De onde vc tirou Isso? Mandetta foi tarde,1,0.407337874174118,0.5926621556282043,,Incerta
Globo oposição total deixa claro que Mandetta foi demitido por Bolsonaro. A Band é o meio colocando que ele caiu e nome do sucessor. A Record lambe-botas coloca só o nome do novo Ministro da Saúde. Bom e o SBT é o SBT...,KKKKKKKK o SBT mds,2,0.5514737367630005,0.4485262334346771,,Incerta
Que capitão mudaria o líder de sua tropa em meio a uma guerra (crise) mundial? A única resposta que (infelizmente) cabe: Bolsonaro. Preocupante a demissão de Mandetta. O motivo: inveja do protagonismo assertivo do ministro em seguir os protocolos da OMS. Vergonha desse presidente,João não plante o que vc poderá colher no seu futuro.,2,0.5554223656654358,0.444577693939209,,Incerta
"A maioria esmagadora dos brasileiros é contrária à demissão de Mandetta: 76,2% dos entrevistados discordam do afastamento do ministro da Saúde, segundo pesquisa realizada pelo Atlas Político. Vc concorda com o resultado da pesquisa?   via",Te respondo com essa enquete que você mesmo devia fazer: Você concordou com a Demissão de Mandetta ?,1,0.4247772395610809,0.5752227306365967,,Incerta
Só o João Tranca Rua para acreditar na OMS.  Mandetta saiu e já foi tarde.,E tu também cai fora comunistas!!!,2,0.4190146625041961,0.5809853672981262,,Incerta
"A maioria esmagadora dos brasileiros é contrária à demissão de Mandetta: 76,2% dos entrevistados discordam do afastamento do ministro da Saúde, segundo pesquisa realizada pelo Atlas Político. Vc concorda com o resultado da pesquisa?   via","MANDETTA NUNCA FOI MAIS POPULAR DO QUE O PRESIDENTE BOLSONARO, ESSA ESTATÍSTICA TÁ TOTALMENTE ERRADA !",1,0.5013831853866577,0.4986168146133423,,Incerta
MEU DEUS DO CÉU   O BRASILEIRO NÃO TEM UM DIA DE PAZZZZZZ #bbb20 não acredito q a IVY CONSEGUIUUUUUUUU,"De dia mandetta demitido, a noite ivy líder ahaaa vai te danar",2,0.5196210145950317,0.4803790152072906,,Incerta
"""E o Mandetta, a linha dele, como médico, era voltada quase exclusivamente para a vida"", disse Bolsonaro",Mas não é esse o juramento que os médicos fazem quando se formam? Salvar vidas?,2,0.4497838318347931,0.5502161979675293,,Incerta
Vamos aproveitar o embalo que o presidente demitiu o Mandetta e bora demitir o presidente também?,"SÃO MANDETTA!!!  Você sabe o que a Imprensa paga fala do Mandetta, mas o que ela esconde você sabe? Se o Mandetta for demitido você precisa saber porque para não não engambelado mais uma vez.",0,0.5299867987632751,0.4700131416320801,,Incerta
"""E o Mandetta, a linha dele, como médico, era voltada quase exclusivamente para a vida"", disse Bolsonaro","Ainda bem! Um cara gastar 8 anos da vida fazendo graduação de Medicina + especializações, e ir contra a vida das pessoas! É pedir pra ter registro de médico cassado! #ForaBolsonaro",2,0.4616123139858246,0.538387656211853,,Incerta
"De todos os problemas de personalismo que afetam a esquerda, nunca pensei que um deles seria quanto ao Mandetta - do DEM. Há como lamentar que estamos indo de mal a pior sem esquecer da parte de que estava mal pra começar...",Pergunta sincera: por que a esquerda tem essa tendência de discurso derrotista? Sei que sempre “são tempos sombrios” e etc mas sinceramente não consigo entender essa postura,2,0.5667170286178589,0.4332829415798187,,Incerta
"Se até o Ministro da Saúde Mandetta foi demitido nessa quarentena, imagina eu....",Vc é chefe!,2,0.5238785743713379,0.4761214256286621,,Incerta
faria uma transfusão de sangue,"Ele não, mas o Mandetta eu faria sim kkkk",2,0.5201177597045898,0.4798822700977325,,Incerta
Mandetta deixa ministério cantando.,com o salario dele ate eu sairia cantando,2,0.5453776717185974,0.4546222984790802,,Incerta
"Na verdade, era óbvio que incluía a ""negação da ciência"". O que ele não imaginou é que teríamos uma situação extrema com um presidente jogando a população pra morte.","O povo do Pt fica nesta lenga lenga contra o Mandetta, repetem sempre a mesma coisa...Pelo menos o Freixo, que é do Psol, tem um discurso diferente. Ele foi contra os mais médicos cubanos, direito dele.",1,0.5178700089454651,0.4821299314498901,,Incerta
"Em sua despedida, Mandetta defende a vida, o SUS e a ciência. Três palavras incompatíveis com o atual governo.",Ainda muito chocada com ele defendendo o SUS,2,0.5579328536987305,0.4420671463012695,,Incerta
"Acabo de ouvir do presidente Jair Bolsonaro o aviso da minha demissão do Ministério da Saúde.  Quero agradecer a oportunidade que me foi dada, de ser gerente do nosso SUS, de pôr de pé o projeto de melhoria da saúde dos brasileiros e","demitido por fazer as coisas certas, demitido por ter colocado em prática o que aprendeu na faculdade: SALVAR VIDAS!!  Mandetta pode considerar-se um Herói; enquanto o ainda presidente do Brasil  um covarde e candidato a genocída.  Lamentável!!",2,0.4480908513069153,0.5519091486930847,,Incerta
"mandetta foi demitido pelo Bolsonaro por simplesmente não concordar com as atitudes e nem acatar as decisões que colocam em risco a saúde dos brasileiros, Bolsonaro, além de burro, é um mimado inconsequente, como puderam colocar um acéfalo ignorante desses na presidência do país?",E vocês seguem defendendo. Seus irresponsáveis.,2,0.5440207123756409,0.4559793472290039,,Incerta
"“O Brasil, quero deixar bem claro, não merece o que Rodrigo Maia está fazendo. O Brasil não merece a atuação dele na Câmara. Não é o Parlamento, é a atuação dele. Rodrigo Maia, péssima a sua atuação.” (Jair Bolsonaro, para desviar a atenção sobre a saída de Mandetta do governo)",Atuação boa era a sua na Câmara Dormindo e babando,2,0.502849817276001,0.4971501231193542,,Incerta
"Presidente trocou Mandetta por um nome que pensa EXATAMENTE como Mandetta. Pura politicagem, ciumeira. Agora o min Saúde terá de trocar toda sua equipe e prejudicar o combate ao corona porque Bolsonaro está mais preocupado com a própria popularidade do que com o país. VERGONHA!","Vc está criticando o PR por pura politicagem, e acha que está cheio de moral pra fazer críticas. Que inocência a minha em pensar que fazia parte de uma nova política. Vc está parecendo o Nando Moura.",2,0.4450873732566833,0.5549126267433167,,Incerta
"Kkkk rindo dos bozomaniacos! Jair conseguiu a proeza de transformar um político inexpressivo do DEM, que votou pelo impeachment de Dilma, ligado aos planos de saúde, no maior defensor do SUS, um quase novo Oswaldo Cruz. Uma proeza. Capaz de ainda ganhar as próximas eleições!!kk",Na sua cabeça né kkkk #ForaMaia #ForaMaia,1,0.4696842133998871,0.5303158164024353,,Incerta
Cara eu vou defender quem votou nele. realmente ele fez decisões erradas como a do mandetta mas é plausivel quem votou nele,"É plausível votar num genocida, palmas pra essa mente brilhante e vai tomar no seu cu",2,0.5420252084732056,0.4579747021198272,,Incerta
"Rafa você concordou com essa demissão sério msm?? Tipo eu n sou mtt ligado nesse negócio de política e tal, mas me pareceu meio absurdo oq aconteceu hj e ver a galera ironizando um cara fazendo um grande trabalho, espero que independente de tudo agt consiga sair dessa","Antes eu era totalmente contra, mas o Mandetta cavou a própria cova. Também não sou muito ligado a política não, mas sei acho que dá pra perceber quando alguém quer te ferrar. Mandetta poderia muito bem conseguir trabalhar sem politicagem, mas parece que o DEM falou mais alto.",2,0.577824592590332,0.4221754670143127,,Incerta
Brasil é surreal. Mandetta saiu antes da Ivy....,Tem que ver isso aí,2,0.4225204885005951,0.5774795413017273,,Incerta
Quais as novas?,Tiraram o Mandetta do Ministério da Saúde   e a í ?,2,0.5575337409973145,0.4424662292003631,,Incerta
fiquem em casa galerinha,a gnt sem o Mandetta,2,0.5829512476921082,0.4170488119125366,,Incerta
Bolsonaro demitiu o Mandetta. Vai ficar pra História o tamanho do absurdo de demitir um Ministro da Saúde no meio da pandemia porque ele seguiu as recomendações da ciência e da OMS,presidente acéfalo esse hein... o ódio que eu sinto eh algo indescritível...,2,0.4304372668266296,0.5695627331733704,,Incerta
"Na saída do , Mandetta dá uma série de recados a Bolsonaro. Declarou que foi dissuadido em diversos momentos por subordinados. Ao final, orientou os servidores da pasta a fazer ""defesa intransigente"" à vida, ao SUS e à ciência. ""Esse é o caminho da verdade"", disse.",Mandetta defendendo SUS? Quem diria.,1,0.4334507584571838,0.5665492415428162,,Incerta
Mandetta deixa ministério cantando.,"cantando, abraçando, beijando  kkkkkkk",2,0.5946459770202637,0.4053539931774139,,Incerta
Meu pai aqui emocionado q o mandetta foi demitido falando q o cara so falava em morte morte morte TALVEZ SEJA PQ TEM GENTE MORRENDO PRA CARALHO E ELE TEM QUE FALAR SIM QUERIA Q ELE FALASSE OQ PORRA,Queria que ele falasse oque ? Futebol ?,2,0.4266407787799835,0.5733592510223389,,Incerta
"Acabo de ouvir do presidente Jair Bolsonaro o aviso da minha demissão do Ministério da Saúde.  Quero agradecer a oportunidade que me foi dada, de ser gerente do nosso SUS, de pôr de pé o projeto de melhoria da saúde dos brasileiros e","Eu só queria achar um motivo pra essa demissão além de ciúmes (porque o Mandetta tava fazendo ""mais sucesso"") e birra (porque o Bonoro fala que é gripezinha e o ex ministro não aceita)",2,0.508821964263916,0.4911780059337616,,Incerta
"assustou, né??",Gente do céu oq é a Síndrome de Estocolmo Tô achando o Mandetta BEM GATO,2,0.4256336092948913,0.5743664503097534,,Incerta
"Mandetta volta pra Câmara. Não deixa de ter um salário polpudo pago por contribuintes, junto de todas as regalias que tem um parlamentar.   Mas a discussão da sua demissão não era essa. Era pelo trabalho que vinha realizando no Ministério da Saúde durante a pandemia.","Tá, tá,  a gente zuou a carta do Temer. Mas vcs se deram conta de que o meme do Ciro serve perfeitamente pra demissão do Mandetta?  ""Você falou no Fantástico sozinho, foi na love do Jorge e Mateus e não me chamou...""",0,0.5139583349227905,0.4860416650772095,,Incerta
"Aqui matutando. Que Bozo infernizou Mandetta é certo e q Mandetta peitou Bozo, também. Mas terá sido por coragem ou por conveniência? Se tem alguém com informação privilegiada no Brasil, sobre a real situação com o Covid19, esse alguém é Mandetta.","Olha, tua desconfiança não é de se descartar. Mas quando agente vê que nos EUA morreram quase 4.600 num único dia, imagina aqui? Nesse contexto, a saída do Mandetta, pra mim, foi por briga da ciência x ignorância.",1,0.594981849193573,0.405018150806427,,Incerta
bolsonaro é tão burro de demitir o mandetta,bolsonaro é tão burro pra ser presidente**,2,0.5872278809547424,0.4127720892429352,,Incerta
"Garoto, pegunte ao Mandetta, porque detonou a Prevent Sênior? Pergunte porque nunca permitiu em divulgar números de Pessoas Curadas. PQ só o Pânico com assessoria vocês que passaram a ser Médicos tb. Pergunte PQ votou contra a PEC da Saúde? PQ liberou o Carnaval, entre outras.","Vai lá, Felipe   faz essas perguntas ao ex Ministro! E, outra coisa, você anda há algum tempo com pouca inteligência...",2,0.5284021496772766,0.4715978801250458,,Incerta
"Em sua despedida, Mandetta defende a vida, o SUS e a ciência. Três palavras incompatíveis com o atual governo.","Nossa, de repente o mandetta se tornou o melhor homem da Terra... que incrível",1,0.5435589551925659,0.4564410448074341,,Incerta
Quem era Mandetta antes de virar Ministro da Saúde? O que fez no ministério no período anterior à epidemia?,"A gente precisa direcionar essa pergunta ao , que o nomeou e foi chefe dele por todo esse tempo.",2,0.4056518971920013,0.5943480134010315,,Incerta
"Prevaleceu a inveja sentida pelo chefe mimado. Jair Bolsonaro, em vez de reconhecer que desdenhou do coronavírus, demitiu Mandetta por não ter se curvado à sua estupidez durante a pandemia. O bolsonarismo fritou o ministro da Saúde nas redes e no zap porque teme sua popularidade.",O bosta inveja nada  Mandetta e um traira igual vc e sua bonecaDoriana,1,0.4939815402030945,0.5060184597969055,,Incerta
"A pasta da Saúde, por si só, é 1 enorme desafio.Mandetta o encarou de frente, com coragem e correição. Sai do Ministério com credibilidade fortalecida pela ciência. Agora, nos resta desejar q o novo Min. encontre a solução necessária para q possamos superar esta difícil travessia","Lista p gente Sr deputada  ,quais os feitos e baseada em qual ""ciência""foram os feitos d  Mandetta à frente da pasta..",1,0.4141347110271454,0.585865318775177,,Incerta
"Em sua despedida, Mandetta defende a vida, o SUS e a ciência. Três palavras incompatíveis com o atual governo.",toma no seu cu haddad se vc tivesse se retirado da eleição ao invés de ser usado com fantoche bolsonaro não seria presidente hj,2,0.4139114618301391,0.5860884785652161,,Incerta
"""E o Mandetta, a linha dele, como médico, era voltada quase exclusivamente para a vida"", disse Bolsonaro","É.. diferente do Teich, o cara foco só na saúde memo que era mais interessante, mais importante o que realmente poderia ajudar caso precisassem!! Vsf, Sr Jair.",2,0.4462588131427765,0.5537412166595459,,Incerta
Esse é o sucessor de Mandetta no Ministério da Saúde #BolsonaroVirus,"Ue, ele falou alguma mentira ?",2,0.5757197141647339,0.4242802262306213,,Incerta
"Em sua despedida, Mandetta defende a vida, o SUS e a ciência. Três palavras incompatíveis com o atual governo.",Rapaz.... se esse sujeito me elogia eu pulo de um viaduto de tanta vergonha.... que bosta hein Mandetta...,1,0.5880066156387329,0.4119933545589447,,Incerta
"""E o Mandetta, a linha dele, como médico, era voltada quase exclusivamente para a vida"", disse Bolsonaro",Pois é onde ja se viu um medico cuidar de vidas? Que velho arrombado,2,0.1102267727255821,0.8897732496261597,,Alta
"Essa demissão do Mandetta foi um capricho do presidente, não é hora pra isso. Cada dia ele se mostra mais preocupado com seus próprios interesses do que com o povo brasileiro.",Mas a pergunta é: o q ele faz que n é por puro capricho e sem pensar no povo?,2,0.1729183495044708,0.8270816802978516,,Alta
"Não que Mandetta fosse a reencarnação de Clementino Fraga; longe disso, até.  Mas o que se desenha aí é a 'weintraubização' da saúde.",Foi Mandetta que acabou com o Mais Médicos?,1,0.196782648563385,0.8032174110412598,,Alta
"A maioria esmagadora dos brasileiros é contrária à demissão de Mandetta: 76,2% dos entrevistados discordam do afastamento do ministro da Saúde, segundo pesquisa realizada pelo Atlas Político. Vc concorda com o resultado da pesquisa?   via","E senador essa é a mesma pesquisa k o Sr contestou na eleição , porque acreditar agora.",2,0.1249139457941055,0.8750860095024109,,Alta
"""E o Mandetta, a linha dele, como médico, era voltada quase exclusivamente para a vida"" - Jair Bolsonaro, presidente do Brasil",hahahahahahhaha ELE É MÉDICO OTARIO,2,0.1101220920681953,0.88987797498703,,Alta
"O ministro Mandetta é um raio de lucidez numa tempestade de devaneios no discurso do governo sobre estratégias de combate ao coronavírus. Se sair, será uma perda pro país e nos retirará do rumo das orientações da OMS com consequências que podem ser trágicas.","Com ou sem panelaço, Mandetta rodou.  Deputado, seu novo Ministro da Saúde é Nelson Teich, com ou sem choro.",1,0.1115842834115028,0.8884157538414001,,Alta
"Mandetta cai porque enfrentou a pandemia com responsabilidade, e Bolsonaro não tolera isso. O presidente da República está derrubando toda a cúpula do Ministério da Saúde em meio à mais grave crise sanitária da história. É um genocida.",Pq o freixo n é presidente mesmo?,2,0.1433952748775482,0.8566046953201294,,Alta
"Ué, tá reclamando? Não foi vc mesmo que o indicou como um nome muito melhor que o Mandetta quando este foi anunciado em 2018? Kkkkkkkkkkk","Vcs conseguem imaginar a cabeça desse cara, o lar em que ele cresceu, sua formação como cidadão. Não precisa muita pesquisa, é observar o passado de seu pai, como ele pensava, agia, que vc conseguirá entender a mente perturbada do Sr. Luis Fernando Cagnin Moura.",2,0.1091842204332351,0.8908157348632812,,Alta
"""E o Mandetta, a linha dele, como médico, era voltada quase exclusivamente para a vida"" - Jair Bolsonaro, presidente do Brasil","puta merda, ele realmente enxerga isso como um PROBLEMA. priorizar a vida das pessoas é um motivo pra DEMISSÃO. inacreditável",2,0.102411463856697,0.8975886106491089,,Alta
palhaçada vcs relacionando a demissão do mandetta c o impeachment da Dilma,Preguiça ver vcs defendendo o mandetta,0,0.1186508163809776,0.8813492655754089,,Alta
"Não é questão de incompetência, ele fez uma experiência na qual não deu certo de primeira, isso acontece afinal quem nunca errou. Mas que bom que o presidente e aberto para corrigir os seus erros. Mandetta era um médico deputado, esse é somente um médico, formado em Harvard.","e se você já acha ruim o fato do Mandetta ser deputado, eu já imagino as críticas ferrenhas que você deve ter sobre quem foi deputado federal por SETE mandatos, como o presidente, hehehe.",1,0.1291714906692505,0.8708284497261047,,Alta
Minha raiva que esse Mandetta vai vir candidato pelo DEM e vai ganhar pq virou mártir desse governo de tresloucados e vai continuar fazendo lobby anti SUS e pro plano de saúde.,"Tal qual Hélder q possivelmente já garantiu a reeleição pela atuação na saúde, mas q a pauta principal do governo dele continua sendo o combate a violência daquele jeitinho repressor e punitivista q todas já sabem",2,0.1114625036716461,0.8885375261306763,,Alta
"A GLOBO NEWS...VULGO #GloboLixo ESTÁ EM LAGRIMAS...É CHORO PRA TODO LADO,NOSSA SAÚDE ESTÁ EM RISCO SE O MANDETTA SAIR",Caiuuuuuuu!!! Sai o Ortopedista Mandetta! assume o Oncologista Nelson Taich!  Deus Abençoe o novo ministro!!,0,0.1807213872671127,0.8192785382270813,,Alta
Médico oncologista defende o que chama de 'isolamento inteligente' e não acha que a defesa da saúde e da economia sejam excludentes.,Teoria do isolamento eclético,2,0.1148905456066131,0.8851094245910645,,Alta
"""E o Mandetta, a linha dele, como médico, era voltada quase exclusivamente para a vida"", disse Bolsonaro","É verdade, odeio médico que se compromete totalmente a favor da vida",2,0.1586923897266388,0.8413076400756836,,Alta
Ok vou dar minha opinião sobre esse assunto do Ministro Mandetta: Se trabalhasse para mim seria demitido. Não sou técnico o suficiente  para pesar as qualidades. Mas uma coisa é certa. Este momento precisa de união e não traição.,"Não pagar os salários de quem trabalha pra enriquecer patrão, é união ou traição?",2,0.163311019539833,0.8366889953613281,,Alta
ainda não consigo acreditar que o Mandetta saiu antes da Ivy,não to crendo,2,0.10565996915102,0.8943400382995605,,Alta
"Mandetta caminha pra ser demitido. Nao gosto de falar de politica aqui, pq e igual falar de BBB, vira uma discussão violenta sem filtro. Mas eu nunca vi uma decisão tão inapropiada pra esse momento. Governo  sem bom senso nenhum pra administrar uma pandemia.",sem bom senso para qualquer coisa.,2,0.1000424847006797,0.8999574780464172,,Alta
"""E o Mandetta, a linha dele, como médico, era voltada quase exclusivamente para a vida"" - Jair Bolsonaro, presidente do Brasil",Bolsonaro explicando que demitiu o ministro da Saúde porque “a linha dele... era voltada quase exclusivamente para a questão da vida” e isso “não afinava com a ideia do presidente”.,2,0.197477787733078,0.8025221824645996,,Alta
"Não adianta o presidente Bolsonaro mudar de ministro se permanecer com seus posicionamentos obscurantistas e opostos aos protocolos da OMS e da ciência. Ao demitir o ministro Mandetta, o presidente mostrou efetivamente que está disposto a apostar tudo por seu projeto de poder.","Só uma anta para acreditar que a OMS se utiliza de critérios técnicos científicos, kkkk",2,0.1195441931486129,0.8804558515548706,,Alta
"""E o Mandetta, a linha dele, como médico, era voltada quase exclusivamente para a vida"", disse Bolsonaro",motivo da demissão do médico: se preocupar com vidas   ¯\_(ツ)_/¯,2,0.1508719623088836,0.849128007888794,,Alta
"""E o Mandetta, a linha dele, como médico, era voltada quase exclusivamente para a vida"", disse Bolsonaro","O médico que queria priorizar vidas. Tá errado, taokei? Demitido",2,0.1741852462291717,0.8258147239685059,,Alta
"A maioria esmagadora dos brasileiros é contrária à demissão de Mandetta: 76,2% dos entrevistados discordam do afastamento do ministro da Saúde, segundo pesquisa realizada pelo Atlas Político. Vc concorda com o resultado da pesquisa?   via",Eu não faço parte deste.. 76 porcento.. Mandetta faz parte da banda podre do DM,1,0.131185382604599,0.8688145875930786,,Alta
Esse é o sucessor de Mandetta no Ministério da Saúde #BolsonaroVirus,Gente é sério que esse é o nosso ministro da saúde??? Tá de brincadeira com a minha cara né,2,0.1734455227851867,0.8265544772148132,,Alta
“não vou mais me estressar com as merdas que esse verme desse presidente faz”  *Bolsonaro demitiu o Mandetta*  Eu: #ForaBolsonaro,Não da para não se estressar,2,0.1033025383949279,0.8966974020004272,,Alta
"Tem gente falando feito ignorante!  Saí da bolha Nêumanne, o Mandetta saiu pq só estava enrolando, sem um plano de ação digno, passava pano pra tudo que governadores estavam fazendo, e calado, foi omisso!  O povo consegue ver o que o jornaleco ñ consegue!  Só lamento!","JOSÉ NÊUMANNI PINTO,VOU TE DAR UM CONSELHO: FICA NA QUARENTENA,QUE É O TEU LUGAR! O TEU ""PINTO"",ESTÁ MORTO.MAS O POVÃO,ESTÁ ""CHEIO DE GÁS PRA VOLTAR A TRAZER O PÃO DE CADA DIA PRA CASA, SEM PRECISAR DE ""ESMOLA"" DO GOVERNO! ""MUTRETTA"", E SUA ""QUARENTENA HORIZONTAL"",ROUBOU MUITO!",2,0.8800413608551025,0.1199586316943168,,Random
"Politicamente falando, a saída do ministério vai ser uma vitória pro Mandetta, a pandemia ainda não chegou ao ápice no Brasil, o deve acontecer nos próximos dez dias.  Saiu de cena como alguém que tentou frear a insanidade, quem chega vai pegar uma voadora no peito",morreu como herói antes de viver o bastante p se tornar vilão,2,0.7164306640625,0.2835693359375,,Random
"Disse tudo! #ForaMaia Após demitir Mandetta, Bolsonaro ataca Maia: ‘Parece que intenção é me tirar do governo’",#ForaMaia o povo de bem exige,2,0.9911847710609436,0.0088152280077338,,Random
"De acordo com a nova Pesquisa do Atlas, Mandetta tem aprovação de quase 80% dos entrevistados. Diante desse número e se o presidente Lula não puder concorrer, vocês votariam em quem para presidente?",Meu voto é do Bolsonaro.,2,0.4851641952991485,0.5148358345031738,,Random
Vai ter gente sem dormir essa noite hahahahahaha  #ForaMaia   Não adianta vir com pesquisa comprada. Nem com #STFVergonhaNacional rasgador da CF e nem com governo paralelo. O povo quer #BolsoPill e está com Bolsonaro.,Bom dia a todos alguém já descobriu quem são os 80% da população que está assustado pelo Mandetta ter sido demitido eu não tô e você esse  pensa que nós somos otários eu quero é Fundão pra saúde um bosta desse foi eleito sem merecer e vão a rede nacional falar merda.,2,0.9767048954963684,0.0232950914651155,,Random
Ministério da saúde depois da demissão do Mandetta,"“Isso cansa!”, diz Mandetta em entrevista à Veja -",0,0.992124617099762,0.0078754480928182,,Random
Mandetta deixa ministério cantando.,Os Esquerdopatas são HIPÓCRITAS  #ForaMaia,2,0.9825381636619568,0.0174618139863014,,Random
Luiz Henrique Mandetta é o primeiro ministro da Saúde do mundo a ser demitido após ter decidido combater o coronavírus. A vaidade e insegurança de Bolsonaro falaram mais alto. O oncologista Nelson Teich irá assumir o cargo.,"Você é um cego,mandetta político combinado com a oposição,para derrubar o governo  30 dias volta tudo ao normal.",1,0.9810075163841248,0.0189924500882625,,Random
"A indisfarçável estupidez de Bolsonaro ""consagrou"" Mandetta. Maior que ela, só mesmo o ego, que agora se encarrega de demiti-lo. Salve-se quem puder! #BolsonaroVirus",É quando vemos a inveja dando lugar ao ego. Reflexo de um presidente imaturo e incapaz de suportar o popularidade de um funcionário. Mandetta saiu deixando sua marca. Saiu de cabeça erguida. Digno de reconhecimento do povo. E o povo é sabido. Reconhece! #ImpeachmentDoBolsonaro,0,0.9920918941497804,0.0079081449657678,,Random
"Quando percebi que a mídia corrupta começou elogiar  esquerdistas elogiando, a ficha caiu. Vamos pesquisar quem era MANDETTA?   Logo achamos que seus podres! É só procurar!  Quando o camarada fala a língua do dos globalistas, pode sair fora, não presta!",Mandetta mandou bem e estou agradecido pelo seu trabalho.  Desejo sorte e boa gestão pro novo ministro e que consiga gerir com excelência essa situação crítica que enfrentamos!,0,0.9812607765197754,0.0187392029911279,,Random
"O cara demitiu o ministro por pura insegurança pela popularidade do Mandetta, meus amigos. Vocês elegeram um cara com 5 anos de idade.","E o pior que o gado não bate no peito pra falar ""eu falhei, eu sabia mas eu falhei.""",2,0.4970087707042694,0.5029911398887634,,Random
"Moro: técnico; Guedes: técnico; Pontes: técnico; Marinho: técnico. Mandetta: POLÍTICO. E onde foi que deu problema? Exato. Mas a narrativa dos ""radicais de centro"" é que Bolsonaro o demitiu por ""vaidade"" ou ""inveja"". Sério?! Moro sempre foi mais popular e continua lá!","Concordo amigo...já tava demorando.....god Bay mandetta,apoia a esquerda,fique em casa..",1,0.99189430475235,0.0081057325005531,,Random
Mandetta se despede do governo em coletiva; assista,Bozonaro é tão errado quanto o Mandetta. subestimou o cobid 19,2,0.9917750358581544,0.0082249101251363,,Random
"Mandetta demitido. Essa decisão de Bolsonaro fere a nossa saúde tanto quanto suas falas criminosas. Eu não aceito quem defende esse homem, não tem como!",Babu Jessica #ForaMaia Mandetta João Andreia Catarina,0,0.9851492643356324,0.0148507021367549,,Random
Mandetta liberou 25 milhões em LIBRIFICANTE ANAL. É mole?,tinha q ser 25 milhões em lencinhos pra fã base enxugar as lágrimas,2,0.1840050369501114,0.8159949779510498,,Random
Demissão de Mandetta é rejeitada por 76% dos brasileiros,"Com certeza ""O Antagonista"" fez a pequisa na redação da Globo, para obter um resultado tão absurdo como esse. O ortopedista Mandetta, que nada entende de infectologia e nem da profissão na qual recebeu o diploma, é um político do DEM e pertence ao Centrão de políticos corruptos.",2,0.9512883424758912,0.0487117059528827,,Random
"""E o Mandetta, a linha dele, como médico, era voltada quase exclusivamente para a vida"", disse Bolsonaro","Como pode um médico se importar apenas com a vida? Tem que ser demitido, claro!",2,0.0705531239509582,0.9294469356536864,,Random
URGENTE: Bolsonaro demite Mandetta do Ministério da Saúde; oncologista Nelson Teich vai assumir o cargo,"Às 16h do dia 16 de abril de 2020, o Presidente da República do Brasil demitiu o Ministro da Saúde por fazer o seu trabalho diante de uma crise sanitária decorrente do COVID19.  Nesta data, o Brasil contabiliza 1924 mortos confirmados pela doença.",2,0.9892984628677368,0.0107015799731016,,Random
"O ministro da Saúde, Henrique Mandetta, disse há pouco que a troca de comando na pasta deverá acontecer entre hoje e amanhã.",não da pra acreditar que realmente ta acontecendo isso,2,0.9857085943222046,0.0142914159223437,,Random
A esquerda do auge do seu desespero já tentou pintar como heróis da nação o Rodrigo Maia e o Mandetta. Quanto tempo pra pedirem um Volta Temer?,"""O vírus não respeita narrativa, ideologia... ele não negocia com ninguém, ele se impõe.""  Luiz Henrique Mandetta, ex-Ministro da Saúde. Brasil, 2020.",0,0.9752520322799684,0.0247479192912578,,Random
"NÃO deixe esse video morrer. Anão critica a indicação de Mandetta e INDICA o Nelson Teich pra ministro da SAÚDE, em novembro/2018.","Muito bem, queria encontrar vídeos da Globolixo falando mal do Mandetta sobre ele ser investigado por corrupção lá no início da Sua indicação!",1,0.9832951426506042,0.0167047958821058,,Random
"""E o Mandetta, a linha dele, como médico, era voltada quase exclusivamente para a vida"", disse Bolsonaro","AH MAS ENTAO ERA ESSE O PROBLEMA MINISTRO NAO PENSA NA POPULAÇÃO, SO NA VIDA HUMANA, DIFICULTA MSM QQR DIÁLOGO BIROLIRO",2,0.197360560297966,0.8026394248008728,,Random
"Mandetta ficou, quanto tempo mais? 1 semana? 2 semanas ou até o final da crise? Nós próximos capítulos...",Acertei então???,2,0.9829444289207458,0.0170555543154478,,Random
"Intense pot-banging and anti-Bolsonaro shouting in Pinheiros, São Paulo, shortly after Brazil's Health minister announces he has been fired. Bolsonaro was unhappy with Mandetta's measures, which included quarantines and decisions based on best scientific evidence available",Brazil virando chacota no mundo inteiro por causa das decisões do bolozo kkkkk,2,0.9889107942581176,0.0110892159864306,,Random
Mandetta deixa ministério cantando.,"Uai, não entendi..  Cadê o distanciamento social???",2,0.984255850315094,0.0157441440969705,,Random
"Em sua despedida, Mandetta defende a vida, o SUS e a ciência. Três palavras incompatíveis com o atual governo.",E olha que é o Mandetta...,2,0.5093787908554077,0.4906212091445923,,Incerta
"A maioria esmagadora dos brasileiros é contrária à demissão de Mandetta: 76,2% dos entrevistados discordam do afastamento do ministro da Saúde, segundo pesquisa realizada pelo Atlas Político. Vc concorda com o resultado da pesquisa?   via","Pq será ne?! Será que é pq ele é coerente, sensato e mais inteligente que nosso Presidente querido?",2,0.4485856294631958,0.5514143705368042,,Incerta
"""E o Mandetta, a linha dele, como médico, era voltada quase exclusivamente para a vida"", disse Bolsonaro",demitido pq estava voltado para salvar vidas  tamo fodido,2,0.5415628552436829,0.4584371745586395,,Incerta
Mandetta se aproveitou da situação politicamente sim. Nunca foi um defensor do sistema de saúde de qualidade e vendo sua popularidade crescer em âmbito nacional pelo mínimo deu um jeito de pular fora antes que a coisa ficasse feia e pudesse mudar isso.,VOTE E RETWEET  ME SIGA Q T SIGO  PR  fez bem em demitir o Mandetta?,0,0.5429843664169312,0.4570156335830688,,Incerta
"""E o Mandetta, a linha dele, como médico, era voltada quase exclusivamente para a vida"" - Jair Bolsonaro, presidente do Brasil",Realmente... absurdo pensar na vida #ForaBolsonaroGenocida,2,0.4482358396053314,0.551764190196991,,Incerta
"Sim, o Mandetta é político, mas também é médico. É a formação dele. Da mesma forma, o Bolsonaro é o próprio sistema político desde a década de 90. Então me diga: por que o Mandetta, que é especialista na área, está errado, e o Bolsonaro está certo?",Mandetta é ortopedista. Ortopedista não deve ser especialista em pandemias.,1,0.5657361745834351,0.4342637658119201,,Incerta
"“Numa guerra, quando você troca o general, como fica seu Exército? Fica sem rumo, sem caminho”, disse o presidente da Câmara sobre a demissão de Luiz Henrique Mandetta.",só que a porra do GENERAL não é o MANDETTA SEU LIXO  (VC NEM 100.000 VOTOS TEVE) ... nosso general é   caralho! qual a parte vcs não entenderam bando de FDP ??? #ForaMaia,1,0.5464099645614624,0.4535900950431824,,Incerta
Todos sabem que Bolsonaro não demitiria Mandetta para colocar alguém melhor no lugar. O prazer desse governo é destruir por destruir. Foi assim desde o começo. Não vai mudar. Vai piorar.,"Você é engraçada, Mandetta até o ano passado era indicação política do DEM, bla bla bla",1,0.471743106842041,0.5282568335533142,,Incerta
"Prevaleceu a inveja sentida pelo chefe mimado. Jair Bolsonaro, em vez de reconhecer que desdenhou do coronavírus, demitiu Mandetta por não ter se curvado à sua estupidez durante a pandemia. O bolsonarismo fritou o ministro da Saúde nas redes e no zap porque teme sua popularidade.","Vc já foi mais inteligente  e sabe perfeitamente q a saida do MANDETTA tem muito haver c/ sua postura de independência do executivo, mas isso p/ vc é  o q menos importa. Importante é manter a birra  e a inveja pelo gabinete do ódio Vc poderia trabalhar na campanha dele 2020 /22",1,0.4955767691135406,0.5044232606887817,,Incerta
"Trocar ministro mais popular do governo neste momento (64% de avaliação positiva, contra 39% de Bolsonaro, segundo Atlas Político) reflete o pavor do presidente de que essa popularidade ofusque ainda mais a dele. Nada garante que demissão inverterá o jogo.","Ele poderia deixar passar ""esse momento"" e demitir daqui a  2 ou 3 meses do mesmo jeito. Do mesmo jeito Mandetta cairia no esquecimento quando não fosse mais útil para a oposição.  Que narrativa mais tola e forçada.",1,0.5252273082733154,0.4747726917266845,,Incerta
"Inacreditável! Bolsonaro justificou a demissão de Mandetta porque ele teria uma linha de ""defender exclusivamente a vida"". O Brasil é governado por quem defende a morte.",misericórdia a gente está nas mãos do lunático mais louco da galileia.,2,0.4068420529365539,0.5931580066680908,,Incerta
"Absurdo! Após demissão de Mandetta ,  escolhe novo ministro da saúde que relativiza a escolha de quem vive ou morre! Nelson Teich é um mercador que ganha dinheiro com o sofrimento do povo. Cuidem do seus idosos! #coronavirus #BolsonaroVirus  #forabolsonaro","Olha, conheço um idoso que costuma visitar médico com uma frequência razoável.  Provavelmente já tá bem ruim.  Se quiser o contato, tá do seu lado direito aí na coletiva, seu novo ministro.",2,0.57621830701828,0.4237816631793976,,Incerta
"Mandetta, sempre foi lobista. Nelson Teich, é o dono da indústria farmacêutica!O Brasil, através do SUS, é, talvez,o país q mais trata gratuitamente pacientes com câncer no mundo. E isso tem um custo...alto. E qual é o intuito de botar um empresário deste ramo para ser ministro?","Trocou o Ministro dos Planos de Saúde por outro! Ainda bem que o stf já deu uma riscada no chão, senão amanhã mesmo o isolamento precário que temos seria suspenso.",2,0.4715154767036438,0.528484582901001,,Incerta
Mandetta sempre foi incompetente no cargo. Na pandemia se deslumbrou com a atenção. Estava mais interessado em agradar a mídia e políticos sujos do que ajudar o país. Fora as suspeitas de corrupção nas compras emergências.,"Até dois meses atrás ele era o cara. Ficou incompetentemente muito rápido,  não foi??? Vocês pensam que o povo é imbecil para cair nesta história. O Mandetta saiu por ciúmes do presidente. O cara deu um show de COMPETÊNCIA!!!",1,0.5973443984985352,0.4026556313037872,,Incerta
"Eu vivi pra ver a esquerda, nutelas, adolescentes que não trabalham, não pagam boleto, feministas de cabelo roxo chorando a saída do Mandetta.   Claro, falou voltar a trabalhar e voltar p escola, esse povo aí não curte.",Se essa galerinha está chorando a saída do Mandetta então o Presidente fez a coisa certa.,1,0.5314287543296814,0.4685712158679962,,Incerta
"Em sua despedida, Mandetta defende a vida, o SUS e a ciência. Três palavras incompatíveis com o atual governo.",Para de puxar o saco do Mandetta que isso só melhora o cenário pro Bolsonaro. Com essa oposição vai ser difícil ele perder em 2022. Infelizmente.,1,0.5265405178070068,0.4734594821929931,,Incerta
"Nada é tão ruim (quanto Mandetta), que não possa piorar. #DesgovernoPeNaCova",Nada é tão ruim que não possa piorar.,2,0.5412969589233398,0.4587030112743377,,Incerta
"Mandetta foi presidente de planos de saúde, foi contra os médicos cubanos e votou a favor do Teto de Gastos que tirou R$9 bilhões do SUS. É incrível que, com tudo isso, tenha perdido o cargo de Ministro por suas virtudes, não por seus vícios. Só no governo genocida de Bolsonaro.",Bom pra ele ter tido a oportunidade de se redimir um pouco de suas toleimas .,2,0.5159420967102051,0.4840579330921173,,Incerta
"""E o Mandetta, a linha dele, como médico, era voltada quase exclusivamente para a vida"" - Jair Bolsonaro, presidente do Brasil","Defender a vida agora virou motivo de demissão. Esse é o “presidente” do Brasil, parabéns aos envolvidos. #ForaBolsonaroGenocida",2,0.5058971643447876,0.4941028356552124,,Incerta
"Em sua despedida, Mandetta defende a vida, o SUS e a ciência. Três palavras incompatíveis com o atual governo.","Mandetta agora virou herói da esquerdalha, vocês são muito oportunistas... chora mais... tá pouco...",2,0.4907543063163757,0.5092456340789795,,Incerta
"Um oportunista, incompetente, corrupto e mal caráter a menos  no poder. A saúde do povo brasileiro agradece!","Um traíra a menos, agora tira a máscara e vao se juntar ao Ditadoria e Caiado para atacar o governo!",2,0.5213838219642639,0.4786161780357361,,Incerta
"Engraçado, dona Erika Kokay... quem fez a denúncia foi um médico americano que ficou horrorizado com o tipo de tratamento que estava sendo efetuado. Para veneno, basta a dose. Parece que era assim que o Médico, alias Petista, estava empregando. Necropolítica feita pelo PT.","Essa turma que empregou essa dosagem extra precisa parar na cadeia. Lembra do Mandetta explicando os efeitos colaterais do hidrocloroquina? Nesse ponto ele estava certo, o remédio precisa ter um rigoroso acompanhamento médico. Altas doses nem pensar.",2,0.403844267129898,0.5961557030677795,,Incerta
Vamos medir a temperatura!   Sai Luis Henrique Mandetta  Entra Nelson Teich  O que você achou?,"essa sua enquete ta tipo, eu adorei ou eu odiei... eu acho que ele n deveria ter sido demitido, ainda mais que ele colocou um cara com os mesmos pensamentos do mandetta no lugar, ou seja demitiu pra inflar o ego dele",1,0.4697884619235992,0.5302115082740784,,Incerta
"Thread 1/16  Mandetta e Bill Gates: possível explicação para as atitudes do ministro?  Do site do Ministério da Saúde: Mandetta participou, em Outubro de 2019, de uma Reunião de produtores de vacinas, com membros da OMS, Unicef e da fundação de Bill Gates.",Depois da uma olhada nesse thread,2,0.4081176221370697,0.5918823480606079,,Incerta
"mandetta agora ama o SUS. bolsonaro já fez mais pela esquerda que muito comunista de sofá, hein!",Kkkkkkkk novis,2,0.4613629877567291,0.5386370420455933,,Incerta
"Os adolescentes histéricos estão chorando pela demissão do Mandetta por medo de voltarem para escola. Se acalmem crianças, as aulas vão demorar mais um pouco para voltar, primeiro volta o trabalho, que fabrica, transporta e paga o toddynho de vocês.","Caralho cara, olha essa merda... não sabe nem o que fala, patriota só se for na casa do caralho",2,0.5445523858070374,0.4554477035999298,,Incerta
"Em sua despedida, Mandetta defende a vida, o SUS e a ciência. Três palavras incompatíveis com o atual governo.",Alguém te perguntou alguma coisa?,2,0.5741670727729797,0.4258329272270202,,Incerta
"O que vai acontecer?  Depende do tamanho da pandemia.  Depende de como reagirão principalmente os brasileiros mais pobres que, desinformados, acham que o presidente e o pastor estão do seu lado.  No mínimo Mandetta é candidato forte a governador.","Kkkkkkkk era o Moro presidente, agora, Mandetta. Não percebem que não cola? Saim da bolha, vocês perderam em 2018 e vai perder de novo. Não mudou nada o cenário da opinião pública é o mesmo. Estão cegos?",1,0.5961775183677673,0.4038224816322326,,Incerta
"Se Mandetta cair, eu desisto do Brasil. Tá tudo errado",Está feito,2,0.584598183631897,0.415401816368103,,Incerta
"Mandetta é do DEM, adorado por Maia, que acha que Guedes não é sério, e foi elogiado até por Haddad, o poste de Lula. Teich era o nome de Guedes desde o começo, não tem partido, nunca se candidatou a nada. Os ""liberais"" estão tristes com a troca por qual motivo exatamente?",Com certeza estão triste pois acabou a farra,2,0.5698689818382263,0.4301309585571289,,Incerta
"A maioria esmagadora dos brasileiros é contrária à demissão de Mandetta: 76,2% dos entrevistados discordam do afastamento do ministro da Saúde, segundo pesquisa realizada pelo Atlas Político. Vc concorda com o resultado da pesquisa?   via","Foi tarde. Esses """"""brasileiros"""""" entrevistados vou te contar viu.",2,0.4576845169067383,0.5423154830932617,,Incerta
"Bolsonaro demitiu Mandetta por ciúme, inveja e cálculo eleitoral e não foi divórcio consensual coisa nenhuma, mas meras ignorância,  irresponsabilidade, desumanidade e culto à morte, por fazê-lo em pleno pico da pandemia.","Não, ele demitiu por que  Mandetta estava fazendo tudo que a esquerda faria, e não tinha planejamento para o futuro, encarrcerou a população sem previsão de desencareramento; isto é incompetência.",1,0.4668245017528534,0.533175528049469,,Incerta
"Que Deus ilumine os passos do novo ministro da Saúde, Nelson Teich, para que ele venha exercer um trabalho ímpar e coerente, sem rodeios ou politicagens.  Oremos para que tudo dê certo e que os erros de Mandetta a frente do Ministério da Saúde vão embora junto com ele!",Amém!!,2,0.4267805218696594,0.5732195377349854,,Incerta
"O elogio emocionado de Fernando Haddad a Henrique Mandetta foi a coisa mais bonita da novela viral desde o enlace entre João Dória e Lula da Silva. Se você não entendeu agora o enredo, não vai entender nunca mais.","Simples assim!  Se você ainda não entendeu, que tudo para essa gente gira em torno do poder totalitário, não importa o camarada do momento... tranque-se num quarto e leia alguns livros... sugiro começar pelo romance 1984!   PS: Ou o ouça no youtube, enquanto lava a louça.",2,0.5061244964599609,0.493875503540039,,Incerta
"Tira casaco, coloca casaco essa historia do Mandetta. Aconteceu o que todos os brasileiros já sabiam. Enquanto não acontecer com o Brasil o que aconteceu com a Itália, e tá acontecendo com Nova York o Bolsonaro não vai descansar.","Você pode ter dormido bem essa noite, mas duvido que tenha tido uma noite de sono mais sossegada que a do Mandetta.",0,0.4961294531822204,0.5038706064224243,,Incerta
"Acabo de ouvir do presidente Jair Bolsonaro o aviso da minha demissão do Ministério da Saúde.  Quero agradecer a oportunidade que me foi dada, de ser gerente do nosso SUS, de pôr de pé o projeto de melhoria da saúde dos brasileiros e","Parabéns Mandetta, tudo que realizou até o momento foi com dignidade ao povo brasileiro, acreditarmos que ainda continuará fazendo seu melhor pela nossa nação.",2,0.5325930714607239,0.4674069881439209,,Incerta
"Em sua despedida, Mandetta defende a vida, o SUS e a ciência. Três palavras incompatíveis com o atual governo.","beleza, senta lá, Cláudia...",2,0.4783216118812561,0.5216784477233887,,Incerta
URGENTE,Urgente: paciente dispensa médico por não concordar com a doença,2,0.45096156001091,0.5490384697914124,,Incerta
"Eu fico indignada em ver a felicidade de algumas pessoas com a demissão do Mandetta, agora Bolsonaro vai colocar alguém que vá de acordo com o ponto de vista dele, vão liberar todo mundo e a quantidade de gente que vai morrer ? Sério, eu to sem palavras","Foda-se a briga do Bolsonitro com Mandela, Mortadela, Mandetta. Eu quero é saber do meus 600 pila porra",0,0.564491868019104,0.4355081617832184,,Incerta
"Em sua despedida, Mandetta defende a vida, o SUS e a ciência. Três palavras incompatíveis com o atual governo.",Incompatíveis também com a história do sr. Mandetta.,1,0.5738404989242554,0.4261594414710998,,Incerta
"""E o Mandetta, a linha dele, como médico, era voltada quase exclusivamente para a vida"", disse Bolsonaro",Complicado um ministro se preocupar com a vida das pessoas...,2,0.4428846538066864,0.557115375995636,,Incerta
"Em sua despedida, Mandetta defende a vida, o SUS e a ciência. Três palavras incompatíveis com o atual governo.","Porra, Haddad! Ajuda aí, companheiro! Qualquer coisa que sai da boca desse crápula é merda e lixo igual quando Bolsonaro fala. Bora parar de taxar desgraçado de boa gente.  Esse aí é lixo humano igual o atual presidente.",2,0.4227217733860016,0.577278196811676,,Incerta
Como brasileiro agradeço o ministro Mandetta por sua atuação firme na Saúde. Por ter desempenhado seu papel ancorado na ciência e nas evidências. Compartilho do sentimento de milhões de cidadãos dizendo muito obrigado por reconhecer seu bom senso e  dedicação.,"Fuck you, tchê!",2,0.5993426442146301,0.4006572961807251,,Incerta
"No seu pronunciamento na coletiva de posse do novo comandante da pasta, o ex-ministro da saúde, Henrique Mandetta, elogia a parceria com a iniciativa privada para o combate ao coronavírus. Empresas nacionais que possibilitaram a compra de testes rápidos","Mandetta também fala da ""engenharia reversa"" que foi utilizada nas empresas nacionais, na inciativa privada, que possibilitou a produção respiradores para serem utilizados no SUS.",1,0.4764406979084015,0.5235593318939209,,Incerta
"Discordo, ele teve um olhar condescendente dado a situação atual do Brasil, entretanto não devemos endeusar o mandetta transformando-o em um líder injustiçado.","Concordo com vc nessa última parte, não podemos transformar Mandetta em um líder injustiçado.",1,0.4217419922351837,0.5782580375671387,,Incerta
"A Pepa quer a permanência de Mandetta. Pepa, Maia, Alcolumbre. Só a nata do Congresso.",Aquela nata que fica em cima do esgoto quando está parado,2,0.5328770875930786,0.467122882604599,,Incerta
"O substituto de Mandetta é especialista em ""economia da saúde"". Até onde se sabe, nunca atuou no SUS. Foi ""consultor informal"" da campanha de Bolsonaro e disse hoje ter alinhamento completo com ele. É tudo o que não precisamos para enfrentar a pandemia: um Paulo Guedes da Saúde.","Se ele nunca atuou no SUS, entao está igual ao Mandetta.",1,0.4522287845611572,0.5477712154388428,,Incerta
"Mandetta foi demitido porque seguiu recomendações da OMS e cientistas, e isso atingiu ego de Bolsonaro.   Preocupação agora é como o novo ministro da Saúde, Nelson Teich, irá conduzir a crise do coronavírus daqui pra frente, organizar equipe, se inteirar de tudo em pouco tempo.","Recentemente li um artigo do Nelson Teich, no LinkedIn. Me parece um pouco em cima do muro no dilema economia x isolamento horizontal, mas defende as medidas determinadas pela OMS (ufa!) e ressalta a importância da divulgação de projeções e ações de forma clara para a população.",2,0.4747005105018616,0.5252994894981384,,Incerta
"“Nós não somos astrólogos”, diz Mandetta. É, decidiu cair atirando. Tá errando com essa soberba, também. Cavar a demissão própria e da equipe toda em plena crise é abandonar o paciente. Como li por aí, que o vírus tenha piedade de nós.",Nao vi soberba nenhuma Sra.Vera. O que cejo é  arrogancia da sua parte criticar o homem mais inteligente desse governo. Baixe a bola e respeite o Mandetta.,1,0.4663855731487274,0.533614456653595,,Incerta
Qual foi o maior traidor de Bolsonaro,"Amigo, nesta inquete não deveria constar  , desde quando ele esteve do lado do povo e do presidente? Joyce e Frota são mais traíras porque tiveram a confiança do povo, agora o Mandetta nem deveria ter sido nomeado, não concorda?",2,0.4255624413490295,0.5744375586509705,,Incerta
"Acabo de ouvir do presidente Jair Bolsonaro o aviso da minha demissão do Ministério da Saúde.  Quero agradecer a oportunidade que me foi dada, de ser gerente do nosso SUS, de pôr de pé o projeto de melhoria da saúde dos brasileiros e",MANDETTA FOI DEMITIDO? Como assim o presidente demite o ministro da saúde em plena pandemia?,2,0.1706600785255432,0.8293399214744568,,Alta
"""E o Mandetta, a linha dele, como médico, era voltada quase exclusivamente para a vida"", disse Bolsonaro",Chocado que um médico tá mais preocupado com a vida do povo!!!,2,0.114696480333805,0.8853034377098083,,Alta
Esse é o sucessor de Mandetta no Ministério da Saúde #BolsonaroVirus,"Então se sua mãe ou algum parente mais velho estiver morrendo, ela(e) vai morrer ne?! Ah não, esqueci que tem previlégios, você é o ministro da saúde né",2,0.1115037351846695,0.8884962797164917,,Alta
"Demitido, Mandetta, agente político, sai antes do que, tudo indica, será o pior momento da disseminação do vírus entre nós. (E sai sem ser cobrado pelo erro de não testar em massa como política de Estado). Bolsonaro fez seu jogo. Se a peste crescer, a tragédia vai para sua conta.","Não é defendendo o Mandetta mas será que ele tinha como testar em massa em entrevistas só o via reclamando de falta de insumos, o erro foi dos governantes que deixaram praticamente toda fabricação de produtos e insumos nas mãos de um só país.",1,0.1442843824625015,0.8557156324386597,,Alta
"O Teich disse praticamente tudo que o Mandetta falou. Não muda o isolamento, economia também é importante, há que se investir em pesquisa. Mandetta também falava que no futuro se encerraria o isolamento. Nada significativo. Por que trocou, então? Porque o ministro se destacou?",Vc só esqueceu em falar q o futuro do fim do isolamento pro Mandetta era um futuro próximo após 2022,1,0.1764574646949768,0.823542594909668,,Alta
"Excelente, Presidente .  Convém lembrarmos que Mandetta em nenhum momento revogou ou alterou a portaria do SUS feita nas gestões do PT, conhecida como “manual do abortamento” e que, na prática, incentiva o aborto.","Boa presidente, é por isso que eu gosto desse cara, e ""oglobo"" colocando a imagem dele se enrolando pra colocar a máscara pra ridicularizar o presidente, ta q pariu globo hein",2,0.1025450304150581,0.8974550366401672,,Alta
Acho que agora o Mandetta concorda que o isolamento em excesso causa desemprego!! #MandettaGenocida,Como um presidente é tão irresponsável assim?  Demitiu o Mandetta que estava com a política de isolamento para a prevenção do COVID-19 pra admitir um ministro que concorde com ele porque a economia é mais importante que a saúde! #ForaBolsonaro #FiquemEmCasa,0,0.1553282588720321,0.8446717262268066,,Alta
"Búaaaaaaaaa, búaaaaaaa... “Mandetta não pode ter mais popularidade do que eu.”",KKKKKKKKKKKKKKK vei,2,0.1935807168483734,0.8064192533493042,,Alta
"""E o Mandetta, a linha dele, como médico, era voltada quase exclusivamente para a vida"", disse Bolsonaro",cadê os cristãos pró-vida agora,2,0.1185569465160369,0.8814430236816406,,Alta
"Mandetta deixa como legado uma estrutura para que o Brasil possa – com governo federal, estados e municípios unidos – atender da melhor forma possível a sociedade brasileira, principalmente as pessoas que necessitam do SUS.","Mandetta deixa como legado o traidor q ele é , igual a vc Maia e Davi e resto dos traidores  Espero q o povo brasileiro invade o congresso e de coloca preso seu canalha",1,0.1402845233678817,0.8597155213356018,,Alta
"Em nome da Câmara dos Deputados, presto nossa homenagem ao trabalho desenvolvido pelo ministro  à frente da Saúde brasileira nos últimos meses.","Maia, Botafogo corrupto, se vc prestar homenagem a qq pessoa que seja, já sabemos que essa, não é honesta e nem confiável. ..Vide Mandetta e a Santa Casa.",2,0.1870312690734863,0.8129687309265137,,Alta
"Demissões só acontecem por falta de capacidade, contenção de gastos ou uma grande cagada. Mandetta não se encaixa em nenhum dos três. Sua demissão, repito, É POLÍTICA.","Não acho que seja uma demissão política, se for olhar o significado histórico e cultural da palavra politica, é mais inveja mesmo do que política.",2,0.1883918642997741,0.8116081357002258,,Alta
"Eu defendi o Mandetta pq ele defendeu o que a OMS orientou, defendeu a ciência, o Isolamento total.. Mas não esqueci que ele apoiou o Golpe de 2016 e que queria privatizar o SUS. Descanse em paz!!",Agora está do jeito que o CapetãoCorona gosta. Novo ministro da saúde  defende a idéia de escolher quem deve viver ou morrer.  #ForaBolsonaro  #ImpeachmentJa,0,0.1537866741418838,0.8462132811546326,,Alta
Mandetta  consegue 127 mil curtidas em meia hora e deixa Bolsonaro comendo poeira no Twitter. Neste momento a msg dele ja tem 190 MIL likes.,"Esse é o nível do jornalismo brasileiro, a jornalista comemorando quantidade de curtidas em um post de um Ministro demitido! Mds que coisa mais patética, parabéns  vc se superou com essa!",2,0.1719032526016235,0.8280966877937317,,Alta
O Mandetta era ortopeidista.,E vc é um guru capetologista. Só se dá bem com o capetão Bozo.,2,0.1373665183782577,0.8626335263252258,,Alta
"""E o Mandetta, a linha dele, como médico, era voltada quase exclusivamente para a vida"", disse Bolsonaro","onde já se viu né, um MÉDICO QUERENDO SALVAR VIDAS EM UMA PANDEMIA QUE MATA PESSOAS, que estranho né",2,0.1275143474340438,0.8724856972694397,,Alta
"""E o Mandetta, a linha dele, como médico, era voltada quase exclusivamente para a vida"", disse Bolsonaro",Hoje o capitão mico estava inspirado. Ministro da saúde preocupado com a saúde com a vida?,2,0.1619132161140442,0.838086724281311,,Alta
"""E o Mandetta, a linha dele, como médico, era voltada quase exclusivamente para a vida"", disse Bolsonaro",Putz esse Mandetta também. Pra que se preocupar com vidas?,2,0.1208144873380661,0.8791854977607727,,Alta
"Mandetta cai porque enfrentou a pandemia com responsabilidade, e Bolsonaro não tolera isso. O presidente da República está derrubando toda a cúpula do Ministério da Saúde em meio à mais grave crise sanitária da história. É um genocida.","Esse cara é um doente, quanto tempo ele vai demorar pra cair ainda? Já passou da hora",2,0.1078834757208824,0.8921164870262146,,Alta
"""E o Mandetta, a linha dele, como médico, era voltada quase exclusivamente para a vida"", disse Bolsonaro",O presidente do Brasil é contra médicos que pensam na vida dos pacientes. Canalha. Assassino. Lixo.,2,0.1737050563097,0.8262948989868164,,Alta
"A maioria esmagadora dos brasileiros é contrária à demissão de Mandetta: 76,2% dos entrevistados discordam do afastamento do ministro da Saúde, segundo pesquisa realizada pelo Atlas Político. Vc concorda com o resultado da pesquisa?   via","Essa pesquisa que fizeram é uma fraude, não reflete a opinião sobre a condução desse safado no cargo de MS, pois o cara estava fazendo politicagem em um momento de extrema situação critica sobre coronavírus, graças a Deus o cara foi demitido!",2,0.1068133860826492,0.893186628818512,,Alta
"""E o Mandetta, a linha dele, como médico, era voltada quase exclusivamente para a vida"" - Jair Bolsonaro, presidente do Brasil",O mais importante é a vida MAS............,2,0.111801877617836,0.8881980776786804,,Alta
"De acordo com a nova Pesquisa do Atlas, Mandetta tem aprovação de quase 80% dos entrevistados. Diante desse número e se o presidente Lula não puder concorrer, vocês votariam em quem para presidente?",Adivinha quem está ganhando com 72%?!,2,0.1362985074520111,0.8637015223503113,,Alta
"""E o Mandetta, a linha dele, como médico, era voltada quase exclusivamente para a vida"" - Jair Bolsonaro, presidente do Brasil",talvez pq ele fosse o ministro da SAÚDE?????????,2,0.1142528280615806,0.8857471942901611,,Alta
Demissão de Mandetta é rejeitada por 76% dos brasileiros,"Pau no Cú dos 76% vivemos o presidencialismo, quem é o presidente eleito democraticamente, Bolsonaro.",2,0.1765056848526001,0.8234943151473999,,Alta
"essa sua enquete ta tipo, eu adorei ou eu odiei... eu acho que ele n deveria ter sido demitido, ainda mais que ele colocou um cara com os mesmos pensamentos do mandetta no lugar, ou seja demitiu pra inflar o ego dele",mesmo pensamento do mandetta? Pq ñ se informa antes.,1,0.5011547803878784,0.4988452196121216,,Random
Vamos olhar esta história pelo ponto de vista do DEM: Bolsonaro vs Mandetta.  O que o ministro da Saúde e seu partido sabiam há duas semanas?  No fio.  1. Bolsonaro não estava feliz com Mandetta e queria demiti-lo.,Entre os analistas que acompanho o  foi quem melhor explicou o jogo jogado.,2,0.9909900426864624,0.0090099442750215,,Random
Mandetta  consegue 127 mil curtidas em meia hora e deixa Bolsonaro comendo poeira no Twitter. Neste momento a msg dele ja tem 190 MIL likes.,Eu não curto.,2,0.9886844754219056,0.0113155301660299,,Random
"Bolsonaro fala sobre a saída do Mandetta e o CANALHA RIDICULO DO RODRIGO MAIA !!! #foramaia #MaiaLIXO #TchauMandetta   Acontecimentos recentes, saída de Mandetta e Maia canalha  via","Mandetta está neste momento em reunião com Bolsonaro no Palácio do Planalto. Mais cedo, o ministro reconheceu que poderia ser exonerado hoje ou amanhã.  Já ouço o choro dos isentões enlouquecidos.",0,0.9940695762634276,0.0059304819442331,,Random
Courage.,Precisaremos... depois desta demissão (prevista) do Mandetta.,2,0.9714765548706056,0.0285234134644269,,Random
#Coronavírus: Mandetta diz que pior da epidemia ainda não passou,Mandetta é um picareta.,1,0.9904447197914124,0.0095553016290068,,Random
MANDETTA MOSTRA OS NÚMEROS REAIS E LIBERA CERTOS EXAMES ESCONDIDOS ^^,Fim da era Mandettinha paz e amor! Eu apoio!   #GoMandetta #Mandetta  #CoragemMandetta,2,0.974441945552826,0.0255581364035606,,Random
VAI MANDETTA!  Não tenho golpista que compõe governo miliciano de estimação. A única diferença entre Madetta e outros asseclas de Bolsonaro é que ele sabe que a terra não é plana.   #ForaBolsonaro,Verdade! não podemos deixar a população se iludir que ele é bonzinho!#ForaBolsonaro,2,0.9853319525718688,0.0146679673343896,,Random
A saída de Mandetta vai trazer um POUCO de tranquilidade ao presidente Jair Bolsonaro.,E a nós também!! Mandetta é porta voz do caos!!,1,0.9907886385917664,0.0092114061117172,,Random
"Mandetta deixa 'legado', diz Maia; parlamentares e governadores lamentam demissão de ministro.","""MUTRETTA"" APENAS ACRESCENTOU ""Á SUA""FICHA CORRUPTA"",MAIS UM LEGADO DE ROUBOS AOS COFRES PÚBLICOS ( QUEM SENTE A FALTA DELE É PORQUE TAMBÉM ROUBAVA E AGORA...""PERDEU UM ALIADO"")!",2,0.9891384243965148,0.0108616333454847,,Random
"Presidente afirmou que Mandetta caiu por ter uma atuação ""voltada quase que exclusivamente para a proteção da vida""",Mas n é essa a função de um Ministro da Saúde??????,2,0.9726248383522034,0.0273751821368932,,Random
Já tem demista afirmando que Mandetta hoje é mais popular que o ministro Sérgio Moro.  O DEM esfrega as mãos achando que encontrou o caminho para chegar ao poder.,"Só rindo.... a esquerda qie o apóia agora... na hora da eleição.... vai ser um do PT.... além do mais... os desempregados, endividados e falidos jamais se esquecerão do Mutretta.",2,0.9654963612556458,0.0345036126673221,,Random
off: fariam o novo ministro da saúde?,Faria ele devolver o cargo ao Mandetta,2,0.5863175392150879,0.4136824607849121,,Random
"""E o Mandetta, a linha dele, como médico, era voltada quase exclusivamente para a vida"" - Jair Bolsonaro, presidente do Brasil",Eu tô passando raiva todo dia desde 01/01/2019. O cara não dá uma folga sabe,2,0.9669341444969176,0.0330658182501792,,Random
"Mandetta já foi, agora só falta o Dória. Quem me  ajuda a subir essa tag #ForaDoria ???","Sim, agora é #ForaDoria",2,0.9897861480712892,0.0102137867361307,,Random
O jornal The Guardian disse que a saída do Mandetta vai causar uma revolução popular! Esses merdas estrangeiros conhecem o Brasil como conhecem os planetas de Alpha Centauri.,ue ces esqueceram que o mandetta falou em privatizar o sus .. ?,0,0.8305437564849854,0.1694563180208206,,Random
“não vou mais me estressar com as merdas que o Bolsonaro faz”  *Bolsonaro demitiu o Mandetta*  eu::::,Não aguento mais!!! #ForaBolsonaroUrgente,2,0.9903721809387208,0.0096278265118598,,Random
Mandetta está oficialmente demitido. Que Bolsonaro faça uma escolha brilhante e não cometa o mesmo erro. Gigantesco dia!,Maravilha!,2,0.9536973237991332,0.0463026836514472,,Random
"Excelente, Presidente .  Convém lembrarmos que Mandetta em nenhum momento revogou ou alterou a portaria do SUS feita nas gestões do PT, conhecida como “manual do abortamento” e que, na prática, incentiva o aborto.",Quem indicou o Mandetta ? Ou o secretário nazista ? Me diga com andas que direi quem és!!!! Kkkkkk #BolsonaroGenocida #BolsonaroVirus,1,0.9349176287651062,0.0650824010372161,,Random
Mandetta Jair Bolsonaro Nelson Teich Ministro da Saúde #AvenidaBrasil,Que absurdo a demissão do Mandetta. Ele estava realizando um bom trabalho. Irresponsabilidade do caralho do chefe dele.,0,0.97808837890625,0.0219116266816854,,Random
"só eu sair de casa que o mandetta é demitido, perdão senhor",Estamos pagando o pecado lkkk,2,0.96937894821167,0.0306210927665233,,Random
"Agora que o Mandetta não é mais ministro, que fique claro: Ele não fez mais que o mínimo.  Volta ao Status de safado golpista.",Falou e disse. (2),2,0.9842295050621032,0.0157704334706068,,Random
"Mandetta é demitido por defender a ciência e seguir o que o mundo está fazendo, isolamento social. Ele quer nos matar. A vida para ele vale menos que o metal.  assassino! Genocida!","Bolsonaro demitiu mandetta, cada dia o Brasil cava um buraco mais fundo",0,0.823999285697937,0.1760007292032241,,Random
"Prevaleceu a inveja sentida pelo chefe mimado. Jair Bolsonaro, em vez de reconhecer que desdenhou do coronavírus, demitiu Mandetta por não ter se curvado à sua estupidez durante a pandemia. O bolsonarismo fritou o ministro da Saúde nas redes e no zap porque teme sua popularidade.",Disso não tenho dúvida. Kkkk,2,0.9851880073547364,0.0148119861260056,,Random
"Mandetta pagou caro pela entrevista no domingo, deu um passo maior que perna...","Agora que o Mandetta não é mais ministro, que fique claro: Ele não fez mais que o mínimo.  Volta ao Status de safado golpista.",0,0.9549567103385924,0.0450433380901813,,Random
"""E o Mandetta, a linha dele, como médico, era voltada quase exclusivamente para a vida"", disse Bolsonaro",Que bom né? É isso que  a gente espera de um  MÉDICO,2,0.5959621071815491,0.4040378034114837,,Incerta
"Mandetta estar  sendo defendido por Maia, Alcolumbre, Haddad ,Dória,imprensa  e milhares  de haters  esquerdistas.  Bolsonaro Tem RAZÃO.","Se todos estes lixos estao defendendo, e pq bonoro esta certo",2,0.4344111979007721,0.5655887722969055,,Incerta
Luiz Henrique Mandetta é o primeiro ministro da Saúde do mundo a ser demitido após ter decidido combater o coronavírus. A vaidade e insegurança de Bolsonaro falaram mais alto. O oncologista Nelson Teich irá assumir o cargo.,"Realmente a vaidade falou mas alto, espero que não fale mais alto que o desespero de um sistema de saúde colapsado.",2,0.4359817206859588,0.5640183091163635,,Incerta
"Eu queria ver o Mandetta divulgar o resultado do exame do presidente, só pra ficar claro mesmo. Uma pena, pois com total certeza apareceria morto depois, pq afinal estamos falando de um governo doentio.","te falar aqui Mandetta tá longe de ser a melhor pessoa do mundo, muito pelo contrário, ele é sujo e tava fazendo campanha política no MS, mas smp fez seu trabalho de maneira correta e bem feita. Se for p falar mal da postura dele, começa falando da postura do presidente",0,0.5704660415649414,0.4295339286327362,,Incerta
Preciso tirar meu chapéu para a turma do Antagonista também. Alertaram lá atrás...,Vejam  alertando sobre,2,0.4803857207298279,0.5196142792701721,,Incerta
"Está com dó do Henrique Mandetta ? Pois bem , depois desse vídeo sua opinião vai mudar , Ele  apoiou a PEC dos gastos que tirou  22,5 Bilhões da Saúde . A prova está aqui  #EuEstouComBolsonaro  Direita unida  Segui ai",Retuitem gente!!!  Nunca foi santo! Sempre foi contra a saúde. Agora bem alguns idiotas defender? Leva pra tua casa! Esse cara vai ser responsável pelas mortes.   Demita esse cara! #ForaMandettaUrgente,2,0.467385470867157,0.5326144695281982,,Incerta
a ciencia esta errada  quem manda nas coisas é Deus,depois do mandetta ser demitido em meio a pandemia amigos só deus na causa,2,0.40008544921875,0.5999146103858948,,Incerta
"Em sua despedida, Mandetta defende a vida, o SUS e a ciência. Três palavras incompatíveis com o atual governo.","Em vez de apenas lamentar a demissão do seu mais novo amigo de infância, o traste aproveita para fazer campanha contra. Parece até drogado: tudo o que faz é pensando no vício.",2,0.5974398255348206,0.402560144662857,,Incerta
"Na sua opinião, o Ministro Mandetta deve permanecer no cargo?",Kkkkk NUNCA ....bem q tentou lacrar...  logo será  esquecido  como os OUTROS OPORTUNISTAS.....foi tarde ...qto vcs mais TENTAM  DERRUBAR BOLSONARO  mais ele gica FORTE...,2,0.5363569855690002,0.4636430442333221,,Incerta
"Acabo de ouvir do presidente Jair Bolsonaro o aviso da minha demissão do Ministério da Saúde.  Quero agradecer a oportunidade que me foi dada, de ser gerente do nosso SUS, de pôr de pé o projeto de melhoria da saúde dos brasileiros e","Dr. Mandetta fez um em brilhante trabalho, muito obrigado pelo empenho, dedicação e seriedade!!! Infelizmente no caminho tem uns idiotas desprovidos de integencia que sempre atrapalham né  ?!?!",2,0.5915425419807434,0.4084574580192566,,Incerta
"Em sua despedida, Mandetta defende a vida, o SUS e a ciência. Três palavras incompatíveis com o atual governo.","Além do Mandetta, qual outro ministro do governo Bolsonaro vocês estão gostando do desempenho e não querem que ele demita. Ruim mesmo é o Moro e o Paulo Guedes, esses não prestam pra nada. Dá meia hora de cu no sol quente, vocês não querem, bando de ladrões oportunistas.",1,0.5751283764839172,0.4248716235160827,,Incerta
"É capaz do papai colocar o Drauzio Varíola no lugar do Mandetta, e ainda ser criticado pelos jovens que ficam fumando maconha o dia inteiro. Não dá pra levar esquerdista a sério. Por isso só faço piadas!",Linda garota fala pra teu pai que o brasil quer AI_5 urgente.,2,0.4769848883152008,0.5230152010917664,,Incerta
"Em sua despedida, Mandetta defende a vida, o SUS e a ciência. Três palavras incompatíveis com o atual governo.",Galera de exatas não perdoa UMA,2,0.5590886473655701,0.4409113526344299,,Incerta
O Mandetta foi mandado embora. E amanhã você vão pegar a estrada para curtir o feriado prolongado??,"essas porras comemorando a saída do Mandetta, vá se fuder",0,0.4342594146728515,0.5657405853271484,,Incerta
Já passam de 100 o número de óbitos por infarto após o meu papai demitir o Mandetta.,"Laurinha, você viu que o Mandetta estava fazendo o seu showzinho ""Quero mandar um beijo p/ minha mãe, minha professora de infância............ "" e cortaram a transmissão para transmitirem o seu papai! Acabou Mandetta!",1,0.4629498124122619,0.537050187587738,,Incerta
"""E o Mandetta, a linha dele, como médico, era voltada quase exclusivamente para a vida"", disse Bolsonaro","Extraordinário presidente: Mandetta teria de olhar para a morte também, para contrabalançar um pouco essa coisa de só olhar para a vida. Um juramento alternativo para os novos médicos!",2,0.5754407048225403,0.4245592355728149,,Incerta
Mandetta foi de diabo (ao acabar com o Mais Medicos) a heroi pra um lado. E de heroi a diabo (ao ir contra o presidente) do outro lado. O negócio é tipo torcida mesmo. A Pandemia veio para aflorar ainda mais esquerda x direita,E dizer ou seja  Esquerda (querendo ficar viva) X Gado (querendo matar veio e pessoas com problemas pré existentes),2,0.5508155226707458,0.4491844773292541,,Incerta
"Em sua despedida, Mandetta defende a vida, o SUS e a ciência. Três palavras incompatíveis com o atual governo.",incompatível com o próprio mandetta de certa forma,2,0.5220947861671448,0.4779051840305328,,Incerta
"""E o Mandetta, a linha dele, como médico, era voltada quase exclusivamente para a vida"", disse Bolsonaro",Porque médico devia ta cuidando da economia... né?,2,0.4756238162517547,0.5243761539459229,,Incerta
"Bolsonaro demitiu ministro da SAÚDE. E logo em seguida ataca, Rodrigo Maia? ele quer esconder a demissão de Mandetta, uma atitude escolhida, por ele sozinho!    Em meio uma pandemia na área da saúde, ele demitiu quem conduzia todas a ações contra O COVID-19 no país...  #CoronaOut","Mandetta foi um ministro consciente, lutou contra uma das maiores pandemias já registrada, mas qual é o pago dele? Ser demitido por um merda, uma besta quadrada, um GENOCIDA, FELA DA PUTA!",0,0.4878537356853485,0.5121462941169739,,Incerta
"Mandetta nunca foi santo, mas virou santo na última hora. O sistema é forte mas a liderança é algo que nasce com você. Parabéns pela residência!","Eu acho o Mandetta uma criatura oportunista pra caralho, só age seguindo seus interesses, mas não é momento pra demitir a porra do ministro da saúde INFERNO",0,0.5447847843170166,0.455215185880661,,Incerta
"Mandetta deixa como legado uma estrutura para que o Brasil possa – com governo federal, estados e municípios unidos – atender da melhor forma possível a sociedade brasileira, principalmente as pessoas que necessitam do SUS.","Mandetta deixou um legado de corrupção e desvios! Venham vocês dois pra rua testar o ""legado político"" de vocês.",1,0.4404979646205902,0.5595020055770874,,Incerta
"De acordo com a nova Pesquisa do Atlas, Mandetta tem aprovação de quase 80% dos entrevistados. Diante desse número e se o presidente Lula não puder concorrer, vocês votariam em quem para presidente?","Votaria em Bolsonaro, com certeza.",2,0.5341694951057434,0.4658305644989013,,Incerta
"NÃO deixe esse video morrer. Anão critica a indicação de Mandetta e INDICA o Nelson Teich pra ministro da SAÚDE, em novembro/2018.","Genteeeee, esse video é tuuuuuudo de bom kkkkkkkkkk   Olha isso povinho da esquerda kkkkkkkkkkkkkkk   Adoreiiii, o ser do vídeo ainda tinha alguma coisa na cabeça. #MandettaDEMITIDO",2,0.5324601531028748,0.4675398766994476,,Incerta
"Em sua despedida, Mandetta defende a vida, o SUS e a ciência. Três palavras incompatíveis com o atual governo.","Que coisa ridícula, puta que pariu",2,0.5827100872993469,0.4172899425029754,,Incerta
"Primeiro o Mandetta sai, depois a Ivy tá ganhando essa prova do líder, olha não tá fácil o dia de hoje hein #BBB20 #RedeBBB","Alô , disse que não ia tirar o Mandetta no meio da guerra, mas taí fazendo exatamente isso. Acha que vai pegar bem pra você? Só vai sair como maluco, sinto dizer",0,0.5514888167381287,0.4485111236572265,,Incerta
Acho que Mandetta não deveria sair. Ponto. Agora uma dúvida sincera: Esses jornalistas apaixonados pelo Mandetta de fato apreciam as ideias dele ou apoiam qualquer um que parecer causar estragos ao Bolsonaro?,"Não precisa apreciar as ideias do Mandetta. Basta usar como parâmetro as ideias do Osmar Terra Plana e do Olavo d Carvalho, as quais o PR simpatiza, pra escolher qual lado seguir e apoiar.",1,0.5038462281227112,0.4961538016796112,,Incerta
"Parabéns pelos excelentes serviços prestados à nação, Mandetta.   Espero que seu sucessor esteja a altura do momento e não sucumba perante o conspiracionismo e teses anti-científicas.",Ótimos serviços mas foi pego com a boca na botija,1,0.4739798605442047,0.5260201692581177,,Incerta
A demissão do ministro  já era esperada. Lamento que seu trabalho tenha sido interrompido. Nos resta agradecer pelo profissionalismo e a postura adotada no enfrentamento à covid-19. Mandetta honrou a Nação e o seu diploma de médico ao atuar baseado na ciência.,"Ninguém é insubstituível, e é melhor um médico com vontade e entusiasmado para estar a frente nestas horas, independente de ideologias.",2,0.5481712222099304,0.4518288075923919,,Incerta
"Acabo de ouvir do presidente Jair Bolsonaro o aviso da minha demissão do Ministério da Saúde.  Quero agradecer a oportunidade que me foi dada, de ser gerente do nosso SUS, de pôr de pé o projeto de melhoria da saúde dos brasileiros e","Parabéns Mandetta pelo trabalho desenvolvido.  Vida que segue e espero que o novo ministro mantenha a postura ética, científica e de liderança que você manteve nesse período tão conturbado.",2,0.4853517413139343,0.5146482586860657,,Incerta
"Saudade do churrasco de mandioca lá do Mato Grosso, terra do Min. Mandetta e dá nossa Thereza Christina, ministra da Agricultura.","Caramba, colocou um cadáver no lugar do Mandetta.",0,0.4858861863613128,0.5141138434410095,,Incerta
"Mandetta cai porque enfrentou a pandemia com responsabilidade, e Bolsonaro não tolera isso. O presidente da República está derrubando toda a cúpula do Ministério da Saúde em meio à mais grave crise sanitária da história. É um genocida.",É uma lástima,2,0.5201784372329712,0.4798215627670288,,Incerta
Bolsonaro demitiu o Mandetta. Vai ficar pra História o tamanho do absurdo de demitir um Ministro da Saúde no meio da pandemia porque ele seguiu as recomendações da ciência e da OMS,lavem bem as mãos sujas de sangue de quem vai morrer por causa do corona!!!!,2,0.4150892496109009,0.5849107503890991,,Incerta
"Vi o vídeo dos últimos minutos do Mandetta na Folha e acho que ele teve a mesma impressão de quando tive a oportunidade de conhecer o SUS de perto.  Antes de conhecer, acha uma merda Passa uma semana lá e sai batendo a mão no peito e contando pra todo mundo o orgulho que tem dele","O problema do Mandetta defender o sus só agora, é que ele é médico, é especialista, está na política a anos tentando privatizar. Ele nunca foi leigo... esse não é um discurso limpo, é conversa populista",1,0.497084766626358,0.5029153227806091,,Incerta
"Mandetta canalha golpista oportunista que, se nada tivesse saído dos trilhos, talvez seguisse o plano demoníaco de enterrar o SUS em um cemitério indígena. Porém, estava se mostrando sensato diante a pandemia, e sensatez não cabe no reinado dos imbecis. Sorte pra nós!","Rapaz, eu queria sentir o que o Mandetta vai ao dar o primeiro gole na cerveja ou vinho de hoje por ter se livrado do Bototó.",0,0.5042430758476257,0.495756983757019,,Incerta
"Mandetta era um dos poucos desse governo que exaltava a CIÊNCIA, e foi justamente isso que fez Bolsonaro o demitir  Todos sabem que ele não acredita em ciência, é ignorante, não tem capacidade nem de entender os dados que chegam das secretarias de saúde.  É, estamos fodidos!",F...com farofa!,2,0.5546420812606812,0.4453579485416412,,Incerta
"Lembrete:  Mandetta é do DEM (partido do presidente do Senado e Câmara), compactuou com o golpe sofrido pela Dilma e é a favor da privatização do SUS. Mandetta era ministro do governo bolsonarista e os interesses dele não conversam com o da população",Cadê pesquisa sobre a popularidade do presidente Bolsonaro após a demissão do ministro da Saúde Henrique Mandetta? Em queda livre?,0,0.4725127518177032,0.5274872779846191,,Incerta
"Após a saída do Mandetta, quem deveria ser o próximo a abandonar a vida pública? Comente!",Uma baciada de políticos poderia abandonar a vida pública pelo bem da nação.Nhonho está na linha de tiro.,2,0.4551993310451507,0.5448006987571716,,Incerta
"O que podemos fazer com um sujeito desses?  ""Foi o Dr. Uip que disse ao Mandetta pra distribuir a cloroquina na rede pública do país...""  MENTIROSO DE MERDA!","CANALHA! MIL VEZES CANALHA! O SENHOR NÃO TEM O MÍNIMO SENSO DE ESCRÚPULO! NÃO TEM VERGONHA NA CARA, GOVERNADOR  ?!?!",2,0.5998169779777527,0.4001831114292145,,Incerta
Bolsonaro demitiu Mandetta porque ele seguia as orientações da OMS e não negava a ciência. Que tipo de médico aceita assumir um ministério da saúde assim? Esse vídeo é uma prévia do que pode estar nos esperando num futuro próximo. Precisamos tirar Bolsonaro para salvar o país.,Deus tenha misericórdia dos menos favorecidos: este #CocheirodoVampiro #NelsonTeich é o 'ministro' contra a saúde da #RainhaLouca #BolsonaroVirus #BolsonaroGenocida #ImpeachmentdoBolsonaroURGENTE,2,0.5704391598701477,0.4295608699321747,,Incerta
"Agora que o Mandetta não é mais ministro, que fique claro: Ele não fez mais que o mínimo.  Volta ao Status de safado golpista.","Sim, vai fazer piada relacionando maconha com pt na casa do caralho.",2,0.4310474395751953,0.5689525604248047,,Incerta
Sério que esse desgraçado botou o Mandetta pra fora?,Tu tambem chupa as bolas do Mandetta?,1,0.4186131060123443,0.5813868641853333,,Incerta
"Teich não vai mudar em nada a política atual do Ministério da Saúde, e Bolsonaro sabe disso. Tirou Mandetta por birra, para quando as políticas (que começaram a ser implantadas por Mandetta) derem certo, ele poder dizer que foi o melhor a ser feito.","Se tudo der certo (espero) vai ser mérito do novo ministro, se der errado vai ser culpa do Mandetta",1,0.5544505715370178,0.4455493688583374,,Incerta
"Mandetta cavou a própria demissão. Se aproximou da esquerda e desafiou o representante do povo, Bolsonaro, o responsável por sua nomeação. Uma coisa ensinam nos quartéis que todos deveriam seguir, seja justo e saiba valorizar quem te levantou. Mandetta perdeu na infidelidade.","Não acredito que eu li isso nmrl, vai tomar no cu, ele é FUNCIONÁRIO PÚBLICO, tem que ser leal ao povo não ao presidente!!!",2,0.544633686542511,0.4553663730621338,,Incerta
"Mandetta era um dos poucos desse governo que exaltava a CIÊNCIA, e foi justamente isso que fez Bolsonaro o demitir  Todos sabem que ele não acredita em ciência, é ignorante, não tem capacidade nem de entender os dados que chegam das secretarias de saúde.  É, estamos fodidos!",bora ir enfiar um cano de pvc 60 milímetros no cu do bozo?,2,0.4298774898052215,0.570122480392456,,Incerta
"O Mandetta é médico/político.  O Nelson Teich é médico.   A Associação Médica Brasileira, aprovou a escolha do novo ministro da saúde.  Agora é torcer para que o Teich faça um bom trabalho e que o Brasil vença essa crise.","Mas no Mandetta fazia mal trabalho? Ele nao seguia o que os principais países do mundo?  O que vai ser feito agora é ""pagar para ver"". Se der certo, ótimo...caso crie o caos, vai ser responsável direto por isso.",1,0.596711277961731,0.4032886922359466,,Incerta
Ninguém ta endeusando o Mandetta. No meio de tanto maluco irresponsável ele é um dos unicos que está tendo o minimo do bom senso. Mandetta ajudou a acabar com o mais médicos e falou em privatização do SUS. NINGUÉM ESQUECEU QUE ELE É UM FILHA DA PUTA.,A gente tá fudido sem o Mandetta,0,0.5800825953483582,0.4199174344539642,,Incerta
Olha só a tristeza do Mandetta depois de ter se livrado do estrupício.,Tá puto...,2,0.5512524247169495,0.4487476050853729,,Incerta
"Após demitir Mandetta, Bolsonaro ataca Maia: ‘Parece que intenção é me tirar do governo’",quem dera fosse realidade e não só intenção,2,0.5205085277557373,0.4794914722442627,,Incerta
Bolsonaro resolveu atacar o Rodrigo Maia agora na CNN. Parece que a demissão do Mandetta o fez pegar confiança aos ataques contra o congresso.,Ele pega confiança sempre que faz merda e não acontece nada,2,0.4490595757961273,0.5509404540061951,,Incerta
Mandetta  consegue 127 mil curtidas em meia hora e deixa Bolsonaro comendo poeira no Twitter. Neste momento a msg dele ja tem 190 MIL likes.,Kkkķkk  faz tempo q vem os esses perfis  com curtidas  exageradas.....o q vale é  isso...,1,0.1998829245567321,0.8001170754432678,,Alta
"Sempre autêntico e verdadeiro!  PARABÉNS,","O povo brasileiro n quer pagar a conta caudada por VOCÊ, MANDETTA, DORIANA, WITZEL, entre outros! Aos BURROS que te apoiam, vcs também vão pagar essa conta, burros!",2,0.1775990277528762,0.8224009275436401,,Alta
Tanto Mandetta era incompetente que transformou uma medicação numa batalha política. A vaidade dele pesou mais que o interesse no atendimento da população. Milhares morrerão por tamanha imbecilidade.,Poderia explicar como o mandetta transformou isso em batalha politica e não o bolsonaro?,1,0.1697903126478195,0.8302096724510193,,Alta
"""E o Mandetta, a linha dele, como médico, era voltada quase exclusivamente para a vida"", disse Bolsonaro",Agora tem que equilibrar e tratar também da questão da valorização da morte,2,0.1861043721437454,0.813895583152771,,Alta
"Mandetta demitido. Gostei da sua atuação e perfil. Se for candidato a presidência ou vice algum dia, voto nele. (olha que não voto para presidente faz uns 20 anos)",Vc se ilude com populismo e pessoas que sabem se comunicar... provavelmente vai ficar em dúvida entre ele e o Dória!! quem era o Mandetta antes da Pandemia? Cita ai algumas ações dele que melhoraram a saúde no nosso país (corre lá para pesquisar no google).,1,0.1633518785238266,0.8366481065750122,,Alta
"Acabo de ouvir do presidente Jair Bolsonaro o aviso da minha demissão do Ministério da Saúde.  Quero agradecer a oportunidade que me foi dada, de ser gerente do nosso SUS, de pôr de pé o projeto de melhoria da saúde dos brasileiros e","Trocar d Ministro em meio a 1 pandemia é bizarrice caprichosa d Presidente. Td isso pq Mandetta resolveu seguir as orientações da OMS e dos principais órgãos d saúde. Bolsonaro prefere obedecer as situações políticas q a ciência, qd a saúde e vida do povo brasileiro está em risco",2,0.1276203691959381,0.8723796606063843,,Alta
"""E o Mandetta, a linha dele, como médico, era voltada quase exclusivamente para a vida"", disse Bolsonaro","Que defeito horrível para um médico, não é mesmo?",2,0.1737177968025207,0.8262822031974792,,Alta
"""E o Mandetta, a linha dele, como médico, era voltada quase exclusivamente para a vida"", disse Bolsonaro","Tipo, como todo médico deveria ser?",2,0.135037750005722,0.8649622201919556,,Alta
"A demissão do Mandetta é por motivos claros, ele defendia a  ciência, o SUS e o isolamento social pra combater o vírus. Já Bolsonaro só defende o vírus mesmo. #BolsonaroVirus","ah vocês tão de sacanagem, só pode ser, falar que um privatista como Mandetta defendia o SUS. cês não tem vergonha não?",1,0.1763619631528854,0.8236380219459534,,Alta
"“Isso cansa!”, diz Mandetta em entrevista à Veja. Na verdade, Cansados estamos nós de você. Pega a melancia, põe na cabeça e vai fazer show em outro lugar. #TchauQuerido","Verdade Mandetta, vc cansou os Brasileiros, sai fora seu canalha ladrão",1,0.1092144399881362,0.8907855749130249,,Alta
"""E o Mandetta, a linha dele, como médico, era voltada quase exclusivamente para a vida"" - Jair Bolsonaro, presidente do Brasil",o presidente enxerga priorizar a vida como um problema...,2,0.1592496186494827,0.8407503962516785,,Alta
"De acordo com a nova Pesquisa do Atlas, Mandetta tem aprovação de quase 80% dos entrevistados. Diante desse número e se o presidente Lula não puder concorrer, vocês votariam em quem para presidente?",Vamos lá pessoal desmascarar mais uma enquete tendenciosa e mostrar a verdade que liberta. Vamos votar porque a intensão e promover o Mandetta que está prestes a ser desmoralizados com esquemas de corrupcao no MS e favorecimentos a amigas,1,0.1630292534828186,0.8369707465171814,,Alta
"""E o Mandetta, a linha dele, como médico, era voltada quase exclusivamente para a vida"", disse Bolsonaro",Complicado quando o medico não quer saber da economia né.,2,0.191220998764038,0.8087790012359619,,Alta
"Vale lembrar:  Bolsonaro demitiu Mandetta, mas era tudo intriga da imprensa, querendo jogar um contra o outro, claro.  Continue se informando pela claque.  Os financiadores agradecem.","Continue se informando por essa bosta aqui , que você vai terminar igual ele, um nada.",2,0.1844166219234466,0.8155834078788757,,Alta
"""E o Mandetta, a linha dele, como médico, era voltada quase exclusivamente para a vida"", disse Bolsonaro",e não devia ser voltada pra isso??? ué,2,0.1263242065906524,0.8736758232116699,,Alta
"O Brasil passa por uma pandemia e a preocupação do presidente é como tirar o ministro da Saúde, porque a atuação da pasta tem mais apoio do que o presidente Jair Bolsonaro. Isso mostra a qualidade do governante.",Miriam Isso mostra que o presidente não é bobo. A mídia está matando mais que o Corona vírus. Levantaram de mais a bola do Mandetta transformando o cargo em política  . Isso vocês não mostram .,1,0.1341291069984436,0.8658708333969116,,Alta
"""E o Mandetta, a linha dele, como médico, era voltada quase exclusivamente para a vida"", disse Bolsonaro",Ué?!?!? Não deveria ser essa a preocupação maior de um médico? Salvar o máximo de vidas ??,2,0.1190012395381927,0.8809987902641296,,Alta
"De acordo com a nova Pesquisa do Atlas, Mandetta tem aprovação de quase 80% dos entrevistados. Diante desse número e se o presidente Lula não puder concorrer, vocês votariam em quem para presidente?","Galera vamos votar, acho q a votação deles foi pro brejo...",2,0.1159545108675956,0.8840455412864685,,Alta
"Na verdade, a principal bandeira era o ConecteSUS que ia integrar todos os dados de saúde, públicos e privados, no mesmo sistema. Seria a maior iniciativa da saúde brasileira desde a criação do SUS. Espero que seja mantido.",Agora vamos fazer assim o Mandetta não presta pq voltou para q a saúde não tiveste um gasto maior. Horas até um dias atrás todos os ministros do governo eram técnicos não tinha nada q de ruim. O q será q mudou?,0,0.1681479215621948,0.83185213804245,,Alta
"""E o Mandetta, a linha dele, como médico, era voltada quase exclusivamente para a vida"", disse Bolsonaro",Não pode pensar só  na vida talkeyyyyyy,2,0.1743308156728744,0.8256691694259644,,Alta
"Bolsonaro acaba de falar em sua live que “O PROBLEMA DO MANDETTA era que a linha dele, COMO MÉDICO, era VOLTADA QUASE QUE EXCLUSIVAMENTE PARA A VIDA""  o presidente acaba de assumir que demitiu o Ministro da Saúde pq o Ministro da SAÚDE estava preocupado APENAS em salvar vidas.",Se a preocupação de um MÉDICO n for para a vida é p quê então? Pq p se preocupar c a economia já tem o economista.   Pq ele n fala logo que demitiu o cara pq n tava sendo o fantoche dele,2,0.1243253871798515,0.8756746053695679,,Alta
VÍDEO: Bolsonaro usou ponto eletrônico em pronunciamento sobre demissão de Mandetta,Não tem capacidade de fazer nada sem ler ou ouvir...através de  um ponto eletrônico.,2,0.1868578046560287,0.8131422400474548,,Alta
"Quero agradecer a oportunidade que me foi dada, de ser gerente do nosso SUS",e que gerente né? #ForaMaia,2,0.1425903439521789,0.857409656047821,,Alta
"Tchau, querido!","Queria dizer um tchau querido, mas no ministério da saúde considerei Mandetta competente demais pra ter sua saída comemorada.  ""Façam uma defesa do SUS, da vida e da ciência"", palavras dele.",2,0.1540132015943527,0.8459867835044861,,Alta
"Como brasileiro, cumprimento o Ministro Mandetta e sua equipe pelo excelente trabalho desenvolvido a frente do ministério da saúde, coerente o tempo todo com as orientações da OMS e com os princípios científicos.  Ministro, com seu legado, venceremos Pandemias e ""Pandemônios"".","O brasileiro é impressionante... É fora bolsonaro... Panelaço pela saída do mandetta...  A onde estavam essas pessoas quando decretaram o fim do fármacia popular, fim do programa mais médicos...   Ah lembrei, programas que atendiam gente pobre não causa comoção.",0,0.1533405631780624,0.8466594815254211,,Alta
"URGENTE: Bolsonaro demite Mandetta, que deixará hoje o Ministério da Saúde. Após as denúncias de contratos milionários em Comunicação dos governos Lulopetistas e provocações ao Presidente, Mandetta deixa o cargo.",Já não era sem tempo!,2,0.9927530288696288,0.0072470563463866,,Random
meu deus eu ainda n to acreditando que o mandetta foi demitido de vdd,Bolsonaro não demitiu mandetta não né gente?,0,0.6943875551223755,0.3056124150753021,,Random
"Ex-ministro da saúde, Henrique Mandetta, defende a saúde pública e o papel da ciência neste momento no combate ao Covid-19. ""É através dela que nós iremos sair dessa"", afirmou Mandetta.","ele mudou né, quando deputado o discurso não era esse.",2,0.7887161374092102,0.2112838327884674,,Random
URGENTE: Bolsonaro demite Mandetta do Ministério da Saúde; oncologista Nelson Teich vai assumir o cargo,Mano eu imploro por um meteoro pra acabar com tudo logoooooooo,2,0.9883323311805724,0.0116676893085241,,Random
caralho paraaaaaaa de colocar o mandetta num pedestal tbm porra ele n era herói ele só fez O MÍNIMO!!!! tudo bem q o próximo n vai fazer nem isso mas criticar o ruim n significa exaltar o mais ou menos,o mandetta: era lobista e queria desmontar o sus uma parte da esquerda:  mandetta  falo de ciencia  cito o sus 1 vez em mais de um ano de governo  ele tava fazendo um bom trabalho leia-se o minimo na pandemia mas enaltecer ja é d+....,1,0.8088908195495605,0.1911091655492782,,Random
"O ministro da Saúde, Henrique Mandetta, disse há pouco que a troca de comando na pasta deverá acontecer entre hoje e amanhã.","a única pessoa que ta fazendo alguma coisa vai sair do comando, a gente tá fudido mesmo",2,0.9013877511024476,0.0986122786998748,,Random
"""E o Mandetta, a linha dele, como médico, era voltada quase exclusivamente para a vida"", disse Bolsonaro",Eu nunca vou parar de odiar quem votou nesse cara,2,0.9790382385253906,0.0209617298096418,,Random
"qm matou muita gente foi bolsonaro com essa decisao de tirar mandetta, bom só aguarde, os números vão subir o acéfalo vai falar, é coisa da GLOBO. kkkkkkkkkkkkkkkkkk",Tão corajoso que nem a cara tem coragem de mostrar...,2,0.9508657455444336,0.0491342991590499,,Random
"De acordo com a nova Pesquisa do Atlas, Mandetta tem aprovação de quase 80% dos entrevistados. Diante desse número e se o presidente Lula não puder concorrer, vocês votariam em quem para presidente?","""se o lula não puder concorrer""",2,0.1565724313259124,0.8434275388717651,,Random
Mandetta está oficialmente demitido. Que Bolsonaro faça uma escolha brilhante e não cometa o mesmo erro. Gigantesco dia!,Na verdade...o Mandetta veio com o Bibianus,1,0.9914453029632568,0.0085546448826789,,Random
"Todos que estão elogiando tanto Mandetta (agora) sabem que, indiretamente, estão elogiando a ESCOLHA DE BOLSONARO, né? Então admitem que ele montou uma boa equipe ministerial, ao menos? Ou só os que brigam ou saem se tornam bons?",mas nao é possível pqp,2,0.982233703136444,0.0177662558853626,,Random
"Mandetta n foi autoritário como Doria e nem imprudente como Bolsonaro, trabalhou com consciência e tecnicidade, como um bom conservador. Os eleitores apoiadores de Bolsonaro q se dizem conservadores, estão completamente errados, são apenas massa de manobra de um governo populista",essa demissão do mandetta é só mais uma prova do golpe de estado que está muito próximo.,0,0.9772943258285522,0.0227056816220283,,Random
Mandetta sai como ídolo. #ForaBolsonaro,quero ver vcs falarem do envolvimento do ex ministro mandetta em desvio de dinheiro público.  Agora ele é herói né.,0,0.9681840538978576,0.0318159982562065,,Random
E se a gente começar a elogiar ele igual o Mandetta?,"Não dá. O Mandetta é um cachorro, mas atuou conforme o cargo. Weintraub é um inútil olavista completo. Não consegue fazer nada certo. Não tem o que elogiar.",1,0.2482206970453262,0.7517792582511902,,Random
"Se eu fosse o Mandetta, hoje dormiria até meio dia.",panelaço no bairro após bolsonaro confirmar demissão de mandetta,0,0.991584300994873,0.0084157148376107,,Random
"Era o Mandetta. Agora é o Maia. Cada dia é eleito um novo inimigo para os fanáticos ficarem sempre ""afiados"". Kkkk. Patético e risível.","Tal como cada dia vcs elegem um aliadinho novo e o melhor: SEMPRE na base da contradição ora Mandetta não prestava, agora o querem como PR. Vcs são mortadela pura. Gente estúpida não vale o tempo não.",1,0.2167361080646515,0.7832638621330261,,Random
Eu apoio o Mandetta tacar a merda no ventilador,Coringa das ideias,2,0.9779543876647948,0.0220456160604953,,Random
"Bolsonaro demitiu Mandetta por ciúme, inveja e cálculo eleitoral e não foi divórcio consensual coisa nenhuma, mas meras ignorância,  irresponsabilidade, desumanidade e culto à morte, por fazê-lo em pleno pico da pandemia.",Acho engraçado até um mês atrás ninguém sabia quem era Mandetta kkkkk agora tá todo mundo dizendo que ele era o nosso salvador kkkkkk,1,0.9563863277435304,0.0436136238276958,,Random
Hoje lemos na imprensa que o DEM quer aproveitar a popularidade do Mandetta para iniciar diversas ações futuras com a presença do ex-ministro. Está lançado o projeto Mandetta 2022. E seus defensores dizendo que ele não estava atuando politicamente...,Continuo achando esse ex deputado perigosa. Mas as vezes ele põe o dedo na ferida e fala umas verdades. As vezes !!,2,0.959674060344696,0.0403259396553039,,Random
"""E o Mandetta, a linha dele, como médico, era voltada quase exclusivamente para a vida"", disse Bolsonaro","Mas que coisa, não?",2,0.976264238357544,0.0237357690930366,,Random
"""E o Mandetta, a linha dele, como médico, era voltada quase exclusivamente para a vida"" - Jair Bolsonaro, presidente do Brasil","Era pra ser voltada ao mercado, esse foi o grande ""erro""! Custou sua demissão",2,0.8893498182296753,0.1106502339243888,,Random
"Mandetta sai como herói, xeque mate!  Mandetta não foi demitido da Saúde, se deu alta daquele hospício.",Pura verdade.,2,0.985005795955658,0.0149942049756646,,Random
"Mandetta é do DEM, adorado por Maia, que acha que Guedes não é sério, e foi elogiado até por Haddad, o poste de Lula. Teich era o nome de Guedes desde o começo, não tem partido, nunca se candidatou a nada. Os ""liberais"" estão tristes com a troca por qual motivo exatamente?",Quem tá feliz com a troca é você. Ganhou mais um contrato de construção de narrativas a favor do presidente. Sorte que 84% dos Brasileiros fizeram a leitura correta desta situação e sabem quem deu motivos e o porquê da substituição.,2,0.6314910650253296,0.3685089349746704,,Random
"""E o Mandetta, a linha dele, como médico, era voltada quase exclusivamente para a vida"", disse Bolsonaro",Não precisa nem de oposição,2,0.978781521320343,0.0212184749543666,,Random
Mandetta deixa ministério cantando.,Afastamento social!? Só para o povão! Abraços liberados na equipe do Ministério. Não é possível enganar TODOS por TODO tempo. Hipocrisia!,2,0.9883408546447754,0.011659157462418,,Random
"“O Brasil, quero deixar bem claro, não merece o que Rodrigo Maia está fazendo. O Brasil não merece a atuação dele na Câmara. Não é o Parlamento, é a atuação dele. Rodrigo Maia, péssima a sua atuação.” (Jair Bolsonaro, para desviar a atenção sobre a saída de Mandetta do governo)",vixi Rodrigo pegou pesado seu colega bozo,2,0.4844637215137481,0.5155363082885742,,Incerta
Morre um ministro. Nasce um candidato?,"Ainda bem que você descobriu agora o que o Ministro Mandetta tentou fazer enquanto esteve à frente do ministério durante a crise. Política. Infelizmente, política e não ações.",1,0.5139294862747192,0.486070454120636,,Incerta
"Demitiu Mandetta, e agora quer derrubar Rodrigo Maia. Bolsonaro tenta neste momento a todo custo afrouxar os grilhões cientificista e legalista que alguns atores público impuseram a ele.  Tudo isso em meio a maior crise sanitária em mais de 1 século.",Respeita euuuuuuuuu Maia!!!!!!!!!!!!!!!!!!!!!! Senão eu choro...,2,0.5268549919128418,0.4731450974941253,,Incerta
"Em sua despedida, Mandetta defende a vida, o SUS e a ciência. Três palavras incompatíveis com o atual governo.",Kkkkkkkkkkkkkkkkk ta de sacanagem,2,0.5935115814208984,0.4064883887767792,,Incerta
As máscaras que  comprou(sem licitação da empresa que financiou sua campanha) pelo dobro do preço do mercado.Vejam a qualidade das máscaras q o Ministro Mandetta enviou p/o Hospital Universitário da UFG.É assim que querem proteger o profissionais para combater o vírus?,"Essa é a máscara que o Mandetta, o querido amigo do  comprou sem licitação para ser usados pelos profissionais da saúde, que estão na frente de batalha do covid19?",2,0.4415638446807861,0.5584360957145691,,Incerta
As máscaras que  comprou(sem licitação da empresa que financiou sua campanha) pelo dobro do preço do mercado.Vejam a qualidade das máscaras q o Ministro Mandetta enviou p/o Hospital Universitário da UFG.É assim que querem proteger o profissionais para combater o vírus?,Que vergonha hein Mandetta???????Assim que protegia os brasileiros!!!!!,1,0.4351654350757599,0.5648345947265625,,Incerta
Mandetta  consegue 127 mil curtidas em meia hora e deixa Bolsonaro comendo poeira no Twitter. Neste momento a msg dele ja tem 190 MIL likes.,Quer dizer que quem ganha eleição é quem tem mais curtidas no twitter ?? kkkkkk vixe #ForaMaia,2,0.5625677704811096,0.4374321699142456,,Incerta
URGENTE: Bolsonaro demite Mandetta do Ministério da Saúde; oncologista Nelson Teich vai assumir o cargo,o bozonaro é meio idiota de demitir o MINISTRO DA SAÚDE NO MEIO DE UMA PANDEMIAAAA,2,0.5753345489501953,0.4246653914451599,,Incerta
"Em sua despedida, Mandetta defende a vida, o SUS e a ciência. Três palavras incompatíveis com o atual governo.",Se o Haddad tá defendendo é pq passou da hora de mandar o Mandetta embora.,2,0.451037585735321,0.548962414264679,,Incerta
Quem era Mandetta antes de virar Ministro da Saúde? O que fez no ministério no período anterior à epidemia?,"Maia, vc pode responder abaixo quem era Mandetta antes de ser Ministro? #UnidosComBolsonaro",2,0.5430406332015991,0.4569593667984009,,Incerta
A conversa em Brasília é que Karluxo está fora de controle e que interviu diretamente no estremecimento e queda de Mandetta. Os militares já não aguentam mais a influência dele sobre o Bolsonaro. Estão fartos,Exército de saco cheio? Imagine o saco do Brasileiros. Vou dizer a real. Exercito vai deixar o bozo asqueroso até  2021. Depois impeachment e Mourão assume. Simples.,2,0.5437252521514893,0.4562747180461883,,Incerta
"Mandetta foi rapidamente defendido por Maia, Alcolumbre, Haddad e Dória. Aplaudir o ex ministro é assinar atestado de burrice.","Se esse tipo de gente tá defendendo, é de duvidar a índole.",2,0.524174690246582,0.4758253395557403,,Incerta
Como brasileiro agradeço o ministro Mandetta por sua atuação firme na Saúde. Por ter desempenhado seu papel ancorado na ciência e nas evidências. Compartilho do sentimento de milhões de cidadãos dizendo muito obrigado por reconhecer seu bom senso e  dedicação.,"Mais do mesmo né Luciano? Comunistas dos infernos! O povo brasileiro de bem desse país, quer que o O Dr. Mandetta vá pra pqp.",1,0.5972674489021301,0.4027324914932251,,Incerta
"Depois dessa demissão do Mandetta em meio a pior pandemia do século, tudo o que nós não poderíamos desperdiçar era TEMPO, vocês tem noção do que é isso? Isolamento é a última opção pra conter uma pandemia","Mandetta saiu sem explicar porquê liberou o carnaval, sem explicar porquê não defendeu o uso de máscaras antes, sem convencer ter pedido 410 bilhões por erro de digitação, porque só precisava 10 bilhões, e também não disse quanto ganhou pra dar entrevista no Fantástico?!",0,0.5245803594589233,0.4754196405410766,,Incerta
Mandetta sai do Ministério da Saúde um gigante. Sempre com foco em salvar vidas e na ciência. #ObrigadoMandetta,Estou triste pela demissão do Dr. Mandetta.,1,0.4889242351055145,0.5110757350921631,,Incerta
Mandetta demitido e vamos seguir ignorando o presidente. Quem puder fique em casa e quem estiver na rua use máscara.,Como faz pra demitir o presidente????,2,0.4977575242519378,0.5022424459457397,,Incerta
"Trocar ministro mais popular do governo neste momento (64% de avaliação positiva, contra 39% de Bolsonaro, segundo Atlas Político) reflete o pavor do presidente de que essa popularidade ofusque ainda mais a dele. Nada garante que demissão inverterá o jogo.","Você virou a Vera Magalhães de cuecas! Uma lástima. Sabe muito bem que após a entrevista ao Fantástico, feita com essa intenção, não haveria condições da permanência do Mandetta no governo. Triste o não-jornalismo brasileiro. Não perderei mais tempo lendo o que você escreve.",1,0.586301326751709,0.4136987328529358,,Incerta
"Ué, tá reclamando? Não foi vc mesmo que o indicou como um nome muito melhor que o Mandetta quando este foi anunciado em 2018? Kkkkkkkkkkk",Otário morre pela boca. Hahaa,2,0.4399347007274627,0.5600652694702148,,Incerta
"""E o Mandetta, a linha dele, como médico, era voltada quase exclusivamente para a vida"", disse Bolsonaro","""...a linha dele, como médico, (deveria) ser voltada quase exclusivamente para a morte"". É isso?",2,0.504184901714325,0.4958151578903198,,Incerta
"OPINIÃO: ""Permanência de Mandetta no cargo estava inviável"". |    Saiba mais:","Um idiota tornou insustentável a permanência de alguém sério e preparado e com condução firme e precisa . Tem que ser muito , mas muito idiota mesmo pra distorcer o que quer dizer o mandatário , que claramente quer fazer tudo fora do time correto .",2,0.4393259584903717,0.5606740117073059,,Incerta
"Concordo c tudo, mas se Bolsonaro tivesse aceitado a realidade e não fosse um narcisista, o mandetta teria continuado e feito o necessário, isso não quer dizer q ele é santo, ou q eu esqueço o q ele tentou destruir do SUS c o aval de Bolsonaro","E o fato q ele é um bom comunicador, esse novo ministro é horrível, não tem traquejo nenhum, bobear é pior q o Bozo, pois tem escolaridade superior e n sabe se comunicar, não sei se dura duas semanas, tb concordo q qdo a situação ficou insustentável, o mandetta caçou a demissão",1,0.5113463401794434,0.488653689622879,,Incerta
"Em especial para você com mais idade que votou no Bolsonaro, seu novo ministro da saúde:  Bolsonaro convida oncologista Nelson Teich para Ministério da Saúde #BolsonaroGenocida #Mandetta","Com vocês, o novo ministro da saúde. Você idoso com alguma doença crônica, como se sente????",2,0.5379916429519653,0.462008386850357,,Incerta
"Coitadinhos de voces esquerdistas ai ai Bolsonaro malvado.  Mandetta, nao tinha nem o número de curados. Nao tinha plano, não tinha controle. Mas o chimpanzé médio da esquerda bate palma. Bons eram os ministros não técnicos do PT, Okamoto, Zé Dirceu e sua trupe de ladroes.","Quem falou em PT? O engraçado é que agora o gado fala que o Mandetta não era competente,  mas quando o Bolsonaro o elegeu para ministro, vcs bateram palmas. Aonde vc deixou o senso crítico? Na privada? E ainda chama os outros de burros.",1,0.4887941777706146,0.511205792427063,,Incerta
"""PSOL denuncia demissão de Mandetta à OMS e pede convocação de Teich""  Eu denunciaria o PSOL por abuso de poder. Tem que aniquilar esses ratos usando todo o potencial da lei.","Engraçado, OMS é o quarto poder do Brasil?????",2,0.407495379447937,0.5925046801567078,,Incerta
"Agora que o Mandetta foi demitido estamos salvos né!? O mito pode trabalhar, a economia está salva, as pessoas vão parar de morrer, acabou a sabotagem!  POIS EU DOU 48 HORAS PRA RESOLUÇÃO DOS PROBLEMAS BOLSOMINIONS BURROS, VAMOS VER!",então quer dizer q #bolsonaro demitiu ma big boi mandetta.. este é o preço a se pagar ser um foda negro sensato.,0,0.4468929767608642,0.5531070828437805,,Incerta
"13/11/2018.   Ora, ora...",O ano era 2018,2,0.5657097101211548,0.4342902898788452,,Incerta
Médico oncologista defende o que chama de 'isolamento inteligente' e não acha que a defesa da saúde e da economia sejam excludentes.,"Olha lá o espantalho: ""isolamento inteligente""",2,0.4864386022090912,0.5135613679885864,,Incerta
"Acabo de ouvir do presidente Jair Bolsonaro o aviso da minha demissão do Ministério da Saúde.  Quero agradecer a oportunidade que me foi dada, de ser gerente do nosso SUS, de pôr de pé o projeto de melhoria da saúde dos brasileiros e",parabéns bolsonarro...peelaa demissãao desse mandetta,2,0.5070414543151855,0.4929586052894592,,Incerta
"- Minha solidariedade ao cantor , que vem sendo injusta e covardemente atacado após a grande live que fez dentro de sua própria casa. Ele e outros artistas sertanejos e de demais gêneros, têm sido grandes heróis nessa luta contra a COVID19 e merecem aplausos!","Ai vai se fude viu... Falar de médicos e todos os trabalhadores essenciais ele n fala, reconhecer o trabalho do mandetta ele n reconhece. Só tem tempo para parabenizar cantor sertanejo????",2,0.5879697799682617,0.4120303094387054,,Incerta
"Jair Bolsonaro repete várias vezes que é preciso adotar uma estratégia que mantenha as pessoas na rua e também garanta a saúde da população.  Ele não mostra q estratégia é essa NUNCA, pq ela não existe em lugar nenhum do mundo.  É burro. Impressionantemente burro.",Eu só queria meu Mandetta Defensor do SUS de volta,2,0.406045138835907,0.5939549207687378,,Incerta
"Bolsonaro diz que podem perguntar pq decidiu substituir Mandetta. Explica o presidente durante a posse do novo ministro da Saúde: diz que visão de Mandetta era da Saúde, da vida. A sua é, além da vida, a da economia, a do Paulo Guedes.","Assim.. O Ministro da Saúde tem que ter que visão do que, heim?  Buguei!",2,0.5135874152183533,0.4864126145839691,,Incerta
"Acabo de ouvir do presidente Jair Bolsonaro o aviso da minha demissão do Ministério da Saúde.  Quero agradecer a oportunidade que me foi dada, de ser gerente do nosso SUS, de pôr de pé o projeto de melhoria da saúde dos brasileiros e",E vamos de saída da única pessoa que ainda prestava nesse (des)governo &lt;/3 Parabéns Mandetta pelo excelente trabalho!! Você era muito bom para esse governo. Brasil fica com Deus!!,2,0.5136229991912842,0.4863770306110382,,Incerta
Como brasileiro agradeço o ministro Mandetta por sua atuação firme na Saúde. Por ter desempenhado seu papel ancorado na ciência e nas evidências. Compartilho do sentimento de milhões de cidadãos dizendo muito obrigado por reconhecer seu bom senso e  dedicação.,"Pq ele não peitou o sistema e impediu o carnaval ? O vírus já estava no país desde janeiro , o presidente pediu alerta a saúde dia 04/02 e Maia #ForaMaia sentou em cima  Um frouxo e traidor é o que Mandetta é .",1,0.4845231473445892,0.5154768228530884,,Incerta
"Todos que estão elogiando tanto Mandetta (agora) sabem que, indiretamente, estão elogiando a ESCOLHA DE BOLSONARO, né? Então admitem que ele montou uma boa equipe ministerial, ao menos? Ou só os que brigam ou saem se tornam bons?",tem que ser raso demais pra achar que lamentar a demissão de UM ministro que vinha fazendo um trabalho decente durante uma &gt;pandemia&lt; e foi tirado do cargo por birra de um presidente que parece adolescente mimado querendo chamar atenção significa algum tipo de elogio ao figurante,2,0.4983496069908142,0.5016504526138306,,Incerta
"Eu demito o Mandetta e o agora o Brasil vai dançar, tá ok?",tu ja viu isso  kkkkkkkkk,2,0.408904105424881,0.5910959243774414,,Incerta
Será que eles batem panela assim? Kkkkk,Olha a esquerda e seu panelaço aí contra PRESIDENTE Raiai. Nem vamos dormir   O MINISTRO DA SAÚDE FOI DEMITIDO !!!!  FIQUE EM CASA MANDETTA .... TALKEY,2,0.5541224479675293,0.4458774924278259,,Incerta
Quando vai ser o Roda Viva com o Mandetta?,Quando chegar a curva e fazer a roda furar kkkkkkkk,2,0.4466564953327179,0.5533434152603149,,Incerta
Mandetta e sua política de isolamento estão longe de representar a visão única existente na comunidade médica. Recebi de um respeitado médico uma mensagem de desabafo justamente pq ele e vários pares estão revoltados com essa idolatria toda ao ministro.,"Olha, Mandetta pode não ser unanimidade entre os médicos , mas tem apoio da maioria. Inclusive de muitos médicos com bom conceito. Como toda unanimidade é burra, contra ele estão os do nível do Terraplana. Mas estes , pelo menos entre os médicos, ninguém se importa.",1,0.4117460548877716,0.5882539749145508,,Incerta
"O Brasil passa por uma pandemia e a preocupação do presidente é como tirar o ministro da Saúde, porque a atuação da pasta tem mais apoio do que o presidente Jair Bolsonaro. Isso mostra a qualidade do governante.","A preocupação do vice, também. Ontem ou anteontem o Moirão repreendeu a fala do Mandetta comparando com regras e faltas do polo, um jogo de gente rica. Mais autista que esses dois fardados, impossível",1,0.4472887516021728,0.5527113080024719,,Incerta
"Acabo de ouvir do presidente Jair Bolsonaro o aviso da minha demissão do Ministério da Saúde.  Quero agradecer a oportunidade que me foi dada, de ser gerente do nosso SUS, de pôr de pé o projeto de melhoria da saúde dos brasileiros e","ai mandetta o BOZO não sabe oq faz pqp, muito burro, agr q tu saiu fudeu kkkkkkkkkkkkkk rindo pra não chorar",2,0.4686470329761505,0.5313529968261719,,Incerta
"O Congresso Nacional, em meu nome e do presidente da Câmara , divulgamos nota sobre a saída de Luiz Henrique Mandetta () do cargo de ministro da Saúde :","Essa nota reflete muito bem o que pensam os dois presidentes dessas casas. E que pensam não é o que o Brasil sente, precisa e deseja. Vocês dois deveriam ouvir mais a população e ficar do lado do Brasil. O que vocês estão fazendo é vergonhoso.",2,0.4824496209621429,0.5175503492355347,,Incerta
"A demissão de Mandetta nos coloca em risco. O posicionamento pautado em critérios técnicos e científicos custou o seu cargo como ministro. Em um governo que defende a economia acima de tudo, a vida da população não vale nada. Que Deus nos proteja.",Que Deus nos proteja.,2,0.56950443983078,0.4304955899715423,,Incerta
"Mandetta foi demitido como ministro da Saúde por ter seguido as orientações da OMS, em acordo com o que todos os países tem feito para combater a pandemia de coronavírus.  Mandetta foi demitido por estar fazer a coisa certa, um erro brutal para um ministro de Bolsonaro.","Infelizmente, demitiram o único ministro competente desse governo que quase ninguém presta.",2,0.5156537294387817,0.4843463599681854,,Incerta
"Em sua despedida, Mandetta defende a vida, o SUS e a ciência. Três palavras incompatíveis com o atual governo.","Antes falava mal, agora fala bem do Mandetta não e'. Você e' um verdadeiro cara de pau e sem personalidade.",1,0.5446099638938904,0.4553899765014648,,Incerta
"""E o Mandetta, a linha dele, como médico, era voltada quase exclusivamente para a vida"", disse Bolsonaro","Maldito Mandetta, pensando na vida das pessoas! Como ousa??",1,0.4749402701854706,0.5250597596168518,,Incerta
"Mandetta é o primeiro caso de demissão por competência, demitido porque não lambeu as botas de quem está errado.  E aqueles que defendiam um ""Ministério Técnico"" se curvaram e ainda aplaudem uma demissão política.",Mandetta foi demitido por ser político e por usar o ministério como palanque para gentinha como Maia e sua corja.,1,0.5560432076454163,0.4439567923545837,,Incerta
"Bolsonaro - gerador de instabilidades - não respira sem forjar conflito. Demitido Mandetta, volta agora as baterias contra o Parlamento. O presidente é crise dentro da crise.","Fala sério ... Vc foi um dos que criticou quando o Presidente indicou o The Good Doctor MANDETTA. (Puxa capivara aí). Até podia não tê-lo demitido ""agora"", mas em contra partida o Mandetta tmb não deveria ter sido menos partidário? Pq será que virou a chave tão rápido??",1,0.4432997703552246,0.5567002296447754,,Incerta
"""E o Mandetta, a linha dele, como médico, era voltada quase exclusivamente para a vida"", disse Bolsonaro",Se tivesse colocado um veterinário no MS teria um ministro preocupado com você. Simples assim!,2,0.4362839758396148,0.5637159943580627,,Incerta
"Presidente trocou Mandetta por um nome que pensa EXATAMENTE como Mandetta. Pura politicagem, ciumeira. Agora o min Saúde terá de trocar toda sua equipe e prejudicar o combate ao corona porque Bolsonaro está mais preocupado com a própria popularidade do que com o país. VERGONHA!","Vdd, ele pensa igual o Mandetta, vdd Kim Katacoquinho, é tudo um plano do PR de destruir o Brasil pra depois da um golpe. Parabéns.",1,0.5490496754646301,0.4509503841400146,,Incerta
"""E o Mandetta, a linha dele, como médico, era voltada quase exclusivamente para a vida"", disse Bolsonaro","""E a costureira, a linha dela, como alguém que costura, é voltada quase exclusivamente para costurar""",2,0.4955330789089203,0.5044669508934021,,Incerta
"""E o Mandetta, a linha dele, como médico, era voltada quase exclusivamente para a vida"" - Jair Bolsonaro, presidente do Brasil",Que absurdo um médico com uma linha quase que exclusiva para a vida. Eu mandava embora também. Tá certo o Miliciano!,2,0.1904733777046203,0.8095266222953796,,Alta
"Mandetta, gratidão pelo oq fez aos brasileiros. Se ñ estamos em situação pior devemos a você e sua equipe. Apoiados na ciência seguraram a curva do contágio. Obrigada pela humanidade, bom senso, generosidade e amor à nação.O reconhecimento do seu trabalho ultrapassou fronteiras.","Ciência se faz com pesquisa e dados concretos, ele não mostrou nada, apenas repassava números falsos que vinham dos Estados e insistia numa única idéia, ""fica em casa"". Se perdeu por completo. Caiu nas graças de governadores e parlamentares corruptos que querem o mal do país.",2,0.1994200050830841,0.8005800247192383,,Alta
"""E o Mandetta, a linha dele, como médico, era voltada quase exclusivamente para a vida"", disse Bolsonaro","Era de se esperar vindo de um profissional da saúde... além do mais, não é a vida dos cidadãos que todos os governantes do mundo estão tentando salvar?",2,0.1792495846748352,0.82075035572052,,Alta
"""E o Mandetta, a linha dele, como médico, era voltada quase exclusivamente para a vida"", disse Bolsonaro","Que absurdo né Mandetta, como pode você prezar pela vida da população?",2,0.1900682747364044,0.809931755065918,,Alta
"Acabo de ouvir do presidente Jair Bolsonaro o aviso da minha demissão do Ministério da Saúde.  Quero agradecer a oportunidade que me foi dada, de ser gerente do nosso SUS, de pôr de pé o projeto de melhoria da saúde dos brasileiros e","Mandetta você foi mais um traíra,  não foi atoa , que você foi indicado por um governador.",2,0.1733421832323074,0.8266578316688538,,Alta
"""E o Mandetta, a linha dele, como médico, era voltada quase exclusivamente para a vida"" - Jair Bolsonaro, presidente do Brasil",Aquele que diz que a vida é muito importante “MAAAS”...,2,0.1145850121974945,0.8854150176048279,,Alta
"O presidente do CNPq foi demitido, o motivo? Pediu incentivo à pesquisa.  Mandetta foi demitido ontem, o motivo? Oferecia um trabalho que era pautado pela ciência.  Esse governo é inimigo da ciência.",Fundamentalismo religioso e hipocrisia nos costumes não combinam com ciência! #ForaBolsonaro,2,0.1266148388385772,0.8733851909637451,,Alta
"Em sua despedida, Mandetta defende a vida, o SUS e a ciência. Três palavras incompatíveis com o atual governo.","Mandetta, o mesmo que comemorou que nem moleque o impeachment da Dilma e queria a privatização do SUS.   Haddad, você não pode ser presidente. Teríamos mais um governo neoliberal.",2,0.1182492226362228,0.881750762462616,,Alta
"Deixo claro um assunto que toda a imprensa está dizendo agora: há uma subnotificação ocorrendo.  Os números vão, obviamente, crescer, pois o novo ministro aumentará o número de testes e nos dará o parâmetro correto.  Teste, planejamento e tratamento. E depois voltar ao trabalho!",Por que não permitiram o Mandetta fazer os testes se esses já foram comprados?,2,0.1504186391830444,0.8495813012123108,,Alta
"Bolsonaro demitiu Mandetta por ciúme, inveja e cálculo eleitoral e não foi divórcio consensual coisa nenhuma, mas meras ignorância,  irresponsabilidade, desumanidade e culto à morte, por fazê-lo em pleno pico da pandemia.","Se vc soubesse que sua mulher estava de conchavos com ""Outros"" Homens para te trair e a tempo todo tem prazer em tacar isso na sua cara e expor isso a todos! Vc acha mesmo que o divórcio seria consensual? Em que Brasil vc vive? O cara começou bem mas os amantes de mandetta gritam",1,0.1008218750357627,0.899178147315979,,Alta
"Em sua despedida, Mandetta defende a vida, o SUS e a ciência. Três palavras incompatíveis com o atual governo.","Pra quem queria privatizar o SUS e liderou a difamação dos médicos cubanos, o tempo no Ministério o fez aprender a importância do SUS, pelo jeito.",2,0.18509142100811,0.814908504486084,,Alta
"Em sua despedida, Mandetta defende a vida, o SUS e a ciência. Três palavras incompatíveis com o atual governo.",Vida só enquanto é embrião/feto,2,0.1026800423860549,0.8973199129104614,,Alta
"Bolsonaro falou em sua live que “O PROBLEMA DO MANDETTA era que a linha dele, COMO MÉDICO, era VOLTADA QUASE QUE EXCLUSIVAMENTE PARA A VIDA""",E a do fdp que preside o país é voltada exclusivamente para a morte! Eu odeio aquele idiota!,2,0.1217823475599289,0.8782175779342651,,Alta
"A maioria esmagadora dos brasileiros é contrária à demissão de Mandetta: 76,2% dos entrevistados discordam do afastamento do ministro da Saúde, segundo pesquisa realizada pelo Atlas Político. Vc concorda com o resultado da pesquisa?   via","Pesquisa mentirosa, esse verme já devia ter saido. O Sr  a qual tenho enorme respeito, não precisava divulgar essa merda de entrevista! Não de holofotes a esses canalhas, patifes.",2,0.1723939329385757,0.8276060819625854,,Alta
"A maioria esmagadora dos brasileiros é contrária à demissão de Mandetta: 76,2% dos entrevistados discordam do afastamento do ministro da Saúde, segundo pesquisa realizada pelo Atlas Político. Vc concorda com o resultado da pesquisa?   via","Pergunte ao povo de verdade, aquele que trabalha, não pra almofadinhas que tem salário e emprego garantido. O resultado seria a inversão desse número. Aliás pra que serve essa pesquisa? Que valor tem isso agora? Vcs acham que o trabalhador se importa com pesquisa?",2,0.1080542802810669,0.8919457793235779,,Alta
Bolsonaro acabou de demitir o Presidente do CNPq por ele pedir incentivo à pesquisa. Demitiu Mandetta por seguir orientações da OMS. Demitiu o presidente do IBAMA por combater garimpo ilegal.  Demitiu presidente do INPE por alertar sobre desmatamento na Amazônia.Onde vamos parar?,Onde já estamos?,2,0.1922071725130081,0.8077928423881531,,Alta
"De acordo com a nova Pesquisa do Atlas, Mandetta tem aprovação de quase 80% dos entrevistados. Diante desse número e se o presidente Lula não puder concorrer, vocês votariam em quem para presidente?","70 % chora não bb esquerdopata, pois agora se olha no espelho e refaça essa pergunta, sou um verdadeiro idiota mesmo?      Hilário",2,0.1502493768930435,0.8497506380081177,,Alta
"Excelente, Presidente .  Convém lembrarmos que Mandetta em nenhum momento revogou ou alterou a portaria do SUS feita nas gestões do PT, conhecida como “manual do abortamento” e que, na prática, incentiva o aborto.",Parabéns Presidente!,2,0.1722585260868072,0.8277415037155151,,Alta
"Demitido, Mandetta, agente político, sai antes do que, tudo indica, será o pior momento da disseminação do vírus entre nós. (E sai sem ser cobrado pelo erro de não testar em massa como política de Estado). Bolsonaro fez seu jogo. Se a peste crescer, a tragédia vai para sua conta.","Andreazza o quanto era possível testar mais nas condições do Brasil? Me refiro as universidades sucateadas, ciência isolada, dólar a 5 reais e presidente te sabotando?  Duvido q o Mandetta e a equipe não tenham tentado fazer mais testes, mas os nosso laboratórios não conseguem.",1,0.1908248364925384,0.8091751337051392,,Alta
"""E o Mandetta, a linha dele, como médico, era voltada quase exclusivamente para a vida"" - Jair Bolsonaro, presidente do Brasil","Pra quê seguir a linha da vida, né? E os mais pobres tem que trabalhar, são descartáveis, nunca vai faltar pobre para substituir.  #ForaBolsonaro  #BolsonaroGenocida  #ImpeachmentdoBolsonaroURGENTE  #bolsonaroquerquevocêmorra",2,0.1486700028181076,0.8513299822807312,,Alta
"""E o Mandetta, a linha dele, como médico, era voltada quase exclusivamente para a vida"", disse Bolsonaro","PQ SERÁ O ENERGÚMENO, TALVEZ PQ ERA MINISTRO DA SAÚDE E É MÉDICO, LOGO DEVE SE PREOCUPAR COM O BEM MAIS IMPORTANTE: A VIDA !!!!  aí gente, eu me sinto tão esgotada que dá vontade do mundo acabar de verdade viu",2,0.1072976365685463,0.8927023410797119,,Alta
Bolsonaro acabou de demitir o Presidente do CNPq por ele pedir incentivo à pesquisa. Demitiu Mandetta por seguir orientações da OMS. Demitiu o presidente do IBAMA por combater garimpo ilegal.  Demitiu presidente do INPE por alertar sobre desmatamento na Amazônia.Onde vamos parar?,"Pqp! Estao acabando com o CNPq. Trabalhei quase 7 anos no órgão, tem gente que nao faz ideia do quão importante é pra ciência e tecnologia do Brasil.  Péssimos dias pra comunidade científica brasileira.",2,0.1363742351531982,0.8636257648468018,,Alta
"Em sua despedida, Mandetta defende a vida, o SUS e a ciência. Três palavras incompatíveis com o atual governo.","Agora o SUS presta, né?",2,0.1036032363772392,0.8963967561721802,,Alta
O Mandetta sabe (tanto que avisou) que meses difíceis nos aguardam. Ele sabe que o que precisava ser feito pra reduzir as mortes em massa não foi feito a tempo. Ele não quer é o nome dele associado com a desgraça que nos aguarda. Tá mirando nas próximas eleições.,"Bolsonaro tava visivelmente incomodado ao ouvir seu novo ministro da saúde falar. Discurso de Teich seguiu praticamente a linha do que Mandetta estava fazendo: seguindo a ciência, isolamento não muda, mas investir em dados para tomada de decisão futura. Porque então houve troca?",0,0.1708569675683975,0.8291431069374084,,Alta
"""E o Mandetta, a linha dele, como médico, era voltada quase exclusivamente para a vida"", disse Bolsonaro",AINDA BEM NÉ MANO  IMAGINA SE FOSSE VOLTADA PRA OUTRA COISA COM ELE SENDO MÉDICO??????,2,0.1292728334665298,0.8707271218299866,,Alta
"O ex-governador do Ceará, Ciro Gomes (PDT), criticou o discurso do presidente da República Jair Bolsonaro (sem partido), na tarde desta quinta-feira, 16.",Eu espero de coração que por picuinha e canetaços (abuso de poder) o povo Brasileiro não pague um valor tão alto!  #Lamentável #Mandetta,0,0.9378581047058104,0.0621418580412864,,Random
O que Mandetta vai fazer para não sumir do radar?,Deputada federal disse que Luiz Henrique Mandetta 'não pode chamar toda atenção para ele'.,0,0.9908366203308104,0.0091633554548025,,Random
Os cara chamando o mandetta de comunista mano puta q pariiiiu,"Ceará com 100% dos leitos de UTI ocupados, Amazonas deixando corpos do lado de pessoas internadas, Mandetta demitido  Vai dá bão",0,0.9744861721992492,0.0255138650536537,,Random
Presidentes da Câmara e do Senado divulgaram nota conjunta lamentando a saída do ministro.,"Demissão do Mandetta só nos mostra o nível mental do presidente, se a pessoa nao concorda com ele, logo não é útil.",1,0.9893223643302916,0.0106776226311922,,Random
"Mandetta é do DEM, adorado por Maia, que acha que Guedes não é sério, e foi elogiado até por Haddad, o poste de Lula. Teich era o nome de Guedes desde o começo, não tem partido, nunca se candidatou a nada. Os ""liberais"" estão tristes com a troca por qual motivo exatamente?",Boa pergunta.,2,0.94467294216156,0.0553270727396011,,Random
"Acabo de ouvir do presidente Jair Bolsonaro o aviso da minha demissão do Ministério da Saúde.  Quero agradecer a oportunidade que me foi dada, de ser gerente do nosso SUS, de pôr de pé o projeto de melhoria da saúde dos brasileiros e","URGENTE: É OFICIAL, MANDETTA NÃO É MAIS MINISTRO DA SAÚDE.   Essa é a OITAVA troca de ministro desde começo da gestão Bolsonaro.",2,0.1603719443082809,0.8396280407905579,,Random
"Após a saída do Mandetta, quem deveria ser o próximo a abandonar a vida pública? Comente!",RODRIGO MAIA. O INIMIGO NÚMERO 1 DO BRASIL !,2,0.96065491437912,0.0393450893461704,,Random
Mandetta deixa ministério cantando.,Eles tiraram as máscaras ou ela caiu!? #ForaMaia  #BolsonaroTemRazaoSim,2,0.9767664670944214,0.0232335533946752,,Random
"#ForaBolsonaro Não acho que quem ganhar ou quem perder, nem quem ganhar nem perder, vai ganhar ou perder. Vai todo mundo perder.  Volta Mandetta","E minha irmã que soltou um ""quem morreu"" quando abri o vídeo",2,0.9842594265937804,0.0157405138015747,,Random
"Bolsonaro fazendo jus ao apelido de Rainha Louca demite o Ministro da Saúde, Luiz Henrique Mandetta, no meio de uma pandemia mundial.  O médico vinha fazendo um bom trabalho de combate ao coronavírus, o presidente não soube lidar com a inveja da popularidade do Ministro.",Não existe presidente mais incompetente e irresponsável que o do nosso país! #ForaBolsonaro  sua loucura vai nos levar á morte!,2,0.9679995775222778,0.0320004113018512,,Random
Parabéns ministro Mandetta o senhor fez o seu melhor né?!,"eu li essa manchete como ""Troca do Mandetta deve se concretizar hoje ou amanhã, diz Mandetta""",0,0.9763696789741516,0.0236303098499774,,Random
#ForaBolsonaro  Depois que o Bolsonaro demitiu o Mandetta o dinheiro do auxílio emergencial vai servir pra comprar o CAIXÃO.,Rindo se não fosse trágico.,2,0.984476923942566,0.0155230620875954,,Random
"Bolsonaro, por sua vez, será o presidente que demitiu o ministro que trabalhava, que cuidava da saúde de todos.  Mas, percebam, isto é política bem jogada. Mandetta construiu esta imagem fazendo boa comunicação. Ele é muito hábil falando, explicando, construindo uma mensagem.","Um pouco injusta sua colocação desmerecendo o Mandetta. Ele tentou realmente peitar a irresponsabilidade do PR em reabrir comércio e acabar com a quarentena.   Fez mais do que deveria como a obrigação, deu elementos pro Bolsonaro voltar atrás.",1,0.9616068601608276,0.0383931957185268,,Random
"Mesa posta. Embora Mandetta diga que não sabe ainda o que fará após a demissão, até o início desta semana estava, sim,  tudo acertadíssimo para ele integrar o secretariado de Ronaldo Caiado. Hipócrita! #ForaMaia",É TRISTE A FALTA DE HUMANIZAÇÃO DESSE GOVERNO!  “ O que os estrangeiros estão falando sobre a demissão de Mandetta em meio à pandemia “,0,0.9924094676971436,0.0075905271805822,,Random
"quarentena, 30° dia  querido diário, pois é parece que hoje completamos nosso primeiro mês de muitos   mô, faz tao pouco tempo que a gente se conhece mas já se parecem ANOS saiba que eu nunca me esquecerei de você e de todas as nossas memórias...   feliz 0.1","quarentena, 31° dia  querido diário, hoje Mandetta foi demitido.  até amanhã",2,0.8463979959487915,0.1536020040512085,,Random
Lamentável Sr. Presidente! As questões de saúde e vida da população não podem estar abaixo de interesses políticos e de holofotes.  O Mandetta vinha fazendo um excelente trabalho. Não tem justificativa de execução do trabalho desempenhado.,puta que pariu sabe é de fude mesmo eu nao acredito que ele demitiu o mandetta  cara era a minha UNICA esperança nesse governo de merda e agora oq vai acontecer com esse pais????????,0,0.8065494894981384,0.1934505105018615,,Random
"O maior predicado que eu tive para enfrentar essa crise foi ser torcedor do Botafogo. Ser botafoguense é um eterno gerenciamento de crise.”  - Luiz Henrique Mandetta, ex- ministro da saúde.",Oporra,2,0.985886573791504,0.0141134476289153,,Random
"4 anos atrás, exatamente no dia 16 de abril, Mandetta estava comemorando o golpe.",tchau querido,2,0.9811667799949646,0.0188331995159387,,Random
Você concordou com a demissão do ministro Mandetta?,Foi tarde! Deixando um rastro de atitudes que ferirão pra sempre sua carreira política! #FicaEmCasaMandetta,2,0.8666592240333557,0.1333407610654831,,Random
"#ForaMaia  O seu dia de ficar em casa está chegando! Ninguém aguenta mais esse joguinho político travestido de santo. Sua reprovação é muito maior que a do Mandetta, ele só saiu antes pq não há entraves para isso  Continue fazendo esse seu servicinho porco, facilita aí pra nós",Praga que tá atrasando o Brasil #ForaMaia,2,0.984386146068573,0.0156138427555561,,Random
Mandetta diz que troca no Ministério da Saúde deve ocorrer nesta quinta ou sexta-feira.,Qual é a justificativa do Bolsonaro para demitir o Mandetta? “Tá agindo certo demais”?,1,0.9908828139305116,0.0091171767562627,,Random
"Em sua despedida, Mandetta defende a vida, o SUS e a ciência. Três palavras incompatíveis com o atual governo.","Quando vejo Hadadd, Globo, PT, esquerdas, defendendo o Mandetta,   me sinto em paz sabendo que o Bolsonaro fez o certo.",1,0.9007752537727356,0.0992247313261032,,Random
"Vivi pra ver gente que fez biomedicina junto comigo, e que aparentemente parecia ser inteligente, defendendo o fim da quarentena, comemorando a demissão do Mandetta, e apoiando o Bozo... Sério, que realidade paralela é essa?","Depois do Carluxo assumir a Comunicação da Presidência, proibindo as entrevistas do pai na saída do Planalto. Hoje na coletiva de demissão de Mandetta, Bolsonaro discursou pausadamente, visivelmente recebendo o conteúdo através de um ponto eletrônico.   #ForaBolsonaro",0,0.9800025224685668,0.0199974458664655,,Random
Os dois trocaram farpas na televisão após o Planalto demitir Mandetta do Ministério da Saúde.,Só  por Deus,2,0.9546322226524352,0.0453678220510482,,Random
"É tão surreal que chega a ser indescritível. Bolsonaro disse na coletiva: “as medidas do Mandetta, como médico que é, olhavam mais a questão da saúde. E nós queremos outra coisa”  O cara passou recibo de genocida.",Algo ou alguém nos livre desse genocida!!!!,2,0.7396504282951355,0.2603495717048645,,Random
Mandetta caiu porque evidenciou que o rei estava nu.,"Não Gerson, o Mandetta caiu porquê foi na malignidade da Globo via Fantástico e falou o que não devia em vez de aproveitar o espaço para acalmar a população em pânico colocado pela mídia.",1,0.5198479890823364,0.4801520407199859,,Incerta
"O Brasil passa por uma pandemia e a preocupação do presidente é como tirar o ministro da Saúde, porque a atuação da pasta tem mais apoio do que o presidente Jair Bolsonaro. Isso mostra a qualidade do governante.",A senhora está senil  ?  Fetiche ? Falta de assunto ? Depressão ?,2,0.4796257019042969,0.5203742384910583,,Incerta
"Excelente, Presidente .  Convém lembrarmos que Mandetta em nenhum momento revogou ou alterou a portaria do SUS feita nas gestões do PT, conhecida como “manual do abortamento” e que, na prática, incentiva o aborto.","Lembrando que o Mandetta, aquele que a imprensa insiste em dizer ter feito um ""excelente trabalho"", gastou milhões na compra de máscaras vagabundas para os hospitais e postos de saúde! Mandetta é um vigarista, criminoso, da pior espécie e deveria ser preso! Vejam só isso.",1,0.4329255521297455,0.5670744180679321,,Incerta
"Já não estamos muito bem, se o mandetta sair do ministério da saúde a gente tá fudido","venho do futuro dizer que: sim, tamo fudido",2,0.566775918006897,0.4332240521907806,,Incerta
"A maioria esmagadora dos brasileiros é contrária à demissão de Mandetta: 76,2% dos entrevistados discordam do afastamento do ministro da Saúde, segundo pesquisa realizada pelo Atlas Político. Vc concorda com o resultado da pesquisa?   via",Essa pesquisa só pode ter sido feita no reduto do Mandetta.Não reflete a opinião nacional.,2,0.4469217360019684,0.5530782341957092,,Incerta
"""Eu tenho o dever de decidir, não posso me omitir"", afirma Jair Bolsonaro. ""A visão do Mandetta é muito boa na área da saúde, mas a minha é mais ampla. Tenho que pensar também no ministro Paulo Guedes, na economia do país"", esclarece o presidente.","""Minha visão é nos coveiros....""",2,0.500515341758728,0.4994846880435943,,Incerta
NOVO MINISTRO DA SAÚDE DEVE SEGUIR LINHA CIENTÍFICA PARA SALVAR VIDAS!   Lamento que Mandetta tenha sido demitido na fase mais aguda da pandemia. Vidas estão em jogo e o esforço para preservá-las deve estar acima de disputas políticas e ideológicas!,"Vc está fazendo política com esse vídeo. Vira a página, Mandetta é passado, fez muito bem",1,0.5509499311447144,0.4490501284599304,,Incerta
"Inegável. Pretos e pobre sempre vão estar no alvo de apagamento nos desmontes de políticas públicas. O ponto é: tem como se indignar com a conjuntura da saída do Mandetta e com o que isso significa enquanto prática genocida, sem agir como viúvo(a) de um privatizador. :)","mas ninguém aqui ta tratando o mandetta como incrivel e nem como certo. muito pelo contrario, é um sucateador do caralho. o ponto daqui é exatamente a circunstância em que ele foi exonerado.",1,0.4183983206748962,0.5816016793251038,,Incerta
"Mandetta: ""entramos juntos, sairemos juntos""   Bato palmas para a postura desse cara, mostra os verdadeiros valores da medicina: ""defender a vida""   #ficamandetta","awnt ti fofo nem parece que ele queria acabar com o suspelo menos era pró isolamento social, podiam esperar passar a crise do corona p tirar ele",2,0.5450770854949951,0.4549228549003601,,Incerta
"Mandetta, gratidão pelo oq fez aos brasileiros. Se ñ estamos em situação pior devemos a você e sua equipe. Apoiados na ciência seguraram a curva do contágio. Obrigada pela humanidade, bom senso, generosidade e amor à nação.O reconhecimento do seu trabalho ultrapassou fronteiras.",Leve as famílias dos mortos também pra agradecer pela negativa de medicação. E o que é humanidade pra você não é pro povo.,2,0.4614834189414978,0.5385165214538574,,Incerta
Como brasileiro agradeço o ministro Mandetta por sua atuação firme na Saúde. Por ter desempenhado seu papel ancorado na ciência e nas evidências. Compartilho do sentimento de milhões de cidadãos dizendo muito obrigado por reconhecer seu bom senso e  dedicação.,"Sai foraaa, NÃO Queremos VC COMO PRESIDENTE.",2,0.4778036177158355,0.522196352481842,,Incerta
"""E o Mandetta, a linha dele, como médico, era voltada quase exclusivamente para a vida"", disse Bolsonaro",Estranho seria um médico ter linha voltada para a economia ou engenharia,2,0.4071529805660248,0.5928469896316528,,Incerta
"Em sua despedida, Mandetta defende a vida, o SUS e a ciência. Três palavras incompatíveis com o atual governo.",&gt;ex deputado do democratas (!) que apoiou fim do mais médicos e cortes no sus &gt;defende a vida,2,0.4365839958190918,0.5634160041809082,,Incerta
"Dória, Witzel, Alcolumbre, Rodrigo Maia, Mandetta e Caiado, chegaram aos cargos de poder pelas mãos de Bolsonaro. Todos o traíram, pensando que poderiam encabrestar o presidente para fazer a velha política. Não conseguiram, hoje cospem na mão amiga.",Olha mesmo quem fala da velha política! Um de seus maiores fundadores e usufrutuários!,2,0.4889381229877472,0.5110618472099304,,Incerta
Oncologista cotado para vaga de Mandetta causa boa impressão em encontro com Bolsonaro (via ),se causa boa impressão pra bozo é pq é péssimo,2,0.4707781374454498,0.5292218923568726,,Incerta
"""E o Mandetta, a linha dele, como médico, era voltada quase exclusivamente para a vida"" - Jair Bolsonaro, presidente do Brasil","Como o Mandetta só se preocupava com a vida, e o Bolsonaro não gosta disso, ele escolheu um morto para comandar a saúde (aquele corpo ao lado direito do presidente), afinal, ele, enquanto diabo, tem poder de invocar os mortos :)",2,0.5429112911224365,0.4570886492729187,,Incerta
Mais um dia vergonhoso pro presidente do Brasil. Demitir um Min da Saúde no meio de uma pandemia q ele estava conseguindo controlar. Mandetta você foi digno até o fim.  #EstamosComMandetta,"Cara, tenho quase certeza que essa ficou chateada porque ficou sem cargo no governo, Bolsonaro te prometeu alguma coisa?",2,0.554122805595398,0.4458772242069244,,Incerta
VERA MAGALHÃES já convidou o MANDETTA para o RODA VIVA?  Sim ou claro?,Com certeza   já está convidado e depois será colunista da,2,0.5933534502983093,0.4066465198993683,,Incerta
"Em pronunciamento, Bolsonaro disse que 'Mandetta fez o que achava que deveria fazer como médico' e afirmou que já conversou com novo ministro Nelson Teich sobre flexibilização",flexibiliza teu rabo filho da puta,2,0.4529558718204498,0.5470440983772278,,Incerta
"""E o Mandetta, a linha dele, como médico, era voltada quase exclusivamente para a vida"" - Jair Bolsonaro, presidente do Brasil",Priorizar a vida realmente é um problema,2,0.4337157905101776,0.5662841796875,,Incerta
"Vcs tbm se sentem num eterno Harry Potter e a Ordem da Fênix, em que o Voldemort volta e ta matando geral mas o ministro da magia fica se fazendo de cego e toma atitudes irresponsáveis?","gente, é exatamente isso! e fica dizendo que o dumbledore sensato (mandetta) está louco, que não temos que nos preocupar!",2,0.5777872800827026,0.4222127795219421,,Incerta
"A maioria esmagadora dos brasileiros é contrária à demissão de Mandetta: 76,2% dos entrevistados discordam do afastamento do ministro da Saúde, segundo pesquisa realizada pelo Atlas Político. Vc concorda com o resultado da pesquisa?   via",Discordo da pesquisa! E na minha opinião o Mandetta já foi tarde!,1,0.5358472466468811,0.4641527831554413,,Incerta
"Luiz Henrique Mandetta foi um verdadeiro guerreiro na saúde pública no período em que esteve à frente do Ministério, especialmente no enfrentamento firme à Covid-19. O seu trabalho responsável e dedicado foi irreparável. A sua saída não é positiva e será sentida por todos nós.","Assim como vocês não vale o que come, caros, incompetentes, traiçoeiros, trapaceiros. Nosso maior desejo é nos livrar de vocês.",2,0.4270041584968567,0.5729958415031433,,Incerta
Depois da demissão do Mandetta.  Você ainda apóia o meu papai?   Sim / Não  Se for sim coloque a tag junto #TchauMandetta,Sim com certeza,2,0.4492687284946441,0.5507312417030334,,Incerta
Mandetta saiu? CARALHO,"alguém tira a porra do presidente do poder, pelo amor de deus  PQ ESSE IMBECIL ACABOU DE DEMITIR O MANDETTA",0,0.4828076660633087,0.5171923041343689,,Incerta
"AÍ MANDETTA, LIBERA OS RESULTADOS DOS EXAMES DO BOZO SÓ DE ZUA... CAI ATIRANDO, COWBOY!!!!!!!!!!!!!!!!!!!!!!!!!!!!",nem 1 dia que o cara saiu e vcs querem que ele vire queima de arquivo,2,0.5508697628974915,0.4491302967071533,,Incerta
O grande problema da turma de centro-esquerda-isentões é que eles acham que conseguem enfraquecer o PR.  Ficam tentando jogar o povo contra e no final sempre perdem.  Em pouco tempo ninguém mais se lembrará quem foi o Mandetta. Esse perdeu a oportunidade de fazer história.,Um  dia  eles  aprende  esses  Vermes......#TchauMandetta,2,0.5640934109687805,0.4359066486358642,,Incerta
"De acordo com a nova Pesquisa do Atlas, Mandetta tem aprovação de quase 80% dos entrevistados. Diante desse número e se o presidente Lula não puder concorrer, vocês votariam em quem para presidente?","toma na fuça idiota, Bolsonaro em 2022, 2026 ...",2,0.5466852784156799,0.4533146619796753,,Incerta
Mandetta demitido do ministério da Saúde por fazer a coisa certa.  Um equivoco terrível no governo de Jair Bolsonaro.,mais um equívoco terrível,2,0.5461049675941467,0.4538949728012085,,Incerta
"Exceto duelar com Bolsonaro nas questões do isolamento social e da cloroquina, o que mais de relevante fez Mandetta no combate ao vírus? Não é pergunta retórica. Digam aqui...","Nada!!!! Além de depauperar o SUS, desmontar a política de saúde mental e etc, etc.",2,0.5771637558937073,0.4228362739086151,,Incerta
Preciso tirar meu chapéu para a turma do Antagonista também. Alertaram lá atrás...,"É, mas agora a turma de “O Antagonista” faz coro contra a decisão de Bolsonaro de demitir o Mandetta, como aliás, 99% da imprensa bovinamente o faz.",1,0.5431566834449768,0.4568433165550232,,Incerta
"Eu tô um pouco chocada com o tanto que estão enaltecendo Mandetta, ele fez o mínimo como o ministro saúde, seguiu as indicações da OMS e apoiou a quarentena. Já que ele tem internet em casa e pode ver o estado de calamidade que está a Europa, EUA e outros lugares +","O que me choca mais é que brasileiro tem memória curta e Mandetta já falou que é contra o SUS e totalmente a favor de saúde privada, ou seja, de planos de saúde. Apoiar quem já disse que é contra o SUS é um tiro no próprio pé",1,0.4021337330341339,0.5978662967681885,,Incerta
"""PSOL denuncia demissão de Mandetta à OMS e pede convocação de Teich""  Eu denunciaria o PSOL por abuso de poder. Tem que aniquilar esses ratos usando todo o potencial da lei.","Nem a OMS está em bons lençóis nesse momento, estão tão cagados quanto o Mandetta. Esses palhaços, estão achando que vai acontecer o quê?",1,0.5962268114089966,0.403773158788681,,Incerta
"Como cidadã brasileira, cumprimento e agradeço ao Ministro Mandetta e a sua brilhante equipe, pelo excelente trabalho realizado. Desejo sorte, sucesso, saúde e ponderação ao Ministro que assume, Dr. Nelson Teich.","você não é uma brasileira, Mandetta agente insubordinado, da sua laia",1,0.4142296612262726,0.5857703685760498,,Incerta
O comandante que tira o general de campo no meio da guerra por salvar seus soldados é um TRAIDOR.,Vc mesmo disse que o Mandetta não servia pro Ministério e agora tá chorando pq o cara demitiu ele? não entendi,2,0.5825764536857605,0.4174235463142395,,Incerta
"Os adolescentes histéricos estão chorando pela demissão do Mandetta por medo de voltarem para escola. Se acalmem crianças, as aulas vão demorar mais um pouco para voltar, primeiro volta o trabalho, que fabrica, transporta e paga o toddynho de vocês.",Tem o montão na minha TL chorando ..,2,0.4437653124332428,0.5562346577644348,,Incerta
Morre um ministro. Nasce um candidato?,"Ate meio do ano surge outra questao, outro ministro se “destaca” e vc vira com esse papinho. Ja foi o Moro agora Mandetta",1,0.5748917460441589,0.4251082837581634,,Incerta
"""E o Mandetta, a linha dele, como médico, era voltada quase exclusivamente para a vida"" - Jair Bolsonaro, presidente do Brasil",O ministro da saúde que é MÉDICO tem uma linha de raciocínio voltada para PRESERVAR A VIDA DA POPULAÇÃO   e ele é demitido.  Bolsonaro morra,2,0.4468171298503876,0.55318284034729,,Incerta
"Bolsonaro demitiu Mandetta e ñ pode + culpá-lo por eventual fracasso do combate ao #coronavírus . Discordo da decisão, mas tomara q dê certo. Sucesso ou fracasso, Bolsonaro agora vai assumir responsabilidade do q acontecer com #saúde e #economia, certo?","Como não pode culpa-lo? Mandetta começou mau nessa gestão de crise. Faça me o favor né, tudo o que o Brasil passou até hoje foi nas mãos de Mandetta conduzindo a pasta da saúde o que não tira a responsabilidade dele.",1,0.4070576131343841,0.5929424166679382,,Incerta
"‘Façam uma defesa do SUS, da vida e da ciência’, diz Mandetta após demissão",E olha que antese da pandemia ele tentou desmontar o SUS e estava conseguindo,2,0.4160901606082916,0.583909809589386,,Incerta
Mandetta deixa ministério cantando.,"Quem demitiu com cara de poucos amigos, o demitido cantando.   Isso mostra algumas coisas...",2,0.5944926738739014,0.405507355928421,,Incerta
AS MANDETTES (CHACRETES DO MANDETTA) ME ATACANDO NOS COMENTÁRIOS...  MUGE MAIS GADO DE MINISTRO!,"Ainn...por que Bolso ficou enrolando esse tempo todo com o Mutreta? Porque queria ensebar a rabinha dele, entra mais fácil, entenderam, fias?",2,0.5834049582481384,0.4165950119495392,,Incerta
Quero muito saber a tua opinião sobre a saída do mandetta,"Assim que o Felipe Neto se posicionar, pega a opinião contrária e associe a mim.",2,0.4011476337909698,0.5988523960113525,,Incerta
"Em sua despedida, Mandetta defende a vida, o SUS e a ciência. Três palavras incompatíveis com o atual governo.",Quero que você e o Mandetta se fodam,1,0.586337685585022,0.4136623740196228,,Incerta
No começo Mandetta era técnico,"Era, mas com o passar do tempo deixou de ser técnico e passou a ser mais político.",2,0.5473105311393738,0.4526894390583038,,Incerta
"Mandetta estar fazendo o CORRETO como ministro, não APAGA toda a merda que ele fez no passado. Ele provocou essa demissão, ao dar a entrevista na Globo. Um medico respeitar a ciência nao é mais do que obrigação, nao vou bater palmas pra  isso !",Ele não demitiu o Mandetta não ne???,0,0.4871762096881866,0.512823760509491,,Incerta
"O elogio emocionado de Fernando Haddad a Henrique Mandetta foi a coisa mais bonita da novela viral desde o enlace entre João Dória e Lula da Silva. Se você não entendeu agora o enredo, não vai entender nunca mais.","Agora do pq o PT elogiou, todo mundo que gosta do Mandetta é Petista. Mandetta é da esquerda. Que pensamento imbecil cara. Nesse momento de cruse mundial. Abre essa cabeça",1,0.5467095375061035,0.4532904922962188,,Incerta
Demissão de Mandetta é rejeitada por 76% dos brasileiros,"FAKE NEWS dos Antagoniza.  Foram feitos várias enquetes aqui mesmo no twiter, e como resultado médio, cerca de 88% queriam a SAÍDA PRA ONTEM de Mandetta.  DESAFIO AO ANTAGONISTA fazer sua propria ENQUETE aqui no twitter. VAMOS VER QUE RESULTADO VAI DAR.  TOPAM AMIGOS? DUVIDO.",1,0.5302391648292542,0.4697608947753906,,Incerta
Mandetta caiu porque evidenciou que o rei estava nu.,"Nu está vc e aqueles comentaristas de botequim que não acertam uma. Por ordem do ""rei"", Mandetta chegou e saiu. Sem negociata como vcs presenciavam em governos anteriores e ficavam calados. #BolsonaroEstaCERTO",1,0.5235386490821838,0.4764614105224609,,Incerta
Vocês vão ver o que a mídia vai mamar o Mandetta agora Vai ser aquela mamação estilo Britney Bitch Mamada com vontade mesmo Vão inflar o ego dele até ele falar que quis dar pro Bolsonaro e ele brochou Vai ser mamado até falar o que a esquerda quer ouvir,Mas a midia que irá fazer isso ja está BEEEEMMM desacreditada.,2,0.5855241417884827,0.4144758880138397,,Incerta
"Trocar ministro mais popular do governo neste momento (64% de avaliação positiva, contra 39% de Bolsonaro, segundo Atlas Político) reflete o pavor do presidente de que essa popularidade ofusque ainda mais a dele. Nada garante que demissão inverterá o jogo.","Esse argumento é do tipo revista de fofoca. Bolsonaro tem um equipe de gente bem mais popular do que o Mandetta, tá feio Felipe. Você está se tornando a versão feminina da Verinha.",1,0.1514249294996261,0.8485751152038574,,Alta
MEU DEUS O MANDETTA SE DEMITIU MEU DEUS A GENTE VAI MORREEEEEEERRRTTRRRRRRRR,"sim amigos, a gente vai morrer",2,0.1434230357408523,0.8565769791603088,,Alta
Esse é o sucessor de Mandetta no Ministério da Saúde #BolsonaroVirus,Como esse cara é o MINISTRO DA SAÚDE?,2,0.1065847501158714,0.8934152126312256,,Alta
"Bora Batoré , bora Honho , desafiem o presidente, esculacha ele. Vcs disseram que não aceitariam a demissão do Mandetta. #ForaMaia",vcs apostam quanto que o mandetta vai se candidatar a presidência?,0,0.1646789163351059,0.8353211283683777,,Alta
"Oi Mandetta, tudo bom? Agora que o Bolsonaro já te chutou do Ministério da Saúde, conta pra gente o resultado do exame dele.",Te joga Man... Espalha aê...,2,0.183826595544815,0.8161733746528625,,Alta
"""E o Mandetta, a linha dele, como médico, era voltada quase exclusivamente para a vida"", disse Bolsonaro","É, realmente é absurdo um médico ter foco em salvar vidas.  Estochocada",2,0.1337589472532272,0.8662410378456116,,Alta
"""E o Mandetta, a linha dele, como médico, era voltada quase exclusivamente para a vida"", disse Bolsonaro","Que absurdo, um médico voltado pra vida",2,0.1385657787322998,0.8614341616630554,,Alta
"Ao amigo e colega médico , missão cumprida! Fez do nosso País, com todas as suas limitações na área da Saúde, referência internacional de como enfrentar a propagação do coronavírus. Salvou milhares de vidas. Obrigado.","Capital político sem capital.  Para o porco, digo, corpo técnico, Mandetta foi o menos pior (e nem é tão difícil sê-lo), mas para o SUS, foi só mais um gestor bizonho.  O que salvou o SUS foi um crise, mas ele muito mais que isso!  Sem SUS, sem vida!",2,0.1577851325273513,0.842214822769165,,Alta
"""Depois de semanas de indiretas, ameaças e fritura, tudo de que o Brasil precisa é que presidente e ministro da Saúde trabalhem em harmonia"" Leia mais em:","Vc precisa  ver a festa com beijos e abraços no ministério da saúde   ,10 PROTOCOLOS quebrados kkkk uma piada esse mandetta",1,0.1582190692424774,0.841780960559845,,Alta
"""E o Mandetta, a linha dele, como médico, era voltada quase exclusivamente para a vida"" - Jair Bolsonaro, presidente do Brasil",Será que é pq ele era ministro DA SAÚDE?,2,0.1352627575397491,0.8647372126579285,,Alta
"Excelente, Presidente .  Convém lembrarmos que Mandetta em nenhum momento revogou ou alterou a portaria do SUS feita nas gestões do PT, conhecida como “manual do abortamento” e que, na prática, incentiva o aborto.",Não cancelou a Resolução do CNM nº 2205 de 2019 sobre disforia de gênero.,2,0.1197555661201477,0.8802444338798523,,Alta
"""E o Mandetta, a linha dele, como médico, era voltada quase exclusivamente para a vida"", disse Bolsonaro","Parabéns, mandou embora um médico que se preocupa com a vida.",2,0.1161555349826812,0.8838444352149963,,Alta
"Acabo de ouvir do presidente Jair Bolsonaro o aviso da minha demissão do Ministério da Saúde.  Quero agradecer a oportunidade que me foi dada, de ser gerente do nosso SUS, de pôr de pé o projeto de melhoria da saúde dos brasileiros e","É uma grande perda ao Brasil nesse momento de pandemia, só quem está perto da crise (no sistema de saúde) sabe da qualidade do trabalho que Mandetta vinha fazendo.",2,0.1448453664779663,0.8551546335220337,,Alta
"""E o Mandetta, a linha dele, como médico, era voltada quase exclusivamente para a vida"", disse Bolsonaro",Que absurdo! Um médico voltado para a preservação da vida!,2,0.1508086621761322,0.8491913080215454,,Alta
"Acabo de ouvir do presidente Jair Bolsonaro o aviso da minha demissão do Ministério da Saúde.  Quero agradecer a oportunidade que me foi dada, de ser gerente do nosso SUS, de pôr de pé o projeto de melhoria da saúde dos brasileiros e","Somos o único país do mundo em que o presidente demite o subordinado POR FAZER A COISA CERTA durante uma pandemia. Triste o dia em que temos que lamentar a demissão do Mandetta, o Ministro da Saúde que apoiou os cortes de verba do SUS e o fim do Mais Médicos.",2,0.1718099266290664,0.8281900882720947,,Alta
"Num mundo melhor, Mandetta demitiria Bolsonaro.","Num mundo perfeito, os dois seriam demitidos.",2,0.1220529451966285,0.8779470920562744,,Alta
"""E o Mandetta, a linha dele, como médico, era voltada quase exclusivamente para a vida"", disse Bolsonaro",Que horrível um médico ter que cuidar de vida. Onde já se viu,2,0.1048920378088951,0.8951079249382019,,Alta
"""E o Mandetta, a linha dele, como médico, era voltada quase exclusivamente para a vida"" - Jair Bolsonaro  Vocês entenderam porque Mandetta foi demitido?",Gente vcs tem certeza que esse ministro tá vivo?,2,0.1145430952310562,0.885456919670105,,Alta
"Em sua despedida, Mandetta defende a vida, o SUS e a ciência. Três palavras incompatíveis com o atual governo.","gente, o haddad comeu merda???  Mandetta aliado do desmonte do SUS, contrário ao mais médicos........ eu hein",2,0.1033053249120712,0.8966946601867676,,Alta
"Mandetta cai porque enfrentou a pandemia com responsabilidade, e Bolsonaro não tolera isso. O presidente da República está derrubando toda a cúpula do Ministério da Saúde em meio à mais grave crise sanitária da história. É um genocida.","Antes de falar besteira aprenda o que significa a palavra ""genocida"" (quem deriva de genocídio a saber). Me admira vc ser professor...Parabéns. #foraMaia",2,0.122040569782257,0.8779594302177429,,Alta
"""E o Mandetta, a linha dele, como médico, era voltada quase exclusivamente para a vida"", disse Bolsonaro","Pois é! Que errado, né? Priorizar a vida.",2,0.1945883631706237,0.8054116368293762,,Alta
"Mandetta cai porque enfrentou a pandemia com responsabilidade, e Bolsonaro não tolera isso. O presidente da República está derrubando toda a cúpula do Ministério da Saúde em meio à mais grave crise sanitária da história. É um genocida.","Mandetta cai, como caíram Lula o cachaceiro, Dilma a anta e vcs todos,desde que NOSSO PRESIDENTE BOLSONARO ""derrubou"" vcs. Pode chorar que o choro é livre.",1,0.1553496867418289,0.844650387763977,,Alta
"""E o Mandetta, a linha dele, como médico, era voltada quase exclusivamente para a vida"", disse Bolsonaro",Que absurdo valorizar isso...  A vida.,2,0.1080754250288009,0.8919246196746826,,Alta
"Uma tristeza essa saída do Mandetta.  Nos resta esperar que o novo Ministro da Saúde, por uma sorte nossa, atue também visando a proteção à vida.",Mandetta você está demitido por cumprir com sua função!!,0,0.1879541724920272,0.8120458126068115,,Alta
"Mandetta canalha golpista oportunista que, se nada tivesse saído dos trilhos, talvez seguisse o plano demoníaco de enterrar o SUS em um cemitério indígena. Porém, estava se mostrando sensato diante a pandemia, e sensatez não cabe no reinado dos imbecis. Sorte pra nós!","não é que o mandetta tenha sido o melhor, o passado dele é podre, mas ele tava falando sobre saúde e não sobre economia.",0,0.1299808770418167,0.8700191378593445,,Alta
Mandetta foi e na sequência?  Sextou!,Que assim seja. E não esquecendo #ForaMaia,2,0.975071668624878,0.0249283667653799,,Random
"O ex-ministro Mandetta realizou um trabalho sério e técnico, com uma postura firme e transparente. Muito obrigado.  Desejo sucesso ao novo ministro da Saúde, que ele siga suas convicções e dê continuidade ao trabalho que vinha sendo feito.","Grande ilusão, Candidato. Mandetta caiu pq.colocou a ciência à frente da ideologia pobre e populista do Presidente. O próximo ministro irá se submeter a esse tirano despreparado e quem vai pagar a conta será a população",1,0.6735754013061523,0.32642462849617,,Random
"mandetta sai em alta com a demissão. ao mesmo tempo que passa o papel de voz da razão que não foi ouvida, último fio de sanidade do governo, etc etc, evita o ""pico"" do covid no país e a pressão que com isso vem  com isso, ele praticamente se elege pro que quiser no MS","tô soando como um bolsonarista conspiratório a essa altura, mas juro que não  ainda acho que essa demissão é o pior cenário possível pro país em vários níveis  mas também não acho que o mandetta é uma figura a ser defendida.",1,0.959219217300415,0.0407808050513267,,Random
Vamos olhar esta história pelo ponto de vista do DEM: Bolsonaro vs Mandetta.  O que o ministro da Saúde e seu partido sabiam há duas semanas?  No fio.  1. Bolsonaro não estava feliz com Mandetta e queria demiti-lo.,Excelente análise do caos político do desgoverno Bozo,2,0.989584982395172,0.0104150054976344,,Random
carai mitor demetio o nelson mandetta ta lokao nas droga irmao?,#ForaBolsonaro no meio de uma pandemia o ministro é demitido. #BolsonaroGenocida #BolsonaroVirus Obrigada Mandetta!,0,0.9929819107055664,0.0070180725306272,,Random
"O BALANÇO DO CAOS:  - 600 mil micro e pequenas empresas fecharam as portas.  - 9 milhões de funcionários foram demitidos.  - 30% dos empresários tiveram que buscar empréstimos, sendo que destes, 29,5% ainda aguardam resposta e 59,2% tiveram seus pedidos negados.  Fonte: Sebrae",E aí o Mandetta divulgador de gráfico não fez esse??????,2,0.9624679684638976,0.0375320315361022,,Random
"Mandetta foi demitido pelos motivos errados, espero que ele não abandone o colete do SUS que vestiu durante essa crise.","O Padilha, não exagera uma vez canalha, sempre canalha.",2,0.7330043911933899,0.2669955492019653,,Random
MANDETTA CAIU - NELSON TEICH ASSUME O MINISTÉRIO DA SAÚDE   #bolsonaropresidente #florianopolis #bolsonaropresidente #brasilia #amazonia #portoalegre #riodejaneiro #saopaulo #recife #fortaleza #salvador #manaus…,Mandetta faz balanço e diz que “não existe saúde sem economia”,0,0.9802533388137816,0.0197466984391212,,Random
Ainda não acredito que Bolsonaro vai acabar com a minha esperança de sanidade demitindo o Mandetta. O que será de nós?,e vamos de pronunciamento ao vivo do mandetta que tá se despedindo oh meu deus,0,0.9808822274208068,0.019117722287774,,Random
O presidente da Câmara tem em sua gaveta um pedido de impeachment de Jair Bolsonaro com mais de 1 milhão de assinaturas. A demissão de Mandetta hoje reacende a urgência de o Brasil demitir Jair Bolsonaro. #RecebeMaia #ForaBolsonaro #ImpeachmentJá,Recebe logo  ninguém aguenta mais essa porta na presidência. #ForaBolsonaro #ImpeachmentDoBolsonaro #BolsonaroVirus,2,0.994569718837738,0.0054302979260683,,Random
"Bolsonaro demitiu Mandetta por ciúme, inveja e cálculo eleitoral e não foi divórcio consensual coisa nenhuma, mas meras ignorância,  irresponsabilidade, desumanidade e culto à morte, por fazê-lo em pleno pico da pandemia.",O Mandetta te mandou o gel? Por isso está tão leal?,1,0.9423159956932068,0.0576840341091156,,Random
"A maioria esmagadora dos brasileiros é contrária à demissão de Mandetta: 76,2% dos entrevistados discordam do afastamento do ministro da Saúde, segundo pesquisa realizada pelo Atlas Político. Vc concorda com o resultado da pesquisa?   via","Eu concordo com a demissão do Mandetta, faltou um plano para o ministro e sobrou politicagem.",1,0.972584903240204,0.0274150874465703,,Random
Sem palavras... #COVID19  #coronavirusnobrasil #CoronaVirusUpdates  #Mandetta caiu porque evidenciou que o rei estava nu | Blog do Gerson Camarotti | G1,Mandetta gastou R$ 25 milhões em gel pra dar o 'anel'?  Fala sério! Alô ! O nome da operação de investigação dos desvios de recursos públicos depois da crise do #VírusChinês é 'anelão'. Ou 'bogão'! Alô ! Em sua homenagem!,0,0.9912050366401672,0.0087949819862842,,Random
"João Doria, Witzel, Mandetta, Maia: todos são estadistas preocupados com a pandemia e a ciência. Bolsonaro: só pensa em 2022. Ops!","Mandetta, um ser medíocre e O Antagonizza perdido e desesperado. FMB está ali esperneando. Triste fim...",1,0.9864696264266968,0.0135303596034646,,Random
"Presidente disse que retorno à normalidade tem que ser 'pensado', mas volta a falar em colapso econômico",BOLSONARO MANDA RECADO DURISSIMO AO RODRIGO MAIA  CHEGOU A HORA DE ENCARAR ESSE VÂNDALO RODRIGO MAIA.,2,0.985771417617798,0.0142285907641053,,Random
"""Ele tem que entender que ele é o chefe do Legislativo, e ele tem que me respeitar como chefe do Executivo”, disse Bolsonaro em entrevista à CNN","Bolsonaro também dizia que Mandetta tinha que respeitá-lo. Também alegou o respeito a sua posição em uma reunião ministerial. Ou seja, quando um presidente precisa a toda hora pedir respeito, é porque não tem respeito algum na praça. #ForaBolsonaroUrgente",2,0.9934367537498474,0.0065631978213787,,Random
Mandetta não aceita demissão de secretário Wanderson. “Vamos trabalhar juntos até sairmos juntos”. Ao vivo na,"Bolsonaro tem deixado a vaidade ditar sua gestão, e exoneração de Mandetta é uma prova. O  ex-ministro tem aumentado seu capital político se tornando uma possível ameaça pra 2022. E como o PR reage? Tal qual o PT e sua máquina de assassinar reputações:",0,0.9854721426963806,0.0145278144627809,,Random
“não vou mais me estressar com as merdas que o Bolsonaro faz”  *Bolsonaro demitiu o Mandetta*  eu::::,eu amo esse video,2,0.9867826700210572,0.0132173476740717,,Random
Já na condição de ex-ministro Luiz Henrique Mandetta iniciou um pronunciamento agora. Começou agradecendo a equipe do Ministério da Saúde,Alô  um outro roda viva seria interessante hein?,2,0.9832137823104858,0.0167862381786108,,Random
Faça um leitura corporal na cara do Botafogo e tire sua conclusões ! #ForaMaia,"Maia é um hipócrita não tem moral para falar do Presidente. O que a Câmara dos deputados fez até agora pela população?? Quais as pautas necessárias que você engavetou? Mandetta nunca foi General era um soldadinho sob o seu comando, que abdicou da medicina por política. #ForaMaia",2,0.9174850583076476,0.0825150087475776,,Random
Esse é o sucessor de Mandetta no Ministério da Saúde #BolsonaroVirus,"Rasga o diploma, por que de medico não tem nada",2,0.2398553937673568,0.7601446509361267,,Random
"Em meio à pandemia, com 408 mortes confirmadas em 2 dias, a ABIN está produzindo um dossiê contra o ministro da Saúde. A matéria não dá nome ao boi. Mas a ABIN é subordina ao GSI. O chefe do GSI é , aquele que mandou um ""foda-se"" ao Congressor.","Essa demissão do Mandetta agora só serve pra simbolizar que a demonstração de poder político parece mais importante sobrepõe o desejo de conter a pandemia pela Presidência, já que o cotado Teich aparentemente segue a mesma linha de raciocínio de isolamento horizontal.",0,0.214770570397377,0.7852294445037842,,Random
Mandetta liberou 25 milhões em LIBRIFICANTE ANAL. É mole?,Vai ser distribuído junto com o Corona voucher ???,2,0.9265853762626648,0.073414608836174,,Random
"Disse tudo! #ForaMaia Após demitir Mandetta, Bolsonaro ataca Maia: ‘Parece que intenção é me tirar do governo’",Quando o Exército vai se posicionar?,2,0.9908834099769592,0.0091166300699114,,Random
Mandetta foi de 'grande exemplo' a 'traidor' para a direita no Twitter,Mandetta nunca deveria ter integrado o governo Bolsonaro.,0,0.9887213110923768,0.0112787056714296,,Random
"Mandetta foi presidente de planos de saúde, foi contra os médicos cubanos e votou a favor do Teto de Gastos que tirou R$9 bilhões do SUS. É incrível que, com tudo isso, tenha perdido o cargo de Ministro por suas virtudes, não por seus vícios. Só no governo genocida de Bolsonaro.","Na mesma postagem você conseguiu criticar Mandetta duas vezes, em deu caráter e sua capacidade e defender o Bolsonaro.   Aí terminou comentendo um crime com previsão de 5 anos de pena de reclusão, ao chamar sem provas o presidente de assassino, sem provas.",1,0.478019118309021,0.5219808220863342,,Incerta
"Vamos ser justos até um determinado período o Ministro Mandetta manteve um ótimo trabalho a frente do Ministério da Saúde. Entretanto degringolou ao fazer o jogo da mídia, do Rodrigo Maia e do Alcolumbre. Se insubordinar ao presidente Bolsonaro, e não olhar para o caos social.","Sim temos q ser justos. Qm era mesmo o tal Mandetta antes da pandemia por conta da vírus chinês? Mais d um ano perdido. Não revogou regulamentação abortista, manteve propaganda bilhonaria do governo Dilma, defensor SUS, só qm já precisou usar SUS um dia pra entender, traia...",2,0.4281375408172607,0.571862518787384,,Incerta
"Bolsonaro diz que podem perguntar pq decidiu substituir Mandetta. Explica o presidente durante a posse do novo ministro da Saúde: diz que visão de Mandetta era da Saúde, da vida. A sua é, além da vida, a da economia, a do Paulo Guedes.","Para o verme em exercício, a economia está acima do direito à vida. E, no final da cerimônia, todos aqueles homens se abraçando e apertando as mãos. O mau exemplo vem de cima.",2,0.4784058630466461,0.5215941071510315,,Incerta
Depois da demissão do Mandetta.  Você ainda apóia o meu papai?   Sim / Não  Se for sim coloque a tag junto #TchauMandetta,Sempre junto,2,0.5421721339225769,0.4578278064727783,,Incerta
"A maioria esmagadora dos brasileiros é contrária à demissão de Mandetta: 76,2% dos entrevistados discordam do afastamento do ministro da Saúde, segundo pesquisa realizada pelo Atlas Político. Vc concorda com o resultado da pesquisa?   via",Pesquisa mentirosa,2,0.4625457227230072,0.5374543070793152,,Incerta
"Mandetta sai aplaudido de pé. Grata surpresa esse Ministro! Lutou enquanto deu. Mas é duro brigar contra uma porta. Sucesso, !","Mandetta conseguiu o que quis, foi malandro e levou a turma no bico, assim como vc, aproveitou a fragilidade intelectual do presidente e agora virou ""ídolo"" para os eleitores.",1,0.4091812074184418,0.5908188819885254,,Incerta
Pro Mandetta essa demissão foi a melhor coisa que poderia acontecer. As milhares de mortes que virão não vão cair no colo dele e ele chega na próxima eleição (senado ou governo) com discurso pronto. E por fim vai curtir o isolamento de pijamas assistindo vale a pena ver de novo,Você acredita realmente que o Bozo não vai dar um jeito de colocar essa culpa no colo do Mandetta? Eu tenho dúvidas.,1,0.5601814389228821,0.4398185312747955,,Incerta
"Acabo de ouvir do presidente Jair Bolsonaro o aviso da minha demissão do Ministério da Saúde.  Quero agradecer a oportunidade que me foi dada, de ser gerente do nosso SUS, de pôr de pé o projeto de melhoria da saúde dos brasileiros e",Mandetta não é mais ministro da saúde,2,0.4731417596340179,0.5268582701683044,,Incerta
"Acabo de ouvir do presidente Jair Bolsonaro o aviso da minha demissão do Ministério da Saúde.  Quero agradecer a oportunidade que me foi dada, de ser gerente do nosso SUS, de pôr de pé o projeto de melhoria da saúde dos brasileiros e","Mandetta, que estava fazendo um excelente trabalho, foi demitido em meio à crise do novo coronavírus. É ridículo viver em um país que valoriza mais a economia do que a vida.",2,0.5208196043968201,0.4791804254055023,,Incerta
Como brasileiro agradeço o ministro Mandetta por sua atuação firme na Saúde. Por ter desempenhado seu papel ancorado na ciência e nas evidências. Compartilho do sentimento de milhões de cidadãos dizendo muito obrigado por reconhecer seu bom senso e  dedicação.,GRATIDÃO POR SE PREOCUPAR COM OS SERES HUMANOS,2,0.4162939488887787,0.5837060809135437,,Incerta
"Somos o único país do mundo q demitiu o Ministro da Saúde no meio da maior crise de saúde do mundo nas últimas décadas.  Pra coroar, o motivo da demissão foi pq o ministro queria seguir o que a ciência diz.  O que irá fazer o próximo ministro? Seguir a ciência ou Jair Bolsonaro?","o presidente fez da crise sanitária uma crise política, com baixíssima popularidade, enquanto o ministro Mandetta cai, mas cai pra cima. #BolsonaroGenocida",2,0.501605212688446,0.4983947873115539,,Incerta
"“O Brasil, quero deixar bem claro, não merece o que Rodrigo Maia está fazendo. O Brasil não merece a atuação dele na Câmara. Não é o Parlamento, é a atuação dele. Rodrigo Maia, péssima a sua atuação.” (Jair Bolsonaro, para desviar a atenção sobre a saída de Mandetta do governo)","Exato. Não conhece de saúde, gestão, economia. Acaba de dar um passo rumo ao abismo e o que faz? Coloca um ""Bode no meio da sala"" para desviar atenção. Isso ele sabe fazer, até aqui só fez isso em seu desGoverno. Ah! Mandou também os Robôlsominions frenéticos subirem tópico!",2,0.4638819396495819,0.5361180305480957,,Incerta
"Nao vou falar do Mandetta, pois assim como ele, muitos Joãos, Marias, Pedros, foram demitidos hoje...  ... mas, vou falar de quem apoia o Mandetta:   Maia  Alcolumbre  Globo   Haddad  Doria  Caiado  Dito isso, BOLSONARO tem razão e vamos em frente ! #ForaMaia",seu CAIADO TRAIDOR MANIPULADOR INSANO CORRUPTO ditador VC e seus COMPARSAS que derrubaram o mandetta COVEIRO mandar a formiga enfrentar o elefante belo conselheiro vc foi nada patriota nada humano vc achou q a formiga ia se safar dessa volta pr medicina,0,0.4117372632026672,0.5882627367973328,,Incerta
URGENTE! Bolsonaro chama Mandetta,achei que chamasse Jair,2,0.5933703184127808,0.4066296815872192,,Incerta
Olha só a tristeza do Mandetta depois de ter se livrado do estrupício.,Nós precisamos nos livrar também,2,0.5048217177391052,0.4951782822608948,,Incerta
"""E o Mandetta, a linha dele, como médico, era voltada quase exclusivamente para a vida"", disse Bolsonaro","Que absurdo não é mesmo, onde já se viu ficar pensando em gente em salva vidas",2,0.5288166403770447,0.4711833894252777,,Incerta
"Bolsonaro plmrds kk tudo tem limites,o mandetta não fez ndtava super empenhado pra combater esse vírus,mas teu ego eh enorme","Mandetta demorou muito a entender a importância do SUS, precisamos de uma pandemia mundial para ele cair em si da importância de um sistema integrado de saúde pública.   Bolsonaro ainda não entendeu nada sobre amor a vida e cuidado do País que ele diz comandar.",0,0.5938464403152466,0.4061535596847534,,Incerta
"Mandetta deixa como legado uma estrutura para que o Brasil possa – com governo federal, estados e municípios unidos – atender da melhor forma possível a sociedade brasileira, principalmente as pessoas que necessitam do SUS.","Cadê a sua moral?  Vc falou que NÃO iria permitir a demissão do Mandetta, e agora José??? O presidente é o Bolsonaro.",1,0.572767436504364,0.427232563495636,,Incerta
"Em sua despedida, Mandetta defende a vida, o SUS e a ciência. Três palavras incompatíveis com o atual governo.",A realidade como ela é: Dória e Witzel se transformaram nos defensores da vida. Mandetta virou o pai do SUS. A esquerda vive de chorar ao STF (que prendeu Lula) e ao congresso (que depôs Dilma) fazer o que ela não consegue. Perde suas principais bandeiras e ainda passa o recibo:,2,0.553118884563446,0.4468811452388763,,Incerta
"""E o Mandetta, a linha dele, como médico, era voltada quase exclusivamente para a vida"", disse Bolsonaro",Tentando entender aonde que está o erro de um médico que era ministro da saúde ter como único foco voltado exclusivamente para a vida.,2,0.4550814032554626,0.5449185371398926,,Incerta
"Mandetta demitido é o começo do fim podem esperar, espero que seja o fim do Bolsonaro #MandettaDEMITIDO","MDS mansh, incrível demais, mandetta sendo demitido e os bolsominions brotando pra dizer que o mandetta era o genocida, temos a poha de um previdente burro pra cacete querendo que o povo saia de casa em meio a uma pandemia, pelo amor neh gente, tirem a consciência do cu",0,0.5728133916854858,0.4271866083145141,,Incerta
"Essa é a foto mais grave da pandemia. O Ministro Mandetta pediu a ""construção de pontes"" com o tráfico e a milícia para o combate ao vírus.   Aí está uma dessas pontes, na Cidade de Deus, RJ.  Quem abre mão de sua liberdade em nome da segurança, acaba perdendo as duas coisas.","Eram essas “pontes” que o ministro  queria costruir com o crime organizado? Bem, raramente se viu uma sintonia tão fina entre o poder oficial e o poder paralelo - hoje indistinguíveis, e ambos criminosos.",2,0.5746400952339172,0.425359845161438,,Incerta
Bolsonaro demitiu Mandetta porque ele seguia as orientações da OMS e não negava a ciência. Que tipo de médico aceita assumir um ministério da saúde assim? Esse vídeo é uma prévia do que pode estar nos esperando num futuro próximo. Precisamos tirar Bolsonaro para salvar o país.,"Seria muito engraçado se o primeiro princípio do SUS fosse a universalidade né? Tipo, pra todo mundo",2,0.5369680523872375,0.46303191781044,,Incerta
"""E o Mandetta, a linha dele, como médico, era voltada quase exclusivamente para a vida"", disse Bolsonaro",E tá errado seu corno? Só na sua cabeça doentia que a vida do povo deve ficar em segundo plano #COVIDー19  #ForaBolsonaro,2,0.5942493677139282,0.4057506620883941,,Incerta
"MANDETTA, não se esqueça:  - fique em casa - não trabalhe - nada de aglomerações - sair, só em necessidade extrema  E tomara que não pegue, mas se você pegar o CORONAVÍRUS,  NÃO TOME HIDROXICLOROQUINA, ok?!  Mostre coerência e prove que acredita no que diz",", segue o recado DIRETO E RETO: #MandettaDEMITIDO",2,0.5696516633033752,0.4303483366966247,,Incerta
"Mandetta deixa como legado uma estrutura para que o Brasil possa – com governo federal, estados e municípios unidos – atender da melhor forma possível a sociedade brasileira, principalmente as pessoas que necessitam do SUS.","Homenagem boa seria liberar a verba do fundo eleitoral para o combate ao corona vírus, mas isso vcs não querem né.",2,0.5939609408378601,0.4060390293598175,,Incerta
"Mandetta demitido. Antes de sair o médico deixou um atestado: parar Bolsonaro é questão de saúde pública.  Trocar um Ministro, em meio à uma pandemia e possível colapso do sistema de saúde, por conta de ego e caprichos é o cúmulo da irresponsabilidade.  P O L I T I C A G E M","Bolsonaro substitui Henrique Mandetta por Nelson Teich que é um cara muito admirado na comunidade médica, é a favor do isolamento social e da testagem em massa. Ou seja, só demitiu Mandetta por causa de briga de ego mesmo",0,0.4446511566638946,0.5553488731384277,,Incerta
"A maioria esmagadora dos brasileiros é contrária à demissão de Mandetta: 76,2% dos entrevistados discordam do afastamento do ministro da Saúde, segundo pesquisa realizada pelo Atlas Político. Vc concorda com o resultado da pesquisa?   via","Não concordo com a pesquisa. Sou a favor da demissão do Mandetta. Existe uma palavra que ele desconheci, hierarquia.",1,0.5923132300376892,0.407686710357666,,Incerta
"Ex-Ministro Mandetta! Me diga onde ele salvou vidas? Teria salvado muitas vidas se tivesse cancelado o carnaval... No carnaval já havia infectados, e ele ficou CALADO! Teria salvado vidas se tivesse liberado a cloroquina para os pacientes. O Ministério não é palanque político...","Boaaaaaaa, é isso ai ministro, pé no gogó, dedo na ferida kkkkkkkkkkkkk !!!! #Techtemrazão kkkkk",2,0.4426816403865814,0.557318389415741,,Incerta
Depois da demissão do Mandetta.  Você ainda apóia o meu papai?   Sim / Não  Se for sim coloque a tag junto #TchauMandetta,Claro que sim,2,0.5459696650505066,0.4540303647518158,,Incerta
O Mandetta era ortopeidista.,... ortopedista mas gooosta de dinheiro um pouco demais da conta,2,0.5492041110992432,0.4507959485054016,,Incerta
"Mandetta a caminho do planalto, provavelmente para que a merda seja decretada #globonews",PETISTAS POSTANDO EM SUAS PÁGINAS APOIO AO MANDETTA É PRA CHORAR DE RIR. ESTÃO A FAVOR DE UM MINISTRO QUE O PRESIDENTE BOLSONARO COLOCOU E DEMITIU. ISSO PROVA TODA BURRICE. MORRI KKKKKKK #ForaMaiaVagabundo,0,0.5560935735702515,0.4439064264297485,,Incerta
"Em sua despedida, Mandetta defende a vida, o SUS e a ciência. Três palavras incompatíveis com o atual governo.",Você defendendo o Mandetta???? Agora eu  apoio o Bolsonaro não tem como.,1,0.4326777458190918,0.5673222541809082,,Incerta
1) As pessoas que estão dentro do BBB não sabem que Mandetta foi demitido hoje. 2) As pessoas que estão dentro do BBB não sabem quem é Mandetta.,3) muita gente fora do bbb ainda não sabe quem é Mandetta,1,0.4625476896762848,0.5374522805213928,,Incerta
"Bolsonaro é tão ruim, mas tão mega-hiper-ruim que, na frente dele, as pessoas começaram a achar o Maia legalzinho, o Dória gente boa, o Caiado simpático e o Mandetta eficiente...",Tô so vendo o perigo disso. O povo vai elegê-los de novo por achá-los herois,2,0.583056628704071,0.4169433712959289,,Incerta
"Mandetta ja foi tarde, mas tinha que ser assim pra que saísse pela porta dos fundos. Agora #foramaia",#ForaMaia  Não é contra a instituição da Câmara. É principalmente contra esse político que está aquém dos desejos do povo.,2,0.4304014146327972,0.5695986747741699,,Incerta
Não acho que será horizontal pq a briga com o Mandetta foi exatamente essa né rs mas me iludi lendo em um site que o novo ministro postou no LinkedIn textos a favor do isolamento horizontal...,"Entao, voce acabou de me responder kkk obg. Não sera mesmo horizontal, pq foi a maior briga do bolsonaro e mandetta",1,0.5161563158035278,0.4838436543941498,,Incerta
Isso daria até filme: “O estranho caso do médico que se preocupava com a saúde das pessoas”.  O cara só abre a boca pra falar m...,"Mandetta virou santo, mas como todo santo da esquerda, era corrupto ...",1,0.5158830881118774,0.4841169416904449,,Incerta
"Acabo de ouvir do presidente Jair Bolsonaro o aviso da minha demissão do Ministério da Saúde.  Quero agradecer a oportunidade que me foi dada, de ser gerente do nosso SUS, de pôr de pé o projeto de melhoria da saúde dos brasileiros e","Obrigado Mandetta, infelizmente nós não temos um presidente e sim uma anta na frente do governo do Brasil !",2,0.4346846044063568,0.5653154253959656,,Incerta
"A incrível história de um país que troca seu ministro da Saúde aprovado pela maioria da população em meio à pior crise de saúde do século. Apertem os cintos e ouçam o Café de Manhã de hoje, pois esse país é o Brasil",Quem disse q a maioria apoiava mandetta p vcs ? A maioria dos políticos q fazem oposição ao governo sim Esses apoiam ele  Mais eu e muito eleitores n apoiava não,2,0.4166625440120697,0.5833374857902527,,Incerta
"Oi Mandetta, tudo bom? Agora que o Bolsonaro já te chutou do Ministério da Saúde, conta pra gente o resultado do exame dele.","Pois então né, quero saber da gripezinha...",2,0.4418188035488128,0.5581811666488647,,Incerta
ainda não consigo acreditar que o Mandetta saiu antes da Ivy,que macumba forte essa bicha fez??,2,0.5120981931686401,0.4879017770290375,,Incerta
"Acabo de ouvir do presidente Jair Bolsonaro o aviso da minha demissão do Ministério da Saúde.  Quero agradecer a oportunidade que me foi dada, de ser gerente do nosso SUS, de pôr de pé o projeto de melhoria da saúde dos brasileiros e","se eu fosse o Mandetta faria uma coletiva de imprensa e falaria sobre tudo que sabe, inclusive o resultado do exame do Bolsonaro.",2,0.5898545980453491,0.4101454019546509,,Incerta
"EXONERAÇÃO DE MANDETTA?(1)... o número de mortos já passa de 200 por dia, ao todo já são quase 2 mil, hospitais ameaçam colapsar em vários Estados e cada vez mais trabalhadores da saúde são contaminados e expostos à doença... o presidente, o que faz? boicota a política em curso.",Que comece a contagem dos mortos pelo Bolsonarismo,2,0.4590737819671631,0.5409262180328369,,Incerta
Caralho to indignado que o Mandetta saiu antes da Ivy,"foi apenas alguns dias antes, domingo ela já tá na rua",2,0.5715019106864929,0.4284980893135071,,Incerta
"""Mandetta deixou o ministério cantando"", publicou Lauro Jardim.  Mas o que me chamou atenção foi o seguinte:  Aglomeração dentro do MINISTÉRIO DA SAÚDE?  Você encontra cuidados sanitários e medidas de proteção no vídeo publicado?",Pode aglomeração sem uso de máscara?,2,0.5578843355178833,0.4421156346797943,,Incerta
"Em especial para você com mais idade que votou no Bolsonaro, seu novo ministro da saúde:  Bolsonaro convida oncologista Nelson Teich para Ministério da Saúde #BolsonaroGenocida #Mandetta",Esse é aquele que falou sobre escolher entre um velhinho e um adolescente SUS!!!!!!!!!!!!!!!!!!!!!!!!!!!!!!!!!!!! Socorro!,2,0.4035249948501587,0.5964749455451965,,Incerta
"""E o Mandetta, a linha dele, como médico, era voltada quase exclusivamente para a vida"" - Jair Bolsonaro, presidente do Brasil",se a pessoa humilde perder a vida não vai adiantar nada ela ter trabalho meu filho,2,0.5654481053352356,0.4345519542694092,,Incerta
"Em sua despedida, Mandetta defende a vida, o SUS e a ciência. Três palavras incompatíveis com o atual governo.","Quanto a demissão do Mandetta, isso aqui, diz tudo, talkey!",2,0.4117296636104584,0.588270366191864,,Incerta
"De acordo com a nova Pesquisa do Atlas, Mandetta tem aprovação de quase 80% dos entrevistados. Diante desse número e se o presidente Lula não puder concorrer, vocês votariam em quem para presidente?",Kkkkkkkkkkkkkkkkkkkkkk Mandetta tá apanhando,2,0.5247946977615356,0.4752052426338196,,Incerta
"""E o Mandetta, a linha dele, como médico, era voltada quase exclusivamente para a vida"", disse Bolsonaro","Não pode um médico cuidar de coisas nesse governo, talkey?",2,0.1637464016675949,0.8362535834312439,,Alta
"""E o Mandetta, a linha dele, como médico, era voltada quase exclusivamente para a vida"", disse Bolsonaro","Que prioridade estranha essa do MÉDICO Mandetta, onde já se viu médico priorizar a vida?!?!?",2,0.1035051271319389,0.8964948654174805,,Alta
"""E o Mandetta, a linha dele, como médico, era voltada quase exclusivamente para a vida"", disse Bolsonaro",Era p se preocupar com a morte? Kkkkkkkkkkkkkk,2,0.1025332286953926,0.8974668383598328,,Alta
"""E o Mandetta, a linha dele, como médico, era voltada quase exclusivamente para a vida"", disse Bolsonaro",quem diria que se preocupar com VIDAS seria motivo de demissão ein...,2,0.1920278221368789,0.8079721927642822,,Alta
"""E o Mandetta, a linha dele, como médico, era voltada quase exclusivamente para a vida"", disse Bolsonaro","Médico lamentável desses, preocupando só com a vida..",2,0.1090164184570312,0.8909835815429688,,Alta
"Novo minstro da saúde: o dinheiro é limitado e ""escolhas são inetiváveis"". Entre pessoa mais idosa e um adolescente, qual vai ser a escolha? Veja a resposta:","Meu Deus! Fazer escolhas entre quem vai viver e morrer? Meus pais se sentiram mal, ao ouvir esse ministro falando! Ele devia saber q n é um campo de concentração!  Agora os acima de 60 anos, que apoiaram a demissão do Mandetta, se cuidem, pq será feita escolhas por idade!",2,0.135982409119606,0.8640175461769104,,Alta
mandetta demitido e ibaneis reabrindo o comércio daqui duas semanas....... minha expectativa de vida ta mais baixa do que tava na época que eu bebia todo dia,expectativa de vida tá mais baixa do que na idade média,2,0.1444179266691208,0.855582058429718,,Alta
"Em sua despedida, Mandetta defende a vida, o SUS e a ciência. Três palavras incompatíveis com o atual governo.","E a prevent não  fez ciência  não?? Mandetta não  defendeu a ciência,  defendeu seus interesses políticos... quando vejo petistas defendendo  a galera do DEM tenho mais certeza que #BolsonaroTemRazao  #ForamMaia",1,0.1931344866752624,0.8068655133247375,,Alta
"O Teich disse praticamente tudo que o Mandetta falou. Não muda o isolamento, economia também é importante, há que se investir em pesquisa. Mandetta também falava que no futuro se encerraria o isolamento. Nada significativo. Por que trocou, então? Porque o ministro se destacou?",Nem com   lupa encontraram um médico p/ endossar a fala do presidente contra o isolamento social.  Este é o presidente q em março foi contra fechar fronteiras e derrubou a portaria do min.daSaude q suspendia cruzeiros e recomendava isolamento p/quem retorna do exterior.,2,0.125161200761795,0.8748388290405273,,Alta
"""E o Mandetta, a linha dele, como médico, era voltada quase exclusivamente para a vida"", disse Bolsonaro","Realmente, um absurdo o Ministro da Saúde preocupado com vidas. Ele tinha que se preocupar com o preço da soja",2,0.1462863981723785,0.8537136316299438,,Alta
"Oi Mandetta, tudo bom? Agora que o Bolsonaro já te chutou do Ministério da Saúde, conta pra gente o resultado do exame dele.","Mano, pq raios essa merda desse presidente quer matar a gente? DEMITIR O MANDETTA? NAMORAL?",0,0.1860174387693405,0.8139825463294983,,Alta
"Bolsonaro sobre Mandetta: O que é bem perceptível em uma primeira e breve ""olhada"" é o excesso de gestos pacificadores, micro expressões de medo, alteração FCR, indicando alto nível de ansiedade.  ANSIEDADE por si, não significa muita coisa, devido ao contexto. Análise Sábado.",A análise que importa.,2,0.1694750934839248,0.8305249214172363,,Alta
Ele não pode errar.,"Ele não vai errar! Mas para isso a mídia tem que parar de criar intrigar, deixar o cara trabalhar. Quem sabe o que vai acontecer!”?A Globolixo vai ficar comparando com Mandetta e caindo de pau em cima! O JN mais parece um programa de madame fofoqueira fazendo intriguinha.",2,0.1118761077523231,0.8881238698959351,,Alta
"""E o Mandetta, a linha dele, como médico, era voltada quase exclusivamente para a vida"" - Jair Bolsonaro, presidente do Brasil","que bom que era voltado pra vida né, amado",2,0.1231380552053451,0.8768619894981384,,Alta
"""E o Mandetta, a linha dele, como médico, era voltada quase exclusivamente para a vida"", disse Bolsonaro",Quem diria que um medico se importaria com vidas nao é mesmo,2,0.1550126522779464,0.8449872732162476,,Alta
"A maioria esmagadora dos brasileiros é contrária à demissão de Mandetta: 76,2% dos entrevistados discordam do afastamento do ministro da Saúde, segundo pesquisa realizada pelo Atlas Político. Vc concorda com o resultado da pesquisa?   via",A maioria dos brasileiros não foram informados sobre o verdadeiro MANDETTA. Afinal entre políticos safados e a mídia prostituta restou somente a internet.,1,0.1489395350217819,0.8510603904724121,,Alta
"Mandetta era um dos poucos desse governo que exaltava a CIÊNCIA, e foi justamente isso que fez Bolsonaro o demitir  Todos sabem que ele não acredita em ciência, é ignorante, não tem capacidade nem de entender os dados que chegam das secretarias de saúde.  É, estamos fodidos!",AIN EU AMO CIÊNCIA PRA CARALEO  CRESCE,2,0.1454703509807586,0.854529619216919,,Alta
"""E o Mandetta, a linha dele, como médico, era voltada quase exclusivamente para a vida"", disse Bolsonaro","agora então, temos um médico a favor da morte, correto",2,0.1003897786140441,0.8996102213859558,,Alta
"""E o Mandetta, a linha dele, como médico, era voltada quase exclusivamente para a vida"" - Jair Bolsonaro, presidente do Brasil","Que absurdo um médico voltado para a vida, né?",2,0.1067673340439796,0.8932327032089233,,Alta
"Bolsonaro demitiu Mandetta por ciúme, inveja e cálculo eleitoral e não foi divórcio consensual coisa nenhuma, mas meras ignorância,  irresponsabilidade, desumanidade e culto à morte, por fazê-lo em pleno pico da pandemia.","Uai o pico não era entre maio e junho ou agosto ou setembro, se ele for esperar passar o Mandetta ficava ad eterno",1,0.1429952532052993,0.8570047616958618,,Alta
"Vale lembrar:  Bolsonaro demitiu Mandetta, mas era tudo intriga da imprensa, querendo jogar um contra o outro, claro.  Continue se informando pela claque.  Os financiadores agradecem.",Vc deixou de ser fonte de informação a muito tempo.,2,0.1594185978174209,0.8405813574790955,,Alta
"""E o Mandetta, a linha dele, como médico, era voltada quase exclusivamente para a vida"" - Jair Bolsonaro, presidente do Brasil",Deve ser pq ele era o ministro da SAÚDE ??????????,2,0.1959953308105468,0.8040046095848083,,Alta
"""E o Mandetta, a linha dele, como médico, era voltada quase exclusivamente para a vida"" - Jair Bolsonaro, presidente do Brasil","ATENÇÃO, MÉDICOS  Vcs terão q se especializar em economia p/ exercer a profissão?",2,0.1024534776806831,0.8975465297698975,,Alta
"""E o Mandetta, a linha dele, como médico, era voltada quase exclusivamente para a vida"" - Jair Bolsonaro, presidente do Brasil",Um médico que se preocupa com a vida está em dissonância com o governo  !,2,0.107086069881916,0.8929138779640198,,Alta
"E já começaram a subversão dos fatos.  Deixando a emoção de lado, o apego a vida, o medo da morte etc.... Onde está a falta de lógica no discurso do médico?   via","Os canalhas sabem que esse tipo de decisão é comum na medicina. Em epidemias, em crises, na GUERRA.  Eles apostam na estupidez das pessoas para subvertendo um tema da REALIDADE, confundirem as pessoas e atacarem a reputação do novo ministro.  #ForaMaia",2,0.1941139698028564,0.8058860301971436,,Alta
Mandetta = político há anos.   Nelson Reich = médico há anos.  Rubinho = um merda há anos.,Mandetta não foi indicação técnica.,1,0.990111529827118,0.009888450615108,,Random
"Acabo de ouvir do presidente Jair Bolsonaro o aviso da minha demissão do Ministério da Saúde.  Quero agradecer a oportunidade que me foi dada, de ser gerente do nosso SUS, de pôr de pé o projeto de melhoria da saúde dos brasileiros e","Pelo número de likes não há a menor dúvida de que  lado o brasileiro sensato está, valeu Mandetta, vc foi GIGANTE!!! #BolsonaroGenocida  #ObrigadoMandetta",2,0.905819058418274,0.0941809564828872,,Random
Mandetta deixa ministério cantando.,Alguem me explica essa aglomeração com milhares de contatos???,2,0.9769953489303588,0.0230046957731246,,Random
"Após demitir Mandetta (Tchau Querido!), e nomear o Ministro do Genocídio, Bolsoliro se desespera ataca o Rodrigo Maia.","Dias atrás ouvi que a direita não sabe governar e vai se alto sabotar e olha ai o Mandetta caindo, o Brasil dos últimos tempos é esse uma sucessão de erros depois a culpa é da globo, dos comunistas e da legião de demônios que o lixo ta enfrentando.",0,0.9912234544754028,0.0087765948846936,,Random
"E lá se vai Mandetta, admitido por seus defeitos, demitido por suas qualidades. Espero que o auxílio emergencial não sirva para comprar caixões.",parabenize a sensatez do mandetta frente a pandemia. Porém n esqueça suas atitudes passadas....,0,0.9763584136962892,0.0236415546387434,,Random
"Demissão de Mandetta ‘não é positiva e será sentida por todos nós’, dizem Maia e Alcolumbre",Se eles não gostaram então Bolsonaro acertou.,2,0.9720848202705384,0.0279152058064937,,Random
"Horas depois de demitir Mandetta, Bolsonaro promove Rodrigo Maia a inimigo número um",É estratégia. Sempre tem que estar em guerra contra alguém.,2,0.988657772541046,0.011342185549438,,Random
Mandetta foi demitido  Tenso !,"Mandetta não foi demitido por seguir recomendações da OMS (o novo ministro também é a favor do isolamento horizontal.) Mandetta foi demitido porque o presidente é  um egomaníaco com síndrome de perseguição, como todo autoritário é.",0,0.9316114783287048,0.0683885067701339,,Random
"Dória, Witzel, Alcolumbre, Rodrigo Maia, Mandetta e Caiado, chegaram aos cargos de poder pelas mãos de Bolsonaro. Todos o traíram, pensando que poderiam encabrestar o presidente para fazer a velha política. Não conseguiram, hoje cospem na mão amiga.",Excelente leitura. Traidores não serão perdoados pelo povo. #ForaMaia #ForaMaiaBotafogo,2,0.9842670559883118,0.0157329533249139,,Random
"""E o Mandetta, a linha dele, como médico, era voltada quase exclusivamente para a vida"" - Jair Bolsonaro, presidente do Brasil",basicamente a cuestão aí da vida tem que acabar com isso,2,0.9094250798225404,0.0905749127268791,,Random
Bolsonaro demitiu Mandetta porque ele seguia as orientações da OMS e não negava a ciência. Que tipo de médico aceita assumir um ministério da saúde assim? Esse vídeo é uma prévia do que pode estar nos esperando num futuro próximo. Precisamos tirar Bolsonaro para salvar o país.,"Eu queria ver se a sua mãe ou seu pai estivesse com Covid-1 e o médico fala: olha, não vou tratar sua mãe ta bom, ela tá no fim da vida, já! Vou tratar aquele jovem que está alí, no outro quarto e que tem toda uma vida pela frente! Temos que tratar todos, curar todos!",2,0.6608542799949646,0.3391457498073578,,Random
"Pois é, o Mandetta saiu né, que barra. Vamo namorar?",O problema de Bolsonaro com Mandetta era ciúmes,0,0.9866245985031128,0.0133754331618547,,Random
Confira,"Parabéns  , por sua coragem em tomar uma difícil decisão de trocar o comando do Ministério da Saúde em meio a guerra. Todos sabíamos que essa medida teria que ser tomada diante de todas as evidentes contrariedades do ex-ministro Mandetta. Estamos com o Sr PR",0,0.941775679588318,0.0582243464887142,,Random
"Mandetta já não é mais o Ministro da Saúde. Ele está indo ao Planalto, conversar com o Bolsonaro.","Eu Aqui torcendo para que Amanhã já encontrem tudo que o Mandetta roubou, que alguém faça uma delação premiada de tudo... E ELE FAÇA uma delação do Botafogo Maia e acabe com essa roubalheira na saúde. Não tem hospital cheio... tudo mentira!!! #ForaMaia #ForaDoria",0,0.1162426993250846,0.8837572336196899,,Random
Demissão de Mandetta é rejeitada por 76% dos brasileiros,"Kkkkkkk Que piada, né?",2,0.9668193459510804,0.0331806875765323,,Random
Que momento vivemos: Bolsonaro é mito e Mandetta vira herói nacional.,"Datena defendia Mandetta até antes da entrevista de Mandetta a Globo, agora tá descendo a lenha nele. Ah para velho",0,0.9852094054222108,0.014790597371757,,Random
"Sai Mandetta e entra um Josef Mengele para ministro da saúde ...  E as ações das funerárias nas bolsas de valores explodem, para felicidade dos liberais ...",O poder econômico fazendo suas exigências...,2,0.9065388441085817,0.0934611484408378,,Random
"Depois de demitir o Mandetta, Bolsonaro agora foi pra cima do presidente da Câmara Federal Rodrigo Maia. A mente do Presidente da República é  completamente atordoada!","A máxima: Se não ajuda, não atrapalha, deveria ser regra. JB não pode ver alguém recebendo mais atenção ou boa avaliação que logo quer cortar as asas. Com os ministros, ele sobe o tom ou demite, com os demais poderes usa a imprensa, que ele ataca, pra levar recado. #ForaBolsonaro",2,0.9916722178459167,0.0083277923986315,,Random
O Mandetta só saiu porque era competente demais pro presidente,"Mandetta demitido. Agora é contar os milhares de corpos empilhados sem ter onde enterrar.  E, sim: tudo por culpa do palhaço assassino.",0,0.9844249486923218,0.0155750475823879,,Random
Quem era Mandetta antes de virar Ministro da Saúde? O que fez no ministério no período anterior à epidemia?,"Nada,pra mim estava sendo criado pra ser candidato do DEMoniacos a presidente! Assim como o corona foi criado pra destruir as democracias liberais e de direita no mundo!",2,0.9724746346473694,0.0275253430008888,,Random
"'Não façam um milímetro diferente do que vocês sabem fazer', diz Mandetta","Não vou parar de beber nunca, pode deixar",2,0.9812358617782592,0.0187641251832246,,Random
"""E o Mandetta, a linha dele, como médico, era voltada quase exclusivamente para a vida"" - Jair Bolsonaro, presidente do Brasil","A distopia que virou esse país, meu pai...",2,0.959011971950531,0.0409880802035331,,Random
MAIS UM SAFADO QUE CAIU. KKKKK CHUPA BOTAFOGO,O outro lado do Mandetta salafrario. Sempre foi política.  #PraCegoVer,2,0.9752134084701538,0.0247866567224264,,Random
Jair Bolsonaro diz que saída de Mandetta do governo foi ‘divórcio consensual’.,"Certeza que é gay enrustido, ele namora o Guedes, tá noivo do Moro, se divorciou do Mandetta...",2,0.9786521792411804,0.0213478486984968,,Random
Não se esqueçam de deixar de seguir o Mandetta!  #ForaMaia,"O difícil vai ser que o Mandetta era político, tinha papo, esse ministro é sério e nunca foi político. Podem querer massacra-lo",1,0.9593049883842468,0.0406950116157531,,Random
"""E o Mandetta, a linha dele, como médico, era voltada quase exclusivamente para a vida"" - Jair Bolsonaro, presidente do Brasil",Oi deus sou eu de novo olha o que esse velho esquizo está fazendo com a gente assim não que eu esteja desejando sabe.... mas por algum acaso da vida (que ele nem preserva mesmo) esse senhor não vai ter um infarto e morrer não?,2,0.4705347716808319,0.5294652581214905,,Incerta
"""PSOL denuncia demissão de Mandetta à OMS e pede convocação de Teich""  Eu denunciaria o PSOL por abuso de poder. Tem que aniquilar esses ratos usando todo o potencial da lei.",Pq o PSOL não denunciou direto para a Matriz o PCC ( o comunista da China  não o traficante embora tenha boa relações com os 2) não precisava falar com a filial OMS,2,0.4843771159648895,0.5156229138374329,,Incerta
"e, claro, como o capitalismo come até bosta se vender caro, o próximo ministro é sócio da Teich Health Care. oremos.",saudade do meu ex  ex ministro da saúde henrique mandetta,0,0.5550375580787659,0.4449624717235565,,Incerta
Minha raiva que esse Mandetta vai vir candidato pelo DEM e vai ganhar pq virou mártir desse governo de tresloucados e vai continuar fazendo lobby anti SUS e pro plano de saúde.,Tem que ser muito trouxa pra votar no Mandetta. Anos dele candidato aqui e zero votos vou manter assim,2,0.590416431427002,0.4095836281776428,,Incerta
"1/1 Mandetta Demitido, a História.  Bolsonaro acaba de demitir Mandetta.  A máquina suja do gabinete da lorota e queima de reputação já trabalha para dizer que Mandetta sacaneou com o dinheiro público (Pena que esquecem o Fabio da Secom)","1/2 Fabio que até hoje ainda faz contrato entre o governo e suas empresas, ferindo o principio da isonomia.  Quem acompanhou sabe que Mandetta não caiu por corrupção (ministro do Turismo manda bjos) ou por incompetência (Alô Itamaraty!) mas sim por não ser servil a narrativa.",1,0.5679423213005066,0.432057648897171,,Incerta
"Inacreditável! Bolsonaro justificou a demissão de Mandetta porque ele teria uma linha de ""defender exclusivamente a vida"". O Brasil é governado por quem defende a morte.","Aí ver a quadrilha da esquerda juntamente com o ladrão de terras Boulos defender o mesmo Mandetta que eles eram contra em 2018 , a gente já pode saber que ele não é de confiança, toda a raça de bandidos da política agora transformaram Mandetta em deus.",1,0.4727592468261719,0.5272407531738281,,Incerta
"Em sua despedida, Mandetta defende a vida, o SUS e a ciência. Três palavras incompatíveis com o atual governo.","Infelizmente temos um presidente irresponsável, inconsequente e criminoso.",2,0.4822929799556732,0.5177070498466492,,Incerta
"Depois de demitir o Mandetta, Bolsonaro agora foi pra cima do presidente da Câmara Federal Rodrigo Maia. A mente do Presidente da República é  completamente atordoada!","Tá atacando pq tá com medo, não sabe mais nem disfarçar!",2,0.5150606632232666,0.484939306974411,,Incerta
Demissão de Mandetta provoca panelaços contra Bolsonaro em diferentes pontos do país  // Noffa. Então é grave a situação.,"Eu preciso saber onde ocorre esses panelaços, pq nunca consigo ouvir. Pelo que a left imprensa divulga, acontece em todo lugar, mas ninguém consegue ouvir.",2,0.4417541623115539,0.5582458972930908,,Incerta
"Para alguém que acha que deveriam ter morrido uns 30 mil durante a ditadura, que enaltece a ditadura em discurso e mantem livro de torturador não mesa da presidência, nenhuma surpresa demitir um ministro que tem a “linha de trabalho voltada para a vida”.","Ma$ é claro que a demi$$ão do Mandetta é ju$ta, $ó leia a$ entrelinha$.",1,0.5610003471374512,0.4389996528625488,,Incerta
"Fico feliz em perceber q em meio ao caos, ao pânico e histeria q o ""Covid"" tem causado, em algum lugar aqui no Brasil, se pode ficar s/máscara e se abraçar. Pôxa se não fosse a exoneração do Mandetta, não íamos ver uma cena dessa tão romântica e saudável. Caos pra vc e paz p mim!","Sem máscara  e abraços??? Pode???? Falsos profetas caíram, já foi um!!! #ForaMaia",2,0.5783161520957947,0.4216838479042053,,Incerta
uhahuauhauhauhahuaauh,Alguém avisa essa alface q mandetta foi indicação do caiado,1,0.5468451380729675,0.4531548917293548,,Incerta
"Ao amigo e colega médico , missão cumprida! Fez do nosso País, com todas as suas limitações na área da Saúde, referência internacional de como enfrentar a propagação do coronavírus. Salvou milhares de vidas. Obrigado.",Obrigada  mandetta nosso médico  do brasil. É com o coração triste mas com a certeza q isso é apenas um ATE BREVE.  #FORABOLSONARO,2,0.5326858162879944,0.4673142433166504,,Incerta
Mandetta sai do Ministério da Saúde um gigante. Sempre com foco em salvar vidas e na ciência. #ObrigadoMandetta,UMA VERGONHA PRO BRASIL PERDER O MANDETTA#FORA#BOLSONARO#,1,0.4414708018302917,0.5585291981697083,,Incerta
Brasil é surreal. Mandetta saiu antes da Ivy....,O Brasil....,2,0.4412824809551239,0.5587175488471985,,Incerta
"A pasta da Saúde, por si só, é 1 enorme desafio.Mandetta o encarou de frente, com coragem e correição. Sai do Ministério com credibilidade fortalecida pela ciência. Agora, nos resta desejar q o novo Min. encontre a solução necessária para q possamos superar esta difícil travessia","Talvez o grande desafio seja unir a ciência a ignorância ou obsessão pelo poder, mandetta foi sempre muito sóbrio, esclarecedor, Espírito de equipe, mas acima existia o despreparo, arrogância e a síndrome do poder...desejamos Boa sorte ao nosso novo ministro, não posso pensar dif",1,0.5519621968269348,0.4480377435684204,,Incerta
"""E o Mandetta, a linha dele, como médico, era voltada quase exclusivamente para a vida"" - Jair Bolsonaro, presidente do Brasil",Talvez pq ele fosse o ministro da SAÚDE,2,0.5866249203681946,0.4133750796318054,,Incerta
"Acabo de ouvir do presidente Jair Bolsonaro o aviso da minha demissão do Ministério da Saúde.  Quero agradecer a oportunidade que me foi dada, de ser gerente do nosso SUS, de pôr de pé o projeto de melhoria da saúde dos brasileiros e",Quando o ego do nosso digníssimo presidente e seu baby barbado sobre saí o bom trabalho do Mandetta.,2,0.554463267326355,0.4455367922782898,,Incerta
Como brasileiro agradeço o ministro Mandetta por sua atuação firme na Saúde. Por ter desempenhado seu papel ancorado na ciência e nas evidências. Compartilho do sentimento de milhões de cidadãos dizendo muito obrigado por reconhecer seu bom senso e  dedicação.,FALAR A VERDADE VC NAO PODE NÉ?VC JA SE VENDEU FAZ TEMPO,2,0.4970812797546386,0.5029186606407166,,Incerta
"Mandetta n é infectologista,""mal é médico""podemos dizer se exagerarmos nas críticas,pq ele é +político q médico.Ele e o Centrão, liderado pelo Maia,tiveram reuniões""abertas"",p todos verem.A mídia como odeia Bolsonaro, pegará como herói,perfeito,dono da razão, tds como o Mandetta","Rapaz, caguei pra Mandetta agora que ele saiu. Agora, concordar com as sandices de Bolsonaro é ser muito lambe bola e lunático que nem ele. Mandetta, politicamente ou não, estava seguindo o procedimento padrão para evitar o caos na saúde. Isso é um fato, não é opinião.",1,0.5279248952865601,0.4720750749111175,,Incerta
"Já sabem quem estará no próximo Roda Viva, né?",Lógico né mister Mandetta kkkkkkkkkkkkk,2,0.4904686510562897,0.5095313787460327,,Incerta
Esse é o sucessor de Mandetta no Ministério da Saúde #BolsonaroVirus,Esse é o novo ministro da saúde.,2,0.4511442184448242,0.5488558411598206,,Incerta
"Mandetta é o primeiro caso de demissão por competência, demitido porque não lambeu as botas de quem está errado.  E aqueles que defendiam um ""Ministério Técnico"" se curvaram e ainda aplaudem uma demissão política.","Pior de tudo que você diz o que não sabe, pois o Mandetta está mais sujo que pau de galinheiro, responde por processos um de 43 milhões e outro de 8 milhões do sistema GISA. Tem muita matéria sobre isto, basta procurar. Há mais Mutreta do que competência.",1,0.4351117312908172,0.5648882985115051,,Incerta
"Em sua despedida, Mandetta defende a vida, o SUS e a ciência. Três palavras incompatíveis com o atual governo.","Caralho cara, A PIADA senhor",2,0.5728018283843994,0.4271982312202453,,Incerta
"Em tempo: o novo ministro da Saúde, Nelson Teich, citou o SUS uma única vez em seu primeiro pronunciamento. E isso quando abordava sua estratégia sobre testes nos pacientes. Mais um ponto para o agora ex-ministro Mandetta, que valorizou o Sistema Único de Saúde do início ao fim","O que se diz, vale muito.  O que se cala, muito mais. (O SUS merece, mais do que nunca, todo apoio, humano e financeiro, para levar adiante a gigantesca e desafiadora tarefa de garantir  saúde pública e gratuita, com a devida qualidade, a todos os brasileiros.)",2,0.4401093423366546,0.5598906874656677,,Incerta
"Em sua despedida, Mandetta defende a vida, o SUS e a ciência. Três palavras incompatíveis com o atual governo.",Andrade tá apaixonado pelo Mandela kkkkkk,2,0.5916630029678345,0.4083369970321655,,Incerta
"o mandetta vai sair, é gente, vamos todos morrer","mandetta demitido, ah cada vez as coisas só pioram, eu não vejo mais um futuro nesse país",0,0.4554336965084076,0.54456627368927,,Incerta
"A maioria esmagadora dos brasileiros é contrária à demissão de Mandetta: 76,2% dos entrevistados discordam do afastamento do ministro da Saúde, segundo pesquisa realizada pelo Atlas Político. Vc concorda com o resultado da pesquisa?   via",Não estou nessa maioria,2,0.4773849844932556,0.5226150155067444,,Incerta
"Mandetta, o seu problema foi ter sido técnico demais. Eles querem alguem com um perfil mais ""IDEOLÓGICO"" e que defenda o que é mais valoroso para eles: o sistema financeiro.",Mandetta não faz parte desse sistema financeiro não né? Kkkkkk,1,0.4817000329494476,0.5182999968528748,,Incerta
"Mandetta foi presidente de planos de saúde, foi contra os médicos cubanos e votou a favor do Teto de Gastos que tirou R$9 bilhões do SUS. É incrível que, com tudo isso, tenha perdido o cargo de Ministro por suas virtudes, não por seus vícios. Só no governo genocida de Bolsonaro.","Resumindo, Mandetta foi subordinado do anticristo, vulgo presida de vcs, desde smp. Porém, assim que ele foi contra a ideologias do genocida, levou uma bela de uma demissão.",2,0.5115849375724792,0.4884150326251983,,Incerta
"""E o Mandetta, a linha dele, como médico, era voltada quase exclusivamente para a vida"" - Jair Bolsonaro, presidente do Brasil",Talvez seja... ele era ministro da saúde... não sei,2,0.434954971075058,0.5650450587272644,,Incerta
"Trocar ministro mais popular do governo neste momento (64% de avaliação positiva, contra 39% de Bolsonaro, segundo Atlas Político) reflete o pavor do presidente de que essa popularidade ofusque ainda mais a dele. Nada garante que demissão inverterá o jogo.",Quando começar aparecer as (MUTRETTAS) será que consegue manter a popularidade? Planalto investiga secretamente assessores de Mandetta e prepara dossiê  via,1,0.4503166377544403,0.5496833920478821,,Incerta
"Em sua despedida, Mandetta defende a vida, o SUS e a ciência. Três palavras incompatíveis com o atual governo.",mas n era ele que tb tava falando de privatizar o sus?,2,0.4576345980167389,0.5423653721809387,,Incerta
Obrigada por querer salvar vidas! Tem todo o nosso respeito #Mandetta,"Bolsonaro afirmou que Mandetta caiu justamente por ter uma atuação ""voltada exclusivamente para a proteção da vida"". Bolsonaro ainda explica que esse agora quer que todos os vlhos morram pra tentar salvar os novos",0,0.5210020542144775,0.4789979755878448,,Incerta
30 mil casos de coronavírus no Brasil. Mandetta fora do governo. Militares firmam o pé na direção do Estado. Qual o significado disso tudo? Brota na #sextavermelha da  amanhã pra refinar a análise e preparar pra voltar com o pé na porta pra quando a rua for nossa de novo.,"visão hein, conjuntura vai ficar menos doida pra quem colar na #sextavermelha",2,0.4688970744609833,0.5311028957366943,,Incerta
para de endeusar o mandetta porra da pra ficar puto sem dar palco pra neoliberal de merda não fode,"nao me importo com seus feitos, você é neoliberal vá imediatamente para fogueira!!",2,0.5152772665023804,0.484722763299942,,Incerta
"AÍ MANDETTA, LIBERA OS RESULTADOS DOS EXAMES DO BOZO SÓ DE ZUA... CAI ATIRANDO, COWBOY!!!!!!!!!!!!!!!!!!!!!!!!!!!!",ESSE É O SEU MOMENTO,2,0.5782349109649658,0.4217651188373565,,Incerta
"Acabo de ouvir do presidente Jair Bolsonaro o aviso da minha demissão do Ministério da Saúde.  Quero agradecer a oportunidade que me foi dada, de ser gerente do nosso SUS, de pôr de pé o projeto de melhoria da saúde dos brasileiros e","Mandetta me desculpe se um dia eu critiquei, a gente precisa de vc, bata no bolsonaro e fique no cargo pfv",2,0.4368034601211548,0.5631964802742004,,Incerta
Mandetta demitido do ministério da Saúde por fazer a coisa certa.  Um equivoco terrível no governo de Jair Bolsonaro.,"é um desgraçado, esse presidente",2,0.5119532942771912,0.4880467057228088,,Incerta
"Era pra ter saído os dois, camarada, simples assim. Mandetta é inaceitável.","Olha camarada, por mais que tenhamos diferenças políticas com o mandetta, uma mudança brusca em momento de pandemia não seria positiva pra ninguém. Até por que montar uma equipe do zero não é uma coisa fácil.",1,0.5604091286659241,0.4395908713340759,,Incerta
"""E o Mandetta, a linha dele, como médico, era voltada quase exclusivamente para a vida"", disse Bolsonaro","Como é que um ministro da saúde não tenta matar a população, né?! UM ABSURDO!",2,0.5586899518966675,0.4413100183010101,,Incerta
"É extremamente importante que possamos demarcar que a demissão de Mandetta significa a incompetência que esse governo tem de gerir a nação. Tenho posição ideológica oposta ao do ex-ministro, ele contribuiu e muito para o desmonte do SUS ao longo dos últimos anos","Mandetta como médico conseguiu convencer a metade da população a ficar em casa, agora esperamos que esse próximo ministro seja veterinário pra convencer a outra metade  #ForaBolsonaro",0,0.5827725529670715,0.4172273576259613,,Incerta
O Pau Mandetta era lobista da Amil  Esse novo ministro da doença é lobista de qual corporação da área da saúde mesmo?,"Vc previu que o pau Mandetta seria demitido após a entrevista que ele deu ao Fantástico Domingo, acertou em cheio",1,0.460539847612381,0.5394601821899414,,Incerta
"O Teich disse praticamente tudo que o Mandetta falou. Não muda o isolamento, economia também é importante, há que se investir em pesquisa. Mandetta também falava que no futuro se encerraria o isolamento. Nada significativo. Por que trocou, então? Porque o ministro se destacou?","Não, não falou tudo o que o Mandetta falava. Há truques sutis de retórica, alí. É um Osmar Terra melhorado, até este momento",2,0.5829067826271057,0.4170932173728943,,Incerta
"Vale lembrar:  Bolsonaro demitiu Mandetta, mas era tudo intriga da imprensa, querendo jogar um contra o outro, claro.  Continue se informando pela claque.  Os financiadores agradecem.",Felipe vc perdeu a nocao foi o primeiro a criticar qdo bolsonaro colocou mandetta agora fica nesse mimimi.e lembrando q vc so ganhou visibilidade com bolsonaro!,1,0.5554185509681702,0.4445814490318298,,Incerta
"""E o Mandetta, a linha dele, como médico, era voltada quase exclusivamente para a vida"", disse Bolsonaro","O mote do capitão corona é a morte, qualquer defensor da vida é seu inimigo",2,0.5831467509269714,0.4168532788753509,,Incerta
"A maioria esmagadora dos brasileiros é contrária à demissão de Mandetta: 76,2% dos entrevistados discordam do afastamento do ministro da Saúde, segundo pesquisa realizada pelo Atlas Político. Vc concorda com o resultado da pesquisa?   via",Aliás se você apoia este cara você é tão ruim quanto ele.,2,0.5576661825180054,0.4423338174819946,,Incerta
"Acabo de ouvir do presidente Jair Bolsonaro o aviso da minha demissão do Ministério da Saúde.  Quero agradecer a oportunidade que me foi dada, de ser gerente do nosso SUS, de pôr de pé o projeto de melhoria da saúde dos brasileiros e",MANDETTA VC É BRABO,2,0.5065111517906189,0.4934888184070587,,Incerta
"Já q o Mandetta,de maneira arrogante,diz se basear pela ciência (como se o PR  não fizesse isso),estou postando algo q o dublê de Ministro da Saúde e atual pré-candidato,em campanha, deveria ter divulgado. Ou seja, cientistas aconselhando o uso da hidroxicloroquina.",porque você não explica!! Vai já se cansou sai logo e deixa o país andar .,2,0.59453946352005,0.4054604768753052,,Incerta
"Mandetta cavou a própria demissão. Se aproximou da esquerda e desafiou o representante do povo, Bolsonaro, o responsável por sua nomeação. Uma coisa ensinam nos quartéis que todos deveriam seguir, seja justo e saiba valorizar quem te levantou. Mandetta perdeu na infidelidade.","Mas tu foi contra um coronel. Independente que ele fez merda, tu é soldado! O Mandetta fez mais pelo país do que o presidente nessa época de pandemia.",1,0.5393242239952087,0.4606758058071136,,Incerta
"1) De nada adianta dizer que ""nomeia por critérios técnicos"" se deseja ""intervir politicamente"" nas ações do nomeado;  2) O ""problema"" não é o Mandetta. Qualquer um que tomar decisões baseadas em técnica e ciência sucumbe em um governo ideológico;  É a Era dos imbecis.","Mandetta não é essa coca-cola toda que pintaram. Contudo, em um governo de idiotas a gente se apega a qualquer lampejo de lucidez.",0,0.1784008741378784,0.8215991854667664,,Alta
"""E o Mandetta, a linha dele, como médico, era voltada quase exclusivamente para a vida"" - Jair Bolsonaro, presidente do Brasil","Entendi Capitão, você queria que ele focasse nos seus interesses e você não se importa com a vida dos outros.",2,0.1001958772540092,0.8998040556907654,,Alta
"Atuação do presidente na pandemia segue sendo vil e covarde: não aceita assumir nenhuma perda relacionada ao vírus e tenta colocar tudo na conta de governadores e até de aliados. Ser ministro do Bolsonaro é, acima de tudo, aceitar ser fritado por ele.","Demitir o Mandetta no meio de uma pandemia,o Brasil está de cabeça para baixo! Vamos aguardar quanto tempo fica esse novo ministro! Se ele disser SIM a tudo, ele fica!",2,0.1487117111682891,0.8512882590293884,,Alta
"Bolsonaro demitiu Mandetta por ciúme, inveja e cálculo eleitoral e não foi divórcio consensual coisa nenhuma, mas meras ignorância,  irresponsabilidade, desumanidade e culto à morte, por fazê-lo em pleno pico da pandemia.",Vc está usando de desonestidade intelectual... #ForaMaia,2,0.1538981944322586,0.8461018204689026,,Alta
"Em sua despedida, Mandetta defende a vida, o SUS e a ciência. Três palavras incompatíveis com o atual governo.","apoio governo nenhum, mas esse cara tem maior dor de cotovelo kkk",2,0.1863816678524017,0.8136183023452759,,Alta
"Em sua despedida, Mandetta defende a vida, o SUS e a ciência. Três palavras incompatíveis com o atual governo.","Haddad, eu particularmente gosto muito de você, mas ñ força, você Sabe bem que Manterá Nunca Defendeu O SUS e de que lado ele sempre esteve.",2,0.1306034922599792,0.8693965077400208,,Alta
"O ministro Mandetta é um raio de lucidez numa tempestade de devaneios no discurso do governo sobre estratégias de combate ao coronavírus. Se sair, será uma perda pro país e nos retirará do rumo das orientações da OMS com consequências que podem ser trágicas.",Já saiu cara !!! Já vai tarde ... Vida q segue e q Deus nos ajude com o novo ministro... Muito sucesso nessa árdua jornada ...,2,0.1039438620209693,0.8960561752319336,,Alta
"Eu não concordo com a demissão do Mandetta, mas essa fala aí do novo ministro não tá errada não, em caso de colapso do sistema de saúde é isso aí que temos mesmo.","Sad Mask Saleman, penso igual a você. Lamento a saída de Mandetta, mas confio na sabedoria do seu sucessor. Deus que o proteja para que acerte.",2,0.1665471643209457,0.8334528803825378,,Alta
"Mandetta cai porque enfrentou a pandemia com responsabilidade, e Bolsonaro não tolera isso. O presidente da República está derrubando toda a cúpula do Ministério da Saúde em meio à mais grave crise sanitária da história. É um genocida.",quem não concorda que Mandetta tava fazendo um excelente trabalho como ministro da saúde é fascista,2,0.1368103325366974,0.8631896376609802,,Alta
"""E o Mandetta, a linha dele, como médico, era voltada quase exclusivamente para a vida"" - Jair Bolsonaro, presidente do Brasil","Não entendi, a linha do ministro da SAÚDE deveria ser voltada para o que então?",2,0.1075517982244491,0.8924481868743896,,Alta
"""E o Mandetta, a linha dele, como médico, era voltada quase exclusivamente para a vida"", disse Bolsonaro",Hahahahahaha  Quem poderia prever um médico sendo totalmente a favor da vida,2,0.1313017308712005,0.8686983585357666,,Alta
"""E o Mandetta, a linha dele, como médico, era voltada quase exclusivamente para a vida"", disse Bolsonaro",Pois é. Suspeito demais isso de querer se preocupar com a vida.  Imagina.,2,0.106266014277935,0.8937340378761292,,Alta
"- Minha solidariedade ao cantor , que vem sendo injusta e covardemente atacado após a grande live que fez dentro de sua própria casa. Ele e outros artistas sertanejos e de demais gêneros, têm sido grandes heróis nessa luta contra a COVID19 e merecem aplausos!","Todo mundo tem sido herói, menos você, seu escroto insuportável. A única coisa coerente do seu governo era o Mandetta e até isso você tirou. Vc preza pela ignorância, é desprezível.",2,0.119974561035633,0.8800253868103027,,Alta
"Em sua despedida, Mandetta defende a vida, o SUS e a ciência. Três palavras incompatíveis com o atual governo.","Blz, mas ele não defendia o sus e sim a saúde PRIVADA",2,0.1324369758367538,0.867563009262085,,Alta
"""E o Mandetta, a linha dele, como médico, era voltada quase exclusivamente para a vida"", disse Bolsonaro","Ah, então foi por isso q foi demitido.  A do oncologista, o novo ministro, será voltada quase exclusivamente para a morte?",2,0.1933239251375198,0.8066760301589966,,Alta
"Os adolescentes histéricos estão chorando pela demissão do Mandetta por medo de voltarem para escola. Se acalmem crianças, as aulas vão demorar mais um pouco para voltar, primeiro volta o trabalho, que fabrica, transporta e paga o toddynho de vocês.","Kkkkkk amado o adolescente quer é se formar, e EAD eh uma merda",2,0.1225575432181358,0.877442479133606,,Alta
Não entendi. Não postei sobre o Mandetta,Mas a postagem minha é sobre o comportamento do psicopata  esse é o fato.,2,0.183552399277687,0.8164476156234741,,Alta
"Oi Mandetta, tudo bom? Agora que o Bolsonaro já te chutou do Ministério da Saúde, conta pra gente o resultado do exame dele.",Conta pf,2,0.1516473740339279,0.8483526706695557,,Alta
"""E o Mandetta, a linha dele, como médico, era voltada quase exclusivamente para a vida"", disse Bolsonaro","Um ministro da saúde que foi demitido por preferir a vida. Uau! Uma coisa realmente absurda e inadmissível. Afinal a sem a vida a gente continua trabalhando, as empresas continuam funcionando... o país volta ao normal com os fantasminhas.",2,0.1256993561983108,0.8743006587028503,,Alta
"Em tempo: o novo ministro da Saúde, Nelson Teich, citou o SUS uma única vez em seu primeiro pronunciamento. E isso quando abordava sua estratégia sobre testes nos pacientes. Mais um ponto para o agora ex-ministro Mandetta, que valorizou o Sistema Único de Saúde do início ao fim",Ele é privatista. O que será que vai sobrar do SUS?,2,0.1817796975374221,0.818220317363739,,Alta
Bolsonaro demitiu o Mandetta. Vai ficar pra História o tamanho do absurdo de demitir um Ministro da Saúde no meio da pandemia porque ele seguiu as recomendações da ciência e da OMS,"Pra voce se manter no governo Bolsonaro é simples, é só nao fazer oq vc deve fazer e atacar quem se opõe ao mito",2,0.194061279296875,0.8059387803077698,,Alta
"Acabo de ouvir do presidente Jair Bolsonaro o aviso da minha demissão do Ministério da Saúde.  Quero agradecer a oportunidade que me foi dada, de ser gerente do nosso SUS, de pôr de pé o projeto de melhoria da saúde dos brasileiros e","Triste e desesperada, porque o &gt;Mandetta&lt; está saindo do ministério da saúde, essa é a situação do Brasil.",2,0.1824729889631271,0.8175269961357117,,Alta
"Em sua despedida, Mandetta defende a vida, o SUS e a ciência. Três palavras incompatíveis com o atual governo.","Quem roubou o pais inteiro, e deu dinheiro pra ladrões, ditadores assasinos, é compatível com o que???",2,0.1091458946466445,0.8908540606498718,,Alta
"""E o Mandetta, a linha dele, como médico, era voltada quase exclusivamente para a vida"", disse Bolsonaro","Ah vá, médico trata do que então? De empregar laranjas? Fazer rachadinha?",2,0.1463883072137832,0.8536117076873779,,Alta
"ISSO A GLOBO NÃO MOSTRA  COLETIVA DE MANDETTA SE DESPEDINDO DA EQUIPE DO MINISTÉRIO DA SAÚDE COM DIREITO A BEIJOS, ABRAÇOS, SEM USO DAS MÁSCARAS E COM DIREITO A AGLOMERAÇÃO.  UÉ, E O DISTANCIAMENTO SOCIAL E OS CUIDADOS QUE SE EXIGEM DO PR BOLSONARO NÃO VALEM PRA MANDETTA","Cadê o isolamento social, isso vale só para a população. Explica isso",2,0.1211050972342491,0.8788949251174927,,Alta
AS MANDETTES (CHACRETES DO MANDETTA) ME ATACANDO NOS COMENTÁRIOS...  MUGE MAIS GADO DE MINISTRO!,Qual gado é pior? Do PT Do Bolso  Do Mandetta  Do Jorge Jesus   ?,1,0.9650355577468872,0.0349644422531127,,Random
Oncologista cotado para vaga de Mandetta causa boa impressão em encontro com Bolsonaro (via ),"Se causou boa impressão no capitão , só pode ser retardado, incompetente, negacionista e das trevas, deus tomais conta das nossas almas.",2,0.5851094722747803,0.4148904979228973,,Random
"Se Nelson Teich também é a favor de isolamento horizontal, a troca foi só pro Bolsonaro dizer que é ele quem manda. #COVID19 #ObrigadoMandetta #ForaBolsonaroUrgente",Farei uma previsão. Anotem: O novo Ministro vai seguir a mesma linha do Mandetta e dessa vez o Bozo vai acatar as decisões. E ainda vai dizer q esse ministro é que está certo e que ele fez bem em demitir Mandetta.,2,0.9930523633956908,0.0069476934149861,,Random
"O Mandetta o teve o que queria , queria sair mas não queria pedir demissão",Mandetta anuncia saída do Ministério da Saúde,0,0.9797520637512208,0.0202479399740695,,Random
O presidente da Câmara tem em sua gaveta um pedido de impeachment de Jair Bolsonaro com mais de 1 milhão de assinaturas. A demissão de Mandetta hoje reacende a urgência de o Brasil demitir Jair Bolsonaro. #RecebeMaia #ForaBolsonaro #ImpeachmentJá,Passou da hora de tirar esse louco! #recebemaia,2,0.992382824420929,0.007617175579071,,Random
Pq Bolsonaro demitiu Mandetta ?  - Nelson Teich,"O novo ministro além de oncologista, tem graduação em gestão de saúde na Inglaterra. Tratará, segundo sua fala, do coronavírus, dando à atenção a outras doenças q ficaram em segundo plano. Lembrou q precisa ter números reais p/ fazer uma análise correta e administrar a pandemia.",2,0.9918497800827026,0.0081501863896846,,Random
"Tenho a informação extra oficial que o ministro da saúde Mandetta, teve outro desentendimento com o Presidente Jair Bolsonaro por conta do pedido de demissão de seu companheiro, e provavelmente irá anunciar hoje em coletiva as 17hrs a sua retirada do ministério da Saúde.",Eu informei há dia horas,2,0.9582958817481996,0.0417041257023811,,Random
"Maia, Alcolumbre, Caiado e Mandetta,  unidos para derrubar o presidente    #ForaMaia",É lamentável quando você é demitido pelas suas qualidades e não pelos seus defeitos. #coronavirus #Mandetta #FicaEmCasa  #FicaEmCasaMandetta #Covid_19,0,0.991363763809204,0.0086362045258283,,Random
Mandetta apenas perfeito no pronunciamento dele,"Bolsonaro demitir Mandetta chega ser surreal de inacreditável, pensar que o motivo da demissão é por puro ego e soberba, pois o ministro estava o ofuscado a cada dia.  #ForaBolsonaro  #ImpeachmentDeBolsonaro",0,0.992033064365387,0.0079668508842587,,Random
Fizeram uma pesquisa em que 76% rejeitam a saída do Mandetta.  Vamos fazer uma rápida aqui.  Vc concorda com a saída do Mandetta?,Olha pra isso senador  ... Deixe de propagar mentiras. 99% da população brasileira deseja a exoneração do Canalha traidor   #VazaMandetta #ForaMandetta #ExoneraMandettaPresidente #OsmarTerraNaSaude,2,0.613419234752655,0.3865807652473449,,Random
"Acabo de ouvir do presidente Jair Bolsonaro o aviso da minha demissão do Ministério da Saúde.  Quero agradecer a oportunidade que me foi dada, de ser gerente do nosso SUS, de pôr de pé o projeto de melhoria da saúde dos brasileiros e",Luiz Henrique Mandetta CAIU,2,0.9704181551933287,0.0295817945152521,,Random
"Ai que derrepente vão gastar com telefone pra vc não sair de casa? Uai, mas o Sr Jair não demitiu o Mandetta justamente por ele querer continuar com o isolamento social? #BolsonaroVirus  #DemissaoMandetta #nelsonteich  #SUS #GastosPúblicos #BrasilTemQuePararBolsonaro","É, recebi a mensagem hoje, vai entender, será que foi o Mandetta que mandou?",1,0.9604225158691406,0.0395774766802787,,Random
"O Ministro Mandetta foi exonerado, o mais cotado é Nelson Teich. Bolsonaro se demonstrou insatisfeito com os baixos índices de mortes e contágios e resolveu levar o Brasil ao topo da sua crise sanitária.  É cada um por si e os governadores por nós.  Que Deus nos livre do Bolso!","É isso q querem. O país emitindo moeda, inflação, reformas aniquladas, querem tirar o PR a qquer custo  Querem um povo pedinte, submisso,controlado,dependente de bolsas    #FicaEmCasa mandetta! #STFVergonhaNacional #auxilioemergencialaprovado #GloboLixo",0,0.9530261754989624,0.046973843127489,,Random
"Acho que chegamos a uma bifurcação. E temos que optar entre o Rodrigo Maia e o Brasil. Tirar o Mandetta era com o Presidente e ele o fez. Rodrigo Maia é conosco e, com consequências vitais, precisamos decidir se ele continua. #ForaMaia","#ForaMaia  Ou o povo se mexe, ou estaremos fudidos!!!!!!!!!  O Presidente nada pode fazer para estirpar um CRIMINOSO das planilhas da Odebrecht.  BOTAFOGO precisa ser EXPULSO, JULGADO E CONDENADO!!!!!",2,0.9681105017662048,0.0318895056843757,,Random
Hoje lemos na imprensa que o DEM quer aproveitar a popularidade do Mandetta para iniciar diversas ações futuras com a presença do ex-ministro. Está lançado o projeto Mandetta 2022. E seus defensores dizendo que ele não estava atuando politicamente...,#ForaMaia Mandetta nd fez a não ser enrolar e ganhar tempo p  e  darem Golpe de Estado com a proteção do STF,2,0.9931313395500184,0.0068687140010297,,Random
e vamos de impeachment? Pelo menos foi o que o pessoal da câmara ventilou da primeira vez que o coronaro ameaçou demitir mandetta,Bora?,2,0.9298068881034852,0.0701930671930313,,Random
"“Numa guerra, quando você troca o general, como fica seu Exército? Fica sem rumo, sem caminho”, disse o presidente da Câmara sobre a demissão de Luiz Henrique Mandetta.","O general é o Bolsonaro porra, ainda por cima é burro, o Mandetta era só um soldado, morreu no front entra outro tnc Botafogo fdp, já estamos de saco cheio de vc",1,0.8251289129257202,0.1748710572719574,,Random
Mandetta para mim é passado é para você?,Quem é Mandetta kkkk  #ForaMaia,1,0.9774192571640016,0.0225807055830955,,Random
mas sério mesmo que vocês estão chorando só porque o mandetta caiu?,Hoje eu quero que o JORNAL TERRORISMAL explore bastante o VÍRUS CHINÊS e LIXO MANDETTA e entregue nas nuvens.  QUERO GRISELDINHA X TEREZA CRISTINA BOMBANDO!,0,0.9076239466667176,0.0923760458827018,,Random
#BolsonaroTemRazao ! O Mandetta estava fazendo uma administração paralela! #ForaMaia,Promessa de campanha era ministério tecnico. O Mandetta quis ser politico.  honrando promessa de campanha,1,0.9911223649978638,0.0088775865733623,,Random
"Pq Mandetta é amado por todos? Pq é um grande médico ou um grande ministro? Já tivemos ministros com mais gabarito e a imprensa não exaltava dessa maneira. Parte da imprensa e dos políticos gostam de Mandetta, por que pensam: INIMIGO DO MEU INIMIGO É MEU AMIGO. Entendeu a jogada?","Amam Mandetta pq ele é da turminha do DEMoniacos contra o Presidente...ele entrou ora turminha...mascaras caidas...afora acredito que o sistema de saude do Brasil vai melhorar e aguardem, teve muita corrupcao neste tempo que Mandetta ficou la.",1,0.4602607488632202,0.5397393107414246,,Random
"Em sua despedida, Mandetta defende a vida, o SUS e a ciência. Três palavras incompatíveis com o atual governo.","Se vcs estão defendendo tanto esse Mandetta,vejo então que o Presidente fez a coisa certa!",1,0.0736034139990806,0.9263965487480164,,Random
"Não sei opinar sobre a saída do Mandetta e a entrada dO Teich. Mas tô aqui sentada, tomando minha taça de cloroquina e pensando que se todo mundo for cremado, ñ precisa de roupa, né? Pq eu já engordei 14kg na gravidez e não queria gastar com isso... Só uma meia no pé já está bom!","'Você conversa e o camarada muda o discurso de novo. Já chega, né?', diz Mandetta sobre saída do governo",0,0.9612715244293212,0.0387284643948078,,Random
"“O dia que ele [Mandetta] sair, eu saio junto com ele”, afirma João Gabbardo",Já pegou os panos de bunda? SAI FORA CANALHA,2,0.9832363724708556,0.0167636275291442,,Random
"Mandetta foi rapidamente defendido por Maia, Alcolumbre, Haddad e Dória. Aplaudir o ex ministro é assinar atestado de burrice.",Pudera. Somente esses poderia aplaudir o Maia/Botafogo.,2,0.9542600512504578,0.0457400046288967,,Random
"A pasta da Saúde, por si só, é 1 enorme desafio.Mandetta o encarou de frente, com coragem e correição. Sai do Ministério com credibilidade fortalecida pela ciência. Agora, nos resta desejar q o novo Min. encontre a solução necessária para q possamos superar esta difícil travessia","Tenho muito respeito Senadora e espero que seja a nova presidente do Senado, mas não consegui ver tudo isso que o Mandetta fez, a única coisa que vi e todos os dias ele falar em atrasos e mostrar um Point com números de óbitos, não vi planejamento nenhum, espero que mude agora",1,0.4738117158412933,0.5261882543563843,,Incerta
Mandetta saiu um gigante graças a burrice de bolsoanta. Ninguém conhecia no início e saiu com uma credibilidade 2 vezes maior que do bolsoanta,Saiu com a mesma credibilidade que a Mídia Marrom diz ter Witzon e Doria  teu coll....,2,0.5672536492347717,0.4327463805675506,,Incerta
"Acabo de ouvir do presidente Jair Bolsonaro o aviso da minha demissão do Ministério da Saúde.  Quero agradecer a oportunidade que me foi dada, de ser gerente do nosso SUS, de pôr de pé o projeto de melhoria da saúde dos brasileiros e","A maior merda q o Bostonaro fez, foi demitir o Mandetta",2,0.5216671824455261,0.4783328175544739,,Incerta
200 mortes acontecendo  20 mil casos e o que o Bolsonaro fez? “Ah vou demitir o Mandetta por estar seguindo as ordens da OMS” PQP O CARA EH UMA CRIANÇA MIMADA,"Sr. Mandetta,  Um dia você estará fora da política e verá o quanto fez mal ao povo brasileiro. Espero, sinceramente, que ao colocar a cabeça no travesseiro, você possa refletir e tornar-se uma pessoa melhor.",0,0.5349821448326111,0.4650178849697113,,Incerta
"Moro: técnico; Guedes: técnico; Pontes: técnico; Marinho: técnico. Mandetta: POLÍTICO. E onde foi que deu problema? Exato. Mas a narrativa dos ""radicais de centro"" é que Bolsonaro o demitiu por ""vaidade"" ou ""inveja"". Sério?! Moro sempre foi mais popular e continua lá!",Isso é falácia do centrão!,2,0.4329136312007904,0.5670863389968872,,Incerta
"Em sua despedida, Mandetta defende a vida, o SUS e a ciência. Três palavras incompatíveis com o atual governo.","Coerente és tu, né poste?",2,0.463986188173294,0.5360137820243835,,Incerta
"Mandetta caiu em hora inoportuna. Ok. Agora vida que segue. Não vamos criar a figura de um herói injustiçado, pois lembrem que tudo que a direita quer é uma figura em ascensão vista como “moderada” pra fugir da ficção que Bolsonaro e PT são extremos.",Por favor... Não inventem moda...,2,0.5754407048225403,0.4245592653751373,,Incerta
Caralho to indignado que o Mandetta saiu antes da Ivy,Caralho cara kkkkkkkkkkkk,2,0.5047593116760254,0.4952406585216522,,Incerta
"Acabo de ouvir do presidente Jair Bolsonaro o aviso da minha demissão do Ministério da Saúde.  Quero agradecer a oportunidade que me foi dada, de ser gerente do nosso SUS, de pôr de pé o projeto de melhoria da saúde dos brasileiros e","Bolsonaro não respeita a vida das pessoas. Apesar das críticas políticas a Henrique Mandetta antes dessa atual situação de calamidade, o ministro da saúde vinha cumprindo um papel importante, levando os aspectos técnicos da pandemia da COVID-19 maiores que as disputas de poder.",2,0.4640824198722839,0.5359175801277161,,Incerta
"Vale lembrar:  Bolsonaro demitiu Mandetta, mas era tudo intriga da imprensa, querendo jogar um contra o outro, claro.  Continue se informando pela claque.  Os financiadores agradecem.",Gostava mais quando vc fazia a linha jornalista. Homem fofoqueiro é terrível. E já temos Nelson Rubens que é mais simpático. Ok ok,2,0.5604303479194641,0.4395696222782135,,Incerta
"Em sua despedida, Mandetta defende a vida, o SUS e a ciência. Três palavras incompatíveis com o atual governo.",KKKKKKKKKKK AI HADDAD KKKKKKKKKKKKKKKKKKKKKKKKKKKKKKKKKKKKKKKKKKKKKKKKKKKKKKKKKKKKKKKKKKKKK,2,0.4876644015312195,0.5123355388641357,,Incerta
"""E o Mandetta, a linha dele, como médico, era voltada quase exclusivamente para a vida"" - Jair Bolsonaro, presidente do Brasil","e não é esse o objetivo, seu inútil??????????????",2,0.513645350933075,0.4863546192646026,,Incerta
Fala extremamente pausada ao anunciar demissão do ministro da Saúde também indica que outra pessoa “controlou” presidente,Vixiiiiii Já assumiu q é um boneco controlado???   Quem era o presidente q estava passando o texto pra vc???,2,0.5795578360557556,0.4204421639442444,,Incerta
URGENTE: Bolsonaro demite Mandetta do Ministério da Saúde; oncologista Nelson Teich vai assumir o cargo,URGENTE:::   O Presidente do Brasil demite seu ministro da saúde no meio de uma pandemia mundial por estar fazendo um excelente trabalho.,2,0.500446081161499,0.4995539784431457,,Incerta
"""E o Mandetta, a linha dele, como médico, era voltada quase exclusivamente para a vida"" - Jair Bolsonaro, presidente do Brasil","se não morre de corona, morre de trabalhar  bom assim bom pra quem?",2,0.4721500873565674,0.5278499126434326,,Incerta
"É, Dr. , a casa caiu de vez. Aos pouco a verdade contra o Sr. vai surgindo naturalmente. Seu passado lhe condena, o pres  tem razão. #BolsonaroTemRazao",A verdade é absoluta e maior que vcs todos. Tchau mandetta.,2,0.4778971076011657,0.5221028923988342,,Incerta
"""E o Mandetta, a linha dele, como médico, era voltada quase exclusivamente para a vida"", disse Bolsonaro","O problema do Mandetta, ministro da saúde e médico, era se preocupar com a vida das pessoas...queria ser uma pessoa com esse tipo de problema",2,0.5050947666168213,0.4949051737785339,,Incerta
"No dia 31/03 todos os jornais noticiavam um presidente isolado. Se Mandetta fosse demitido, Bolsonaro caía. Em 16 dias Bolsonaro construiu uma queda de seu ministro que permitiu que ele reorganizasse sua base de apoio. Fica de lição pra quem acha que Bolsonaro é ruim de política.","E fica a lição também (que não será aprendida) de não caírem em balão de ensaio. Quando uma notícia ""ruim"" é dada sem ser verdadeira, ela se normaliza. As pessoas se acostumam. ""Ele é assim mesmo"". E aí quando vem a notícia real, ela é menos impactante. Já foi desgastada.",2,0.5063183307647705,0.4936816692352295,,Incerta
"AÍ MANDETTA, LIBERA OS RESULTADOS DOS EXAMES DO BOZO SÓ DE ZUA... CAI ATIRANDO, COWBOY!!!!!!!!!!!!!!!!!!!!!!!!!!!!",KKKKKKKKKKKKKKKKKKKKKKKK imagina,2,0.462428480386734,0.5375714302062988,,Incerta
"É estarrecedor que o obscurantismo tenha vencido a ciência, a pesquisa, o mundo que pensa a Saúde. A saída de Mandetta indigna a nós e o povo, que sofrerá as consequências de qualquer mudança na política de isolamento. Bolsonaro é tosco, baixo, mesquinho.","O que incomodou o Bolsonaro, foi  o Mandetta aparecer mais, e discordar do chefe, que nada entende de saúde. Na verdade, ele não entende nada de nada! O Mandetta só estava fazendo seu papel. #ForaBolsonaro #BolsonaroVirus",2,0.590919554233551,0.4090804159641266,,Incerta
"Sobre a saída de Mandetta, eu lamento que ele tenha se metido numa briga política com o próprio chefe, pois ele desempenhou muito bem sua função, ao gerir a crise. Mas estou confiante com o perfil do novo ministro, acho que a ciência foi substituída por mais ciência...","Nelson teich é puto empresário que pensa com o bolso, Bolsonaro é um bosta que não aguentou o ego ferido e tomou uma decisão irresponsável em tirar mandetta como ministro da saúde em uma fucking pandemia como essa.",0,0.5665510296821594,0.4334490597248077,,Incerta
Estou entre os 76% que rejeitam a saída do . #FicaMandetta,Traidora Pepa Pig... e quem quer saber se vc apoia ou não a saída do Mandetta? Vc não engana mais o povo. Ridícula. #ForaMaia e #ForaAlcolumbre. Assim será vc na próxima eleição.,2,0.5290892720222473,0.4709106981754303,,Incerta
"Prevaleceu a inveja sentida pelo chefe mimado. Jair Bolsonaro, em vez de reconhecer que desdenhou do coronavírus, demitiu Mandetta por não ter se curvado à sua estupidez durante a pandemia. O bolsonarismo fritou o ministro da Saúde nas redes e no zap porque teme sua popularidade.","Vc é um cara inteligente para saber que Ministro é Cargo de Confiança e sem confiança não tem relação nem para andar na mesma direção, O Mandetta foi bem Mas perdeu a confiança do Chefe.",1,0.4967490136623382,0.5032509565353394,,Incerta
Vivi para ver o dia em que petistas e  seus puxadinhos lamentam e batem panela contra a saída de político do DEM de um ministério.   Certamente o que lhes falta é memória e outras coisas bem  piores.  #ForaMaia,Olha quem esta segurando a Placa dando um pé na Bunda da ex Pres Dilma? Mandetta. Que votou pra tirar 22bi da saude quando era deputado? Olha é o Mandetta. E de quem vcs estao defendendo e chorando a saída?Ah o Mandetta,2,0.5374071002006531,0.4625928699970245,,Incerta
"meu deus, como um ser desse pode comandar o ministério da saúde???????????",Esse é o novo ministro né parabéns  afunda mais o país. Tirar o Mandetta por ego foi a pior jogada que o senhor fez. #ForaBolsonaro,1,0.5970669388771057,0.402933120727539,,Incerta
"Mandetta cavou a própria demissão. Se aproximou da esquerda e desafiou o representante do povo, Bolsonaro, o responsável por sua nomeação. Uma coisa ensinam nos quartéis que todos deveriam seguir, seja justo e saiba valorizar quem te levantou. Mandetta perdeu na infidelidade.","Mandetta agiu igual como vc age na pm, tentando oferecer o que tem de melhor e combater os superiores que nao oferecem o serviço adequado.",1,0.5863330364227295,0.4136670231819153,,Incerta
"A maioria esmagadora dos brasileiros é contrária à demissão de Mandetta: 76,2% dos entrevistados discordam do afastamento do ministro da Saúde, segundo pesquisa realizada pelo Atlas Político. Vc concorda com o resultado da pesquisa?   via","MINISTRO TARCISIO FAZENDO UM TRABALHO EXCELENTE IRREPREENSÍVEL, DAÍ VEM UM IMBECIL FDP POLÍTICO DESSES E É O ""MAIS POPULAR"" ?  APAPORRA!",2,0.5825636386871338,0.4174363315105438,,Incerta
Quero muito saber a tua opinião sobre a saída do mandetta,Já q insiste Arthur Perry a minha opinião eh q eh ruim,2,0.5607448816299438,0.4392551481723785,,Incerta
E então Mandetta??? A curva tá descendo antes do tempo?,É um cara de pau.,2,0.5732060074806213,0.4267939925193786,,Incerta
"Bolsonaro posa de conciliador (“não condeno”, “não recrimino”) em relação a Mandetta, cita decisões “como médico”, mas busca culpá-lo por setores parados da economia (como faz com governadores), vangloriando-se de sua visão “mais ampla”. Planejamento zero. Só bravata e narrativa.",E vc esperava o que de um homem que ficou 27 anos na Câmara Federal sem ter um projeto colocado por ele??? Só um pouco de lógica já da pra descartar seu voto nele... Agora aguente até 2922...,2,0.5717343688011169,0.4282655715942383,,Incerta
"""E o Mandetta, a linha dele, como médico, era voltada quase exclusivamente para a vida"" - Jair Bolsonaro, presidente do Brasil","Quem diria que um deputado ridículo seria um merda de um presidente, né?!?",2,0.5486005544662476,0.4513994753360748,,Incerta
Eu me arrepio de raiva quando assisto esses vídeos.  #BolsonaroTemRazaoSim mas é necessário espalhar. Quem tem saudade de Mandetta são os genocidas.,#ForaMaia Você está destruindo o Brasil,2,0.5524578094482422,0.4475421905517578,,Incerta
"Nem bem saiu do embate com Mandetta, Bolsonaro já partiu novamente para o ataque. O alvo agora é Rodrigo Maia. Presidente afirmou à CNN Brasil que 'parece que a intenção' do deputado é tirá-lo do cargo ()",sim  é a intenção de todo mundo,2,0.4249138832092285,0.5750861167907715,,Incerta
"O ex-ministro Mandetta realizou um trabalho sério e técnico, com uma postura firme e transparente. Muito obrigado.  Desejo sucesso ao novo ministro da Saúde, que ele siga suas convicções e dê continuidade ao trabalho que vinha sendo feito.",Meu muito obrigado ao Ministro Mandetta. Infelizmente o próximo Ministro deverá cumprir as regras do Presidente    Quem irá lutar a favor do usuário do SUS?,1,0.4682098627090454,0.5317901372909546,,Incerta
"""E o Mandetta, a linha dele, como médico, era voltada quase exclusivamente para a vida"" - Jair Bolsonaro, presidente do Brasil",Nota-se o respeito de Bolsonaro pela vida...,2,0.4443682730197906,0.5556317567825317,,Incerta
"""E o Mandetta, a linha dele, como médico, era voltada quase exclusivamente para a vida"", disse Bolsonaro",Isso é muito assustador vindo de um ministro da saúde não é não?,2,0.5425435304641724,0.45745649933815,,Incerta
"Moro: técnico; Guedes: técnico; Pontes: técnico; Marinho: técnico. Mandetta: POLÍTICO. E onde foi que deu problema? Exato. Mas a narrativa dos ""radicais de centro"" é que Bolsonaro o demitiu por ""vaidade"" ou ""inveja"". Sério?! Moro sempre foi mais popular e continua lá!",Como vc é cego cara. Deixei de te seguir por te achar ignorante mas sempre aparece alguém te curte é acabo te vendo.... vc é patético..... Moro é técnico meia boca e Mandetta é político q agradou mais de 70% da opinião pública por seu trabalho. A culpa é do Mandetta?,1,0.4115034639835357,0.5884965658187866,,Incerta
MEU DEUS ELE DEMITIU O MANDETTA,"quem vier com mandetta pra presidência ta enfiando a noção no cu né, brasileiro ou tem a memória fraca ou são burros mesmo",0,0.5451382398605347,0.4548617601394653,,Incerta
Como brasileiro agradeço o ministro Mandetta por sua atuação firme na Saúde. Por ter desempenhado seu papel ancorado na ciência e nas evidências. Compartilho do sentimento de milhões de cidadãos dizendo muito obrigado por reconhecer seu bom senso e  dedicação.,Vai se fuder pra la seu Socialista de merda .,2,0.4467242360115051,0.5532757639884949,,Incerta
Acho que vou tomar um antialergico e dormir até amanha fodasse bbb fodasse bolsonaro fodasse mandetta não estou nem ai mais pra nada que todo mundo exploda e que bolsonaro pegue coronga pelo olho do cu,Vou tomar dois copinhos de Histamin e fodase todo mundo,2,0.5733516216278076,0.4266484379768371,,Incerta
MEU DEUS O MANDETTA,"ai Mandetta pode voltar pro MS que a gente quer voce aqui, vem cuidar do nosso estado ministro!!!!",0,0.595158576965332,0.4048413932323456,,Incerta
O presidente doente vai tirar o Mandetta. Em meio a uma pandemia. Três médicos cotados para o lugar de Mandetta defendem isolamento social e até elogiam medidas tomadas pelo atual ministro da Saúde. Temos um governo + sem noção de todos os tempos.,"te falar aqui Mandetta tá longe de ser a melhor pessoa do mundo, muito pelo contrário, ele é sujo e tava fazendo campanha política no MS, mas smp fez seu trabalho de maneira correta e bem feita. Se for p falar mal da postura dele, começa falando da postura do presidente",0,0.5890788435935974,0.4109210669994354,,Incerta
"A maioria esmagadora dos brasileiros é contrária à demissão de Mandetta: 76,2% dos entrevistados discordam do afastamento do ministro da Saúde, segundo pesquisa realizada pelo Atlas Político. Vc concorda com o resultado da pesquisa?   via",Não senador  Eu e as pessoas que conheço não concordamos  com essa pesquisa. Fomos a favor da demissão do ministro Mandetta.,1,0.42793008685112,0.5720698237419128,,Incerta
"Bolsonaro diz que tinha ""visões diferentes"" do ex-ministro Luiz Henrique Mandetta, já que Mandetta tinha como objetivo ""a saúde, a vida das pessoas"", e que Bolsonaro, além da vida, ""tinha o Paulo Guedes"".","Tipo: entre saúde e economia, vou salvar a economia...  E o novo ministro já mandou o recado para a população pobre... Deus tenha piedade do Brasil",2,0.5500267148017883,0.4499732553958893,,Incerta
"Bolsonaro demitiu Mandetta por ciúme, inveja e cálculo eleitoral e não foi divórcio consensual coisa nenhuma, mas meras ignorância,  irresponsabilidade, desumanidade e culto à morte, por fazê-lo em pleno pico da pandemia.","Sempre gostei de vc, mas  esta completamente enganado.Acorda!!! tira a crava dos olhos ! não vê Botafogo  armando ?  Tal qual um vampiro sulgando inocentes, aproveitando o pânico da população.Mandetta aqui no MS deixou rombo até na Santa casa! formou-se medico,sempre só politico",1,0.4675661921501159,0.5324338674545288,,Incerta
"Em sua despedida, Mandetta defende a vida, o SUS e a ciência. Três palavras incompatíveis com o atual governo.",E com o próprio Mandetta pré pandemia.,1,0.5519523620605469,0.4480476975440979,,Incerta
Vamos olhar esta história pelo ponto de vista do DEM: Bolsonaro vs Mandetta.  O que o ministro da Saúde e seu partido sabiam há duas semanas?  No fio.  1. Bolsonaro não estava feliz com Mandetta e queria demiti-lo.,Belo fio do,2,0.52729731798172,0.47270268201828,,Incerta
Agora os bolsominions tão puto com o Mandetta pq o Ministério da Saúde comprou e distribuiu lubrificante anal em 2019.,A gente tá tomando no cu desde que o Bolsonaro assumiu o governo e queriam que fosse a seco?!,2,0.5478835105895996,0.4521165490150451,,Incerta
"“Isso cansa!”, diz Mandetta em entrevista à Veja. Na verdade, Cansados estamos nós de você. Pega a melancia, põe na cabeça e vai fazer show em outro lugar. #TchauQuerido","O cara não quer concorrer só com o PR , mas com os artistas que não sobrevivem do dinheiro público e só bem vistos pelo público. VSF #BolsonaroAte2026",2,0.5757783651351929,0.4242216348648071,,Incerta
vocês querendo mandetta pra presidente gente pelo amor de deus esse homem defende a privatização da saúde ele é contra o sus,"!!!!!   não é pq no combate a covid-19 que ele estava sendo eficiente que ele é um santo, para com essa porra de endeusar todo mundo que toma uma atitude decente",2,0.4590017795562744,0.5409982800483704,,Incerta
"""E o Mandetta, a linha dele, como médico, era voltada quase exclusivamente para a vida"", disse Bolsonaro",Nossa! Que absurdo um médico se preocupar com a vida das pessoas durante uma pandemia.,2,0.162606805562973,0.8373931646347046,,Alta
"O elogio emocionado de Fernando Haddad a Henrique Mandetta foi a coisa mais bonita da novela viral desde o enlace entre João Dória e Lula da Silva. Se você não entendeu agora o enredo, não vai entender nunca mais.","Se você não entendeu agora, não adianta nem desenhar.",2,0.1829221844673156,0.8170778155326843,,Alta
"Bolsonaro cometeu um erro grave ao demitir Mandetta no meio da pandemia do coronavírus. E errou feio, de novo, ao escolher um ministro da Saúde que não tem qualquer conhecimento sobre o SUS e a realidade do sistema público do país. #BolsonaroVirus",Ministro novo é empresário do setor de saúde....não vai cuidar do SUS direito,2,0.1255912780761718,0.8744087219238281,,Alta
"Mandetta é o primeiro caso de demissão por competência, demitido porque não lambeu as botas de quem está errado.  E aqueles que defendiam um ""Ministério Técnico"" se curvaram e ainda aplaudem uma demissão política.","Se vc não viu atuação política no Mandetta tu és burro pra caralho. Como sei que viu, tu és canalha mesmo....",1,0.1194693148136138,0.8805306553840637,,Alta
Bolsonaro demitiu o Mandetta. Vai ficar pra História o tamanho do absurdo de demitir um Ministro da Saúde no meio da pandemia porque ele seguiu as recomendações da ciência e da OMS,"Mandetta tava longe de ser o perfeito, mas ele tava fazendo o que era certo e seguindo as recomendações de estudiosos, mas seguir a ciência e a coerência nunca foi o forte do nosso presidente...",2,0.1488140821456909,0.8511859774589539,,Alta
"É estarrecedor que o obscurantismo tenha vencido a ciência, a pesquisa, o mundo que pensa a Saúde. A saída de Mandetta indigna a nós e o povo, que sofrerá as consequências de qualquer mudança na política de isolamento. Bolsonaro é tosco, baixo, mesquinho.","Se você sentiu a saída do Mandetta, é porque o Bolsonaro está certo.",1,0.1689495295286178,0.8310505151748657,,Alta
"""E o Mandetta, a linha dele, como médico, era voltada quase exclusivamente para a vida"", disse Bolsonaro",Ele queria que fosse voltada para morte!!,2,0.1883740574121475,0.8116259574890137,,Alta
"Acabo de ouvir do presidente Jair Bolsonaro o aviso da minha demissão do Ministério da Saúde.  Quero agradecer a oportunidade que me foi dada, de ser gerente do nosso SUS, de pôr de pé o projeto de melhoria da saúde dos brasileiros e","Mandetta demitido. Infelizmente, essa é uma crise institucional que poderá agravar a crise sanitária que enfrentamos.",2,0.1719525158405304,0.828047513961792,,Alta
"""E o Mandetta, a linha dele, como médico, era voltada quase exclusivamente para a vida"", disse Bolsonaro",99% voltado pra vida mas aquele 1% a favor de um genocídio é o ministro perfeito pro bonoro,2,0.1138926893472671,0.886107325553894,,Alta
"Em sua despedida, Mandetta defende a vida, o SUS e a ciência. Três palavras incompatíveis com o atual governo.","Então porque só contou as mortes,não preparou o SUS para o impacto  da doença com um mapeamentos das necessidades de cada Município e não implantou protocolo de cura indicado por cientistas? Seus elogios demonstram a que ponto chegou o comprometimento do político Mandetta, e é só",1,0.1596355885267257,0.840364396572113,,Alta
"Saiu Mandetta, entrou Teich, Bolsonaro falou, Maia respondeu etc. Cadê os milhões de testes?",Sem teste não adianta de nada!,2,0.1098015159368515,0.8901984691619873,,Alta
"A maioria esmagadora dos brasileiros é contrária à demissão de Mandetta: 76,2% dos entrevistados discordam do afastamento do ministro da Saúde, segundo pesquisa realizada pelo Atlas Político. Vc concorda com o resultado da pesquisa?   via","Aonde foi feito está pesquisa? Quantas pessoas ?? Porque não faz uma aqui ?? Mandetta não fez nada teve oportunidade desde de Janeiro para estruturar o Brasil e não o fez.. ele vai levar esse filho feio no colo, pois suas atitudes e para pular fora do barco..#ForaMandettaUrgente",1,0.1655452400445938,0.8344547748565674,,Alta
Estamos enfrentando o corona e o #BolsonaroVirus. Diante da demissão do Mandetta eu reafirmo: Bolsonaro tem que responder por crime contra a humanidade.,Tem de ir a julgamento,2,0.1940211504697799,0.8059788942337036,,Alta
"“Eu escolhi minha equipe por currículo..... ” “Nós temos a defesa da vida, a defesa do SUS e a defesa da ciência” Luiz Henrique Mandetta , Ministro da Saúde do Brasil.",Mandetta eh canalha.,1,0.1155214756727218,0.8844785094261169,,Alta
"""E o Mandetta, a linha dele, como médico, era voltada quase exclusivamente para a vida"", disse Bolsonaro","Quem diria né, um médico no ministério da saúde, voltado exclusivamente pra saúde",2,0.1938486844301223,0.806151270866394,,Alta
"Em sua despedida, Mandetta defende a vida, o SUS e a ciência. Três palavras incompatíveis com o atual governo.",Ahhh o SUS,2,0.1634691953659057,0.8365308046340942,,Alta
Fizeram uma pesquisa em que 76% rejeitam a saída do Mandetta.  Vamos fazer uma rápida aqui.  Vc concorda com a saída do Mandetta?,"Pesquisa comprada, igual a da época das eleições!!!",2,0.1777230501174926,0.8222769498825073,,Alta
"A questão não é essa, estamos falando do atual, que está influenciando a gente nos dias de hoje. E que literalmente não faz 1% do que deveria fazer","O seu atual está ajudando oq pode fazer,dando auxílio,cestas básicas,saque de FGTS.nao vejo erros nisso, talvez ele tenha tirado o mandetta na hora errada por ser  um ótimo profissional,mas não justifica toda essas críticas.",2,0.1274953484535217,0.8725046515464783,,Alta
"""E o Mandetta, a linha dele, como médico, era voltada quase exclusivamente para a vida"" - Jair Bolsonaro, presidente do Brasil",Era só a vida. Kkkkkkkkkk... entendi,2,0.1857744455337524,0.8142254948616028,,Alta
"""E o Mandetta, a linha dele, como médico, era voltada quase exclusivamente para a vida"" - Jair Bolsonaro, presidente do Brasil","sabemos que a vida é mais importante, mas a quarentena pra preservá-la aí fode tudo, né",2,0.1526816040277481,0.8473184108734131,,Alta
"Em sua despedida, Mandetta defende a vida, o SUS e a ciência. Três palavras incompatíveis com o atual governo.",desde quando Mandetta defende o SUS? pqp Fernando tenha um pingo de vergonha na cara,2,0.1507335305213928,0.849266529083252,,Alta
"Desculpe a ignorância, esse panelaço foi pq o Mandetta foi demitido ou por outro motivo? ( tô curioso real pq a galera é meio doida né)","Contra o governo, a demissão do Mandetta deve ter pesado tbm né",1,0.1771092414855957,0.8228908181190491,,Alta
"Ver o Mandetta se tornando herói da nova e da velha esquerda, só mostra que o presidente acertou na exoneração. Mandetta é político, apartir do momento que sentiu sua ascensão, usou a pandemia para se promover, foi desleal e se colocou como superior à quem lhe indicou ao cargo.","Quem em sã consciência demite um ministro da saúde em plena pandemia???  Só Bolsonaro mesmo,  #BolsonaroVirus coitado do Mandetta, demitido por fazer o certo",0,0.1015549451112747,0.8984450697898865,,Alta
"O Teich disse praticamente tudo que o Mandetta falou. Não muda o isolamento, economia também é importante, há que se investir em pesquisa. Mandetta também falava que no futuro se encerraria o isolamento. Nada significativo. Por que trocou, então? Porque o ministro se destacou?","O mito falido tem inveja de quem se destaca, porque é um boçal!",2,0.157671570777893,0.8423284292221069,,Alta
"De acordo com a nova Pesquisa do Atlas, Mandetta tem aprovação de quase 80% dos entrevistados. Diante desse número e se o presidente Lula não puder concorrer, vocês votariam em quem para presidente?",E você  votaria em quem?,2,0.106135793030262,0.8938642144203186,,Alta
"A Globo tentou induzir hj com seu jornalismo q 80% da população não era a favor da saída do ministro Mandetta. Não queremos uma ESTRELA, viu?   foi escolhido como presidente e não outro.","O mais engraçado, é que a maioria do gado que tava pedindo a saída do Mandetta são idosos, hoje o substituto diz idoso não merece vaga em UTI.  A Terra Plana também gira e vacilão roda!",0,0.9259888529777528,0.0740111693739891,,Random
Comunidade médica teme que queda de Mandetta afrouxe isolamento social,"Não é para menos, se com a ordem de isolamento ainda vemos festinhas, pagode e cerveja em muitos lugares, quando liberar aí que FODEU e assim os brasileiros irão sentir na pele a irresponsabilidade, talvez seja bom, o ruim serão as vidas perdidas.",2,0.9811320900917052,0.0188678409904241,,Random
Ótima sexta-feira sem Mandetta ! Amigos falta 140 seg para chegar os 20k. Vou seguir todos 100% de volta. Posso contar com ajuda de todos? #ForaMaiaBotafogo DIREITA-UNIDA-SEGUE-DIREITA!,"Mutreta se foi por ser arrogante, presunçoso e desonesto com o presidente.",2,0.9825054407119752,0.0174945183098316,,Random
Mandetta deixa ministério cantando.,Nitidamente estava forçando a própria saída.,2,0.9874558448791504,0.0125441402196884,,Random
"Vale lembrar:  Bolsonaro demitiu Mandetta, mas era tudo intriga da imprensa, querendo jogar um contra o outro, claro.  Continue se informando pela claque.  Os financiadores agradecem.","Porra vocês passam meses/meses atirando pra tudo que é lado, acertaram o Mandetta. O Moro vocês já demitiram 12 vezes, um dia quem sabe né? É o jornalismo roleta russa. Ou deixa que eu chuto. Se colar colou. Lá vai bola... Se orienta cara.",1,0.6448789834976196,0.3551209568977356,,Random
"“O meu maior predicado em gerenciar crises a vida inteira foi a de ser torcedor do Botafogo""  - Luiz Henrique Mandetta, ex-ministro da Saúde.","sim, usou o codinome do Maia",2,0.9746289253234864,0.0253709908574819,,Random
O presidente da Câmara tem em sua gaveta um pedido de impeachment de Jair Bolsonaro com mais de 1 milhão de assinaturas. A demissão de Mandetta hoje reacende a urgência de o Brasil demitir Jair Bolsonaro. #RecebeMaia #ForaBolsonaro #ImpeachmentJá,#RecebeMaia Maia bora abrir o impeachment,2,0.9939811825752258,0.0060188276693224,,Random
"""E o Mandetta, a linha dele, como médico, era voltada quase exclusivamente para a vida"" - Jair Bolsonaro, presidente do Brasil","E assim o Mandetta ganha meu respeito pro resto da vida, apesar de ser um porco golpista, ele mostra o limite pra desumanidade, ao contrário do presidente decorativo.",1,0.9561859369277954,0.0438140332698822,,Random
"Bolsonaro pegou carona no anúncio da demissão de Mandetta para se isentar de responsabilidade sobre o desemprego com o coronavírus. Ele, que gosta de lembrar que é o capitão, o técnico, nem pisca antes de culpar terceiros por problemas que ajudou a criar.","Somente um imbecil como você SACO MORTO. Para escrever uma merda destas. O mundo inteiro perdeu o emprego e você acha que a saída do mandetta vê para justificar desemprego??. Seu idiota, VERME asqueroso.",1,0.9109690189361572,0.0890309512615203,,Random
"A demissão de Mandetta é a pior decisão de Bolsonaro desde o início do governo. Por um simples motivo: não há razão para que ela aconteça. O ministro apenas paga o preço por se mostrar mais competente que o próprio chefe, simplesmente por atender as recomendações internacionais.","Triste! Mandetta foi competente e guerreiro ao combate contra o Coronavirus. No entanto, a pior guerra travada foi lidar com a ignorância e egocentrismo do presidente da República.",2,0.9719768166542052,0.028023138642311,,Random
"A maioria esmagadora dos brasileiros é contrária à demissão de Mandetta: 76,2% dos entrevistados discordam do afastamento do ministro da Saúde, segundo pesquisa realizada pelo Atlas Político. Vc concorda com o resultado da pesquisa?   via",Não concordo. Sou a favor da saída do Mandetta,1,0.986282765865326,0.0137172807008028,,Random
Panelaço espontâneo no meio da tarde em Salvador pedindo #ForaBolsonaro após a demissão do Mandetta. #BolsonaroVirus,VOCÊS ESTÃO SURDOS...? ou o que...?    O BOZO JÁ ERA... JÁ CAIU.,2,0.9796059727668762,0.0203939918428659,,Random
"Comecei a assistir o Mandetta e não deu. Animadíssimo, sorridente, mandando sua equipe tirar a máscara pra falar com o Brasil. O canalha de sempre, forçou a demissão, aliviado por sair antes das pilhas de mortos contaminarem sua popularidade imerecida. E sobramos com Bolsonaro.","O país que vive à mercê da circunstância e da vontade de homens perversos. O ""menos pior_ é o novo ""bom"". Somos uns fodidos.",2,0.9889197945594788,0.0110801616683602,,Random
"Se lembram quando diziam que o PFL era um partido de direita? Algo estranho para quem era unha e carne com o tucanato, né?  O que não é estranho é o topa tudo dos democratas, doidos para tomar o poder do Bolsonaro.  Maia, Alcolumbre, Caiado e Mandetta são do democratas.","É isso aí, meu Presidente Bolsonaro! Com este FDP tem que ser assim mesmo. Curto e grosso. Não duvido que a essa hora já foi se queixar com o Ventretta, lula e Cia Ilimitada.",2,0.9438799023628236,0.0561201497912406,,Random
"Em sua despedida, Mandetta defende a vida, o SUS e a ciência. Três palavras incompatíveis com o atual governo.","Em sua despedida, Mandetta defende a vida, o SUS e a ciência. Três palavras incompatíveis com o deputado Golpista Canalha que votou a favor do Golpe dos Canalhas contra .",2,0.3102995753288269,0.6897004246711731,,Random
"Prevaleceu a inveja sentida pelo chefe mimado. Jair Bolsonaro, em vez de reconhecer que desdenhou do coronavírus, demitiu Mandetta por não ter se curvado à sua estupidez durante a pandemia. O bolsonarismo fritou o ministro da Saúde nas redes e no zap porque teme sua popularidade.",COITADO MANDETTA SE ACHANDO ESTRELINHA...E NÃO PASSA DE UM FANTOCHE NA MÃO DA OPOSIÇÃO E DA MÍDIA PARA DERRUBAR BOLSONARO!!!SQN #bolsonarotemrazao  #FiqueEmCasaMandetta,1,0.9844724535942078,0.0155275454744696,,Random
Mandetta deixa ministério cantando.,Servidor público só sabe cantar essa música (eu sou servidor).,2,0.6201369166374207,0.3798631429672241,,Random
"Saiu Mandetta, entrou Teich, Bolsonaro falou, Maia respondeu etc. Cadê os milhões de testes?",CADÊ ?,2,0.5554670691490173,0.4445328712463379,,Random
"Mandetta demitido e choca um total de zero pessoas. Mas é aquilo, até parece que quando ele entrou ele não sabia no que tava se metendo. Só não contava que iria se deparar com pandemia no meio do caminho. Esperar o que de um cara que se elegeu fazendo discurso anticiência?",e cabe ao ex ministro Mandetta fazer um vídeo com teor irônico para debochar de todas as futuras decisões do presidente e do atual ministro que forem totalmente ridículas,0,0.9781998991966248,0.0218001492321491,,Random
URGENTE: Bolsonaro demite Mandetta do Ministério da Saúde; oncologista Nelson Teich vai assumir o cargo,Como que é mesmo ? Agora que vão votar o impeachment? Tô no aguardo...,2,0.9899778366088868,0.0100222062319517,,Random
Brasil sendo Brasil  Bolsonaro demite Mandetta; Nelson Teich assume o Ministério da Saúde #Coronavirus,"Dolar a 5, 40. Da pra aumentar mais? bolsonaro testa com demissão de mandetta e contratação de um capacho bajulador. O povo adorador de Lula, só vai se ligar que trocou 6 por meia duzia quando as pilhas de corpos começarem.  Bolsonaro so pensa em reeleição, ta cagando pra vc tia.",0,0.981304407119751,0.0186956636607646,,Random
"João Doria, Witzel, Mandetta, Maia: todos são estadistas preocupados com a pandemia e a ciência. Bolsonaro: só pensa em 2022. Ops!",A máscara caiu.,2,0.9529715180397034,0.0470284521579742,,Random
"""O maior predicado que eu tive para enfrentar essa crise foi ser torcedor do Botafogo. Ser botafoguense é um eterno gerenciamento de crise"", Luiz Henrique Mandetta, 16 de abril de 2020.",globo #impeachmentjá nelson teich mandetta pandemia presidente é carminha #ficaemcasa      #avenidabrasil #ImpeachmentDoBolsonaro #bolsonarovirus ministro da saúde #MandettaDEMITIDO,0,0.990345299243927,0.0096546616405248,,Random
O Mandetta saiu primeiro que a IVY .,essa demissão do mandetta foi pura birra de ego KKKKKKKKKKKKKKKKKKKKKKKKKK gente......bolsonaro um idol da yg,0,0.9472108483314514,0.0527892224490642,,Random
"Em sua despedida, Mandetta defende a vida, o SUS e a ciência. Três palavras incompatíveis com o atual governo.","Li aqui neste rede q Bolsonaro inaugurou o presidencialismo de oposição, q é criticar seu próprio quadro.  E o Haddad aproveita pra tocar a oposição de governabilidade- se vc já saiu do governo, pra q continuar lambendo a direita?",2,0.8081793785095215,0.1918206214904785,,Random
"Inacreditável! Bolsonaro justificou a demissão de Mandetta porque ele teria uma linha de ""defender exclusivamente a vida"". O Brasil é governado por quem defende a morte.",Espero que ele lembre que será COBRADO quando os mortos começarem a cair... #ForaBolsonaro,2,0.5085888504981995,0.4914111196994781,,Incerta
"(Fingindo é claro que tivéssemos um governo menos patético que não desse toda grana pro mercado financeiro e pros bancos em troca de apoio político). No mais, neoliberalismo é a pior desgraça  que a humanidade inventou de construir e bater palmas pro mandetta ou",Qualquer outro ministro que consiga elaborar uma frase sem atacar pt ou comunismo não adianta nada. O circo que tivemos esse ultimo mês com o Mandetta só serviu pra minions baterem palmas pro mito e o povo não bolsominion se achar superior por ter razão sobre o assunto,1,0.5100398659706116,0.4899601936340332,,Incerta
"""E o Mandetta, a linha dele, como médico, era voltada quase exclusivamente para a vida"" - Jair Bolsonaro, presidente do Brasil","Entao, é importante a saude e tals MAS...",2,0.5718558430671692,0.4281441271305084,,Incerta
"Em sua despedida, Mandetta defende a vida, o SUS e a ciência. Três palavras incompatíveis com o atual governo.","Mandetta foi contaminado pelo vírus do SUS (quem conhece ou trabalha no SUS se apaixona), quem  diria, logo ele que assumiu o cargo querendo ""privatizá-lo"".",1,0.4599075615406036,0.540092408657074,,Incerta
"""E o Mandetta, a linha dele, como médico, era voltada quase exclusivamente para a vida"", disse Bolsonaro","Eu achava que médico deveria ser voltado para morte do paciente. Valeu por avisar, presidente.",2,0.4019243121147156,0.5980756878852844,,Incerta
"Beleza que Mandetta não é flor que se cheire, mas pelo menos o cara foi que colocou um rumo nesse controle do Covid-19 pq se fosse depender do presidente todo mundo tava trabalhando tranquilamente como se não tivesse rolando uma pandemia",pq tá todo mundo mamando o Mandetta? ja esqueceram as merdas q ele fez?,0,0.5671168565750122,0.4328831136226654,,Incerta
"tirar o mandetta nesse momento de crise n passa de uma ação de um fdp mimado q n aguenta opiniões divergentes, digno de um presidente q apoia ditadura e milicia",É um egocêntrico que não aguenta 1 minuto de debate com alguém que seja contra (nem que seja UMA) as atitudes dele. Nojento!,2,0.5794734358787537,0.4205265641212463,,Incerta
"A maioria esmagadora dos brasileiros é contrária à demissão de Mandetta: 76,2% dos entrevistados discordam do afastamento do ministro da Saúde, segundo pesquisa realizada pelo Atlas Político. Vc concorda com o resultado da pesquisa?   via","Eu sou a favor sim Mandetta decepção total, está junto com o Maia e Doria para levar o Brasil aos caos, economia e saúde tem que andar juntos, é VIDA.   #EuApoioBolsonaro  #B2022",1,0.5599737167358398,0.4400263428688049,,Incerta
"De todos os problemas de personalismo que afetam a esquerda, nunca pensei que um deles seria quanto ao Mandetta - do DEM. Há como lamentar que estamos indo de mal a pior sem esquecer da parte de que estava mal pra começar...",simkkkknjkkkkkkk aí aí,2,0.5463233590126038,0.453676700592041,,Incerta
"""E o Mandetta, a linha dele, como médico, era voltada quase exclusivamente para a vida"" - Jair Bolsonaro, presidente do Brasil",se foram rodo mundo que ainda defende essa bosta de homem,2,0.4287115037441253,0.571288526058197,,Incerta
o que vcs acharam da demissão do Mandetta?,nao estou comemorando a demissão do mandetta ok apenas achei engraçado o timing do universo favor não me cancelar,0,0.5515441298484802,0.4484559297561645,,Incerta
"Bolsonaro é IRRESPONSAVEL! Mandetta ñ fez grande trabalho no , também, o governo é de Jair Bolsonaro. O anti-presidente age +1 vez contra o Brasil ao mudar comando do Ministério na maior crise sanitária que o mundo e o Brasil já viveram. É um absurdo!#ForaBolsonaro",vai fazer isolamento mocreia e pare de cacarejar merda. Mandetta foi tarde.,1,0.5132767558097839,0.4867232143878937,,Incerta
Ufa! Até que enfim!,Finalmente! MANDETTA LIXO CAIU,2,0.5369566082954407,0.4630433619022369,,Incerta
isso tudo fez o mandetta crescer,meu mandetta ta “crescido” desde o inicio dessa pandemia,1,0.4151476621627807,0.5848522782325745,,Incerta
"""E o Mandetta, a linha dele, como médico, era voltada quase exclusivamente para a vida"", disse Bolsonaro","Graças a Deus, né?! Diferente da dele que é voltada para a morte.",2,0.4108705818653106,0.5891294479370117,,Incerta
Bolsonaro demitiu Mandetta porque ele seguia as orientações da OMS e não negava a ciência. Que tipo de médico aceita assumir um ministério da saúde assim? Esse vídeo é uma prévia do que pode estar nos esperando num futuro próximo. Precisamos tirar Bolsonaro para salvar o país.,Agora o coiso tem o comando da saúde. Ferrou de vez.,2,0.4557324945926666,0.5442674160003662,,Incerta
"Mandetta deixa como legado uma estrutura para que o Brasil possa – com governo federal, estados e municípios unidos – atender da melhor forma possível a sociedade brasileira, principalmente as pessoas que necessitam do SUS.","Mandetta foi uma derrota pra saúde do brasileiro, seguindo protocolo dos chineses. Vcs ainda vão se fuder muito, seus VERMES!",1,0.4378063082695007,0.5621936321258545,,Incerta
"Tá “tistinho” que Mandetta foi exonerado? Para mim já está no mar do esquecimento. Não curtiu meu posicionamento? Pois é, eu tenho, sou anti-Mandetta.","Também sou, simplesmente porque SOU A FAVOR DO NOSSO PRESIDENTE!",2,0.409192830324173,0.5908071398735046,,Incerta
"Entenda que mandetta não era nenhum santo, mas em tempos de crise era a esperança que se tinha de alguem naquele governo levar as medidas de saúde a serio, de seguir a normas da OMS.","O ex-Ministro mandetta era muito comprometido... c/a Política . Não sugeriu o cancelamento do carnaval, não colocou Lula/Dilma/Rodrigo Maia e comitivas em quarentena (qdo chegaram do exterior), voos da China trouxeram infectados, etc. Ele não é nenhum poço de virtude  Vai tard",1,0.5762063264846802,0.4237937033176422,,Incerta
URGENTE: Bolsonaro demite Mandetta do Ministério da Saúde; oncologista Nelson Teich vai assumir o cargo,URGENTE vamos fingir que ninguém esperava por isso,2,0.4638827443122864,0.5361171960830688,,Incerta
"Em especial para você com mais idade que votou no Bolsonaro, seu novo ministro da saúde:  Bolsonaro convida oncologista Nelson Teich para Ministério da Saúde #BolsonaroGenocida #Mandetta","Quem tem mais de sessenta anos, votou no Coiso e depende do SUS deve estar muito satisfeito com o novo ministro.",2,0.5327527523040771,0.4672472774982452,,Incerta
"Mandetta, guerreiro defensor do SUS, da ciência e da vida.  É muita emoção, minha nossa.",Mais um pouco ele grita “mandetta guerreiro do povo brasileiro”,1,0.5053647756576538,0.4946352243423462,,Incerta
"É, Dr. , a casa caiu de vez. Aos pouco a verdade contra o Sr. vai surgindo naturalmente. Seu passado lhe condena, o pres  tem razão. #BolsonaroTemRazao",Mandetta teu passado te condena.,2,0.4796673357486725,0.5203326940536499,,Incerta
Mandetta sai do Ministério da Saúde um gigante. Sempre com foco em salvar vidas e na ciência. #ObrigadoMandetta,Com toda certeza,2,0.5158203840255737,0.4841797053813934,,Incerta
"Esperamos que o seu sucessor continue, como fez Mandetta, adotando medidas que priorizem a vida das pessoas nesse momento de crise. Caso contrário, o governo federal será diretamente responsável pelo crescimento desenfreado da Covid-19 e a morte de milhares de brasileiros.",Assim esperamos. Que a Vida esteja em primeiro lugar. Que Deus esteja conosco no Brasil!!,2,0.5074948072433472,0.4925051629543304,,Incerta
Quem era Mandetta antes de virar Ministro da Saúde? O que fez no ministério no período anterior à epidemia?,Que tal a mesma pergunta aplicada ao Covidiota na presidência?,2,0.5546800494194031,0.4453199803829193,,Incerta
"Em sua despedida, Mandetta defende a vida, o SUS e a ciência. Três palavras incompatíveis com o atual governo.","Este é o Haddad jogando o mandetta pros carniceiros que se alimentam de polarização. Você acabou de dar a carteirinha do PT pra ele, sem o mesmo pedir.",2,0.5361011028289795,0.4638989269733429,,Incerta
"Ué, tá reclamando? Não foi vc mesmo que o indicou como um nome muito melhor que o Mandetta quando este foi anunciado em 2018? Kkkkkkkkkkk",Isso é uma mula de batalha,2,0.4387408792972564,0.5612590909004211,,Incerta
"Mandetta deixa como legado uma estrutura para que o Brasil possa – com governo federal, estados e municípios unidos – atender da melhor forma possível a sociedade brasileira, principalmente as pessoas que necessitam do SUS.","Legado? Só se foi vosso projeto de poder, porque de todos os ministérios foi o que menos avançou Botafogo #ForaMaia",2,0.4194452166557312,0.5805547833442688,,Incerta
"outra coisa, vão vocês todos com essa memória de peixe pra puta que pariu com isso de “Mandetta, meu ministro”.   primeiro, ele não fez mais que a obrigação dele.  segundo, foi a favor do impeachment, acabou com o mais médicos e queria privatização do SUS.","Mandetta não ajudou o Distrito Federal em porra nenhuma. O próprio governador Ibaneis Rocha disse: “Vai tarde” quando digo que a militância mídia/esquerda cegou os jornalistas e jornalismo ninguém acredita. Já tem tempo q Ibaneis crítica o ministério da Saúde, ninguém se atentou",0,0.5289730429649353,0.4710269570350647,,Incerta
"O fã clube que defende Mandetta é dividido em dois grupos: os 8,9 milhões de brasileiros beneficiados com o sachê de gel lubrificante distribuído pela equipe do ex-ministro ao custo de R$ 25 milhões e pelos simpatizantes do Botafogo (Maia). Ou seja, ou queima ou rouba.","Da mesma forma que aqueles que defendem incondicionalmente o capitãozinho monocelular e obtuso se dividem em dois tipos: os semianalfabetos iletrados com fetiche em cortuno, como você, e aqueles que recebem pra fomentar condescendência",2,0.5687838792800903,0.4312160611152649,,Incerta
"Kkkk rindo dos bozomaniacos! Jair conseguiu a proeza de transformar um político inexpressivo do DEM, que votou pelo impeachment de Dilma, ligado aos planos de saúde, no maior defensor do SUS, um quase novo Oswaldo Cruz. Uma proeza. Capaz de ainda ganhar as próximas eleições!!kk",Mas não é? Criou um gigante.,1,0.4367947578430176,0.5632053017616272,,Incerta
"Em sua despedida, Mandetta defende a vida, o SUS e a ciência. Três palavras incompatíveis com o atual governo.","Haddad, com o fim dos MM, quantos morreram por falta de atendimento? O que Mandetta tem com isso?",1,0.5951074957847595,0.4048924446105957,,Incerta
O Mandetta foi demitido já estou indo providenciar meu plano funerário,"E corre meu filho, que o próximo colapso é o funerário.",2,0.5419583916664124,0.4580415487289428,,Incerta
meu deus POR QUE O BOLSONARO TÁ FALANDO DESSE JEITO NO DISCURSO DA DEMISSÃO DO MANDETTA pra QUE falar tao lento sabe parece que faz de proposito pra irritar a gente que odio,"o cara não tem cérebro gente, ele demora um tempo pra conseguir falar algo",2,0.4198624193668365,0.5801375508308411,,Incerta
"O elogio emocionado de Fernando Haddad a Henrique Mandetta foi a coisa mais bonita da novela viral desde o enlace entre João Dória e Lula da Silva. Se você não entendeu agora o enredo, não vai entender nunca mais.","Realmente, tinha algo estranho, esta esquerda nojenta elogiando tanto  o Mandetta",1,0.4067592322826385,0.5932407379150391,,Incerta
"Em sua despedida, Mandetta defende a vida, o SUS e a ciência. Três palavras incompatíveis com o atual governo.","Se o PT defende o Mandetta, tá tudo explicado. Quem com porcos anda, farelo come.",1,0.4435478448867798,0.5564521551132202,,Incerta
"Acabo de ouvir do presidente Jair Bolsonaro o aviso da minha demissão do Ministério da Saúde.  Quero agradecer a oportunidade que me foi dada, de ser gerente do nosso SUS, de pôr de pé o projeto de melhoria da saúde dos brasileiros e","alguém PORFAVOR tira o bolsonaro do governo mano, esse cara só    faz      bosta henrique mandetta era o ÚNICO consciente sobre o caos atual dentro do governo desse acéfalo a namoral vai toma no cu",2,0.4126124083995819,0.5873876214027405,,Incerta
Panelaço forte aqui na região da Consolação. Desde que saiu a notícia da queda de Mandetta.,"Aqui em Perdizes, SP, também!",2,0.5337794423103333,0.4662205576896667,,Incerta
Olha só a tristeza do Mandetta depois de ter se livrado do estrupício.,"Ele tá certo só tá torcendo pro promotor público do seu caso morrer de convid e o processo parar para não ser preso, agora não é fake é fato, muitos morrerão!",2,0.5056197047233582,0.4943802952766418,,Incerta
"Em sua despedida, Mandetta defende a vida, o SUS e a ciência. Três palavras incompatíveis com o atual governo.","Depois desta postagem, vejo que o Mandetta foi tarde.",1,0.4517097473144531,0.5482903122901917,,Incerta
Essa prova do bbb vai durar mais que o cargo do Mandetta.,"Agora que o Mandetta foi demitido, ele podia simplesmente divulgar o resultado do exame do Bolsonaro.",0,0.4598471820354461,0.5401528477668762,,Incerta
"Em despedida privada com auxiliares, Mandetta fala em ingratidão e risco de colapso na saúde. Ex-ministro, em pequena cerimônia, pediu que Irmã Dulce proteja o SUS e disse que idosos não são descartáveis (via )","Foda-se, vai tarde, rapineiro do SUS.  Quem dá plateia pra esse merda é essa oposição idiotizada, incapaz de ler a realidade a mais de um palmo do nariz e da capa de jornal.",2,0.4165928661823272,0.5834071040153503,,Incerta
"Atenção para a data: 24/02.  E a   fazendo chamadas para o Carnaval!  A  Globo  sabia, os governadores sabiam e o Ministro da saúde HM sabia.",Por quê JÁ no final de fevereiro o super master hiper Mandetta já não tomou as providências necessárias? Por que demorou tanto?,2,0.4940521717071533,0.5059478878974915,,Incerta
"“Eu escolhi minha equipe por currículo..... ” “Nós temos a defesa da vida, a defesa do SUS e a defesa da ciência” Luiz Henrique Mandetta , Ministro da Saúde do Brasil.",Critérios técnicos x bajulação,2,0.4819479584693908,0.5180520415306091,,Incerta
"Bolsonaro diz que podem perguntar pq decidiu substituir Mandetta. Explica o presidente durante a posse do novo ministro da Saúde: diz que visão de Mandetta era da Saúde, da vida. A sua é, além da vida, a da economia, a do Paulo Guedes.","Absurdo, um médico que só pensa em  *embaralha as cartas*  S A Ú D E",2,0.4701655805110931,0.5298344492912292,,Incerta
"Bolsonaro cometeu um erro grave ao demitir Mandetta no meio da pandemia. E errou feio, de novo, ao escolher um ministro da Saúde que não tem qualquer conhecimento sobre o SUS e a realidade do sistema público do país, Esse homem é louco, O País está na mão capeta.","MANDETTA DEMITIDO! O governo Bolsonaro entra numa perigosa fase do covid-19 no Brasil. O próximo período tende a aprofundar a falta de transparência nos números, o terraplanismo dos medicamentos e teremos uma maior fragilidade na manutenção da política de isolamento social.",0,0.5275441408157349,0.4724558889865875,,Incerta
"nao, mandetta nao foi nenhum heroi, mas no meio de todo o CAOS que é o governo brasileiro foi o unico capaz de tomar decisões sensatas e pensar no povo antes de tudo entao sim, ele merece parabens","é louco pensar que o mandetta é um liberalóide anti-sus mas ainda tinha algum grau de ""sanidade"" nesse governo. bolsonaro não quer a razão na frente da fé, a ciência na frente da religião. pra ele ser reeleito, tem que acreditar que a china é comunista e que vai invadir o brasil.",0,0.5263967514038086,0.4736031889915466,,Incerta
"Em sua despedida, Mandetta defende a vida, o SUS e a ciência. Três palavras incompatíveis com o atual governo.","Mandetta é do DEMônios e vocês dos INTERNOS, ou seja, compatíveis com toda desgraça do passado, presente e futuro!",1,0.5986475944519043,0.4013524055480957,,Incerta
Caralho q ódio que mandetta saiu,"Mandetta, vc é foda!",0,0.4742622375488281,0.5257377624511719,,Incerta
"Mandetta foi presidente de planos de saúde, foi contra os médicos cubanos e votou a favor do Teto de Gastos que tirou R$9 bilhões do SUS. É incrível que, com tudo isso, tenha perdido o cargo de Ministro por suas virtudes, não por seus vícios. Só no governo genocida de Bolsonaro.",e a vacina que Cuba tinha produzindo que tu falou?,2,0.1179663464426994,0.8820337057113647,,Alta
"Mandetta deixa como legado uma estrutura para que o Brasil possa – com governo federal, estados e municípios unidos – atender da melhor forma possível a sociedade brasileira, principalmente as pessoas que necessitam do SUS.",#ForaMaia  seu lixo #BotafogoMaia  o Brasil não precisa de vc arrombado qual legado que o mandetta deixou seu maldito..,1,0.1355250030755996,0.8644750118255615,,Alta
"""E o Mandetta, a linha dele, como médico, era voltada quase exclusivamente para a vida"" - Jair Bolsonaro, presidente do Brasil",Ainda vem que o Mandetta sendo médico apoia a vida é o mínimo que se espera,2,0.1450830101966858,0.8549169898033142,,Alta
"Vale lembrar:  Bolsonaro demitiu Mandetta, mas era tudo intriga da imprensa, querendo jogar um contra o outro, claro.  Continue se informando pela claque.  Os financiadores agradecem.","Eiii bandinha, Mandetta não foi demitido por isso, e vc sabe bem, mas se faz bem pro seu ego pensar assim, fazer o que????×÷00×0⁰",1,0.1594793796539306,0.8405205607414246,,Alta
"""E o Mandetta, a linha dele, como médico, era voltada quase exclusivamente para a vida"", disse Bolsonaro",Como assim um médico tinha um alinhamento voltado pra vida ???? Que absurdo!! (inacreditável),2,0.1084100827574729,0.8915899395942688,,Alta
"""E o Mandetta, a linha dele, como médico, era voltada quase exclusivamente para a vida"", disse Bolsonaro","Ue, e a linha tem que ser o quê? O nazismo?",2,0.1144515797495842,0.8855484127998352,,Alta
"""E o Mandetta, a linha dele, como médico, era voltada quase exclusivamente para a vida"", disse Bolsonaro","Será que é pq ele é médico, maldito dos infernos???",2,0.1539152413606643,0.8460847735404968,,Alta
Ver a esquerda chorando todo esse mimimi pela demissão do Mandetta que votou pelo impeachment e ainda zuou com a cara da  (anta)  NÃO TEM PREÇO !  O PRESIDENTE   É MUITO MITO MESMO !,Nao tem preço!!! #ParabensPresidenteBolsonaro,2,0.1684673726558685,0.8315326571464539,,Alta
ainda não consigo acreditar que o Mandetta saiu antes da Ivy,Também não acredito,2,0.1365204155445099,0.8634795546531677,,Alta
"Mandetta cai porque enfrentou a pandemia com responsabilidade, e Bolsonaro não tolera isso. O presidente da República está derrubando toda a cúpula do Ministério da Saúde em meio à mais grave crise sanitária da história. É um genocida.",Né a toa que eu digo que deveriam derrubar esse escroto!,2,0.1796346753835678,0.820365309715271,,Alta
"""E o Mandetta, a linha dele, como médico, era voltada quase exclusivamente para a vida"", disse Bolsonaro","QUE ABSURDO, MÉDICO PREOCUPADO COM OS OUTROS, QUE LOUCURA, NÃO?",2,0.1443145722150802,0.8556854724884033,,Alta
"AÍ MANDETTA, LIBERA OS RESULTADOS DOS EXAMES DO BOZO SÓ DE ZUA... CAI ATIRANDO, COWBOY!!!!!!!!!!!!!!!!!!!!!!!!!!!!","Se ele fizer isso, sem falsificar o teste, vai dar um fuzuê de q só",2,0.1191614940762519,0.8808384537696838,,Alta
Mandetta vinha fazendo um excelente trabalho e com isso deixou muita gente com ciúmes da sua popularidade. Vida que segue!,Vc acha mesmo que foi por popularidade que Mandetta saiu? Moro tem muito mais popularidade só lembrando e nem por isso foi demitido.,1,0.1373761743307113,0.8626238703727722,,Alta
"A maioria esmagadora dos brasileiros é contrária à demissão de Mandetta: 76,2% dos entrevistados discordam do afastamento do ministro da Saúde, segundo pesquisa realizada pelo Atlas Político. Vc concorda com o resultado da pesquisa?   via","Como foi feita essa pesquisa?? Telepatia comunitária?? Esse Mandetta é um corrupto, bem fez Bolsonaro em demiti-lo!!",1,0.1840559244155883,0.8159441351890564,,Alta
"Em sua despedida, Mandetta defende a vida, o SUS e a ciência. Três palavras incompatíveis com o atual governo.","E incompatíveis com a própria postura do ministro antes e durante o governo Bolsonaro.  Não esqueçamos que ele votou pelo golpe, pela PEC, que reduziu os gastos no SUS, pela saída dos cubanos do Brasil.",2,0.1862334609031677,0.8137665390968323,,Alta
"""E o Mandetta, a linha dele, como médico, era voltada quase exclusivamente para a vida"" - Jair Bolsonaro, presidente do Brasil","Mais preocupado com a vida, que ruim né?",2,0.1063088625669479,0.8936911821365356,,Alta
Morre um ministro. Nasce um candidato?,"A piada foi boa  Aproposito não era o senhor mandetta deputado federal em meado período de 2011 a 2019 , me parece que não nasceu um candidato mais sim um novo  político de estimação da bolha esquerdista enfim Não abandona o LULA livre não se não fica feio ok",1,0.1688126176595688,0.83118736743927,,Alta
"""E o Mandetta, a linha dele, como médico, era voltada quase exclusivamente para a vida"", disse Bolsonaro",O presidente do Brasil é contra médicos que pensam na vida dos pacientes. Canalha.,2,0.1459675431251526,0.8540324568748474,,Alta
"A maioria esmagadora dos brasileiros é contrária à demissão de Mandetta: 76,2% dos entrevistados discordam do afastamento do ministro da Saúde, segundo pesquisa realizada pelo Atlas Político. Vc concorda com o resultado da pesquisa?   via","MENTIRA, A MAIORIA É A FAVOR.  SE TIVER CORAGEM FAÇA UMA ENQUETE AQUI, VERÁS QUE DARÁ POR VOLTA DE 95% A FAVOR DA DEMISSÃO!",2,0.1261217445135116,0.8738782405853271,,Alta
"Acabo de ouvir do presidente Jair Bolsonaro o aviso da minha demissão do Ministério da Saúde.  Quero agradecer a oportunidade que me foi dada, de ser gerente do nosso SUS, de pôr de pé o projeto de melhoria da saúde dos brasileiros e","parece que salnorabo deu uma dentro, o médico que entrou no lugar do Mandetta aparenta ter credenciais",2,0.1534420996904373,0.8465578556060791,,Alta
Bolsonaro demitiu o Mandetta. Vai ficar pra História o tamanho do absurdo de demitir um Ministro da Saúde no meio da pandemia porque ele seguiu as recomendações da ciência e da OMS,eu não consigo nem expressar o quão absurdo é isso,2,0.1187613382935524,0.8812386989593506,,Alta
Mandetta amanhã publica o exame que deu positivo para covid19 do genocida.  A correria seria grande. Hein!?  Bora sonhar.,Vai  joga o exame do #bozo para o mundo.,2,0.177754744887352,0.822245180606842,,Alta
"Mandetta saiu chorando sabendo o que é o SUS, e louvando-o. Graças a Deus ele não teve tempo de privatiza-lo, como foi sua missão inicial no ministério. Os desígnios da vida são implacáveis. Acho que entrou Saulo de Tarso e saiu Paulo. Um convertido ao SUS.","Agora resta saber se vai continuar a fazer bom uso do jaleco do SUS, ou foi só uma fantasia...",2,0.1864905506372451,0.8135094046592712,,Alta
"Brasil tem hoje, oficialmente, 1.924 mortes por causa da Covid-19. Em meio a esse quadro, o presidente Bolsonaro demitiu o ministro da Saúde, Luiz Henrique Mandetta. O novo ministro será o oncologista Nelson Teich:  #JN","Podem anotar, os casos de mortes iram aumentar 10x , pós mandetta  a guerra é POLÍTICA.",1,0.1188872531056404,0.881112813949585,,Alta
"Mandetta é do DEM, adorado por Maia, que acha que Guedes não é sério, e foi elogiado até por Haddad, o poste de Lula. Teich era o nome de Guedes desde o começo, não tem partido, nunca se candidatou a nada. Os ""liberais"" estão tristes com a troca por qual motivo exatamente?","Os ""liberais"" viraram putinhas do centro a muito tempo",2,0.1654412299394607,0.8345587253570557,,Alta
"Acompanhar política apenas de camarote tem me feito bem, mas preciso dizer: foi tarde, Mandetta.  Sobre o Teich, por hora eu não boto muita fé nele, mas espero de coração que ele me surpreenda assim como foi com o Aras.","Resta saber o que o Teich, caso confirmado, disse ao presidente que  o fez ser contratado. O oncologista também defende a mesma medida do Mandetta de isolamento horizontal, portanto parece ter ideais que vão contra aos do Governo Federal.",0,0.9904725551605223,0.009527469985187,,Random
Quando li sobre a demissão do  #Mandetta Eu por fora: não agueeeeento mais as loucuras desse presidente. Eu por dentro:,Bora cair na real? Mandetta era um merda. Seu sucessor será uma diarreia.,0,0.9325284361839294,0.0674716234207153,,Random
Mandetta deixa ministério cantando.,Fiquem em casa e mantenham o isolamento social.,2,0.9793619513511658,0.020638071000576,,Random
"Bolsonaro elogia Teich pela coragem de assumir o ministério e diz qual caminho quer para a gestão: “Soma eu e o Mandetta e divide por dois”. “Não queremos superar a pandemia e depois recorrer ao Paulo Guedes pela questão do desemprego”, completou.",isso q o povo ta qrendo deixar td pro guedes,2,0.9843408465385436,0.015659149736166,,Random
"Ex-deputado federal, Mandetta estava à frente da pasta desde o início do governo, em janeiro de 2019, e ganhou maior visibilidade com a crise provocada pelo novo coronavírus. Na tarde desta quinta, Mandetta foi chamado ao Planalto para uma última reunião com Jair Bolsonaro.",Vice-lider do governo deixa o cargo por Mandetta,0,0.9949068427085876,0.0050931400619447,,Random
"Parecer do MPF encaminhada à Justiça Federal, aponta que Mandetta desviou dinheiro público","Por isso que   e a corja todos estão defendendo o cabra. ""Se não presta, nós apoiamos""!  Raça dos infernos",2,0.979867458343506,0.0201325602829456,,Random
"Essas limitações são graças a anos e anos de roubalheira e corrupção dos Governos anteriores.  Sim tbm sou grata ao  até certo ponto, porém ele permitiu passar do ponto, quando a política falou mais alto em seu sangue. Obrigada Mandetta, q Deus o acompanhe!",#MandettaDEMITIDO foi melhor decisão.,2,0.9869500994682312,0.0130499377846717,,Random
Pelo menos o novo ministro da saúde já entra sabendo o que não pode fazer: Fazer algo.  #mandetta #valeumandetta,"Deputado Bolsonarista faz denuncia, Mandetta gastou 25 milhões em gel lu...  via",0,0.991616666316986,0.0083833262324333,,Random
VAI MANDETTA!  Não tenho golpista que compõe governo miliciano de estimação. A única diferença entre Madetta e outros asseclas de Bolsonaro é que ele sabe que a terra não é plana.   #ForaBolsonaro,E que turma. Já deu o que tinha de dar.,2,0.9812615513801576,0.0187384635210037,,Random
"Nem bem saiu do embate com Mandetta, Bolsonaro já partiu novamente para o ataque. O alvo agora é Rodrigo Maia. Presidente afirmou à CNN Brasil que 'parece que a intenção' do deputado é tirá-lo do cargo ()","Nem precisa so Maia pra tirar #BolsonaroVirus  da presidencia, ele mesmo já esta fazendo isso.",2,0.9913347363471984,0.0086652226746082,,Random
"Promoção #BomDiaMassa  #Bolsonaro demitiu #Mandetta e nomeou #Teich. E aí, #Massa, a mudança no Ministério da Saúde, no auge da pandemia da covid-19, preocupa você? Por quê?  Responda até 9h55, usando #BomDiaMassa, concorra a #KitDaMassa (camisa+copo+adesivo+3 latões #Brussels)!","Não, porque este ministro é mais capaz que o Mandetta. Aliás, até o médico veterinário do meu cachorro  é mais capacitado, porque ele parte do princípio, que precisa ouvir humildemente opiniões divergentes a dele. #ForaMaia",1,0.9846935272216796,0.0153064699843525,,Random
- Entrevista ao Jornalista  :,Tem q dar um chega pra lá nesse Rodrigo Maia. Discurso igual ao do Mandetta.,2,0.9695690870285034,0.0304309371858835,,Random
Mandetta se despede do #SintaSeEmCasa,"Um dos maiores seres humanos hoje vivo é Marcelo, palmas para Marcelo",2,0.983307719230652,0.0166922770440578,,Random
"Comecei a assistir o Mandetta e não deu. Animadíssimo, sorridente, mandando sua equipe tirar a máscara pra falar com o Brasil. O canalha de sempre, forçou a demissão, aliviado por sair antes das pilhas de mortos contaminarem sua popularidade imerecida. E sobramos com Bolsonaro.",Melhor definição: “... e sobramos com Bolsonaro...”,2,0.992302417755127,0.0076976288110017,,Random
"Já fiz elogios ao ex-ministro Mandetta. Ele, no começo, parecia fazer um bom trabalho. Pena que morreu o técnico e nasceu o político, que passou a jogar o jogo de Rodrigo Maia, do DEM. Poucas pessoas enxergam isso, e muitas ainda vão enxergar. Aguardem. É sábio mudar de opinião.",Caro ..desista das pessoas que preferem permanecer no erro. Elas n querem sair da zona de conforto. Nem q isso custe caro para os outros #ForaMaia,2,0.9509027004241944,0.049097329378128,,Random
"o ministro cometeu, entretanto, um erro grave que permitiu a bolsonaro reverter o apoio que mandetta tinha na cúpula militar que lhe dava sustentação. na entrevista de domingo (12/04) o ministro atacou aberta/e o presidente, o que foi percebido por como uma quebra da hierarquia.","Mandetta cavou a saída do Ministério, se foi erro, foi bem calculado, no ritmo da curva da Pandemia, sai enquanto a situação parece sob controle.",1,0.9933549165725708,0.0066451090388,,Random
"Acabo de ouvir do presidente Jair Bolsonaro o aviso da minha demissão do Ministério da Saúde.  Quero agradecer a oportunidade que me foi dada, de ser gerente do nosso SUS, de pôr de pé o projeto de melhoria da saúde dos brasileiros e","Seu eu fosse o Mandetta, divulgava o resultado do exame do Bolsonaro, só pra zoar...  #ForaBolsonaroUrgente #ForaBolsonaro #MandettaDEMITIDO",2,0.9287355542182922,0.0712644308805465,,Random
"Mandetta é do DEM, adorado por Maia, que acha que Guedes não é sério, e foi elogiado até por Haddad, o poste de Lula. Teich era o nome de Guedes desde o começo, não tem partido, nunca se candidatou a nada. Os ""liberais"" estão tristes com a troca por qual motivo exatamente?",Mandetta corrupto ficha suja.  Seguer ordem do nhonho.   Guedes ficha limpa e Patriota  #fora Maia,1,0.990925431251526,0.0090745342895388,,Random
"O elogio emocionado de Fernando Haddad a Henrique Mandetta foi a coisa mais bonita da novela viral desde o enlace entre João Dória e Lula da Silva. Se você não entendeu agora o enredo, não vai entender nunca mais.",Fatal,2,0.978196382522583,0.0218036472797393,,Random
"Sério, Mandetta foi elogiado por Hadadd? Então retiro todos os meus elogios!","O Mandetta pode até ser copetentezinho kk, o problema é a esquerda eles lambem o saco de qualquer um contra Bolsonaro. Se o Bolsonaro falar mal de si mesmo é capaz deles apoiarem kkkk",1,0.9723227024078368,0.0276772677898406,,Random
"Sério, minha mãe tá chorando pela saída do Mandetta ! Entendo plenamente",Q bom q vc entende,2,0.1189881339669227,0.8810118436813354,,Random
Fica em casa vozinha! Não ouça esses genocidas que só veem o lucro em detrimento da vida!   #BolsonaroGenicida  #BolsonaroVirus #ForaBolsonaro #ImpeachmentDoBolsonaro  #nelsonteich  #Mandetta,O QUE ESSE HOMEM DIZ?? NÃO MEDICAR IDOSOS?  -DEIXAR MORRER?,2,0.9127901196479796,0.0872098952531814,,Random
Mermão... o Coppolla lanchou o Mandetta sem cuspe e sem massagem... PQP,"Até o Mandetta foi demitido, mas o nosso auxílio não cai.",0,0.985828161239624,0.0141718601807951,,Random
"E difícil para parte da esquerda compreender que os mecanismos de civilização e barbárie são outros numa pandemia. Mandetta não era aliado político, mas alguém que minimamente queria minimizar a barbárie, esta que será produzida no povo trabalhador, pobre, periférico e preto.","mandetta demitido, agora sim o país vai ladeira abaixo na questão corona vírus",0,0.977329432964325,0.0226706117391586,,Random
eu não entendi o bolsonaro ter demitido o mandetta pq esse nelsom é mais rígido em relação a quarentena do q o mandetta,"#fiqueemcasa #acabou #bolsonarotemrazão #mandetta #humor #memes em Brasília, Brazil",0,0.9931446313858032,0.006855331826955,,Random
"De acordo com a nova Pesquisa do Atlas, Mandetta tem aprovação de quase 80% dos entrevistados. Diante desse número e se o presidente Lula não puder concorrer, vocês votariam em quem para presidente?","Aclamar o Mandetta é o mesmo que aclamarem o ator pornô, basta fazer qualquer coisinha que uma parte do povo Brasileiro ja o quer como presidente, hahaha!  Povo burro, foi assim com a Janaina, Deltan, Moro e até o Caiado, rsrs1",1,0.4567185342311859,0.5432814359664917,,Incerta
"""E o Mandetta, a linha dele, como médico, era voltada quase exclusivamente para a vida"" - Jair Bolsonaro, presidente do Brasil",E aí gado tão vendo quem vocês elegeram pra presidência???,2,0.4445191025733948,0.55548095703125,,Incerta
"Mandetta era um dos poucos desse governo que exaltava a CIÊNCIA, e foi justamente isso que fez Bolsonaro o demitir  Todos sabem que ele não acredita em ciência, é ignorante, não tem capacidade nem de entender os dados que chegam das secretarias de saúde.  É, estamos fodidos!","Meu Deus, nem sei como eu defendia o Bolsonaro, O BOLSONARO. Ele age como um adolescente mimado não aceitando que discorde dele. Sinceramente, Bolsonaro vá tomar no cu. Richard cego de 2018, pois vá também.",2,0.548509418964386,0.4514905512332916,,Incerta
"Em sua despedida, Mandetta defende a vida, o SUS e a ciência. Três palavras incompatíveis com o atual governo.",Se o PT defende o Mandetta já pode saber q algo de bom ele não tem,2,0.5119051933288574,0.4880948066711426,,Incerta
"“Isso cansa!”, diz Mandetta em entrevista à Veja. Na verdade, Cansados estamos nós de você. Pega a melancia, põe na cabeça e vai fazer show em outro lugar. #TchauQuerido",Gente... A Gabriela do Mandetta ficou sem teta...  #javaitarde manetta,1,0.5811751484870911,0.4188248217105865,,Incerta
"“O Brasil, quero deixar bem claro, não merece o que Rodrigo Maia está fazendo. O Brasil não merece a atuação dele na Câmara. Não é o Parlamento, é a atuação dele. Rodrigo Maia, péssima a sua atuação.” (Jair Bolsonaro, para desviar a atenção sobre a saída de Mandetta do governo)",O único defeito na atuação de Rodrigo Maia é ter arquivado a dezena de requerimentos de impeachment de Bolsonaro!,2,0.5299263596534729,0.4700736403465271,,Incerta
"Mandetta deixa como legado uma estrutura para que o Brasil possa – com governo federal, estados e municípios unidos – atender da melhor forma possível a sociedade brasileira, principalmente as pessoas que necessitam do SUS.","Mandetta deixou uma fila monstro em tratamento Ortopedico, câncer,transplante, geriatria, pediatria, etc porque Mandetta é um incapaz, na cabeça louca dele só havia virusChines enquanto 177mil pessoas morreram de problemas cardíacos, câncer, diaabetes #ForaMandeta",1,0.4309318661689758,0.5690681338310242,,Incerta
"Só lembrando que o Mandetta deve odiar muito o corona pq o vírus foi mais rápido e chegou pra destruir o SUS primeiro que ele.   Não dá pra ficar triste pelo ex-ministro, mas dá pra ficar triste por a gente mesmo que ta ainda mais fodido com o próximo.","esse negócio de bolsonaro demitir mandetta pra voltar às atividades no brasil não vai dar em nada, já que os governos estaduais foram autorizados a manterem o isolamento por conta própria ou seja vai se foder os estados que tem aliado de bolsonaro como chefe, boa sorte viu sul!!!",0,0.5504127144813538,0.4495873153209686,,Incerta
"""E o Mandetta, a linha dele, como médico, era voltada quase exclusivamente para a vida"" - Jair Bolsonaro, presidente do Brasil",Arbeit Macht Frei  O valor da vida é medido pelo lucro a ser explorado,2,0.5070027112960815,0.492997258901596,,Incerta
"O novo ministro da Saúde, “alinhadíssimo” c/ o presidente, dizia q a condução de  era perfeita. Teich defendia o isolamento social e não “pregava” cloroquina.  Por que mesmo o presidente trocou  , o ministro q tem mais de 70% de aprovação dos brasileiros?","Desde de quando se escolhe ministro pela aprovação do povo? Se assim fosse, deveríamos votar também para esses cargos... Mandetta se excedeu em algumas situações e o desgaste foi inevitável..vida que segue...",2,0.4002110660076141,0.5997889637947083,,Incerta
"Mandetta era um dos poucos desse governo que exaltava a CIÊNCIA, e foi justamente isso que fez Bolsonaro o demitir  Todos sabem que ele não acredita em ciência, é ignorante, não tem capacidade nem de entender os dados que chegam das secretarias de saúde.  É, estamos fodidos!",Falou o cara que votou no Haddad no segundo turno.,2,0.5881471633911133,0.4118528366088867,,Incerta
"Thread 1/16  Mandetta e Bill Gates: possível explicação para as atitudes do ministro?  Do site do Ministério da Saúde: Mandetta participou, em Outubro de 2019, de uma Reunião de produtores de vacinas, com membros da OMS, Unicef e da fundação de Bill Gates.",Já viu essa thread?,2,0.5496427416801453,0.4503572583198547,,Incerta
"Com a saída do Mandetta, você acha que o Bolsonaro vai nomear um(a) ministro(a) terraplanista ou a favor da ciência?",Quem tem QI entra neste governo?,2,0.423790842294693,0.5762091279029846,,Incerta
"Em sua despedida, Mandetta defende a vida, o SUS e a ciência. Três palavras incompatíveis com o atual governo.",Esse é o pau mandado. Era o laranja do chefão. Não nada no governo. Ferrou o Brasil.,2,0.4583726525306701,0.5416273474693298,,Incerta
"A maioria esmagadora dos brasileiros é contrária à demissão de Mandetta: 76,2% dos entrevistados discordam do afastamento do ministro da Saúde, segundo pesquisa realizada pelo Atlas Político. Vc concorda com o resultado da pesquisa?   via","Embora o Mandetta seja um canalha capitalista da saúde, ele estava fazendo o mínimo necessário no combate à #Covid_19, e isso num desgoverno #BolsonaroGenocida conta muito.",1,0.4112294316291809,0.5887705087661743,,Incerta
"Sem clubismo, na minha opinião, o #Mandetta só foi demitido pq tinha popularidade bem maior que o #Bolsanaro!!! E isso deixa os ditadores irritados.","Nossa! Justamente a minha opinião. O problema para mim é esse mesmo, ele tava preocupado com a popularidade do Mandetta. O discurso do outro foi totalmente alinhado com o presidente. Acho que Ministro da Saúde tem que se preocupar com a saúde, não com a economia. Sem clubismo!",1,0.5389230847358704,0.4610769748687744,,Incerta
"Datena falando mal do Mandetta sobre não ter cancelado o carnaval, ué mas não é o Presidente que tinha q mandar cancelar no Brasil todo?? Fazer a medição de quem chega de fora??? Aé isso só vale pra governador e ex ministro da saúde...","Mandetta rodou, vai entrar algum maluco que apoia redução de isolamento social, a gente vai começar a saturar sistema de saúde, quarentena vai até o fim do ano, corpos de mortos empilhados e o resto ceis já sabem....",0,0.5185377597808838,0.4814622104167938,,Incerta
"Mandetta, na despedida do Ministério da Saúde: ""Nada tem significado que não seja a defesa intransigente da vida, do SUS e da ciência. Fiquem nesses três pilares, porque eles alimentam tudo. A ciência é a luz, é o iluminismo. É através dela que nós vamos sair dessa"".","Acho ele um belo de um canalha, que falou bonito, mas só depois de forçar sua demissão no show da vida, garantindo assim a manutenção da sua aprovação popular. Mandetta chegou com a missão de acabar com SUS e foi surpreendido pela pandemia, apenas.",1,0.5258327126502991,0.4741673171520233,,Incerta
Você foi a favor do Presidente Jair Bolsonaro demitir o Ministro Mandetta?   Sim/não    #TchauMandetta,Sim.....com certeza.....,2,0.5028611421585083,0.4971388578414917,,Incerta
Morre um ministro. Nasce um candidato?,Está achando q a política é como antigamente? Mandetta ja foi  tarde.  E essa corja da esquerda tbm vai. Mônica merda na cabeça.,1,0.4259076118469238,0.5740923881530762,,Incerta
"A maioria esmagadora dos brasileiros é contrária à demissão de Mandetta: 76,2% dos entrevistados discordam do afastamento do ministro da Saúde, segundo pesquisa realizada pelo Atlas Político. Vc concorda com o resultado da pesquisa?   via",Já vai tarde!!!! Pesquisa fajuta.,2,0.4947250187397003,0.5052750110626221,,Incerta
E você acreditou?!,Kkkkkkkkkk... como medico o Mandetta é um ótimo polìtico.,1,0.5501776337623596,0.4498224258422851,,Incerta
"""E o Mandetta, a linha dele, como médico, era voltada quase exclusivamente para a vida"" - Jair Bolsonaro, presidente do Brasil","Atos falhos que revelam a verdade do inconsciente... ou seja, existe uma linha que deve ser voltada para a morte...",2,0.4962987601757049,0.5037012100219727,,Incerta
"Governador do Rio, diagnosticado com Covid-19, lamentou a demissão de Luiz Henrique Mandetta e disse esperar que Nelson Teich siga as orientações da OMS.",Vc não tem que esperar nada... Cuida do Rio De Janeiro que está a deriva... Os cariocas merecem um governador competente!,2,0.4682064354419708,0.5317935943603516,,Incerta
"Acabo de ouvir do presidente Jair Bolsonaro o aviso da minha demissão do Ministério da Saúde.  Quero agradecer a oportunidade que me foi dada, de ser gerente do nosso SUS, de pôr de pé o projeto de melhoria da saúde dos brasileiros e","É incrível mas, tá mais que provado o egocentrismo de Jair Messias Bolsonaro, vamos ver o sucessor ,de Mandetta,se vai ser um homem responsável por milhões de vida no cargo,ou se vai ser mais uma marionete na mão do governo,,ele gosta de gente assim,da pra ver ...",2,0.4064953625202179,0.5935046672821045,,Incerta
"""E o Mandetta, a linha dele, como médico, era voltada quase exclusivamente para a vida"", disse Bolsonaro",E ISSO NÃO É O QUE UM MÉDICO TEM QUE FAZER  SEU PAU NO CU,2,0.486908495426178,0.5130915641784668,,Incerta
"Mandetta é um dos maiores responsáveis pela tragédia que se abaterá sobre o Brasil, mas na memória popular ficará como o que estava segurando a crise, que explodirá no próximo mês. Pobre país onde herói é quem só faz o necessário para fugir do Tribunal Penal Internacional...","Leio muito bem, mas vc ataca a Mandetta por quê?",1,0.5562536120414734,0.4437463581562042,,Incerta
"De acordo com a nova Pesquisa do Atlas, Mandetta tem aprovação de quase 80% dos entrevistados. Diante desse número e se o presidente Lula não puder concorrer, vocês votariam em quem para presidente?","Tadinhos, acham que conseguirão emplacar o Mandetta!",1,0.5065265893936157,0.4934734404087066,,Incerta
Vc concordou com a demissão do ministro da saúde Mandetta? #por favor!,"Concordei nao, porém, mandetta foi quem acabou com médicos cubanos, votou teto da saúde...e é grande lobista da Unimed...né santo não. Tava acabando com SUS.",1,0.4752230942249298,0.5247768759727478,,Incerta
"inclusive é uma coisa que eu fiquei pensando: como estaríamos enfrentrando essa pandemia se o SUS tivesse sido privatizado, assim como defendia o querido Ministro da Saúde, Henrique Mandetta?",mandetta demitido kkkkk só ladeira abaixo tuc,0,0.4459197521209717,0.5540801882743835,,Incerta
"não concordava com todos os atos e ações, gestos e andadas do Mandetta, porque ele foi um dos grandes responsáveis pela redução de políticas de prevenção e tratamento do HIV/AIDS por exemplo, mas no quesito CORONA, ele estava alinhado com a OMS. nesta batalha, perdemos um aliado.","O mandetta era um podre, mas infelizmente era o único que fazia o mínimo . Em um governo desse o mínimo parece um milagre",1,0.5978050231933594,0.4021949768066406,,Incerta
"BOLSONARO DEMITIU MANDETTA -  Bolsonaro realiza seu ""projeto"" pessoal de demitir Mandetta, que priorizava a ciência em relação à crendice. Para o Brasil, nesse momento CRUCIAL da pandemia, isso é um verdadeiro DESASTRE !!!","Demitir Mandetta, que vinha fazendo um excelente trabalho, em plena Pandemia e com o país rumo ao pico do Covid-19 por mera vaidade e total falta de bom senso  é inadmissível!!! Basta! #ForaBolsonaro  #ImpeachmentBolsonaro Urgente",2,0.5687140226364136,0.431285947561264,,Incerta
"Acabo de ouvir do presidente Jair Bolsonaro o aviso da minha demissão do Ministério da Saúde.  Quero agradecer a oportunidade que me foi dada, de ser gerente do nosso SUS, de pôr de pé o projeto de melhoria da saúde dos brasileiros e","Anúncio oficial da demissão de Luiz Henrique Mandetta do cargo de ministro da Saúde, em meio a pandemia do coronavírus.",2,0.5320068001747131,0.4679931700229645,,Incerta
"Em sua despedida, Mandetta defende a vida, o SUS e a ciência. Três palavras incompatíveis com o atual governo.",Fã do Mandetta neh ladrao!,1,0.5953700542449951,0.4046299457550049,,Incerta
"‘Façam uma defesa do SUS, da vida e da ciência’, diz Mandetta () após demissão","O NÔVO MINISTRO É O OPÔSTO DE MANDETTA QUE SE COMPORTOU COMO MÉDICO E DEFENDEU A CIÊNCIA,O SUS E A VIDA.",2,0.5371498465538025,0.4628501236438751,,Incerta
"Sabe o que é pior? Se vier o Nelson Teich nem vai ter grande reorientação da condução da pandemia (o que é bom), mas vai ficar provado que o Bolsonaro só demitiu o Mandetta por achar que o Mandetta estava aparecendo mais que ele (o que é ridículo nessas alturas)",ngm vai parar esse cara?,2,0.4683278203010559,0.5316721796989441,,Incerta
Você concordou com a demissão do ministro Mandetta?,"Não só concordo,  como o que foi empossado mostrou muita competência e alinhamento.",2,0.5505463480949402,0.4494536519050598,,Incerta
"""E o Mandetta, a linha dele, como médico, era voltada quase exclusivamente para a vida"" - Jair Bolsonaro, presidente do Brasil",E era pra ser voltada pra onde então  #BolsonaroVirus,2,0.5496748685836792,0.4503251016139984,,Incerta
"Em sua despedida, Mandetta defende a vida, o SUS e a ciência. Três palavras incompatíveis com o atual governo.","""Em sua despedida, Mandetta defende a vida, o SUS e a ciência. Três palavras incompatíveis com o atual governo.""   Assim falou o cara que teve sua vida política enterrada quando foi  usado e abusado no papel de poste pelo cachaceiro presidiário.  Convida o Mutreta pra missa.",1,0.5759941935539246,0.4240058362483978,,Incerta
"""PSOL denuncia demissão de Mandetta à OMS e pede convocação de Teich""  Eu denunciaria o PSOL por abuso de poder. Tem que aniquilar esses ratos usando todo o potencial da lei.",Não deixem de assistir Dossiê MANDETTA &amp; BILL GATES &amp; OMS. Excelente trabalho KiM PAiM  by,1,0.452729195356369,0.5472707748413086,,Incerta
"Em sua despedida, Mandetta defende a vida, o SUS e a ciência. Três palavras incompatíveis com o atual governo.",Se esse verme foi contra a demissão do Mandetta é pq ele deveria ser demitido mesmo!  Segue...,2,0.5802263021469116,0.4197737574577331,,Incerta
"Acabo de ouvir do presidente Jair Bolsonaro o aviso da minha demissão do Ministério da Saúde.  Quero agradecer a oportunidade que me foi dada, de ser gerente do nosso SUS, de pôr de pé o projeto de melhoria da saúde dos brasileiros e",Incrivel como com tanto contra pela saúde o mandetta cai justamente pelas virtudes...,2,0.5297582745552063,0.4702417254447937,,Incerta
"""E o Mandetta, a linha dele, como médico, era voltada quase exclusivamente para a vida"" - Jair Bolsonaro, presidente do Brasil","Que erro, ne? Foi colocado somente pra desmontar o SUS e nao fez isso durante a pandemia. #ForaBolsonaro",2,0.5756434798240662,0.4243564903736114,,Incerta
"Analisando friamente, Mandetta foi perfeito no jogo político. O pico da epidemia, quando chegar em 2000 mortes por dia não vai ter sido com ele no cargo.Isso vai aumentar a pressão na decisão de Bolsonaro e ainda por cima vai ficar a impressão de que ""com Mandetta seria melhor..""","Quando na verdade vai explodir esse número com ou sem Mandetta (seria pior sem o bom trabalho dele mas enfim). E o pior que essa elevação do político Mandetta é culpa direta do personagem Bolsonaro, se ele não fosse um egolatra, Mandetta ia sair prestigiado mas não politicamente",1,0.5400974154472351,0.4599026143550873,,Incerta
"To com tanto medo agora que o Mandetta foi demitido. E se essa anta que entrar começar a barrar avanço de produção e pesquisa, importação de insumos pro covid",vai toma no cu o mandetta foi demitido bolsonaro morra imediatamente,0,0.4184000194072723,0.5815999507904053,,Incerta
"Inacreditável! Bolsonaro justificou a demissão de Mandetta porque ele teria uma linha de ""defender exclusivamente a vida"". O Brasil é governado por quem defende a morte.",Nenhuma surpresa desse coiso genocida!,2,0.5296870470046997,0.4703129231929779,,Incerta
"Bolsonaro diz que podem perguntar pq decidiu substituir Mandetta. Explica o presidente durante a posse do novo ministro da Saúde: diz que visão de Mandetta era da Saúde, da vida. A sua é, além da vida, a da economia, a do Paulo Guedes.","Paulo Guedes só pode é dar umas estocadas nele. É o ""deuso"" dele.",2,0.5494807362556458,0.4505192637443542,,Incerta
"Em sua despedida, Mandetta defende a vida, o SUS e a ciência. Três palavras incompatíveis com o atual governo.",Como você é mentirão tenho nojo de você seu chefinhos sucateou o país roubou muito construiu estádios e não hospitais deixou o povo na miséria . O Mandetta errou feio não alertou sob o carnaval que não deveria ter acontecido ele mesmo já falou que errou.Mandetta é político,1,0.5926759243011475,0.4073240756988525,,Incerta
"""E o Mandetta, a linha dele, como médico, era voltada quase exclusivamente para a vida"" - Jair Bolsonaro, presidente do Brasil","""linha voltada para a vida"" como medico quer voltada pra onde seu filho de uma puta arrombado",2,0.4702253639698028,0.5297746658325195,,Incerta
O grande problema da turma de centro-esquerda-isentões é que eles acham que conseguem enfraquecer o PR.  Ficam tentando jogar o povo contra e no final sempre perdem.  Em pouco tempo ninguém mais se lembrará quem foi o Mandetta. Esse perdeu a oportunidade de fazer história.,"É... o Mutretta, perdeu a oportunidade de entender que , o comunismo não funciona! #ImpeachmentDoDoria",2,0.4079901278018951,0.5920098423957825,,Incerta
"mandetta sucateou o atendimento do SUS para pessoas vivendo com HIV e AIDS.   mandetta defendia a privatização do sistema de saúde, promovendo as mortes de pessoas vulneráveis.  por que vocês estão lamentando a demissão de um neoliberalista genocida?",Não entendo o porque a esquerda lamenta a queda do Mandetta... Agora ele virou resistência?,0,0.153218388557434,0.8467816114425659,,Alta
Quem tá falando do Mandetta é tu. Eu só falei do Bolsonaro.,Tá certo. Quando se referiu aos “técnicos” você não estava se referindo ao Mandetta.,1,0.1493870317935943,0.8506129384040833,,Alta
"- Minha solidariedade ao cantor , que vem sendo injusta e covardemente atacado após a grande live que fez dentro de sua própria casa. Ele e outros artistas sertanejos e de demais gêneros, têm sido grandes heróis nessa luta contra a COVID19 e merecem aplausos!","Sabe quem mais merece aplauso? Mandetta que tava tentando te ensinar a colocar o respeito pelo povo antes do cargo, mas o senhor coloca o ego como uma criancinha mimada. Por favor melhore, .",2,0.1826939284801483,0.8173060417175293,,Alta
"Podem falar o que quiserem do Mandetta, mas o cara é um líder.","Politico, como um bom político e com uma boa formação, uma boa dicção, consegue ser um líder! 2022 ele vem quente só não sei se será para presidente!",2,0.1159327626228332,0.8840672373771667,,Alta
"Se tu votou em um burro em 2018, o Mandetta não é tão ruim não.","Mandetta é pau mandado do Nhonho, o Botafogo da lista da Odebrecht.   Por aí vc já tira....",1,0.1811690330505371,0.8188309669494629,,Alta
"Teich é o Mercado da Saúde em estado puro. Se mandetta era pró-mercado mas tinha sido Sec de Saúde, deputado, etc (ou seja, do ramo), ele é só Mercado, e agora comanda o SUS. Vai pegar um sistema que não conhece prestes a colapsar. O fio de esperança está no pacto federativo.",agora mais do q nunca cabe a todo mundo defender o SUS acima tudo!,2,0.1119959503412246,0.8880040049552917,,Alta
"O mais engraçado, é que a maioria do gado que tava pedindo a saída do Mandetta são idosos, hoje o substituto diz idoso não merece vaga em UTI.  A Terra Plana também gira e vacilão roda!","hahahaha , gira e muito rápido, e como é um disco, tá jogando a velharada boçal pra fora da pista... acho que bozz vai ter uma forte queda em sua base eleitoral, no que depender do SINISTRO da saúde, pelo menos.",2,0.1183836534619331,0.8816163539886475,,Alta
"Acabo de ouvir do presidente Jair Bolsonaro o aviso da minha demissão do Ministério da Saúde.  Quero agradecer a oportunidade que me foi dada, de ser gerente do nosso SUS, de pôr de pé o projeto de melhoria da saúde dos brasileiros e","eu imaginei tudo de ruim nesse governo, mas nem nos meus piores pesadelos eu pensei que fosse LAMENTAR a demissão de um cara como o MANDETTA",2,0.1330034881830215,0.8669964671134949,,Alta
"Mandetta, esta mensagem é para o primo e não para o Ministro: para quem é punido por suas virtudes e não pelos defeitos, não se deixe abater com a demissão, pois ser demitido deste governo é ser absolvido pela História. Cabeça erguida, primo ! Te amo !","Mandetta, vc foi o cara, de longe, a melhor pessoa do governo das trevas, o único que não cedeu ao ódio da ciência e a falta de irracionalidade!   Que bom que preferiu seguir a missão de erguer templos a virtude e de cavar masmorras aos vícios. Que Deus o ilumine intensamente.",1,0.1575406193733215,0.8424593806266785,,Alta
"A maioria esmagadora dos brasileiros é contrária à demissão de Mandetta: 76,2% dos entrevistados discordam do afastamento do ministro da Saúde, segundo pesquisa realizada pelo Atlas Político. Vc concorda com o resultado da pesquisa?   via",ONDE VCS FIZERAM ESSA PESQUISA  AHH E LEMBRANDO QUE#ForaMandetta,2,0.1120888739824295,0.8879111409187317,,Alta
"De acordo com a nova Pesquisa do Atlas, Mandetta tem aprovação de quase 80% dos entrevistados. Diante desse número e se o presidente Lula não puder concorrer, vocês votariam em quem para presidente?",E eu posto a pesquisa da favela:,2,0.1491659283638,0.8508340716362,,Alta
"Mandetta era um dos poucos desse governo que exaltava a CIÊNCIA, e foi justamente isso que fez Bolsonaro o demitir  Todos sabem que ele não acredita em ciência, é ignorante, não tem capacidade nem de entender os dados que chegam das secretarias de saúde.  É, estamos fodidos!",Você sabe de tudo né?,2,0.1405883431434631,0.8594116568565369,,Alta
"""E o Mandetta, a linha dele, como médico, era voltada quase exclusivamente para a vida"" - Jair Bolsonaro, presidente do Brasil","O problema do Mandetta era priorizar vidas. Bozo, você é asqueroso.",2,0.1436397284269333,0.8563602566719055,,Alta
Mandetta sai do Ministério da Saúde um gigante. Sempre com foco em salvar vidas e na ciência. #ObrigadoMandetta,"Que triste a sua saída, bem como o povo ficar  venerando políticos, ao invés de reconhecer o trabalho das pessoas que tentam fazer algo de bom para o país! As falhas são inevitáveis! Ninguém é perfeito. E como disse o próprio Mandetta ""ninguém é dono da verdade""!!",1,0.1773533523082733,0.8226466774940491,,Alta
"""E o Mandetta, a linha dele, como médico, era voltada quase exclusivamente para a vida"", disse Bolsonaro","De onde já se viu mesmo, um médico pensando na vida. Que absurdo",2,0.1158745810389518,0.8841253519058228,,Alta
"""E o Mandetta, a linha dele, como médico, era voltada quase exclusivamente para a vida"", disse Bolsonaro",aí pra um médico e ser humano fica realmente complicado! onde já se viu? eu n sei aonde vamos parar...,2,0.1235420703887939,0.876457929611206,,Alta
"De acordo com a nova Pesquisa do Atlas, Mandetta tem aprovação de quase 80% dos entrevistados. Diante desse número e se o presidente Lula não puder concorrer, vocês votariam em quem para presidente?","Ué, Mandetta não tinha 80% de aprovação??? Kkkkkkkkkk    #ForaMaia #auxilioemergencialaprovado  Doria e stf",2,0.1265868097543716,0.8734132051467896,,Alta
Estamos enfrentando o corona e o #BolsonaroVirus. Diante da demissão do Mandetta eu reafirmo: Bolsonaro tem que responder por crime contra a humanidade.,E vcs vão responder por qual crime? Bando de corruptos safados.,2,0.1490198969841003,0.8509801030158997,,Alta
"""E o Mandetta, a linha dele, como médico, era voltada quase exclusivamente para a vida"", disse Bolsonaro",Onde já se viu né ? Um médico preocupado só com a vida  Acho que sem querer o Mendeta ganhou o maior atestado de idoneidade que um médico pode ganhar rs,2,0.1340782642364502,0.8659217357635498,,Alta
"Em sua despedida, Mandetta defende a vida, o SUS e a ciência. Três palavras incompatíveis com o atual governo.",Falou a turma que desviou 212 bilhões da saúde.,2,0.1652379482984542,0.8347620368003845,,Alta
"""E o Mandetta, a linha dele, como médico, era voltada quase exclusivamente para a vida"" - Jair Bolsonaro, presidente do Brasil",Talvez ele se importava pq ele era ministro da SAÚDE seu filha da puta,2,0.1633361577987671,0.8366639018058777,,Alta
"""E o Mandetta, a linha dele, como médico, era voltada quase exclusivamente para a vida"", disse Bolsonaro","Aí é foda, seu Mandetta! Médico querendo salvar vida no meio de uma pandemia...",2,0.1774511188268661,0.8225489258766174,,Alta
Como brasileiro agradeço o ministro Mandetta por sua atuação firme na Saúde. Por ter desempenhado seu papel ancorado na ciência e nas evidências. Compartilho do sentimento de milhões de cidadãos dizendo muito obrigado por reconhecer seu bom senso e  dedicação.,Ai Luciano.... vc sempre apoiando ladroes e sugadores do dinheiro publico. Isso mostra seu carater. Procura sobre o mandetta no Google. Escandalo GISA NO MS. ROUBOU MILHOES ESSE CANALHA.,1,0.1635384708642959,0.83646160364151,,Alta
Demissão de Mandetta é rejeitada por 76% dos brasileiros,"Oi, você se enganou ao digitar o título da sua matéria. Corrige aí, por gentileza: ""76% dos brasileiros questionam por que Mandetta ainda não foi demitido.""",1,0.1862242966890335,0.8137756586074829,,Alta
"Demissão do ministro da Saúde em má hora. Ele estava na linha de frente da batalha pela vida. A economia conta, mas manter ou não a quarentena é decisão médica.O povo verá arrogância na demissão e não competência. O custo político se medirá pelo de mortes.Tomara não aumentem.","Teu PSDB mergulhado na lama e quebrando o estado de  SPaulo! vá cuidar do Dória, cria política das piores nos últimos anos! Mandetta estava errado sim! Estava sendo político qdo deveria só cuidar da saúde! Basta! Vcs trocaram muitos ministros!  Cale-se!",2,0.1594602614641189,0.8405397534370422,,Alta
Comunidade médica teme que queda de Mandetta afrouxe isolamento social,Manda o pessoal com problemas no CPF ir reclamar do recebimento do auxílio na casa dele.,2,0.9588388800621032,0.0411610826849937,,Random
"MANDETTA, agora que está em casa, veja este vídeo e depois manda para o Dória.","Min  essas são as mascaras que o Sr está mandando para os Estados? Ou apenas quer engordar os cofres da  Comunista que quer a todo custo exterminar a população... Ministro o Sr é um grande exterminador, as mortes estão creditadas na sua conta e aliados.",2,0.8944979310035706,0.1055020466446876,,Random
"""E o Mandetta, a linha dele, como médico, era voltada quase exclusivamente para a vida"", disse Bolsonaro",Imagine que absurdo um ministro da saúde se preocupar com a vida. Tinha que cair.,2,0.0721426829695701,0.9278573393821716,,Random
"Mandetta, seguindo as recomendações da OMS, da China que já passou pelo pico, do que 99% dos países tem feito. Apresentando com dados técnicos e de acordo com a ciência. E aínda tem gente q fala q ele foi político e por isso merecia sair. O mundo inteiro conspira contra bolsonaro","Após demissão de Mandetta, Witzel afirma que Bolsonaro escolheu a política. O governador também parabenizou o ex-ministro pelo que chamou de belo trabalho à frente do Ministério da Saúde. #Política #BandNewsFM",0,0.9405950903892516,0.0594049170613288,,Random
"Após tirar Mandetta, Bolsonaro abre crise com ataque a Maia e governadores",Um doente! Este precisa sempre fabricar um inimigo!!,2,0.9817835688591005,0.0182164777070283,,Random
ainda não consigo acreditar que o Mandetta saiu antes da Ivy,Eu fico puta com uma coisa dessa,2,0.8296294212341309,0.1703706085681915,,Random
URGENTE: Bolsonaro exonera Mandetta do Ministério da Saúde,"Graças a Deus, o Brasil vai tomar o rumo da paz e da harmonia, sem que coalizacões de politica esquerdista, adotada por Mandetta venham na contra mão do que o Presidente, eleito por quase 58 milhões de brasileiros desejam para o Brasil. A saúde, controlada sem conflitos.",2,0.9862387776374816,0.0137611646205186,,Random
"Bolsonaro demitiu Mandetta por ciúme, inveja e cálculo eleitoral e não foi divórcio consensual coisa nenhuma, mas meras ignorância,  irresponsabilidade, desumanidade e culto à morte, por fazê-lo em pleno pico da pandemia.",Olha aí seu santo Mandetta.,1,0.9126188158988952,0.0873811617493629,,Random
Bolsonaro faz pronunciamento após demitir Mandetta + Discurso do novo Ministro da Saúde,"Até o céu ta chorando com a demissão do mandetta, que Deus nos proteja pq o governo quer ver é a gente morto",0,0.993528425693512,0.0064715757034718,,Random
"""Mandetta deixou o ministério cantando"", publicou Lauro Jardim.  Mas o que me chamou atenção foi o seguinte:  Aglomeração dentro do MINISTÉRIO DA SAÚDE?  Você encontra cuidados sanitários e medidas de proteção no vídeo publicado?","#ForaMaia vagabundo o isolamento só serve pro povo , pra esses vagabundos não !",2,0.9352702498435974,0.0647297874093055,,Random
Quem era Mandetta antes de virar Ministro da Saúde? O que fez no ministério no período anterior à epidemia?,"Com todo o respeito, admiração e amor, que tenho pelo meu Presidente  , gostaria de lhe fazer a pergunta de 1 milhão de dólares: de quem foi a ideia de nomear Mandetta???? Valendo...",1,0.9753657579421996,0.0246342048048973,,Random
"AÍ MANDETTA, LIBERA OS RESULTADOS DOS EXAMES DO BOZO SÓ DE ZUA... CAI ATIRANDO, COWBOY!!!!!!!!!!!!!!!!!!!!!!!!!!!!",Se ele fizer isso capaz de aparecer morto 1 semana depois rs,2,0.911577045917511,0.0884229987859726,,Random
É isso! Termina aqui a passagem de Luiz Henrique Mandetta a frente do ministério da Saúde.  Demissão ocorre por divergências com o presidente Bolsonaro no enfrentamento ao coronavírus.   Brasil é o único país que trocou seu ministro/secretário da saúde no meio da pandemia.,Precisa mesmo enaltecer o Mandetta pra atacar as merdas do Bolsonaro???,0,0.9665558934211732,0.0334441028535366,,Random
"A demissão do Mandetta é por motivos claros, ele defendia a  ciência, o SUS e o isolamento social pra combater o vírus. Já Bolsonaro só defende o vírus mesmo. #BolsonaroVirus",eu queria conhecer uma juventude menos socialista,2,0.9063433408737184,0.0936566740274429,,Random
Você foi a favor do Presidente Jair Bolsonaro demitir o Ministro Mandetta?   Sim/não    #TchauMandetta,"Ele tem a responsabilidade de administrar e escolher o que é melhor, mas por mim ele demorou muito.",2,0.9867975115776062,0.0132025042548775,,Random
"Em tempo: o novo ministro da Saúde, Nelson Teich, citou o SUS uma única vez em seu primeiro pronunciamento. E isso quando abordava sua estratégia sobre testes nos pacientes. Mais um ponto para o agora ex-ministro Mandetta, que valorizou o Sistema Único de Saúde do início ao fim","Se vai pegar pela forma, melhor deixar a economia e ser professor de Português.",2,0.9562515616416932,0.0437483750283718,,Random
Você foi a favor do Presidente Jair Bolsonaro demitir o Ministro Mandetta?   Sim/não    #TchauMandetta,Sim.... Mandetta lixo do DEM.,1,0.9652363061904908,0.0347637385129928,,Random
"Parecer do MPF encaminhada à Justiça Federal, aponta que Mandetta desviou dinheiro público","Tomara que seja preso, ele e os governadores que aproveitaram o momento pra roubar.",2,0.9873288869857788,0.0126711465418338,,Random
"A demissao de Mandetta é a pá de cal no caixão político do Bolsonaro. Nem mesmo mais asno dos estrategistas políticos tomaria esse caminho.  Obviamente, Bolsonaro e seus consultores (provavlemente os filhos destemperados) acreditam q o custo disso se dissolverá no tempo.",No mesmo dia:  - Bolsonaro demite Mandetta - Prefeitos de várias cidades recebem carta do Exército perguntando a capacidade dos cemitérios - Bolsonaro manda reabrir as escolas - Prefeito de Teresópolis fala que tem que começar a reabrir o comércio,0,0.9934420585632324,0.0065579088404774,,Random
"Fora Bolsonaro, fora - gritos das janelas em Higienópolis, SP, depois da demissão de Mandetta.",Falou a fiscal de curtidas do Mandetta.,1,0.9881780743598938,0.0118219191208481,,Random
"Em sua despedida, Mandetta defende a vida, o SUS e a ciência. Três palavras incompatíveis com o atual governo.",O próximo é pior. Mas onde além do discurso o Mandetta fez alguma coisa? Nem EPIs conseguiram comprar. Estamos fodidos. Perto do Bolsonaro até o Dória tá parecendo razoável.,1,0.7984020709991455,0.2015978544950485,,Random
URGENTE: Bolsonaro demite Mandetta do Ministério da Saúde; oncologista Nelson Teich vai assumir o cargo,gente mas é uma anta msm,2,0.9886273741722108,0.0113726239651441,,Random
"Bolsonaro, discursa após demitir Mandetta. Nem permitiu q o ex-ministro se despedisse de sua equipe, atropelando-o, mais uma vez. Diz q foi um ""divórcio consensual"" e tomou essa decisão para evitar o colapso da economia. Bem, agora teremos o colapso da saúde. #ObrigadoMandetta","O Brasil está livre de um dos seus piores pesadelos! Finalmente, Mandetta está fora!",0,0.989664614200592,0.0103354472666978,,Random
"Em sua despedida, Mandetta defende a vida, o SUS e a ciência. Três palavras incompatíveis com o atual governo.",É por essas coisas que a esquerda vai continuar perdendo várias eleições... Mandetta defensor do SUS??????????????,2,0.2905274331569671,0.7094725966453552,,Random
"Em sua despedida, Mandetta defende a vida, o SUS e a ciência. Três palavras incompatíveis com o atual governo.",O PT é uma piada,2,0.8907511234283447,0.1092488691210746,,Random
