tweet_1,tweet_2,Class,P(NoConflict),P(Conflict),Conflict
Bolsonaro finalmente conseguiu forçar o Min. da Saúde a emitir protocolo que libera o uso em massa da cloroquina. Os pacientes terão que assinar um termo assumindo que o remédio não tem eficácia e que pode até matar. É um atentado contra a saúde pública e a vida dos brasileiros.,"Espero que vc é tds a sua volta fiquem a salvo do vírus chinês,e não necessitem da cloroquina",1,0.0232907645404338,0.976709246635437,1
"- Ainda não existe comprovação científica, mas sendo monitorada e usada no Brasil e no mundo. Contudo, estamos em Guerra: “Pior do que ser derrotado é a vergonha de não ter lutado.”  - Deus abençoe o nosso Brasil.","Fez um inferno pra liberar esse caralho de medicamento  aí agora que libera, muda de discurso o arrombado !",2,0.0284276697784662,0.9715723395347596,1
Bolsonaro finalmente conseguiu forçar o Min. da Saúde a emitir protocolo que libera o uso em massa da cloroquina. Os pacientes terão que assinar um termo assumindo que o remédio não tem eficácia e que pode até matar. É um atentado contra a saúde pública e a vida dos brasileiros.,"Queria ver essa anta dessa Sâmia, fudida no hospital, na UTI entubada, se ela não tomaria cloroquina. HIPÓCRITA DO CARALHO!!!",1,0.0296727772802114,0.9703272581100464,1
"- Ainda não existe comprovação científica, mas sendo monitorada e usada no Brasil e no mundo. Contudo, estamos em Guerra: “Pior do que ser derrotado é a vergonha de não ter lutado.”  - Deus abençoe o nosso Brasil.","vc é uma criança mimada e pirracenta. desleixado, não possui o mínimo de capacidade de governar uma nação inteira. “sem comprovação científica”, a resposta pro seu delírio de cloroquina está na sua própria sentença. vergonhoso.",1,0.0304307006299495,0.9695693254470824,1
"- Ainda não existe comprovação científica, mas sendo monitorada e usada no Brasil e no mundo. Contudo, estamos em Guerra: “Pior do que ser derrotado é a vergonha de não ter lutado.”  - Deus abençoe o nosso Brasil.","""Não existe comprovação científica"" Porra presida c vai meter essa mesmo? Comer terra e tomar essa merda nesse momento da na mesma. Se nao existe comprovação por q caralhos c ta falando disso seu arrombado??????",2,0.0305267330259084,0.9694733023643494,1
Bolsonaro finalmente conseguiu forçar o Min. da Saúde a emitir protocolo que libera o uso em massa da cloroquina. Os pacientes terão que assinar um termo assumindo que o remédio não tem eficácia e que pode até matar. É um atentado contra a saúde pública e a vida dos brasileiros.,É só não tomar... Todo este discurso murcha quando o vírus Chinês pega o indivíduo lacrador... Estes são os primeiros a querer tomar a Cloroquina...,1,0.0309326462447643,0.9690672755241394,1
"Quer dar placebo pro povo? Dê, não tem problema. Mas não faça parecer que essa é a melhor medida para conter a epidemia. Precisamos de isolamento, testes, valorização da ciência e, mais importante, um LÍDER que dê bons exemplos. O placebo não vai mascarar a tua incompetência.",Ta ligado que o Curitiba é uma das cidades com melhor resultado no combate ao COVID? E tb que usa a cloroquina a um mês e meio?,1,0.03204832598567,0.9679516553878784,1
"- Ainda não existe comprovação científica, mas sendo monitorada e usada no Brasil e no mundo. Contudo, estamos em Guerra: “Pior do que ser derrotado é a vergonha de não ter lutado.”  - Deus abençoe o nosso Brasil.",foco no “não existe comprovação científica”,2,0.0335379019379615,0.9664621353149414,1
"- Ainda não existe comprovação científica, mas sendo monitorada e usada no Brasil e no mundo. Contudo, estamos em Guerra: “Pior do que ser derrotado é a vergonha de não ter lutado.”  - Deus abençoe o nosso Brasil.","Presta atenção no ""NÃO EXISTE  COMPROVAÇÃO CIENTÍFICA""... esse é o tuite",2,0.0339680537581443,0.9660319685935974,1
Bolsonaro finalmente conseguiu forçar o Min. da Saúde a emitir protocolo que libera o uso em massa da cloroquina. Os pacientes terão que assinar um termo assumindo que o remédio não tem eficácia e que pode até matar. É um atentado contra a saúde pública e a vida dos brasileiros.,"A cloroquina existe desde 1955.2 meses atrás era vendida sem receita médica,foi usada por grávidas no combate ao zica virus, distribuída gratuitamente na Índia, Itália,usada no tratamento precoce na França,Japão,Rússia, Argentina, Venezuela, entre outros.Não use se não quiser,ok?",1,0.0345703475177288,0.9654297232627868,1
"- Ainda não existe comprovação científica, mas sendo monitorada e usada no Brasil e no mundo. Contudo, estamos em Guerra: “Pior do que ser derrotado é a vergonha de não ter lutado.”  - Deus abençoe o nosso Brasil.",Kkk como pode (não tem comprovação)e ridículo tem que ser fiscalizada essa compra de cloroquina aí tem coisa,1,0.0349240973591804,0.9650759696960448,1
Bolsonaro finalmente conseguiu forçar o Min. da Saúde a emitir protocolo que libera o uso em massa da cloroquina. Os pacientes terão que assinar um termo assumindo que o remédio não tem eficácia e que pode até matar. É um atentado contra a saúde pública e a vida dos brasileiros.,Só em tu ser contra isso mostra que a cloroquina é boa.,1,0.0362991914153099,0.963700830936432,1
"- Ainda não existe comprovação científica, mas sendo monitorada e usada no Brasil e no mundo. Contudo, estamos em Guerra: “Pior do que ser derrotado é a vergonha de não ter lutado.”  - Deus abençoe o nosso Brasil.","...quando se fala em saúde todo e qualquer protocolo de assistência implementado deve ser baseado em evidências científicas, e hj as evidências apontam que não há nenhum benefício no uso da cloroquina. Não se refuta ciência com achismo.",1,0.0363451652228832,0.96365487575531,1
"hahaha.  Amigo, meus parentes são médicos. Não seguidores de olavo de carvalho. Estudaram. NUNCA RECEITARAM OU RECEITARIAM CLOROQUINA. Simplesmente pq não há evidências de que funciona. Aliás, tome xixi. Tb não há evidências de que funciona, mas é menos perigoso. Abs.","Seguidor de Olavo? Cara, você tá louco!  Já partiu para ignorância e falta de educação várias vezes!  Até agora não tem evidência para cloroquina, anticoagulante, vermicida... nada! Mas deve estar disponível, caso o médico queira usar! Deixa a pessoa morrer então? PUTZ!",1,0.0428332574665546,0.9571666717529296,1
"- Ainda não existe comprovação científica, mas sendo monitorada e usada no Brasil e no mundo. Contudo, estamos em Guerra: “Pior do que ser derrotado é a vergonha de não ter lutado.”  - Deus abençoe o nosso Brasil.","O pior é estar em guerra e mandar um soldado na linha de frente com bala de festim, e dizer a ele que tem que lutar. Isso é um crime! A cloroquina está sendo a bala de festim!",1,0.0436681061983108,0.9563319087028505,1
Bolsonaro finalmente conseguiu forçar o Min. da Saúde a emitir protocolo que libera o uso em massa da cloroquina. Os pacientes terão que assinar um termo assumindo que o remédio não tem eficácia e que pode até matar. É um atentado contra a saúde pública e a vida dos brasileiros.,Quem for de direita toma cloroquina quem for de esquerda toma tubaína,1,0.0487832427024841,0.9512166976928712,1
"Bolsonaro queria mudar a bula do remédio, não deixaram. O tal protocolo é ctrl C + ctrl V do parecer do CFM. Uso off label é com os médicos. O resto é narrativa.",Narrativa imunda é o que vcs fazem nesse jornaleco lixo de vocês. Cloroquina funciona sim ! e efeito colateral até água tem ! toma 20 litros pra tu ver !,1,0.0492326989769935,0.95076721906662,1
"Apresentei um projeto de decreto legislativo p/ sustar o novo protocolo do  que recomenda uso precoce da cloroquina em pacientes com #Covid19, enqto não houver estudos científicos que comprovem sua eficácia. O presidente não deveria fazer uso político de algo tão sério.","O Sr. não tem vergonha de politizar algo tão sério, quando sabemos que todo e qualquer medicamento tem pros é contra?  Se por acaso vc for acometido pela covid-19 prefere a morte ou como o seu médico David Uip iracprescrevet Cloroquina a vc mesmo? Hipocrisia também mata Serra !",1,0.0498599894344806,0.9501400589942932,1
"- Ainda não existe comprovação científica, mas sendo monitorada e usada no Brasil e no mundo. Contudo, estamos em Guerra: “Pior do que ser derrotado é a vergonha de não ter lutado.”  - Deus abençoe o nosso Brasil.","AINDA NÃO EXISTE COMPROVAÇÃO CIENTÍFICA, MAS AINDA NÃO EXISTE COMPROVAÇÃO CIENTÍFICA, MAS AINDA NÃO EXISTE COMPROVAÇÃO CIENTÍFICA, MAS AINDA NÃO EXISTE COMPROVAÇÃO CIENTÍFICA, MAS AINDA NÃO EXISTE COMPROVAÇÃO CIENTÍFICA, MAS AINDA NÃO EXISTE COMPROVAÇÃO CIENTÍFICA, MAS",2,0.0528109706938266,0.9471890330314636,1
"Apresentei um projeto de decreto legislativo p/ sustar o novo protocolo do  que recomenda uso precoce da cloroquina em pacientes com #Covid19, enqto não houver estudos científicos que comprovem sua eficácia. O presidente não deveria fazer uso político de algo tão sério.","Vc é um lixo!! Quem faz uso político da cloroquina é vc e seus amigos abutres. Quem não quise usar cloroquina, é muito simples, não usa! #PSDBNuncamais",1,0.0532845482230186,0.9467154741287231,1
"O governo de Bolsonaro não só está comprando matéria-prima para a produção de um medicamento que não é eficaz, como está pagando caro por isso. E quem paga a conta é o Brasil","tem que ver isso aí!!   façam a CPMI da Cloroquina, uma medicação INEFICAZ para COVID 19, com grande potencial de letalidade na dose “recomendada” pelo  e ainda mais gastando milhões, melhor seria usar no estudo da vacina.",1,0.0536308288574218,0.946369171142578,0
"Vc não pode gastar o que não tem, sabe que o debate tá perdido e prefere sacrificar doentes a admitir que a cloroquina cura o vírus da china. Vc não decide nem a sua vontade teleguiada, mas quer decidir pela vida dos outros.  Burro é você que não tem autonomia de pensamento.",Ou que sigo a ciência. Por mim você pode tomar cloroquina até em casa kkkkk vai fazer um favor ao mundo kkkkkk aproveita e toma bastante,1,0.055577527731657,0.944422483444214,1
Não há comprovação científica da eficácia da cloroquina.  Quem disse isso? Bolsonaro.  O mesmo Bolsonaro que só liberou novo protocolo sobre o uso em pacientes com quadro leves APÓS editar MP que o isenta de responsabilidade.  Isso é fazer cálculo político com VIDAS!,"Quanta cloroquina foi produzida pelo governo? Pq o desespero em enviar esse remédio para a população, sendo que nem efeito comprovado tem?",1,0.0568238161504268,0.9431761503219604,0
"É claro que a mortalidade vai ser maior, evidente. Aí o cara diz que é por causa da cloroquina. Outro tava fazendo uma live falando dos tratamentos pro Covid e dizendo que a única coisa que os médicos podiam oferecer com segurança eram medidas de suporte (intubação)",Eu tô completamente desgraçado da cabeça diante desse trauma que passei durante esses dias. Não sei o que pensar sobre a medicina do ocidente. Fora os outros que ainda acham que só o Brasil fala em Cloroquina e não sabem que o mundo inteiro tá usando,1,0.0699587389826774,0.9300413131713868,0
"Segundo a pesquisa XP-Ibespe, apenas 7% da população é contra o isolamento social.","Se só 7% é contra, porque os 83% que é a favor não fica em casa? Éramos então pra estar vivendo num lockdowm voluntário há dois meses. Né? #covid #lockdown #CLOROQUINA",2,0.0790227577090263,0.9209772348403932,0
"Minha querida, isso que você fala não corresponde à realidade. Até porque os únicos lugares nos quais a cloroquina enfrenta resistência absurda para ser utilizada são Brasil e EUA. Então, peço que cite as fontes, pois duvido que sejam confiáveis.","Se vc prefere acreditar num paraquedista ao invés da grande maioria dos médicos, vai lá na farmácia e enche o bucho de cloroquina, campeão.",1,0.0806457623839378,0.9193542003631592,1
"Apresentei um projeto de decreto legislativo p/ sustar o novo protocolo do  que recomenda uso precoce da cloroquina em pacientes com #Covid19, enqto não houver estudos científicos que comprovem sua eficácia. O presidente não deveria fazer uso político de algo tão sério.","Vagabundo dia inferno , daí quando vc pegar a doença vai enche o rabo de cloroquina escondido né . Seu verme",1,0.0812519192695617,0.9187480807304382,1
"“Redução dos glóbulos brancos, disfunção do fígado, disfunção cardíaca e arritmias”","Deixa de frescura fresco! Se na realidade fosse assim, aqui no Amazonas teríamos uma população de anêmicos,com leucemia... Porque para malária se toma a Cloroquina q é mais forte d que o Hidróxido d Cloroquina! E se toma várias vezes no ano se tem várias vezes malária!",1,0.0822623670101165,0.917737603187561,1
"- Ainda não existe comprovação científica, mas sendo monitorada e usada no Brasil e no mundo. Contudo, estamos em Guerra: “Pior do que ser derrotado é a vergonha de não ter lutado.”  - Deus abençoe o nosso Brasil.","É isso... ""Nossa nação, Vai lutar o tempo inteiro... Sou fuzileiro, Sou fuzileiro... Mídia, senado, O congresso e o supremo... São desordeiros,  São desordeiros...",2,0.0868290737271308,0.9131709337234496,0
"- Ainda não existe comprovação científica, mas sendo monitorada e usada no Brasil e no mundo. Contudo, estamos em Guerra: “Pior do que ser derrotado é a vergonha de não ter lutado.”  - Deus abençoe o nosso Brasil.",E   o Sr tbm PR,2,0.0985209345817565,0.9014790654182434,0
"Teste de robôs. Tome cloroquina e antipulgas para morrer, pq não adianta. Teste finalizado.",Vcs ficam aí querendo que a gente acredite em efeito de Cloroquina mas não deixam acreditar em paz em universo paralelo na Antártida e ets de Magé. Mundo chato do kct,0,0.0990772992372512,0.9009226560592652,0
"Perdão amigo, mas vou te falar dos únicos caso de Covid-19 próximos: 2 vizinhos e são um casal de enfermeiros do Einstein e AMBOS usaram a Cloroquina. Estão recuperados  Segundo: indiscriminado??? É um protocolo de tratamento com autorização médica e do paciente. Não seja assim","Lembrando que maioria dos casos de COVID se cura por conta, com ou sem Cloroquina. Falo indiscriminado porque ao mesmo tempo que o governo quer adotar o uso massivo quer passar uma PL para se eximir da responsabilidade. Aliás, pergunta se eles tomaram só cloroquina.",1,0.1049808114767074,0.8950192332267761,1
"- Ainda não existe comprovação científica, mas sendo monitorada e usada no Brasil e no mundo. Contudo, estamos em Guerra: “Pior do que ser derrotado é a vergonha de não ter lutado.”  - Deus abençoe o nosso Brasil.","Mais vale uma cloroquina na barriga (mesmo que seja um placebo) e aumentar a minha FÉ na recuperação, do que ver uma cloroquina na vitrine e ter minha FÉ abalada.",1,0.1091445311903953,0.8908554911613464,0
porque então a maioria dos protocolos utilizam a hydroxicloroquina ao invez da cloroquina que é bem mais forte como sabemos? sendo que a dose diaria de HCQ é 400mg.,"Porque o Difosfato de Cloroquina é diferente de Cloroquina Base, que não tinham detalhado no primeiro protocolo, já atualizaram para ficar mais explícito",1,0.110497772693634,0.889502227306366,0
Nelson Teich pediu demissão porque é médico. Assim como Mandetta.Médicos fazem juramento quando se formam. Prometem praticar a medicina com honestidade. E honestamente não há provas científicas de que a cloroquina cure a covid-19. Esta é a verdade acima das narrativas políticas.,"Facil de entender... Nao ha provas cientificas q a cloroquina cure. Isso é o q ta escrito. E ministro da saude nao pode dizer q cura como o Bolsonaro quer! Nao pode aconselhar a população. Quem quiser que tome, mas é risco de quem tomar...",1,0.1129051148891449,0.8870949149131775,0
"No dia em que o Brasil ultrapassou a marca de mil mortos em 24 horas, o presidente da República brinca com  a cloroquina/tubaína. Gargalhada numa hora destas?","Não é que Jair Bolsonaro seja a pior pessoa possível para ser presidente do Brasil. É que ele é forte candidato a ser a pior pessoa do Brasil. Ponto.   Quem, em nome do que possa haver de sagrado, ri e faz piada diante de MAIS DE MIL MORTES em UM SÓ DIA?",2,0.1217742785811424,0.8782256841659546,0
Quando a gente pensa que já viu de tudo.... Médicos esquerdistas estão se negando a dar receita da cloroquina. E o juramento que eles fazem pra salvar vidas?  Inacreditável.,CRM neles. E vão com outro médico. Pronto .,2,0.1243981048464775,0.8756019473075867,0
"Bolsonaro liberou a cloroquina, mas vc tem que assinar um termo se responsabilizando pelos efeitos colaterais. Vai lá minion, toma cloroquina! Mas se sofrer um infarto, não vai pro hospital tirar vaga dos outros.  #JornalNacional","E vc se for contaminado , não vá tomar a cloroquina dos outros!",1,0.1245012134313583,0.8754987716674805,1
Você tomaria Cloroquina?,"Não importa o princípio ativo da droga, seja amoxicilina, nitazoxanida ou cloroquina; quando um médico(a) prescreve, quem sou eu para contestar?!   CLARO QUE EU TOMARIA.",1,0.125138834118843,0.8748611807823181,0
"Desculpa aí... de tudo que ele falou só uma boa: a cloroquina salvaria sim muitas pessoas que morreram se fosse aplicada em pequenas doses. E antes do carnaval os infectologistas diziam para todos nós, inclusive para ele que era uma virose como outra qualquer...","Coloquei 11 pontos que na minha opinião são negativos inclusive a Cloroquina, que não mostra eficácia nenhuma, as pessoas podem estar se curando sozinhas como muitas que se curaram sem usar Cloroquina, vcs batem forte na Cloroquina por causa do presidente, especialistas do mundo.",1,0.1278373748064041,0.8721625804901123,1
mano eu so queria ESPANCAR o presidente nmrl meu pai mal p crlh e esse filho da puta muito feliz rindo no dia que o brasil bateu mais um recorde de mortes em 24hrs  se eu pudesse enfiava a cloroquina no CU dele filho da puta desgraçado da porra,"""Quem for de direita toma cloroquina. Quem é de esquerda toma Tubaína"". Quem for da família Bolsonaro e bolsonarista que vá tomar no C*! Mais de 1100 mortes (confirmadas) em um só dia e esse palhaço faz piada? #ImpeachmentdoBolsonaroURGENTE #impeachmentJa",0,0.1287768632173538,0.8712231516838074,0
"Qual provas médicas você precisa, a da esquerda? Porque o mundo está tratando seus pacientes com cloroquina.",Qual provas médicas você tem que a Cloroquina funciona?,1,0.1415025144815445,0.8584974408149719,1
"O  pediu que a Câmara convoque o ministro interino da Saúde para explicar sobre a ampliação do uso da cloroquina. Queremos que Eduardo Pazuello explique os estudos que subsidiaram sua decisão, considerando que não há nada comprovado quanto à eficácia do medicamento.",Se caso uma pessoa morra depois de ter tomado cloroquina sobre administração de médicos sem uma comprovação da eficácia. isso pode ser caracterizado crime de homicídio doloso? Pode  também serem acrescentado crime contra a saúde publica?,1,0.148394376039505,0.8516055941581726,0
"Mano, eu odeio como o Brasil transformou uma desgraça de uma epidemia em briga política. Que tal Bolsonaro e Doria tirar a fuça de áreas que não são do conhecimento deles, e deixar os MÉDICOS decidirem isso????","Minha tia pegou Covid, foi tratada com cloroquina e outros medicamentos também. Não foi fácil pra ela se recuperar, até pq teve 2 internações. É óbvio que os médicos sabem a dosagem correta e não vão passar dos limites. Anta é quem compra remédio e sai tomando igual água.",1,0.1519572138786316,0.8480427265167236,0
"Minha vó sai por aí, toma cloroquina a anos e ta mais forte que eu  e olha que ela tem várias doenças, grupo de risco. Se você é médica, como fala, deveria ter vergonha de defender essa merda toda onde estão fraudando os laudos médicos colocando “covid”.","Que sorte a da sua avó, grande parte dos que tomam cloroquina fora do tratamento das doencas as quais ela é recomendada, sofrem com os efeitos colaterais (que não são nada fracos)  É verdade que existem hospitais frandando laudos, mas isso é uma minoria, não tome como verdade",1,0.1548301726579666,0.8451698422431946,1
e quando que a gente vai salvar esse coitado dos próprios pais?,Não dêem cloroquina pros seus filhos se não ele vai ficar assim,2,0.1568835824728012,0.8431164026260376,-1
Você tomaria Cloroquina?,Óbvio  q sim!!! TODOS esses hipócritas q hj falam mal...seriam os primeiros à  correr pra cloroquina,1,0.1574139147996902,0.8425860404968262,0
O protocolo do MS para o uso da cloroquina contra covid-19 é o paciente entrar no consultório e mandar o médico prescrever o troço pq o presidente disse na live do facebook que funcionava.,Se tá recomendando usar Cloroquina! Assuma a responsabilidade!!! Só idiota concorda com isto!! Com um protocolo sem responsabilidade!,0,0.1664395183324813,0.8335605263710022,0
Ué nera ela que apoia ele e defendia ele? Cadê? Agora engula cloroquina é viva sem máscara.,Vc engole tanta coisa e faz drama com a cloroquina?!,1,0.1731967180967331,0.8268032670021057,1
"Dê Cloroquina pra ele, cura, não é?","Tem supositório de Cloroquina, aí vc aceita?",1,0.1761089265346527,0.8238910436630249,1
"Hoje  tomou uma atitude corajosa, que salvará milhares de vidas: liberou o uso da cloroquina pra todos os casos de COVID-19 no SUS, mesmo os leves  Basta o paciente autorizar o uso do medicamento, que tem se mostrado muito eficaz em diversas partes do mundo",“Basta o paciente autorizar o uso do medicamento.”   Da posição de PACIENTE para MÉDICO.  Que país é esse ???,2,0.1775331646203994,0.8224667906761169,1
"Na #escola dizia:  ""Pra que aprender Física/Química/Biologia? Nunca vou usar isso na minha vida...""  Hoje defende cloroquina, terra plana e é contra vacinas...","Se a CLOROQUINA é a solução, porque o Brasil e os países do mundo inteiro estão gastando milhões e milhões em busca de vacina?",0,0.177681103348732,0.8223188519477844,0
"Os xiitas isolamentistas, principalmente os instalados na Globolistão, devem ter ficado enfurecidos com Cláudia Raia.  Sim, ela contraiu Coronavírus durante o isolamento, ficando em casa, como ordena a nova ordem globalista.  Vão querer dizer que ela foi um ponto fora da curva?",Ponto fora da curva e o cara que ele pegou pela cara dele não tem condições de baixar as cuevas dela. A cloroquina dele não baixa nem a temperatura.,2,0.1787171065807342,0.8212828636169434,-1
"A verdade às vezes se esconde no óbvio. A eficácia da cloroquina contra o Covid19 pode ser contestada. Mas se a droga fosse tão maléfica à saúde quanto querem uns, ela não estaria sendo utilizada há décadas. Vamos ser razoáveis pessoal.",É óbvio que é o lobby querendo lucrar alto na pandemia.  Cloroquina não vale 1 real  Mas salva muito mais que os achismos contra.,1,0.1826012581586837,0.8173986673355103,0
"Correto. Dá-se o nome de : responsabilidade.  MS libera,mas alerta sobre possíveis efeitos colaterais.  Enfim,quem quiser tomar..., quem não quiser   Cloroquina pode causar redução dos glóbulos brancos, disfunção do fígado, disfunção cardíaca e arritmias","E se assim o fosse, portadores de lupus já estariam mortos após o 6 mês de tratamento e, nussss!! Esse tipo de lupus é crônico!! Ohhh!! O tratamento a base de cloroquina é para o resto da vida. Uai??? Mas nenhum desses pacientes crônicos até a presente data morreu?? Nussss!! Ué?",1,0.1876403093338012,0.8123596906661987,1
"Esquerda mete o pau na cloroquina, mas toma na hora do aperto.  Esquerda mete o pau no capitalismo, mas ganha dinheiro com ele e usufrui de todas as suas benesses.  Que nome damos a isto?","a isso não sei, mas a vc damos o nome de burro  quem mete o pau na cloroquina é a ciencia, seu asno",1,0.1891377866268158,0.8108622431755066,1
"As orientações do governo federal pra cloroquina é tipo :  ""então galera, n existe comprovação científica que funcione e, provavelmente nem vai funcionar, além de ter efeitos colaterais pesados. fica a seu critério usar mas indicamos""","Pessoal que voto no bozo façam o favor de tomar a cloroquina que ele tanto fala, confiem no potencial de vocês.",0,0.1938532292842865,0.8061467409133911,0
"Entre esperar o estudo científico  e a tentativa de salvar a vida . Vamos Salvar Vidas.  Sim! Ao protocolo do Ministério da Saúde, para o uso da cloroquina.","Salvar vidas deve ter prioridade, sempre. Que a ciência possa chegar depois confirmando a certeza da ação. Tem sido assim ao longo da história do mundo#BOLSONAROTEMRAZÃO",2,0.1955394744873047,0.8044605255126953,0
E a Cloroquina heim ? E a Tubaína ?,mano aonde eu disse que defendo a cloroquina?,1,0.1973122656345367,0.8026877641677856,1
"Cheira mais pó que um aspirador, mas está preocupado com os efeitos colaterais da Cloroquina.","Bebe mais que um Chevette 73, mas está preocupado com os efeitos colaterais da Cloroquina.",1,0.2051904648542404,0.7948095202445984,0
Não entendo qual o fetiche do Bolsonaro com cloroquina,"Dono do laboratório é militante e ajudou na campanha, por isso esse fetiche todo.",1,0.2078511863946914,0.7921488285064697,0
hoje fui acordada com a notícia que a minha avó morreu por covid e segundo os médicos ela tava estável mas começaram a dar cloroquina pois a família autorizou sendo que o remédio tem MUITOS efeitos colaterais inclusive arritmia que vai causar parada cardíaca,Vocês entendem o risco dessa medicação?,2,0.2100454419851303,0.7899545431137085,0
"""Clamor da sociedade"". Essa foi a justificativa apontada por funcionária do Ministério da Saúde para o novo protocolo que amplia o uso da cloroquina no combate à #COVID19.  Apesar do ""clamor da sociedade"", não há evidência científica da eficácia da droga.","""""clamor da sociedade"""" toma no cu",2,0.2373508065938949,0.7626491785049438,0
recomendação médica: 5 comprimidos de cloroquina ao dia Pra tirar a desgraçada do coração,daqui uns dias alguém vai morrer por ter usado cloroquina e aí o bolsonaro vai falar que era fake news e ele nunca incentivou o uso,0,0.2593297362327575,0.7406702041625977,0
"Boa noite, venho respeitosamente lhe pedir para me dizer quais os estudos que comprovam a eficácia do uso da Cloroquina e Hidroxicloroquina em casos leves e até como forma de prevenção. Não estou querendo ofender, nem desmentir. Apenas quero pode me informar desses estudos. Obg.","Já obtive a resposta: a nova orientação do  sobre o uso da cloroquina e Hidroxicloroquina apresenta lá muitos estudos, nos quais deve ter se baseados. Para quem tiver na mesma procura em que eu estava, vale ver lá e tirar suas próprias conclusões.",1,0.2727963328361511,0.7272036671638489,0
Não há comprovação científica da eficácia da cloroquina.  Quem disse isso? Bolsonaro.  O mesmo Bolsonaro que só liberou novo protocolo sobre o uso em pacientes com quadro leves APÓS editar MP que o isenta de responsabilidade.  Isso é fazer cálculo político com VIDAS!,"Então, acabei de ver uma declaração do Mandetta de que o Planalto queria mudar a bula da cloroquina, não dá para acreditar",1,0.2794321477413177,0.7205678224563599,0
"Dê Cloroquina pra ele, cura, não é?","Uma senhora da sua idade , dê-se ao respeito ,usar alguém em estado crítico por causa de política que coisa feia,e cuidado ,uma senhora na sua idade está mais propensa a precisar de tratamento com Cloroquina,já está no grupo de risco.",1,0.284233808517456,0.715766191482544,1
"Tá bom o hidroxicloroquina ataca o coração? pode dar parada cardíaca? paracetamol pode dar ataque cardíaco e centenas de outros remédios.É só pesquisar, o problema é que a Cloroquina é barata e virou o remédio do Bolsonado.",tenho medo de ter corona e meu pai colocar pó de cloroquina no meu café pra me forçar a tomar,0,0.2847751677036285,0.7152248024940491,0
O da cloroquina que é um estudo certo né.... hahaha,"A cloroquina está em uso como medicamento já faz setenta anos, E está apresentando bons resultados contra o covid-19 Se falta estudos e porque o Vírus é novo, não o remédio.",1,0.2979547381401062,0.7020452618598938,1
sem cloroquina,"Em lugar NENHUM da matéria cita qual tratamento q ela usou; se foi com ou sem cloroquina! Portanto sua afirmativa é; subjuntiva, especulativa e inconcluvisa! Mas eu ao contrário de vc que se preocupa com as fotes citadas, fico feliz com essa notícia! Sendo com cloroquina, ou não!",1,0.3016497492790222,0.6983502507209778,1
"Menos ciência, mais cloroquina Menos planejamento, mais improviso Menos experts, mais generais Menos luto, mais humor  Menos coerência, mais centrão Menos Brasil, mais Brasília   #SOSBrasil","Menos Exército, mais Aspen    Seria interessante, afinal Renato Spallicci é amigo do governo:",1,0.3020618557929992,0.6979381442070007,0
"Ô , desde antes dos tempos da gonorréia, o brasileiro usa medicamentos sem prescrição médica. Qualquer um compra em qualquer farmácia, o medicamento que quiser, exceto uns com receita especial e com controle de estoque. Idroxicloroquina e a cloroquina são só remédios! .",Discutindo com um cara que acredita na cloroquina. A justificativa dele é que o governo não libera esse remédio pq assim a indústria para de lucrar com álcool gel,0,0.3032078146934509,0.6967921853065491,0
"Três pergunta simples:  As pessoas que pegavam malária, lúpus ou artrite reumatoide e usavam cloroquina estão vivas como?  Porque ninguém fez tantos alertas para elas sobre os efeitos colaterais do remédio?  A vida delas não importavam?","Meu pai mora no Amapá e pegou malária 2x e em ambos os tratamentos usou cloroquina e até hoje tá vivo, e ele não apresentou qualquer efeito colateral.",1,0.3097384572029114,0.6902615427970886,0
"Você continua apoiando Bolsonaro, após ele dizer: ""Quem for de direita toma cloroquina, de esquerda toma Tubaína""?","Quem é de direita e se quiser toma Cloroquina, e quem é da esquerda toma Tubaina... ou continua comendo capim mesmo.",1,0.3164927065372467,0.6835072636604309,0
"- Ainda não existe comprovação científica, mas sendo monitorada e usada no Brasil e no mundo. Contudo, estamos em Guerra: “Pior do que ser derrotado é a vergonha de não ter lutado.”  - Deus abençoe o nosso Brasil.",vai se fuder dnv,2,0.3395068943500519,0.6604931354522705,1
"“Quem é de direita toma cloroquina, que é de esquerda toma tubaína” e nós todos tomamos...","Se for só quem é de direita que vai tomar cloroquina, vão com deus",0,0.3474623560905456,0.6525376439094543,0
"Coerente é a galera do bolsonaro, que não acredita no vírus mas acredita na eficácia da cloroquina","A minha irmã tava falando que não achava legal as pessoas rindo de quem tá morrendo por usar cloroquina por vontade própria e fanatismo, só digo uma coisa:  God's timing is always right",0,0.350522369146347,0.6494776606559753,0
Adivinha quem tá com o rab0 cheio de cachaça já na hora do almoço?  Quem é de direita acredita na cloroquina e quem é de esquerda na jararaca cretina.,Olha esse cara KKKKKKKKKKKK,2,0.3619005680084228,0.6380994319915771,0
eu na sexta quando abro a primeira cerveja,"trump vai meter bem um sextou tomando uma cloroquina, já emenda um negocinho, volta pra casa só no domingo",1,0.3714030385017395,0.6285970211029053,0
"No dia q o desgoverno  mudou o protocolo para recomendar cloroquina em casos leves, lamentamos a morte por coronavírus do dep. estadual Gil Vianna, do PSL do RJ, que usou o remédio, mas infelizmente não conseguiu se salvar. Não há provas que cloroquina cura Covid-19","Traidora se vc estivesse na UTI vc não tomaria cloroquina? Responde aí , dona da verdade",1,0.3797610402107239,0.6202389597892761,1
"Hoje  tomou uma atitude corajosa, que salvará milhares de vidas: liberou o uso da cloroquina pra todos os casos de COVID-19 no SUS, mesmo os leves  Basta o paciente autorizar o uso do medicamento, que tem se mostrado muito eficaz em diversas partes do mundo","Realmente estamos felizes com essa vitória e gratos ao Presidente, mas no Estado de São Paulo teremos que enfrentar a tirania do Governador que já se posicionou contrário a cloroquina e fará de tudo para impedir que tenhamos acesso ao medicamento!!!!",2,0.401407927274704,0.5985920429229736,0
"#Covid_19 EUA e BRASIL liderarão o mundo em número de casos e mortes!  Por coincidência, dois grandes países, dirigidos por dois grandes imbecis,que minimizaram a pandemia no início. E que defendem o uso de cloroquina, um medicamento de eficicácia duvidosa.","O gado tem livre arbítrio,então tome a droga do mito,mas não se confunda com o gato gado,pois o felino tem sete vidas,e vcs só tem uma,pra perder por causa de uma cloroquina maldita!!",0,0.4066953659057617,0.5933046936988831,0
"Esquerda mete o pau na cloroquina, mas toma na hora do aperto.  Esquerda mete o pau no capitalismo, mas ganha dinheiro com ele e usufrui de todas as suas benesses.  Que nome damos a isto?","Defina esquerda: quem quer as coisas com o de preocupação social? O fato de ser um regime capitalista, naonquer dizer que não se deve criticar inquérito namora certo. Então fica Assim: não tomamos cloroquina e você não vai ao hospital. Afinal é só uma gripezinha.",1,0.4121831357479095,0.5878168940544128,1
"Mas é uma loucura: o Ministério da Saúde (que de ""saúde"" não tem mais nada), autorizou o uso da cloroquina pelo SUS, mesmo sabendo QUE NÃO CURA E AINDA PODE ATÉ MATAR !!!","Imagina: chega-se ao médico e este receita a tal cloroquina, toma-se? Denuncia-se? Coitado dos médicos e dos pacientes. Que horror.......",1,0.4122374355792999,0.5877625942230225,0
#DEBATE360 A aplicação da Cloroquina para os casos de malária também tem contra indicação e oferece riscos ao paciente? E os pacientes de Malária também precisam assinar termo de responsabilidade?,"a #globolixo novamente atacou o uso da cloroquina,Sr presidente não renova a concessão com essa merda de lixo de emissora..",0,0.4236677885055542,0.576332151889801,0
"Transparência na contagem de infectados, mortos e curados. E, a propósito, usamos cloroquina SIM. Curitiba e SP foram as primeiras capitais que mais receberam o medicamento do Governo Federal.",Faz diferença nenhuma essa merda de cloroquina ...acorda gado...,1,0.4291276037693023,0.57087242603302,1
"Entidades médicas já se posicionaram contra a medida e a OMS, quando questionada sobre a decisão do governo brasileiro, reafirmou que além de não ter eficácia comprovada, a cloroquina pode causar efeitos colaterais graves.",OMS a que ajudou a epidemia virar pandemia? Sério??? Opinião dela é irrelevante. Se fosse um remédio experimental tudo bem. A cloroquina têm décadas de uso. Sai da vida política criatura do pântano.,1,0.4351841807365417,0.5648158192634583,1
"Cloroquina junto com azitromicina e zinco que estão falando que dá resultado, procede? E a ivermectina reduz a carga viral 98% do Covid19 já foi feito esse estudo? #AquiNaBand","Caralho porra! Pqp, não aguento imbecilidade e idiotice! O protocolo do governo libera cloroquina para QUEM QUISER USAR ter esse direito! Parem de vender a idéia de que o governo está impondo algo, ele apenas está resguardando o poder de decisão do cidadão sobre a própria vida!",0,0.436324268579483,0.5636757016181946,0
"A cloroquina é uma droga altamente tóxica e é usada em algumas patologias graves depois do pacientes fazer exames e testes e descartar problemas coronários, renais e hepáticos.N use a cloroquina sem um acompanhamento médico #ForaBolsonaroGenocida","quando sair a vacina do corona espero que todos falem ""quem é de direita toma cloroquina, quem é de esquerda toma a vacina"" EU IMPLORO",0,0.4366042613983154,0.5633957386016846,0
"Vi no Jornal da Globo uma descrição dos efeitos colaterais da Cloroquina e da Hidroxocloroquina.  A partira daí,  parece que é melhor dar um tiro na própria cabeça do que usar esses medicamentos. Não sei como o pessoal que usou para combater a malária sobreviveu.","Aos imbecis de plantão que criticam a cloroquina, que REVELEM QUAL É A PORRA DA CURA. Senão, cala a merda da boca.  Quem tomou CQNA, manda um #globovaisefoder, quem não tomar, relate do inferno que a globo tinha razão.  Simples.  Eu começo...  #GLOBOVAISEFODER",1,0.456238180398941,0.5437617897987366,1
Amigos a fala de vocês é de forma generalizada. Não é todo estado que está como SP. Acordem... Olha os números de MG MT MS cada município tem que fazer sua análise. Esse discurso sobre isolamento ou não cloroquina ou não é politicagem. Cada município deve analisar seu cenário.,"Tem que ser nacional porque todos esses lugares tem possibilidade de se tornar uma nova SP. É só descuidar. E os municípios e estados estão tomando suas medidas.  E não, sobre a cloroquina não é politicagem, é ciência, tem dados, estudos que mostram que não há efeito negativo.",1,0.4602836668491363,0.5397163033485413,1
"e diversas pessoas tiveram arritmia, morreram de falencia múltipla dos orgãos, ficaram com rim fudido.... pai da namorada de um amigo morreu por causa da cloroquina logo nos primeiros sintomas do covid... fica ai a duvida","pois é amigo, em quem usar cloroquina ?? quem resiste??  é o nosso dilema... melhor esperar a cura do que pagar pra ver",1,0.4671343564987182,0.532865583896637,0
"Toma 3kg de anticoncepcional e cházinho de canela pra abortar, mas reclama que a Cloroquina tem efeito colateral  APAPOHA",Já tomei tanta cloroquina por causa de malária então já era para estar morto. Que efeito colateral nada.,1,0.4752905070781708,0.5247095227241516,0
"QUEM É DE DIREITA TOMA CLOROQUINA, QUEM É DE ESQUERDA TOMA TUBAINA.","É simples galera:  Quem quiser toma cloroquina, quem não quiser toma no cool!",0,0.4868754744529724,0.5131244659423828,0
"- Ainda não existe comprovação científica, mas sendo monitorada e usada no Brasil e no mundo. Contudo, estamos em Guerra: “Pior do que ser derrotado é a vergonha de não ter lutado.”  - Deus abençoe o nosso Brasil.",VAI TOMA NO SEU CU FILHO DA PUTA A CLOROQUINA VAI SERVIR PRA MATAR SUA FAMILIA TODA SEUV ERME,1,0.4897007048130035,0.5102993845939636,1
ELE NÃO ESTA ERRADO. SÓ UM IMBECIL MORRERIA SEM TOMAR A CLOROQUINA. A CIÊNCIA É UMA CONSEQUÊNCIA DO ESTUDO DO HOMEM. NÃO ESQUEÇA SE PRECISAR NÃO QUERO QUE MORRA... PEÇA O REMEDINHO DO BOLSONARO.,"Quanta estupidez cabe num ser... A cloroquina não é uma substância nova, não é administrada a esse fim e tampouco é patente do Bolsonaro. Parece que o vírus da ignorância se sobrepõe ao corona.",1,0.5075539350509644,0.4924460649490356,1
"Finalmente, protocolo do MS liberando cloroquina para casos leves de Covid-19 (uso precoce). Quantas vidas serão salvas? Para muitos, o que importa é contar os mortos. E os marinho ainda fazem questão de colocar que não há estudos que comprovam a eficácia.",Boas notícias!,2,0.5203847289085388,0.4796152412891388,0
"Apresentei um projeto de decreto legislativo p/ sustar o novo protocolo do  que recomenda uso precoce da cloroquina em pacientes com #Covid19, enqto não houver estudos científicos que comprovem sua eficácia. O presidente não deveria fazer uso político de algo tão sério.","Querem.que todos morram, políticos imundos.",2,0.5205042362213135,0.4794957637786865,1
"Peguei ônibus e parecia um dia normal como qualquer outro. Se prepare, o discurso de que a cloroquina é a salvação e é um medicamento preventivo vai incentivar demais a circulação da população.","toda vez que alguém diz que a cloroquina é eficiente um farmacêutico/biomédico morre.... meu coração até dói, a galera ignora todas as provas que mostram a ineficiência porque o retardado mental segue com esse discurso.  no mínimo triste.",1,0.5328449606895447,0.4671550393104553,0
Alguém precisa parar os pais desse menino. O moleque ja é insuportável e ainda é obrigado a gravar isso,de amarelo segurando cloroquina os pais deve ser bolsominion ctz,2,0.5340672135353088,0.4659327268600464,0
"A verdade às vezes se esconde no óbvio. A eficácia da cloroquina contra o Covid19 pode ser contestada. Mas se a droga fosse tão maléfica à saúde quanto querem uns, ela não estaria sendo utilizada há décadas. Vamos ser razoáveis pessoal.",A cloroquina leva semanas para produzir o efeito esperado em pacientes reumáticos e os efeitos colaterais são conhecidos e documentados. Qual efeito ela causa em um paciente com uma tempestade inflamatória como no caso da Covid-19?,1,0.5350384712219238,0.4649614989757538,1
"Apresentei um projeto de decreto legislativo p/ sustar o novo protocolo do  que recomenda uso precoce da cloroquina em pacientes com #Covid19, enqto não houver estudos científicos que comprovem sua eficácia. O presidente não deveria fazer uso político de algo tão sério.",Sustar o uso de cloroquina em território nacional? ou só para os pobres do SUS?,1,0.5536491870880127,0.4463508427143097,1
É extremamente irônico e contraditório ver psolistas falarem que a cloroquina faz mal à saúde (apesar de milhares de pessoas terem se recuperado após usar o medicamento) enquanto eles defendem a legalização de TODAS AS DROGAS.  Querem legalizar o crack e proibir a cloroquina!,Pelo menos tu nivela a Cloroquina com o Crack no tratamento da Covid. Ambas não servem e podem ter efeitos colaterais danosos,1,0.5567652583122253,0.443234771490097,1
"Entidades médicas já se posicionaram contra a medida e a OMS, quando questionada sobre a decisão do governo brasileiro, reafirmou que além de não ter eficácia comprovada, a cloroquina pode causar efeitos colaterais graves.","Dê uma declaração que se pegar a gripe voce não vai querer a Cloroquina, aguardo no seu próximo post.",1,0.5606189370155334,0.4393810927867889,1
"Pela ignorância do povo, chegaram em um ponto de achar que a cloroquina serve como vacina, tem noção? Amorzinho se a cloroquina fosse a cura (que no caso ela estabiliza a doença,não deixa o paciente imune, você pode se contaminar denovo), não haveria mais pessoas com Covid-19.",Esse artigo discute uso de Cloroquina na COVID19. A conclusão é óbvia. Não usar. Mas o artigo está MUITO didático. Só falta desenhar. Recomendo a leitura por todos que tratam essa doença.  Está claro que a discussão não  é médica. É política.,0,0.5643571615219116,0.4356428384780884,0
"Do mês passado essa notícia, e por acaso ele tem aliança com a OMS pra vacina? Sem contar que ele sabe o risco do cloroquina mas quer usar",Um dos mais avançados na produção de vacina são os EUA e tmb tão fora a cloroquina demostrou eficiencia como nos testes do previed senior e tmb a Unimed adotou o protocolo . Caso vc não tenha um diploma de oncologia ou de farmácia saiba q todo remédio tem seu risco,1,0.5652401447296143,0.4347598850727081,1
"Ainda, tanto o Mandetta quanto o Teich eram contra e ambos foram pulverizados no Ministério da Saúde. Ambos são médicos. Torço para errar e a cloroquina ajudar a controlar a pandemia.","Serra detesta pobre e nordestino. Para ele, só pode tomar Hidroxoclorentina, os ricos, porque têm médicos particulares. Serra apresenta projeto para barrar novo protocolo da cloroquina",0,0.5745034217834473,0.4254965782165527,0
Imagina quando forem ler a bula dos paracetamol da vida.,Acho q por isso q o  queria modificar a bula da cloroquina.  #ForaBolsonaro,1,0.5880666375160217,0.4119333624839782,1
direito penal,uma amiga q faz direito disse que o curso todo é uma grande cloroquina vc concorda??,1,0.588605523109436,0.4113945066928863,0
Sério que colocaram uma criança pra falar sobre cloroquina,ih gente deixa o povo tomar cloroquina  a seleção natural cuida do resto,0,0.5939275026321411,0.4060724675655365,0
"Apresentei um projeto de decreto legislativo p/ sustar o novo protocolo do  que recomenda uso precoce da cloroquina em pacientes com #Covid19, enqto não houver estudos científicos que comprovem sua eficácia. O presidente não deveria fazer uso político de algo tão sério.","Os lixos humanos que essa sociedade criou para o mundo, fico revoltado com a falta de noção. Sabemos que o uso inadequado de um medicamento mata. O melhor é previne. O covid19 tem cura, a cloroquina é uma dúvida, pra dá a meus filhos tem que ser certeza.",1,0.5956630110740662,0.4043369591236114,0
ATENÇÃO BRASÍLIA! DESÇAM AGORA PRA PRAÇA DOS 3 PODERES! A ESQUERDA QUER OCUPAR A PRAÇA.  OS 300 DO BRASIL VÃO TOMAR CAFÉ DA MANHÃ VERMELHO HOJE! AHU AHU AHU,"Não se esqueçam de por esse exército de idiotas pra cantar o hino da Cloroquina de jesus, comandAnta!",2,0.5987945199012756,0.401205450296402,1
Sobre o termo que paciente deve assinar pra usar CLOROQUINA!  via,Toma cloroquina rapa. Brasileiro é diferenciado. Mais de 10 anos tomando remédio receitado por supostos médicos cubanos. Nois e coro duro.,0,0.600339949131012,0.3996599912643432,0
"vixi senadora, lembro que a senhora foi contra a cloroquina, boa sorte no seu tratamento, sem o remédio!","Depois de assistir ao que disse a doutora Natália Pasternak na CNN fica impossível concordar com o uso da cloroquina em qualquer fase do tratamento da COVID-19. Daí, a posição correta que deveria ser adotada por gestor público de qualquer orientação é não permitir seu uso.",0,0.602851152420044,0.397148847579956,1
"O  divulga orientações para tratamento da Covid-19, onde a Cloroquina pode ser ministrada em casos leves, com recomendação médica e autorização do próprio paciente/família.",Quanta burrice em um só post!! Chamar médico consciente de esquerdista so porque não receita a bosta da cloroquina... francamente!! Pior do que o Covid é a ignorância que está alastrando nesse país que virou um hospício!! Tomem cloroquina mesmo... e morram!!!,1,0.6029947400093079,0.3970052301883697,1
"Se a cloroquina der certo, foi graças ao Bolsonaro, se der errado, foi vc que assinou o termo de consentimento.","Vc está no hospital, sua família não pode estar ao seu lado, falta ar, falam de um remedio e te mandam assinar um papel. Quero saber de 1 que não assinaria. Pelo amor né, minha gente?! ##covid19 #Coronavirusnobrasil #pandemia2020 #Cloroquina",2,0.6037032604217529,0.396296739578247,1
POR QUE VOCES NAO PEGAM ESSA CLOROQUINA E ENFIA NA PORRA DO CU DE VOCES SEUS ARROMBADO,"Eu só não entendi uma coisa. A cloroquina já era vendia sem receita, pq esse ódio contra um medicamento que está fazendo efeito? Eu já assisti vários vídeos de médicos de fora explicando a eficiência dela. Pq isso agora?",0,0.6130183339118958,0.3869816958904266,1
"Vi no Jornal da Globo uma descrição dos efeitos colaterais da Cloroquina e da Hidroxocloroquina.  A partira daí,  parece que é melhor dar um tiro na própria cabeça do que usar esses medicamentos. Não sei como o pessoal que usou para combater a malária sobreviveu.","Desde 1955 que o medicamento existe, mas o que está valendo é o que disse o Promotor Ailton Benedito: CORONAVÍRUS  “Um dos efeitos colaterais da cloroquina, remédio baratíssimo, é prevenir a corrupção”",1,0.6146695613861084,0.385330468416214,1
"OMS reafirmou a ineficácia da Cloroquina. Mas a OMS tá errada, né? A OMS não sabe de nada, quem sabe é o paraquedista.","""Tomara que todos os bolsonaros a tomem! Se é tão bom: que façam bom proveito!"": FDA adverte sobre riscos da Cloroquina no tratamento da COVID-19  via",0,0.6226690411567688,0.3773309588432312,0
"Olha aí quem fala... Gado de Bostonarista, agente do vírus, pobre coitado... vai toma na cloroquina","Parceiro, não adianta passar muito pano pra Lula também. Fez muita merda com o país e deixou rabeira pro Capitão Cloroquina terminar de cagar. Vamos virar a página, tirar esse imbecil do poder e procurar um meio-termo, nem tanto a direita, nem tanto a esquerda. Pode dar certo...",1,0.6272944808006287,0.3727055191993713,1
Cloroquina foi autorizada. Mas a gente sabe que a classe médica vai ter bom senso de não receitar. Afinal a classe médica sabe fazer boas escolhas. Não é?,"Hj meu padastro foi ao médico e o médico receitou cloroquina, então eu estou muito confuso.",1,0.634247899055481,0.3657520711421966,0
"Digo mais, tá mais pro designer mesmo",Aí é a outra cloroquina hahahaha,1,0.642001748085022,0.3579982221126556,0
Os fabricantes de refrigerantes brasileiros não gostaram da piada do presidente sobre cloroquina/tubaína.,Manda os fabricantes colocarem um refrigerante com o nome de cloroquina.,1,0.6505566835403442,0.3494432866573334,0
os satanistas querem a vacina diabolica por isso sao contra a cloroquina OMS trabalha pra destruiçao do ser humano junto com a ONU pra reduzir a populaçao o que eles querem no fim de tudo é marcar o gado com a vacina da besta 666 do bill gates,"Gente, isso é ironia, né? Com certeza, né?",2,0.6766685843467712,0.3233314752578735,1
"José Serra apresentou um projeto para barrar o novo protocolo da cloroquina. O senador pede que o protocolo não entre em vigor enquanto não houver estudos científicos que comprovem sua eficácia. VALERÁ TAMBÉM PARA OS PACIENTES DO ALBEEINSTEIN,OU SÓ OS POBRES NÃO PODERÃO TOMAR?","Esses caras não ligam para o povo, não cansam de fazer política em cima das mortes! Estamos em uma guerra biológica! Como que pode esses caras não vêem o mal que estão fazendo...",2,0.6832675337791443,0.3167325258255005,0
Cloroquina foi autorizada. Mas a gente sabe que a classe médica vai ter bom senso de não receitar. Afinal a classe médica sabe fazer boas escolhas. Não é?,médico que receitaria cloroquina e mandaria o Bolsonaro pro paredão:,1,0.6971355080604553,0.302864521741867,0
"Já percebeu q os q mais defendem a cloroquina aqui no Twitter em tese a maioria tem plano de saúde e ta praticamente IMPLORANDO p q o menos favorecido q depende exclusivamente do SUS, tenha o mesmo direito à vida q AINDA estamos tendo, até sair uma vacina!","E só um detalhe: o deputado Gil Viana do PSL, internado na rede privada em Campos, morreu mesmo usando a milagrosa Cloroquina. O quadro dele acelerou rapidamente e veio a óbito.",1,0.7004587650299072,0.2995412349700928,1
"Apresentei um projeto de decreto legislativo p/ sustar o novo protocolo do  que recomenda uso precoce da cloroquina em pacientes com #Covid19, enqto não houver estudos científicos que comprovem sua eficácia. O presidente não deveria fazer uso político de algo tão sério.",A esquerda é canalha. Aceitem. Não tem caráter. Só vê grana e corrupção,2,0.7055785655975342,0.2944214940071106,1
"#JornaldaCultura o prefeito de Porto feliz que é médico está usando o protocolo com Cloroquina e azitromicina, e lá não tem nenhum óbito, vcs só fazem acusações contra, pq o prefeito e médico de Porto feliz faz uso e da resultado?",Acompanhei a entrevista do Ministério da Saúde impressionante a torcida da imprensa contra a Cloroquina acabei dando razão para o presidente #ImprensaTomeTubaina combina com mortadela .Imprensa torcedora do corona.,0,0.7170559167861938,0.2829440534114837,0
"Os que usam maconha, cocaína, crack, metanfetamina, rivotril, opiáceos, esteróides anabólicos e todo tipo de droga que comprovadamente fazem mal a saúde e podem acarretar a morte, são os mesmos que acham um absurdo tratar infectados precoces com o protocolo da cloroquina.","Se a covid é só uma ""gripezinha"" segundo o rebanho do mito, porque não só tomam um Cinegripe, de vez ficar insistindo na Cloroquina",0,0.7394158244132996,0.2605842053890228,1
"Será que foi overdose de cloroquina? Hoje meio de saco cheio com estes clichês de seguidores de curandeiros. Teve um tempo que sugeri paciência, mas são incuráveis",hahaha isso aí que dá misturar cloroquina e antipulga no capim dessa jumentada aloprada,1,0.7519258260726929,0.2480741590261459,0
"O establishment jamais permitirá que este medicamento seja utilizado em larga escala, pois depende da mortandade para aniquilar o status quo.","o Conselho Federal de Medicina autorizou recentemente a prescrição médica da cloroquina e da hidroxicloroquina, em condições excepcionais para o tratamento da COVID-19 (PROCESSO-CONSULTA CFM nº 8/2020 – PARECER CFM Nº 4/2020).",0,0.7557571530342102,0.2442428469657898,0
"Rezando pra vc se contaminar, se curar com a cloroquina e vir aqui concordar com o presidente. Ia ser lindo.","Esse velho, quando pegar não vai ter direito à cloroquina!! Pra ele só Tubaína!! Kk",1,0.7605745792388916,0.2394254207611084,0
serassi cloroquina cura tristeza?,quem eh essa cloroquina q ta todo mundo falando,0,0.7609722018241882,0.2390278279781341,0
"- Dias difíceis. Lamentamos os que nos deixaram. - Hoje teremos novo protocolo sobre a Cloroquina pelo  .  - Uma esperança, como relatado por muitos que a usaram. - Que Deus abençoe o nosso Brasil.",Eis a nossa esperança de voltar a ter orgulho de ser brasileiro: #impeachmentJa #BolsonaroGenocida  #ForaBolsonaroUrgente. E seus aliados imcompetentes. Acorda,2,0.7612146735191345,0.2387853264808654,1
trump n usa mascara pois está usando cloroquina . Esse foi um Xeque mate,Que legenda ruim tomanocu,2,0.7656186819076538,0.234381303191185,1
"Mandetta, na , comenta frase de Bolsonaro: em tempos de quem é de direita usa cloroquina, quem é de esquerda toma tubaína, “quem tem juízo escute a medicina”","discussão boba. Pra q ficar ouvindo políticos brasileiros, na grande maioria corruptos, ou médicos tupiniquins? Cloroquina não é 1 medicamento nacional. Vamos pesquisar cm o mundo civilizado lá fora tá tratando este assunto....",1,0.7676424384117126,0.2323575019836425,0
léo dias já testou a cloroquina,Acho que o grande problema da cloroquina é a falta de comprovação científica de fato. Sem tal certificação por meio da ciência. E aí eu creio que o grande problema é que médicos não vão querer ser responsáveis por possíveis complicações e até mortes por meio da medicação.,0,0.7704326510429382,0.2295673489570617,0
"Bolsonaristas criam 'corrente do bem' e se medicam com cloroquina, azitromicina e antipulgas",não sabia que suicídio coletivo se chamava corrente do bem,2,0.7794972658157349,0.2205027043819427,1
"O  divulga orientações para tratamento da Covid-19, onde a Cloroquina pode ser ministrada em casos leves, com recomendação médica e autorização do próprio paciente/família.","E os que se infectarem, se não quiserem a cloroquina que tomem tubaína e vão para casa esperar o estado se agravar, o Presidente não está obrigando ninguém a nada, só dando uma chance a mais para muitos sobreviverem a esse vírus maldito.",1,0.780755877494812,0.2192441076040268,0
"O hospital municipal de campanha Gilberto Novaes, em Manaus, atende pacientes infectados com covid-19. Enquanto isso, o Brasil recomenda o uso generalizado de cloroquina e um derivado menos tóxico, a hidroxicloroquina, para tratar o novo coronavírus, mesmo em casos leves","Vamos defender o uso de um medicamente sem nenhum efeito contra a doença sim! Que vai matar muita gente por infarto! Toma a cloroquina e desce com ki suco, A lá Jonestown! Vai dar nada não amiguinhos.",1,0.7815048098564148,0.2184951454401016,0
"""Quem é de direita, toma cloroquina, Quem é de esquerda toma tubaína!"" Sério que vocês escolheram pra representar vocês, um homem que diz isso em meio a uma pandemia que tá passando do número de 1000 mortos por dia???","Bolsonaro amplia uso da cloroquina, contra evidências científicas. ""Quem quiser usa, quem não quiser não usa""  #AParComOMundo",0,0.7815685272216797,0.2184314578771591,0
"O  divulga orientações para tratamento da Covid-19, onde a Cloroquina pode ser ministrada em casos leves, com recomendação médica e autorização do próprio paciente/família.",A autorização é pra evitar que o médico receba um processo caso a cloroquina mate o paciente,1,0.7824745178222656,0.2175254821777343,1
Ex-profissão: vai fazer Sol no feriado do mês que vem? (Meteorologia não é bola de cristal),"Ex-profissão: o bater de asas de uma borboleta na Austrália pode causar um furacão no Brasil  (NÃO MONSTRO! Sistemas dinâmicos são caótico, imprevisíveis, mas há a escala, algo pra lá de micro não vai influenciar no macro, ao menos não UMA borboleta, se ainda fossem trilhões...)",1,0.7929078936576843,0.2070921212434768,0
"Quer dizer que mesmo sem ter eficácia comprovada e com efeitos colaterais graves, Bolsonaro quis alterar a bula da Cloroquina para incluir a indicação no tratamento da COVID-19? Isso via decreto, sem aval da ANVISA ou consultar o Conselho Federal de Medicina?  #ForaBolsonaro",Marco quer colocar o nome do doguinho de Cloroquina KKKKKKKKKK,0,0.7941148281097412,0.2058852314949035,0
"O  divulga orientações para tratamento da Covid-19, onde a Cloroquina pode ser ministrada em casos leves, com recomendação médica e autorização do próprio paciente/família.",Parece até que essa Bozonaro tem participação nessa Cloroquina o kra virou propagandista da droga ...,1,0.8062166571617126,0.1937832981348037,1
O Dória usa o Protocolo da Cloroquina ou você acha que Não??  #EuApoioBolsonaro,"Se ao invés de matar, a cloroquina fizesse o Bonner aparecer de surpresa pra um debate, pode ter certeza que essa lenga lenga do Bolsonaro acabaria na hora",0,0.8095144629478455,0.1904855370521545,0
"Acompanho vários pacientes que fazem uso se #hidroxicloroquina todos os dias de forma contínua há anos, chega a ser cansativo fazer os exames de controle a cada 6 meses e não encontrar um efeito adverso. Nunca nenhum precisou interromper o tratamento.","cloroquina com tratamento contínuo, SEM EFEITOS COLATERAIS  18,8 MIL TWETTS por um Brasil Melhor   Um Site Brasileiro, APOIEM  SIGO de Volta todos #BrasilComBolsonaro",2,0.8107637763023376,0.1892361789941787,0
#Coronavírus - Governo divulga protocolo para uso da cloroquina até em casos leves de Covid. Paciente precisa assinar termo que reconhece que não existem estudos demonstrando benefícios clínicos =&gt;  #G1,presidente filho da puta pq ele n enfia toda essa cloroquina no uc dele n aguento mais esse homem facada mal dada do caralho claro que n existe estudos comprovando nd esse homem é um acéfalo desgraçado,2,0.8262701034545898,0.1737298518419265,0
"O  divulga orientações para tratamento da Covid-19, onde a Cloroquina pode ser ministrada em casos leves, com recomendação médica e autorização do próprio paciente/família.","HORA AÍ QUANDO O PACIENTE ENTRA EM COLAPSO DO CORAÇÃO, ARRITIMIA, AVC, ETC, A CULPA CABE A FAMÍLIA QUE AUTORIZOU O USO. E NUNCA JAMAIAS AO SR. bolsonaro presidentezinho QUE AUTORIZOU ATRAVÉS DE DECRETO O USO.",2,0.8327144384384155,0.1672855764627456,1
os satanistas querem a vacina diabolica por isso sao contra a cloroquina OMS trabalha pra destruiçao do ser humano junto com a ONU pra reduzir a populaçao o que eles querem no fim de tudo é marcar o gado com a vacina da besta 666 do bill gates,Não é possível q existe gente que acredita nesse tipo de comentário,2,0.8347189426422119,0.1652810722589492,1
"Diante da recusa de dois ministros da Saúde, que optaram por pedir demissão para não assinar o documento, coube ao general Eduardo Pazuello, que assumiu a pasta de forma interina,  liberar a cloroquina para todos os pacientes de covid-19.","Se dois médicos conceituados recusaram e um general assinou, algo errado não está certo",2,0.8373973369598389,0.1626026481389999,0
"O  divulga orientações para tratamento da Covid-19, onde a Cloroquina pode ser ministrada em casos leves, com recomendação médica e autorização do próprio paciente/família.",Obrigada PR  Por todo o seu esforço nessa guerra.  #BrasilComBolsonaro,2,0.8431112766265869,0.156888797879219,0
"A Justiça nega a divulgação do receituário do gov socialista e tirano do estado de Pernambuco, mas obrigou o presidente  a divulgar o resultado dos seus exames e laudos que atestavam a não contaminação por Covid 19.   Alguém duvida que tem cloroquina receitada aí?",A JUSTIÇA É SELETIVA.,2,0.8438162803649902,0.1561837196350097,0
MAIS DE 1 MIL MORTOS EM 24HRS E BOLSONARO FAZ PIADA!!!!!,enfia sua Cloroquina no rabo,2,0.8474676609039307,0.1525322943925857,0
Não há comprovação científica da eficácia da cloroquina.  Quem disse isso? Bolsonaro.  O mesmo Bolsonaro que só liberou novo protocolo sobre o uso em pacientes com quadro leves APÓS editar MP que o isenta de responsabilidade.  Isso é fazer cálculo político com VIDAS!,"Já dois vizinhos meus, idosos, pararam de piorar após o uso da Cloroquina.",1,0.8491982817649841,0.150801733136177,1
"O  divulga orientações para tratamento da Covid-19, onde a Cloroquina pode ser ministrada em casos leves, com recomendação médica e autorização do próprio paciente/família.","Cloraquina é usada em Hospitais PARTICULARES, contra o vírus Chinês. Os mesmos médicos que trabalham no SUS e também no privado, são contra o uso da cloroquina no SUS, mas não são contra no privado... Eu ouvi isso de um Gestor Hospitalar, em um seminário. Qual o motivo?",1,0.8499411344528198,0.1500588804483413,0
"Já que é pra polarizar, quem é de direita toma cloroquina, quem não é compra vaselina e toma onde quiser.",Essa foi a melhor do dia.  Melhor que a do PR.  Vai esquerda.  Toma direto e reto.,2,0.8499745726585388,0.1500254720449447,0
"Após mil mortos em um dia,  pede reunião em clima de paz com  esse cara é um genocida, a Cloroquina e a salvação, Hitledoria.","Krlh a cloroquina evita o corona,o bozo tem razão,o trump tá tomando essa parada pra não pegar e os médicos também. O único problema é que não é recomendado pra quem tem problema cardíaco.",0,0.8511249423027039,0.1488751173019409,0
Não tome cloroquina   #EquipeLuciana,Se estudos mostra que não há comprovação que cloroquina seja eficaz ao COVID-19? Pq governo permite essa informação vindo do presidente? Isso não seria o mesmo que um cachorro querer ensinar um peixe a nadar?! Qual sentido das pessoas acreditarem #Covid_19 #Bolsonaro #Cloroquina,0,0.8524078726768494,0.1475920975208282,0
"A quem barrar o uso de qualquer medicação que pode salvar vidas, deve ser julgado e condenado por Crime Contra a Humanidade!","Se uma caixa de cloroquina custasse $1800,08 e fosse importado será que teríamos todo esse mimimi??",1,0.8553591370582581,0.1446408629417419,0
"Sobre a cloroquina....  Família assina um termo... Se der certo, foi graças ao "" mito"" ... Se der errado e a pessoa morrer, o "" mito"" não tem nada a ver com isso!!!!!!  Vem meteoro polo  #ForaBol卐onaro","Eu acho que o jeito de acabar essa discussão sobre cloroquina aqui no Brasil é estabelecendo o seguinte protocolo:  DEFENDEU, VAI TER QUE TOMAR COMO MEDIDA PROFILÁTICA",0,0.8585242629051208,0.1414756923913955,0
"Ou no mínimo espetaculares como tem se visto nos estudos de Cloroquina, tendem a ter um viés muito grande. Não é um fato, mas uma observação a respeito. (6/6)","Links  Ensaio controlado aleatorizado da Cloroquina que citei como referência de não haver eficácia:   Estudos que me referi com os três medicamentos e que se mostra promissor, mas precisa de reprodução por outros pesquisadores:",1,0.8595137000083923,0.1404862850904464,0
cloroquina cloroquina cloroquina lá do sus tu é que vai me curar em nome de jesus ESSA GALERA TA MUITO LOUCA,esse vídeo patético do pirraia chato falando de cuscuz com cloroquina só fica ganhando força pq vcs compartilham. PARE YAG,0,0.8653979897499084,0.1346020102500915,0
"Olha, com esse cruzado de esquerda, o secretário dormirá até amanhã. Nocaute fulminante.","Troquei a cloroquina por sonífero, né meu filho?",2,0.8656291961669922,0.1343708336353302,-1
"A gente queria que liberasse o aborto porque com isso acreditasse que mulheres não morreriam em abortos clandestinos, mais não podia porque aborto é assassinato e tira uma vida sem a permissão de Deus, mais usa o critério ""faz quem quer"" pra cloroquina pode","dps que descobri que o exercito ta produzindo cloroquina pq o bonossauro mandou, tudo faz sentido do pq dele estar desesperado pra isso",0,0.8664047718048096,0.1335952579975128,0
"Agora a briga no grupo da família eh sobre cloroquina, n aguento mais","Mulher, eu tô agoniada e revoltada com minha mãe sendo atacada essa semana por causa dessa bosta de cloroquina. E ela nem falou que não era pra usar, só tentou explicar que não há evidências farmacológicas da eficácia ainda e é necessário cautela.",1,0.8720520734786987,0.1279479414224624,0
"ALGUÉM CONSEGUE ABRIR A NOTÍCIA E FALAR QUAL ‘ANTIPULGA’ É ESSE POR FAVOR??? é sério to curiosa  Bolsonaristas criam 'corrente do bem' e se medicam com cloroquina, azitromicina e antipulgas - 20/05/2020 - Equilíbrio e Saúde - Folha","minha gente, pois chupem logo uma cartela de cloroquina, besteira..",0,0.8724284172058105,0.1275715678930282,0
"Marinho e seus especialistas. Cloroquina pode levar a óbito súbito? Quem tem malária, lúpus e artrite pode parar de tomar já, doutor? ""Toda a comunidade médica"". Fale por si. O Conselho Federal de Medicina confirmou o protocolo.  E aí, doutor especialista dos marinho?","Droga!?      e o q dizer da cocaína,da maconha,do crack q  e a grande maioria dos “artistasglobais” são a favor?Ai não é considerado droga?E a droga do aborto q a maioria dos artistas da #GloboLixo aderiu",2,0.87288898229599,0.1271109879016876,0
"- Ainda não existe comprovação científica, mas sendo monitorada e usada no Brasil e no mundo. Contudo, estamos em Guerra: “Pior do que ser derrotado é a vergonha de não ter lutado.”  - Deus abençoe o nosso Brasil.",kkkkkkkkkk mano vai tomar no seu cu,2,0.0570851936936378,0.9429148435592652,1
"Aí vc, apoiador do Biroliro fala: ""ah, mas a cloroquina é um medicamento que ajuda muito no combate da doença"" Ent... a eficácia nunca foi comprovada, os efeitos colaterais são ESTRONDOSOS, e vai contra a prescrição dada por milhões de doutores na área de saúde.","Um estudo realizado em NYC mostrou que, em múltiplos casos a aplicação de cloroquina causa danos colaterais severos fora em alguns casos resultando na morte dos pacientes pelos mesmos efeitos colaterais. Então não, cloroquina não ajuda no combate ao Covid.",1,0.0571168325841426,0.9428831338882446,0
Bolsonaro finalmente conseguiu forçar o Min. da Saúde a emitir protocolo que libera o uso em massa da cloroquina. Os pacientes terão que assinar um termo assumindo que o remédio não tem eficácia e que pode até matar. É um atentado contra a saúde pública e a vida dos brasileiros.,Quem é de direita toma cloroquina Quem é de esquerda toma urina.,1,0.0571431070566177,0.9428568482398988,1
Bolsonaro finalmente conseguiu forçar o Min. da Saúde a emitir protocolo que libera o uso em massa da cloroquina. Os pacientes terão que assinar um termo assumindo que o remédio não tem eficácia e que pode até matar. É um atentado contra a saúde pública e a vida dos brasileiros.,o raiva q eu senti lendo os comentários desse tweet pqp,2,0.0573712773621082,0.9426287412643432,0
"- Ainda não existe comprovação científica, mas sendo monitorada e usada no Brasil e no mundo. Contudo, estamos em Guerra: “Pior do que ser derrotado é a vergonha de não ter lutado.”  - Deus abençoe o nosso Brasil.","Pra quem ainda não entendeu  No começo da pandemia bolsonaro em seu próprio Twitter disse que tinha a possível cura do covid e já mandou o exército fazer  Com o tempo saiu pesquisas negativas no uso da cloroquina, agora tem que enfiar em todo mundo pra não jogar dinheiro fora",2,0.0575092993676662,0.9424906373023988,1
"Pois é sou leigo mesmo, como pode as pessoas como meus pais e amigos que tiveram malária e tomaram cloroquina e sobreviveram. Mistério que só a ciência responde né amigo.","Sim, só ela mesmo. É motivo de alegria os que sobreviveram. A Cloroquina é uma medida ainda do achismo. E a cada semana de novas publicações, se mostra a sua não Eficácia. Os EUA estão chegando a 100.000, aqui a 20.000 e sem eficácia da Cloroquina, que está sendo usada.",1,0.0575365200638771,0.9424634575843812,1
"- Ainda não existe comprovação científica, mas sendo monitorada e usada no Brasil e no mundo. Contudo, estamos em Guerra: “Pior do que ser derrotado é a vergonha de não ter lutado.”  - Deus abençoe o nosso Brasil.","Caro presidente Bolsonaro. Não sei se vc usa um pouco a mente, mais a cloroquina é um remédio q pode dar reações na pessoa depois do uso. Pegue a cloroquina e experimente ela, vamos ver se ela vai resolver mesmo, não teste as coisas sem saber. #ForaBolsonaro",1,0.0575404800474643,0.942459523677826,1
"Voce está covid dona Maria,vou te prescrever Cloroquina  mas esse remédio funciona doutor, é seguro?  É sim,claro.Só assina esse termo aqui, por favor. pra que doutor? pra senhora dizer q está ciente que há efeitos colaterais e não há evidência de que esse ele funcione.","E pra atestar que se der ruim, vc que lute.",2,0.0575436055660247,0.9424563646316528,0
"Vi no Jornal da Globo uma descrição dos efeitos colaterais da Cloroquina e da Hidroxocloroquina.  A partira daí,  parece que é melhor dar um tiro na própria cabeça do que usar esses medicamentos. Não sei como o pessoal que usou para combater a malária sobreviveu.","Ei, você que toma #cloroquina para tratar malária ou lupus... segundo a Globo, você deveria parar de tomar a medicação imediatamente! Se cuida! E #FiqueEmCasa.",2,0.0575974471867084,0.9424025416374208,1
"Nao,nao existe provas que a #Cloroquina é a cura,mas tu tomava chá de bordo quando ficava doente; a ciência provou que curava/aliviada a doença? Nao,mas tu tomou ne? #COVIDー19 #Bolsonaro",E existem mulheres de relatos de cura. Em um caus como está as pessoas procuram uma cura a todo custo;se discorda estou disposta a te ouvir.,2,0.0576520711183548,0.9423479437828064,0
ainda não existe comprovação científica que a cloroquina funcione mas,vcs nao acham que perdemos muito tempo debatendo sobre cloroquina?,0,0.0576654411852359,0.9423345923423768,1
"- Ainda não existe comprovação científica, mas sendo monitorada e usada no Brasil e no mundo. Contudo, estamos em Guerra: “Pior do que ser derrotado é a vergonha de não ter lutado.”  - Deus abençoe o nosso Brasil.","Sobre as orientações do  que incluí o uso da cloroquina em casos “leves” de covid-19, o PRESIDENTE DA REPÚBLICA AFIRMA: “ainda não existe comprovação científica, mas..” No governo B17 a ciência é acessória e coadjuvante no combate ao vírus.",2,0.0576733164489269,0.9423266649246216,1
"“Redução dos glóbulos brancos, disfunção do fígado, disfunção cardíaca e arritmias”","Parabens ao ""antagonista"" cloroquina  é utilizada desde 1932, e foram vcs que decobriram estes efeitos colaterais ! Parabens mesmo ,estao prestando grande serviço ao país!",1,0.0578444749116897,0.9421555399894714,1
"O novo protocolo sobre o uso da cloroquina editado por Jair Bolsonaro é incrível.  Primeiro porque ele não é assinado por ninguém, nem ministro, nem médico, ninguém.  Depois, porque o paciente tem de assinar termo onde consente que ""não existe garantia de resultados positivos"".","Eu sempre achei isso ridículo. Coloca pro paciente, uma pessoa leiga, nervosa e assustada, a responsabilidade da adesão a um tratamento em meio a pandemia. Fora que já vi muito médico que sequer explica o que é o termo, apenas falam “Pra você tomar assine aqui”.",2,0.0578765533864498,0.9421234726905824,0
"- Ainda não existe comprovação científica, mas sendo monitorada e usada no Brasil e no mundo. Contudo, estamos em Guerra: “Pior do que ser derrotado é a vergonha de não ter lutado.”  - Deus abençoe o nosso Brasil.",como se ele tivesse lutado por algo,2,0.0579653047025203,0.9420347213745116,1
"Olha aí  , continue lutando pelo bem do povo em várias frentes, equilibrando saúde e economia, é o que precisamos que um presidente faça, tome decisões em tempo. Portugal, não teve efeitos colaterais . A esquerda e os opositores mentem .",Só  de uma nos primeiro comentário são  os que estão contra a Cloroquina se dizem que o medicamento não  e nem produz efeito colateral nos pacientes isto que dizer que um um estudo sobre o protocolo da Cloroquina e ela é  eficaz sim .,1,0.058016438037157,0.9419835805892944,0
Cloroquina é tão bom que pra usar vc tem que assinar um termo que se der merda a culpa é sua,imagina vc ir no médico ele te passar um remédio e te pedir p assinar um termo desse kkkkkkk  cê tá é doido,2,0.058070320636034,0.9419296383857728,0
"Nas últimas semanas, por exemplo, vejo que a administração da Ivermectina está trazendo alguns bons resultados. Se, mais na frente, ela se destacar, o trabalho e o tempo concentrado na produção da Cloroquina nunca será recuperado.","Se vc pensar que ""tempo nunca será recuperado"", nunca fará nada na vida. Pra que vou perder meu tempo num curso de faculdade se, após 2 anos, posso mudar de ideia e ter que começar tudo de novo? Pra que vou produzir cloroquina se tem chance de não ser tão boa assim?",1,0.0580984987318515,0.9419015049934388,1
"Apresentei um projeto de decreto legislativo p/ sustar o novo protocolo do  que recomenda uso precoce da cloroquina em pacientes com #Covid19, enqto não houver estudos científicos que comprovem sua eficácia. O presidente não deveria fazer uso político de algo tão sério.","Faz isso, safado, e espera a revolta que vc tá provocando. proibir o uso precoce da cloroquina no SUS é a gota d'água para a explosão social.",1,0.0581296347081661,0.9418703317642212,1
"Voce pesquisou mal           E etc etc tem que filtrar as midias nacionais maioria tbm , tem um estudo ERRADO que fala que a cloroquina nao funciona e outro que sim",Eu já havia lido as matérias que você compartilha e nenhuma delas fala do uso da cloroquina em larga escala. NENHUMA. Todas falam de TESTES. De estudos preliminares (O da Itália fala em teste in vitro). Ou você só lê o título da notícia ou é desonesto.,1,0.0581517145037651,0.9418483376502992,1
Achei que o ministério da saúde ia lançar um super protocolo embasado nos lançados mais recentemente mas basicamente o tto se resume a: Cloroquina + Azitromicina   Não era pela saúde do povo era só birra do governo. Continua burro e desatualizado,"Pessoal, cancela os estudos aí que remédio agora é receitado na base da eleição e clamor popular",0,0.0583021342754364,0.941697895526886,0
"Interessante é ver toda área da ciência contra a Cloroquina, mas, ninguém toma uma providência. Um absurdo a omissão.","Toda área? Esqueceram de avisar os cientistas do Reino Unido,  vão comprar 35 milhões de libras em CLOROQUINA!! Pq será?",1,0.0583195425570011,0.9416804313659668,1
"""Não há provas da eficácia da cloroquina.""  Ora, também não há prova da eficácia de quarentenas/lockdowns.  Por que num caso é exigida prova científica absoluta, e no outro, não?",Tem prova dos respiradores?,2,0.0583298094570636,0.9416701793670654,0
"- Ainda não existe comprovação científica, mas sendo monitorada e usada no Brasil e no mundo. Contudo, estamos em Guerra: “Pior do que ser derrotado é a vergonha de não ter lutado.”  - Deus abençoe o nosso Brasil.",interessante essa estratégia de guerra de dar um tiro nos seus próprios soldados,2,0.0583462044596672,0.9416537880897522,1
Vocês se deram conta? NENHUM profissional de saúde assina o tal protocolo da cloroquina do governo Bolsonaro.,"Os profissionais de saúde podem ser responsabilizados, os oportunistas não.",2,0.0584017075598239,0.9415982961654664,0
"- Ainda não existe comprovação científica, mas sendo monitorada e usada no Brasil e no mundo. Contudo, estamos em Guerra: “Pior do que ser derrotado é a vergonha de não ter lutado.”  - Deus abençoe o nosso Brasil.",Parabéns presidente pela decisão e ousadia em assumir com todas as Letras o uso da cloroquina em estágio inicial.,1,0.0584048405289649,0.9415951371192932,0
"Ainda bem, né! Estavam tão  calados.   Pesquisadores divulgam documento contra a liberação do uso de cloroquina sem comprovação científica","Gente,a Fosfoetalonamina, com 20 anos proporcionando benefícios, a portadores d câncer, foi destruída, por não ter ""comprovação científica"", sendo q tinha a dos seus cientistas, q a manipulavam, e a doavam, sem custos. Até a Assoc. Médica, foi às ruas protestar. Não é esquisito?",2,0.0584086291491985,0.9415913224220276,1
Bolsonaro finalmente conseguiu forçar o Min. da Saúde a emitir protocolo que libera o uso em massa da cloroquina. Os pacientes terão que assinar um termo assumindo que o remédio não tem eficácia e que pode até matar. É um atentado contra a saúde pública e a vida dos brasileiros.,É crime. Denunciemos!!!,2,0.0585243478417396,0.9414756298065186,0
"A verdade às vezes se esconde no óbvio. A eficácia da cloroquina contra o Covid19 pode ser contestada. Mas se a droga fosse tão maléfica à saúde quanto querem uns, ela não estaria sendo utilizada há décadas. Vamos ser razoáveis pessoal.","Mas é usada a décadas para doenças específicas, onde os estudos demonstram quantidade certa de dosagem e tratamento adequado. Um exemplo fácil e definitivo: não se usa aspirina (apesar de ser usada a décadas) para pacientes com dengue pq pode causar hemorragia.",2,0.0585450939834117,0.9414548873901368,1
Bolsonaro finalmente conseguiu forçar o Min. da Saúde a emitir protocolo que libera o uso em massa da cloroquina. Os pacientes terão que assinar um termo assumindo que o remédio não tem eficácia e que pode até matar. É um atentado contra a saúde pública e a vida dos brasileiros.,"Na hora que pegar o covid e tomar a cloroquina escondido, nós não estaremos vendo, mas sua consciência estará dia e noite, e vc lembrará dessas palavras, mas como toda criatura medíocre, será incapaz de admitir... Sem problemas, seu segredo está guardado",1,0.0586900264024734,0.9413099884986876,1
Não há comprovação científica da eficácia da cloroquina.  Quem disse isso? Bolsonaro.  O mesmo Bolsonaro que só liberou novo protocolo sobre o uso em pacientes com quadro leves APÓS editar MP que o isenta de responsabilidade.  Isso é fazer cálculo político com VIDAS!,"Qrido, vou te explicar. O H-Cloroquina é antigo, usado p LÚPUS,MALÁRIA,ZIKA etc, Há 3 meses atrás, era um medicamento comum barato vendido em qualquer farmácia. Ocorre que ele virou ""VENENO politicamente""para que gente como vc sujo, pudesse tentar destruir o  PR .",1,0.0586960427463054,0.9413039684295654,1
"- Ainda não existe comprovação científica, mas sendo monitorada e usada no Brasil e no mundo. Contudo, estamos em Guerra: “Pior do que ser derrotado é a vergonha de não ter lutado.”  - Deus abençoe o nosso Brasil.",Lutando com as armas erradas não vai pra lugar nenhum né meu filho. Quando penso que esse homem não pode ser mais mongolóide ele vai lá e me surpreende.,2,0.0587292499840259,0.9412707686424256,1
"Olha aí  , continue lutando pelo bem do povo em várias frentes, equilibrando saúde e economia, é o que precisamos que um presidente faça, tome decisões em tempo. Portugal, não teve efeitos colaterais . A esquerda e os opositores mentem .","E daqui uns anos nem todo veneno faz efeito a curto prazo, mas e a longo prazo? A OMS ainda não mostrou nenhuma comprovação de sucesso sobre a cloroquina, então pq acha que devemos acreditar em vcs sendo que quem estudo anos não aprova isso ?",1,0.0587344318628311,0.94126558303833,1
"Hoje  tomou uma atitude corajosa, que salvará milhares de vidas: liberou o uso da cloroquina pra todos os casos de COVID-19 no SUS, mesmo os leves  Basta o paciente autorizar o uso do medicamento, que tem se mostrado muito eficaz em diversas partes do mundo",O PACIENTE DECIDE... o mesmo paciente que não entende porra nenhuma de nenhum remédio e vai depositar todas as fichas em algo que comprovadamente NÃO FUNCIONA!!! Assim os irresponsáveis lavam as mãos.,2,0.058754876255989,0.941245138645172,1
"Apresentei um projeto de decreto legislativo p/ sustar o novo protocolo do  que recomenda uso precoce da cloroquina em pacientes com #Covid19, enqto não houver estudos científicos que comprovem sua eficácia. O presidente não deveria fazer uso político de algo tão sério.",O remédio é usado há mais de 70 anos. Vc já foi ministro da saúde. Por que na sua gestão não o suspendeu se ele faz tanto mal??? Cinismo???,2,0.0587717331945896,0.9412283301353456,1
"- Ainda não existe comprovação científica, mas sendo monitorada e usada no Brasil e no mundo. Contudo, estamos em Guerra: “Pior do que ser derrotado é a vergonha de não ter lutado.”  - Deus abençoe o nosso Brasil.",Bolsonaro deu a Liberdade para Médicos e Pacientes decidirem sobre a administração do Medicamento. Isso é Democracia!!! Isso é Respeito ao Cidadão!!!  Fossem os Governadores Ditadores todos seriam Obrigados a usar.,2,0.0587826110422611,0.9412174224853516,0
"- Ainda não existe comprovação científica, mas sendo monitorada e usada no Brasil e no mundo. Contudo, estamos em Guerra: “Pior do que ser derrotado é a vergonha de não ter lutado.”  - Deus abençoe o nosso Brasil.",o presidente de vcs é engraçado viu,2,0.0588125474750995,0.9411874413490297,1
"Não dá para fazer brincadeira, né? 1.179 mortes em 24 horas e fazer piada com cloroquina ou tubaína!","É  infelizmente ele tem que ser irônico mesmo, pq vcs não deixam ele trabalhar.  Se tivessem usado hidroxicloroquina a 60 dias qdo ele sugeriu pelo menos 50% das vítimas fatais que o SUS mandou voltar pra casa e voltaram 2 dias depois morrendo, estariam vivos. FATO!",2,0.058824598789215,0.9411754012107848,1
"""Nós não faremos a distribuição e nem aplicação generalizada da cloroquina, porque a ciência não recomenda"", disse o governador de São Paulo, João Doria.",Babaca a ciência nessa do corona está tão desmoralizada  com a opinião pública quanto você. Mais perdidos que cego em tiroteio. Otário!,2,0.0588667020201683,0.9411332607269288,0
Aham... Irresponsáveis por salvar vidas!,Irresponsáveis porque desprezam o que diz a ciência.  Tome Cloroquina . Eu prefiro Tubaína.,2,0.0589142479002475,0.9410857558250428,1
"Por efeitos médicos, a tubaína causa menos mal q a cloroquina, mas se tem chance de salvar (matar) pessoas, pq não propagar um geno... uma cura milagrosa?","Bolsominions, vocês precisam decidir ,ou defendem que covid-19 é mito ou defendem que cloroquina é eficaz, os dois não dá ... Já que o covid-19 é mito, então pra que a cloroquina???",0,0.0589266084134578,0.9410734176635742,0
"- Ainda não existe comprovação científica, mas sendo monitorada e usada no Brasil e no mundo. Contudo, estamos em Guerra: “Pior do que ser derrotado é a vergonha de não ter lutado.”  - Deus abençoe o nosso Brasil.","É! Sim! Sim! Sim! Você prefere que os brasileiros tenham suas vidas perdidas só para dizer que ""Pior do que ser derrotado é a vergonha de não ter lutado"" isso Bolsonaro! Queria ver se fossem os seus familiares servindo de ""cobaias"" (...)",2,0.0590115301311016,0.9409884214401244,1
"Cara Thaís, a maior crítica não é em relação aos efeitos colaterais. Como você mesma diz, a maioria dos remédios os tem. A grande crítica é que a absoluta maioria dos cientistas (e dos estudos realizados) não indica a cloroquina.","Eu sei e concordo contigo. Mas me referi a um diálogo específico, onde a pessoa me falou que Cloroquina mata, mas ao mesmo tempo esquece que toda medicação tem seus efeitos, tomando remédio para emagrecer, contando apenas que emagrece. Td há risco.",1,0.0590445473790168,0.940955400466919,0
Cloroquina é igual ingresso pra jogo do Vasco. Tu pega aquilo ali mas não tem garantia nenhuma que vai dar certo e os efeitos colaterais podem ser desastrosos para a saúde,Minha esposa está grávida e pegou tomou cloroquina por conta própria hoje tanto ela como o bebê estão ótimas. fiquei pensando se não fez mal a gestante e a um feto verdadeiramente não existe efeito colateral apenas políticos querendo se beneficiar do momento!,1,0.0590983107686042,0.9409016966819764,1
"Apresentei um projeto de decreto legislativo p/ sustar o novo protocolo do  que recomenda uso precoce da cloroquina em pacientes com #Covid19, enqto não houver estudos científicos que comprovem sua eficácia. O presidente não deveria fazer uso político de algo tão sério.","Maldito, filho da p**** desgraçado, sabe que se pagar a po** do vírus vai ser tratado com a po** da Cloroquina, vc quer matar a população mais carente, cretino!!",1,0.059101041406393,0.9408989548683168,1
"Hoje  tomou uma atitude corajosa, que salvará milhares de vidas: liberou o uso da cloroquina pra todos os casos de COVID-19 no SUS, mesmo os leves  Basta o paciente autorizar o uso do medicamento, que tem se mostrado muito eficaz em diversas partes do mundo","Boa iniciativa, isso mesmo temos que preocupar em salvar vidas  Segue eu lá kkkk",2,0.059103962033987,0.9408960938453674,0
Bolsonaro finalmente conseguiu forçar o Min. da Saúde a emitir protocolo que libera o uso em massa da cloroquina. Os pacientes terão que assinar um termo assumindo que o remédio não tem eficácia e que pode até matar. É um atentado contra a saúde pública e a vida dos brasileiros.,Cloroquina tem protocolo sequer assinado. Vergonha.,1,0.0591609962284565,0.9408389925956726,0
"Marinho e seus especialistas. Cloroquina pode levar a óbito súbito? Quem tem malária, lúpus e artrite pode parar de tomar já, doutor? ""Toda a comunidade médica"". Fale por si. O Conselho Federal de Medicina confirmou o protocolo.  E aí, doutor especialista dos marinho?","São canalhas da pior espécie, quer dizer que é melhor não tomar é morrer de malária??!!!! Cretinos.",2,0.0591951124370098,0.9408048987388612,0
"Vocês querem vergonha maior do que uma Associação Médica que teoricamente representa o conjunto das Sociedades Científicas, escrever uma nota como esta (abaixo) na contramão das principais Sociedades de Especialidades que a compõem e estão na linha de frente?","Gente, atenção!!!! Recusem a cloroquina! Mesmo que os médicos prescrevam, você não é obrigado a tomar!!!",2,0.0592041797935962,0.9407958388328552,0
"Voce está covid dona Maria,vou te prescrever Cloroquina  mas esse remédio funciona doutor, é seguro?  É sim,claro.Só assina esse termo aqui, por favor. pra que doutor? pra senhora dizer q está ciente que há efeitos colaterais e não há evidência de que esse ele funcione.","Assine aqui, vai que você morre né.",2,0.0592575222253799,0.9407424330711364,0
Não há comprovação científica da eficácia da cloroquina.  Quem disse isso? Bolsonaro.  O mesmo Bolsonaro que só liberou novo protocolo sobre o uso em pacientes com quadro leves APÓS editar MP que o isenta de responsabilidade.  Isso é fazer cálculo político com VIDAS!,Quando chegar sua vez diga para o médico que vc não quer cloroquina. Maia irá te salvar do corona entrando com liminar contra ela.,1,0.0592731200158596,0.9407268166542052,1
"Ou a cloroquina não funcionou ou ele errou pq, ao contrário do que diz o presidente (a quem ele segue), deixou pra usar muito tarde.  Foi o quê? Falta de provas médicas ou desobediência política?","Qual provas médicas você precisa, a da esquerda? Porque o mundo está tratando seus pacientes com cloroquina.",1,0.0593172684311866,0.9406827688217164,1
"Olha aí  , continue lutando pelo bem do povo em várias frentes, equilibrando saúde e economia, é o que precisamos que um presidente faça, tome decisões em tempo. Portugal, não teve efeitos colaterais . A esquerda e os opositores mentem .","Será que Portugal está mentindo ? Com certeza isso.nao vai passar na #Globolixo,  se fosse uma declaração de que a Cloroquina deu efeitos colaterais, aí sim, passaria em.todas as edições do jornal mais.imundo do Pais. Lamentável",2,0.0593579374253749,0.9406420588493348,0
"Vi no Jornal da Globo uma descrição dos efeitos colaterais da Cloroquina e da Hidroxocloroquina.  A partira daí,  parece que é melhor dar um tiro na própria cabeça do que usar esses medicamentos. Não sei como o pessoal que usou para combater a malária sobreviveu.","Idiota, qualquer medicamento tem efeito colateral.  Na dosagem que cloroquina ou hidroxicloraquina está sendo preconizada os efeitos colaterais são mínimos ou inexistentes. Que tanta politicagem sacana em cima dessa medicação.",1,0.0593944899737834,0.9406055212020874,1
"Uma análise do protocolo do Ministério da Saúde sobre o uso precoce da HCQ/Cloroquina no #Covid_19 . Ele é uma afronta ao pensamento científica e a medicina séria, que se importa com as vidas em jogo","Sigam o cordel do Rodolfo, que é pneumologista, para entender o tamanho do absurdo que é esse protocolo de cloroquina /hidroxicloroquina.",2,0.0595538988709449,0.9404460787773132,0
"- Ainda não existe comprovação científica, mas sendo monitorada e usada no Brasil e no mundo. Contudo, estamos em Guerra: “Pior do que ser derrotado é a vergonha de não ter lutado.”  - Deus abençoe o nosso Brasil.",Que vergonha namoral msm,2,0.059555310755968,0.9404447078704834,1
"“Redução dos glóbulos brancos, disfunção do fígado, disfunção cardíaca e arritmias”","Me poupe! Como são tratadas as pessoas com doenças reumáticas e lúpus? Por acaso você já leu a bula do Citrato de Tamoxifeno, remédio que faço uso há 04 anos e nem por isso estou morta? Cloroquina salva vidas, só não faz bem ao bolso de vocês, salvo o mérito que isso daria ao JB.",1,0.0595866106450557,0.9404134154319764,1
"O pres. Jair Bolsonaro luta contra o establishment para efetivar o uso da Cloroquina , no combate ao coronga, e salvar vidas. Os semi deuses do   já se mobilizam para barrar o protocolo. Um cabo e um soldado, por favor.","Bando de criminoso tentando proibir o protocolo da cloroquina porque a ""ciência ainda não comprovou"".  Mas um bando de médico rico tomou e se curou.  Mas o povo não pode escolher se toma ou não.  Brasileiro é o povo mais passivo e bunda mole que existe.",0,0.059604674577713,0.9403952956199646,0
"- Ainda não existe comprovação científica, mas sendo monitorada e usada no Brasil e no mundo. Contudo, estamos em Guerra: “Pior do que ser derrotado é a vergonha de não ter lutado.”  - Deus abençoe o nosso Brasil.","Essa merda aq e o presidente do Brasil, a única luta pra guerra no momento e o isolamento social e a cada dia o mundo INTEIRO mostra como ele e eficiente",2,0.0596547536551952,0.9403452277183532,1
"A verdade às vezes se esconde no óbvio. A eficácia da cloroquina contra o Covid19 pode ser contestada. Mas se a droga fosse tão maléfica à saúde quanto querem uns, ela não estaria sendo utilizada há décadas. Vamos ser razoáveis pessoal.","Você falou bem RAZOÁVEL  , então por favor quem usa bomba, droga ( lícita ou ilicita) , avise ao ser utilizado..",2,0.059830866754055,0.940169095993042,-1
"- Ainda não existe comprovação científica, mas sendo monitorada e usada no Brasil e no mundo. Contudo, estamos em Guerra: “Pior do que ser derrotado é a vergonha de não ter lutado.”  - Deus abençoe o nosso Brasil.",Então o que está esperando: vá procurar um campo de batalha procê coisa ruim!,2,0.0598557479679584,0.9401442408561708,1
"- Ainda não existe comprovação científica, mas sendo monitorada e usada no Brasil e no mundo. Contudo, estamos em Guerra: “Pior do que ser derrotado é a vergonha de não ter lutado.”  - Deus abençoe o nosso Brasil.","Já podia parar na primeira vírgula, faria mais sentido e menos vergonha",2,0.0598686151206493,0.9401313662528992,1
"- Ainda não existe comprovação científica, mas sendo monitorada e usada no Brasil e no mundo. Contudo, estamos em Guerra: “Pior do que ser derrotado é a vergonha de não ter lutado.”  - Deus abençoe o nosso Brasil.",Essa é a hora que todo mundo vira cobaia ?,2,0.0598932802677154,0.9401067495346068,1
Bolsonaro finalmente conseguiu forçar o Min. da Saúde a emitir protocolo que libera o uso em massa da cloroquina. Os pacientes terão que assinar um termo assumindo que o remédio não tem eficácia e que pode até matar. É um atentado contra a saúde pública e a vida dos brasileiros.,"Hoje falei com um colega e ele deu graças a Deus que tomou cloroquina e azitromicina no início da covid 19, e ficou bom.  Quem puder tome sim.",1,0.0598970726132392,0.9401029348373412,1
Não há comprovação científica da eficácia da cloroquina.  Quem disse isso? Bolsonaro.  O mesmo Bolsonaro que só liberou novo protocolo sobre o uso em pacientes com quadro leves APÓS editar MP que o isenta de responsabilidade.  Isso é fazer cálculo político com VIDAS!,"Não seja canalha, eu fui curado pela cloroquina, Reino Unido comprou mais de 30 milhões de doses. O remédio funciona sim",1,0.0599300824105739,0.9400699734687804,1
"Agora se a cloroquina não diminuir o número de mortes já sabem né... a culpa vai ser da mídia que estaria ""mentindo"", dos médicos que serão acusados de SUPER-notificação, etc...",ah cê me descupa mas se tu tá usando cloroquina e dando ouvido ao bolson*ro cê tem mais que se fuder mesmo,0,0.0600507594645023,0.9399492144584656,0
Bolsonaro finalmente conseguiu forçar o Min. da Saúde a emitir protocolo que libera o uso em massa da cloroquina. Os pacientes terão que assinar um termo assumindo que o remédio não tem eficácia e que pode até matar. É um atentado contra a saúde pública e a vida dos brasileiros.,"Bolsonaro assinou, liberou a cloroquina? Então seria hora de desobediência civil.",0,0.0601169764995574,0.93988299369812,0
"- Ainda não existe comprovação científica, mas sendo monitorada e usada no Brasil e no mundo. Contudo, estamos em Guerra: “Pior do que ser derrotado é a vergonha de não ter lutado.”  - Deus abençoe o nosso Brasil.","Olá miliciano semi analfabeto fdp, tudo bem? E de onde vc tirou isso? Quem da família frutinha fez isso? Porque vc não se trata com cloroquina? De exemplo!!",1,0.0601701140403747,0.93982994556427,1
"Tomo cloroquina há 16 anos. A dosagem é super- controlada através de exames periódicos. O uso excessivo pode danificar rins, fígado, pâncreas além da questão cardíaca! Esse irresponsável que que a população se exploda!!!","Toma o remédio a 16 anos  só a Márcia e alguns ricos podem se tratar com a cloroquina, o pobre do sus não pode, faz mal",1,0.0602290220558643,0.9397709369659424,1
Bolsonaro finalmente conseguiu forçar o Min. da Saúde a emitir protocolo que libera o uso em massa da cloroquina. Os pacientes terão que assinar um termo assumindo que o remédio não tem eficácia e que pode até matar. É um atentado contra a saúde pública e a vida dos brasileiros.,"O Presidente  eleito por 57 milhoes de Brasileiros (Fora dezenas de milhoes de votos desviados na urna eletrônica para diminuir a vergonha da indignação do Povo com a esquerda)  Foi bem claro "" Usa Cloroquina receitada pelos medicos só quem quizer """,2,0.0602587312459945,0.9397412538528442,1
"10. CONCLUSÃO  O sentido desse protocolo é POLÍTICO e é muito GRAVE.  Contra as evidências científicas, querem que as pessoas acreditem que cloroquina trata Covid-19.  E que, por isso, já pode acabar o isolamento.  Estão forçando para que pessoas sejam postas em risco de morrer.","Leiam o fio do início ao fim, mas o objetivo desse protocolo sem pé nem cabeça esse esse aqui:",2,0.0603008903563022,0.9396991729736328,0
50 estudos científicos que comprovam a eficácia da cloroquina.,"Algum desses estudos mostra a eficacia contra o Covid-19?  Cloroquina é um remedio muito usado é obvio q ele é eficaz mas de qq adianta um remedio q combate a microcefalia em pacientes com zika, contra o coronavirus?",1,0.0603314787149429,0.9396685361862184,1
"Apresentei um projeto de decreto legislativo p/ sustar o novo protocolo do  que recomenda uso precoce da cloroquina em pacientes com #Covid19, enqto não houver estudos científicos que comprovem sua eficácia. O presidente não deveria fazer uso político de algo tão sério.","Vc não passa de um maldito! Se os hospitais particulares estão salvando vidas com a cloroquina, por que o SUS não pode salvar a vida dos pobres? Seu maldito, mil vezes maldito! Quero que justiça te alcance sem piedade, velho maldito!",1,0.060366902500391,0.9396330714225768,1
Não há comprovação científica da eficácia da cloroquina.  Quem disse isso? Bolsonaro.  O mesmo Bolsonaro que só liberou novo protocolo sobre o uso em pacientes com quadro leves APÓS editar MP que o isenta de responsabilidade.  Isso é fazer cálculo político com VIDAS!,"Faz o seguinte.....se você for contaminado e tiver dificuldade respiratória resista, não tome a Cloroquina, fique aguardando alguém desenvolver algo melhor... Você sabe o que é Livre Arbítrio ????",1,0.0604248978197574,0.9395750761032104,1
"- Ainda não existe comprovação científica, mas sendo monitorada e usada no Brasil e no mundo. Contudo, estamos em Guerra: “Pior do que ser derrotado é a vergonha de não ter lutado.”  - Deus abençoe o nosso Brasil.","Mano, eu devo tá vivendo numa realidade paralela, o demente posta um negócio desse assim na cara dura.... Não é possível. Volta Golden shower!",2,0.0604544840753078,0.939545512199402,1
"- Ainda não existe comprovação científica, mas sendo monitorada e usada no Brasil e no mundo. Contudo, estamos em Guerra: “Pior do que ser derrotado é a vergonha de não ter lutado.”  - Deus abençoe o nosso Brasil.",cara vai se fuder vai SE FUUUDEEEERRRR,2,0.0604616031050682,0.9395383596420288,1
"“Redução dos glóbulos brancos, disfunção do fígado, disfunção cardíaca e arritmias”","E pq os doentes c lúpus, vivem tao bem tendo experiência com cloroquina?????",1,0.0605382621288299,0.9394617676734924,1
Não há comprovação científica da eficácia da cloroquina.  Quem disse isso? Bolsonaro.  O mesmo Bolsonaro que só liberou novo protocolo sobre o uso em pacientes com quadro leves APÓS editar MP que o isenta de responsabilidade.  Isso é fazer cálculo político com VIDAS!,"Vc que é o bam bam e tem a solução para tudo, o que fazer? A cloroquina é sim, uma esperança para quem está com covid19.",1,0.0605560764670372,0.9394439458847046,1
"Não dá para fazer brincadeira, né? 1.179 mortes em 24 horas e fazer piada com cloroquina ou tubaína!","E jornalismo? Dá? Fala a verdade, todo mundo sabe q foram 225 mortes em três dias, agora c a cloroquina isso vai melhorar muito, xiiiiiii vai diminuir o número de mortes p vcs anunciarem",1,0.0606715381145477,0.93932843208313,1
"Ainda assim a opção de não aceitar ela existe, continua não havendo uma obrigatoriedade, concorda?  Vc disse Cloroquina?  Enfim, qto a cloroquina, existem outros medicamentos sendo utilizados, é só não tomá-la, assim como o seu prédio, não há obrigatoriedade nenhuma em adquiri-la","Não aceitar, até a página 2 né meu caro? A realidade é outra.. e dura Agora BolsoASNO que enfiar cloroquina guela abaixo com tanto outro remédio sendo ministrado.... Cego é quem não quer ver. Anteontem mesmo morreu um deputado daqui: Registro: INFARTO.  Com 7 dias de internação",1,0.0607053376734256,0.939294695854187,1
Bolsonaro finalmente conseguiu forçar o Min. da Saúde a emitir protocolo que libera o uso em massa da cloroquina. Os pacientes terão que assinar um termo assumindo que o remédio não tem eficácia e que pode até matar. É um atentado contra a saúde pública e a vida dos brasileiros.,ASSASSINO!!!!!,2,0.0607329122722148,0.9392670392990112,0
"Apresentei um projeto de decreto legislativo p/ sustar o novo protocolo do  que recomenda uso precoce da cloroquina em pacientes com #Covid19, enqto não houver estudos científicos que comprovem sua eficácia. O presidente não deveria fazer uso político de algo tão sério.","Pra barrar isolamento sem comprovação científica nada, nada!",2,0.0608869455754756,0.9391130805015564,1
"Hoje  tomou uma atitude corajosa, que salvará milhares de vidas: liberou o uso da cloroquina pra todos os casos de COVID-19 no SUS, mesmo os leves  Basta o paciente autorizar o uso do medicamento, que tem se mostrado muito eficaz em diversas partes do mundo","Muito corajosa a atitude do teu pai. A ciência não autoriza, mas o Bozo, corajosamente sim, autorizou.",2,0.0609092265367507,0.9390907883644104,1
"tomado a frente e reagido era uma coisa. Primeiro chamou o vírus de ""uma gripezinha"", depois foi na contramão da comunidade científica MUNDIAL e foi contra o isolamento. Agora fica disseminando uma informação FALSA de que a cloroquina é 100% eficaz contra a doença e as pessoas+","Primeiro, no mundo não existe nada  que seja 100%, segundo quem falou sobre a eficácia da hidroquixocloroquina foi o maior infectologista do mundo, e outra, vários médicos que se contaminaram usaram este remédio e se curaram, entre eles o David Uip.",1,0.0609275847673416,0.9390724301338196,1
"- Ainda não existe comprovação científica, mas sendo monitorada e usada no Brasil e no mundo. Contudo, estamos em Guerra: “Pior do que ser derrotado é a vergonha de não ter lutado.”  - Deus abençoe o nosso Brasil.","Então encha seu cu de cloroquina, seu filho da puta desgraçado!!!!!!",1,0.0609335526823997,0.9390664100646972,1
"Hoje  tomou uma atitude corajosa, que salvará milhares de vidas: liberou o uso da cloroquina pra todos os casos de COVID-19 no SUS, mesmo os leves  Basta o paciente autorizar o uso do medicamento, que tem se mostrado muito eficaz em diversas partes do mundo","Usa quem quem !! Direita toma  Cloroquina e Esquerdista toma tubaína  simples assim!! Esquerdopatas que vão a merda junto com o corona vírus, não gostou vai lá e toma a vacina do Ching Ling! E pronto!!  #BrasilComBolsonaro",2,0.0609346590936183,0.9390653371810912,0
"- Ainda não existe comprovação científica, mas sendo monitorada e usada no Brasil e no mundo. Contudo, estamos em Guerra: “Pior do que ser derrotado é a vergonha de não ter lutado.”  - Deus abençoe o nosso Brasil.","A pior vergonha é ter um covarde num cargo presidencial. Não é questão de ser derrotado ou de vencer. São pessoas, vidas em jogo. São Mães, Pais, avós, filhos... Pessoas que tem família. São vidas, vidas. Não se atira no escuro assim. Não é assim que funcionam as coisas.",2,0.0610084421932697,0.9389915466308594,1
"- Ainda não existe comprovação científica, mas sendo monitorada e usada no Brasil e no mundo. Contudo, estamos em Guerra: “Pior do que ser derrotado é a vergonha de não ter lutado.”  - Deus abençoe o nosso Brasil.","Quanto interesse na cloroquina você e o seu love, Trump, tem. Por que será?",1,0.0611078962683677,0.9388920664787292,1
"Hoje  tomou uma atitude corajosa, que salvará milhares de vidas: liberou o uso da cloroquina pra todos os casos de COVID-19 no SUS, mesmo os leves  Basta o paciente autorizar o uso do medicamento, que tem se mostrado muito eficaz em diversas partes do mundo","tem se mostrado muito eficaz em diversas partes da sua cabeça vazia, só se for.  nem o próprio Ministério da Saúde acredita na eficácia desse tratamento",2,0.0611981824040412,0.9388017654418944,1
Bolsonaro finalmente conseguiu forçar o Min. da Saúde a emitir protocolo que libera o uso em massa da cloroquina. Os pacientes terão que assinar um termo assumindo que o remédio não tem eficácia e que pode até matar. É um atentado contra a saúde pública e a vida dos brasileiros.,A que ponto nós chegamos? Ninguém vai parar esse genocida?,2,0.0612784475088119,0.9387215375900269,0
"Aos que apoiam a cloroquina, a tubaína ou o confinamento total é bom lembrar que para a ciência no importa nem a sua ideología... nem a sua opinião. A ciência é assim de simples.","Antes a religião se opunha a ciência , hoje é a politica!!!",2,0.0614183358848094,0.938581645488739,0
"- Ainda não existe comprovação científica, mas sendo monitorada e usada no Brasil e no mundo. Contudo, estamos em Guerra: “Pior do que ser derrotado é a vergonha de não ter lutado.”  - Deus abençoe o nosso Brasil.",Faça um pronunciamento em rede nacional mostrando o sucesso da cloroquina em evitar internações no Piauí e outros lugares do Brasil e do mundo!!!,1,0.0615099892020225,0.9384899735450744,0
"Além dos efeitos colaterais graves da cloroquina, a interação da mesma com a azitromicina catapulta o risco de arritmia cardíaca. Não é política... É ciência!","Você sabe que o estudo de Manaus com pesquisadores da Fiocruz foi assassinato, não é? Ministraram dez vezes mais a dose recomendada.",1,0.0615119896829128,0.9384880661964417,1
Bolsonaro admite que não há comprovação científica de eficácia da cloroquina contra a covid-19 (via ),Queria saber tb se há comprovação científica que o Adélio Bispo é retardado... Bora deixar uns médicos fazer exame nele STF?,2,0.0615298487246036,0.9384701251983644,0
