tweet_1,tweet_2,Class,Conflict_Caio,Conflict_Victor
"#AbortoNao crianças em internatos não é consequência de não abortar, e sim de abandono. A legislação já atende quando necessário (estupro, acéfalo, risco de vida), é o suficiente. Agora, abortar após uma noite de não prevenção é um absurdo.",0 ARGUMENTOS pra esse povo q apoia aborto #AbortoSim,0,0.0,0.0
#AbortoNao  Não vamos deixar o STF legislar mais uma vez sobre um assunto tão importante!,"#AbortoSim  o feto não é considerado humano antes dos três meses. não sente dor. não tem cérebro. não tem coração, muito menos terminações nervosas.  mas o feto é humano quando tem 7, 8, 9 anos de idade e mora na rua, quando está passando fome e quando está sendo abusado.",0,1.0,1.0
#AbortoNao é um crime o  pautar um assunto tão polêmico para este momento. Parece que os deuses de toga querem aprovar tudo que querem a toque de caixa.  Eu tenho vergonha do STF,Quem comete aborto mata um ser inocente que não vai ter a oportunidade de desfrutar da vida. #AbortoNao,0,0.0,0.0
"Tentar reduzir o aborto a uma questão de saúde pública ou a decisões exclusivas de mulheres não significam outra coisa senão negligenciar, de forma arbitrária, autoritária e ideológica,  a natureza de que o embrião é uma pessoa! Um ser humano!   #AbortoNao",Todos os homens são contra o aborto até o dia em que a amante engravida #AbortoSim,0,1.0,1.0
"#AbortoNao ou #AbortoSIM  Não tenho útero, então prefiro não opinar.",O Brasil é cristão e conservador! #AbortoNao,0,0.0,0.0
Stf canalhas mil vezes #AbortoNao,#AbortoNAO Enquanto estamos em quarentena para supostamente salvar vidas... O STF tenta liberar o aborto?  Sendo que estamos presos em casa e sem liberdade de locomoção?  Nem ir às ruas protestar podemos?  V A G A B U N D O S,0,0.0,0.0
#AbortoSim só pra subir a tag,O oportunismo da morte.  #AbortoNao,0,1.0,-1.0
#AbortoNao E como sempre os abortistas não variam nos argumentos. Em uma breve procurada nessa hashtag eu encontrei: Ah mas e as crianças do orfanato? Ah mas e as mulheres que morrem de aborto? Ah mas homem não pode opinar Ah mas se o papa tivesse útero o aborto era legal...,quem quiser faz quem não quiser não faz simples assim #AbortoSim,0,1.0,1.0
"Vivemos em um Estado Laico, onde as decisões políticas não devem ser tomadas por valores morais e religiosos. Descriminalizar o aborto é dar condições para que as mulheres continuem vivas. É caso de saúde pública!  #AbortoSim","STF pautou ABORTO para dia  24 , no auge da Pandemia. Enquanto dormimos, STF cumpre a pauta  dos COMUNISTAS para assassinar indefesos !  STF, diz que quer salvar vidas prendendo as pessoas em casa com fome , enquanto pauta assassinatos, de bebês.  #AbortoNAO",0,1.0,1.0
sempre fui a favor da vida #AbortoNAO,"#AbortoNunca Me poupe de homens ficarem dizendo o que as mulheres devem fazer com seu corpo. Afinal, não são eles que terão de parir após 9 meses de gestação! #AbortoSim",0,1.0,1.0
#AbortoSim É um direito!,Podem tentar contemporizar. Podem tentar relativizar. Podem tentar criar exceções.  Mas o fato é que o aborto só se concretiza com a morte do filho autorizada pela própria mãe.  #AbortoNao,0,1.0,1.0
Diga não ao assassinato de inocentes! #AbortoNao,"""Aquele que me fez no ventre materno não os fez também? Não foi ele que nos formou, a mim e a eles, no interior de nossas mães?""  Jó 31:15 #AbortoNao",0,0.0,0.0
#AbortoNao  Querem matar crianças agora? Absurdo!!!,"Quando uma pessoa morre, você não pode simplesmente tirar seus órgãos para doação se ela não deu consentimento em vida. Uma mulher viva não pode abortar por não ter direito sobre o próprio corpo. O direito de uma mulher vale menos do que o de uma pessoa morta?  #AbortoSim",0,1.0,1.0
"Ao querer desidratar o Executivo, o STF e o Congresso podem estar tirando a relevância de si mesmos. A população já começa a resgatar em quem ela votou para deputado estadual.  Se a política vai girar em torno dos governadores, Brasília desaparece.  #FicaEmCasaMandetta #AbortoNao","Não se envolva em falsas acu­sações nem condene à morte o inocente e o justo, porque não absolverei o culpado. Êxodo 23:7 #AbortoNao  #AbortoSim Deus de sabedoria para este entendimento... Deus abençoe a todos...",0,0.0,0.0
#AbortoNao legalizado tá matando mulheres. Legalizaaaaaaa!,"Tweet de Maurício Costa () Maurício Costa () tweetou: Todo mundo que apoiava a escravidão era livre, todo mundo que apoia o aborto já nasceu.   Falam em ""aborto seguro"". Pergunto, para quem? Afinal, o bebê sempre morre. #AbortoNao",0,1.0,1.0
O Brasil vai ter que Ucranizar. #AbortoNAO #FiqueEmCasaMandetta #ChegouHoraDoChega  #BolsonaroEstavaCerto  #MonarquiaJa  #olavotemrazao,"#AbortoSim #abortonao aproveitando que a discussão veio a tona, recomendo que assistam esse video do Canal do Slow:   E nessa casa nós somos #AbortoSIM",0,0.0,-1.0
"#AbortoNao e importante dizer que isso não questão de opinião e sim saúde pública, não e legalizado o aborto de um feto formado somente até o ponto em que a gestação e apenas um precesso químico, e quem apoia nao e satanistas só tem o minino de bom senso","Não é questão de religião e sim de saúde pública, mulheres vão continuar abortando sendo legalizado ou não, pelo menos dê condições melhores para que elas não morram junto com o feto. Obrigada. #AbortoSim",0,0.0,0.0
#AbortoNao bora interagir pela vida!,"Aproveitando a tag #AbortoNao, gostaria d estatar q eu saía c um cara q era contra o aborto e condenava mulheres q ja abortaram, ms ele só transava sem camisinha KKKKKKK ainda bem q pulei fora e n fiz nada c esse mongol",0,0.0,0.0
"Ser a favor do aborto vai contra tudo o que eu acredito, então EU jamais faria, mas vivendo em um país LAICO, não posso e nem devo interferir e opinar nas escolhas de outras pessoas, então se VOCE é contra apenas não faça e cale a boca. #AbortoNao #AbortoSim",Hoje eu perco essa conta. Mas foda-se!   Eu irei xingar todos os defensores de assassinato de crianças.  #AbortoNAO,0,1.0,1.0
"mulher tirar o feto não pode agora o homem abandonar a criança COM VIDA, sumir, não da satisfação, não criar, não alimentar, não da assistência, pode ""AmAS ElEh NAum MaTOu"" ava pa puta que pariu #AbortoSim",A porra do Estado é laico e esse deveria ser o motivo mais que suficiente para legalizar.  #AbortoNao,0,0.0,0.0
Hoje os defensores de assassinato de crianças estão saindo do inferno.  #AbortoNAO,"Sou só time #AbortoSim  A mulher faz o que ela quer! Se quer tirar o feto, que tire. Infelizmente não temos métodos seguros pra isso. Espero que em um futuro, o aborto seja legalizado.",0,1.0,1.0
"#AbortoSIM #AbortoNao  tanto faz a pessoa faz se ela quiser, o corpo é dela caralho. Achei que isso já tava na cara.","#AbortoNao é o caralho! Não ensinam educação sexual pros jovens, não montam uma estrutura social onde o jovem possa poder assumir melhor o próprio erro e vocês vem com essa de querer responsabilizar depois! Larga de moralismo seus bando de hipócritas",0,0.0,0.0
Não devemos se meter em feto alheio  #AbortoSIM,"Vocês não entendem que mesmo que não seja legalizado o aborto ainda vai acontecer ilegalmente, aborto ilegal põe em risco a vida da mãe também e muito melhor fazer do jeito certo. #AbortoNao",0,0.0,0.0
#AbortoNAO ... Não a morte de bebês ...,"STF assassinos, Corruptos, vagabunos, fechem logo essa merda. #AbortoNao",0,0.0,0.0
"Se um feto fosse um indivíduo dotado de direitos, incluindo o direito à vida, mulheres grávidas poderiam fazer seguro de vida ou até passar propriedades para eles. Teriam também desconto no imposto de renda por terem um dependente, já que fetos são “bebês”. #abortosim",STF aproveitando crise para legalizar aborto.  Não podemos permitir. #AbortoNao,0,0.0,1.0
#AbortoNao respeite as duas vidas,Aborto é o caralho #AbortoNao,0,0.0,0.0
#AbortoNao Tem que ser muito idióta para ser a favor do aborto,#AbortoNao Assassinato de bebês não!,0,0.0,0.0
"Em meio à pandemia e palavras de todos em preocupação com as vidas, o STF resolve deliberar sobre aborto. Os humanistas que se alimentam de fetos já lambem os lábios.  #AbortoNao",#AbortoSim Eu vendo esses macho falando merda no tt. Só vem dar opinião quando vcs puderem parir uma criança,0,-1.0,1.0
A questão do aborto e do coronavírus é bem diferente. Uma é questão de liberdade de escolha para umas mulheres e o outro é sobre uma pandemia. Não misturem assuntos desse gêneros pois um não tem nada ave com o outro querer fazer isso é ser muito ignorante #AbortoNao,"Foda desse debate sobre aborto é que como sempre... não é um debate. Segundo, sempre vem  uns argumento óbvio pra cacete como: ""amas pela CIÊNCIA não é  considerado vida até *insira um mês aleatório* blabla"" so que nem a ciência  entra em consenso nisso. #AbortoNao",0,0.0,0.0
"#AbortoNao machos, vão dá o cu",Porquê ao invés de falarmos do ABORTO que (Mata) !  Não falamos do Planejamento familiar que (Salva) ? #AbortoNao,0,1.0,1.0
Votem e justifique sua resposta. #AbortoNAO #AbortoSim,Aborto complica o destino. #AbortoNao,0,0.0,0.0
#AbortoSim veio na hora certa o trending,"Mas eu sinto que o maior destruidor da paz hoje é o aborto, porque é uma guerra contra a criança – um assassinato direto da criança inocente – assassinato pela própria mãe.  Madre Teresa #AbortoNao",0,0.0,-1.0
Boa noite Primeiro #AbortoNao Segundo Cada dia estão enfraquecendo nosso presidente O que esta esperando nosso presidente p tomar uma atitude drástica.,"#AbortoSim   milhares de mulheres  morrem todos os anos com abortos ilegais  , o gove  deveria pelo menos  dar um auxílio  para garantir a segurança  da mulher ; independentemente  se é  ético  ou não  , isso quem  decide  é  a mulher!",0,0.0,1.0
"“ah mas você não é mulher, não pode dar pitaco sobre o aborto”. VOCÊ NÃO É UM TRANSFORMER MAS DÁ PITACO SOBRE CARROS. #AbortoNao #AbortoNão",ABORTO É CRIME ABORTO É CRIME ABORTO É CRIME ABORTO É CRIME ABORTO É CRIME ABORTO É CRIME  ABORTO É CRIME ABORTO É CRIME ABORTO É CRIME  ABORTO É CRIME ABORTO É CRIME ABORTO É CRIME  ABORTO É CRIME ABORTO É CRIME ABORTO É CRIME  #AbortoNAO,0,0.0,0.0
Como mãe e mulher me deixa triste ver outras mulheres apoiar essa crueldade  #AbortoNao,Isso nem era pra ser discutido  #AbortoNao,0,0.0,0.0
"Diz aí o que é pior, legalizar o aborto ou saber que aquele menor pela mão do sistema também vai ser morto? Eis aí o xeque-mate, legalizar o entorpecente ou saber que o tráfico abate a cada minuto mais um inocente? #AbortoNao  #AbortoSim","Se for pra criança sofrer em vida por falta de estrutura (e amor), seja da família ou do sistema de adoção eu prefiro que ela não nasça #AbortoSim",0,0.0,0.0
"As pessoas acham q quando dizemos #AbortoSim na primeira oportunidade vamos abortar, ngm vai mais se prevenir e vamos engravidar e abortar por pura diversão como se fosse super cool só pode",STF cuidado vcs estão puxando a corda #AbortoNao,0,0.0,-1.0
"Tem opção de tomar remédio ? Tem  Tem opção de usar camisinha? Tem  Tem opção de não abrir a perna pra qualquer um ? Tem  Se a mãe de algumas tivessem abortado quem apoia aborto , não estariam nem aqui pra pedir o aborto . Abraços... #AbortoNao","Homi... Deixe a mulher fazer o que quiser com o seu corpo, com a sua vida... Quando vê, se diz ""pro-vida"" mas defende reabertura do comércio em plena pandemia.  #AbortoSim",0,1.0,1.0
"Diz pra ficar em casa na pandemia pra proteger a vida, mas acha certo matar uma vida sendo gerada... aff... definitivamente: #AbortoNao","Adotar ninguém quer, mas ser a favor da “vida” todos são.  #AbortoSim",0,1.0,1.0
"Seu e eu tivesse sido abortada ficaria feliz, melhor do que viver nesse mundo horrível #abortosim #AbortoNao",&gt; pró-vida &gt; a favor da pena de morte choose one #AbortoSim,0,0.0,0.0
Abortem somente os políticos corruptos da nossa nação #AbortoNao,"#AbortoSim - porque você que já nasceu e está grandinho não se mata? Seja coerente com o que você apoia! Morra! (Deixo claro que não quero induzir ninguém a se matar, é somente um contraponto para reflexão).",0,0.0,0.0
"Em meio a todo esse caos, chegou o que faltava pra dar a cacetada da morte...STF querer implantar a oficialização do aborto!!! #abortoNao",#AbortoSim e os outros q se fodam,0,1.0,1.0
STF - Suprema Tirania Federal #AbortoNao,"Entrei na tag e tinha gente a favor do bolsonaro, isso é tão vergonhoso kkkkkkkk #AbortoNao",0,0.0,0.0
"Em relação a esse tema, eu sempre parto da premissa de que: o aborto é uma questão de direitos sexuais e reprodutivos – Todas as pessoas têm o direito de decidir sobre seu corpo, sua liberdade e seu futuro. #AbortoSIM",#AbortoNao Diga sim a vida...,0,1.0,1.0
"Em plena na pandemia do virus chinês e crise económica o STF resolver pautar o aborto. Pensei que eles estavam interessados em defender a vida, pelo contrário o interesse é a morte, e nos dois casos, do aborto e virus. #AbortoNao",mas não disse que me arrependi   Dua Lipa Rihanna Thomas Santana Joji #AbortoNao JUNGKOOK #samsungnobbb Titi #festabbb #Riverdale #عبودكا #instagrammusic #COVID19 #نايف_حمدان  #Apple #restateacasa  sadie #Covid_19,0,0.0,0.0
#AbortoNao  querem acabar com o aborto? Fácil legalize a venda de crianças resolvido!,"Vc que prática esse tipo de assassinato de um inocente, tomara que vc morra. #AbortoSim",0,1.0,-1.0
"Só eu q sou bem foda-se em questão de aborto? Tipo, pra mim o problema seria tão simples de ser resolvido: quem achar certo aborta e quem n achar certo n aborta.  #AbortoSim","E aquele papo de ter que ficar em casa pra preservar a vida?  Teve até um chorinho dramático de político!  E o papo de ""economia a gente corre atrás, a vida não""...  Mas aprova o aborto?  Hipocrisia tem limites!! #AbortoNAO",0,0.0,1.0
"Você é a favor do aborto ?  Então,  por favor, nunca engravide ...  Seria hipocrisia da sua parte manter uma gravidez defendendo o HOMICÍDIO de um bebê. #AbortoNao","#AbortoNAO Pena de morte para assassinos, abortistas, SIM!",0,0.0,0.0
"Momento desapropriado com desculpas previsíveis para o stf decidir sobre o aborto, mas segue nossa opinião! #AbortoNao #AbortoNunca",Entrei no #AbortoNao e só vi macho destilando ódio Mas pegar pra cuidar ninguém que né Incrível,0,1.0,1.0
"Tentando encontrar, nas redes sociais, o grupo de mães de bebês com microcefalia que entrei em contato da última vez e não consigo. Elas têm muita voz, pq aquelas crianças mudaram a vida delas e todas deixam isso bem claro. #AbortoNao",Assassinato intra-uterino é o termo correto #AbortoNao,0,0.0,0.0
#AbortoNao Que o chupacabra chupe o cu de quem é favorável ao aborto.,#AbortoNao nossas crianças não merecem serem assassinadas,0,0.0,0.0
Aborto é homicídio #AbortoNao,"Como é feito o assassinato de bebês que você defende: #AbortoNao  1- Por Sucção  Insere-se no útero um tubo oco que tem uma ponta afiada. Despedaça o corpo do bebê que está se desenvolvendo, assim como a placenta e absorve ""o produto da gravidez""(bebê),depositando-o  em um balde+",0,0.0,0.0
"#AbortoNao Aborto deve ser feito em casos de: - estupro - renda insuficientes p criação  - gravidez de risco   Mas, se ambos engravidam por irresponsabilidade eles devem arcar com a responsabilidade. Investindo mais em educação sexual, desse modo as pessoas saberão prevenir.","e aí libfem já se posicionou #AbortoSIM hoje? ou seu feminismo é só na hora de usar blusinha escrito ""girl power"" que é feita pela mão de obra escrava?",0,0.0,1.0
"#AbortoNao Alguém já percebeu que a maioria das pessoas que são a favor do aborto ,são contra a pena de morte para criminosos ?",eu apoio o aborto apenas em casos específicos por exemplo quando a mulher quer #AbortoSim #AbortoNao,0,0.0,1.0
Só os acorrentados e desalmados defendem uma bestialidade dessas. #AbortoNao,"A atitude mais sensata nesse momento (na verdade há tempos) é fechar o STF, pois está claro que o interesse da corte não é mais em defender a Constituição #AbortoNao",0,0.0,1.0
"#AbortoNAO e só não ser uma relaxada que da pra todo mundo que tu não engravida,  e também tem camisinha e um monte de coisa pra não engravidar, (só engravida quem quer).",Não confio em nada que venha do  !!!  #STFVergonhaNacional  #AbortoNAO,0,0.0,0.0
"#AbortoNao Gente me ajudem mandando msgs pra minha amiga perguntando se el ainda vende galinha pfvr, é pro meu tcc  011983095436","Homem não tem o direito de opninar, nem se for o filho dele ? Affs cada uma... #AbortoNao",0,0.0,0.0
#AbortoNao não consigo entender quem apoia esse crime!!!!,As mães de quem pensa dessa forma poderia ter tido esse pensamento tambem quando engravidaram. #AbortoSim,0,0.0,0.0
"""Ain #AbortoSIM #AbortoNao "" Q mané é aborto mano o negocio é #AvenidaBrasil","vocês não estão preparados pra debater sobre este assunto, muita gente já argumentou sobre, inclusive, deixa pra quando vier o juízo de Deus msm #AbortoNao",0,0.0,1.0
"O pior eh a galera do aborto dizendo que não podemos opinar sobre outras vidas e etc, mas enchem o açaí quando falam em armas. #AbortoNao","#AbortoSim Ser favorável ao aborto NÃO significa que você é pró-morte, mesmo que, o aborto deva ser uma escolha DA MULHER. A pauta deseja garantir apenas segurança no ato, porque, independente da bandeira contra ou pro, essa é uma realidade e vai continuar acontecendo.",0,1.0,1.0
Aborto só se a mulher for estuprada! Minha opinião.   #AbortoNao,#AbortoSim!!!  Um dia chegaremos lá...,0,0.0,1.0
"Toda conduta produz um resultado. Vc é o responsável pelos seus atos, portanto vc é quem deve ser responsabilizado e não outrem.       Quer liberdade e não responsabilidade, só pode ser esquerdista ou liberal. #AbortoNao","Não sei o que é mais incoerente. Levantar a #AbortoNão e ser a favor da pena de morte ou levantar #AbortoSim e ser contra a pena de morte.  O assunto é muito mais complexo do liberar ou proibir. Acredito que o debate seja importante porém, não nesse atual cenário.",0,1.0,1.0
"por isso aula de ciências/biologia é tão importante na vida de ser um humano, educação para saber separar o que é ou não vida e tirar religião e seu egoísmo de alguns assuntos #AbortoNao",O loco os monarquistas acordaram ???  Cada dia que passa simpatizo mais com a ideia  #MonarquiaJa  #AbortoNAO,0,0.0,0.0
"a galera do #AbortoNao é muito engraçadaKFKDKDK amg se sua religião não permite, se vc acha errado, se vc acha que é assassinato então não aborta ue, mas outras mulheres que não querem ou que foram estupradas não merecem viver com essa lembrança de trauma ou ódio  #AbortoSim","Só é a favor do aborto as safadas que querem sentir o leitão quente no útero, não quer ter filho usa camisinha. #AbortoSim #AbortoSim",0,1.0,1.0
Isso sera uma.aberracao sim a vida #AbortoNao,"#AbortoSim  #AbortoNAO     kkk com essas tags, lembrei da nossa conversa",0,0.0,0.0
Entendam como o Bolsonaro age (gato) e como os apressadinhos imediatistas acham que ele deveria agir (cão)... #AbortoNao,Sou contra o #AbortoSim   Salmos 139: 13. Pois possuíste as minhas entranhas; cobriste-me no ventre de minha mãe.,0,0.0,0.0
"Não tenho nada contra quem prática o aborto, só para deixar claro! Mas, não sou a favor e não é nem por questões religiosas, mais uma questão de amor ao próximo. #AbortoNao","#AbortoNao então todas as mulheres que não querem ter filhos vão levar pra casa de voces pra VOCÊS CRIAREM, ai fica todo mundo feliz né???",0,1.0,1.0
"Toda essa ladainha de novo, essa gente não entende mesmo! #AbortoNAO",Não creio que em pleno 2020 ainda tenho que ler tweet de *homens* mandando mulheres fecharem a perna para não engravidar.  #AbortoSim,0,1.0,1.0
"#AbortoNAO ,não quer ter um filho, ñ faz relações sexuais  ou usa preservativos prr acha legal tira uma vida de um ser humano, ou prefere carregar um peso nas costa por ser um assassino. #AbortoNAO","#AbortoNao é uma piada, porque não importa o que todos dizem pra mulher q engravidou pq a camisinha estourou, foi estuprada, esqueceu a pílula, etc. Se ela quer fazer o aborto, ela vai fazer de qualquer jeito seja por remédios, clinica clandestina, etc. +",0,1.0,1.0
"É cada um viu, então o assunto do dia no tt é #AbortoNao  Eu já fui contra também, até assistir um documentário que mostrou a realidade. A vida das mulheres que abortam ou tentaram(essas morreram) abortar ilegalmente.  É uma questão de início estrutural e logo de saúde pública.",Vida#AbortoNao,0,0.0,1.0
aborto sim e fodase.  b noite #AbortoSIM,Sim à vida.#AbortoNao,0,1.0,1.0
"#AbortoNao ah gente, pelo amor de Deus ne, tamo no séc XXI tamo careca de saber que existe clínica clandestina em muito fundo de quintal","Discutir com abortista é foda parceiro, além desse negócio besta de ""não é lugar de fala"" precisa explicar que não é possível ver um ser humano completo dentro da barriga da mãe pq ainda está em desenvolvimento   Aborto é assassinato, e nada mudará isso  #AbortoNAO",0,1.0,1.0
"Eu meio que não tô afim de debater com quem usa local de fala como argumento pra me refutar, então só vim aqui pra dar apoio ao #AbortoNAO, nada de ativismo.","Eu acho que  é algo que não pode ser banalizado. Ah tô grávida vou ali e aborto. Nao. Tem q ter umas ""regrinhas"" talvez. Porem. O corpo é MEU e eu faço oq quiser com ele. Bjo #AbortoNao",0,1.0,1.0
pq tem um monte de homem aqui sendo que esse não ép luvar de fala do sexo masculino?#AbortoNao,#AbortoNao só to vendo um monte de homen branco cheio de privilegios comentando sobre as decisões de vida de uma mulher   Mas quando é um cara branco abandonando uma criança ninguém toca no assunto né  #AbortoSim,0,0.0,0.0
"O que deve ser defendido é o acompanhamento psicológico da mulher após o estupro, para ela ter ciência e consciência do que fazer. Não é culpa da criança a situação na qual é concebida, ela não deve ser punida.  #AbortoNao","a hashtag MonarquiaJa e a #AbortoNao de ontem e de hoje (respectivamente) serviram pra comprovar bastante o quão aéreo o brasileiro é sobre os acontecimentos no congresso o pessoal só ""??????""",0,0.0,1.0
Deus tá vendo... e nós também #AbortoNao,"#AbortoNao  Pensem bem, pois a justiça dos homens é falha, mas a de Deus é perfeita.",0,0.0,0.0
entrei nos trendings do twitter e tô assustada com o Justin Bieber #Riverdale #abortonao pqp virou  Chernobyl??,#AbortoNao o único aborto que queremos é nos trabalhos do CN e STF.,0,0.0,0.0
Uma maldade demoníaca. #AbortoNao,Será q vai chegar a hora em q o STF vai liberar o latrocínio pelo fato de q se a vítima sair viva poderá incriminar o coitado do ladrão? Pq essa é a lógica do aborto! #AbortoNao,0,0.0,0.0
Feto de cinco meses é encontrado em lixo de condomínio em Sumaré  via  #AbortoNao #AbortoNão,Assassinato de bebês ? Naaaaaaaaaao #AbortoNao,0,0.0,0.0
"#STFVergonhaNacional, quem são vocês para julgarem quem deve viver ou morrer? #AbortoNao  #AbortoNunca",#AbortoNao até tomar o primeiro susto k,0,1.0,1.0
sou a favor do aborto até antes de transar. Chega de gente nessa porra de mundo!  #AbortoSim,"""Sou contra o aborto, mas, pra mim, bandido bom é bandido morto"" #AbortoSim",0,0.0,0.0
#AbortoSim #Abortonao  Não dá pra matar algo que não nasceu. And: homens calem a boca,O  tem como dar uma aula e apresentar inúmeros argumentos incontestáveis contra o aborto.  #AbortoNao,0,1.0,1.0
Ja dizia minha vó....chupar antes de meter  facilita  a entrada da  linha na  agulha !!!!#AbortoSim,"#AbortoSim  Oi seus eugenistas nojentos, tudo bem? Espero que todo abortista seja fuzilado em praça pública E não, eu não tenho compromisso nenhum com o amor ao próximo quando o próximo defende o ASSASSINATO de pessoas ao invés da MELHORA DOS SISTEMAS DE ADOÇÃO :)",0,1.0,0.0
"Gente sério o aborto é assassinato, sei que muitas mulheres sofrem com isso, porém o feto não tem culpa ele é uma vida inocente, #AbortoNao","#AbortoNAO FÁCIL sabe o por que? pois o mesmo é um ser vivo,ele contem células,respira entre outras coisas. Ele NÃO faz parte do corpo da mulher ele ESTA nele. a decisão é de ambos,homem e mulher,pois os dois ajudaram a fazer. Todos passam dificuldade e por isso devemos matar?",0,0.0,0.0
"Que merda é essa de não tem útero não opina? A mesma pessoa que declara que  não existe gênero? Pelo amor , quem faz filho sozinha? Vocês mesmo se contradizem. PQP. ABORTO É ASSASSINATO  #AbortoNao",#AbortoSIM  é isso,0,0.0,-1.0
"Talvez no futuro nosso período de tempo seja conhecido como ""Obscurantismo"". Um tempo onde mulheres n podiam decidir o q fazer com seus corpos, loucos eram eleitos governantes e a ciência era contestada com opinião pessoal. Estamos na p. 2 da Idade Média.   #AbortoSim #AbortoNao","Apoio o aborto mas também não faria um. Não mataria um filho meu. Mas se a pessoa quiser mesmo fazer, ela fará de qualquer jeito, legalizado ou não. Então legaliza logo.  #AbortoSim #AbortoNAO",0,0.0,0.0
"Pra vcs que estão usando #AbortoNao ""Ah, mas engravida pq não usa nenhum contraceptivo"" Toma a reportagem e existem muitos outros casos iguais a esse, parem de querer mandar no nosso corpo e vão ajudar um orfanato porra. #AbortoSim",Não ao holocausto #AbortoNAO,0,1.0,1.0
"Prezados Ministros do  #AbortoNAO   Umas pedem aborto sim. Já pensou se a mãe destas pessoas tivessem feito aborto na época que elas estavam grávidas?  Quem pede aborto sim, ao invés de desejar a morte de um feto indefeso, porque não se olhem no espelho e façam...",Sempre tem aquela vag.abunda que chama os homens de macho escroto mas não despensa uma leita.da quent.e dentro não é mesmo vag.abundas? #AbortoNao,0,0.0,0.0
#AbortoNao ABORTO SIM ÓBVIO NE,"""Se não tem útero não pode opinar em questões femininas"" ok se você é branca não fale sobre racismo negro, se você não votou no Bolsonaro não o critique ou entre em assuntos decorrentes a ele! Se você não contraiu o vírus não fale sobre ele! Bando de hipócritas! #AbortoNao",0,0.0,-1.0
"Eu abrindo o tt e vendo a #AbortoNao , o que é isso aqui? Chernobyl?","Não sei pq começou a tag, mas a única coisa que eu sei é que vcs nao podem e nem devem opinar na escolha da mulher, pois a unica coisa que podem e devem fazer é ir tomar no cu   #AbortoSim",0,1.0,0.0
"#AbortoNao   Legal o outro lado falando 'abortosim', só os tcholas feministos e as parideiras q dão pra qualquer um e querem jogar pra baixo do tapete. Essas já estão perdidas na vida.",Cruzada pela vida #AbortoNao,0,0.0,0.0
Quem pratica aborto é assassino #AbortoSim #AbortoNão,"Tentar reduzir o aborto a uma questão de saúde pública ou a decisões exclusivas de mulheres não significam outra coisa senão negligenciar, de forma arbitrária, autoritária e ideológica,  a natureza de que o embrião é uma pessoa! Um ser humano!   #AbortoNao",0,0.0,0.0
#AbortoNao é contra o aborto? é só n fazer #ABORTOSIM,#AbortoNao imediatamente,0,1.0,1.0
"#AbortoSim Pra da opinião na internet aparece várias pessoas, agora pra comprar leite e outras coisas a mãe é que se lasca, não é o seu útero, não é seu dinheiro portanto não é sua escolha!",Se tu nao vai bancar  Se tu nao vai parir Se tu nao vai criar Se tu nao sente a dor  NÃO ENTENDO POR SE METE?  #AbortoSim,0,0.0,0.0
"Aborto somente dos deputados, senadores e ministros do STF e juízecos #AbortoNao","#AbortoNao Por mais que eu PESSOALMENTE seja contra o aborto, não acredito que o mundo seja feito de decisões razas onde só existem dois botões a serem apertados, principalmente para casos polêmicos como este! Posso estar enganado!",0,0.0,1.0
"As pessoas que defendem o #AbortoNao são, em sua maioria, as mesmas que defendem a pena de morte pra quem ta na prisão Pró vida que diz?","""Aaain, se eu sô feminista, meu filho não nasce machista!""  :V Lógico né, o filho já foi abortado.  #AbortoNao #AbortoNão #AbortosóéNecessárioQuandoforNecessário",0,1.0,1.0
"Inacreditável que em pleno século 21, com todos os métodos contraceptivo que existe disponível,  Ainda tenhamos que lidar com a liberação do aborto!!! #AbortoNao  #STFVergonhaNacional",metade das pessoas tweetando #AbortoNao já tomou cházinho de boldo com canela q eu sei,0,1.0,1.0
"#AbortoNao sou mulher, portanto posso opinar (como dizem abortistas) e o corpo do meu filho NÃO é o MEU corpo! Ele está dentro de mim, mas ele não sou eu! Portanto não tenho direito de matá-lo. ponto final rs","O aborto é mais um tema do grande mal que se espalha pela humanidade. Estamos vivendo a batalha épica e histórica da humanidade, o bem contra o mal. NADA é relativo, não adianta jornalista com cara boazinha pregando a morte de um bebê, de um ser humano.   #AbortoNao",0,0.0,0.0
Eu pensei que estavam falando dos 3 abortinhos que a Rafa fez #AbortoNao,"Mesmo que seja contrário as nossas crenças ( cristão) e fazem contra a nossa vontade cairá uma maldição terrível sobre nossas vidas, lembre-se, somos maioria cristão, erramos em algum momento de nossas vidas para isso ter ocorrido DEUS NÃO PERDOARÁ A MORTE DE INOCENTES #AbortoNao",0,0.0,0.0
gente pfvr. isso é pessoal. ninguém manda no corpo de ninguém. independente se vc é a favor ou não.  #AbortoSim #AbortoNao,"os macho querendo mandar no corpo feminino kkkkkkkkk, vão lavar a pinta direito primeiro #AbortoNao",0,0.0,0.0
"#AbortoSim Que sociedade mais seletiva, os mesmos que são #abortonão são os mesmos que são a favor da liberação do porte de armas pra se defender. Ué, mas não é contra o aborto pela vida? Se investisse em educação de qualidade pautas como essas já estariam, ao menos, suavizadas.",Não é o seu corpo e suas regras. É a vida de outro ser que cresce dentro de você. #AbortoNAO,0,1.0,1.0
#AbortoNao Contra o assassinato de inocentes,"Acordem!!! Aquelr que nao se proteje faz uma roleta russa   com a própria vida, ou seja, não se ama, não ama a ninguém, matar um filho no ventre é o maior crime dessa má escolha.   #AbortoNao",0,0.0,0.0
"Acredito que todas as pessoas que são contra aborto deveriam ganhar uma criança de orfanato e uma da rua para criar, e parar de se meter na vida das pessoas alheias #AbortoNAO #AbortoSim",Os não abortados defensores desse crime estão arrependidos e com raiva dos genitores?      #AbortoNAO,0,1.0,1.0
oque se vê é um monte de vagaba doidas para dar o bixo e fica defendendo dispensar as consequências depois como se fosse uma diarreia #AbortoNao,#AbortoSim #AbortoNao  Eu indo ver os tópicos do twitter vendo aborto sim e aborto não nele,0,0.0,0.0
"#AbortoNao  Pensem bem, pois a justiça dos homens é falha, mas a de Deus é perfeita.",Vc ja viu esse edit na tml?  #AbortoSIM #followtrick #bbb20,0,0.0,0.0
"Lógica da esquerda Libertar armas? Jamais, armas matam. Liberar aborto? Claro, meu corpo minhas regras. Liberar as drogas ? Claro  Pra esquerda sua vida e da sua família não são importantes. O importante é a lacração. #AbortoNao",Ao meu ver essa decisão só cabe a mãe afinal é ela que esta gravida e é ela que corre riscos durante o processo     #AbortoSim,0,1.0,1.0
se vc é homem e vem opinar numa tag feminina sendo contra o aborto tudo que vc disser será anulado e a gente vai zuar com a sua cara #AbortoSim,O Brasil vai ter que Ucranizar. #AbortoNAO #FiqueEmCasaMandetta #ChegouHoraDoChega  #BolsonaroEstavaCerto  #MonarquiaJa  #olavotemrazao,0,-1.0,-1.0
#AbortoSIM  é isso,Aborto é sacrifício humano; assassinato; satanismo. Abortistas têm mais é que se foder. #AbortoNao,0,1.0,1.0
O que faz um supremo juiz da corte suprema querer colocar o ABORTO como pauta prioritária agora no meio de uma pandemia ???   Explica pra mim !!!   #AbortoNao,"#AbortoNao e pronto! Não quer, não faz! A regra é clara. Quem é a favor do aborto deveria imagina como seria se a mãe tivesse mesma opção de abortar quando estava com o mesmo(a) no barriga. Quem está vivo não tem o direito de tirar a vida de quem vai nascer. Não quer?  Não faz!",0,0.0,0.0
"A vida é divina, se não quer ter um filho use métodos contraceptivos e não engravide. Fácil!  #AbortoNao","#AbortoNao pq toda a vida é importante. Seu filho nasceu e você não tem condições de criar porque tem baixa renda e/ou é mãe solteira? Fodase, não é problema meu kkkkk",0,0.0,0.0
"#AbortoNAO #AbortoSim  Foda-se caralho, sendo contra ou a favor, vai acontecer do msm jeito ent F O D A S E, cada um cuida da sua vida e faz oq quiser, quem é a gente pra julgar se tá certo ou errado ?",Eu vejo homens falarem sobre o que a mulher deve ou não fazer e não tem coragem de ir no médico e fazer uma vazectomia para evitar também.   Incrível como os homens são hipócritas e leigos em algumas coisas.  #AbortoSim e #AbortoNao é assassinar,0,1.0,0.0
Se o sexo foi consentido é #AbortoNao,"#AbortoNao os atuais ""membros do  estão legislando no sentido de legalizar o aborto, pois suas vidas são tão desgraçadas que se ""arrependeram"" por não terem sido ABORTADOS! CADEIA PARA ESSES CRIMINOSOS DE TOGA!",0,0.0,0.0
"Dá a fedorenta vcs querem. Completar o ensino médio, eu dúvido. #AbortoNao","mds do céu, pleno 2020 e ainda tem gente que é contra o aborto, mds do céu---  #AbortoNao",0,1.0,1.0
#AbortoNao   Seu corpo é seu corpo. O corpo do bebê é do bebê.  Sua retardada mental projetinho assassino.,#AbortoNao  sério que tem homem que ainda insiste opinar sobre isso? Quando um amiguinho diz que não vai assumir o filho duvido muito que vocês fazem esse escândalo todo,0,1.0,1.0
#AbortoNao TUITI SUBINDO ABORTO SIM MAIS RÁPIDO QUE DOR DE BARRIGA.,Chega é muita loucura isso. Negada acha ainda que isso de 3 meses não tem vida é verdade. Se propagandearem que bolsominion não tem cérebro na verdade eles.vso querer matar.  #AbortoSim é doença mental,0,0.0,0.0
"“Não pode legalizar a arma, mata pessoas” “Não pode sair de casa, vidas importam”   “Disse a mesma feminista que vai para rua militar a favor do aborto legal.”  #AbortoNao  Simples, amores!",A pandemia espalha a destruição  pela perda de Vidas . Hora de renovar Vidas #AbortoNao,0,0.0,0.0
Eu apoio o #AbortoSim,"#AbortoSIM #AbortoNao  1. mulheres SEMPRE vão abortar, a questao da legalizaçao do aborto é: dar um apoio psicológico pra mulher antes/durante/após a decisão; e dar acesso SEGURO ao procedimento; a vida e dignidade da mulher.  2. quem mais se f*de com a criminalizaçao (+)",0,0.0,0.0
"Sério,o mundo realmente tem que acabar! Tem gente que apoia MONARQUIA e recusa o DIREITO das mulheres pqp. #AbortoSim #MonarquiaJa",#AbortoNao se não quer ter filho que legalize o retirada do útero simples,0,1.0,1.0
"#AbortoNao , se você aprova aborto vc claramente deveria ter sido abortado fi de kenga","#AbortoNao pq a minha religião condena, por isso esse meu argumento é válido pra evitar isso no nosso país ¿laico?",0,1.0,1.0
"#AbortoSim aborto é crime!, vc está impedindo alguém de viver uma vida.",Eu vendo essa TAG de #AbortoNao penso que  vcs são tão pró vida quanto dizem aí vão alguns links de como ajudar crianças já nascidas: Médicos Sem Fronteiras  Save the Children  AACD  ESPERO TER AJUDADO,0,0.0,1.0
QUE EU NÃO PUDE ACREDITAR Dua Lipa Rihanna Thomas Santana Joji #AbortoNao Will Smith #samsungnobbb Titi #festabbb #Riverdale #عبودكا #instagrammusic #COVID19 #نايف_حمدان #GOT7_NOTBYTHEMOON #Apple sadie #Covid_19,#AbortoSim   Brasil proíbe: agora está tudo resolvido  Clínicas clandestinas:,0,0.0,0.0
#AbortoSim #AbortoNao  Eu indo ver os tópicos do twitter vendo aborto sim e aborto não nele,#AbortoNao Essa pauta está igual criança esperança  O discurso pró vida dura um mês e o discurso pró morte o ano inteiro,0,0.0,0.0
"Porque ninguém fala do pai fodão que fez o filho e cai fora, ao invés de ficar julgando a mulher que escolhe fazer o mesmo?  #AbortoSim","Os que bradam :sem útero ,sem opinião ,estão cientes de que os homens do PCC ordenam aborto das meninas chinesas ? Elas tem útero mas não podem falar por si .#AbortoNao",0,0.0,0.0
Sou contra o aborto até quem já nasceu e defende o aborto de crianças indefesas #AbortoNAO,"vou falar o que acontece quando vc sobe a #AbortoNao ou #AbortoSim  ngm muda de opinião, vc só mostra a sua própria opinião que ninguem pediu e fica numa punheta de grupo com quem concorda enquanto xinga o outro lado. fora isso, nada no mundo chega perto de mudar",0,1.0,1.0
Alguém me para #BBBaEliminacao #samsungnobbb #festabbb #vaiquecola #LiveDoRevela GIZELLY NO MULTISHOW #AbortoNao #AbortoSim Paulo Gustavo Xande Galaxy S20 sadie Ferdinando REMEMBER PRIOR #Apple #BBB20 #PINTOAWARDS #BTSReComeback2020,STF assassino#AbortoNao,0,0.0,0.0
"Tanto faz o gênero, abortar é crime #AbortoNao","Nem todo mundo tem informações necessárias sobre os métodos preventivos e msm se tivessem, NENHUM método é 100% eficaz. Não existe isso de engravida porque quer. #AbortoSim",0,1.0,0.0
"EU TÔ ENOJADA COM ESSA TAG #AbortoNao  VÃO SE FUDER SEUS IDIOTAS, CADA MULHER TEM SEU CORPO E QUEM MANDA É SÓ ELA NÃO UM IDIOTA MACHO DESGRAÇADO COMO VOCÊS. MILHARES DE CRIANÇAS ESTÃO EM SITUAÇÃO DE RUA OU O FILHO DA PUTA DO PAI ABANDONOU CRIEM VERGONHA NESSA CARA SEUS IMUNDOS",Me digam vcs  #AbortoNao #abortoSim,0,0.0,0.0
"QUER DIZER QUE MATAR BBS INDEFESOS PODE??? VERGONHA! Essa quarentena é pra proteger vidas???  STF ', NOSSA VERGONHA! #AbortoNao",MAS A GLOBOBELEZA PREFERIU COLOCAR PILHA na festinha de M.. BOTAR O PAÍS EM RISCO p/  EMBOLSAR A GRANA DA PROPAGANDA DA CERVEJARIA AMBEV  #QuintaEsquadraoSDV  #FicaEmCasaMandetta  #coronavirus  #Covid_19  #AbortoNao  #ForaMandetta #PrimeiroDeus,0,0.0,0.0
Normalmente as pessoas que são a favor do #AbortoNao são as mesmas que defendem a pena de morte. Vai entender!!!,Você é contra o aborto? Pena que a sua mãe não era. #AbortoNao,0,1.0,1.0
"Criatividade do povo contra a inércia da elite q domina o gov federal e o faz uma marionete, um fantoche muito bem pago.  Por conta própria, morador de favela carioca organiza a higienização da comunidade  #AbortoNao #BBBaEliminacao #ForaGizellly #ForaBabu","ser a favor do aborto não quer dizer que todas as mulheres do mundo vão abortar, entendam!!! #AbortoSim",0,0.0,0.0
STF não pode decidir nada sobre o aborto #AbortoNao,"CHAMARAM GUSTTAVO LIMA DE IRRESPONSÁVEL POR BEBER EM SUA LIVE  NO BIG BROTHER O POVO BEBE, FAZ SEXO EXPLÍCITO, E NINGUÉM FALA NADA. #GloboLixo #BolsonaroTemRazao #AbortoNao #STFVergonhaNacional",0,0.0,0.0
"#AbortoNao   ""O aborto é um ato abominável. É assassinar, sem dar direito à vitima de gritar, correr, pedir socorro...!""  ☆ Haredita Angel","Poderia citar vários aqui porém eu quero falar sobre este ícone que por sua criatividade, dedicação e superação deixou um legado e tanto. Steves Jobs por um fio quase foi abortado. Já imaginou se ele fosse? Você não teria o iPhone para #twittar a favor!  #AbortoNao",0,0.0,0.0
O direito à vida sempre será superior ao direito de uma escolha pessoal! #AbortoNAO,"Tag #AbortoNao, cheio de homens dizendo o que as mulheres devem fazer ou deixar de fazer. Engraçado é que sendo homem, é simples não ter um filho, é só ir embora e deixar a mãe cuidando.  #AbortoSim",0,1.0,1.0
#AbortoSim e pau no cu de todos que são contra,"Camisinha tá aí pra isso, pílula do dia seguinte ta aí pra isso, se não quer um bebê é só não engravidar, pq sempre tem que militar pela opção mais difícil?  #AbortoNao",0,1.0,1.0
"Se você, mulher, é contra o aborto, simplesmente não aborte! Não entendo essa mania que as pessoas têm de cuidar da vida dos outros, da roupa dos outros, da religião dos outros, do corpo dos outros! Só pensam no próximo com a intenção de julgar!  #AbortoSim","Imundos, imundos  #AbortoNao",0,1.0,1.0
Rogar por nós Santa mãe de Deus.  #AbortoNao,"Sobre #abortonao: a gente tem que ter cuidado e ver se somos pró-vida ou só pró-nascimento, porque depois que nasce e cresce sem estrutura familiar, passando fome, em condições desumanas e aí sucumbe ao crime? Bandido bom é bandido morto, né?",0,1.0,1.0
"Conservador:#AbortoNao é assassinato. *Criança nasce em um lar mt pobre. *Criança cresce cm pais q n desejam ele, ou que n tem condições para sustentá-lo. *Essa criança, pra sustentar a família, vai pro crime. (não estou dizendo q é certo, pq n é) Conservador: é tem q matar msm.",Não e não!! #AbortoNao,0,0.0,1.0
DENÚNCIA: médicos usaram superdosagem em cobaias humanas e mataram pacientes Globo e imprensa lixo STF porco Senadores e deputado ladroes Prefeitos e Governadores ditadores  #AbortoNao   Na minha opinião #ChegouHoradoChega,No Twitter se você pronunciar as palavras  - ABORTO - FELIPE NETO - MACONHA  Prepare-se para ser atacado por uma manada de GNUS enfurecidos armados com  - memes da Gretchen - clip de K-POP  Todos eles são sustentados pelos pais e nunca pagaram uma conta de luz na vida  #AbortoNao,0,0.0,0.0
Diga sim a vida #AbortoNao,Quem quer ser meu namorado #BBBaEliminacao #samsungnobbb #festabbb #vaiquecola #LiveDoRevela GIZELLY NO MULTISHOW #AbortoNao #AbortoSim Paulo Gustavo Xande Galaxy S20 sadie Ferdinando REMEMBER PRIOR #Apple #BBB20 #PINTOAWARDS #BTSReComeback2020,0,0.0,0.0
"Sim, fiquem em casa. Só assim o congresso fica mais tranquilo nas pautas progressistas.  #AbortoNAO",#AbortoNao Odeio o bozo mais aborto não aceito não isso e crime não quer engravidar não de a.porra da buceta porra ou só transe com camisinha caralho assassinas de merda #AbortoSim,0,0.0,0.0
"Pq esquerdista diz defender tanto os pobres que são minorias e blá blá blá, mas usam o argumento que se o aborto fosse legalizado teriam menos pobres? #AbortoNao","Aborto sim caralho, o corpo é delas e a decisão tbm #AbortoSim",0,1.0,1.0
"Minha cara pra pessoa que diz #AbortoNao, você ja sabe a religião dela, o politico que ela idolatra, o grupo ideologico que ela faz parte, geralmente de onde vem e a sexualidade frágil...akkk #abortosim","homens e mulheres sem útero, calados... mulheres e homens com úteros, é contra o aborto? não aborte!  #AbortoNao",0,0.0,0.0
100% dos casos do #AbortoSim são de pessoas não abortadas e esquerdistas (que já tem problemas psicológicos)...,"A bandeira lacradora ""Meu corpo, minhas regras"" (ou algo parecido) proferido pelas feministas do sovaco cabeludo, não leva em conta que, pelo instinto de sobrevivência, o feto também clama pela sua vida. Aborto é abominável e criminoso.  #AbortoNao",0,0.0,0.0
"Podia ter sido você,  a vítima indefesa  de assassinato #AbortoNao",Seguir a Corrente do Bem  #AbortoNao,0,0.0,0.0
Que bobagem de hastag é essa???? #AbortoNao,#AbortoSim essa aqui é pra vcs homens que acham q tem direito de opinar em alguma coisa,0,0.0,-1.0
é oq que esse povo ta falando de #AbortoNao? ah pelo amor de deus ver homi na tag dando as opiniao de especialista deles realmente muito triste,"porque ao invés de criar a hastag #AbortoNao, não criaram uma #AbandonoNao, já que esse é um assunto ""dominado"" pelos homens, e só no brasil pesquisas levantas em 2013 cerca de 5,5 milhões não tinham registro paterno? imagina agora em 2020!!! engravidar a mulher ok assumir não da",0,0.0,0.0
"Homens palpitando sobre aborto, “pipipopo preservativo tá aí, vários modos de prevenção teve pq quis” mas na hr H fica fazendo birra pra n usar pq “aperta” #AbortoNao #AbortoSim","O mais irônico da AbortoSim vs #AbortoNao   É que nota-se que quem defende o Sim, também defende a quarentena total pq ""se importa com vidas""  Aham, sei.",0,0.0,1.0
"#AbortoSim imundos, lixos, HIPÓCRITAS. Imaginando se sua mãe tivesse te abortado. Escrotos",#AbortoNao é obrigatório  #pas,0,0.0,-1.0
Os caras trabalham só pra atrasar o Brasil dos brasileiros.  Deus nos livre desse povo!   #AbortoNAO,"""A mAiS o FeTo NãO sEnTe DoR""  Existem pessoas que também não. Só por isso vcs acham moralmente correto mata-las??  #AbortoNao",0,0.0,0.0
#AbortoSim porque isso salva milhares de vidas.,não é competente para decidir sobre aborto. #AbortoNao,0,1.0,-1.0
"O aborto tem q ser permitido, pra evitar q crianças cresçam em ambientes onde não são amadas, vivem passando necessidades e acabam sofrendo grandes traumas! Essa foto é de um bb q nasceu com o DIU na cabeça, nenhum modo de prevenção é 100%  #AbortoSim","VC não acha melhor a bebê nascer não, vai ter coragem de fazer essa monstruosidade olhando no olho?  Coisa de monstro matar inocentes!!  #AbortoNAO",1,1.0,1.0
"Bora subir, robozada?   #AbortoNao",#AbortoNAO vida sim,1,0.0,0.0
STF quer aplicar a medida enquanto a gente não tá vendo!! #AbortoNao,Que Porra é essa ? #AbortoNao,1,0.0,0.0
"Enquanto lutamos pela nossa vida contra o covid19, o STF abre uma sessão pra liberar o aborto! Que país é esse?  #AbortoNao    #STFVergonhaNacional",Assassinato nunca! #AbortoNAO,1,0.0,0.0
STF quer aplicar a medida enquanto a gente não tá vendo!! #AbortoNao,Vergonha desse STF  #AbortoNAO,1,0.0,0.0
"Bora subir, robozada?   #AbortoNao","Gostaria de informar que devido a grande repercussão do vídeo de Araraquara, o jornalista foi demitido. Mas queremos mais, muito mais; queremos que o Ministério Público investigue todos os contratos feitos entre a prefeitura, as mídias, rádio e televisão de Araraquara #AbortoNAO",1,0.0,-1.0
É fácil defender o aborto sendo que você já nasceu. #AbortoNAO,"Há se as pessoas sobessem o mal que trszem para suas vidas, derrando sangue inocente, jamais defenderia tal ato. #AbortoNAO",1,0.0,0.0
"O que a Bíblia fala sobre o aborto?  ""Antes que te formasse no ventre de sua mãe, Eu te conheci""  Jeremias 1.5 #AbortoNao",Linda passagem da Bíblia. #AbortoNAO,1,0.0,0.0
"Bolsominions estão revoltados pq STF pode permitir aborto de fetos com zika vírus. Imagine q 1 mulher está grávida de um bebê q, se não nascer morto, viverá apenas meses. Pq obrigá-la a prosseguir com a gravidez q pode por a vida dela em risco? Ela é q tem q decidir! #AbortoSim","É sobre as mulheres terem escolha. Se uma gestante com feto com zika vírus quiser seguir adiante com a gravidez, ela tem td o direito. Se ela quiser interromper a gravidez, ela deve ter td o direito tb. Simples! #AbortoSim",1,0.0,0.0
"O que a Bíblia fala sobre o aborto?  ""Antes que te formasse no ventre de sua mãe, Eu te conheci""  Jeremias 1.5 #AbortoNao",#AbortoNAO  Minha nossa! Isso não!,1,-1.0,-1.0
É muita gente hipócrita e sem noção usando a #AbortoNAO a maioria homens eleitores do bozo e o resto que dão mais valor a um feto do que a vida de uma mulher. O corpo é MEU e absolutamente TUDO nele TAMBÉM É MEU a decisão é MINHA SIM portanto #AbortoSim,#AbortoNAO isso e' assassinato,1,1.0,1.0
Vamos subir #AbortoNao .  STF quer aprovar medida em plena pandemia.,Com o STF não dá pra ter paz um segundo. #AbortoNAO #AbortoNao,1,0.0,0.0
"Em plena epidemia do Covid-19, o STF quer aprovar o aborto no Brasil. Vamos subir a tag #AbortoNao.",Isso é um absurdo! #AbortoNAO,1,0.0,0.0
#AbortoNAO chegando ao topo dos TT's.   Vamos pressionar o STF.,"#AbortoNAO , não acredito que aqueles corruptos estão liberando o aborto. Tem que fechar aquela zona o quanto antes. Um STF honesto e competente vai ajudar na faxina que o Brasil precisa. Esse só atrapalha.",1,0.0,0.0
"Precisamos falar desse assunto antes que os Sinistros do STF vergonha nacional torne essa doença como normal, e vou postar aqui o que o grande Sikera JR pensa sobre esse assunto, sou contra quer evitar ter filhos fecha as pernas bando de nojentas dos infernos.  #AbortoNAO","Complemento sua fala dizendo q em todos as cidades do Brasil, milhares de bairros tem postos de saúde. Lá encontram-se o PSF, onde são distribuídos preservativos, anticoncepcional, DIU, laqueadura, desde q os usuários sejam cadastros no sistema. Fica grávida quem quer #AbortoNAO",1,0.0,0.0
"Bora subir, robozada?   #AbortoNao","adoro ver vcs ""PRO VIDA"" quando se tem crianças nas ruas em orfanatos abandonadas por gravidez n desejada!!! MEU CORPO MINHAS REGRAS #ABORTOSIM",1,1.0,1.0
"Só pode ser absoluta mentira.... não é possível que o  vai vir com uma DESGRAÇA dessas em meio a zona que estamos vivendo!??????????   Isso sendo verdade, isso é de uma baixeza impossível de medir!  #AbortoNao",só pilantras traidores globalistas ! #AbortoNAO,1,0.0,0.0
Vamos subir #AbortoNao .  STF quer aprovar medida em plena pandemia.,Boa noite. #AbortoNAO,1,0.0,0.0
"Bora subir, robozada?   #AbortoNao",Vamos erguer nossa voz #AbortoNAO,1,0.0,0.0
"Bora subir, robozada?   #AbortoNao",Ativando modo robô #AbortoNAO,1,0.0,0.0
Vamos subir #AbortoNao .  STF quer aprovar medida em plena pandemia.,Com certeza #AbortoNAO,1,0.0,0.0
"#AbortoNAO  Vc pode ser contra o aborto sendo homem, mulher o caraio a 4 Homem também fornece material genético pra formar a criança  Sim, somos contra o aborto CHORA",E depois fogem sem querer assumir #AbortoSim,1,1.0,1.0
STF quer aplicar a medida enquanto a gente não tá vendo!! #AbortoNao,STF vergonha nacional! #AbortoNao,1,0.0,0.0
Quem usa a #AbortoSim deveria dar o exemplo e SE abortar.   #AbortoNão,"A mãe de quem usa #abortosim deveria ter abortado ele,assim não estaria agora defendendo este crime.",1,0.0,0.0
"Complemento sua fala dizendo q em todos as cidades do Brasil, milhares de bairros tem postos de saúde. Lá encontram-se o PSF, onde são distribuídos preservativos, anticoncepcional, DIU, laqueadura, desde q os usuários sejam cadastros no sistema. Fica grávida quem quer #AbortoNAO","Ana perfeito é que aqui nem cabe muita coisa pra dizer, basta lembrar que ainda temos a pilula do dia seguinte além de tudo que citou, mais o prazer de assassinar dos esquerdistas é enorme, e esse STF é capaz de tudo. #AbortoNAO",1,0.0,0.0
A quantidade de mulheres q são  mortas por n terem uma condição  financeira alta é justamente por terem q se submeter a incerteza da morta e do medo.A falta de igualdade também se encontra aq.Mulheres com condições altas vivem msm opitando por um aborto saem ilesas #AbortoSim,"e já as de baixa renda tem q optar por essa incerteza de morrer ou viver ,ser pela vida é também entender isso ,até pq nenhum método contraceptivo é 100% seguro #AbortoSim",1,0.0,0.0
Vamos subir #AbortoNao .  STF quer aprovar medida em plena pandemia.,"As mesmas pessoas que gritam  na quarentena;  ""A Vida vale mais que o Dinheiro"" Querem matar inocentes  ABORTISTAS SÃO HIPÓCRITAS #AbortoNAO",1,0.0,0.0
"Os hipócritas de ""todas as vidas importam"" menos aquelas que estão se desenvolvendo no útero. Não quer filho não faça sexo sem camisinha ou então use métodos contraceptivos tem vários escolha um é bem mais fácil do que matar uma vida. #AbortoNAO",Verdade #AbortoNAO,1,0.0,0.0
Só quero saber quem foi o macho q subiu essa tag #AbortoNao pra eu meter uma bicuda na cara dle  Entendam sem útero sem opinião,"é facil falar #AbortoNao né, mas  pena que adoção não é fácil igual ir no supermercado e comprar arroz. mulheres que abortam tem seus motivos não só individuais,basta pesquisar o perfil destas mulheres. o aborto seguro deve ser sim um direito da mulher, e só ela deve opinar sobre",1,0.0,0.0
"Bora subir, robozada?   #AbortoNao",Vida sim #AbortoNAO,1,0.0,0.0
"Eu peço a quem for a favor do aborto, para refletir se sua mãe tivesse feito essa opção quando estivesse grávida de você... Não é possível um ser humano agir com tamanha covardia!  #AbortoNao",Duro é ver esta turma que grita em favor do aborto e choram pela morte de um cachorro. #AbortoNAO,1,0.0,0.0
A feminista acha mesmo que na cabeça das pessoas o homem que abandona o filho é bem visto. Só se for na cabeça de pertubada delas  #AbortoNAO,"Mas a mente delas é perturbada. Essas distorções que elas fazem é desonestidade pura. Geralmente elas também inventam que ""somente homens"" levantam tags contra o aborto, ignorando totalmente a opinião das mulheres que também são contra esse absurdo.  #AbortoNAO",1,0.0,0.0
#AbortoNAO chegando ao topo dos TT's.   Vamos pressionar o STF.,Sempre pela vida!!! #AbortoNAO,1,0.0,0.0
"Bora subir, robozada?   #AbortoNao",Bora!#AbortoNAO,1,0.0,0.0
Quem usa a #AbortoSim deveria dar o exemplo e SE abortar.   #AbortoNão,#AbortoNAO eu apoio,1,0.0,0.0
#AbortoNAO chegando ao topo dos TT's.   Vamos pressionar o STF.,#AbortoNAO !!!  Dória Não !!!  Globo Não !!!  Wilson witzel Não !!!,1,0.0,0.0
Vamos subir #AbortoNao .  STF quer aprovar medida em plena pandemia.,"Levei um susto,  com esse tal de aborto,  ainda bem existe  pensante  aqui neste  Brasil  #AbortoNAO",1,0.0,0.0
Quem usa a #AbortoSim deveria dar o exemplo e SE abortar.   #AbortoNão,"Dia 24/04 o STF promove a EUGENIA, votará pelo aborto de crianças com microencefalia, em meio a ""pandemia"".  #AbortoNAO  #STFVergonhaNacional  Meu corpo, minhas regras! Corpo do bebê, REGRAS DO BEBÊ!   Deixe o feto conquistar sua própria vida!",1,0.0,0.0
"HOMENS, calem vossas boquinhas que este assunto não lhes diz respeito! Vão aprender a lavar o pinto que é o melhor que vocês fazem! #AbortoNao #AbortoSim","Segundo o bozo muitos homens morrem pq não lavam o pinto, logo isso sim deveria ser preocupação deles. #abortosim",1,0.0,0.0
A defesa do #AbortoNao mata uma mulher a cada dois dias no Brasil. A médica Débora Campos contou ao Intercept como reduzir os riscos de um aborto inseguro – e nós resumimos as explicações em um conjunto de cards.,"Esse povo contra aborto são tão informados né? Tipo ""há é só usar camisinha"" como se a camisinha tivesse 100% de eficácia.Agr como sobre  aborto com pessoas que não sabem q nenhum método contraceptivo é 100% eficaz? #abortosim",1,0.0,0.0
Você é contra o aborto? Então senta o dedo nessa tag: #AbortoNao,#AbortoNAO  Eu nasci e quero que os bebês TB!,1,0.0,0.0
"O que a Bíblia fala sobre o aborto?  ""Antes que te formasse no ventre de sua mãe, Eu te conheci""  Jeremias 1.5 #AbortoNao",Aborto é assassinato. #AbortoNAO,1,0.0,0.0
Vamos subir #AbortoNao .  STF quer aprovar medida em plena pandemia.,Tá difícil! #AbortoNAO,1,0.0,0.0
"Tenho certeza que a galera do #AbortoNao nunca, NUNCA, parou pra ler do que se trata. Aborto é questão de saúde da mulher. Tem que ser discutido, mas como sempre querem cagar regra.",Saude é teu rab*. Aborto é assassinato !!  #AbortoNAO,1,1.0,1.0
Vamos começar a pressão ao STF já.  #AbortoNAO,O país sofrendo com mortos e o STF? #AbortoNAO,1,0.0,0.0
STF quer aplicar a medida enquanto a gente não tá vendo!! #AbortoNao,STF lixo . #AbortoNAO,1,0.0,0.0
STF quer aplicar a medida enquanto a gente não tá vendo!! #AbortoNao,"Nem pensar,  quem tinha que ter feito isso era a mãe  dele e não fez #AbortoNAO",1,0.0,0.0
"Bora subir, robozada?   #AbortoNao",#AbortoNAO Cansativo este Supremo e esta esquerda! Sempre fazendo afronta à sociedade brasileira!,1,0.0,0.0
#AbortoNAO chegando ao topo dos TT's.   Vamos pressionar o STF.,STF ouça a maioria do povo brasileiro que é Cristão e conservador! #AbortoNAO,1,0.0,0.0
"Bora subir, robozada?   #AbortoNao",Vamos!  STF LIXO!  #AbortoNao,1,0.0,0.0
#AbortoNAO chegando ao topo dos TT's.   Vamos pressionar o STF.,#AbortoNao e NÃO,1,0.0,0.0
Vamos subir #AbortoNao .  STF quer aprovar medida em plena pandemia.,Lamentável #AbortoNao,1,0.0,0.0
#AbortoNAO chegando ao topo dos TT's.   Vamos pressionar o STF.,Vamos sim. #AbortoNAO,1,0.0,0.0
"Bora subir, robozada?   #AbortoNao",Enquanto lutamos pela vida o STF conspira pela morte. #AbortoNAO,1,0.0,0.0
"Bora subir, robozada?   #AbortoNao",Vida sim! #AbortoNAO,1,0.0,0.0
vcs do #abortonao se preocupem com as crianças abandonadas nas ruas e em orfanatos e deixem as mulheres decidirem sobre seu próprio corpo #AbortoSim,"O discurso de genocidas é assim mesmo: ""Vamos matar antes que eles morram de outra forma no futuro."" #AbortoNAO",1,1.0,1.0
"Bolsominions estão revoltados pq STF pode permitir aborto de fetos com zika vírus. Imagine q 1 mulher está grávida de um bebê q, se não nascer morto, viverá apenas meses. Pq obrigá-la a prosseguir com a gravidez q pode por a vida dela em risco? Ela é q tem q decidir! #AbortoSim",e a maioria bolsominions HOMENS  a piada #AbortoSim,1,0.0,0.0
#AbortoNAO chegando ao topo dos TT's.   Vamos pressionar o STF.,"Sabe o que eu acho engraçado? A mulherada tudo com o papo ""mimimi se você não tem útero não pode opinar"" MAS OS VIADOS ESTÃO OPINANDO e elas estão caladinhas né? Sabe o que vocês abortistas são? PUTAS. #AbortoNAO",1,0.0,0.0
Vamos começar a pressão ao STF já.  #AbortoNAO,"Leandro! Eu tenho HORROR desse  ! Tudo ERRADO, INCONSTITUCIONAL! Ok. Segue o jogo! #AbortoNAO",1,0.0,0.0
Quem usa a #AbortoSim deveria dar o exemplo e SE abortar.   #AbortoNão,#MonarquiaJa  Vamos fazer chegar em primeiro!  #AbortoNAO,1,0.0,0.0
#AbortoNAO chegando ao topo dos TT's.   Vamos pressionar o STF.,#AbortoNAO  nem pensar,1,0.0,0.0
"Entendam pessoal do #AbortoNao , não legalizar o aborto é permitir que milhares de mulheres morram (no caso as que não tem dinheiro pra pagar por fora um aborto clandestino com médicos em clínicas particulares)",E o que é mais engraçado que a mesma elite que prega o #AbortoNao é a primeira a recorrer ao “médico da família” pra abortar o filho da amante.,1,0.0,0.0
"Gente, que país é esse? Que líderes são esses no  meu Deus  #AbortoNAO",Nunca   #AbortoNao,1,0.0,0.0
#AbortoNAO chegando ao topo dos TT's.   Vamos pressionar o STF.,Chega de mortes! #AbortoNAO,1,0.0,0.0
É muita gente hipócrita e sem noção usando a #AbortoNAO a maioria homens eleitores do bozo e o resto que dão mais valor a um feto do que a vida de uma mulher. O corpo é MEU e absolutamente TUDO nele TAMBÉM É MEU a decisão é MINHA SIM portanto #AbortoSim,"Não é não, é outro ser humano, fazer sexo com segurança e evitar a gravidez de pai desconhecido, assim ajuda a sociedade e a um mundo melhor! #AbortoNAO",1,1.0,1.0
Hoje eu perco essa conta. Mas foda-se!   Eu irei xingar todos os defensores de assassinato de crianças.  #AbortoNAO,ninguém tá falando de assassinato de crianças seu burro #AbortoSim,1,1.0,1.0
"Bora subir, robozada?   #AbortoNao",Claro chefe #AbortoNao,1,0.0,0.0
#AbortoNAO chegando ao topo dos TT's.   Vamos pressionar o STF.,"Tem um monte de hipócritas escondidos dentro de casa dizendo defender a  ""vida"" que é a favor do aborto.  #AbortoNAO",1,0.0,0.0
#AbortoNAO chegando ao topo dos TT's.   Vamos pressionar o STF.,#AbortoNAO  STF - VERGONHA NACIONAL  e INTERNACIONAL!!,1,0.0,0.0
"Aborto sim, porque ninguém tem o direito de ditar regras sobre o nosso corpo. Até porque a maioria não é pró vida e sim pró nascimento, depois a mãe e o bebê que se dane. Aborto sempre vai existir, o que queremos é o direito de termos um aborto seguro. #AbortoSim",Somente as mulheres pobres morrem fazendo aborto. Lembrando que nenhum método contraceptivo é 100%.  #AbortoSim,1,0.0,0.0
STF quer aplicar a medida enquanto a gente não tá vendo!! #AbortoNao,#AbortoNao isso é crime contra a vida!,1,0.0,0.0
#AbortoNAO chegando ao topo dos TT's.   Vamos pressionar o STF.,#AbortoNAO  Vida Sim!!!,1,0.0,0.0
"“Ainnnn, aborto é essencial pq tem mulher que engravida por acidente”  A pessoa está andando, escorrega e cai numa pika?   #AbortoNao","Não, mas tem mulheres que são estupradas ou mesmo utilizando preservativo,estes não são 100% eficazes.  #AbortoNAO",1,1.0,1.0
Vamos começar a pressão ao STF já.  #AbortoNAO,Atenção STF #AbortoNAO,1,0.0,0.0
"Bora subir, robozada?   #AbortoNao","Sim Carla, #AbortoNao #AbortoNAO #AbortoNao #AbortoNAO",1,0.0,0.0
Entrei na tag #AbortoNAO e tem muita gente que defende o aborto.  Provavelmente nunca passaram pela experiência de carregar uma vida no seu ventre.  Deveriam perguntar aos seus pais o que acham sobre o assunto.  Não há algo maior no mundo que o amor de mãe.,STF SAFADO #AbortoNAO,1,0.0,0.0
Entrei na tag #AbortoNAO e tem muita gente que defende o aborto.  Provavelmente nunca passaram pela experiência de carregar uma vida no seu ventre.  Deveriam perguntar aos seus pais o que acham sobre o assunto.  Não há algo maior no mundo que o amor de mãe.,Ouvi um nome novo: Fetocídio. Quem sabe pega?  #AbortoNAO,1,0.0,0.0
Entrei na tag #AbortoNAO e tem muita gente que defende o aborto.  Provavelmente nunca passaram pela experiência de carregar uma vida no seu ventre.  Deveriam perguntar aos seus pais o que acham sobre o assunto.  Não há algo maior no mundo que o amor de mãe.,#AbortoNAO nunca,1,0.0,0.0
Entrei na tag #AbortoNAO e tem muita gente que defende o aborto.  Provavelmente nunca passaram pela experiência de carregar uma vida no seu ventre.  Deveriam perguntar aos seus pais o que acham sobre o assunto.  Não há algo maior no mundo que o amor de mãe.,É o maior absurdo. #AbortoNAO,1,0.0,0.0
Vamos subir #AbortoNao .  STF quer aprovar medida em plena pandemia.,ok mo calma aí  #AbortoSim,1,0.0,1.0
"CURIOSIDADE: 100% das pessoas que usam a hashtag ""AbortoSim"" não foram abortadas.   Infelizmente.",Assassinos filho da puta.  #AbortoNAO,1,0.0,0.0
STF quer aplicar a medida enquanto a gente não tá vendo!! #AbortoNao,#abortoNao de jeito nenhum,1,0.0,0.0
"Não me venham com essa #AbortoNao, não é o estado quem diz o que a mulher deve fazer com seu próprio corpo, ela que deve ter o poder de decisão! #AbortoSim","Como trata-se de um outro ser humano a mulher perde o direito de matar outra pessoa, fazer sexo com segurança e evitar a gravidez de pai desconhecido, assim ajuda a sociedade e a um mundo melhor! #AbortoNAO",1,1.0,1.0
"“O aborto se vence com adoção. Quem não quiser as crianças, que as dê a mim. Não rejeitarei uma só delas. Encontrarei pais a elas. Ninguém tem o direito de matar uma vida que vai nascer: nem o pai, nem a mãe, nem o estado, nem o médico. Ninguém."" Madre T. de Calcutá.  #AbortoNAO",Concordo #AbortoNAO,1,0.0,0.0
"STF pautou ABORTO para dia  24 , no auge da Pandemia. Enquanto dormimos, STF cumpre a pauta  dos COMUNISTAS para assassinar indefesos !  STF, diz que quer salvar vidas prendendo as pessoas em casa com fome , enquanto pauta assassinatos, de bebês.  #AbortoNAO",Pela vida sempre!!! #AbortoNAO,1,0.0,0.0
Quem usa a #AbortoSim deveria dar o exemplo e SE abortar.   #AbortoNão,Vida sempre #AbortoNAO,1,0.0,0.0
"CURIOSIDADE: 100% das pessoas que usam a hashtag ""AbortoSim"" não foram abortadas.   Infelizmente.","Defendo o #AbortoNAO, porém também defendo que o jovem tem que acabar! ahauhauhauahuaha",1,0.0,0.0
Você é contra o aborto? Então senta o dedo nessa tag: #AbortoNao,Totalmente contra! #AbortoNao,1,0.0,0.0
STF quer aplicar a medida enquanto a gente não tá vendo!! #AbortoNao,Sujos!  =#STFVergonhaNacional  #AbortoNAO,1,0.0,0.0
"STF pautou ABORTO para dia  24 , no auge da Pandemia. Enquanto dormimos, STF cumpre a pauta  dos COMUNISTAS para assassinar indefesos !  STF, diz que quer salvar vidas prendendo as pessoas em casa com fome , enquanto pauta assassinatos, de bebês.  #AbortoNAO",Mas matar os velhos é ok ne? #AbortoSim,1,1.0,1.0
"Bora subir, robozada?   #AbortoNao",#AbortoNAO  Deix  #AbortoNAO  Isso é pauta da vermelhada,1,0.0,0.0
#AbortoNAO é só mais uma tag que um bando de homem subiu novamente pra decidir sobre o que a mulher deve fazer ou não #AbortoSim legaliza logooo,Então não dá a porr@ da Bucet@  Já que não sabe prevenir uma gravidez.  Me poupe  #AbortoNAO,1,1.0,1.0
Vamos subir #AbortoNao .  STF quer aprovar medida em plena pandemia.,O  é inimigo do povo. Não podemos aceitar a ditadura dos comedores de lagosta. #AbortoNAO,1,0.0,0.0
Como vc se sentiria se tivesse sido abortada? Ah... Verdade você não estaria aqui no twitter defendendo o aborto! #AbortoNAO,"Agradeceria, isso sim  se você é contra o aborto, é só não abortar  #AbortoSim",1,1.0,1.0
Vamos subir #AbortoNao .  STF quer aprovar medida em plena pandemia.,São muito salafrários! #AbortoNAO,1,0.0,0.0
"STF, o câncer do Brasil, agora quer decidir quem vai viver e quem vai morrer.  Você é contra o aborto? Então senta o dedo nessa tag: #AbortoNAO",Tenho certeza que STF aprovará aborto no Brasil   #AbortoNAO,1,0.0,0.0
"Bolsominions estão revoltados pq STF pode permitir aborto de fetos com zika vírus. Imagine q 1 mulher está grávida de um bebê q, se não nascer morto, viverá apenas meses. Pq obrigá-la a prosseguir com a gravidez q pode por a vida dela em risco? Ela é q tem q decidir! #AbortoSim",O útero é um órgão tão importante que os ômi acha que não dá pra deixar uma mulher administrando #AbortoSim,1,0.0,0.0
"Não, obrigado.  #AbortoNao",Então não enche o saco   #AbortoSim,1,1.0,1.0
"Bora subir, robozada?   #AbortoNao",Agora deputada #AbortoNAO,1,0.0,0.0
Você é contra o aborto? Então senta o dedo nessa tag: #AbortoNao,"Ser brasileiro não é para os fracos, não temos um dia de sossego. #AbortoNao",1,0.0,0.0
"Dizem que o aborto é para proteger a saúde da mulher, como se a mulher tivesse a saúde protegida ao submeter-se a essa agressão antinatural, cujas sequelas nunca são reveladas antecipadamente. #AbortoNAO",Sem falar nas sequelas emocionais e espirituais. #AbortoNAO,1,0.0,0.0
#AbortoNAO chegando ao topo dos TT's.   Vamos pressionar o STF.,Vamos lutar juntos! #AbortoNAO,1,0.0,0.0
"Bora subir, robozada?   #AbortoNao",Uma coisa que eu concordo com a senhora. A única. #AbortoNAO,1,0.0,0.0
entrando aqui #AbortoNAO nessa tag ridícula para dizer que...  #AbortoSIM,Feminista nem é gente. #AbortoNAO,1,1.0,1.0
Obesidade mata muito muito muito mais que aborto e vcs celebram obesidade. Então não venha com papo furado.,"Questão de saúde, diz o panguado q num sabe q morrem mais mulheres por câncer de mama, desnutrição e tabagismo do vagabunda q tentou aborto pq deu a ppk na balada p um vagabundo. #AbortoNAO",1,1.0,0.0
"O que a Bíblia fala sobre o aborto?  ""Antes que te formasse no ventre de sua mãe, Eu te conheci""  Jeremias 1.5 #AbortoNao",Pela vida.  #AbortoNAO,1,0.0,0.0
"Enquanto lutamos pela nossa vida contra o covid19, o STF abre uma sessão pra liberar o aborto! Que país é esse?  #AbortoNao    #STFVergonhaNacional",#ForaSTF  #foratoffoli Lixo STF #AbortoNAO  Eu nasci e quero que os bebês TB! #STFVergonhaNacional,1,0.0,0.0
STF quer aplicar a medida enquanto a gente não tá vendo!! #AbortoNao,esperaram o time perfeito pra tentar enfiar goela abaixo do povo que majoritariamente é contra essa ideia satanica de matar a criança no ventre da mãe... #AbortoNAO,1,0.0,0.0
"4. a legalizaçao apenas permite que as mulheres sejam livres para tomar a decisão de acordo com suas crenças, possibilidades, vida que leva. #abortonao #abortosim  5. imagem: (+)","(+) entao se vc é #abortonao saiba: vc é um grande filhadap*ta, que só quer controlar e PENALIZAR a mulher por ter uma vida sexual (ou ser estuprada)  vc nao é ""pró-vida"", vc é pró-nascimento pq 1. uma vez que nasce vc CAGA pras condiçoes que a criança vai nascer/crescer (+)",1,0.0,0.0
"(+) entao se vc é #abortonao saiba: vc é um grande filhadap*ta, que só quer controlar e PENALIZAR a mulher por ter uma vida sexual (ou ser estuprada)  vc nao é ""pró-vida"", vc é pró-nascimento pq 1. uma vez que nasce vc CAGA pras condiçoes que a criança vai nascer/crescer (+)","(+) e 2. vc CAGA pra vida da MULHER que ja ta bem viva e bem cheia de pensamentos, sentimentos e dores.  se vc é #abortonao - MULHERES VAO CONTINUAR ABORTANDO. nos resta dar apoio e acesso seguro, e assegurar q vida dela continue.",1,0.0,0.0
"“O aborto se vence com adoção. Quem não quiser as crianças, que as dê a mim. Não rejeitarei uma só delas. Encontrarei pais a elas. Ninguém tem o direito de matar uma vida que vai nascer: nem o pai, nem a mãe, nem o estado, nem o médico. Ninguém."" Madre T. de Calcutá.  #AbortoNAO","Na realidade há + de 40mil pessoas na fila de adoção e mulheres abortando diariamente. Sendo assim, a discussão teria q ser entre aborto  clandestino ou aborto legal, detenção ou saúde pública, ao invés de  #AbortoSim / #AbortoNAO visto que tal escolha deve ser da gestante",1,1.0,1.0
"STF, o câncer do Brasil, agora quer decidir quem vai viver e quem vai morrer.  Você é contra o aborto? Então senta o dedo nessa tag: #AbortoNAO",Pressão para que essa praga seja derrubada.  #AbortoNAO,1,0.0,0.0
Vamos começar a pressão ao STF já.  #AbortoNAO,#AbortoNAO  sim a vida!,1,0.0,0.0
O melhor é q só tem homem cis na tag #AbortoNAO KKKKKKKKKKK NSFR,Homem? Sis? Branco? Ahhahahah CANCELA NÃO TEM OPINIÃO isso é racismo. TÍPICO sem argumento. #AbortoNAO,1,1.0,1.0
Vamos subir #AbortoNao .  STF quer aprovar medida em plena pandemia.,STF não tem limite!!   #AbortoNao,1,0.0,0.0
Vamos começar a pressão ao STF já.  #AbortoNAO,De jeito algum #AbortoNAO .,1,0.0,0.0
"Em plena epidemia do Covid-19, o STF quer aprovar o aborto no Brasil. Vamos subir a tag #AbortoNao.",Essa gente tem tara por matar fetos.....credo!!! #AbortoNao,1,0.0,0.0
"CURIOSIDADE: 100% das pessoas que usam a hashtag ""AbortoSim"" não foram abortadas.   Infelizmente.","#AbortoNAO assim na cara. Kkkkk Por isso os esquerdopatas te perseguem com xingamentos, eles não tem argumentos!",1,0.0,0.0
Cadê a Igreja nesta hora?Não lutam em favor da vida? Que tipo de homens de Deus são estes? O STF quer aniquilar uma vida humana. Digo Não ao Aborto sempre. Sou pró-vida! #AbortoNAO,"Primeiro, a igreja não tem nada a ver com decisões do governo, nosso Estado é laico. Segundo, não querem ""aniquilar"" a vida humana, querem dar a liberdade à mulher decidir sobre seu próprio corpo. Terceiro, isso não é ser pró vida é ser pró se meter no útero alheio. #AbortoSim",1,1.0,1.0
É muita gente hipócrita e sem noção usando a #AbortoNAO a maioria homens eleitores do bozo e o resto que dão mais valor a um feto do que a vida de uma mulher. O corpo é MEU e absolutamente TUDO nele TAMBÉM É MEU a decisão é MINHA SIM portanto #AbortoSim,Eu era contra o aborto até ver sua foto.. Agora vejo que é necessário. .#abortosim,1,1.0,1.0
Você é contra o aborto? Então senta o dedo nessa tag: #AbortoNao,Sim a vida #AbortoNAO,1,0.0,0.0
"Bora subir, robozada?   #AbortoNao",Aborto é crime. Aborto é assassinato. #AbortoNAO,1,0.0,0.0
"Bora subir, robozada?   #AbortoNao",#AbortoNAO ! Respeitem a vida daqueles que não podem se defender  !!!,1,0.0,0.0
"Bora subir, robozada?   #AbortoNao",Pela vida. #AbortoNAO,1,0.0,0.0
STF quer aplicar a medida enquanto a gente não tá vendo!! #AbortoNao,Agem como gatunos #AbortoNAO,1,0.0,0.0
Você é contra o aborto? Então senta o dedo nessa tag: #AbortoNao,#AbortoNao eu apoio a vida!,1,0.0,0.0
Vamos começar a pressão ao STF já.  #AbortoNAO,Pressão neles #AbortoNAO,1,0.0,0.0
Então não enche o saco   #AbortoSim,Tu nem tem saco kkkkkk  #AbortoNao,1,1.0,1.0
"Em plena epidemia do Covid-19, o STF quer aprovar o aborto no Brasil. Vamos subir a tag #AbortoNao.",São canalhas travestidos de ministros. #AbortoNao,1,0.0,0.0
Vamos subir #AbortoNao .  STF quer aprovar medida em plena pandemia.,Desde quando o STF legisla? Isso é invasão de outro poder! #AbortoNao,1,0.0,0.0
"Em plena epidemia do Covid-19, o STF quer aprovar o aborto no Brasil. Vamos subir a tag #AbortoNao.",#AbortoNao Não podemos deixar passar mais esse crime.,1,0.0,0.0
Tu nem tem saco kkkkkk  #AbortoNao,E você não tem um útero   #AbortoSim,1,1.0,1.0
"Estava olhando as pessoas que são a favor do aborto aqui no TT, 90% não tem mais de 22 anos, essa geração está perdida e pensar que são eles o futuro da nação. Estamos perdidos. #AbortoNao",Com certeza! Adolescentes IRRESPONSÁVEIS! #AbortoNao,1,0.0,0.0
"Oi Vítor, saudades de subirmos tags juntos! #AbortoNAO",Idem E você como está?  #AbortoNAO,1,0.0,0.0
É muita gente hipócrita e sem noção usando a #AbortoNAO a maioria homens eleitores do bozo e o resto que dão mais valor a um feto do que a vida de uma mulher. O corpo é MEU e absolutamente TUDO nele TAMBÉM É MEU a decisão é MINHA SIM portanto #AbortoSim,Come cocô de colherzinha #AbortoNAO,1,-1.0,1.0
Vamos começar a pressão ao STF já.  #AbortoNAO,Opa !   Diga sim a vida. #AbortoNAO,1,0.0,0.0
Vamos começar a pressão ao STF já.  #AbortoNAO,"Abortados serão eles, a pressão só aumenta, abre comércio.  Olha  a carreata hoje em Brasília  #AbortoNAO",1,0.0,0.0
"Bora subir, robozada?   #AbortoNao",Aborto é crime! #AbortoNAO,1,0.0,0.0
"O aborto tem q ser permitido, pra evitar q crianças cresçam em ambientes onde não são amadas, vivem passando necessidades e acabam sofrendo grandes traumas! Essa foto é de um bb q nasceu com o DIU na cabeça, nenhum modo de prevenção é 100%  #AbortoSim","E muitas mulheres morrem em clínicas clandestinas porque o aborto não é legalizado... O corpo é da mulher, a decisão é dela também ! #AbortoSim",1,0.0,0.0
Vamos começar a pressão ao STF já.  #AbortoNAO,Bora lá  !!! #AbortoNAO,1,0.0,0.0
Vamos começar a pressão ao STF já.  #AbortoNAO,Nunca!!! #AbortoNAO,1,-1.0,0.0
Legalizar assassinato está em pauta novamente. #AbortoNAO,"Não é assassinato, é o poder de escolha q a mulher tem sobre seu próprio corpo  #AbortoSim",1,1.0,1.0
"Garota de programa transa todo o dia uma ou mais vezes e não engravida.  Atriz porno transa todo dia e não engravida.  Mas a ""Santa"" que quer sentir o leite quente no útero, não se previne e segundo eles tem o direito de matar um inocente.  #AbortoNAO",#AbortoNAO  prevenção sim!,1,0.0,0.0
O Brasil é um país CRISTÃOe conservador! Não legislem seus fascínoras do STF! #AbortoNao,Somos Cristãos #AbortoNAO,1,0.0,0.0
"“O aborto se vence com adoção. Quem não quiser as crianças, que as dê a mim. Não rejeitarei uma só delas. Encontrarei pais a elas. Ninguém tem o direito de matar uma vida que vai nascer: nem o pai, nem a mãe, nem o estado, nem o médico. Ninguém."" Madre T. de Calcutá.  #AbortoNAO",Parabéns Daniel! #AbortoNAO,1,0.0,0.0
Vamos começar a pressão ao STF já.  #AbortoNAO,Vamos lá! #AbortoNAO,1,0.0,0.0
#AbortoNAO chegando ao topo dos TT's.   Vamos pressionar o STF.,É inacreditável! #AbortoNAO,1,0.0,0.0
Vamos começar a pressão ao STF já.  #AbortoNAO,Fala pra mim .... Mais essa #AbortoNao,1,0.0,0.0
Vamos começar a pressão ao STF já.  #AbortoNAO,#AbortoNao vamos pressionar juntos!,1,0.0,0.0
Vamos subir #AbortoNao .  STF quer aprovar medida em plena pandemia.,Nem pensar #AbortoNAO,1,-1.0,0.0
STF quer aplicar a medida enquanto a gente não tá vendo!! #AbortoNao,"Independente se você tem religião ou não, o três direitos básicos são: vida, propriedade privada e liberdade. Se você é um liberal ou um libertário deveria ter esses valores em mente. #AbortoNAO",2,0.0,0.0
"Eu peço a quem for a favor do aborto, para refletir se sua mãe tivesse feito essa opção quando estivesse grávida de você... Não é possível um ser humano agir com tamanha covardia!  #AbortoNao","eu peço para que você faça mais por crianças já vivas e sofrendo de abandono e nas ruas, do que se preocupe com fetos que são simplesmente um amontoado de células",2,1.0,1.0
"Toffoli, um lacaio da OMS, pautou ADI do aborto durante o caos pandêmico.   O STF é uma VERGONHA! Só mesmo uma corte imoral e abjeta para concordar com essa sugestão criminosa da OMS, de assassinar inocentes para conter o víruschinês!  #AbortoNAO",vc é um homem cis q se sua namorada engravidar vc vai largar entao fica caladinho pq sem utero sem opiniao importante cara,2,1.0,1.0
"Médico pedófilo, Fábio Duarte, estava preso p/filmar partes íntimas d crianças. Foi posto em liberdade hj. A juíza, na decisão, disse q segue orientação do CNJ (Conselho Nacional d Justiça), Presidido p/D Toffoli.  O pedófilo estava preso p/3ª vez, p/mesmo crime. Alerta Nacional.","Difícil demais viver nesse País! A que ponto chegamos, meu Deus!  #AbortoNAO",2,0.0,0.0
#AbortoNao A hidroxicloroquina pode ter efeitos colaterais (como qualquer medicamento). Já os efeitos irreversíveis do aborto são certos.,"Primeiramente #foradoria segundamente nao somos bobos, chega de usar nosso dinheiro #SenadoPL149NÃO terceiramente qual o sentido de colocar aborto pra votar agora, se todos estao lutando pra viver?! #AbortoNAO  Muito trabalho pra gnt robozada",2,0.0,0.0
não acredito que ainda tenho que ficar lendo essas coisas...  será que nunca as mulheres vão ser respeitadas como merecem???? #AbortoSIM,O pior é ver mulheres defendendo esse tipo de ideia. Outro dia discuti com a sobrinha do meu cunhado que diz que quem é a favor do aborto é vagabunda e ainda a guria defende a pena de morte.,2,0.0,0.0
"Eu sou contra o aborto, o feto n tem nd a ver com a suas atitudes. Ele n tem como se defender.""A, mas e se a mulher for estuprada e engravidar"" GENTE A CRIANÇA NÃO TEM CULPA, nesse caso quem tem culpa é o estuprador, então tem q resolver os problemas em relação a ele! #AbortoNAO",quem aborta tem que morrer junto,2,0.0,0.0
"Bora subir, robozada?   #AbortoNao","Difícil acreditar nesse corona virus, ele somente pega em os envolvidos no golpe e pessoas que exploram a existência do virus, do resto nada, somente infectados sem nome e mortos sem corpos exceção daqueles que morreram e usaram como se fosse do corona. ou seja (virus xili-ling)",2,0.0,0.0
Antes um feto abortado do que mais uma criança morando nas ruas ou então nos indices de criminalidade. #AbortoSim,eu sigo as pessoas certas,2,0.0,0.0
Vamos começar a pressão ao STF já.  #AbortoNAO,#AbortoNão Estão aproveitando a história do virus para impor questões que os brasileiros não aceitam,2,0.0,0.0
E quando falha o método?,"Quando ""falha o método anticoncepcional""?  Existe uma coisa na vida chamada  ARCAR COM AS CONSEQUÊNCIAS DOS SEUS ATOS.  Já ouviu falar nisso?  #AbortoNAO",2,1.0,1.0
"A quem caberá decidir sobre a vida de um anjo? Não está se discutindo o direito da mulher interromper uma gravidez indesejada, pois se isso ela cometer a sua pena será “sui gêneris” . O que está se discutindo são  os lucros da clínicas de aborto que desejam faturar livremente.","A mulher tem direito sobre SUA vida e responsabilidade para cuidar e resguardá-la contra todo o mal; tem maior responsabilidade ainda para proteger a VIDA de OUTRO SER, principalmente, se este SER estiver sendo gestado em seu ventre! #AbortoNao",2,1.0,-1.0
"Uma mulher tem o direito de fazer o que ela achar melhor pra ela e não precisa da opinião de ninguém, e para os homens que subiram essa tag, é aquele ditado né, sem útero, sem opinião #AbortoNao",whoooooo? eu sou mulher e #AbortoNão eu ein pensasse antes de fazer filho :),2,1.0,1.0
Vamos subir #AbortoNao .  STF quer aprovar medida em plena pandemia.,"#AbortoNAO vc tem camisinha, pílulas etc",2,0.0,0.0
Vamos subir #AbortoNao .  STF quer aprovar medida em plena pandemia.,"#AbortoNao STF, representantes de Satã na terra!",2,0.0,0.0
", mais uma vez tentando legislar. O povo brasileiro não aceita isso. Aborto é sinônimo de matar. #AbortoNao",#AbortoNao Socialistas assassinos querendo fazer o que melhor sabem fazer. MATAR,2,0.0,0.0
"A destruição e depressão causadas pela grande mídia assolam o planeta. Jornalismo fúnebre: Grande mídia, a contadora de cadáveres. Qual é a doença do planeta, afinal?  #AbortoNao",Globolixo,2,0.0,0.0
"NINGUÉM gosta de aborto, acha maneiro e divertido ou tem vontade de fazer. Aborto é um último recurso, já é utilizado por milhões de mulheres todos os anos. A diferença é: Vamos deixar mulheres pretas e pobres morrendo em abortos mal feitos em clínicas clandestinas? #AbortoSim","Assim que eu penso também. Pessoalmente, sou contra o aborto. Se fosse mulher, não faria essa escolha.  A questão é que eu não sou uma mulher. Não tenho nem que opinar sobre o assunto.  E enquanto homens decidem pelas mulheres, elas morrem fazendo clandestinamente.",2,0.0,0.0
"“O aborto se vence com adoção. Quem não quiser as crianças, que as dê a mim. Não rejeitarei uma só delas. Encontrarei pais a elas. Ninguém tem o direito de matar uma vida que vai nascer: nem o pai, nem a mãe, nem o estado, nem o médico. Ninguém."" Madre T. de Calcutá.  #AbortoNAO",Só quero saber quem foi o macho q subiu essa tag #AbortoNao pra eu meter uma bicuda na cara dle  Entendam sem útero sem opinião,2,1.0,1.0
Vamos subir #AbortoNao .  STF quer aprovar medida em plena pandemia.,Abaixo o ativismo judicial! #AbortoNAO,2,0.0,0.0
"“Um país que aceita o aborto não está a ensinar os seus cidadãos a amar, mas a usar a violência para obterem o que querem. É por isso que o maior destruidor do amor e da paz é o aborto.” (Madre Teresa de Calcutá)   #AbortoNao",Aborto Destruidor do Amor e da Paz ! #AbortoNAO,2,0.0,0.0
GRAVIDEZ SURPRESA NÃO EXISTE  TREPA SEM PROTEÇÃO E ESPERA GANHAR O QUE?  UM PLEISTEICHON 4 PRA ELE E UM AIFONE 11 PRA ELA?  #AbortoNAO,"ok, vai tomar no cu",2,1.0,1.0
"Em plena epidemia do Covid-19, o STF quer aprovar o aborto no Brasil. Vamos subir a tag #AbortoNao.",STF é uma vergonha ao País. #AbortoNAO,2,0.0,0.0
STF quer aplicar a medida enquanto a gente não tá vendo!! #AbortoNao,Tudo na maciota.,2,0.0,0.0
É muita gente hipócrita e sem noção usando a #AbortoNAO a maioria homens eleitores do bozo e o resto que dão mais valor a um feto do que a vida de uma mulher. O corpo é MEU e absolutamente TUDO nele TAMBÉM É MEU a decisão é MINHA SIM portanto #AbortoSim,"Sem útero, sem opinião = Se a sua foto de perfil é de anime, a sua opinião não é válida  Ambos merda",2,1.0,-1.0
China critica decisão de Trump e pede volta do financiamento dos EUA à OMS,#AbortoNao Parabéns   por não financiar a Chinavirus por tabela.,2,0.0,0.0
"Aborto é a forma mais cruel de preconceito! Mata por puro egoísmo. #abortoNao   ""A Dinamarca e a Islândia, países em que 100% dos bebês com Síndrome de Down são exterminados mediante o aborto."" Isso é o progressismo.",Isso é tão triste mano,2,0.0,0.0
"eu digo #AbortoSim pq preferiria q minha mae tivesse me abortado ao invés de sumir  e meu pai só me ajuda um pouco, bem pouco, por obrigação e pq ele tem um salario fixo e q se tbm n ajudasse n faria diferença pra mim pq ganho o suficiente pra me manter","e agr ja sou de maior e ja terminei a escola mas quando minha mae resolveu sumir eu ainda era de menor e tava na escola, e só dei conta pq ja trabalhava  e isso é fichinha perto de muitas outras situações q muitas crianças passam",2,0.0,0.0
Vamos subir #AbortoNao .  STF quer aprovar medida em plena pandemia.,"Só pode ser absoluta mentira.... não é possível que o  vai vir com uma DESGRAÇA dessas em meio a zona que estamos vivendo!??????????   Isso sendo verdade, isso é de uma baixeza impossível de medir!  #AbortoNao",2,0.0,0.0
Vamos subir #AbortoNao .  STF quer aprovar medida em plena pandemia.,#AbortoNAO  nunca! #STFabortoNao,2,0.0,0.0
"Bora subir, robozada?   #AbortoNao","Esse ""stf"" é um chiqueiro (com todo respeito aos porcos) do foro de SP. #AbortoNAO",2,0.0,0.0
#AbortoNAO chegando ao topo dos TT's.   Vamos pressionar o STF.,Bora lá!!! #AbortoNAO,2,0.0,0.0
Você é contra o aborto? Então senta o dedo nessa tag: #AbortoNao,"#AbortoNAO   Passando da hora dos ministros laxantes, petralhas e abortistas do STF serem expulsos da nossa corte suprema",2,0.0,0.0
"Em plena epidemia do Covid-19, o STF quer aprovar o aborto no Brasil. Vamos subir a tag #AbortoNao.",Mas é Demais,2,0.0,-1.0
GRAVIDEZ SURPRESA NÃO EXISTE  TREPA SEM PROTEÇÃO E ESPERA GANHAR O QUE?  UM PLEISTEICHON 4 PRA ELE E UM AIFONE 11 PRA ELA?  #AbortoNAO,Eu prefiro o iPhone 11. #AbortoNAO,2,0.0,-1.0
"Engraçado que a maioria que está usando essa hashtag #AbortoNAO são homens.  #AbortoSIM, PAREM DE QUERER MANDAR NO NOSSO CORPO","Não quer ter filho, tira o útero.",2,1.0,1.0
#AbortoNAO chegando ao topo dos TT's.   Vamos pressionar o STF.,STF de merda #AbortoNAO,2,0.0,0.0
"Bolsominions estão revoltados pq STF pode permitir aborto de fetos com zika vírus. Imagine q 1 mulher está grávida de um bebê q, se não nascer morto, viverá apenas meses. Pq obrigá-la a prosseguir com a gravidez q pode por a vida dela em risco? Ela é q tem q decidir! #AbortoSim",A mulher decide. Ponto final! #AbortoSim,2,0.0,0.0
"Eu sou contra o aborto, o feto n tem nd a ver com a suas atitudes. Ele n tem como se defender.""A, mas e se a mulher for estuprada e engravidar"" GENTE A CRIANÇA NÃO TEM CULPA, nesse caso quem tem culpa é o estuprador, então tem q resolver os problemas em relação a ele! #AbortoNAO","Aborto não, suas piranha",2,0.0,0.0
"Bora subir, robozada?   #AbortoNao",#AbortoNao   Quarentena não é pra salvar vidas? Pq abortar uma vida?,2,0.0,0.0
"falando sobre aborto..a maior parte dos argumentos é que a mulher faz oq quiser com seu corpo e q a decisão não cabe ao homem, que o lugar de fala é dela, q os homens contra n podem opinar. pois então eu, mulher, digo que sou contra e não apoio o assassinato em nenhuma situação",É isso #AbortoNAO,2,0.0,0.0
GRAVIDEZ SURPRESA NÃO EXISTE  TREPA SEM PROTEÇÃO E ESPERA GANHAR O QUE?  UM PLEISTEICHON 4 PRA ELE E UM AIFONE 11 PRA ELA?  #AbortoNAO,Não existe método contraceptivo 100% eficaz.,2,1.0,1.0
"#AbortoNAO aí galera, criei um canal recentemente no youtube, dêem uma passadinha lá e se inscrevam, peço humildemente. o nome do canal é Thaiguwo, o link tá na minha bio. boa discussão",se inscrevam no canal do meu amigo gostoso,2,0.0,0.0
"O aborto tem q ser permitido, pra evitar q crianças cresçam em ambientes onde não são amadas, vivem passando necessidades e acabam sofrendo grandes traumas! Essa foto é de um bb q nasceu com o DIU na cabeça, nenhum modo de prevenção é 100%  #AbortoSim",E pra evitar tudo isso a gente mata a criança... Vai tomar no cu,2,1.0,1.0
#AbortoNao A hidroxicloroquina pode ter efeitos colaterais (como qualquer medicamento). Já os efeitos irreversíveis do aborto são certos.,"Para salvar vidas, não pode. Para a morte certa, pode. Quem explica?",2,0.0,0.0
"entendi, então o bebe que pegue seu corpo e desenvolva fora do corpo da mulher",Já terminou de tweetar # AbortoNao mulher branca favorável ao porte de armas????!!!!!,2,1.0,1.0
Pq tem homem querendo opinar sobre aborto?,Sim mn #AbortoSim sem mais... Cada um com seu cada um e vida q segue,2,0.0,0.0
LIBERA O CARAI DO ABORTO LOGO SEUS BANDO DE ARROMBADO PQP A VIDA É DA MINA E ELA QM DECIDE SE TEM CONDICOES FINANCEIRAS E PSICOLOGICAS PRA TER OU NAO O CARAI DO BEBE  #AbortoSim,é por isso que eu amo essa mulher gente,2,0.0,0.0
Diga sim a vida #AbortoNAO,Show da vida!!,2,0.0,0.0
Mandetta avisa equipe que será demitido e que Bolsonaro procura substituto,"Ótimo. Não dá para ficar com um insubordinado, seja em qualquer lugar. #BolsonaroTemRazão #AbortoNAO",2,0.0,0.0
"falando sobre aborto..a maior parte dos argumentos é que a mulher faz oq quiser com seu corpo e q a decisão não cabe ao homem, que o lugar de fala é dela, q os homens contra n podem opinar. pois então eu, mulher, digo que sou contra e não apoio o assassinato em nenhuma situação",É isso #AbortoNao,2,0.0,0.0
#AbortoNAO chegando ao topo dos TT's.   Vamos pressionar o STF.,Vamos lá #AbortoNAO,2,0.0,0.0
"Desculpa, mas no meu mundo abortar é algo inexplicável. Eu quero saber qual é a dificuldade de usar preservativo ou tomar remédio? Vocês querem um passe livre para ser promíscuas sem serem taxadas disso! #AbortoNao","O sonho de toda feminista é ser um cafajeste: ser vagabundo sem ser julgado. O problema do primeiro lixo é que ele quer transar e a feminista quer ser tão lixo quanto, nem que isso custe algumas vidas. Feminismo é inconsequência!",2,0.0,0.0
"Desculpa, mas no meu mundo abortar é algo inexplicável. Eu quero saber qual é a dificuldade de usar preservativo ou tomar remédio? Vocês querem um passe livre para ser promíscuas sem serem taxadas disso! #AbortoNao","O sonho de toda feminista é ser um cafajeste: ser vagabundo sem ser julgado. O problema do primeiro lixo é que ele quer transar e a feminista quer ser tão lixo quanto, nem que isso custe algumas vidas. Feminismo é inconsequência! #AbortoNao",2,0.0,0.0
#AbortoNAO não tem mal maior que a morte de um indefeso  no ventre da mãe!,#AbortoNAO não vamos legalizar o assassinato,2,0.0,0.0
"Bora subir, robozada?   #AbortoNao","''Fique em casa, vida em primeiro lugar''  Ok. '' Aborto questão de saúde pública, vamos matar uns bebês, boa STF!''  Ué? Hipocrisia monstruosa!   #AbortoNAO",2,0.0,0.0
GRAVIDEZ SURPRESA NÃO EXISTE  TREPA SEM PROTEÇÃO E ESPERA GANHAR O QUE?  UM PLEISTEICHON 4 PRA ELE E UM AIFONE 11 PRA ELA?  #AbortoNAO,Exatamente..,2,0.0,0.0
"HOMENS, calem vossas boquinhas que este assunto não lhes diz respeito! Vão aprender a lavar o pinto que é o melhor que vocês fazem! #AbortoNao #AbortoSim",Ela não tem lugar de fala pra falar do meu pinto. Eaí? Como é que fica?,2,1.0,1.0
#AbortoNAO chegando ao topo dos TT's.   Vamos pressionar o STF.,"Estamos de olho, STF #AbortoNAO",2,0.0,0.0
"Mentiras contadas por Witzel na campanha começam a se revelar. Depois de Cabral e Pezão, o Rio não merecia essa má sorte. Gradativamente, as mentiras contadas por Witzel, que iludiram o povo fluminense, vão caindo por terra e sendo reveladas.  #AbortoNao",A RESPOSTA PARA TIRAR ESSE TRAIDOR É ESSA:,2,0.0,0.0
"“O aborto se vence com adoção. Quem não quiser as crianças, que as dê a mim. Não rejeitarei uma só delas. Encontrarei pais a elas. Ninguém tem o direito de matar uma vida que vai nascer: nem o pai, nem a mãe, nem o estado, nem o médico. Ninguém."" Madre T. de Calcutá.  #AbortoNAO","''o aborto se vence com a adoção'' kkkkkkkkk vai tomar no cu, esse cara é burro ou o que ????? Olha as ruas lotadas de crianças abandonadas, orfanatos saindo crianças até pela janela. Fora a burocracia pra conseguir adotar uma criança, o assunto vai muito além disso...",2,1.0,1.0
STF quer aplicar a medida enquanto a gente não tá vendo!! #AbortoNao,Absurdo! #AbortoNAO,2,0.0,0.0
#AbortoNAO  É crime. Todos tem direito a vida.,A uma vida de merda .. Todos tem direito,2,1.0,1.0
Vamos começar a pressão ao STF já.  #AbortoNAO,STF Vergonha Nacional! #AbortoNAO,2,0.0,0.0
"ninguém é a favor do ato de abortar, estamos falando de LEGALIZAÇÃO, para que as mulheres tenham segurança e não corram riscos no processo. e disso nós somos a favor. #abortosim",Os fanáticos religiosos precisam entender que ninguém é a favor do aborto e sim da sua legalização. O Estado não tem o direito de legislar sobre o corpo da mulher. #abortosim,2,0.0,0.0
#AbortoNAO chegando ao topo dos TT's.   Vamos pressionar o STF.,STF é a casa do Mal #AbortoNAO,2,0.0,0.0
"“Um país que aceita o aborto não está a ensinar os seus cidadãos a amar, mas a usar a violência para obterem o que querem. É por isso que o maior destruidor do amor e da paz é o aborto.” (Madre Teresa de Calcutá)   #AbortoNao",vocês são uma chacota e um desserviço mesmo,2,0.0,1.0
"Em plena epidemia do Covid-19, o STF quer aprovar o aborto no Brasil. Vamos subir a tag #AbortoNao.",#AbortoNAO  STF vergonhoso.,2,0.0,0.0
"PM ENCONTRA CASAL DE IDOSOS NA RUA E VEJA O QUE FAZEM.  Parabéns aos Policiais, (SD Bruschi e SD Vitor) Existem várias formas de proteger e educar o cidadão de bem né #DoriaLunatico? Depois que comprar o pão (de máscara), direto pra casa)...",Isto é exemplo e aposto que são a maioria dos policiais que amam a farda. #BolsonaroTemRazaoSim #AbortoNAO,2,0.0,0.0
Vamos subir #AbortoNao .  STF quer aprovar medida em plena pandemia.,Bora #AbortoNAO,2,0.0,0.0
"Tenho certeza que a galera do #AbortoNao nunca, NUNCA, parou pra ler do que se trata. Aborto é questão de saúde da mulher. Tem que ser discutido, mas como sempre querem cagar regra.",Obesidade mata muito muito muito mais que aborto e vcs celebram obesidade. Então não venha com papo furado.,2,1.0,-1.0
#AbortoNao,É absurdo que essa possibilidade seja discutida #AbortoNao,2,0.0,0.0
"Na última LIVE,  teve mais de 50 milhões de visualizações, arrecadou 1,4 mil toneladas alimentos, 400 mil máscaras, 10 mil luvas, 200 cursos na área da saúde e muito mais!!! Fez mais pelo Brasil dq a maioria desses “jornalistas urubus” q criticam esse grande artista!",Gusttavo Lima um herói do Brasil! #unidospelavida #AbortoNAO #DesobedienciaCivil #ForaSTF,2,0.0,0.0
STF quer aprovar aborto em plena pandemia. #AbortoNAO,"Cloroquina causa efeitos secundários, azitromicina faz mal, mas vivemos pra ver O LIXO PRÓ ABORTO SUJO, esquerdistas de merda, defender a prática assassina!! Inversão de valores! #Bolsonaro2026",2,0.0,0.0
"O Brasil vive uma crise sem precedentes. E a razão somente uma: O sistema socialista implantando nas bases do país.  *STF - Não mais julga, hoje legisla.  *Congresso- Não mais legisla, executa sobre os 3ª poderes.  *Executivo - Não tem mais poder, apenas assiste.   #AbortoNao",A República está botando uma corda no próprio pescoço.   #MonarquiaJa  #AbortoNAO,2,0.0,0.0
"As feminazi dizendo que só pq o homem não tem útero não podem opinar ( sendo que não se engravida com o dedo) e o mais triste são homens ficando quietos com essa afirmação. Negam o potencial da vida no ventre e defendem árvores, tartarugas e aquecimento global.#AbortoNAO",esse é o preço que eu pago por saber ler,2,1.0,1.0
"Por Favor, Patriotas, Vamos Juntos !  Pelo Brasil com Bolsonaro !",".#AbortoNao. #AbortoNunca. O povo brasileiro é contra o aborto, q é um eufemismo para assassinato de crianças no útero das mães. O Presidente  foi eleito defendendo essa bandeira. e nós votamos nele também por causa disso.O Brasil acima de tudo. Deus acima de todos.",2,0.0,0.0
"Ela tem o prazo até 01/06! Ela precisa de uma vacina que custa 2,1 milhões de dólares. Ajudem  .  Se cada um dos meus seguidores doar 5 reais, já ajuda! Se cada um repostar e pedir e cada um pedir 5 reais, ajuda! Ela tem prazo! Por favor! Visitem o perfil e entendam!","Pessoal, Ajudem a Salvar essa Princesa,o tempo dela está acabando. Entre no perfil  e veja como contribuir,dêem para chegar ao máximo de pessoas. #AbortoNAO",2,0.0,0.0
"#AbortoNao STF, representantes de Satã na terra!",Mas o STF não diz que luta pela vida??? Não era esse o motivo de assinarem embaixo tudo o que foi ditado pelos governadores e prefeitos em relação ao covid-19???? HIPÓCRITAS!!!! #AbortoNao,2,0.0,0.0
"Não adianta falar #AbortoNão.O aborto é uma realidade comum na vida das mulheres:se você conhece 5 mulheres, ao menos 1 delas já abortou.O dever do Estado diante disso tudo é justamente dar condições pra que TODAS as mulheres possam escolher, com segurança e dignidade. #AbortoSim",“O dever do Estado diante disso tudo é justamente dar condições para que TODOS os assassinos possam escolher um hitman com segurança e dignidade.” #HomicidioSim,2,1.0,1.0
Vcs do #AbortoNAO  se preocupem com as crianças abandonadas nas ruas e em orfanatos e deixem as mulheres decidirem sobre seu próprio corpo #AbortoSim,"Sou a favor do direito de termos nossas próprias escolhas... mas gente o aborto doi tanto, sendo espontâneo ou não, é uma dor que vai além do peito, dói tudo, só quem ja passou sabe!",2,0.0,0.0
"Só é ""pró-vida"" quando tá no útero, né? Orfanato não é igual Chiquititas, uma mãe que cria o filho com desprezo pode destruir a saúde mental dele, a maioria rejeitada vai parar na rua, vira bandido e vocês defendem matar essas pessoas. A hipocrisia não tem limites  #AbortoNao","Isso me fez lembrar os pais que espancaram até a morte uma bebê de 6 meses, um sofrimento que ela poderia não ter passado #aborton",2,0.0,0.0
"O aborto tem q ser permitido, pra evitar q crianças cresçam em ambientes onde não são amadas, vivem passando necessidades e acabam sofrendo grandes traumas! Essa foto é de um bb q nasceu com o DIU na cabeça, nenhum modo de prevenção é 100%  #AbortoSim",(?????????????????????) caralho,2,0.0,-1.0
O Brasil é um país CRISTÃOe conservador! Não legislem seus fascínoras do STF! #AbortoNao,ser conservador nao é algo de se ter orgulho e é o caralho q o brasil é assim porra #AbortoSim #AbortoSim,2,1.0,1.0
pera é sério q juntaram 18 macho pra criminalizar o aborto e tomar decisões sobre o corpo da mulher e ainda por cima subir uma hastag #AbortoNAO ????  é piada só pode  minha contribuição: #AbortoSim,Chernobyl tá diferente #AbortoSim meu corpo eu que mando nessa porra,2,0.0,0.0
"#AbortoNao  Aborto é assassinato. É cientificamente comprovado que o bb é uma vida, e qualquer opiniao contrária é anticientifica. E principalmente, é contra a lei de Deus, portanto, quem é a favor  do aborto, desobedece a Deus e terá de prestar contas diante dEle por incentivar",Fonte: vozes da minha cabeça,2,1.0,1.0
"STF pautou ABORTO para dia  24 , no auge da Pandemia. Enquanto dormimos, STF cumpre a pauta  dos COMUNISTAS para assassinar indefesos !  STF, diz que quer salvar vidas prendendo as pessoas em casa com fome , enquanto pauta assassinatos, de bebês.  #AbortoNAO",Muitas pautas importantes para o momento mas.....,2,0.0,0.0
#AbortoNAO chegando ao topo dos TT's.   Vamos pressionar o STF.,#AbortoNAO  Na minha casa não  entra abortista... não tem conversa com assassinos... simples.,2,0.0,0.0
"Nós somos cristãos, aborto NÃO   #AbortoNAO","VOCÊ É, eu não brigada. #AbortoSim",2,1.0,1.0
"HOMENS, calem vossas boquinhas que este assunto não lhes diz respeito! Vão aprender a lavar o pinto que é o melhor que vocês fazem! #AbortoNao #AbortoSim",Pinto ? Alguém disse pinto? Pinto?,2,0.0,-1.0
"Bora subir, robozada?   #AbortoNao",Chega de STF #AbortoNao,2,0.0,0.0
Educação sexual para decidir! Contraceptivos para não abortar! Aborto legal e gratuito para não morrer!  #AbortoSim #NenhumaAmenos #NiUnaAMenos,legal ok n tem pq proibir mas gratuito nunca vão se foder,2,1.0,1.0
#AbortoNAO chegando ao topo dos TT's.   Vamos pressionar o STF.,"STF, estamos atentos!!! #AbortoNAO",2,0.0,0.0
"MINISTRO LUÍS ROBERTO BARROSO, DO STF, SOBRE ABORTO: ""SE HOMENS ENGRAVIDASSEM, ESSE PROBLEMA JÁ ESTARIA RESOLVIDO""   BARROSO FOI APLAUDIDO PELOS ABORTISTAS, QUE OBVIAMENTE NÃO ESTÃO NEM AÍ PRA CRIANÇA INDEFESA, DURANTE A BRAZIL CONFERENCE AT HARVARD &amp; MIT 2019   #AbortoNÃO","#AbortoNAO quando uma pessoa começa a defender uma posição com uma suposição é porque ela não tem argumentos suficientes pra convencer os outros!  è como o desarmamento de ""salvou X vidas"" é algo que não pode ser mensurado, portanto está fora de cogitação!",2,0.0,0.0
#AbortoNAO é só mais uma tag que um bando de homem subiu novamente pra decidir sobre o que a mulher deve fazer ou não #AbortoSim legaliza logooo,"Aborto sim, quem discorda que morra",2,0.0,0.0
"Não adianta falar #AbortoNão.O aborto é uma realidade comum na vida das mulheres:se você conhece 5 mulheres, ao menos 1 delas já abortou.O dever do Estado diante disso tudo é justamente dar condições pra que TODAS as mulheres possam escolher, com segurança e dignidade. #AbortoSim",aborto é assassinato,2,1.0,1.0
"“O aborto se vence com adoção. Quem não quiser as crianças, que as dê a mim. Não rejeitarei uma só delas. Encontrarei pais a elas. Ninguém tem o direito de matar uma vida que vai nascer: nem o pai, nem a mãe, nem o estado, nem o médico. Ninguém."" Madre T. de Calcutá.  #AbortoNAO","Dêem a mim, ser mãe é uma bênção, é deus te dando uma lama para eduçar e conduzir, não querem seus bebês pq eles são mais que especiais? Eu quero. Maior sonhor ser mãe.  #AbortoNAO",2,0.0,0.0
Vamos subir #AbortoNao .  STF quer aprovar medida em plena pandemia.,Aborto só para ministros do stf ! #AbortoNAO,2,0.0,0.0
"Tenho certeza que a galera do #AbortoNao nunca, NUNCA, parou pra ler do que se trata. Aborto é questão de saúde da mulher. Tem que ser discutido, mas como sempre querem cagar regra.","Matar feto é questão de saúde desde quando?  E como fica a saúde da criança dentro da mulher?  Discute se aborto hoje, amanhã será o infanticídio ou a pedofilia. Logo, crime não se discute!  #AbortoNAO",2,1.0,1.0
"#AbortoSim pela insanidade mental de nossa sociedade, pela putaria!","#AbortoNAO essa tag só mostra que as pessoas querem menos putaria e vadiagem, respeitem as cadelas, elas devem ter o direito de matar sim! as mulheres conscientes que não querem esse direito, que se sintam irrelevantes, mesmo sendo maioria.",2,0.0,0.0
ninguém tá falando de assassinato de crianças seu burro #AbortoSim,E aborto é o quê? Seu verme! Lixo humano!  #AbortoNAO,2,1.0,1.0
"Mentiras contadas por Witzel na campanha começam a se revelar. Depois de Cabral e Pezão, o Rio não merecia essa má sorte. Gradativamente, as mentiras contadas por Witzel, que iludiram o povo fluminense, vão caindo por terra e sendo reveladas.  #AbortoNao",Canalha sem MORAL. Mentiroso safado.,2,0.0,-1.0
O Brasil é um país conservador de Maioria cristã o aborto nunca será legalizado pq nós lutaremos contra suas canalhas #AbortoNAO,"O Brasil é LAICO, para de usar sua religiao e seu conservadorismo pra opinar no utero alheio caralho",2,1.0,1.0
Vamos subir #AbortoNao .  STF quer aprovar medida em plena pandemia.,PQP! O STF continua legislando?,2,0.0,0.0
"Toffoli, um lacaio da OMS, pautou ADI do aborto durante o caos pandêmico.   O STF é uma VERGONHA! Só mesmo uma corte imoral e abjeta para concordar com essa sugestão criminosa da OMS, de assassinar inocentes para conter o víruschinês!  #AbortoNAO","aiai esse STF, chegou a me orgulhar   #AbortoSim",2,1.0,1.0
"Para o #AbortoNao acontecer deveriam estar sendo feitas mais  campanhas para o uso de preservativos, os pais deveriam ensinar aos filhos sobre educação sexual e os homens e as mulheres deveriam ter consciência das consequências de praticar atos sexuais sem camisinha +","#AbortoSim    leiam essa thread minha e se possível, divulguem.",2,0.0,0.0
"Ótimo. Não dá para ficar com um insubordinado, seja em qualquer lugar. #BolsonaroTemRazão #AbortoNAO","SE BOLSONARO não demitiu o Ministro Mandetta , ou ele quer se se demitir para cair no ostracismo. ou ele faz parte da equipe do presidente",2,0.0,0.0
#AbortoNAO chegando ao topo dos TT's.   Vamos pressionar o STF.,#AbortoNAO NUNCA,2,0.0,0.0
"Uma mulher tem o direito de fazer o que ela achar melhor pra ela e não precisa da opinião de ninguém, e para os homens que subiram essa tag, é aquele ditado né, sem útero, sem opinião #AbortoNao",Olha gente vou lacra aqui falando que homens não presta,2,1.0,1.0
"CURIOSIDADE: 100% das pessoas que usam a hashtag ""AbortoSim"" não foram abortadas.   Infelizmente.",Infelizmente.,2,0.0,0.0
"Só é ""pró-vida"" quando tá no útero, né? Orfanato não é igual Chiquititas, uma mãe que cria o filho com desprezo pode destruir a saúde mental dele, a maioria rejeitada vai parar na rua, vira bandido e vocês defendem matar essas pessoas. A hipocrisia não tem limites  #AbortoNao","medidas pra melhorar o orfanato jamais, mas matar a cria sim né",2,1.0,1.0
GRAVIDEZ SURPRESA NÃO EXISTE  TREPA SEM PROTEÇÃO E ESPERA GANHAR O QUE?  UM PLEISTEICHON 4 PRA ELE E UM AIFONE 11 PRA ELA?  #AbortoNAO,Só disse verdades kkkkkkk #AbortoNAO,2,0.0,0.0
"CURIOSIDADE: 100% das pessoas que usam a hashtag ""AbortoSim"" não foram abortadas.   Infelizmente.",#AbortoNAO INFELIZMENTE,2,0.0,0.0
"CURIOSIDADE: 100% das pessoas que usam a hashtag ""AbortoSim"" não foram abortadas.   Infelizmente.",Infelizmente...,2,0.0,0.0
Uma carreata em Brasília pediu o fim do isolamento social para não prejudicar a economia #JornalDaRecord #JR24H,O único Jornal mostrando as carreata. #ForaMandetta  #AbortoNAO,2,0.0,0.0
"Bora subir, robozada?   #AbortoNao",Aborto nunca! #AbortoNAO,2,0.0,0.0
Estão pautando com o Toffoli via Carmem Lúcia uma ADI do aborto pra semana que vem.   Filhos da PUTA.   Estamos no meio de uma epidemia e os demônios querem matar bebês.   NY aprovou o aborto até 9 meses ano passado.   É a cidade com mais mortes hoje por causa do vírus .,"#AbortoNAO estão se aproveitando da situação da quarentena, para pautar esse absurdo.",2,0.0,0.0
"Pessoal do litoral, lembrei-se: a praia é território federal. Nem PM nem GCM podem te tirar de lá.   Tampouco prefeito e/ou governador podem legislar sobre quem pode ou não pode caminhar na praia.",#AbortoNAO para de putaria  STF de merda,2,0.0,0.0
"“O aborto se vence com adoção. Quem não quiser as crianças, que as dê a mim. Não rejeitarei uma só delas. Encontrarei pais a elas. Ninguém tem o direito de matar uma vida que vai nascer: nem o pai, nem a mãe, nem o estado, nem o médico. Ninguém."" Madre T. de Calcutá.  #AbortoNAO",é muito irônico o jeito que eles se preocupam com a vida de FETOS mas nao das mulheres. depois cresce e aí pode matar pq bandido bom é bandido morto,2,1.0,1.0
"#AbortoNao Engraçado que vocês só se importam com as crianças, enquanto estão na barriga. Depois fingem que elas não existem, apóiam trabalho infantil, chamam de vagabundos, e se entram no mundo do crime por causa da vida merda que teve, querem a morte deles. #AbortoSim por elas.",NÉ MANO,2,0.0,0.0
"Bora subir, robozada?   #AbortoNao",Aborto não né!!!,2,0.0,0.0
Sempre que eu vejo um monte de macho branco falando #AbortoNao eu lembro desse vídeo da joujout,"Eu não curto a joutjout, acho elitista e as vezes só meio vago mesmo.  Mas agora eu concordo pra caralho.",2,0.0,0.0
Vamos subir #AbortoNao .  STF quer aprovar medida em plena pandemia.,oq isso tem a ver caralho,2,1.0,1.0
STF quer aplicar a medida enquanto a gente não tá vendo!! #AbortoNao,Estão loucos    #AbortoNAO,2,0.0,0.0
"CURIOSIDADE: 100% das pessoas que usam a hashtag ""AbortoSim"" não foram abortadas.   Infelizmente.",CURIOSIDADE: 100% das pessoas que usam a #AbortoNAO deveriam ter sido abortadas para poupar a humanidade de ler suas postagens,2,1.0,1.0
"Bora subir, robozada?   #AbortoNao","Sinceramente, por aqui pelo twitter não vamos conseguir nada, STF ta cagando pro twitter, primeiro por que eles dizem que são robos. Vamos para as ruas.",2,0.0,0.0
Mais países Europeus começam a afrouxar as medidas de isolamento #JornalDaRecord #JR24H,#AbortoNAO #AbortoNao pq isso é  o crime mais horrendo contra o ser mais inocente do planeta.,2,0.0,0.0
"Engraçado que a maioria que está usando essa hashtag #AbortoNAO são homens.  #AbortoSIM, PAREM DE QUERER MANDAR NO NOSSO CORPO",Se os pais forem feios tem que abortar!!!,2,0.0,1.0
Feto não é criança,Os demônios saíram do inferno hoje.  #AbortoNAO,2,1.0,1.0
Sempre que eu vejo um monte de macho branco falando #AbortoNao eu lembro desse vídeo da joujout,CARALHO,2,-1.0,0.0
"A mesma pessoa pró vida que sobe a hashtag #AbortoNao é a que defende a pena de morte e comemora o ""CPF cancelado"" quando morre um criminoso. #AbortoSim",e serio pq vcs comparam bebês a criminosos sempre?,2,1.0,1.0
"CURIOSIDADE: 100% das pessoas que usam a hashtag ""AbortoSim"" não foram abortadas.   Infelizmente.",ABORTO É HOMICÍDIO. E PONTO FINAL. #AbortoNAO,2,0.0,0.0
#AbortoNAO é só mais uma tag que um bando de homem subiu novamente pra decidir sobre o que a mulher deve fazer ou não #AbortoSim legaliza logooo,É isso e ACABOU! aborto é o MÍNIMO que esse país nojento tem que legalizar!,2,0.0,0.0
#AbortoNAO,É nessas horas que da vontade de abraçar o papa Francisco e levar ele pra casa #AbortoNAO,2,0.0,0.0
"No meio de uma quarentena, e o Min Toffoli pauta ADI do aborto. É um golpe atrás do outro contra o país.  Se aproveitam da epidemia para avançar toda a agenda de pura CANALHICE.   STF NÃO CRIA LEIS!! #AbortoNão",Q o país está em risco #AbortoNAO,2,0.0,0.0
Quem usa a #AbortoSim deveria dar o exemplo e SE abortar.   #AbortoNão,Concordo....,2,0.0,0.0
"#AbortoNao Engraçado que vocês só se importam com as crianças, enquanto estão na barriga. Depois fingem que elas não existem, apóiam trabalho infantil, chamam de vagabundos, e se entram no mundo do crime por causa da vida merda que teve, querem a morte deles. #AbortoSim por elas.",Só acho...,2,0.0,0.0
"Uma mulher tem o direito de fazer o que ela achar melhor pra ela e não precisa da opinião de ninguém, e para os homens que subiram essa tag, é aquele ditado né, sem útero, sem opinião #AbortoNao",Tomara que vc nunca engravide,2,1.0,1.0
Como é q em pleno século XXI ainda há pessoas contra o aborto??? #AbortoSim,"PELO MESMO MOTIVO QUE SUA MÃE FOI CONTRA QUANDO DESEJOU TER VC, SUA IMUNDA.  É PELA VIDA",2,1.0,1.0
"Não me venham com essa #AbortoNao, não é o estado quem diz o que a mulher deve fazer com seu próprio corpo, ela que deve ter o poder de decisão! #AbortoSim","Então não é o estado que deve dizer se eu devo ficar em casa ou não, eu que tenho que decidir se posso sair de casa ou não!!!",2,1.0,1.0
GRAVIDEZ SURPRESA NÃO EXISTE  TREPA SEM PROTEÇÃO E ESPERA GANHAR O QUE?  UM PLEISTEICHON 4 PRA ELE E UM AIFONE 11 PRA ELA?  #AbortoNAO,Meu xero nem todos os casos são sobre relação sexual sem proteção pq os métodos contraceptivos que existem NÃO SÃO 100% EFICAZES. Next,2,1.0,1.0
Vcs que falam abortonão: assumem os filhos quando engravidam as mulheres? Assumem a criança quando o método contraceptivo falha? Ou quando insistem pra fazer sem camisinha? Ou ao menos adotam crianças abandonadas em orfanatos ou oferecem apoio a vítimas de estupro? #AbortoNao,CONHEÇA  O  PROJETO    RAQUEL.,2,-1.0,-1.0
"CURIOSIDADE: 100% das pessoas que usam a hashtag ""AbortoSim"" não foram abortadas.   Infelizmente.",infelizmente,2,0.0,0.0
Se tem uma coisa que o movimento monárquico provou hoje:  • Estamos organizados • Não somos poucos • O brasileiro quer aprender • Temos muito chão pela frente • A monarquia será restaurada.,"Estamos organozados, não somos poucos, a Monarquia será restaurada.  #MonarquiaJa  #AbortoNAO",2,0.0,0.0
Grande Dia.,Vida! Vida! Vida #AbortoNao e Pandemia ja era...,2,0.0,0.0
"CURIOSIDADE: 100% das pessoas que usam a hashtag ""AbortoSim"" não foram abortadas.   Infelizmente.",#AbortoNAO   E que se danem todos os aborteiros assassinos!,2,0.0,0.0
superfatura e esconde? Mas alguém encontrou !,Queremos transparência nos gastos referentes aos custos emergenciais usados  durante o estado de calamidade. #MonarquiaJa  #AbortoNAO,2,0.0,0.0
"Se vc é cristão, pq invés de subir a #AbortoNAO, vc n vai orar pra q a educação sexual chegue a todos, pra n ocorrer mais casos de gravidez acidental #AbortoSim","NA HORA DE SABER DA PÁGINA 5 AO 32 DO KAMASSUTRA VCS SABEM O QUE É EDUCAÇÃO SEXUAL, MAS DEPOIS QUE ENGRAVIDA NGM SABE DE NADA. PARECE ATÉ O LULA QUANDO FICOU DE FRENTE COM O MORO COLOCANDO A CULPA TODA NA MARISA",2,1.0,1.0
"MP denuncia perda de 2,7 milhões de bolsas de plasma e quer ouvir Mandetta. Via:","Tem que investigar mesmo MP,  . O BRASIL não está sob o domínio do PT! #AbortoNAO",2,0.0,0.0
"#AbortoNAO quando uma pessoa começa a defender uma posição com uma suposição é porque ela não tem argumentos suficientes pra convencer os outros!  è como o desarmamento de ""salvou X vidas"" é algo que não pode ser mensurado, portanto está fora de cogitação!",Vamos subir #AbortoNao  Qual o sentido de matar inocentes cidadãos indefesos presos dentro d um corpo psicopata!,2,0.0,0.0
