tweet_1,tweet_2,Class,P(NoConflict),P(Conflict),Conflict
"""E o Mandetta, a linha dele, como médico, era voltada quase exclusivamente para a vida"" - Jair Bolsonaro, presidente do Brasil","Tá certo, tem que demitir um ministro da SAÚDE, por se preocupar com a VIDA!!!!   Sério, eu não me canso de te xingar , seu bosta!!!",2,0.0442218892276287,0.9557780623435974,0
"Acabo de ouvir do presidente Jair Bolsonaro o aviso da minha demissão do Ministério da Saúde.  Quero agradecer a oportunidade que me foi dada, de ser gerente do nosso SUS, de pôr de pé o projeto de melhoria da saúde dos brasileiros e","O privatizador e lobista dos planos de saúde falando do “nosso SUS” HAHAHAHHA. Ok, Mandetta, vc era nossa única esperança nesse desgoverno, mas não força, tá????",2,0.0493528433144092,0.9506471157073976,1
"Boa sorte ao Nelson Teich, novo ministro da Saúde.  O mais importante é que dê conta do recado porque a luta é complicada, o inimigo é silencioso, astuto e mortal.   Imensa maioria sabe que o Mandetta não era pra sair, mas agora é torcer pelo sucesso do novo ministro.","Fala verdade seu safado, vc torce pro quanto pior, melhor. É certeza q vc quer q a saúde vire um caos pra lá na frente dizer q foi culpa do presidente por demitir o Mandetta, q estava doido pra ser demitido pra se fazer de vítima. Raça desgraçada de jornalistas esquerdista.",1,0.0500326938927173,0.9499672651290894,1
"É preciso reconhecer que se não fosse o SUS, não teríamos nem metade dos leitos que temos hoje. Pra quem não sabe o SUS é responsável por 63% dos leitos no Brasil.",Esse mesmo SUS que o Mandetta defendeu o fim e que agora saiu defendendo.,2,0.0703619197010994,0.9296380877494812,0
"""E o Mandetta, a linha dele, como médico, era voltada quase exclusivamente para a vida"" - Jair Bolsonaro, presidente do Brasil",onde já se viu um médico preocupado com a vida ?,2,0.078197106719017,0.9218028783798218,0
Caminhamos para o abismo! Tirar  é urgente para preservar vidas. É uma questão de saúde pública tirar a caneta desse criminoso. #ImpeachmentJá,"Fernanda, o Bolsonaro está preservando vida, e tbm quer preservar os empregos, agora você deve ser rica para ter medo de morrer, e tbm uma canhota burra como a maioria!!!",2,0.08522230386734,0.9147776365280152,1
“não vou mais me estressar com as merdas que esse verme desse presidente faz”  *Bolsonaro demitiu o Mandetta*  Eu: #ForaBolsonaro,Não tem como não se estressar com oq ele faz quando ele tá governando o país que vc tá vivendo,2,0.0866731628775596,0.9133267998695374,0
"Na moral gente, tudo bem criticar o Bolsonaro por demitir o ministro da saúde que vinha até então fazendo um bom enfrentamento perante ao coronavírus, eu também critico, acho um absurdo do caralho, agora vocês virem aqui falar q o Mandetta é competente é brincadeira também, +","o foco princípal do cara era o desmonte do SUS, que nesse momento de crise se faz mais necessário do que nunca (e esse é o momento de defendê-lo), Mandetta destruiu o mais médicos e deixou milhares de pessoas sem assistência médica, o cara é um doso representantes",1,0.0869815647602081,0.9130184650421144,0
Ai vou morrer pq o Mandetta saiu!!!  Vai te foder !! Seja homem,"Não seja inocente meu caro. Você sabe muito bem que o presidente demitiu o Mandetta pq o ministro não seguia as ordens estapafúrdias dele. Agora ele colocou um aliado, pra seguir as ideias genocidas e irresponsáveis do Bolsonaro.",1,0.0954335108399391,0.904566526412964,1
"A maioria esmagadora dos brasileiros é contrária à demissão de Mandetta: 76,2% dos entrevistados discordam do afastamento do ministro da Saúde, segundo pesquisa realizada pelo Atlas Político. Vc concorda com o resultado da pesquisa?   via","Senador, não se queime por uma MERDA como MANDETTA. Ninguém acredita nessas pesquisas..!!! Acorda",1,0.1050652638077735,0.8949347138404846,1
"O presidente nunca disse para não ficar em casa, mas sim, apenas o grupo de risco. Eu estou em casa, eu e meu filho direto, pq somos grupo de risco. Mas eu vou ao mercado, farmácias...sigo as regras, lavo as mãos ando de máscara. E mesmo assim, quero trabalhar!","Votei Bolsonaro e acho q o Mandetta tá certo (ex dos outros países e se houvesse solução os EUA já usariam) Ñ é só grupo d risco q morre e o vírus tb vai ao mercado e à farmácia. Se vc quer trabalhar, entendo, tb preciso de $, mas se prepare para o que vem por aí",2,0.1072863936424255,0.8927135467529297,0
"A maioria esmagadora dos brasileiros é contrária à demissão de Mandetta: 76,2% dos entrevistados discordam do afastamento do ministro da Saúde, segundo pesquisa realizada pelo Atlas Político. Vc concorda com o resultado da pesquisa?   via","Pesquisa q vc acredita, o povo brasileiro não, já vai tarde mandetta pau mandado",1,0.1126684918999672,0.887331485748291,1
"""E o Mandetta, a linha dele, como médico, era voltada quase exclusivamente para a vida"", disse Bolsonaro","Então o coiso demitiu o Mandetta, pq ele se preocupava com vidas??? Foi isso msm???",1,0.1143276691436767,0.8856722712516785,0
"Bolsonaro demitiu Mandetta por ciúme, inveja e cálculo eleitoral e não foi divórcio consensual coisa nenhuma, mas meras ignorância,  irresponsabilidade, desumanidade e culto à morte, por fazê-lo em pleno pico da pandemia.","Não  sabia q vc morria de amores por Mandetta. Se vc acha pouco q ate agora o governo não sabe quantas pessoas infectadas  de fato tem, quantos leitos de desocupado tem nos hospitais, número de.mortos temos. Vc acha pouco ??? Ou já co seguiu o DINHEIRINHO.",1,0.1145786494016647,0.8854213953018188,1
"Acabo de ouvir do presidente Jair Bolsonaro o aviso da minha demissão do Ministério da Saúde.  Quero agradecer a oportunidade que me foi dada, de ser gerente do nosso SUS, de pôr de pé o projeto de melhoria da saúde dos brasileiros e","Obrigada Mandetta, vc tá realizado agora, eu nemsabiq da sua existência antes de vc ser ministro, vá com Deus",2,0.1180618926882743,0.881938099861145,1
"Gente morrendo, o país em uma crise sem fim, não respeita as próprias recomendações de não ter muito contato.  Eu não sei que tanta alegria é essa.  Prefiro ser o chato do que achar isso normal.","Nem é ser chato, é ser racional. Político agindo de maneira como político costuma agir quando tem o ego inflado. Por isso todo elogio ao Witzel, Dória e ao próprio Mandetta tem de ser feito com ressalvas. Pois qualquer um perto do Bolsonaro se torna razoável.",1,0.1211395859718322,0.878860354423523,0
Vc que fala que é fã do Mandetta...  Fale três times que ele jogou aí,Quais copas? Foi campeão da libertadores?,2,0.1538403481245041,0.8461596965789795,0
"Em sua despedida, Mandetta defende a vida, o SUS e a ciência. Três palavras incompatíveis com o atual governo.","Se um BOSTA como você está elogiando o Mandetta, é sinal de que ele é tão merda quanto você.",1,0.1731359213590622,0.8268640637397766,1
"""E o Mandetta, a linha dele, como médico, era voltada quase exclusivamente para a vida"" - Jair Bolsonaro, presidente do Brasil",Ele era ministro da Saúde...  Ele deveria ser exclusivo ao que.?????,2,0.1860226988792419,0.8139772415161133,0
"A maioria esmagadora dos brasileiros é contrária à demissão de Mandetta: 76,2% dos entrevistados discordam do afastamento do ministro da Saúde, segundo pesquisa realizada pelo Atlas Político. Vc concorda com o resultado da pesquisa?   via","Vai com Deus Mandetta, desserviço com os brasileiros, anota o nome dele aí, pra nunca mais votar nesse individuo",1,0.1964105516672134,0.8035894632339478,0
"Tem gente que acha que o Mandetta caiu, simplesmente porque era a favor do lockdown horizontal.  Mandetta caiu, porque a popularidade dele tava gigante e independentemente da estratégia, isso era muito pior pro Bozo!","Cara, abrir a porta do quarto da minha e dizer “mãe, o Mandetta caiu” vai ficar na minha memória... vou contar isso pros meus netos quando eles vierem fazer trabalho de história #MandettaDEMITIDO",0,0.2259150743484497,0.7740849256515503,0
"A maioria esmagadora dos brasileiros é contrária à demissão de Mandetta: 76,2% dos entrevistados discordam do afastamento do ministro da Saúde, segundo pesquisa realizada pelo Atlas Político. Vc concorda com o resultado da pesquisa?   via","Óbvio que não Se 76% aprovam essa política de ideia isolamento do Mandetta, por que o ""monitoramento"" mostra 42% dentro de casa? Pesquisa mentirosa",1,0.2337876409292221,0.7662123441696167,1
"Mandetta deixa como legado uma estrutura para que o Brasil possa – com governo federal, estados e municípios unidos – atender da melhor forma possível a sociedade brasileira, principalmente as pessoas que necessitam do SUS.",Só não esquece que o Presidente não foi era o Mandetta. Nem muito menos você! Já parou para pensar qual o legado que vc irá deixar? #ForaMaia #ForaMaia #ForaMaia #ForaMaia #ForaMaia #ForaMaia,1,0.2494919449090957,0.7505080699920654,1
"Por que as pessoas precisam, necessitam de um herói? Mandetta fazia um bom trabalho na condução da crise do coronavírus, pois priorizava o conhecimento técnico e as orientações da OMS. No mais, é um político, em um cargo político. Cresce politicamente, mas não nasce um líder.","Mandetta fazia o mínimo que se esperava de um ministro da Saúde. Não criou uma estratégia inovadora para conter o vírus, nem liderou a população em um comportamento diferenciado p/ ser herói. Repito, fazia o mínimo. Problema foi o azar de ter um chefe irresponsável e egocêntrico.",1,0.2565764188766479,0.743423581123352,0
"Mandetta deixa como legado uma estrutura para que o Brasil possa – com governo federal, estados e municípios unidos – atender da melhor forma possível a sociedade brasileira, principalmente as pessoas que necessitam do SUS.","Não. Talqualmente você, Mandetta estava solapando, inconsequentemente, a saúde e a economia pra atender a interesses outros. #ForaMandettaUrgente  #ForaMaiaGolpista",1,0.2606443464756012,0.7393556833267212,1
"é essencial que a gente lembre quem é quem  mandetta recebeu o cargo com o intuito de destruir o SUS, só não teve tempo e condição",imagina ser por anos e anos um lobbysta de parasita pra um dia ver um zé ninguém pautado em achismo falar isso sobre seu trabalho...  foi gigantesco como ministro. Esteja em paz,2,0.2673238813877105,0.732676088809967,1
"isso fez com que o mandetta se acomodasse em orientações de pesquisas do exterior adaptando delas situações e gráficos no brasil apenas ao modo comparativo, a nível de hipótese. cada país tem suas publicações científicas que correspondem à demandas locais.","o mandetta era inerte. se assegurou nas informações básicas da oms que são universais, porém insuficientes pra um país tomar suas diretrizes. não havia nele nenhuma articulação impulsionada em pesquisa. definitivamente nada. a verdade é que vocês se apegam a qualquer coisa.",1,0.2821420133113861,0.7178580164909363,0
para de endeusar o mandetta porra da pra ficar puto sem dar palco pra neoliberal de merda não fode,né gente pqp okkkkkkkk,2,0.2932687699794769,0.7067312002182007,0
"""E o Mandetta, a linha dele, como médico, era voltada quase exclusivamente para a vida"" - Jair Bolsonaro, presidente do Brasil","Ta na cara de vocês. Não vê quem não quer.  A vida é muito importante, masssssss   Lamentável",2,0.3061824738979339,0.6938175559043884,0
Quem era Mandetta antes de virar Ministro da Saúde? O que fez no ministério no período anterior à epidemia?,Quem escolheu Mandetta para o Ministério da Saude e por quê?,1,0.3064955472946167,0.6935044527053833,0
"Tchau, querido!","No dia 16 de abril de 2016 mandetta twittava tchau querida para a Dilma, no mesmo dia 4 anos depois é com ele kkkkk  Carma é uma coisa que sempre volta queridos kkkkkkkkkk",2,0.3912370502948761,0.6087629795074463,0
"""o Mandetta tinha sua linha voltada quase que exclusivamente pra questão da vida""  Bolsonaro e do lado o novo ministro da saúde.  An ram... Vai dar certo","Enquanto isso as panelas fora bostanaro e ninguem faz nada por mais uma merda que ele fez em tirar o Mandetta da saúde, esse bosonavirus só o impeachment para acabar com tantas merdas feitas por este inútil imbecil,",0,0.3991129994392395,0.6008870601654053,0
"Em sua despedida, Mandetta defende a vida, o SUS e a ciência. Três palavras incompatíveis com o atual governo.","Mandetta não é lá essas coisas. É que nesse governinho, qualquer porcaria é melhor que o lixo instalado na presidência.",1,0.4158464074134826,0.5841535925865173,0
"Mandetta, quem é,  onde vive, pq a esquerda gosta tanto dele...jaja em Roda viva com #vera500k","A ESQUERDA NÃO GOSTA DELE, ESTÃO APENAS O USANDO, ELES O ODIAVAM NA ÉPOCA DO PT NO PODER, MAS COMO ELE MANDETTA E DO TIME DO TEATRO DAS TESOURAS ESTAVA SERVINDO DIREITINHO PRA NARRATIVA",1,0.4169745445251465,0.5830253958702087,0
"O novo Ministro da Saúde, Nelson Teich, é um daqueles que está na lista ""empresários que querem matar a sua vó"". Pra ele nem todas as vidas valem e é essa pessoa que  colocou para substituir Mandetta. Que Deus nos proteja, porque não ha mais nada.",Puta merda a gente tá fudido serase esse país pode ter uma folga? JÁ TA TODO ARROMBADO DE TANTO TOMAR NO CU EU NÃO AGUENTO MAIS,2,0.4198328852653503,0.5801671147346497,0
Ministro entrará para a história como o homem que tentou fritar quem o nomeou e jogou uma oportunidade única de escrever seu nome nos anais da medicina.,"Só que os anais que ele queria escrever o nome não era da medicina, era os anais dos brasileiros.  #ForaMaia",2,0.4603014886379242,0.5396984815597534,1
"Mandetta demitido por fazer o mínimo como Ministro de Saúde, eu sinceramente nem sei mais o que esperar desse governo, um presidente demitindo o seu ministro no meio de uma pandemia que está matando tantas pessoas.",E oq esperar de um homem q aceitar esse cargo assim nessa situação? BOA COISA NÃO É,2,0.4606719613075256,0.5393279790878296,0
"Poderosa essa frase do Mandetta: ""o século XXI começa agora""",“O covid-19 inaugurou o século 21”  (solta ar pelo nariz de forma pretensiosa pela construção poderosa de parachoque de caminhão),2,0.4677435457706451,0.5322564244270325,0
"AÍ MANDETTA, LIBERA OS RESULTADOS DOS EXAMES DO BOZO SÓ DE ZUA... CAI ATIRANDO, COWBOY!!!!!!!!!!!!!!!!!!!!!!!!!!!!","AAAAAAAAAAAA POR FAVOR, ESSA LIVE A GENTE NÃO PERDE",2,0.4686968624591827,0.5313031077384949,0
"Bolsonaro demitiu Mandetta por ciúme, inveja e cálculo eleitoral e não foi divórcio consensual coisa nenhuma, mas meras ignorância,  irresponsabilidade, desumanidade e culto à morte, por fazê-lo em pleno pico da pandemia.","Nêumanne, gosto muito de você, mas está extrapolando, Mandetta é um bandido, um mala sem alça, não fez absolutamente nada no Ministério durante o ano de 2019, sequer demitiu os petistas que compunham o Ministério.",1,0.4745194613933563,0.5254805684089661,1
"""E o Mandetta, a linha dele, como médico, era voltada quase exclusivamente para a vida"" - Jair Bolsonaro, presidente do Brasil",Quem imaginaria que um homem que ama a tortura não ligaria pra vida dos brasileiros,2,0.4863657355308532,0.5136342644691467,0
"Em sua despedida, Mandetta defende a vida, o SUS e a ciência. Três palavras incompatíveis com o atual governo.",Se a Lixo tá defendendo o Mandetta é pq não presta.... Já saiu foi tarde.... Se bate todo esquerda LIXO,1,0.4872256219387054,0.5127743482589722,1
"AÍ MANDETTA, LIBERA OS RESULTADOS DOS EXAMES DO BOZO SÓ DE ZUA... CAI ATIRANDO, COWBOY!!!!!!!!!!!!!!!!!!!!!!!!!!!!",KKKKKKKKKKKK imagina,2,0.4923920035362243,0.5076079964637756,0
"A maioria esmagadora dos brasileiros é contrária à demissão de Mandetta: 76,2% dos entrevistados discordam do afastamento do ministro da Saúde, segundo pesquisa realizada pelo Atlas Político. Vc concorda com o resultado da pesquisa?   via","Bolsonaro está certo. Se ele quer se reeleger, não pode deixar ninguém crescer. Se quisesse mesmo ficar no cargo, o Mandetta deveria fazer como o Moro, o Tarcísio, a Tereza Cristina: executar bem seu trabalho mas discretamente. Com 76% de aprovação, não dá...",1,0.5018565058708191,0.4981434643268585,0
"A demissão do Mandetta é assustadora. Mesmo com todos os problemas, era o único no governo que estava lutando contra a pandemia. Agora, com um terraplanista, a tendência é que a situação do país piore cada vez mais. Bolsonaro se tornou insustentável no governo. #ImpeachmentJá",“Assustadora” pra quem? Aos ricos que podem ficar em casa coçando sarna à custa dos desempregados e autônomos sem renda ou correr na praia e mandando todo mundo ficar em casa? #Doriavirus #GloboLixo,2,0.5099295973777771,0.4900703430175781,1
"Mandetta é do DEM, adorado por Maia, que acha que Guedes não é sério, e foi elogiado até por Haddad, o poste de Lula. Teich era o nome de Guedes desde o começo, não tem partido, nunca se candidatou a nada. Os ""liberais"" estão tristes com a troca por qual motivo exatamente?","Os ""liberais de esquerda"" sempre vão fazer dos traíras do governo atual: ""vitimas"" e/ou heróis. Assim que perceberam que Mandetta estava com Maia, o mesmo virou herói pela mídia ""esquerdofacista"" .",1,0.5211321711540222,0.4788678586483001,0
"Em sua despedida, Mandetta defende a vida, o SUS e a ciência. Três palavras incompatíveis com o atual governo.","é a isso que vocês querem se comparar, ô caralho???? a questão é que o pete tem razões pra usar ministro privatista como exemplo positivo, a esquerda não",2,0.5249956846237183,0.4750042855739593,-1
"""E o Mandetta, a linha dele, como médico, era voltada quase exclusivamente para a vida"", disse Bolsonaro","#ImpeachmentDoBolsonaro Esse Esse médico não tem cara de médico, mas de mauricinho borra botas!",2,0.5313527584075928,0.468647301197052,0
Mandetta caiu porque evidenciou que o rei estava nu.,"Mandetta caiu porque parte da imprensa, com a ""boa intenção"" de informar, faz um inferno na vida dos caras, criando ou ampliando embates para ver o circo pegar fogo. Vocês precisam ter coragem e rever a forma que fazem jornalismo. Perguntas capciosas que visam a discórdia.",1,0.5366170406341553,0.4633829891681671,1
"No LinkedIn ele escreve um artigo corente. Na entrevista, ao lado do presidente, outro bastante perigoso.  Quem é você Nelson Teich? Cadê a convicção da sua análise científica? Estamos de olho!! #nelsonteich #Mandetta #COVIDー19",queria saber porque você quer demitir Luiz Henrique Mandetta???,0,0.5577093362808228,0.4422906935214996,0
Quem era Mandetta antes de virar Ministro da Saúde? O que fez no ministério no período anterior à epidemia?,"Demitiu médicos cubanos, cortou verba do sus que idolatra hj e disse “tchau querida pra Prés. Dilma” isso que eu estou lembrando agora, msm assim não gostei da demissão!",2,0.5614468455314636,0.4385531842708587,0
Mandetta  consegue 127 mil curtidas em meia hora e deixa Bolsonaro comendo poeira no Twitter. Neste momento a msg dele ja tem 190 MIL likes.,"Engraçado, quando o Twitter bomba a favor do BolsonarooBolsonaro ou contra os canalhas canalha de sempre, são robôs, no caso do Mandetta é motivo de comemoração?  Pega os 200mil like's e ""Fique em casa"" .",1,0.561486542224884,0.4385134279727936,1
"Teich é o Mercado da Saúde em estado puro. Se mandetta era pró-mercado mas tinha sido Sec de Saúde, deputado, etc (ou seja, do ramo), ele é só Mercado, e agora comanda o SUS. Vai pegar um sistema que não conhece prestes a colapsar. O fio de esperança está no pacto federativo.","Melhor comentário. Estamos por nós. Ok, já era essa a tarefa. Simbora.",2,0.5618078708648682,0.4381920993328094,0
"""E o Mandetta, a linha dele, como médico, era voltada quase exclusivamente para a vida"" - Jair Bolsonaro, presidente do Brasil",se eu fosse essa intérprete pegava um desses livros e tacava na cabeça desse presidente aí que não me representa,2,0.5622018575668335,0.4377981126308441,0
"A maioria esmagadora dos brasileiros é contrária à demissão de Mandetta: 76,2% dos entrevistados discordam do afastamento do ministro da Saúde, segundo pesquisa realizada pelo Atlas Político. Vc concorda com o resultado da pesquisa?   via",Não levo em consideração qualquer pesquisa que seja feita pelo grupo Abril. Já passou da hora do Mandetta cair fora!,1,0.571914792060852,0.4280852377414703,1
Antes de assumir o novo ministro da saúde já tá sendo criticado pela turma do outro lado do Muro de Berlim. Na visão deles Mandetta tem fôlego para ser um presidenciável e agora é preciso canonizá-lo a todo custo.,"Mandetta não é bobo. Foi secretário de saúde do Nelsinho Trad, no MS, que se tornou bilionário depois de político.  3x Dep. Fed.  Ninguém sabia quem era Min. Saúde antes da crise e ninguém pode atestar ainda que ele tenha feito algo realmente eficiente durante a crise até então.",1,0.5754622220993042,0.4245377480983734,0
"Em sua despedida, Mandetta defende a vida, o SUS e a ciência. Três palavras incompatíveis com o atual governo.",Tinha nada contra o Mandetta mas agora tenho. Vc.,1,0.5766738653182983,0.423326164484024,1
"Ministro da Saúde demitido. Não sou nenhum pouco fã dele, tenho divergências ideológicas e políticas com Mandetta mas ele está sendo demitido por  defender a ciência, as orientações da OMS. Bolsonaro seu genocida, negar a ciência em plena pandemia é afirmar sua política de morte.","NOTA DE ALCOLUMBRE E MAIA ""O ministro Luiz Henrique Mandetta foi um verdadeiro guerreiro em prol da saúde pública. O trabalho responsável e dedicado do ministro foi irreparável. A sua saída, para o País,nesse grave momento,certamente não é positiva e será sentida por todos nós.”",0,0.5982725024223328,0.4017274975776672,0
"Entendi, o problema é o Mandetta dar entrevista informando as pessoas e cumprindo com seu papel de ministro no programa de maior audiência no Domingo, e não o presidente que se comporta como uma criança birrenta, entendi.","Mandetta é a favor da privatização do sus, acabou com o farmácia popular e o mais médicos. Não, ele não foi um ministro, ele só tava tendo o mínimo de sensatez.",1,0.602139413356781,0.3978605568408966,1
"Ah ok, mas igual, não acho q cabe ao momento uma troca tão brusca de uma pessoa importante pro momento q a gente vive, sendo q não houve um motivo tão grave assim a partir doq o presida falou no ""pronunciamento"" q ele avisou q demitiu o Mandetta e tals","Simmmmmmm, nunca mano, o Bolsonaro é um retardado, o mandetta fez tudo da melhor forma possível, só respondi ali pq o cara é médico mesmo, não concordo com a troca",1,0.6059731841087341,0.3940267860889435,0
"E lógico q o fantoche, medíocre e ignorante “presidente” não aceitaria isso. Mandetta estava tão contra a corrente de desmonte do bolsolixo q, desesperados, estávamos torcendo para q ele ficasse no cargo, mas é óbvio q defender a vida, saúde e ciência vai contra o desgoverno...","Um surto de realidade para um único ministro no meio de despreparados q fazem td o q o autoritário e crianção quer. Mandetta era controverso, todos sabemos, mas quando se viu no fogo, escolheu o lado do povo, proteger a saúde e a vida dos brasileiros...",1,0.6093224287033081,0.3906776010990143,0
"“Jair conseguiu a proeza de transformar um político inexpressivo do DEM, que votou pelo impeachment de Dilma, ligado aos planos de saúde, no maior defensor do SUS, um quase novo Oswaldo Cruz. Uma proeza.” Frase do amigo  sobre Mandetta","Na boa, tem gente que continua a saga da enceradeira. Assim como fizeram com  vão fazer com o inexpressivo e medíocre . Os obscurantistas riem, se refestelam comemoram.  Bora abrir pista pra FASCISTAS",2,0.6192365288734436,0.3807634115219116,-1
Me preocupa saber que Thelma é anestesista e não conseguiu mirar bem na prova.,"Colocaram disciplina de habilidade na grade curricular de medicina e eu não tava sabendo. A demissão do Mandetta causou consequências graves mesmo, o auge",2,0.6202610731124878,0.3797389566898346,1
Bolsonaro demitiu o Mandetta. Vai ficar pra História o tamanho do absurdo de demitir um Ministro da Saúde no meio da pandemia porque ele seguiu as recomendações da ciência e da OMS,Desgraçadooooooo,2,0.6571393013000488,0.3428606986999511,0
"Vale lembrar:  Bolsonaro demitiu Mandetta, mas era tudo intriga da imprensa, querendo jogar um contra o outro, claro.  Continue se informando pela claque.  Os financiadores agradecem.","Não se decepcione, se o Mandetta foi demitido, é porque o seu ""patrao"" achou ou descobriu alguma incompetência ou traição.....até vc ja foi demitido!",1,0.6662119030952454,0.3337880671024322,1
Como brasileiro agradeço o ministro Mandetta por sua atuação firme na Saúde. Por ter desempenhado seu papel ancorado na ciência e nas evidências. Compartilho do sentimento de milhões de cidadãos dizendo muito obrigado por reconhecer seu bom senso e  dedicação.,"Se tiver qqer infecção procure o ortopedista mais próximo ,de preferência o Mandetta que queria ser o dono do pico mais alto do mundo.",2,0.6784201264381409,0.3215798139572143,1
"Já que o Mandetta agora é carta fora do baralho, o máximo que podemos fazer é orar para que, em um raro momento de lucidez do Sr. Jair, ele anuncie Dr. Rey como o novo ministro da saúde. Sou familiar com o seu trabalho, e sei que quando a coisa tá feia, ele sabe como consertar.","O ministro Mandetta havia esquecido que ele era subordinado do presidente, e tinha de geri o ministerio da saude alinhado com o governo e não com a oposição. Foi demirido um pouco tarde, deveria ter sido um pouco antes.",0,0.6824200749397278,0.3175798654556274,0
"Rodrigo Maia e Alcolumbre estão  atacando o Presidente. São do PFL, como Mandetta. Perdeu!",Esquerdista comemorando a queda do Mandetta porque ele votou contra a Dilma é bizarro. Vocês lembram que no governo Dilma se desviou 242 Bi da saúde né? Vocês lembram que o governo Dilma disparou o desempregado pra 13 milhões de desempregados e negativou o PIB sem pandemia né?,0,0.6879827976226807,0.3120172023773193,0
"Mandetta deixa como legado uma estrutura para que o Brasil possa – com governo federal, estados e municípios unidos – atender da melhor forma possível a sociedade brasileira, principalmente as pessoas que necessitam do SUS.","O senhor está enganado! Quem votou no Presidente Bolsonaro, queria o Mandetta fora do ministério! Não tem 80 % contra não, retifica sua fala!",1,0.6950575113296509,0.3049424886703491,1
"Se o novo ministro seguir os critérios cientificos que pretende seguir, vai ter os mesmos ""problemas"" que o Mandetta teve com o presidente. Porque as decisões pra evitar a desgraça parecem ser as mesmas que o presidente abomina.","Acabei de falar num grupo. Esse cara com certeza não vai seguir a linha da OMS. Se seguisse, seria igual ao mandetta e não teria sido colocado lá.",1,0.7103651165962219,0.2896348834037781,0
"Prevaleceu a inveja sentida pelo chefe mimado. Jair Bolsonaro, em vez de reconhecer que desdenhou do coronavírus, demitiu Mandetta por não ter se curvado à sua estupidez durante a pandemia. O bolsonarismo fritou o ministro da Saúde nas redes e no zap porque teme sua popularidade.","Inveja? Prevaleceu a razão e o bom senso . Mandetta era o único que destoava dentre os ministros, todos técnicos. Mandetta é político. E se auto promovendo todo o tempo, usou o cargo para fazer campanha. Arrogante, desleal, politiqueiro.",1,0.7103962898254395,0.2896036803722381,1
"""E o Mandetta, a linha dele, como médico, era voltada quase exclusivamente para a vida"" - Jair Bolsonaro, presidente do Brasil",esse cara é um assassino. chamar ele de burro ou despreparado é livrar ele do que ele realmente é: um genocida. fim.,2,0.7341137528419495,0.2658861577510834,0
"Comecei a assistir o Mandetta e não deu. Animadíssimo, sorridente, mandando sua equipe tirar a máscara pra falar com o Brasil. O canalha de sempre, forçou a demissão, aliviado por sair antes das pilhas de mortos contaminarem sua popularidade imerecida. E sobramos com Bolsonaro.","Bruno eu concordo com vc. Mas já pensou tbem q o Bozo está fazendo isso agora até pra isso mesmo? Assim ele detona alguma “boa memória” sobre o Mandetta? É tanta nojeira canalhice q nos q bancamos toda esta putada, pagaremos até com nossas vidas.",1,0.7356071472167969,0.2643928229808807,0
"ISSO É CIÊNCIA??? Em 17/03 Mandetta disse: “As próximas 20 semanas serão extremamente duras”. Em 07/04 previu o lendário pico do COVID entre abril e maio. No dia 13/04 arriscou o pico entre maio e junho... Já meio sem graça, no mesmo dia 13, disse que vai ser em julho.","Claro,se as pessoas não  cumprirem a porra do isolamento social o pico so vai se estender mais mais,digo e repito GOVERNO BURRO",2,0.7423397898674011,0.2576602399349212,1
"13/11/2018.   Ora, ora...",1 ano e 1/2 atrás...,2,0.7448437809944153,0.2551562488079071,0
mandetta sendo aplaudido de pé por TODOS os funcionários do ministério da saúde!,é o que ele merece,2,0.7461400628089905,0.2538598775863647,0
"Conheço bem esse cara, ele é fantástico, vai por mim, muito melhor q o Mandetta e olha q eu gostava do Mandetta","O cara é bom, a julgar pelo currículo. Mas isso é preocupante:",1,0.7477666735649109,0.2522332966327667,0
"Saiu Mandetta, entrou Teich, Bolsonaro falou, Maia respondeu etc. Cadê os milhões de testes?",Porque vc não cobrou isto do Mandetta?,1,0.7529658675193787,0.2470341622829437,1
e num eh que o Mandetta foi embora memo,"Essa demissão do Mandetta é a mesma coisa que demitir um motorista de ônibus com o bus descendo uma ladeira, não tem explicação",0,0.7551174163818359,0.2448825687170028,0
"Em sua despedida, Mandetta defende a vida, o SUS e a ciência. Três palavras incompatíveis com o atual governo.",tu ta de sacanagem com a minha cara ne,2,0.7686259150505066,0.231374055147171,1
"Mandetta é do DEM, adorado por Maia, que acha que Guedes não é sério, e foi elogiado até por Haddad, o poste de Lula. Teich era o nome de Guedes desde o começo, não tem partido, nunca se candidatou a nada. Os ""liberais"" estão tristes com a troca por qual motivo exatamente?",Vc é burro ou só gado mesmo? Mandetta saiu por qual erro??? Discordar do presidente seguindo una recomendação mundial?  Vc é medíocre,1,0.7720685601234436,0.2279314547777176,1
"Mandetta é o primeiro caso de demissão por competência, demitido porque não lambeu as botas de quem está errado.  E aqueles que defendiam um ""Ministério Técnico"" se curvaram e ainda aplaudem uma demissão política.","Mandetta nunca foi técnico, mas político foi desde o início, se mostrou um verdadeiro encantador de serpentes.",1,0.7813853025436401,0.2186146825551986,1
"Datena falando ao vivo como se o Mandetta tivesse pedido demissão, delirando horrores   AGORA JOGOU NO COLO DO PRESIDENTE NÉ MANDETTA ERROU TUDO AS PREVISÃO NÉ MANDETTA PISOU NA BOLA COM SEU PACIENTE O BRASIL","ele tá puto pq o mandetta não deu entrevista pra ele, DUVIDO e muito que se o cara tivesse dado entrevista pra ele estaria falando desse jeito",2,0.7829598784446716,0.2170401066541671,0
"Excelente, Presidente .  Convém lembrarmos que Mandetta em nenhum momento revogou ou alterou a portaria do SUS feita nas gestões do PT, conhecida como “manual do abortamento” e que, na prática, incentiva o aborto.","Se preciso Dr, troco minha vida pela manutenção da saúde dos meus pais. Essa sua escolha desonra a medicina, descontroi o juramento de Hipócrates.   Novo ministro já propôs escolha entre jovem e idoso ""no final da vida""  via",0,0.7838408350944519,0.216159239411354,0
"Em sua despedida, Mandetta defende a vida, o SUS e a ciência. Três palavras incompatíveis com o atual governo.","Uma coisa sobre Mandetta, igualou-se a esquerda, pensou na ideologia, nas política do troca favores, no seu bolso, ou seja, ele caiu em frente a corrupção e os corruptores, só não o comparo a Haddad, Lula e o restante dos criminosos, porque ele ainda não desceu ao nível deles.",1,0.7856040000915527,0.2143959999084472,-1
A única coisa engraçada da demissão do Mandetta,e o Mandetta que foi demitido exatos 4 anos depois de comemorar o impeachment da Dilma,0,0.7927582859992981,0.2072417438030243,0
"o mandetta foi demitido? kk fodeu, vamos de recorde mundial de mortes por coronavirus",minha prima compartilhando video do burro do caio copolla dizendo q a saída do mandetta eh uma vitória pra ciencia oh céus kkkkkkkkkkk,0,0.8030657768249512,0.1969342827796936,0
"A maioria esmagadora dos brasileiros é contrária à demissão de Mandetta: 76,2% dos entrevistados discordam do afastamento do ministro da Saúde, segundo pesquisa realizada pelo Atlas Político. Vc concorda com o resultado da pesquisa?   via",Não concordo com essa pesquisa! Mandetta estava fazendo política e não medicina,1,0.803950309753418,0.1960497051477432,0
"Foi legal ver o Mandetta citando ""Canção do Tamoio"" na sua despedida após pendurar sua foto no mural dos ex-ministros da saúde. Definiu bem o que o brasileiro faz contra tudo e todos. Lutar.","O Brasil tá ferrado com esse ser na presidência, tava demorando ele demitir o Mandetta por fazer o trabalho dele",0,0.806125819683075,0.1938741952180862,0
"Mandetta é o primeiro caso de demissão por competência, demitido porque não lambeu as botas de quem está errado.  E aqueles que defendiam um ""Ministério Técnico"" se curvaram e ainda aplaudem uma demissão política.","O Mandetta não foi político? O cara tem experiência, fez showzinho de elevar moral na Globo, mídia lambendo pq qqr coisa q ataque o presidente serve...",1,0.8067850470542908,0.193214938044548,1
"E o que que isso tem a ver com o que importa,que é o combate efetivo ao COVID? Esquece por um momento seu cunho idelógico e por gentileza me responda o porquê da qualificação do novo ministro não ser equiparável à do Mandetta.","A única resposta que te dou é: NÃO FAZ SENTIDO A DEMISSÃO DE MANDETTA. O trabalho feito por ele até então estava de bom tamanho. A demissão é clara, Bolsonaro quer colocar alguém alinhado com a idéia dele de flexibilização do isolamento, e nenhum país fez isso, mas ele quer.",1,0.8112586140632629,0.1887413561344146,1
"Em sua despedida, Mandetta defende a vida, o SUS e a ciência. Três palavras incompatíveis com o atual governo.","Eu não tinha o que falar sobre o ministro Mandetta, se ele estava agindo certo ou errado, até mesmo pq nenhum lugar do mundo até o momento sabe como resolver o problema com 100% de eficácia. Contudo, vendo alguns que o apoiam, tenho certeza que a demissão foi certa!",1,0.814332902431488,0.1856670379638672,0
"Mandetta cavou a própria demissão. Se aproximou da esquerda e desafiou o representante do povo, Bolsonaro, o responsável por sua nomeação. Uma coisa ensinam nos quartéis que todos deveriam seguir, seja justo e saiba valorizar quem te levantou. Mandetta perdeu na infidelidade.","Mandetta foi fiel até demais, mas foi fiel ao seu juramento de salvar vidas. Isto posto, não apoiar um presidente irresponsável que quer implantar algo que comprovadamente deu errado (isolamento vertical) é no mínimo muito sábio. Não atoa suas atitudes tem embasamento científico.",1,0.8146721124649048,0.1853278577327728,1
"O ex-ministro Mandetta realizou um trabalho sério e técnico, com uma postura firme e transparente. Muito obrigado.  Desejo sucesso ao novo ministro da Saúde, que ele siga suas convicções e dê continuidade ao trabalho que vinha sendo feito.","Puta merda, tu não vai acordar desses teus devaneios cara, o Brasil não é um sonho, o Brasil é real, acorda. #ForaMaia .",2,0.8305895328521729,0.1694104820489883,1
"Em sua despedida, Mandetta defende a vida, o SUS e a ciência. Três palavras incompatíveis com o atual governo.","Deixa de ser ridículo. O Brasil testa menos do que Gana, Ruanda e Guine-Bissau... para de falar merda... Mandetta vai tarde...",1,0.8309386968612671,0.1690612584352493,1
"Ah, pronto! Agora o Mandetta virou o grande ativista pela saúde pública do país! Menos, bem menos...",#mandetta  obrigado,0,0.8324408531188965,0.1675591617822647,1
"nao se esqueçam mandetta era um lobbysta de plano de saude safado, que tava fazendo o mínimo dito isto, se cuidem, pq agora, caminharemos no escuro.","Mandetta foi demitido, nem parece realidade isso, a gente tá vivendo em uma sociedade que não evoluiu mesmo, não é possível  O cara que bate de frente contra a loucura de ignorar o isolamento é demitido mano, tipo se vc n concorda com o bozo vc sai, isso é inacreditável",0,0.8403175473213196,0.1596824675798416,1
Morre um ministro. Nasce um candidato?,Não. É fácil antecipar que o Mandetta vai sumir.,1,0.8478677272796631,0.1521322578191757,0
"Acho engraçadíssimo ver adulto acreditando em super-herói, ainda mais em cargo público.  Vocês acham honestamente que Mandetta (que nem é lá aquele baluarte da moral e honestidade) poderia fazer algo sozinho? Acham que Bolsonaro tem autonomia pra governar por decreto?  Cresçam.","""Oh, Mandetta foi demitido, agora vamos todos morrer""  Não iriam morrer caso Mandetta continuasse.  Não vão morrer agora.  Sosseguem o cu.",1,0.8483922481536865,0.1516077369451522,0
"Desejo boa sorte ao agora ex-ministro Mandetta e também ao novo ministro da saúde,  Nelson Teich. Que tenha sucesso na execução de um política de saúde e que não se preocupe com a política eleitoral. É tudo o que o Brasil precisa no momento.",""" Que não se preocupe com a política eleitoral "" , foi justamente o que o Bolsonaro fez . Demite o Mandetta por pura inveja , é um ser pequeno e mesquinho .",1,0.8587420582771301,0.1412580013275146,0
"Mandetta foi demitido, misericórdia","Mandetta, Mandetta, Mandetta...vai ver o histórico  Pqp, ranço",0,0.8715426921844482,0.1284572929143905,
O Mandetta até tentou fazer o showmício...,"Minha nossa, este Mandetta, ainda vai encher muito a nossa paciência...Porque já deu para perceber, que ele gosta muitíssimo  de aparecer!!!",1,0.8726534247398376,0.1273465901613235,
A demissão de Luiz Henrique Mandetta provocou reações imediatas de políticos e representantes da sociedade civil:  #JN,"Reações contrárias somente de CORRUPTOS, comunistas, traidores, vagabundos e fdp's.",2,0.8776729106903076,0.1223270893096923,
Morre um ministro. Nasce um candidato?,"Esse Mandetta é daqueles políticos de conversa mansa, não me engana não. Aproveitou a crise do Corona vírus pra fazer palanque a exemplo do Doria.",1,0.8811987638473511,0.1188011839985847,
"Gestão do Mandetta foi uma bela surpresa, considerando o fato de ele ser um médico vindo diretamente da saúde suplementar com a missão de segurar o desfinanciamento do SUS e um projeto de privatização descarado.","Bolsonaro errou em demitir? Óbvio que errou, mas não tinha condição de manter o Mandetta após a entrevista pra globo mesmo, ali foi um pedido de demissão",0,0.8830780982971191,0.1169218346476554,
"depois da saída do Mandetta, o empreendedor brasileiro não pensa mais em abrir paleterias mexicanas.  o novo empreendimento do momento é funerária.","Ministério da saúde entra naquele módulo do matuto objetivo: “Se tiver que morrer alguém, morre meu pai que é mais velho”.  via",0,0.8894211649894714,0.1105788275599479,
Comecei a ouvir um panelaço brabo e descobri agora que o morto-vivo demitiu o Mandetta.   Que babaca.,"Mandetta podia abrir o jogo, né?",1,0.891345739364624,0.1086542233824729,
"No dia 31/03 todos os jornais noticiavam um presidente isolado. Se Mandetta fosse demitido, Bolsonaro caía. Em 16 dias Bolsonaro construiu uma queda de seu ministro que permitiu que ele reorganizasse sua base de apoio. Fica de lição pra quem acha que Bolsonaro é ruim de política.","Será q ñ foi o próprio Mandetta? Quis sair antes do pico q vem aí e evitar essa bomba estourar nas mãos dele? Ele q facilitou p Bolsonaro... q não tem base forte nenhuma... se ñ fosse a entrevista de Mandetta p Globo, o exército ñ ia deixar fácil ele ser demitido",1,0.89216548204422,0.1078345775604248,
"Em sua despedida, Mandetta defende a vida, o SUS e a ciência. Três palavras incompatíveis com o atual governo.","A canhotada toda defendendo Mandetta Bolsonaro acertou em seus ministros e a canhotada se mostra. O problema é q Bolso quer eficiência, coisa q a canhotada não sabe o q é, por isso ele trocou. Fique tranquilo, logo vc vai se apaixonar por esse tbm. Bolso é muito exigente!",1,0.8927502632141113,0.1072497814893722,
"Em sua despedida, Mandetta defende a vida, o SUS e a ciência. Três palavras incompatíveis com o atual governo.","Se a  extrema imprensa ou a esquerda está lamentando, pode ter certeza de que devia ter vazado há mto tempo! Vai tarde! #MandettaDEMITIDO",2,0.8935470581054688,0.1064529344439506,
Você é a favor da saída de Mandetta?,"Quem votou no Mandetta, agora pesquisa o rombo na saúde pública na Santa Casa de Campo Grande-MS!",1,0.894022524356842,0.1059774905443191,
"A pasta da Saúde, por si só, é 1 enorme desafio.Mandetta o encarou de frente, com coragem e correição. Sai do Ministério com credibilidade fortalecida pela ciência. Agora, nos resta desejar q o novo Min. encontre a solução necessária para q possamos superar esta difícil travessia",Mandetta saiu o quê??? Hahaha Piada né Senadora??? Pelo visto a Sra. continua na bolha né??? Tenha um minimo de Vergonha...  #MandettaGenocida,1,0.8961846232414246,0.1038153767585754,
"Que situação que o novo ministro da saúde vai entrar ein.. Jesus amado! Orando pra que ele seja lúcido, sóbrio e sábio como o Mandetta.","Bom respeito Mandetta, mas as incoerências citadas por ele já eram o bastante. O novo ministro pouca coisa não é, isso não tem argumento que prove. Será sim um bom ministro, pra mim as mudanças foram necessárias. Mais ciência saude e relevância na economia, assuntos importantes.",1,0.8978254199028015,0.102174587547779,
"Eu sou a favor que o Ministro Mandetta continue no cargo, pois ele é a FAVOR DO ISOLAMENTO SOCIAL, ele entende que ciência nao é opinião, é conhecimento!!! Jair, é um genocida, e nao aceita a ""credibilidade do Mandetta""  NOJO DESSE PRESIDENTE DE MERDA","Depois dessa entrevista no Fantástico, se eu fosse o presidente , eu demitiria Mandetta pelo Twitter mesmo. Faria uma postagem e deixaria os histéricos gritarem à vontade. As declarações do Ministro deixam claro que ele não está mais pensando na nação, apenas em si.",0,0.8980206251144409,0.1019793525338172,
"Mandetta caiu! E leva com ele a última réstia de responsabilidade, equilíbrio e temperança que ainda havia neste governo errático. No Pará, temos o governador  cuidando do Estado. Que Deus tenha piedade do Brasil...","Mandetta caiu pra cima amiga, que tá despencando e BOZO o coisa. E isso e bom demais. Vou me socar em casa, só pra ver ele se  esptifar... as camadas do Bozo um dia sim, outro NÃO",1,0.8985163569450378,0.1014836058020591,
"Mandetta cai porque enfrentou a pandemia com responsabilidade, e Bolsonaro não tolera isso. O presidente da República está derrubando toda a cúpula do Ministério da Saúde em meio à mais grave crise sanitária da história. É um genocida.","Insustentável a posição do Mandetta no governo. Para sorte nossa, mais uma máscara é arrancada por Bolsonaro, o implacável pescador de traíras.",1,0.8987112045288086,0.1012888401746749,
"Na minha visão que não entendo nada de politica, imagino que Maia e sua corja estão pensando: E agora sem o Mandetta lá no mistério da saúde como vamos fazer para trancar o país dentro de casa? E como vamos fazer para saturar a economia do país? Alguém tem resposta para #ForaMaia","A última sobre esse assunto: #Mandetta foi demitido, mas o Weintraub ainda é ministro...",0,0.898865282535553,0.1011347845196724,
Bolsonaro demitiu Mandetta porque ele seguia as orientações da OMS e não negava a ciência. Que tipo de médico aceita assumir um ministério da saúde assim? Esse vídeo é uma prévia do que pode estar nos esperando num futuro próximo. Precisamos tirar Bolsonaro para salvar o país.,"Gente?????? Eu odeio o Bolsonaro e quebraria a cara dele na porrada, mesmo que pegasse coronavirus. Não dá mais, galera. Não dá mais. Chegamos no limite.",2,0.9011733531951904,0.0988266840577125,
"Acabo de ouvir do presidente Jair Bolsonaro o aviso da minha demissão do Ministério da Saúde.  Quero agradecer a oportunidade que me foi dada, de ser gerente do nosso SUS, de pôr de pé o projeto de melhoria da saúde dos brasileiros e",Crime do Mandetta: Ser mais inteligente que o próprio Presidente.,2,0.902438223361969,0.0975617617368698,
Depois da demissão do Mandetta.  Você ainda apóia o meu papai?   Sim / Não  Se for sim coloque a tag junto #TchauMandetta,Sim  até o fim dos seus mandatos à Presidente da República Federativa do Brasil,2,0.9042150974273682,0.09578488022089,
Caralho to indignado que o Mandetta saiu antes da Ivy,esse país é uma palhaçada,2,0.904618501663208,0.0953815132379531,
"#estudioi Ela fala que Bolsonaro quer tirar o São Mandetta por ciúmes, baseada na sua própria imaginação e pior que tem gente lá e aqui que acredita  nela kkkk",Não adianta trocar o Mandetta e colocar na pasta da saúde um ministro com pensamentos semelhantes. Precisamos de um ministro da saúde que pense como ministro e não como candidato. Se Liga    #Coronavirus,0,0.9070902466773988,0.0929097980260849,
"Demitiu Mandetta, e agora quer derrubar Rodrigo Maia. Bolsonaro tenta neste momento a todo custo afrouxar os grilhões cientificista e legalista que alguns atores público impuseram a ele.  Tudo isso em meio a maior crise sanitária em mais de 1 século.","Se a caneta pra demitir o Mandetta estava seca, imagina pra derrubar o 1º ministro!",2,0.909696400165558,0.0903036147356033,
"Por hoje basta.  A demissão do  assinada pelo déspota   exauriu todas as minhas energias. Não torçam contra o novo ministro, orem para que ele esteja à altura do trabalho do Mandetta. Fiquem na Paz e boa saúde a todos.",Mandetta demitido.... sabia que aquela live de ontem parecia uma despedida,0,0.909914493560791,0.0900855511426925,
Morre um ministro. Nasce um candidato?,"Minha cara , você sabe aquele parto onde o feto nasce morto?. Pois bem, esse FETO é o Mandetta. Ele será DESMASCARADO assim que os diversos casos de CORRUPÇÃO, por subtração da grana da saúde, vierem à tona.",1,0.90999037027359,0.0900095626711845,
Indo ali na Padaria do Mandetta comer um bauru.,Kkkk mandetta vai dizer q é é uma armadilha,1,0.9105772972106934,0.0894226357340812,
"O Bolsonaro é tão ruim, que em uma situação grave de pandemia mundial faz pessoas como o Mandetta e o Dória ( que ainda não estão fazendo nada além da própria obrigação ) parecerem sensatos.",E o que foi essa merda de escolha pra substituir o Mandetta minha gente? NELSON TEICH eu achava que ninguém se alinharia melhor c o bozo mas esse cara é 100% comungado c o governo. Preparem-se para a briga pq em breve será cancelado o isolamento social.,1,0.911125123500824,0.0888748168945312,
Mandetta demitido e vamos seguir ignorando o presidente. Quem puder fique em casa e quem estiver na rua use máscara.,Que Deus tenha piedade de nós!,2,0.9138808250427246,0.0861192196607589,
"Silvio Santos diz que é funcionário de Bolsonaro e dispara contra Mandetta: “ou ele aceita a opinião do chefe, ou então arranja outro emprego”","Vc q é marqueteiro do Silvio é empregado dele, consequentemente subordinado ao presidente.",2,0.9144334197044371,0.0855666399002075,
Auge e falarem mal do Mandetta a vão se fode gente chata,Parece até que o cara morreu,0,0.914563238620758,0.0854368060827255,
"A maioria esmagadora dos brasileiros é contrária à demissão de Mandetta: 76,2% dos entrevistados discordam do afastamento do ministro da Saúde, segundo pesquisa realizada pelo Atlas Político. Vc concorda com o resultado da pesquisa?   via","Mas que eu saiba o ministro mais bem avaliado pelos brasileiros é o Sérgio Moro, o Mandetta só apareceu agora com a pandemia, antes ninguém conhecia ele. E pesquisa da revista abril? Só falta colocar pesquisa Ibope",1,0.9150721430778505,0.0849278718233108,
"Gente espera e verá quanto podre não vem por aí,Mandetta só pensa em política,não estava nem aí para o povo,todos falando para ele do vírus antes do carnaval e ele não vez nada,nosso Presidente Bolsonaro até falou para encerrarem o carnaval e ele quieto nem aí,me poupe!!!","Exato. A maior pisada de bola do Mandetta foi ter deixado o Carnaval acontecer. Até o Drauzio Varella, veja bem, até ele, mesmo que tarde, críticou o Carnaval em tempos de pandemia.",1,0.9152392745018004,0.0847607776522636,
"O presidente disse que discordou da maneira como o ex-ministro  tratou a situação, priorizando a vida, mas deixando de lado a questão do desemprego","É surreal! Qualquer pessoa com sanidade, tá preservando a vida, seu jegue!",2,0.9186052680015564,0.0813947468996048,
"⁦⁦⁩ escreve:  Entendam A Briga Entre Bolsonaro E Mandetta.  A briga de bastidores entre Bolsonaro e Mandetta jamais será retratada corretamente, nunca acreditem num livro de história.","""Foi aí que até eu fiquei preocupado.""",2,0.9188488125801086,0.0811512321233749,
"Mandetta foi rapidamente defendido por Maia, Alcolumbre, Haddad e Dória. Aplaudir o ex ministro é assinar atestado de burrice.","Haddad só foi justo. Ele em nenhum momento defendeu Mandetta. Parem de distorcer os Twitter que estão acima de disputas políticas. Eu tbm acho o Mandetta contraditório. Mas isso ñ me faz cega, reconheço q ele pelo menos defendeu coisas básicas como saúde e ciência. Q povo chato",1,0.9194837808609008,0.0805161818861961,
"De acordo com a nova Pesquisa do Atlas, Mandetta tem aprovação de quase 80% dos entrevistados. Diante desse número e se o presidente Lula não puder concorrer, vocês votariam em quem para presidente?",Mandetta presidente meu ovo. Maia? Nem fudendo.,1,0.925112783908844,0.0748872682452201,
Leia em Jornais Brasileiros,"Convoque técnicos para gerir pastas que vc não tem ideia alguma de como gerir. Demita-os por discordarem de você, mesmo que você não saiba nada.  Que fase....   #Mandetta",0,0.9252956509590148,0.0747043639421463,
"Mandetta, você não fez mais que a sua obrigação! Ops, ministro do bolsonaro que faz mais que a obrigação é raridade...",Aaaaaaeeeeeê Mandetta tá fora!,0,0.925589680671692,0.0744102820754051,
o filho da puta demitiu mesmo o mandetta passo mal,"Aí gente é um problema o Mandetta ser demitido? Lógico! o parquinho tava pegando fogo e o Bozo jogou gasolina. Mas o Mandetta é um filho da puta também, antes de tudo isso ele tava alinhadíssimo com o presidente.  O problema é o governo todo não só o idiota do Bolsonaro.",0,0.927645981311798,0.0723539739847183,
"Bolsonaro demitiu Mandetta por ciúme, inveja e cálculo eleitoral e não foi divórcio consensual coisa nenhuma, mas meras ignorância,  irresponsabilidade, desumanidade e culto à morte, por fazê-lo em pleno pico da pandemia.","Mandetta errou ao não orientar o cancelamento das festividades do Carnaval. Já em janeiro, havia notícia do vírus circulando na China. Em fevereiro, já havia entrado na Itália. Mandetta calou-se e disse que não havia motivo para preocupação. Milhares se contaminaram no carnaval",1,0.9278257489204408,0.0721742585301399,
Mandetta deixa ministério cantando.,"Sai cantando e abraçando, sem máscaras... E viva a hipocrisia!  Por um país mais digno, #ForaMaia",2,0.9283735752105712,0.0716264545917511,
gnt pqp PQ O MANDETTA FOI DEMITIDO JAJA O BOZO DISPENSA A QUARENTENA QUER VER,eu durmo e acordo com o mandetta demitido ????????????????,0,0.9291658997535706,0.0708341524004936,
Ministro entrará para a história como o homem que tentou fritar quem o nomeou e jogou uma oportunidade única de escrever seu nome nos anais da medicina.,A soberba é a ruína de qualquer um.,2,0.929180920124054,0.0708191394805908,
URGENTE: Bolsonaro demite Mandetta do Ministério da Saúde; oncologista Nelson Teich vai assumir o cargo,"O  era companheiro de Cunha, votou à favor da PEC do teto da saúde e tudo mais! Vinha fazendo um trabalho correto no Ministério da Saúde! Servia para esse des (governo) o currículo político dele! Agora o doido trouxe o coveiro! Segurem-se, vocês escolheram isso!",2,0.9309227466583252,0.0690773054957389,
Morre um ministro. Nasce um candidato?,Mandetta tem que ser acusado de homicídio doloso por OMITIR A EFICÁCIA DA CLOROQUINA poderia ter evitado inúmeras mortes. Assassino #BolsonaroTemRazaoSim,1,0.9311089515686036,0.0688910782337188,
mandetta vai usar o dinheiro da rescisão para construir em sua casa uma fortaleza anticorona (e o brasil que se exploda),"mandetta sobre demissão: tenho uma notícia boa e uma ruim. pra mim é ótima, pra vcs que é péssima",1,0.93124258518219,0.0687574222683906,
Ver toda essa gente defendendo o Mandetta... eu avisei!  tem razão desde o início. Segue o jogo!,Recolha-se a sua insignificância sr Andrade. Vá plantar batatas.,2,0.9313448071479796,0.0686551108956337,
"Em sua despedida, Mandetta defende a vida, o SUS e a ciência. Três palavras incompatíveis com o atual governo.",Nesse lado ele tá certo (não acredito que tô dando em coisa de petista;-;),2,0.932624876499176,0.0673751011490821,
é uma sinuca de bico mesmo. saber que a demissão do mandetta nesse momento coloca mais ainda em risco todo mundo e ver gente pedindo ele como candidato em 2022. eu não aguento mais,"PRESIDENTE O SENHOR VAI SE ARREPENDER DE TER DEMITIDO MANDETTA. CAGOU GERAL. VAMOS VER O QUANTO DE GENTE VAI MORRER POR ESSE VÍRUS CHINÊS DAQUI PRA FRENTE. MANDETTA 2022...O SENHOR PODDE SE CANDIDATAR A SÍNDICO DO SEU CONDOMÍNIO, PODE SER QUE GANHE EM 2022.",0,0.9331719875335692,0.0668279305100441,
A demissão do Mandetta me obrigou a cozinhar uma lata de leite condensado.,Não é da conta de nenhum estrangeiro... É da conta de nós brasileiros. O Presidente está certíssimo em demitir o Mandetta. O ministério da saúde precisa de um técnico e não de um politiqueiro.,0,0.9331926703453064,0.0668073147535324,
"Presidente trocou Mandetta por um nome que pensa EXATAMENTE como Mandetta. Pura politicagem, ciumeira. Agora o min Saúde terá de trocar toda sua equipe e prejudicar o combate ao corona porque Bolsonaro está mais preocupado com a própria popularidade do que com o país. VERGONHA!","imagina você em sua empresa recebendo ordens de seu funcionário, é você tem duas opções, ou aceita e fica desmoralizado ou demite e procura outro mais qualificado, o que você faria? O Mandetta é um político e agora teremos um técnico como os outros ministros.",2,0.93377286195755,0.0662272274494171,
"Daqui a duas semanas as mortes cairão, os comércios irão começar a abrir, a economia reagir, os hospitais estarão mais equipados e diversas denúncias de super faturamento virão a tona. Ninguém se lembrará de Mandetta. Somos grandes, somos fortes.  #ForaMaia",Quem é Mandetta? #foramaia,1,0.93467777967453,0.0653222352266311,
"Mandetta deixa como legado uma estrutura para que o Brasil possa – com governo federal, estados e municípios unidos – atender da melhor forma possível a sociedade brasileira, principalmente as pessoas que necessitam do SUS.","80% das pessoa estão apavorada com a demissão do Mandetta, retificação; 80% das pessoas que não votaram no Bolsonaro presidente.",1,0.9353099465370178,0.064690001308918,
"Mandetta mandando bem em seu último discurso na posse do novo ministro Coerente, um homem de valor que sabe sobre oque fala e sabe que fez o seu melhor dentro de um sistema de saúde falido.","1) De nada adianta dizer que ""nomeia por critérios técnicos"" se deseja ""intervir politicamente"" nas ações do nomeado;  2) O ""problema"" não é o Mandetta. Qualquer um que tomar decisões baseadas em técnica e ciência sucumbe em um governo ideológico;  É a Era dos imbecis.",0,0.9364838004112244,0.0635162517428398,
"Não é sobre defender o Mandetta, é receio de entrar algo pior. Nesse governo sempre tem a possibilidade de piorar.","Agora que o Bolsonaro demitiu o Mandetta que eu nao termino meu TCC mesmo, olha sinceramente, o meu sonho ta se desmanchando na minha frente e eu não posso fazer NADA.",0,0.9388944506645204,0.0611055120825767,
"O Congresso Nacional, em meu nome e do presidente da Câmara , divulgamos nota sobre a saída de Luiz Henrique Mandetta () do cargo de ministro da Saúde :","Como sempre, nota desnecessária, o congresso e a câmara tem seu trabalho, não precisamos de ""no tinhas políticas""!!!",2,0.9413864612579346,0.0586135052144527,
É isso aí galera..O MANDETTA foi demitido..Agora é o Nelson Teich que vai segurar a onda..boa sorte para ele e que seja competente e dedicado.. E o MANDETTA? provavelmente dará uma entrevista no RODA VIVA falando mal do Bolsonaro enquanto faz auto-propaganda..  Grande coisa..,"Rapaz, Bolsonaro demitiu mesmo o Mandetta",0,0.9415621757507324,0.0584377981722354,
To percebendo que a esquerda sentiu mesmo a demissão do mandetta. Estão raivosos e atacando uns aos outros. Esse confinamento é complicado. Quando sairmos acho q não saberemos atravessar a rua e capaz de nos atracarmos em qq discussão de buteco,"Eu não acredito que o Bolsonaro demitiu o Mandetta, que filha da puta cara.",0,0.9416335225105286,0.0583664737641811,
Mandetta se despede do #SintaSeEmCasa,Eu te amo adnet,2,0.942474365234375,0.0575256906449794,
"E para hoje, paz de espírito!","como bial????????? carminha foi desmascarada, tereza cristina vai humilhar a griselda e o mandetta foi demitido..........",2,0.9426787495613098,0.0573212802410125,
"João Doria, Witzel, Mandetta, Maia: todos são estadistas preocupados com a pandemia e a ciência. Bolsonaro: só pensa em 2022. Ops!","O Mandetta vai acabar fazendo cover do Elvis. Daqui um mês ninguem lembra dele, e nas eleições será lembrado como sabotador. Vai pra Vegas Mandetta!",1,0.9427744150161744,0.0572255291044712,
"Discutir ""qualidades técnicas"" num momento em que o Ministro anterior é demitido justamente por seguir as recomendações técnicas é fazer o jogo do Bolsonarismo. É acreditar na fantasia do ""Ministério técnico e com autonomia"" que virou pó diante dos olhos de todos.",Exato. O novo ministro pode ser - parece que é - um técnico; talvez mesmo mais qualificado que Mandetta. Mas sua nomeação não é técnica.,2,0.943314790725708,0.0566851645708084,
"Bolsonaro demitiu Mandetta por ciúme, inveja e cálculo eleitoral e não foi divórcio consensual coisa nenhuma, mas meras ignorância,  irresponsabilidade, desumanidade e culto à morte, por fazê-lo em pleno pico da pandemia.","Qual foi o planejamento do Mandetta, para enfrentar o vírus , que está circulando no Brasil há três meses. Sem hipocrisia!!!!",2,0.9444016218185424,0.0555983111262321,
"é o mandetta demitido, é o tufão descobrindo tudo da Carminha, genteeeee, que quinta feira é essa em","“Trabalhem com o novo ministro como vcs trabalharam pra mim”, diz Mandetta pra equipe que fica. “Façam a defesa intransigente do SUS e da ciência”",0,0.9447881579399108,0.0552117936313152,
Kataguiri diz que demissão de Mandetta é ‘irresponsável’,"Ninguém se importa com oque pensa o katapiroca,kkkk",2,0.9449634552001952,0.0550365000963211,
"Em sua despedida, Mandetta defende a vida, o SUS e a ciência. Três palavras incompatíveis com o atual governo.",Em busca de “amizades” o Poste de condenado está dando tiro para tudo que é lado.,2,0.9453111290931702,0.0546888783574104,
"blz que o Mandetta não é o cume de excelência no cargo de ministro da saúde, mas demitir o cara no meio de uma PANDEMIA e colocar no lugar o Nelson Luiz Sperle Teich ??? olha as coisas que ele fala   #BolsonaroVirus","Já entendi pq Bolsonaro colocou esse cara como ministro, é pq ele é acéfalo igual o presidente dele",2,0.9454118609428406,0.0545881539583206,
"Todos que estão elogiando tanto Mandetta (agora) sabem que, indiretamente, estão elogiando a ESCOLHA DE BOLSONARO, né? Então admitem que ele montou uma boa equipe ministerial, ao menos? Ou só os que brigam ou saem se tornam bons?",Esses mesmo que estão chorando foram os que no início do Governo criticaram o Mandetta. MS em festa.,1,0.9454730749130248,0.0545268692076206,
"Tchau, querido!","Enquanto a esquerda institucional e bunda mole se esforça pra ver quem é mais defensor de Mandetta, Dilmãe manda a real.",2,0.9461994767189026,0.0538005679845809,
Vamos aos fatos ! #TchauMandetta,Fez com apoio do presidente que sempre defendeu estado mínimo e o desmonte do SUS e dos serviços públicos. Então nada diferente por aqui ... o Mandetta ao menos na crise mudou de Postura e a anta do Presidente segue contra!,1,0.946295440196991,0.0537045449018478,
Será que eu dormi tanto que não vi Mandetta saindo do ministério da saúde?,que general é esse? Mandetta? Kkkkkkkk Abusado! Muito à toa!,0,0.9463250041007996,0.0536750294268131,
Mandetta caiu porque evidenciou que o rei estava nu.,"Camarotti,  Você é um idiota mesmo.   Mandetta popular?   Kkkkkkk",1,0.9467104077339172,0.053289521485567,
"Todas as mortes serão debitadas na sua conta seu FARISEU, nojento,asqueroso,falso cristão,falta palavras para descrever sua podridão JAIR MESSIAS BOLSONARO,você é o lixo dos lixos um dia a Justiça divina chegará não se engane! #mandetta #bolsovirus #obrigadomandetta",*As máscaras que Mandetta comprou (sem licitação da empresa que financiou sua campanha) pelo dobro do preço do mercado. Vejam a qualidade das máscaras que Ministro Mandetta enviou para o Hospital Universitário da UFG. É assim que querem proteger o profissionais p combater vírus?,0,0.9468421936035156,0.0531578548252582,
Demissão de Mandetta é rejeitada por 76% dos brasileiros,"Uau! Chupa q a cana é doce! ""Quem humilha será exaltado"". Mandetta já está sendo exaltado. Uma informação segura "" coronavírus quando o sintoma aparece, o organismo já está em processo de ""desintegração""é como alguns tipos d câncer.Quando o sintoma aparece...",1,0.9478776454925536,0.0521223582327365,
"Os deputados criticaram o presidente por mandar o mandetta embora, o que eles não criticam ? A respeito do presidente criticam tudo. Só não criticam o Luiz Inácio o ladrão","O bagulho vai ficar feio pro Bolsonaro depois da demissão do Mandetta, visse.",0,0.94894140958786,0.0510586127638816,
Veja no #JN: a cobertura completa da demissão do ministro Mandetta e o anúncio de Nelson Teich como substituto no comando do Ministério da Saúde,"SEM MANDETTA, SEM MUTRETTA... AGORA É DESCER O DEDO NA CAPETTA #GLOBOLIXO",1,0.949479639530182,0.0505204051733017,
Fiz essa postagem em novembro de 2019 as pessoas voltando dos hospitais RJ médicos sem salários sem remédios nas farmácias dos hospitais Mandetta gastando verba da saúde com lubrificante para presídios e SUS. Foram mais de 25 milhões só de lubrificantes turma deve ter c apertado.,O povo precisa saber quem é Mandetta na verdade .traidor roubando o povo.aff já chegou metendo a mão.,1,0.9498236775398254,0.0501763187348842,
"""E o Mandetta, a linha dele, como médico, era voltada quase exclusivamente para a vida"" - Jair Bolsonaro, presidente do Brasil",E olha que era quase.... imagina agora.,2,0.9499898552894592,0.0500101968646049,
"Gozado! Agora que o super Mandetta, não é mais ministro da saúde. Pode.. aglomeração,  abraçar, falar de perto, cantar, gotejar, cuspir, vomitar na cara dos outros...acho que agora a *máscara* caiu!","Ain que bonitinho...  já estão vendendo os coletes como ""lembranças""? #ForaMaia",2,0.9500662684440612,0.049933772534132,
"""E o Mandetta, a linha dele, como médico, era voltada quase exclusivamente para a vida"" - Jair Bolsonaro, presidente do Brasil",Vossa excelência é um boçal!,2,0.950355052947998,0.0496450252830982,
Mandetta caiu porque evidenciou que o rei estava nu.,"Você é um lixo de Jornalista, gostaria de encontra-lo em uma  Ponte áerea  e te falar umas verdades na sua cara , bandido .",2,0.9506916999816896,0.0493083000183105,
"""E o Mandetta, a linha dele, como médico, era voltada quase exclusivamente para a vida"" - Jair Bolsonaro, presidente do Brasil","Não tem nada mais claro que isso aqui ""Mas..."" mas o caralho mano!!!!!!!!!!!",2,0.9512788653373718,0.0487211979925632,
"Acabo de ouvir do presidente Jair Bolsonaro o aviso da minha demissão do Ministério da Saúde.  Quero agradecer a oportunidade que me foi dada, de ser gerente do nosso SUS, de pôr de pé o projeto de melhoria da saúde dos brasileiros e",Não acredito fica Mandetta,2,0.95197993516922,0.0480200834572315,
"Bolsonaro demitiu Mandetta por ciúme, inveja e cálculo eleitoral e não foi divórcio consensual coisa nenhuma, mas meras ignorância,  irresponsabilidade, desumanidade e culto à morte, por fazê-lo em pleno pico da pandemia.",Leva Mandetta pra sua casa. Análise zero apenas paixão,1,0.9525853991508484,0.0474146530032157,
o bolsonaro falando sobre a questao do desemprego nessa pandemia no anunciamento da demissão do Mandetta kkkkkkkk,"Vergonha!   ""O que os estrangeiros estão falando sobre a demissão de Mandetta em meio à pandemia""",0,0.9538801312446594,0.0461198426783084,
Mandetta e sua política de isolamento estão longe de representar a visão única existente na comunidade médica. Recebi de um respeitado médico uma mensagem de desabafo justamente pq ele e vários pares estão revoltados com essa idolatria toda ao ministro.,"O Mandetta virou um estrelado da imprensa, fez política o tempo todo e não fez questão de ouvir outros com visões diferentes da sua. Não preparou o presidente para a pandemia que chegava. Ficou arrogante e irônico com quem discordava dele. Não podia dar certo mesmo.",1,0.9542402029037476,0.0457597784698009,
"""E o Mandetta, a linha dele, como médico, era voltada quase exclusivamente para a vida"" - Jair Bolsonaro, presidente do Brasil",me falem que esse video ta fora de contexto pf,2,0.9544915556907654,0.0455085225403308,
VAI MANDETTA!  Não tenho golpista que compõe governo miliciano de estimação. A única diferença entre Madetta e outros asseclas de Bolsonaro é que ele sabe que a terra não é plana.   #ForaBolsonaro,"Vai Mandetta, mas bem que podia ter levado o chefe junto. Golpistas miseráveis.",2,0.9546738862991332,0.045326080173254,
"Todo mundo já teve um chefe que fazia vc se perguntar todo dia: ""Pq esse estúpido é meu chefe? Cara burro!"". Com Mandetta não era diferente","Demissão de Mandetta não afeta imagem de Bolsonaro nas redes, diz pesquisa",0,0.9556857347488404,0.0443142801523208,
AGORA: Jair Bolsonaro demite Luiz Henrique Mandetta do Ministério da Saúde.,"Parabéns presidente, o atual Ministro é a favor de mais estudos sobre remédios contra o Vírus Chinês, não ficaremos reféns da OMS.",1,0.9557417035102844,0.0442582927644252,
Pensa em uma pessoa braba: EU    Bolsonaro demite Mandetta; Nelson Teich assume o Ministério da Saúde #Coronavirus,"Maia homenageia Mandetta e fiz que ele deixou um ""legado"".  Legado de uma corriola de corruptos atrás do dinheiro do ministério da saúde. Legado de uma montanha de cadáveres que morreram sem terem sequer uma chance de tomar a hidroxicloroquina. Esse é o legado do Mandetta.",0,0.955867350101471,0.0441326759755611,
"Politicamente falando, a saída do ministério vai ser uma vitória pro Mandetta, a pandemia ainda não chegou ao ápice no Brasil, o deve acontecer nos próximos dez dias.  Saiu de cena como alguém que tentou frear a insanidade, quem chega vai pegar uma voadora no peito","""Mandetta é um erro"" OAntagonista 13/11/2018 ahahahahhaha (dá uma busca pra ver essa perola).",0,0.9562858939170836,0.0437140464782714,
"Amigos, o ministro Mandetta sabia ou não sabia que, quando ele votou a favor da PEC do teto dos gastos, estava tirando dinheiro do SUS para pagar banqueiros? Sabia ou não sabia quem era Bolsonaro ao aceitar o cargo?  Por que o lamento? É pq ele tem um olho só em terra de cego?",Entendo a sua posição. Mas especificamente no caso da pandemia o Mandetta seguiu os protocolos da OMS e priorizou a ciência. Trocar de ministro agora é arriscado pra gente. O novo ministro tem alguns comportamentos polêmicos. E não temos tempo pra controvérsias. Estou insegura.,1,0.9564803242683412,0.0435196347534656,
"Gente, a primeira dama pareceu muito aborrecida na posse do novo ministro da saúde, só final do cumprimentou o Mandetta",*no final só cumprimentou o Mandetta,1,0.9565737843513488,0.0434262342751026,
"Mandetta podia dizer alguma coisa útil nessa coletiva... por eexemplo, por que foi demitido? O que ele pensa de sair assim, no começo da luta toda? Onde acha que errou , pra ser demitido assim, num momento tão delicado pro Brasil?","Mandetta precisou entender o que é SUS pra defendê-lo, antes disso fez varios ações para desmontá-lo. Não critico o trabalho do Mandetta nesse período de pandemia, mas ele só mudou pq saiu da bolha e teve que parar de pensar só nos seus pares. Que fique claro isso!",1,0.9567937850952148,0.0432062372565269,
"A maioria esmagadora dos brasileiros é contrária à demissão de Mandetta: 76,2% dos entrevistados discordam do afastamento do ministro da Saúde, segundo pesquisa realizada pelo Atlas Político. Vc concorda com o resultado da pesquisa?   via","Com certeza. Não é hora de egos, e o Mandetta é um ótimo profissional",1,0.957194983959198,0.0428050197660923,
"É triste e irônico, mas um bom sinal seria Nelson Teich ter seu trabalho atrapalhado pelo presidente da República, como ocorreu com Mandetta. Caso contrário significará que ele compactua ou se submeterá às mesmas nocivas ideias do inapto, o que seria ainda mais grave.","Só assistir o Mandetta no Roda Viva e  Fantástico, assim vc mata a saudade dele.",1,0.9574330449104308,0.042566992342472,
"Eu vou sair do tt porque eu já tô noiada o suficiente com essa sinusite, não preciso de mais cenários apocalípticos devido a saída do Mandetta sendo jogados na minha cara. Mereço me alienar e fingir que tá tudo bem",Olha só a tristeza do Mandetta depois de ter se livrado do estrupício.,0,0.957586944103241,0.0424130372703075,
"Relaxa Mandetta, vc não foi o único que perdeu o emprego hoje.  FIQUE EM CASA. #pas   Bom dia galera.","Assista a ""ATENÇÃO!! MÉDICO CENSURADO  NA CNN - Dr. Anthony Wong - MANDETTA  CAIU ESTÁ FORA"" no YouTube",0,0.9577859044075012,0.0422140769660472,
"ISSO É CIÊNCIA??? Em 17/03 Mandetta disse: “As próximas 20 semanas serão extremamente duras”. Em 07/04 previu o lendário pico do COVID entre abril e maio. No dia 13/04 arriscou o pico entre maio e junho... Já meio sem graça, no mesmo dia 13, disse que vai ser em julho.",A ciência do Mutreta:,2,0.9580757021903992,0.0419242978096008,
"Agora que eu já tinha me acostumado a falar o nome do maleta, mutreta, Mandetta.  Ai agora os caras vem com um tal de Taz, Taic, Tech",Esse governo é uma piada mesmo  De muito mal gosto que tá ferrando com a gente,2,0.9582030773162842,0.0417968668043613,
"foda-se o mandetta, o que importa é que meu seguro ta na conta hahahauahahahauahauhauauaa","É estarrecedor que o obscurantismo tenha vencido a ciência, a pesquisa, o mundo que pensa a Saúde. A saída de Mandetta indigna a nós e o povo, que sofrerá as consequências de qualquer mudança na política de isolamento. Bolsonaro é tosco, baixo, mesquinho.",0,0.9582228064537048,0.0417772606015205,
"Demitiu Mandetta porque ele se preocupava com uma atuação “ quase que exclusivamente para proteção da vida”.   Volta pro ponto eletrônico! Sem vida existe o quê? Pq será q a vida é mais importante, mesmo!? Desculpem, mas ñ é só projeto político. É burrice e perversidade junto.",PT defendendo o Mandetta,1,0.9585054516792296,0.0414945408701896,
"#ForaMaiaGozado! Agora que o super Mandetta, não é mais ministro da saúde. Pode.. aglomeração,  abraçar, falar de perto, cantar, gotejar, cuspir, vomitar na cara dos outros...acho que agora a *máscara* caiu! E agora","""E o Mandetta, a linha dele, como médico, era voltada quase exclusivamente para a vida."" Eu não aguento esse desgraçado...",0,0.9585759043693542,0.0414240658283233,
Bolsonaro demitiu o Mandetta porque ele é inimigo da ciência. O maior e mais perigoso vírus que o Brasil enfrenta é o  #BolsonaroVirus . Jair Bolsonaro sim é a nossa maior ameaça. GENOCIDA!,Coronavírus é tiquin comparado ao #BolsonaroVirus,2,0.958852767944336,0.0411471687257289,
Mermão... o Coppolla lanchou o Mandetta sem cuspe e sem massagem... PQP,"Mandetta fez um ótimo trabalho nesses tempos de pandemia, mas achar que ele era o único cara certo para tocar o barco aí já é idolatria. Ele teve muitos ganhos políticos com isso...",0,0.958997368812561,0.0410026088356971,
"coletiva do mandetta hj, como diria ana maria braga solta os cachorro cezinha","Cara, eu vejo as atitudes dos deputados pró-bolsonaro no twitter logo após a saída de Mandetta do cargo e fico boquiaberta pensando em como estão ocupando esses cargos. Parece uma turma de 5ª série.",0,0.9590770602226256,0.0409229211509227,
O Mandetta até tentou fazer o showmício...,Kkkkkkkkkkkk minha nossa #ForaMaia vá acudir Mandetta kkkkk,1,0.9591142535209656,0.0408857502043247,
Mandetta deixa ministério cantando.,"caralho, umas 30 pessoas numa sala, não vi uma máscara... isso que mts são profissionais da saúde.",2,0.9596039056777954,0.0403960905969142,
"Agora Mandetta saiu, o Bolsonaro já achou outros inimigos. Caramba, esse cara não para. Ele sabe que ele precisa governar também, em vez de brigar com todo mundo? #forabolsonaro",Entrando só pra ficar PUTA E DESESPERADA com a demissão do Mandetta. O Bolsonaro é um genocida canalha! Economia é o caralho! Se ele ligasse para economia todo mundo estaria em isolamento porque as projeções baseadas em crises passadas e em outros países deixa claro que o,0,0.9597079157829284,0.040292140096426,
"Cara o filho da puta demitir o Mandetta numa puta crise desse e onde o homem tava atuando bem, é um genocida desgraçado do caralho","Mandetta como médico conseguiu convencer a metade da população a ficar em casa, agora esperamos que esse próximo ministro seja veterinário pra convencer a outra metade  #ForaBolsonaro",0,0.9607780575752258,0.0392219349741935,
Quem era Mandetta antes de virar Ministro da Saúde? O que fez no ministério no período anterior à epidemia?,Ele entrou no governo como Mandetta e saiu como Mantretta.,1,0.9610005021095276,0.0389994382858276,
cê curte?,"Mandetta deixa 'legado', diz Maia; parlamentares e governadores lamentam demissão de ministro.",0,0.9610273838043212,0.0389725863933563,
"Secretário em Vigilância e Saúde, Wanderson Kleber de Oliveira, pediu demissão do ministério. No texto de despedida enviado para sua equipe, ele afirma que a gestão de Mandetta acabou e precisou se preparar para sair junto.   Eu ouvi um amém?",Então..o ministro não trabalhava pelo Brasil melhor....trabalhava para o Mandetta.,1,0.9620215892791748,0.0379784144461154,
mandetta para presidente e pau no cu do bolsonaro,demitiram o mandetta n né,0,0.9625289440155028,0.0374711044132709,
"Boa sorte ao Nelson Teich, novo ministro da Saúde.  O mais importante é que dê conta do recado porque a luta é complicada, o inimigo é silencioso, astuto e mortal.   Imensa maioria sabe que o Mandetta não era pra sair, mas agora é torcer pelo sucesso do novo ministro.",Me da um motivo pra não tirar o mandetta ?,1,0.9629889130592346,0.0370110869407653,
"Ô Mandetta ! Agora que o Bozo lhe deu um pé na bunda , você bem que podia nos contar qual foi o resultado do exame!?",Mandetta tem amor a vida dele...não pode confiar na quadrilha bolsonaro.,1,0.963236689567566,0.036763247102499,
"Vale lembrar:  Bolsonaro demitiu Mandetta, mas era tudo intriga da imprensa, querendo jogar um contra o outro, claro.  Continue se informando pela claque.  Os financiadores agradecem.",O Mandetta fez a cabeça das meninas. Vai comer todas elas da imprensa.,1,0.9632652401924132,0.036734689027071,
"Nota do líder do PSDB na Câmara: É lamentável a demissão de Mandetta no momento em que país caminha p/ fase + aguda da pandemia. Ele se tornou alvo de críticas e intrigas no governo...justamente por um bom trabalho, alinhado à ciência, aos organismos e autoridades internacionais.","Lamentável! Se acontecer uma morte de um parente meu por conta do covid o Senhor será lembrando por todos os dias de sua vida... Dá pra ""desvotar"" arrependimento que fala???  somos todos #MandettaFica",2,0.9634873270988464,0.0365127176046371,
Roberto Kalil Filho é cotado para substituir Mandetta na Saúde,"Com a demissão do Min Mandetta, vale a máxima da “Lei de Murphy”, “se poderia dar errado aí mesmo é q dará errado”  Se c/Mandetta tava difícil, sem ele será muito pior.  Ganha o obscurantismo, a cegueira ideológica e o negacionismo da ciência. Tudo irá para conta do Bolsonaro",0,0.9640415906906128,0.0359584055840969,
"Parabéns ao Presidente Bolsonaro, vamos mudar esse Brasil, vejo só lixo de político falando mal da sua decisão, Mandetta estava traindo o povo!","Juntando todas as curtidas de  hoje, sequer chegam a fazer cócegas em três twitadas de . O gabinete do ódio deve estar desesperado com o fato do capitão Cloroquina não ter mais esse prestígio todo nas redes sociais. Se Mandetta estiver certo, o pico é maio.",0,0.964089035987854,0.0359109863638877,
"Caiu o Pau Mandetta, entrou o Rolando Lero",Caiu o pau mandetta e entrou o pau no nosso cu,1,0.9645439386367798,0.0354560203850269,
"Não adianta o presidente Bolsonaro mudar de ministro se permanecer com seus posicionamentos obscurantistas e opostos aos protocolos da OMS e da ciência. Ao demitir o ministro Mandetta, o presidente mostrou efetivamente que está disposto a apostar tudo por seu projeto de poder.",De tempos em tempos a maritaca coloca a cabeça para fora da toca e solta uma pérola.,2,0.9645861387252808,0.0354138761758804,
"e mandetta abaixe a bolinha pq o único momento da sua vida q vc fez algo de bom foi nessa pandemia viu, n esquecerei q vc tirou 9 bilhões de reais do sus","As últimas palavras do papai ao Mandetta.   ""#FiqueEmCasa""   Foi lindo, e todos aplaudiram o gesto do papai por finalmente falar essas palavras repetidas pela imprensa.",0,0.9647992253303528,0.0352008044719696,
"Aí safoda o Mandetta, participou do golpe de 2016 e tem acusação de esquemas de corrupção com fraude em licitações quando foi secretário de saúde de Campo Grande  Não tem um q presta nesse governo aí",Puts até o Mandetta saiu antes da Ivy,0,0.965070366859436,0.0349295884370803,
"Acho Teich não vai desfazer o que o Mandetta já fez, não vai contra a OMS. É tiro no pé.  Bolsonaro o demitiu por ser um criança mimada, como sempre. Vai falar que foi mérito próprio quando as ações do Mandetta surtirem efeito com a frente do Ministério.","Sem contar que ele ( O Presidente) não lhe responde o que é perguntado. Agora que não tem mais o ministro Mandetta como ""inimigo"", ele tenta arrumar outro, no caso, o Rodrigo Maia.  #PRESIDENTE #Bolsonaro",0,0.9652597308158876,0.034740325063467,
"O  demitiu o  do Ministério da Saúde. É prerrogativa do PR, mas se lamenta que isso ocorra em meio à maior crise sanitária da história e sem motivação técnica. O substituto, Nelson Teich, tem currículo compatível com o cargo e se espera respeito à ciência","Mandetta,Substituir 1 técnico d futebol no meio de 1 campeonato é sinal q o time ñ está bom.Substituir 1 ministro no meio de uma pandemia,é sinal q você foi muito incompetente,juntamente,com sua equipe.Quantas mortes vocês poderiam evitar,se pensasse como médico e ñ como político",2,0.9653202891349792,0.0346796996891498,
pensando bem o mandetta nao merecia usar esse coletinho lindo e xeroso do sus mesmo   eu queria um d tao lindo a população inteira deveria usar colete do sus tal qual bolsonaristas usaram a da seleçao brasileira,"Obg mandetta, minha saúde mental estava até suave com você..... agora eu sei que fudeu tudo.",0,0.9653226137161256,0.0346774533390998,
"O presidente disse que discordou da maneira como o ex-ministro  tratou a situação, priorizando a vida, mas deixando de lado a questão do desemprego",mano isso chega a ser bizarro,2,0.965699017047882,0.0343010574579238,
"Bolsonaro diz que podem perguntar pq decidiu substituir Mandetta. Explica o presidente durante a posse do novo ministro da Saúde: diz que visão de Mandetta era da Saúde, da vida. A sua é, além da vida, a da economia, a do Paulo Guedes.",Por quê os jornas simplesmente não param de trabalhar???,2,0.966018795967102,0.033981118351221,
Bolsonaro passa a ser o único a perceber que o problema não é salvar vidas do coronavirus e sim salvar a vida econômica especialmente dos 12 milhões de desempregados por exemplo.,Vale a pena ler a materia.,2,0.9660300612449646,0.0339699536561965,
comenta aqui o que você ta pensando nesse momento,sdds do meu ex..... ex ministro da saúde henrique mandetta,2,0.966186821460724,0.033813189715147,
"Pela primeira vez na história, os presidentes da Câmara e do Senado emitem nota conjunta para defender Mandetta, membro do partido de ambos, e atacar o Presidente da República. Isso é inédio. É uma clara agressão ao presidente.  ELES QUE NÃO OUSEM. O BRASIL É DOS BRASILEIROS.",#ForaMaia você não merece o cargo que ocupa.,2,0.96660578250885,0.0333941876888275,
Novo ministro da Saúde quer programa de testes contra coronavírus,"Isso sim, a esperança que esperávamos de Mandetta. Dois meses confinados e finalmente uma luz! Era difícil adivinhar isso?!",2,0.9666279554367064,0.0333720445632934,
"Mandetta, não sou seu fã, muito menos seria seu eleitor, mas você fez um bom trabalho nessa pandemia, saiba disso.",mandetta foi demitido = vai todo mundo morrer,0,0.9666517972946168,0.0333482697606086,
NOS PARITROTAS NAO DEVEMOS IR NO PERFIL DO  CURTIR O TWEET DELE SOBRE A DEMIÇÃO! O NOSSO QUERIDO PRESIDENTE GOVERNANDO A NACAO COM BRASO FORTE FICARIA MUITO DESAPONTADO SE ISSO ACONTECESSE!!!,"Ex-deputado federal, Mandetta estava à frente da pasta desde o início do governo, em janeiro de 2019, e ganhou maior visibilidade com a crise provocada pelo novo coronavírus. Mais detalhes no",0,0.9666852951049804,0.0333146713674068,
"ai, o q vai ser do Brasil sem o Mandetta agora...","Os bastidores da briga entre Bolsonaro e Mandetta, que a história nunca irá contar",0,0.9667248725891112,0.0332750901579856,
BOLSONARO merece o impeachment? Mandetta foi injustiçado? Ao menos veja o vídeo antes de tirar conclusões!,Assistindo. O único que não se voltou o presidente.       E outros se tornaram uma decepção. Mas cada um sabe o caminho a seguir.  Parabéns,2,0.9670495986938475,0.032950360327959,
Courage.,"Precisamos mesmo é de ajuda, de socorro, de um comandante que governe e não que fique brincando de 'bem me quer' e 'mal me quer'. A demissão do Mandetta é inoportuna e num timing infeliz!",2,0.9672924876213074,0.0327074751257896,
"o mandetta foi demitido, agora vamos morrer mesmo","Eu quero acreditar que o novo ministro vai fazer um trabalho excelente de combate ao avanço da pandemia no país. Mas o fato de ele ter sido indicado pelo Bolsonaro, para substituir Mandetta (que já vinha fazendo um bom trabalho), acaba com toda minha esperança.",0,0.9673415422439576,0.0326584950089454,
"Prevaleceu a inveja sentida pelo chefe mimado. Jair Bolsonaro, em vez de reconhecer que desdenhou do coronavírus, demitiu Mandetta por não ter se curvado à sua estupidez durante a pandemia. O bolsonarismo fritou o ministro da Saúde nas redes e no zap porque teme sua popularidade.","Você já resolveu o problema na  primeira linha, chefe! Se Mandetta quer governar , avisa ele que tem eleições para isso.",1,0.9673530459403992,0.0326469503343105,
A demissão de Mandetta e a crise do coronavírus  Por,"1 - ISOLAMENTO SOCIAL RADICAL E SEM DUBIEDADE: tem-se q ganhar tempo, p q ñ acha mtos infectados ao mesmo tempo; 2 - TESTAR EM MASSA: pq assim temos como nos planejar, vendo custos, prazos de confinamento, seletividade e tempos de descompressão;",2,0.9674331545829772,0.0325669050216674,
"ANÁLISE: Mandetta se posicionava como oposição gosta, contrapondo governante, segundo Caio Junqueira","Kkkk humorista, Mandetta se posicionava com racionalidade, coisa que o presidente não tem!",1,0.9679114818572998,0.0320884995162487,
Ninguém percebeu isso na demissão do Mandetta - Só Bolsonaro foi capaz d...  via,Mandetta é Costa quente pra crl. Tem que ser muito burro pra bater de frente com quem controla o país desde que o Brasil virou república,0,0.9679375886917114,0.0320624150335788,
"Demissão de Mandetta provoca panelaço e gritos de 'Fora, Bolsonaro' pelo Brasil",Aqui na zona leste não ouvi nada,2,0.9679457545280457,0.0320542678236961,
"Bolsonaro tava visivelmente incomodado ao ouvir seu novo ministro da saúde falar. Discurso de Teich seguiu praticamente a linha do que Mandetta estava fazendo: seguindo a ciência, isolamento não muda, mas investir em dados para tomada de decisão futura. Porque então houve troca?","Mandetta tem uma expressão muito simpática. Esse tem cara de filme de horror, ele se identifica mais.",1,0.9681995511054992,0.0318004004657268,
"A verdade é que o fato de o #Mandetta ser amado pelo Brasil causou ciúmes no Bolsonaro, mas esse status ele nunca atingirá. Ele que se foda com a economia dele! Aliás nossa, pq o dinheiro que ele ostenta é nosso, não se esqueça! Nós te pagamos e pagamos tudo","Se o mandetta mandar ""quem me demitir é corno e comunista"" ele fica até o fim do mandato do bolso",0,0.9682048559188844,0.0317951589822769,
"Prevaleceu a inveja sentida pelo chefe mimado. Jair Bolsonaro, em vez de reconhecer que desdenhou do coronavírus, demitiu Mandetta por não ter se curvado à sua estupidez durante a pandemia. O bolsonarismo fritou o ministro da Saúde nas redes e no zap porque teme sua popularidade.","Vc é Jornalista? Investigou   e Analisou as FALAS e Atos do Ministro Mandetta??  As COMPRAS, e direcionamento de Quarentena enquanto se Reunia ,com Governadores? orientacão para nao usar mascaras, e permanecer sem medicamentos que pudessem evitar ir p UTI?,",1,0.9682143330574036,0.0317856520414352,
"Presidente trocou Mandetta por um nome que pensa EXATAMENTE como Mandetta. Pura politicagem, ciumeira. Agora o min Saúde terá de trocar toda sua equipe e prejudicar o combate ao corona porque Bolsonaro está mais preocupado com a própria popularidade do que com o país. VERGONHA!",O povo nunca esquece um traidor. Vale para você e pro Mandetta.,1,0.9683101177215576,0.0316898897290229,
Entrando só pra ficar PUTA E DESESPERADA com a demissão do Mandetta. O Bolsonaro é um genocida canalha! Economia é o caralho! Se ele ligasse para economia todo mundo estaria em isolamento porque as projeções baseadas em crises passadas e em outros países deixa claro que o,puts kkk mandetta out mesmo,0,0.9685345888137816,0.0314654000103473,
"Presidente disse que retorno à normalidade tem que ser 'pensado', mas volta a falar em colapso econômico",Apoiado! #SomosTodosBolsonaro,2,0.9688226580619812,0.0311773270368576,
Mandetta deixa ministério cantando.,Ué !!!! E o distanciamento? E  a aglomeração? E os  EPIs ? Mais do que nunca... Faça o que mando e não faça o que faço !  #ForaMaia,2,0.9691108465194702,0.0308892056345939,
"Mandetta não é nenhum santo (estava a serviço do mercado com o objetivo de privatizar o SUS), mas a sua saída, em um momento como esse, não poderia ser pior. O Governo Bolsonaro é esquizofrênico e nós estamos perdidos (para não dizer fodidos).",Bolsonaro: pegue eu e o Mandetta e divida por dois (oi?),0,0.969176471233368,0.0308235473930835,
"COVID-19: 1.924 mortes 188 mortes em 24 horas  MANDETTA É DEMITIDO DO MINISTÉRIO DA SAÚDE Bolsonaro diz que exoneração foi ""divórcio consensual""","OLHA AI O CARA QUE MANDA VC FICAR EM CASA EM ISOLAMENTO.  Em meio a abraços e aglomerações e aperto de mãos, sem máscaras. Mandetta na sua despedida do cargo de ministro da saúde,  HIPÓCRITAS!!! já foi tarde seu lixo!",0,0.9693999886512756,0.0305999368429183,
"Mandetta suportou as fritadas de Bolsonaro até o fim. Estrategicamente, não pediu demissão e deixou o presidente se queimar sozinho.  Ganhou destaque e saiu do governo bem maior que entrou... No fim das contas, o ex-ministro só tem que agradecer ao presidente da República","Puta merda, mandetta saiu",0,0.96947979927063,0.0305201616138219,
Quando vai ser o Roda Viva com o Mandetta?,"Estão na dúvida agora, se vai Maia ou Mandetta primeiro",1,0.9695119261741638,0.0304880831390619,
Ver idiotas histéricos chorando pela demissão do Mandetta foi o que alegrou meu dia. Muito obrigado otários!,"Exatamente! O chefe da idiotice, , acabou de postar, mostrando todo o conhecimento dele. Pelos vídeos idiotas, é possível ver o Qi, e a capacidade dele, para expor qualquer assunto.",2,0.9695327877998352,0.0304672569036483,
"""E o Mandetta, a linha dele, como médico, era voltada quase exclusivamente para a vida"" - Jair Bolsonaro, presidente do Brasil","Meu Deus, eu não tenho nem palavras pra descrever isso, sério. Eu tô é mais triste do q com raiva.",2,0.9696406722068788,0.0303593520075082,
Mandetta demitido do Ministério da Saúde,"""O Mandetta [...] é uma pessoa que [...] em algum momento, ele extrapolou. Ele sabe que tem uma hierarquia entre nós, eu sempre respeitei todos os ministros"" ....... Ô gente..... O “nosso” presidente É UMA CRIANÇA QUE NÃO SABE OUVIR NÃO",0,0.9696848392486572,0.0303150955587625,
"Mandetta podia dizer alguma coisa útil nessa coletiva... por eexemplo, por que foi demitido? O que ele pensa de sair assim, no começo da luta toda? Onde acha que errou , pra ser demitido assim, num momento tão delicado pro Brasil?",Ele saiu enquanto sua popularidade está alta. Pra mim foi uma jogada política. Esse povo não dá ponto sem nó. E lembremos quem é o Mandetta!!!,1,0.9697530269622804,0.0302470345050096,
"Quem vai substituir Mandetta é o MÉDICO ONCOLOGISTA QUE JÁ OPEROU A 'FACADA"" do Bolsonaro? Confere?","Caiu Mandetta.   Vai ter plaquinha de ""TCHAU QUERIDO?"" Em tempo: ele ajudou a foder o país com o golpe machista de 2016, e estava batendo de frente com o Bozo Naro, sendo, aparentemente, a única voz sensata no desgoverno miliciano.   Estava mesmo?",0,0.9698054790496826,0.0301945153623819,
"Mandetta caiu pq seguiu a OMS e não seguiu as ordens do presidente de vcs. Ou seja, o cara que entrou vai seguir a OMS ou o genocida que tá nem um pouco preocupado com as pessoas? Se cuidem pq vai piorar.",Um pouco do São Mandetta,0,0.9701326489448548,0.0298673864454031,
"Nem tô surpresa com essa demissão do Mandetta gente, a verdade é que por melhor que seja o trabalho que ele vinha desempenhando, vendo como a mídia e a politicagem interna tava rolando se aproveitou para fazer política e sinceramente.","Mesmo eu não concordando com tudo que o Bolsonaro faz, fala ou pensa, ele era o chefe do Mandetta e essa insubordinação dele e declarações públicas a demonstrando, com certeza só daria em demissão.",1,0.9703523516654968,0.0296476762741804,
Mandetta demitido é a notícia que eu mais temia neste momento...,Mandetta q se prepare para o ataque de gados e robôs ...,0,0.9706347584724426,0.0293652787804603,
RODA A VINHETA DE DEMISSÃO  MANDETTA CAIU,"Misericórdia, só no resta orar",2,0.9707197546958924,0.0292802695184946,
"Todos os que fazem parte do Governo são cúmplices dos crimes do Minto.  Todos são Bolsonaro:  Moro, Paulo Guedes, Mandetta, Damares, Condenado Salles, Tarcísio, Astronauta da Terra Plana, Onyx, General com ou sem pijama...  Não se esqueça. Não tem água limpa no esgoto, tá ok?",Mandetta faz pronunciamento após demissão...,0,0.9711414575576782,0.0288585163652896,
"mandetta foi demitido no mesmo dia que fez foto apoiando o impeachment da dilma há 4 anos atrás, como já dizia minha grande filósofa ex presidenta ""a história será implacável com os que hoje se julgam vencedores”","E o Mandetta anunciou pelas redes sociais, que ele disse que não usava, que foi demitido pelo miliciano. Até aí tudo bem, só me atentei ao fato dele dizer que se sentiu honrado de dirigir o SUS, que ele queria acabar ano passado pra privatizar a saúde. Vai entender né?",0,0.9713067412376404,0.0286933220922946,
"não concordo ideologicamente com mandetta, mas é inegável que ele vinha fazendo um trabalho coerente e honesto, em relação à crise do coronavírus. sua demissão é uma triste notícia. não sei mais o que esperar desse (des)governo. lamentável.","Ia ser muito interessante se o STF entendesse a demissão do Mandetta como um tipo de atentado a saúde pública, aí q o pau ia torar mesmo",0,0.971384346485138,0.0286156926304101,
"Mandetta vai sair e vcs já sabem o que vai acontecer né, então tá bom",inclusive muito preocupada,2,0.9715158343315125,0.0284841563552618,
Menino do Céu!!!!! Mas o q eh isso?,"ESSE É O MANDETTA QUE FOI  INDICADO PELO DEM,  TÁ NA HORA DE PASSAR O RODO NESSES VERMES  DE    DO DEM  PERTO DO PRESIDENTE.",2,0.9718549847602844,0.0281449891626834,
Mandetta se despede do #SintaSeEmCasa,"Esse cara é um gênio, namoral",2,0.9719317555427552,0.0280682053416967,
"Fiquei tão feliz quando Mandetta ficou, pena que a felicidade durou pouco","Com a demissão do Min Mandetta, vale a máxima da “Lei de Murphy”, “se poderia dar errado aí mesmo é q dará errado”  Se c/Mandetta tava difícil, sem ele será muito pior.  Ganha o obscurantismo, a cegueira ideológica e o negacionismo da ciência. Tudo irá para conta do Bolsonaro",0,0.9720969796180724,0.0279029533267021,
Deslealdade e insubordinação.,O chefe de Mandetta eh Mais,1,0.972201406955719,0.0277985204011201,
"A postura e tom no discurso foram as melhores que já vi, mas em suma os ataques aos governadores, prefeitos, imprensa e, em partes, ao STF continuam. Estou muito preocupado com nosso futuro. #Mandetta","Quarentena, dia 30 (17/04/20)  - ficar em casa é mto bom kkk   - 30 dias de quarentena   - achei uma música mto boa finalmente   - mandetta saiu, fiquei triste  - bolsovírus  - vini 06 ganhou o mundial no pes   - mais uma vez o babu bateu na trave   - frio mais uma vez :)",0,0.972309410572052,0.0276906117796897,
Quero vê Live bater essa quinta pós Mandetta,Coronavírus: as desavenças em série que levaram à demissão de Mandetta e...  via,0,0.9723849892616272,0.0276150237768888,
"Não, pois houve uma divergência e por ela Mandetta foi demitido. Se acabar o afastamento social e as mortes aumentarem isto será culpa exclusiva de Bolsonaro e prova de que Mandetta, governadores e prefeitos estavam certos.l","O Mandetta, evidentemente, é responsável apenas pelo o que ele fez ou não fez enquanto ministro. Tudo o que ocorrerá daqui por diante é responsabilidade do sucessor e de quem o nomeou.",1,0.9728148579597472,0.0271851159632205,
"A VERDADE QUE TODOS SABIAM, NOSSO PR JB17 DEMITE MANDETTA APÓS CONSTATAR A COMPETÊNCIA DO MINISTRO! COMUNISTAS NÃO PASSARÃO!","minha amiga da Colômbia toda vez q fica nervosa esquece o português  desde a crise do corona ela começou o portunhol com força. Agora com a demissão do mandetta, mandou capslock com portunhol no grupo revoltada ahahha",0,0.9729024171829224,0.027097625657916,
Ministro entrará para a história como o homem que tentou fritar quem o nomeou e jogou uma oportunidade única de escrever seu nome nos anais da medicina.,"Mandetta, sabendo que Bolsonaro detesta a red globo e grande parte do povo também, foi dar entrevista e ainda falou o que não devia, ou seja, pediu pra sair!!! A fila andou",1,0.9731460809707642,0.0268538612872362,
"Você,que não gostou do Presidente ter demitido o Mandetta, fique tranquilo! Você não está sozinho  Maia, Alcolumbre, Dória,Gilmar Mendes,ou seja toda a esquerda corrupta, a New Left, e tb os isentões também estão alinhados com o seu mesmo pensamento!#bolsonarotemrazão",Sem dúvida que #BolsonaroTemRazaoSim . Aproveito para dizer que o Nhonho tem que ir embora. #ForaMaia,2,0.973222553730011,0.0267774313688278,
"MANDETTA DEMITIDO: MERDAS FEITAS NÃO VOLTAM AO LOCAL DE ORIGEM! O MINISTRO E O PRESIDENTE FIZERAM DECLARAÇÕES DESNECESSÁRIAS, MAS EU CONTORNARIA TUDO E MANTERIA O ÓTIMO MANDETTA, DETERMINANDO Q NENHUM DOS 2 FALARIA DE INTRIGAS E FOCARIA NO COMBATE AO VÍRUS! AGORA É SER OTIMISTA!","Tchau Mandetta, que venha o próximo, ninguém é insubstituível, então fique esperto e firme no objetivo.",1,0.9732811450958252,0.0267189107835292,
"Ele trocou de ministro pro ciúmes e pq o mandetta tinha opniao próprio,não ia pela cabeça do bolso","Ele trocou de ministro pro ciúmes e pq o mandetta tinha OPINIÃO próprio,não ia pela cabeça do bolso",1,0.9734616279602052,0.0265384204685688,
"Bolsonaro demitiu Mandetta por ciúme, inveja e cálculo eleitoral e não foi divórcio consensual coisa nenhuma, mas meras ignorância,  irresponsabilidade, desumanidade e culto à morte, por fazê-lo em pleno pico da pandemia.",Foda-se o mandetta deixou se seduzir pelos holofotes. #ForaMaia,1,0.9739460349082948,0.0260539446026086,
Mandetta deixa ministério cantando.,"ai é foda kk   cinquenta pessoas numa sala, sem máscara, sem abraçando, cantando, saliva voando...",2,0.973951816558838,0.0260481853038072,
"Economia da China desaba 6,8% no primeiro trimestre.","A ECONOMIA MUNDIAL em COLAPSO e tem COVARDE culpando o MANDETTA.Ora o MINISTRO DA SAÚDE,ora O CONGRESSO,ora STF...em BUSCA DE UM BODE EXPIATÓRIO para justificar o PRÓPRIO FRACASSO E INCOMPETÊNCIA.Coisa de bolsonaro, ou melhor, de COVARDE.",2,0.973975658416748,0.0260242782533168,
o mandetta tava fazendo um trabalho tão sério no ministério que um governador precisou fazer uma OPERAÇÃO DE GUERRA pra garantir respiradores pros cidadãos de um dos estados mais pobres do país.,a situação é tão horrível que um cara como o mandetta foi promovido de deputado do baixo clero lobista de plano de saúde à condição de oswaldo cruz do século xxi,1,0.9740877747535706,0.0259122811257839,
"""E o Mandetta, a linha dele, como médico, era voltada quase exclusivamente para a vida"" - Jair Bolsonaro, presidente do Brasil",Bom dia! rs...,2,0.9741050601005554,0.0258949194103479,
Comunidade médica teme que queda de Mandetta afrouxe isolamento social,Vai morrer muita gente.  Não sei nem o que pensar,2,0.974332332611084,0.0256676524877548,
"Com vocês, o pensamento de Nelson Teich, novo Ministro da Saúde, substituto de Mandetta.","""Acabo de ouvir do presidente Jair Bolsonaro o aviso da minha demissão do Ministério da Saúde"", disse o agora ex-ministro Henrique Mandetta.",0,0.9743679165840148,0.025632094591856,
"""Mandetta era um jogador de futebol desconhecido, mas que, um dia, fez um drible que foi destaque no Fantástico. Nunca fez um gol na carreira, mas virou ídolo."" Leia mais em:",Mandetta é outro Canastrão da Política.  #BolsonaroTemRazao,1,0.9744442701339722,0.0255556516349315,
"A demissão de Mandetta não passa de um acerto de contas por parte de um chefe que, no auge de sua mediocridade, não tolera um auxiliar se destacando mais do que ele. Um comportamento irresponsável de quem está mais preocupado com sua reeleição do que em salvar vidas.","Mediana a capacidade do Mandetta que assistiu e contribuiu com o desmonte da saúde e enquanto pode foi pelego...o ex-chefe dele um ignóbil, incapaz de falar e andar ao mesmo tempo. Desastroso esse governo. #ForaBolsonaro",1,0.9745021462440492,0.0254978165030479,
"Mandetta já não é mais o Ministro da Saúde. Ele está indo ao Planalto, conversar com o Bolsonaro.","Com ou sem Mandetta, enquanto houver um governo genocida teremos mortes que poderiam ser evitadas. Não esqueço (custam vidas hoje!), que teríamos milhares de médicos cubanos (ajudando europeus agora) salvando vidas aqui se MANDETTA e Bolsonaro não os expulsassem do Brasil!",0,0.9745187759399414,0.0254811756312847,
HENRIQUE MANDETTA CRIME: SER MAIS INTELIGENTE QUE O PRESIDENTE.,Não existia consenso entre especialistas sobre a política dele para a saúde simples assim!!! Nenhum presidente pode governar olhando somente um aspecto: o que a mídia e o Mandetta querem é a destruição desse país!!!,1,0.9745672345161438,0.0254327077418565,
"O Mandetta é um bosta? É,  por isso foi escolhido pra ministro desse governo. Mas no gerenciamento da crise ele tava fazendo o certo, peitou a carniça e foi demitido.  É o famoso ruim com ele, infinitamente pior sem ele.",A ciência é a luz.  - Luiz Henrique Mandetta,0,0.974569857120514,0.0254300963133573,
"""E o Mandetta, a linha dele, como médico, era voltada quase exclusivamente para a vida"", disse Bolsonaro",QUERIA Q FOSSE VOLTADA A Q?,2,0.9748263359069824,0.0251736268401145,
Todo dia um 7x1 diferente... no caso hj foi 14x2... demissão de Mandetta e mais um quase do Babu. #RedeBBB #ForaBolsonaroUrgente,"Se os brasileiros usar a base nos conhecimentos do #Mandetta e a consciência e disciplina, conseguiremos sobreviver a esta pandemia, agora se for seguir o caminho que foge a ciência , a saúde , Poderemos ser uma futura Itália !",0,0.9749249219894408,0.0250750314444303,
Mandetta deixa ministério cantando.,"Certinho, todos a 3 metros de distância e de máscara hahaha",2,0.9750356674194336,0.024964302778244,
"Externo minha enorme preocupação com a saída no ministro Mandetta do comando da Saúde, num momento de extrema gravidade pelo qual passa o Brasil diante da pandemia do coronavírus. O ministro Mandetta demonstrou conduzir seu trabalho com o rigor técnico necessário...(cont.)",É verdade.. Mandetta é muito competente e o povo acredita neletodos sabiam q ele pensava realmente no bem da população e na manutenção da vida,1,0.9751423001289368,0.0248576626181602,
"“Será uma grande perda”, diz Maia sobre saída de Mandetta","Se o Mandetta é bom pro Maia, Alcolumbre....",1,0.9751586318016052,0.0248414054512977,
"Preparem-se para a má vontade com o novo Ministro da Saúde. Se ele não seguir à risca o que os corona lovers querem, será massacrado. Vão puxar sua ficha corrida e tentar, de todas as formas, achar uma vírgula errada. Mandetta pra eles não tinha passado. Sempre foi perfeito.",Mandetta era p cavalo de tróia...,1,0.9753322005271912,0.0246677733957767,
"""E o Mandetta, a linha dele, como médico, era voltada quase exclusivamente para a vida"" - Jair Bolsonaro, presidente do Brasil",Não pode ser real,2,0.9753570556640624,0.0246429853141307,
"Ex-Ministro Mandetta! Me diga onde ele salvou vidas? Teria salvado muitas vidas se tivesse cancelado o carnaval... No carnaval já havia infectados, e ele ficou CALADO! Teria salvado vidas se tivesse liberado a cloroquina para os pacientes. O Ministério não é palanque político...",Treta a vista..kkkk já gostei dele,2,0.9754930138587952,0.0245070103555917,
Demissão de Mandetta é rejeitada por 76% dos brasileiros,"É mesmo? Taí o Mandetta ""Fala Mansa"" sabem de nada inocentes.",1,0.9755361676216124,0.0244638081640005,
"""Mandetta era um jogador de futebol desconhecido, mas que, um dia, fez um drible que foi destaque no Fantástico. Nunca fez um gol na carreira, mas virou ídolo."" Leia mais em:","O Comunismo e a Corrupção, não vai ficar em pé ! Bolsonaro é um Homem de Coragem, Honra e Brasileiro ! Mandetta, é Traidor, e nem na cadeia Traidor t vez. #BolsonaroTemRazao  ART. 142 já",1,0.9755375981330872,0.0244623273611068,
e o Mandetta quer nos enganar com este papo de pique em junho......kkkkk,Ñ existe isso o pico estar sendo agora vamos acordar gente voltar ao trabalho ou vem com força o CORONAFOME esse não existe vacina para combater a não ser se alimentar Brasil para todos Deus acima de tudo somos  Comida acorda Brasil...Dengue chicungunha h1m1 já vencemos,2,0.9756006002426147,0.024399435147643,
Luiz Henrique Mandetta faz pronunciamento no auditório do Ministério da Saúde -,Já tomei esse remedinho que o bozo tomou pra dar a entrevista do divorcio do mandetta. E sim da esse barato mesmo e esse olhar vazio e distante.,0,0.9756724238395692,0.0243276208639144,
Congresso reage à demissão de Mandetta e teme piora na pandemia;,Usem e sejam usados contra o Brasil,2,0.9758517742156982,0.0241482388228178,
Mandetta demitido. E vamos de pico da pandemia.,"Ministério da Saúde, sai o político Mandetta, entra o médico Nelson Teich.  ,",0,0.9760373830795288,0.0239625871181488,
"E essa agora? Urgente: Denuncia acusa o ministro da saúde Henrique Mandetta, de comprar filiação partidária com dinheiro destinado ao combate ao covid19.  Parece que a casa de Mandetta está caindo.",Que situação o governo do Bozo leva as pessoas né. Clamarem pela volta do Mandetta (que até antes da pandemia era um cara que ajudou o desmonte no SUS e totalmente a favor da privatização do msm). É justamente o parabéns por ter feito mínimo com o medo do que pode vir pela frente,0,0.9760916829109192,0.0239082723855972,
"Nelson, manda devolver essa merda que o Mandetta importou da china comedora de morcego!",#ForaMaia  $$$ A corrupção e a mentira não vai vencer o povo brasileiro Maia.  $$$ Chega de corrupção Brasil!  $$$,2,0.9762979745864868,0.0237019695341587,
"O Teich disse praticamente tudo que o Mandetta falou. Não muda o isolamento, economia também é importante, há que se investir em pesquisa. Mandetta também falava que no futuro se encerraria o isolamento. Nada significativo. Por que trocou, então? Porque o ministro se destacou?",Quando apareceu Mandetta com popularidade muito superior à do presidente foi a gota d’água.,1,0.9763310551643372,0.023668922483921,
e vamos de mandetta sendo mandando embora e bolsonaro sendo responsabilizado por tudo kkkkkkkkkkk,Maia enfia tuas flores no teu c* aproveita o gel anal do seu coleguinha mandetta..#foramaia #forabotafogo #ForaMaiaGolpista #ForaMaiaBotafogo #MandettaDEMITIDO,0,0.9763460159301758,0.0236539170145988,
"Mandetta projeta 20 a 25 milhões de testes em maio: ""Teremos um sistema muito mais eficaz"".","E o distanciamento? Pra eles não vale? Ah, Mandetta , hipocrisia q fala né ???? #Fora  #ForaMaia",1,0.976477861404419,0.023522138595581,
"Haddad critica saída de Mandetta: ""governo incompatível com vida e ciência""",Eu NUNCA perdoarei o Bozo por me fazer concordar com o Haddad,2,0.976808786392212,0.0231912638992071,
Hoje lemos na imprensa que o DEM quer aproveitar a popularidade do Mandetta para iniciar diversas ações futuras com a presença do ex-ministro. Está lançado o projeto Mandetta 2022. E seus defensores dizendo que ele não estava atuando politicamente...,A esquerda só quer usar o mandetta pra dividir os fotos de oposição ao PT. E o DEM achando que chegou a vez. São uns jumentos.,1,0.9768412709236144,0.0231586620211601,
DEM deve criar cargo para Mandetta ficar em evidência,Sabia q mandeta tinha cunho político....  #BolsonaroTinhaRazao,2,0.9771470427513124,0.0228529907763004,
"""O meu maior predicado em gerenciar crises a vida inteira foi a de ser torcedor do Botafogo""","Ministro da saúde Mandetta demitido. Se eu fosse ele eu ia fazer igual a inspetora Sierra, divulgar tudo que sabe numa coletiva de imprensa. Fica a dica, Mandetta.",0,0.9774814248085022,0.0225185733288526,
"4 anos atrás, exatamente no dia 16 de abril, Mandetta estava comemorando o golpe.",As voltas q o mundo da,2,0.9775298833847046,0.0224701408296823,
Você continua apoiando nosso presidente Bolsonaro após notícia da demissão de Mandetta?,"Só uma canetada acaba com os três, CONGRESSO ,SENADO E STF...",2,0.9777321219444276,0.0222679488360881,
Olha só a tristeza do Mandetta depois de ter se livrado do estrupício.,"E esse plot twis?! Mandetta cantando com Teresa Lopes, umas das sambistas mais reconhecidas do quadradinho hahahahahahahaha",2,0.9778032302856444,0.0221968106925487,
"Tava até de boa da cabeça hj, aí ligo a tv: mandetta demitido por bolsonaro. O gatilho foi real",Fora que Bolsonaro não gosta de alguém chamando mais atenção que ele no governo. Mandetta virou luz em meio à crise e comeu o cu de Bolsonaro. E vamos de regressão!,0,0.9778409600257874,0.0221590045839548,
"""E o Mandetta, a linha dele, como médico, era voltada quase exclusivamente para a vida"", disse Bolsonaro","Esse era o caminho, e a verdade...",2,0.9780049920082092,0.0219949781894683,
"bolsonaro filho da puta demitiu o mandetta, desgraçado do caralho",Não aguento mais essa demissão semanal do Mandetta. O Bolsonaro devia decidir se vai matar a gente de uma vez ou não,0,0.978133261203766,0.0218667387962341,
Mandetta deixa ministério cantando.,O alívio de não pertencer mais a este governo é contagiante.,2,0.9781674146652222,0.0218326095491647,
Obrigada Ministro Mandetta por sua atuação que Deus o Abençoe e te proteja dos mal feitores,O Mandetta prevendo o pico do coronavírus é igual pedreiro prevendo fim da obra...,0,0.9782196283340454,0.0217804219573736,
"Acompanhe as últimas informações sobre a demissão de Henrique Mandetta e o novo ministro da Saúde, Nelson Teich, no link Dedo indicador apontando para baixo (costas da mão)",O Brasil pode ser o único país do mundo a substituir um ministro da saúde em plena crise pandêmica do novo coronavírus. Mandetta era mais bem avaliado pela população que o presidente Jair Bolsonaro.,1,0.9783623814582824,0.0216375887393951,
alguém por favor prende o mandetta e não deixa ele sair não,"Não nos esqueçamos de que todos aqueles que se manifestaram a favor do congelamento de verbas para a Saúde e Educação, como o ex-ministro Mandetta, ainda durante o governo Temer, contribuíram para o caos social que estamos vivendo. Sucatear para vender não deveria ser uma opção.",0,0.9784632325172424,0.0215368159115314,
Mandetta manda duzentos milhões de brasileiros ficarem em casa e está tudo bem. Bolsonaro manda Mandetta ficar em casa e todo mundo surta. Por quê?  #pás,Pois é. O Mandetta deve ficar bem escondido debaixo da cama para o vírus não o pegar.,1,0.9785810112953186,0.0214190036058425,
"A substituição de Luiz Henrique Mandetta do Ministério da Saúde, que deve ser concretizada ainda hoje ou amanhã, está repleta de dilemas (segue o fio)",Nelson Teich é a pessoa ideal pois é um grande gestor de saúde e fará um trabalho extraordinário.  Obrigado pelo esforço Mandetta. E parabéns Nelson Teich. Lembre-se o grande líder não permite que a complacência o desvie da missão que tem. #Coronavirus,0,0.9786123037338256,0.021387631073594,
Mandetta deixa ministério cantando.,Gente ... CADÊ ESSA GALERA COM AS MASCARINHAS? E ESSE ABRAÇO?   P.A.S.M.EI.N:  MINISTÉRIO DA SAÚDE,2,0.9792423248291016,0.0207576882094144,
eu: parei de dar atenção pras merdas que o bolsonaro faz.  *Bolsonaro demite o Ministro da Saúde Mandetta*   eu:,eu agora kkkkkkkk,2,0.9792505502700806,0.0207493957132101,
URGENTE: Mandetta demitido; Nelson Teich assume Ministério da Saúde,"bom dia pra quem não superou a demissão do Mandetta, alguém me belisca",0,0.9792642593383788,0.0207357592880725,
URGENTE: Bolsonaro demite Mandetta do Ministério da Saúde; oncologista Nelson Teich vai assumir o cargo,O CARA FOI DEMITIDO POR SEGUIR AS INSTRUÇÕES DA OMS &gt;&gt;&gt;&gt;&gt;&gt;ORGANIZAÇÃO MUNDIAL DA SAÚDE&lt;&lt;&lt;&lt;&lt;&lt;&lt; VCS SABEM O QUE SIGNIFICA ISSO? PIADA INTERNACIONAL,2,0.9793142676353456,0.0206857696175575,
"Todo mundo falando do Mandetta e eu pensando que se esse plano Mansueto passar, tem que encontrar um jeito de sair do Brasil","A demissão de Mandetta nos coloca em risco. O posicionamento pautado em critérios técnicos e científicos custou o seu cargo como ministro. Em um governo que defende a economia acima de tudo, a vida da população não vale nada. Que Deus nos proteja.",0,0.9793418049812316,0.0206582285463809,
Mt obrigado Mandetta Pelo trabalho que o Senhor fez Por Nós,"Coronavírus: Planalto investiga assessores de Mandetta e prepara dossiê, diz revista",0,0.9793883562088012,0.0206116363406181,
Mas agora é sem sentimentos . Hora de pressão.,De todos os ministros Mandetta era o único que tinha lucidez,2,0.9795159697532654,0.0204840637743473,
"""Depois de semanas de indiretas, ameaças e fritura, tudo de que o Brasil precisa é que presidente e ministro da Saúde trabalhem em harmonia"" Leia mais em:","6 por meia dúzia. exceto que não é politico, agora depois de 40 dias de isolamento, sem testes e já duas capitais em colapso vai precisar trabalhar muito e soluções rápidas da estrutura.  Mandetta é político profissional, deu nó no Bolsonaro.",1,0.979656219482422,0.0203438010066747,
o ego do bolsonaro é maior que a vida dos brasileiros #ForaBolsonaro Mandetta   bolsonaro é o menino do balanço:,Exatamente assim kkk,2,0.9796683192253112,0.0203316994011402,
"Fora Bolsonaro, fora - gritos das janelas em Higienópolis, SP, depois da demissão de Mandetta.",Então vote no Mandetta em 2022 e não no poste do Molusco.,1,0.9796991348266602,0.0203009117394685,
Mandetta se despede do #SintaSeEmCasa,Você é sensacional   #CiroGomes2022,2,0.9797863960266112,0.020213559269905,
"O Ministro do Meio Ambiente odeia o meio ambiente.  O Ministro da Educação odeia a língua portuguesa, a matemática.  O Diplomata odeia diplomacia.  Mandetta foi demitido por se comportar diferente",Um padrão interessante.,2,0.9798375964164734,0.0201624017208814,
Olha só a tristeza do Mandetta depois de ter se livrado do estrupício.,Parabéns Dr. Mandetta os brasileiros tiveram a oportunidade de lhe conhecer! Sua competência   técnica  foi avaliada positivamente. Sua   inteligência emocional também. Que grande liderança nos mostrou; liderança saudável. Conte conosco para assumir o lugar do atual presidente.,1,0.9800374507904052,0.0199625436216592,
"como eu disse, os dois tuítes apresentados como dois opostos são complementares. Só que um tá mirando apenas no Bolsonaro e o outro tá mirando também no Mandetta.","eu entendi assim tbm, o freixo só falou que enfrentou A PANDEMIA com responsabilidade e não como se o mandetta tivesse tido apenas atitudes responsáveis anteriormente",1,0.9803962707519532,0.0196037180721759,
"Mandetta não é herói, ele não fez mais do que a obrigação dele, seus emocionados  e Bolsonaro tem que enfiar essa vaidade no cu",Bolsonaro malandramente demitiu o Mandetta hoje. Ele sabe que mais tarde tem prova do líder e ninguém mais falará de outra coisa...,0,0.9803988337516784,0.019601197913289,
"""E o Mandetta, a linha dele, como médico, era voltada quase exclusivamente para a vida"" - Jair Bolsonaro, presidente do Brasil",eu concordei com o bozo até o mas. Ele podia ter parado ali,2,0.9804201126098632,0.0195799227803945,
Maia e Alcolumbre lamentam demissão de Mandetta e pedem que seu trabalho seja continuado por Nelson Teich,"O blog de esquerda só fala do mandetta. Agora que tomou pé na bunda, qual será o próximo viés?",1,0.9804896712303162,0.0195102840662002,
A ideia è dar baixas no maior números de pobres e idosos para alavancar a economia no  Notícias,Old que o Mandetta ia cair,0,0.9804998636245728,0.0195001289248466,
"Após tirar Mandetta, Bolsonaro abre crise com ataque a Maia e governadores",MUITO BEM BOLLSONARO ESTAMOS AQUI NA RETAGUARDA PRAA TE PROTEGER,2,0.9806770086288452,0.0193230547010898,
"É muito engraçado ver o defensor irrestrito do Bolsonaro criticando o Mandetta e, admitindo que sua nomeação foi política!",Mandar o minístro embora porque queria o melhor para o Brasil? Aaahhh seu Bolsonaro que coisa feia... O que será de nós agora? Oremos pelo bem do Brasil Obrigada por tanto carinho com o nosso país sr. #Mandetta   #ForaBolsonaroUrgente,0,0.9807166457176208,0.0192833263427019,
"Os políticos e OAB foram contra a demissão do ministro Mandetta, a ASSOCIAÇÃO MÉDICA BRASILEIRA apoiou a nomeação do FEITCH, quem você acha que tem razão? 1-os políticos  2- OAB 3-AMB(associação médica bras.)  #BolsonaroTemRazao",Parece até que o cara morreu,0,0.9808159470558168,0.0191840026527643,
Mandetta deixa ministério cantando.,"Isolamento ÇOSSIAL pra vc... Abraços e beijos pra mim... Mantretta, Mantretta...",2,0.9808406233787536,0.019159335643053,
"Estamos em meio a uma pandemia, e a única pessoa sensata Ministro Mandetta foi demitido por esse senhor cujo nome não deve ser pronunciado... e agora? vai colocar quem como ministro? O Drauzio Varella?   Adeus","Mandetta vai ser trocado por outro médico, que apoia a quarentena. Bolsonaro só quer a treta pela treta. É uma criança.",0,0.9810667037963868,0.0189333241432905,
"Mandetta anuncia demissão: ""anuncio minha demissão"" anunciou sua demissão","FIQUE EM CASA, MANDETTA!!!",0,0.981270968914032,0.0187289658933877,
"Eu prometi que não ia mais falar sobre política aqui, mas não dá. A vontade de chorar é enorme. Não pelo Mandetta, porque não concordo com vários posicionamentos, mas vinha fazendo um trabalho espetacular nessa posição. Sim pelo presidente que tem mentalidade de um jumento.",Péssima escolha nesse momento a saída do Mandetta mas veremos como o Teich vai fazer conta essa crise,1,0.9812712073326112,0.0187287908047437,
"Prevaleceu a inveja sentida pelo chefe mimado. Jair Bolsonaro, em vez de reconhecer que desdenhou do coronavírus, demitiu Mandetta por não ter se curvado à sua estupidez durante a pandemia. O bolsonarismo fritou o ministro da Saúde nas redes e no zap porque teme sua popularidade.","O poder subiu a cabeça do Mandetta, infelizmente. Ficou tão empolgado que perdeu o foco de combater o C19. Foi medir força com o Presidente, levou a pior, sucumbiu, morreu.",1,0.9813767075538636,0.0186233278363943,
"A troca de Mandetta por um nome técnico pode ajudar a trazer um equilíbrio ao discurso. Preocupante seria a troca de Mandetta por Osmar Terra, que tenderia para outro extremo.","Concordo, trocou o Mandetta por um nome fora da política e o DEM fica mais enfraquecido no planalto",1,0.981421172618866,0.0185788851231336,
Caralho to indignado que o mandetta saiu antes da ivy,Boletim do Fim do Mundo - M de Mandetta. Lavando as Mãos na Pandemia,0,0.9815481901168824,0.0184517949819564,
"Disse tudo! #ForaMaia Após demitir Mandetta, Bolsonaro ataca Maia: ‘Parece que intenção é me tirar do governo’",amas eh mesmo,2,0.9816530346870422,0.0183470118790864,
Morre um ministro. Nasce um candidato?,"Estou pronto para ajudar acabar com a farsa mandetta JÁ comecei pelo Whatsapp,  faça o mesmo,  e só mais um corrupto,  e só ver qual partido ele está filiado",1,0.9818374514579772,0.0181625299155712,
To achando q Mandetta levou no mínimo um caminhão de dinheiro pra ta com essa cara aberta na entrevista e fingindo q ta tudo bem,Onde  ouviu que a notícia da demissão do Mandetta é ruim?! Nós apoiamos ministro técnico e NÃO político.,0,0.9819127321243286,0.0180872734636068,
"Quem assumir o Ministério da Saúde viverá no inferno. Fazer mais e melhor que Mandetta não é difícil, mas o/a novo/a ocupante do cargo será patrulhado/a a cada passo... e espinafrado/a se não seguir a cartilha da ""Imprensa especializada em gerir pandemias"". Quem sobreviver, verá.","Viúvas do Mandetta, o político do DEM. Profecia se cumprindo em 3, 2, 1...",2,0.9820619225502014,0.0179380904883146,
O presidente Jair Bolsonaro mudou hoje o comando do Ministério da Saúde. No lugar do ministro Luiz Henrique Mandetta assume o oncologista Nelson Teich. Veja a repercussão:,Já deveria ter tirado esse palhaço desse mandetta,1,0.9820855259895324,0.0179144591093063,
"O Bolsonaro é tão verme e inescrupuloso, que ele consegue fazer um lobista mau caráter e entreguista como o Mandetta sair de uma situação por cima e ovacionado, por tentar fazer o mínimo da decência numa situação de crise emergencial  tem que parabenizar, porque é um feito",Idem com o Dória.. a que ponto chegamos,2,0.9820935726165771,0.0179063975811004,
"Dr. Luiz Henrique Mandetta, Ministro da Saúde, foi demitido pelo telefone.",Essa é novidade!!,2,0.9821041226387024,0.0178958531469106,
"Coronavírus, Queimados, Mandetta e Bolsonaro.  Fique em casa!","a cara do mandetta no treme não falando ""nosso sus"" sendo que menos de um ano atrás ele queria privatizar essa porra?",0,0.982110559940338,0.0178894586861133,
Luto no establishment  Adeus Mandetta!,É mutreta esse Mandetta.,1,0.9822179675102234,0.0177820716053247,
Já passam de 100 o número de óbitos por infarto após o meu papai demitir o Mandetta.,Últimas  palavras  de Bolsonaro para Mandetta: fique em casa!,1,0.9822664856910706,0.0177335329353809,
"Revoltante o que esta acontecendo, agora que o Mandetta foi mandado embora vamos ter que voltar a nossa rotina e a contaminação vai ser ainda maior #BolsonaroVergonhaMundial","Mandetta, Maia e os outros barões do DEM têm interesse na manutenção da pandemia, de olho no dinheiro do Plano Emergencial de Apoio aos Estados no Combate ao Coronavírus, enquanto mentem para o povo que estão preocupados  com a vida humana. #ForaMaia #BolsonaroTemRazaoSim",0,0.9822914600372314,0.0177085828036069,
"Ironia do destino: neste dia, há 4 anos, Mandetta postava foto com placa de “tchau querida”",Tchau querido!! O mundo capota!!,2,0.9823105335235596,0.0176894888281822,
"Demitindo Mandetta, o Presidente Bolsonaro chamou para si uma responsabilidade que não precisava. Qualquer coisa que ocorra no Brasil realizado ao vírus, vão jogar nas costas dele. Ao meu ver atitude equivocada e bastante contestável para o momento.","Ele fez certo Augusto, na verdade não deveria ter sido Ministro um cara como o Mandetta. É igual o Palmeiras no ano passado. Teve um momento que deveria tirar o Mattos, simples.",1,0.9823765754699708,0.0176234412938356,
"o mandetta foi humilhado de tudo quanto é jeito e saiu corno manso no final. eu nao entendo pq todo mundo tem medo desse pedaço de esterco, na moral. ele deve ameaçar o povo de morte, sei la.  aguardo entrevista bombásticas do mandetta.",Como assim o Mandetta saiu ????????,0,0.9823989272117616,0.0176011323928833,
Nunca esperei que torceria para o MANDETTA ficar no governo #interdicaonobolsonaro,Foi tarde mandetta!,0,0.9824365377426147,0.0175634752959013,
"VÍDEO – O recado de Gilmar a Bolsonaro: Pode demitir Mandetta, mas não implantar política genocida","""mas Mandetta era só um cara normal não é herói""   Exato GÊNIO um verdadeiro alívio pra esse Governo despreparado de terraplanistas lunáticos q respeitou a ciência em meio a algo novo q ninguém sabe de nada ainda com responsabilidade! Quem ainda n entendeu isso nem desenhando",0,0.9825029373168944,0.0174970850348472,
Mandetta deixa ministério cantando.,"Tá liberado abraçar, dar beijos e tudo mais. Distanciamento social só para o povao.",2,0.982519507408142,0.0174804758280515,
tem como analisar o engajamento do mandetta?,"mandetta foi demitido no mesmo dia que fez foto apoiando o impeachment da dilma há 4 anos atrás, como já dizia minha grande filósofa ex presidenta ""a história será implacável com os que hoje se julgam vencedores”",0,0.9825214743614196,0.017478585243225,
Esse é o sucessor de Mandetta no Ministério da Saúde #BolsonaroVirus,"Ele não sabe o que tá falando... que desespero, que Deus nos guarde em seus braços!",2,0.9825646281242372,0.0174354091286659,
"Pronto, agora q acabou Avenida Brasil, posso emitir uma opinião para a qual ninguém liga sobre a demissão do Mandetta: “Bolsonaro filho da puutaaaaaaa”","Não era muito fã do Mandetta, mas é impossível não dizer que ele estava fazendo um bom trabalho esse ano. #ForaBolsonaro , você só consegue trabalhar com incompetentes! Vídeo:",0,0.9827289581298828,0.017271040007472,
"Eu sinto por todes nós... antes, agora e no futuro breve. O ministro Mandetta se foi, levando com ele a dissonância necessária nesta crise sanitária. Espero honestamente que o sucessor siga seu exemplo //// Desobedeçam o presidente! #ForaBolsonaroUrgente",Mandetta demitido elaiá,0,0.9827750325202942,0.0172249786555767,
Acabou a novelinha Mandetta acaba de ser demitido.  via,O que significa a saída de Mandetta?  Que agora é cada um por si e Deus por todo mundo,0,0.982778012752533,0.017221949994564,
"Após a saída do Mandetta, quem deveria ser o próximo a abandonar a vida pública? Comente!",#ForaMaia #foramoises #ForaDoria  #ForaWitzel e por aí vai,2,0.9829824566841124,0.0170175768435001,
INFEEEERNO demitiu o Mandetta esse nojento AAAAAAAA  sei não ó aiai,Luciano Huck deve estar doido atrás do Mandetta.,0,0.9830490350723268,0.0169509816914796,
"Quando percebi que a mídia corrupta começou elogiar  esquerdistas elogiando, a ficha caiu. Vamos pesquisar quem era MANDETTA?   Logo achamos que seus podres! É só procurar!  Quando o camarada fala a língua do dos globalistas, pode sair fora, não presta!","Bolsonaro demite Mandetta, nunca mais voltarei nele e ninguém que associar sua imagem ao mesmo, aqui no brasil temos o problema do vírus e uma crise política criada por falas do próprio presidente.  Bolsonarismo vai cair! Tenho certeza disto!",0,0.9831147193908693,0.0168852526694536,
"Durante live com líderes do setor de saúde,  ministro afirmou ainda que a comunicação política ""não dialoga"" com a técnica.","VOCÊ FOI REPROVADO, soberbo Mandetta!!! O Brasil tem um CHEFE, e o nome dele é JAIR MESSIAS BOLSONARO!!!",1,0.9831905364990234,0.0168095268309116,
Uma pessoa que não tem perna é perneta. Um pessoa que não tem mão é maneta. Uma pessoa que não sabe quem manda é Mandetta!,"Gongo :Sistemas saúde ineficientes no mundo ; Gongo Master : troca de técnico durante partida ; Personagem : Min Mandetta :que não se curvou a inveja e ciúmes ,e trabalhou.",0,0.9832488298416138,0.0167511589825153,
Demissão do mandetta... eu não falo mais nada,Quando eu penso que não pode piorar,2,0.9833176136016846,0.0166823100298643,
Não há dúvidas que temos o pior presidente do país e do mundo! Estamos à mercêda sorte! #ForaBolsonaro #mandetta #plantãodaglobo,ah n sei oq mandetta atila covid  a gnt vai morre fodase,0,0.9833705425262452,0.0166294295340776,
Mandetta Foi Demitido,MANDETTA TEM Q VIR COMO PRESIDENTE DO BRASIL,0,0.9833842515945436,0.016615742817521,
e vamos de passar a raiva diária por conta do governo,Sílvio Santos também indica nome a Bolsonaro para lugar de Mandetta,0,0.9834811091423036,0.0165189243853092,
obrigada bbb até esqueci que o mandetta foi demitido ai como é bom ser alienada,"Se eu fosse o presidente, eu teria demitido o Mandetta por insubordinação. Porém, se eu também fosse o presidente eu teria assumido o controle da situação desde o começo. No vácuo de liderança do Bolsonaro, alguém tomou a liderança e esse alguém ficou maior que o líder.",0,0.9835288524627686,0.0164711810648441,
Maia diz que Mandetta deixa legado e elogia dedicação do ministro | NSC Total,"Uma despedida melancólica essa do mandetta, fiquei impressionado com o estrelismo do cara.",1,0.9837822318077089,0.0162177458405494,
seria muita ironia babu ser líder no dia em que mandetta foi demitido,mandetta vai procurar emprego na Globo em cima de BOLSONARO não.,0,0.9838196635246276,0.016180396080017,
"O presidente demorou muito a demitir o Mandetta. Isso eh óbvio... Está escrito no manual: Quando vc pensa em demitir alguém, no mínimo já se perdeu uma semana.",Tadinho do nosso mandetta,0,0.98385089635849,0.0161490775644779,
Luiz Henrique Mandetta é o primeiro ministro da Saúde do mundo a ser demitido após ter decidido combater o coronavírus. A vaidade e insegurança de Bolsonaro falaram mais alto. O oncologista Nelson Teich irá assumir o cargo.,"O assassino, quer apenas alguém que concorde quem as atitudes dele. Caso os chefes de estado não se rebelem, vai dar uma grande merda.",2,0.983931005001068,0.0160689502954483,
"Após demitir Mandetta, Bolsonaro ataca Maia: ‘Parece que intenção é me tirar do governo’",Mas é isso mesmo,2,0.9839336276054382,0.0160663109272718,
Mandetta gastando 25 milhões com gel pra nego dar a bunda é foda Mais foda ainda o presidente não ver isso aí Vai deixar pra mandar o cara embora agora com a mídia mamando ele,MANDETTA DEMITIDO HOJE. Aguarde.,0,0.9839447140693665,0.0160552188754081,
Demissão de Mandetta é rejeitada por 76% dos brasileiros,"Vamos ver se os Antagonizam estao corretos, voce é a favor ou contra a demissao do Mandetta?",1,0.9839560389518738,0.016043908894062,
Assistindo o Mandetta no jornal e quase chorando,#jornaldacultura O sumo Sacerdote não quer que ninguém Mandetta nele,0,0.9840267896652222,0.0159732438623905,
"A essa altura, diante da crise avassaladora dessa pandemia, a saída do Ministro da Saúde L.F. Mandetta é algo desesperador. Politizar um assunto tão temeroso com vaidade e política é decepcionante. O bom senso e equilíbrio das ações passou longe do nosso principal governante.","O Presidente do Conasems, Wilames Freire, agradece Luiz Henrique Mandetta pelo trabalho realizado no comando da Saúde, que prezou pela técnica e diálogo. “Desejamos boas vindas ao novo ministro.",0,0.9841026663780212,0.0158973783254623,
Não vamos esquecer que o mandetta era a favor e defensor da privatização do sus,"Financial Times, Inglaterra Bolsonaro provoca um furor ao demitir ministro da Saúde do Brasil. Demissão de Luiz Henrique Mandetta segue briga sobre como combater o coronavírus.",0,0.984111785888672,0.0158881973475217,
"Não desmereço o trabalho do Min. Mandetta, mas é incrível como ele de repente virou “o caminho, a verdade e a vida” para opositores do governo e grande parte da imprensa. Da parte dele,  ficou evidente que aceitou envaidecido essa polarização com o presidente. Assim é a política.","Não acho não , eram amigos trabalharam juntos em muitas comissões . Enquanto não tinha a doença ele era apagado no cargo , quase não falava . Qdo começou aparecer por necessidade , apareceu a ciumeira , os destratos , as afrontas . Pelo que sei o Mandetta não é de ficar quieto .",1,0.9841183423995972,0.0158816669136285,
Mandetta exonerado em meio à crise do novo coronavírus. Troca na Saúde é a oitava no primeiro escalão do governo desde a posse do presidente,E agora só falta acabar com isolamento  e sem máscaras quando vc   vai fazer o pronunciamemto,2,0.9842743277549744,0.0157256294041872,
"Mandetta saiu sem explicar porquê liberou o carnaval, sem explicar porquê não defendeu o uso de máscaras antes, sem convencer ter pedido 410 bilhões por erro de digitação, porque só precisava 10 bilhões, e também não disse quanto ganhou pra dar entrevista no Fantástico?!",Acho que agora o Mandetta concorda que o isolamento em demasia causa desemprego.,1,0.9845204949378968,0.0154795255511999,
"""Ain, Bolsonaro demitiu Mandetta por vaidade""  Se isso fosse vdd, Moro nem teria virado Ministro.  Mesmo com divergências, enquanto ele foi técnico ficou no cargo...  Depois que foi na Globo virou político e afundou...  Agora é vida que segue é que venha alguém capacitado.",Isso mesmo ! Concordo ! Nunca me enganou esse Mandetta . Fazia parte do governo e faz aquele papelão na Globolixo ! Nada confiável !,1,0.9846953749656676,0.0153046296909451,
"A maioria esmagadora dos brasileiros é contrária à demissão de Mandetta: 76,2% dos entrevistados discordam do afastamento do ministro da Saúde, segundo pesquisa realizada pelo Atlas Político. Vc concorda com o resultado da pesquisa?   via",Já foi o mandetta o choro é livre.,1,0.9847230911254884,0.0152768800035119,
se o babu ganhar a prova do líder no dia em que o bozo demitiu o mandetta só pode significar uma coisa: babu 2022,"Presidente Jair Bolsonaro faz pronunciamento  via  MANDETTA RODOU, MANDETTA RODOU...POLITICOU UMA CRISE DESNECESSÁRIO... TOLINHO...PARABÉNS PRESIDENTE BOLSONARO o Brasil de agradece.#Bolsonaro2022",0,0.9848213791847228,0.0151786245405673,
URGENTE  Mandetta é demitido do Ministério da Saúde por Bolsonaro e oncologista Nelson Teich vai assumir o cargo (Estadão),Quem demite um ministro da saúde no meio de uma pandemia?!  E pior: Quem demite um ministro da saúde no meio de uma pandemia só porque ele estava de acordo com a opinião dos órgãos de saúde nacionais e internacionais sobre o assunto?   #ForaBolsonaro,2,0.9849831461906432,0.0150169068947434,
"Mandetta foi muito racional, estava fazendo um ótimo trabalho e o que ganha é uma demissão.. Não duvido de mais nada vindo do que chamamos de presidente",Pelo menos o Mandetta vai poder ficar de quarentena em casa para não pegar coronavírus. #FicaEmCasa,0,0.9851323962211608,0.0148676577955484,
DESGRAÇADO DEMONIACO SATANICO PUTA MERDA JAIR BOLSONARO SEU FILHO DA PUTA OLHA O QUE VOCE FEZ HJ DEVOLVE O MANDETTA,"O movimento político de Bolsonaro está tão aflorado que seu comentário sobre Rodrigo Maia feito agora, foi tão desafiador que pode tirar do foco a demissão do Mandetta. Deu um novo foco a políticos e suas divergências.",0,0.985148787498474,0.014851183630526,
"O jornal nacional mostrou um compilado de momentos em que o Bolsonaro divergiu do ministro, só esqueceu de falar da inveja porque o mandetta foi citado na live da Marília Mendonça kkkk","Depois de demitir o Mandetta, Bolsonaro agora foi pra cima do presidente da Câmara Federal Rodrigo Maia. A mente do Presidente da República é  completamente atordoada!",0,0.9851859211921692,0.0148140806704759,
"o meu agradecimento ao ex ministro mandetta, honrou seu juramento como médico e teve peito pra enfrentar a pressão do governo até então.  é bom lembrar tb, que ele é apenas um político, que esta ali pra servir o povo e sem pompas de herói, apenas um homem fazendo o seu trabalho.",Mandetta anuncia saída do Ministério da Saúde   via,0,0.9852274656295776,0.014772493392229,
"Haddad elogiando o Mandetta  parei, semana passada foi o nine elogiando o ditadoria, semana que vem vai ser o trump elogiando a OMS","Teich antes de assumir o ministério da saúde defendia o isolamento e disse que as medidas tomadas pelo então ministro da saúde Mandetta eram perfeitas, agora o discurso já é outro. Seria cômico senão fosse trágico.",0,0.9853493571281432,0.014650653116405,
"""Hoje é dia de alegria"", diz O jumento atordoado Bolsonaro na despedida de Mandetta e posse de Nelson Teich | Revista Fórum",O dia em que o bicho papão siu do telhado e fud... com tudo de vez.,2,0.985396683216095,0.0146033558994531,
"Assista a ""EXCLUSIVO: os últimos minutos de Mandetta no Ministério da Saúde"" no YouTube  Parabéns ao que lhe nomeou e ao MS Mandeta que aceitou. Uma perda sua saida. Onix e Osmar Terra, vcs são traidores da Pátria, vcs pagarão.Deus e Santa Dulce nos Ajude.","Não estou falando isso só porque ele demitiu Mandetta. Não. Bolsonaro falou com a maior cara lavada que quando o preço do isolamento chegar, é pra todo mundo botar a culpa nos governadores e não nele. Isso já basta pra revoltar qualquer um.",0,0.9854043126106262,0.0145956724882125,
"Mandetta desabafa após desgastes com Bolsonaro: ""60 dias medindo palavras""","Esperando aquele momento que ele sentou no gabinete do Mito e juntos, rolou um pedido de propina do Presidente. Houve? Se não houve esse lance, vai PASTAR MANDETTA.",1,0.9855062961578368,0.0144937140867114,
não tá escrito o pressentimento ruim que eu tive quando vi que o mandetta foi demitido,"Diferente de Mandetta, Teich assusta a esquerda “Existe um alinhamento entre mim e o presidente” | Denúncia política",0,0.9855217933654784,0.0144781377166509,
TROCA DAS CADEIRAS Ministro Luiz Henrique Mandetta admitiu que deve mesmo deixar o Ministério da Saúde entre hoje e amanhã. A afirmação foi dada em uma videoconferência nesta manhã com profissionais da área. (+),"O substituto deve ser mesmo o oncologista carioca Nelson Teich, que teve reunião com Jair Bolsonaro pela manhã. No entanto, ele deve continuar batendo de frente com o presidente, por ser a favor do ""isolamento horizontal"" e testagem em massa, assim como Mandetta.",1,0.985706090927124,0.0142939211800694,
"é o combo:  despedida de Mandetta pronunciamento do presidente panelaço pronunciamento de Nelson Teich a ave-maria palmas pra ave-maria  vou ter que beber, infelizmente","Imagina ser demitido na empresa por ter feito um bom trabalho e poder substituir seu chefe no futuro? Foi isso que fez o Bolsonaro demitir Mandetta. Se o cara novo for bom, Bolsonaro vai continuar se sentindo ameaçado. A incompetência de Bolsonaro sempre fará dele um medroso.",0,0.9857478737831116,0.0142521262168884,
"Mandetta é do DEM, adorado por Maia, que acha que Guedes não é sério, e foi elogiado até por Haddad, o poste de Lula. Teich era o nome de Guedes desde o começo, não tem partido, nunca se candidatou a nada. Os ""liberais"" estão tristes com a troca por qual motivo exatamente?","Uma pergunta sincera e não é ironia. Mas além de defender que tds fiquem trancados em casa, quais foram as outras medidas do mandetta?",1,0.9858485460281372,0.0141514278948307,
"O elogio emocionado de Fernando Haddad a Henrique Mandetta foi a coisa mais bonita da novela viral desde o enlace entre João Dória e Lula da Silva. Se você não entendeu agora o enredo, não vai entender nunca mais.",Maior prova de que Mandetta estava fazendo jogo político é ver quem tomou suas dores nesse momento.,1,0.9858907461166382,0.0141092343255877,
Caralho to indignado que o Mandetta saiu antes da Ivy,Parabéns aos envolvidos. Mil vezes canalhas!...,2,0.9859265089035034,0.014073428697884,
"Fora Bolsonaro, fora - gritos das janelas em Higienópolis, SP, depois da demissão de Mandetta.",Parabéns presidente. Por ter dado um chute no traseiro do Mandetta. #ForaMaia #BolsonaroTemRazaoSim,1,0.985962450504303,0.0140375476330518,
#ForaDoria acompanha o Mandetta,"Mandetta: Temos perspectiva de troca; hoje, o mais tardar amanhã  via #FicaMandetta",0,0.9859861135482788,0.014013847336173,
"e aí o Mandetta é mais uma a entrar na lista dos bolsominions arrependidos. apoiou um ignorante e foi demitido pelo próprio, pois imaginou que existira sensatez no governo de um sujeito que enaltece torturador e vangloria ditadura. a história cobra. hoje, azar o nosso",O saldo do Mandetta foi muito positivo,1,0.9860067367553712,0.0139932734891772,
Bolsonaro diz que demitiu Mandetta por ele querer salvar vidas e não a economia,FDP!!!!  CA NA LHA !!!!  VA GA BUN DO !!!!,2,0.9860177636146544,0.0139822987839579,
Parecer do MPF aponta que Mandetta desviou dinheiro público. Lástima viu! #ForaMaia,Caiu a casa!,2,0.9861425757408142,0.0138574168086051,
Assuntos do momento Bolsonaro Mandetta Avenida Brasil,Nunca vi tantos  bandidos juntos chorando a saída de mandetta....,0,0.9862461090087892,0.0137538611888885,
meu tweet sobre o mandetta apareceu do nada no painel de interações do portal O SUSTO QUE FOI,"Está proibido se dirigir a mim com ""Mandetta"" e qualquer adjetivo positivo na mesma frase.",0,0.9862813353538512,0.0137186674401164,
"Entrei no TT pra ver o “tchau Mandetta” e me assustei com os comentários... pessoal comemorando o fim do isolamento, comemorando que vão poder trabalhar e etc...   O que se passa com o brasileiro mano?",minha mãe no telefone foi o melhor “quase chorei quando o mandetta saiu”,0,0.9863945245742798,0.0136054102331399,
mandetta podia dar uma de ex que nao superou e vazar o exame do bolsonaro,PESQUISA REVELA: 76% DISCORDAM DA DEMISSÃO DO MANDETTA. FÁCIL PERCEBER QUE OS PESQUISADOS SÓ ASSISTEM O JORNAL NACIONAL,0,0.9865256547927856,0.0134744169190526,
"Após demitir Mandetta, Bolsonaro ataca Maia: ‘Parece que intenção é me tirar do governo’",Quem foi que estragou a surpresa?,2,0.9865386486053468,0.0134613336995244,
quero ver qual vai ser a explicação do presidente pra demissão do mandetta sem dizer que não acredita no coronavírus,João Dória vai divulgar Mandetta como Secretário de Saúde que horas?,0,0.986542582511902,0.0134574528783559,
"A maioria esmagadora dos brasileiros é contrária à demissão de Mandetta: 76,2% dos entrevistados discordam do afastamento do ministro da Saúde, segundo pesquisa realizada pelo Atlas Político. Vc concorda com o resultado da pesquisa?   via",Não concordo...Mandetta Foi a tentativa de um cavalo de Tróia,1,0.9865603446960448,0.0134397326037287,
"Nelson almoçou com o Presidente, com Braga neto,  alguns  aliados hoje do Presidente. E antes que  o Ataquem pq  ele deu declarações sobre o isolamento,isso foi antes  de falar com o Presidente né ? Aguardem",Mandetta  vai volta para  o ostracismo,2,0.986605942249298,0.0133940270170569,
"Issuuuuuuuuuuuuuuuu Hoje a nossa maior alegria foi a demissão de Mandetta. Ahhhh você pensou que fosse apoio ao MAndetta?? Não fofinha, foi apoio a demissão mesmo!!! kkkkkkkkkkkkkkkkkkkk",Mandetta já está no Roda Viva na Austrália.,1,0.9866490960121156,0.0133508890867233,
a vdd é q queria dar pro mandetta,"Eu estou pronta para não apenas passar pano para o ex-ministro Mandetta, mas também passar um MOP giratório com vinagre e álcool que é pra ficar bem passado mesmo",0,0.9866559505462646,0.0133440699428319,
Mandetta foi demitido agr é mais ladeira abaixo do que já estava,mandetta saiu caralho tamo na pica,0,0.986742377281189,0.0132575966417789,
#mandetta é demitido a tarde ... Yvi vira líder a noite ... O brasileiro não tem um dia em paz. #BBB20Aovivo #bbb20,"Mozi sobre o Mandetta: ""Ele era um bosta, mas era um bosta consciente. Era a bosta menos fedida da fossa""",0,0.9868248105049132,0.0131751410663127,
"Bolsonaro posa de conciliador (“não condeno”, “não recrimino”) em relação a Mandetta, cita decisões “como médico”, mas busca culpá-lo por setores parados da economia (como faz com governadores), vangloriando-se de sua visão “mais ampla”. Planejamento zero. Só bravata e narrativa.","Ele é o chefe ,o outro era cargo de confiança do chefe. Acabou a confiança então fim de papo..já era ,rei morto, rei posto. Ponto",2,0.9868862628936768,0.0131137901917099,
"De repente o coronavírus morreu, não se fala mais, não está nos TTs e só se fala em Mandetta. Ué!  mas o caso não era o corona? Pq todos se esqueceram dele?",Panelaço mais cedo hoje por conta da demissão do Mandetta. Mais alto que qualquer outro dia que eu consiga lembrar,0,0.9868979454040528,0.0131019884720444,
"Bolsonaro mandou Mandetta embora por defender a quarentena algo que não era o que o Bolsonaro queria... o próximo ministro CERTEZA que vai ser cadelinha de Bolsonaro e vai mandar acabar com a quarentena como ele quer, Jesus tenha piedade de nós.","Mandetta é aplaudido pelos servidores do Ministério da Saúde ao entrar no auditório, após anunciar sua demissão.",0,0.9868985414505004,0.013101402670145,
"Demissão de Mandetta provoca panelaço e gritos de 'Fora, Bolsonaro' pelo Brasil",Se com 16 meses de primeiro governo esta assim imagine no ano q vem pelo meNos Dilma segurou 6 anos.,2,0.98692387342453,0.0130761256441473,
"Mandetta's approval rating among Brazilians had soared as he took the virus seriously. Bolsonaro's has plummeted, with 40% rating his approach ""bad"" or ""awful."" Bolsonaro is the type of narcissistic leader that sees those numbers and changes the minister, not his approach.",Bem que vocês queriam que o Mandetta fosse popular! Mas para sua triste realidade o PR é apoiado pelo povo. #MandettaJaFoiTarde,2,0.9869301319122314,0.0130698988214135,
"libera o resultado do exame do bozo pra nois, mandetta","Psiu ,Vem cá  Mores. A  novela mexicana do mandetta   Depois  da Cena patética na coletiva de HJ, saiu correndo para  dar entrevista  a VEJA.   AGORA, diz que não  vai ficar  mais no MS porque  já fez demais e cansou!  Que  fica  ate Jair encontrar  alguém.   Ele  fez o que?",0,0.9869624972343444,0.0130374683067202,
Caralho to indignado que o Mandetta saiu antes da Ivy,não aguentei tive que retuitar,2,0.986973762512207,0.0130261834710836,
"deveria seguir o exemplo do Mandetta e sair também. Não sabe pra onde vai, onde vai parar, não tem soluções. A única coisa que sabe fazer é pedir doação pra empresa.",A saída de Mandetta e a entrada de Teich indica a substituição de um medico-político com aspirações futuras por um medico gestor-técnico com excelente formação para atuar nessa pandemia.,0,0.9870173335075378,0.0129826562479138,
Demissão de Mandetta provoca panelaços contra Bolsonaro em diferentes pontos do país  // Noffa. Então é grave a situação.,"Quem faz panelaco é da esquerda, se não gostaram da saida de Mandetta é porque mais uma vez Bolsonaro está certo.",1,0.9870340824127196,0.0129659678786993,
"Moro: técnico; Guedes: técnico; Pontes: técnico; Marinho: técnico. Mandetta: POLÍTICO. E onde foi que deu problema? Exato. Mas a narrativa dos ""radicais de centro"" é que Bolsonaro o demitiu por ""vaidade"" ou ""inveja"". Sério?! Moro sempre foi mais popular e continua lá!","O problema do Mandetta foi a política? Logo, a arte de fazer vaca voar foi a culpada por um ministro em ascenção meteórica cometer erros que normalmente quem os cometem são apolíticos  ?  Não acha estranho essa análise?",1,0.987046480178833,0.0129535617306828,
".: Mandetta sai de cena como Pelé, no auge da popularidade","Kkkkk comparação absurda !!!! Pelé jogou , Mandetta achou que jogou !!!",1,0.9871053695678712,0.0128945792093873,
"Quando os batedores de panela descobrirem que Mandetta negociava propina com prefeitos do DEM para liberar dinheiro, contrato com empresas fantasmas, e que já havia uma investigação em curso observando todo esquema há quase seis meses, eles ficarão com cara de bunda envergonhados",Pois é ele não deveria nem ter sido ministro já tinha um passado nebuloso os mesmos jornalistas que estão defendendo são os mesmos que foram contra essa nomeação #ForaMaia Mandetta já é passado aceita que dói menos.,1,0.9871260523796082,0.0128739606589078,
"Mandetta foi rapidamente defendido por Maia, Alcolumbre, Haddad e Dória. Aplaudir o ex ministro é assinar atestado de burrice.",A esquerda amando o voto de Mandetta no impeachment de Dilma. Kkk,1,0.9871261715888976,0.0128738209605216,
URGENTE: Bolsonaro demite Mandetta do Ministério da Saúde; oncologista Nelson Teich vai assumir o cargo,O último que for pro outro plano apague a luz desse,2,0.9871784448623656,0.0128215523436665,
Mandetta caiu. Tá aí a conclusão desse desgoverno.  #BolsonaroGenocida,3-  a falta de conhecimento e dados é tanta que perde tempo citando que na cerimônia estavam todos sem máscara.  Porque não falou o mesmo na coletiva do Mandetta ontem?,0,0.9872161746025084,0.0127837769687175,
"Bolsonaro diz que podem perguntar pq decidiu substituir Mandetta. Explica o presidente durante a posse do novo ministro da Saúde: diz que visão de Mandetta era da Saúde, da vida. A sua é, além da vida, a da economia, a do Paulo Guedes.",Este é o nível de escrita do mais alto escalão do jornalismo brasileiro. “Sopa de letrinhas” buscando algum sentido,2,0.9872417449951172,0.0127582876011729,
imagina o plot twist o mandetta publicando o exame do bolsonaro comprovando que ele testou postivo pra covid-19,Mandetta demitido. A única pessoa lúcida que tínhamos. Bolsonaro continua com seu plano genocida nas mãos,0,0.9872493147850036,0.0127507466822862,
Finalmente Mandetta dançou!,"URGENTE   Filha de Mandetta era advogada de um grande escritório, quando o pai assumiu o Ministério, conseguiu a conta da Unimed Campo Grande, abriu um escritório, logo em seguida assumiu a Unimed RJ e a Nacional.",0,0.9872635006904602,0.0127364667132496,
"Mandetta projeta 20 a 25 milhões de testes em maio: ""Teremos um sistema muito mais eficaz"".",Mandetta deu um show! O outro coitado fiquei com pena,1,0.987291932106018,0.0127080902457237,
"Mandetta foi rapidamente defendido por Maia, Alcolumbre, Haddad e Dória. Aplaudir o ex ministro é assinar atestado de burrice.","Vendo o tipo de pessoa que estão elogiando mandetta,  tenho mas certeza que Bolsonaro tem razão",1,0.9874299168586732,0.0125700971111655,
"Foi o Bolsonaro quem nomeou o Mandetta. Se o Mandetta errou ou acertou, a culpa - ou o mérito - é de quem o nomeou.","Aliás, qualquer que seja o resultado nocivo a culpa foi assumida por Bolsonaro quando bancou a demissão de Mandetta no meio da crise. Resta saber se o astrólogo e seu séquito de terraplanistas, antivacina e anticiencia vão manter Bolsonaro no cargo.",1,0.9874688386917114,0.0125311110168695,
o mandetta nao era nenhuma referencia de bom serviço. era simplesmente a pessoa menos lunatica que eles tinham a mao.,"tava felizinha da vida na live de samuel quando: Mandetta demitido, SERÁ QUE NAO TEM UM SEGUNDO DE PAZ MESMO NAO VEI?",0,0.9875791668891908,0.0124208433553576,
Alguém sabe o real motivo da demissão do Mandetta?,"Ego ferido, Mandetta saindo",1,0.9876028895378112,0.0123971533030271,
"Mandetta não é nenhum santo, galera. Apenas menos retardado que o presidente, o que não é muito difícil.",olá companheiro. Sou jornalista do Diário Causa Operária e DA COTV. Gostaria de convidá-lo para participar do nosso jornal da noite para comentar a demissão do Mandetta. É as 20h30 que começa. Tens interesse? Abs,0,0.9876063466072084,0.0123936794698238,
"incrível, o foro de teresina foi gravado na quarta, postado ontem e já tem um bloco inteiro desatualizado por causa da demissão do mandetta. ainda assim, ótimo programa dessa semana","Depois de #demitir o médico #mandetta em meio a uma cirurgia complexa, #bolsonaro se articula para deter um plano de golpe que só ele teve acesso. Ele tá louco!",0,0.987865149974823,0.012134863063693,
"Eu não mando, já o Mandetta...",RS Notícias: Relembre as (in)diretas entre Bolsonaro e Mandetta,0,0.9878674745559692,0.0121325422078371,
Máquina bolsonarista começa a propagar ‘dossiê-Mandetta’,"Precisa dossiê? Quanto vale a vida de 210 milhões de brasileiros? Os dólares do Carnaval! Mandetta, Doria, Witzel sabiam dos riscos, mas rifaram o povo. Agora, despudorada e levianamente a imprensa tenta transformar predadores em heróis. Qto mais demoníaco, mais a imprensa abraça",1,0.9878745675086976,0.01212546415627,
Mandetta na posse de seu sucessor,Mandetta adora um palanque! Tá difícil o desapego ! #MandettaDEMITIDO,1,0.9878925085067748,0.012107559479773,
Mandetta é demitido do Ministério da Saúde por Bolsonaro e oncologista Nelson Teich vai assumir o cargo (Estadão),eu ODEIO o bolsonaro esse v1ado infeliz,2,0.9879255294799804,0.0120744258165359,
"Demitido por Bolsonaro, Henrique Mandetta cita Botafogo ao comentar gestão da crise do novo coronavírus ()","Que situação, hein",2,0.9879658818244934,0.0120341200381517,
Cidadão sensato: O presidente está errado em demitir o Mandetta (10 minutos de discurso sobre o pq dele estar errado).  Bolsominions: Mas ele roubou!,Nossa o Mandetta podia muito meter o louco e liberar o exame do Bolsonaro kkkkkkkkkkkkkkkkkkk pena q ele não deve ter acesso,0,0.9879809021949768,0.012019139714539,
"Alcolumbre,Maia,Dória Mandetta foi um guerreiro pros interesses dele, do DEM, Centrão e dos vagab que usaram a pandemia pra quebrar o país no INTUITO  de dar um golpe e abrir a torneira da corrupção Dnovo. A prova, só a escória está chorando   #JornalDaRecord  #CNNBrasil",Hoje eu quero que o JORNAL TERRORISMAL explore bastante o VÍRUS CHINÊS e LIXO MANDETTA e entregue nas nuvens.  QUERO GRISELDINHA X TEREZA CRISTINA BOMBANDO!,0,0.9880004525184632,0.011999593116343,
"""E o Mandetta, a linha dele, como médico, era voltada quase exclusivamente para a vida"", disse Bolsonaro",Miserável,2,0.9880188703536988,0.0119811883196234,
Demissão é tida como certa pelo ministro da Saúde  #Mandetta #Bolsonaro,"Quem é Nelson Teich, médico e empresário que substituirá Mandetta no Ministério da Saúde  tiraram alguém capacitado para por alguém do esquema deles tá errado com o Brasil  está doença for mesmos contagiosa estamos pedidos.",0,0.988045871257782,0.0119541240856051,
"Ex-ministro da Saúde deu declaração pouco depois de Bolsonaro sinalizar, mais uma vez, que defende uma ampla retomada de atividades",Mandetta não acreditou e provou do próprio veneno! Isolamento vai fazer vc perder o emprego!,1,0.9881537556648254,0.0118462536484003,
"Moro: técnico; Guedes: técnico; Pontes: técnico; Marinho: técnico. Mandetta: POLÍTICO. E onde foi que deu problema? Exato. Mas a narrativa dos ""radicais de centro"" é que Bolsonaro o demitiu por ""vaidade"" ou ""inveja"". Sério?! Moro sempre foi mais popular e continua lá!","Moro era popular antes, Bolsonaro se aproveitou da popularidade dele pra crescer, Mandetta ficou mais popular com a crise, e o Mandetta é técnico e político, oq faria ainda mais sentido estar lá, já que tem que saber conversar com o congresso..",1,0.9881601333618164,0.0118398638442158,
O Mandetta foi demitido já estou indo providenciar meu plano funerário,até perdi o foco da prova,2,0.988200068473816,0.0117999631911516,
Entendam como o Bolsonaro age (gato) e como os apressadinhos imediatistas acham que ele deveria agir (cão)... Viúvas do Mandetta: o choro é livre.,#Mandetta  só pra ganhar uns seguidorzin,0,0.9882795810699464,0.0117203835397958,
É por aqui que a gente comenta sobre a demissão do Mandetta e a liderança da Mari?,URGENTE! Manifestação pró-Bolsonaro em Brasília pede saída de Mandetta e...  via,0,0.9883180260658264,0.0116820381954312,
"Acho que chegamos a uma bifurcação. E temos que optar entre o Rodrigo Maia e o Brasil. Tirar o Mandetta era com o Presidente e ele o fez. Rodrigo Maia é conosco e, com consequências vitais, precisamos decidir se ele continua. #ForaMaia","Bora, pra já #ForaMaia",2,0.9883335828781128,0.0116664301604032,
"Prevaleceu a inveja sentida pelo chefe mimado. Jair Bolsonaro, em vez de reconhecer que desdenhou do coronavírus, demitiu Mandetta por não ter se curvado à sua estupidez durante a pandemia. O bolsonarismo fritou o ministro da Saúde nas redes e no zap porque teme sua popularidade.",O antagonista: Mandetta é um erro. ponto. dança conforme a música?,1,0.988373339176178,0.0116266692057251,
"#ObrigadoMandetta Bolsonaro pode ter demitido Mandetta, mas sempre será o homenzinho pequeno, patético com o saco de bosta que finge ser presidente.",OPisovopata do #bozonaro so vai parar quanfo matarvtf mundo! #COVID19 #coronavirus #BolsonaroVirus #BolsonaroGenocida,0,0.988391935825348,0.0116080306470394,
ATENÇÃO ESQUERDA  Compreender que o ex-Ministro Mandetta fez um bom trabalho durante a pandemia   Torná-lo um herói da nação,Não foi um bom trabalho.,1,0.9883955717086792,0.0116044422611594,
Mandetta anuncia em rede social que foi demitido do Ministério da Saúde     16 de abril de 2020,passar bem! Mandetta já era ?,1,0.9884321093559264,0.01156781706959,
"A maioria esmagadora dos brasileiros é contrária à demissão de Mandetta: 76,2% dos entrevistados discordam do afastamento do ministro da Saúde, segundo pesquisa realizada pelo Atlas Político. Vc concorda com o resultado da pesquisa?   via","Negativo, pede para sair Mandetta. xô!",1,0.9885019063949584,0.0114981522783637,
A demissão de Luiz Henrique Mandetta do cargo de Ministro da Saúde em meio à crise do coronavírus foi bem criticada nas redes sociais,Mandetta da lugar para Mick Jagger e este último todo mundo sabe que é pé frio,1,0.988608717918396,0.011391308158636,
"O Congresso Nacional, em meu nome e do presidente da Câmara , divulgamos nota sobre a saída de Luiz Henrique Mandetta () do cargo de ministro da Saúde :",O povo brasileiro está com Bolsonaro sempre Bolsonaro eu sou Bolsonaro sempre Bolsonaro eu voto,2,0.9886188507080078,0.0113811139017343,
VERA MAGALHÃES já convidou o MANDETTA para o RODA VIVA?  Sim ou claro?,Mandetta vai falar agr na cnn,0,0.9886283278465272,0.0113716423511505,
"Piada. "" Todos torcem para você, menos o Mandetta"". Rs","MP denuncia perda de 2,7 milhões de bolsas de plasma e quer ouvir Mandetta",0,0.9886576533317566,0.0113423410803079,
"Bom dia a todos,  menos para Rodrigo Maia   1. Ninguém se importou com a saída do Mandetta   2. Vai implementar caos lá  na PQP  3. Articulação não é  distribuir dinheiro para deputado pançudo  4. Lembre-se onde Eduardo Cunha está   #ForaMaia",Foda-se o Mandetta   #ForaMaia,1,0.988695740699768,0.0113042537122964,
URGENTE: Bolsonaro demite Mandetta do Ministério da Saúde; oncologista Nelson Teich vai assumir o cargo,Lamentável.,2,0.9887099862098694,0.0112900277599692,
"o bolsonaro demitiu o mandetta, a única pessoa competente que restava no governo dele, esse embuste não deixa de fazer merda",Coletiva do Mandetta as 16:30h. Será que ele revela o resultado do exame do presidente? Seria meu sonho,0,0.988749623298645,0.0112503720447421,
"A Pepa quer a permanência de Mandetta. Pepa, Maia, Alcolumbre. Só a nata do Congresso.","Pelo que estou vendo rolar aqui na tela, parece que o MALEDETTO ACABA DE SER DEMITIDO! #DiaDeFesta",2,0.9887895584106444,0.0112104499712586,
"Nando a exatamente um ano atrás metia o pau no Mandetta, e indicou exatamente quem está ocupando o lugar dele: Nelson Teich. É birra sim... Hoje ele mama a rola do Mandetta só pra ser contra o presidente.","Mandetta que fazia parte do GOVERNO BOLSONARO (WTF?!). O próprio presidente que gosta de dividir a população e sua equipe de ministros. É um jogo político insano em Brasília. O homem tava fazendo um ótimo trabalho no Ministério, até Bolsonaro pegar birra e queimá-lo publicamente.",1,0.9887989163398744,0.0112010817974805,
"""E o Mandetta, a linha dele, como médico, era voltada quase exclusivamente para a vida"", disse Bolsonaro","Que absurdo, né? Demissão por justa causa. #ForaBolsonaro",2,0.9888043999671936,0.0111956223845481,
"""E o Mandetta, a linha dele, como médico, era voltada quase exclusivamente para a vida"", disse Bolsonaro",Já passou da hora da população demitir o “Presidente” !,2,0.9889621138572692,0.0110379308462142,
"Fora Bolsonaro, fora - gritos das janelas em Higienópolis, SP, depois da demissão de Mandetta.","Qta incoerência! Não concordam com a troca de um ministro no meio da pandemia, mas a troca do presidente, todos os ministros, secretários e cargos comissionados está ok! Defender Mandetta hj, é defender uma escolha do    com 2 anos de atraso.",1,0.9889657497406006,0.0110342353582382,
"""E o Mandetta, a linha dele, como médico, era voltada quase exclusivamente para a vida"", disse Bolsonaro",É mermo???,2,0.9889671206474304,0.0110328821465373,
"Mandetta chega ao auditório do Ministério da Saúde sob aplausos de funcionários da pasta. Ele diz que a imprensa sentirá saudades do seu ""lavoro, lavoro, lavoro"".","Rodrigo Maia vai se pronunciar sobre a demissão do Mandetta.  Tenha certeza de uma coisa: Rodrigo Maia vai se solidarizar com o Mandetta, defenderá o mesmo e fará indiretas ao Bolsonaro.  Isso porque ambos são dos mesmo partido!",0,0.9889863729476928,0.0110136484727263,
"Bolsonaro demitiu Mandetta e ñ pode + culpá-lo por eventual fracasso do combate ao #coronavírus . Discordo da decisão, mas tomara q dê certo. Sucesso ou fracasso, Bolsonaro agora vai assumir responsabilidade do q acontecer com #saúde e #economia, certo?",9 milhões de desempregados e 600 mil presas fechadas até ontem  Tudo isso na canta de Mandetta e dos governadores irresponsáveis e seus defensores,1,0.9890300631523132,0.0109699508175253,
"Os defensores do mandetta me digam o que ele tava fazendo? Nunca apresentava dados concretos do pico, os materiais que ele falava que tavam chegando nunca chegaram. #ForaMandetta Acredito na novidade e que o novo ministro pessa fornecer dados concretos para traçar o futuro do BR",mandetta demitido tamo fudido,0,0.9891242980957032,0.0108756981790065,
"acho q vcs não estão entendendo o perigo da saída do Mandetta.  o bolsonaro não quer um ministro competente, ele quer um ministro q concorde com tudo q ele fala  essa é a verdade q vcs não querem ver","“Selamos um ciclo do ministério. Mandetta se prontificou a uma transição”, diz Bolsonaro",0,0.9893303513526917,0.0106696970760822,
"Os adolescentes histéricos estão chorando pela demissão do Mandetta por medo de voltarem para escola. Se acalmem crianças, as aulas vão demorar mais um pouco para voltar, primeiro volta o trabalho, que fabrica, transporta e paga o toddynho de vocês.",#ForaMaia Melhor #MaiaNaCadeia,2,0.9893368482589722,0.0106631247326731,
será q mandetta essa hora tá feliz pelo golpe na dilma q ele apoiou,2-Mandetta se livrou do CAPETA.,0,0.9893407225608826,0.0106592467054724,
"Engraçado ver minion perguntando quem era Mandetta antes do Ministério da Saúde. Resolveram fazer esse questionamento só agora, após 1 ano e 4 meses dele ter sido nomeado por Bolsonaro?","Desculpe, gosto do mandetta, porém tivemos crise nos principais ministério (econ, justiça,meioamb, infraestrut) e apenas ele não tá conseguindo aguentar a barra, se um jogador discorda do técnico deve ser colocado na reserva um pouco. O que ñ pode é ele fazer o que quer.",1,0.98935866355896,0.0106413355097174,
"Mandetta é do DEM, adorado por Maia, que acha que Guedes não é sério, e foi elogiado até por Haddad, o poste de Lula. Teich era o nome de Guedes desde o começo, não tem partido, nunca se candidatou a nada. Os ""liberais"" estão tristes com a troca por qual motivo exatamente?",A troca foi injusta e um absurdo no meio da pandemia. O Mandetta estava alinhado com o que há de mais científico no mundo. Esse ministro novo não sabemos.  se não babar o ovo do presidente tá fora.  é esperar para ver. Ele já disse que quem tem que ficar vivo são os jovens.,1,0.9894320964813232,0.0105679063126444,
Mandetta está oficialmente demitido. Que Bolsonaro faça uma escolha brilhante e não cometa o mesmo erro. Gigantesco dia!,Globo está fazendo uma publicidade do Ex ministro mandetta absurda na tentativa de se criar um líder político. Um absurdo essa linha editorial da emissora,1,0.9894457459449768,0.0105543183162808,
"Essa demissão de Mandetta me lembrou a demissão de alguns gestores que conheci, que mesmo certos e trabalhando bem e batendo meta não batiam o santo com a chefia. Como disse a alguns colegas mais cedo ""Demissão por Competência"".",Quarentena dia ?: minha mãe iniciou uma discussão com meu padrasto pq ele tava falando bandetta e não mandetta,0,0.9894945025444032,0.0105055058375,
VAI MANDETTA!  Não tenho golpista que compõe governo miliciano de estimação. A única diferença entre Madetta e outros asseclas de Bolsonaro é que ele sabe que a terra não é plana.   #ForaBolsonaro,"Canalha Destruidor da República  Neste 16 de abril, exatamente 4 anos depois de postar “Tchau, querida” nas redes, em 2016, Luiz Henrique Mandetta foi demitido do cargo de ministro da Saúde do governo Bolsonaro.",1,0.989529550075531,0.0104704499244689,
"Após demissão de Mandetta, São Paulo e Rio registram panelaços (via )",Lembro bem de sp e do rio nas eleições...,2,0.9895803332328796,0.0104196509346365,
"As últimas palavras do papai ao Mandetta.   ""#FiqueEmCasa""   Foi lindo, e todos aplaudiram o gesto do papai por finalmente falar essas palavras repetidas pela imprensa.",Mandetta agora #FiqueEmCasa como todo mundo que vai ser demitido com a quarentena.,1,0.9895880222320556,0.0104120234027504,
Mandetta é ministro mais popular do governo; 76% rejeitam sua demissão,"Parabéns Mandetta, obrigada por trabalhar pelo povo brasileiro!",1,0.9895901083946228,0.0104099158197641,
Mandetta sai do governo Bolsonaro maior do que entrou. Bolsonaro sai dessa queda de braço menor do que começou,Uma pessoa que não tem perna é perneta. Uma pessoa que não tem mão é maneta. Uma pessoa que não sabe quem manda é. ..Mandetta. Punto e basta!,1,0.9896284341812134,0.0103715630248188,
O Mandetta não pelo amor de Deus a única pessoa lúcida  Tirando o doria,"Pega fogo, cabaré  Depois de Mandetta, Bolsonaro abre guerra com Maia: 'Conduz o Brasil ao caos e quer me tirar do governo'",0,0.989654779434204,0.010345235466957,
"Bolsonaro - gerador de instabilidades - não respira sem forjar conflito. Demitido Mandetta, volta agora as baterias contra o Parlamento. O presidente é crise dentro da crise.",esse   e seus apoiadores são todos canalhas. #ForaBolsonaroUrgente  #ForaBol卐onaro  #ForaBolsonaros  #ForaBolsonaroGenocida  #ForaBolsomaro  #ForaBolsonaroEseuBandodeCriminosos  #forabolsonarolixo  #forabolsonero GENOCIDA,2,0.989700198173523,0.0102997608482837,
Mandetta acaba de ser oficialmente substituído.,Gente eu fui pagar meus boletos e na hora que eu volto PÁ Mandetta foi demitido ALGUÉM PODE ME EXPLICAR O QUE TÁ ACONTECENDO,0,0.989741325378418,0.0102586187422275,
"Falo com propriedade que Henrique Mandetta não foi incoerente em nenhum momento. Sempre defendeu seu posicionamento sobre a pandemia, mesmo sendo ameaçado a perder o cargo. Não acho que ele seja confiável devido aos seus históricos políticos passados +","Em conluio com Mandetta, prefeito de Imperatriz  recebeu 43 milhões de reais, por se filiar ao DEM. Agora o MPF deve investigar essa denúncia contra os envolvidos. Mandetta já esta enrolado em denúncias em Campo Grande.",0,0.9897789359092712,0.0102210193872451,
Mandetta deixa ministério cantando.,"Que bom já podemos nos abraçar, dá as mãos e beijos no rosto. Ótimo exemplo do Mandetta.",1,0.9898147583007812,0.0101851923391222,
"Em uma situação normal, Mandetta está longe de ser um aliado. Mas não vivemos uma situação normal. Sua demissão representa a vitória da política genocida, negacionista e anti-conhecimento do governo Bolsonaro. Lucro acima da vida.","E o pior de tudo é que Bozo sai fortalecido nessa. Até os militares moderados colaram nessa ideia de que o Mandetta não poderia ""aparecer"" mais que o Bozo.",1,0.989840805530548,0.0101591506972908,
Maia presta homenagem a Mandetta após demissão: 'Deixa um legado',"Nem vou avaliar o legado do Mandetta, mas qualquer q seja ele, será bem superior ao do Botafogo, vulgo",1,0.9898511171340942,0.0101489387452602,
Mandetta não amarra a chuteira de Dr Nelson Teich.,Eu tinha jurado que não ficava mais triste por causa de macho. Aqui estou eu triste pelo Mandetta.,0,0.9898786544799804,0.010121364146471,
"Mandetta é do DEM, adorado por Maia, que acha que Guedes não é sério, e foi elogiado até por Haddad, o poste de Lula. Teich era o nome de Guedes desde o começo, não tem partido, nunca se candidatou a nada. Os ""liberais"" estão tristes com a troca por qual motivo exatamente?",Realmente,2,0.9898866415023804,0.0101134423166513,
"João Doria, Witzel, Mandetta, Maia: todos são estadistas preocupados com a pandemia e a ciência. Bolsonaro: só pensa em 2022. Ops!","Mandetta: o que eu faço agora, Bolsonaro? Bolsonaro: FIQUE EM CASA!",1,0.9899986386299132,0.0100013865157961,
"Presidente da Câmara destaca que ministro da Saúde, Luiz Henrique Mandetta, faz um excelente trabalho:  #GloboNews #Estudioi","Claro! São do mesmo partido. Botafogo, Batoré e Mandetta. Mostre o que foi feito pela saúde antes da pandemia!!! Nada foi feito.  vote fundão para a saúde, projeto de super salários e prisão em segunda instância.",1,0.990038812160492,0.0099611608311533,
Máquina bolsonarista começa a propagar ‘dossiê-Mandetta’ nas redes,"Depois dos petistas aloprados, os bolsonaristas aloprados",2,0.9900788068771362,0.0099211568012833,
"Após demitir Mandetta, Bolsonaro ataca Maia: ‘Parece que intenção é me tirar do governo’","Antes fosse, antes fosse. Deus queira.",2,0.9902181029319764,0.0097818709909915,
Parecer do MPF aponta que Mandetta desviou dinheiro público  A esquerda sempre  adota os larápios,Vejam a ladroagem Brasil,2,0.990329384803772,0.0096706273034214,
Quem era Mandetta antes de virar Ministro da Saúde? O que fez no ministério no período anterior à epidemia?,"Entendo que a troca de ministro era essencial, porém Mandetta estava fazendo um bom trabalho a frente do MS, tal qual os demais ministros do PR , dando transparência jamais vista no MS.",1,0.990365982055664,0.009634006768465,
"Quando os batedores de panela descobrirem que Mandetta negociava propina com prefeitos do DEM para liberar dinheiro, contrato com empresas fantasmas, e que já havia uma investigação em curso observando todo esquema há quase seis meses, eles ficarão com cara de bunda envergonhados",Fora BotafogoMaia!! #ForaMaia  junto com os seu bando de ladrões!!,2,0.9904808402061462,0.0095191542059183,
Agora que Mandetta foi demitido e o Bozo quer que todo mundo volte a trabalhar... Vamos morrer rrrrrrrrrrrrrrrrrrrrrrrrrr  #Coronavirus,"Bolsonaro escolhe oncologista Nelson Teich para substituir MANDETTA no Ministério da Saúde. Teich tem se posicionado favorável ao isolamento social, a exemplo de Mandetta.",0,0.9905346035957336,0.0094653405249118,
Mandetta chama Bolsonaro de humanista e diz que conversa foi amistosa,"Mandetta, pelo visto, agora vai se dedicar ao Stand-up Comedy",1,0.9905633926391602,0.0094366017729043,
"Saiu Mandetta, entrou Teich, Bolsonaro falou, Maia respondeu etc. Cadê os milhões de testes?",Faz horas que o Mandetta saiu - pergunte a ele ué! A responsabilidade pelos ATOS até a saída permanece dele.,1,0.99061918258667,0.0093807689845561,
Mandetta afirma a deputados que será demitido até amanhã,Ah meu amigo para de encher o saco passa logo mandetta anda logo cai fora,1,0.9906296133995056,0.009370420128107,
"Após a saída do Mandetta, quem deveria ser o próximo a abandonar a vida pública? Comente!",Maia quer quebrar o Brasil     #ForaMaia      #ForaMaiaVagabundo   #ForaMaiaBotafogo     #ForaMaiaCorruPTo,2,0.9906538128852844,0.0093461852520704,
"Disse tudo! #ForaMaia Após demitir Mandetta, Bolsonaro ataca Maia: ‘Parece que intenção é me tirar do governo’","Será?? Ele e o resto do Brasil kkkkkkk (nunca vai chegar aos pés de Deus Cunha, tho)",2,0.9906547665596008,0.0093452185392379,
"O mandetta estava sendo velado dês de domingo, hoje se fechou o caixão...já pode parar de chorar já.infelizmente as câmeras ofuscaram o porque que ele estava ali. Funcionário que não…",Passado que até o Mandetta saiu antes da Ivy,0,0.9907588958740234,0.0092411069199442,
"Mandetta deixa 'legado', diz Maia; parlamentares e governadores lamentam demissão de ministro | Política | G1","Obviamente não sou fã do Mandetta, até pelo contrário  Mas é visível q o Brasil atrasaou o pico do vírus  Isso é trabalho do Mandetta enfrentando o louco Bolsonaro  O único Ministro do Bolsonaro q fez um trabalho razoável foi demitido  Vcs entendem a lógica?",0,0.9907605648040771,0.0092394175007939,
"É, Dr. , a casa caiu de vez. Aos pouco a verdade contra o Sr. vai surgindo naturalmente. Seu passado lhe condena, o pres  tem razão. #BolsonaroTemRazao",Ainda bem que Bolsonaro corrigiu esse erro. Mandetta sem vergonha,2,0.990784764289856,0.0092152943834662,
Não é q mandetta fosse um herói ou um bonzinho mas era o único q tinha coragem de peitar esse presidente animal,"#JornalNacional Como o jornalismo da globolixo, perdeu toda credibilidade, vamos leva-lo a sério, dando risadas. Mandetta Marionete da globolixo e de nhonhômaia, fez causar mal estar proposital para deixar casca de banana no caminho de Bolsonaro.",0,0.9908003211021424,0.0091996630653738,
"Acho que chegamos a uma bifurcação. E temos que optar entre o Rodrigo Maia e o Brasil. Tirar o Mandetta era com o Presidente e ele o fez. Rodrigo Maia é conosco e, com consequências vitais, precisamos decidir se ele continua. #ForaMaia",#ForaMaia  ladrão corrupto desqualificado oportunista,2,0.9908047914505004,0.0091952057555317,
O novo ministro falou tudo que eu queria ouvir e que o Mandetta traíra não fez. Que o Mandetta sente no colo do maia agora.,Coisa que o governo deveria fazer cair: nosso auxílio emergencial.   Coisa que o governo faz cair: o ministro da saúde.   #MandettaDEMITIDO #auxilioemergencialaprovado #Mandetta,0,0.9908283948898317,0.0091716200113296,
O presidente da Câmara tem em sua gaveta um pedido de impeachment de Jair Bolsonaro com mais de 1 milhão de assinaturas. A demissão de Mandetta hoje reacende a urgência de o Brasil demitir Jair Bolsonaro. #RecebeMaia #ForaBolsonaro #ImpeachmentJá,Vai esperar o empilhamento de corpos,2,0.9908678531646729,0.0091321244835853,
Interessante  gov do Mandetta transparente??????  Cadê cadè as compras de fevereiro.  Foram pagos e cadê o material?????  Que transparência  Falcatrua MANDRETTA!!!,"Ele não vive sem uma encrenca  Nem bem saiu do embate com Mandetta, Bolsonaro já partiu novamente para o ataque. O alvo agora é Rodrigo Maia, presidente da Câmara. Presidente afirmou à CNN Brasil que 'parece que a intenção' do deputado é tirá-lo do cargo",0,0.9909220337867736,0.0090779569000005,
URGENTE: Bolsonaro demite Mandetta do Ministério da Saúde; oncologista Nelson Teich vai assumir o cargo,Bolsonaro demitiu o Mandetta. Vai ficar pra História o tamanho do absurdo de demitir um Ministro da Saúde no meio da pandemia porque ele seguiu as recomendações da ciência e da OMS,2,0.9909523725509644,0.0090476172044873,
"URGENTE! Depois de usar a famosa caneta com o Mandetta,  autografa camisa de cidadão esta manhã...",O Povo brasileiro consegue ser maravilhoso #ForaMaia,2,0.990992546081543,0.0090075358748435,
Mas é incrível ver algumas pessoas “raciocinando” sobre a demissão do Mandetta. Os inteligentinhos estão a solta!,Senadores de Sergipe criticam demissão de Mandetta do Ministério da Saúde #sergipe #mandetta #politica #ajunews,0,0.9910765886306764,0.0089233685284852,
Mandetta diz que foi demitido do Ministério da Saúde por Bolsonaro,Um absurdo a saída do Mandetta.,1,0.9911451935768129,0.0088548045605421,
URGENTE: Bolsonaro demite Mandetta do Ministério da Saúde; oncologista Nelson Teich vai assumir o cargo,bolsonaro é a maior desgraça deste país eu só sei sentir ódio desse verme e toda sua corja,2,0.9911797642707824,0.0088202925398945,
"sobre o pronunciamento do Bolsonaro e demissão do Mandetta: engraçado ele preocupado com o desemprego. Antes do corona já tínhamos milhaaares de desempregados e ele não se importava, mas agora se apoia nisso para justificar balela","Em instantes o presidente Bolsonaro fala sobre a demissão do agora ex-ministro da Saúde Luiz Henrique  Mandetta.   Vai agradecer os serviços prestados ou colocar uma ""cereja"" no bolo da demissão?",0,0.9912063479423524,0.008793631568551,
"Mandetta's approval rating among Brazilians had soared as he took the virus seriously. Bolsonaro's has plummeted, with 40% rating his approach ""bad"" or ""awful."" Bolsonaro is the type of narcissistic leader that sees those numbers and changes the minister, not his approach.",Chacota nacional e também internacional,2,0.9912065863609314,0.0087934276089072,
Mandetta deixa ministério cantando.,Live do Mandetta - SEM ÁLCOOL!,1,0.99120831489563,0.0087916236370801,
legal que o único crime que o mandetta cometeu foi ser mais inteligente que o próprio presidente,"Prestes a deixar o cargo, Mandetta respondeu à coluna (repórter ) sobre sua sucessão: “Desafio é para minimizar impactos dessa troca” |",0,0.9912449717521667,0.0087550207972526,
"Fora Bolsonaro, fora - gritos das janelas em Higienópolis, SP, depois da demissão de Mandetta.",13k de curtidas já demonstra a insatisfação do brasileiro com a irresponsabilidade do Bolsonero e  a demissão do Mandetta.,1,0.9912715554237366,0.0087284613400697,
Máquina bolsonarista começa a propagar ‘dossiê-Mandetta’,Só acho que o Mandetta devia vazar o exame do Bozo,1,0.9913017749786376,0.0086982427164912,
"Depois de demitir o Mandetta, Bolsonaro agora foi pra cima do presidente da Câmara Federal Rodrigo Maia. A mente do Presidente da República é  completamente atordoada!",Pressão ao  deve ser cada vez maior. Receber e instalar o impeachment é questão de sobrevivência!,2,0.991338849067688,0.0086611611768603,
LISTA ATUALIZADA DE COMUNISTAS:   ONU OMS DORIA WITZEL RONALDO CAIADO FOLHA ESTADÃO  VEJA ISTO É  Janaina Paschoal  Dráuzio Varella GLOBO FOX NEWS PSDB FHC Gen. Mourão Angela Merkel Gilmar Mendes Rodrigo Maia D. Alcolumbre Donald Trump Twitter Mandetta Eu Você E o Zooboomafoo,y O que os estrangeiros estão falando sobre a demissão de Mandetta em meio à pandemia,0,0.9914414882659912,0.0085585694760084,
O Bolsonaro tem um bom coração mesmo e a sua sinceridade é gritante. A forma como ele tratou o Mandetta agora na sua despedida foi muito bondosa. Mesmo esse canalha não retribuindo e não merecendo.  É por isso q dói e irrita ao mesmo tempo ver o Bonoro muitas vezes apanhar calado,Verdade por isso acho muito importante além de estarmos contra o #ForaMaia  temos que mostrar total apoio ao nosso presidente. #UnidosComBolsonaro  #BolsonaroTemRazao e quanto ao Mandetta #FicaEmCasaMandetta,1,0.9915701150894164,0.0084298597648739,
"#ForaMandetta Picareta  Picareta desde a prefeitura de Campo Grande... Sua conversinha fiada igual a da maléfica turma do DEM não engana mais ninguém ! Ele fala dos riscos da cloroquina, o malandro esqueceu de quantos ela curou. Nunca leu bula de remédios?","#ForaMandetta   Picareta desde a prefeitura de Campo Grande... Sua conversinha fiada igual a da maléfica turma do DEM não engana mais ninguém ! Ele fala dos riscos da cloroquina, o malandro esqueceu de quantos ela curou. Nunca leu bula de remédios ?",2,0.9915711879730223,0.00842878036201,
Não se esqueçam de deixar de seguir o Mandetta!  #ForaMaia,Nunca segui #ForaMaia,2,0.9916169047355652,0.0083830812945961,
"Maia: ""Ele (Bolsonaro) joga pedras e o Parlamento vai jogar flores de volta no governo"". Maia volta a dizer que o presidente busca confronto p/ tirar foco da demissão de Mandetta (""apoiado por 80% da população""). Defende que $ deve ir p/ estados e municípios, onde estão as UTIs","Enquanto Bolsonaro colhe milho, Maia já tira o bolo do forno.",2,0.99176287651062,0.0082371933385729,
URGENTE! Bolsonaro chama Mandetta,pra assistir a live do nx zero hoje,2,0.9918181896209716,0.0081818215548992,
Mandetta deixa Ministério da Saúde após um mês de conflito com Bolsonaro: relembre os principais choques    Compartilhe essa notícia diretamente no seu Whatsapp:,"A notícia é a seguinte. Mandetta é detonado pelo Presidente depois de muita traição, canalhice e putaria contra o país e até mesmo contra vidas humanas por ordem da quadrilha do DEM a qual faz parte ao lado de Maia, Alcolumbre, Caiado com apoio de Dória Covas Witzel STF e etc..",2,0.9918389916419984,0.0081610372290015,
URGENTE: Bolsonaro demite Mandetta do Ministério da Saúde; oncologista Nelson Teich vai assumir o cargo,*meme da Adélia escrito VIM*,2,0.9918823838233948,0.0081176264211535,
"Na saída do Ministério da Saúde, ex-ministro disse que não iria comentar o pronunciamento de Nelson Teich, seu sucessor.","O Desemprego, batendo a porta do governo e Mandetta, Não soube conciliar com o ministro da economia e promoveu uma histeria junto com a  imprensa, para desestabilizar Bolsonaro políticamente.  Não soube conciliar e colocou-a saúde como único problema. Ignorou o Presidente",1,0.9919889569282532,0.0080109816044569,
"CONFIRMADO Mandetta foi demitido, trair para  bem longe, já erá!",Lembrando que Bolsonaro  só quis atender um pedido do onix lorenzoni ao por mandetta como ministro ...,0,0.992222011089325,0.0077779525890946,
"De 'não sei quem é' a 'nome ideal': como médicos avaliam Teich na Saúde  A extrema-imprensa já começou a fuçar na vida do Teich, pra jogá-lo contra , assim como fez com Mandetta.  caiu pq entrou no jogo da imprensa. Messias se liga.",Reção à demissão de Mandetta agora a pouco aqui em Salvador,0,0.9922502636909484,0.0077497041784226,
Hoje lemos na imprensa que o DEM quer aproveitar a popularidade do Mandetta para iniciar diversas ações futuras com a presença do ex-ministro. Está lançado o projeto Mandetta 2022. E seus defensores dizendo que ele não estava atuando politicamente...,"Rodrigo Maia, alcolumbre e Doria juntos!!! #ForaMaia",2,0.992263674736023,0.0077363396994769,
URGENTE: Bolsonaro demite Mandetta do Ministério da Saúde; oncologista Nelson Teich vai assumir o cargo,Causa: competência. O governo mais contraditório que já existiu nesse país,2,0.9922847747802734,0.007715240586549,
URGENTE: Bolsonaro demite Mandetta do Ministério da Saúde; oncologista Nelson Teich vai assumir o cargo,ESTAMOS TUDO FODIDO MESMO,2,0.992302179336548,0.0076978472061455,
"""Será uma grande perda"", diz Maia sobre saída de Mandetta.","PORCO #Maia, codinome #Botafogo, ladrão da quadrilha Odebrecht, DEFENDENDO UM COMPANHEIRO DE CRIMES, réu igual a ele, por receber propina e desviar dinheiro público!!",2,0.992319643497467,0.0076802992261946,
URGENTE: Bolsonaro demite Mandetta do Ministério da Saúde; oncologista Nelson Teich vai assumir o cargo,Nunca achei que estaria defendendo um ministro do bolsonaro.... que tristeza,2,0.9923539161682128,0.0076461094431579,
A demissão do Mandetta é a junção da fome com a vontade de comer do Bolsonaro. A capacidade e visibilidade do primeiro com a falta de liderança do segundo. Tudo isso frente a uma pandemia. Tempos difíceis.,Mandetta ao som de vaca desmamada: esse é o tweet! #ForaBolsonaroUrgente #BolsonaroVirus,0,0.9924117922782898,0.0075881634838879,
PODCAST: Queda de Mandetta vai agravar situação do Brasil na crise?,"Mais uma matéria das viúvas do Mandetta, o político do DEM?",1,0.9924998879432678,0.0075000813230872,
globo #impeachmentjá nelson teich mandetta pandemia presidente é carminha #ficaemcasa      #avenidabrasil #ImpeachmentDoBolsonaro #bolsonarovirus ministro da saúde help brazil wagner moura haddad,ASCENSÃO E QUEDA DE MANDETTA,0,0.9925092458724976,0.007490751799196,
"Mandetta arrependido? Lágrimas de crocodilo!!! Gente, entenda uma coisa: se a esquerda apoia, sempre tem algo por trás! VAZOU! ""Foi de propósito a entrevista de Mandetta dada ao Fantástico provocando Bolsonaro e forçando sua demissão"" | JORNAL 21 BRASIL","Bolsonaro chegou para o mandetta, e falou: _""Mandetta, fique em casa!""",1,0.9925134778022766,0.0074865347705781,
"Após demitir Mandetta, Bolsonaro ataca Maia: ‘Parece que intenção é me tirar do governo’",Esse e o plano dele  junto com a  e o governador Fake .,2,0.9925585985183716,0.007441378198564,
Bozonaro demitiu Mandetta,mandetta foi demitido agora sim a gente vai morrer,0,0.9925784468650818,0.0074215093627572,
"Bolsonaro e Mandetta fazem pronunciamento na posse de Teich, que discurs...  via  Triste!!! Mas #Mandetta fez sua opção preferiu a política!","fui falar sobre o trem do mandetta com minha vó, aí veio assunto bolsonaro, e tive que ouvir ela falando que ainda gosta dele e que acredita que ele ainda vai melhorar nosso país, deu até um negócio ruim no coração, af",0,0.9926084876060486,0.0073914527893066,
URGENTE: Bolsonaro demite Mandetta do Ministério da Saúde; oncologista Nelson Teich vai assumir o cargo,eita atrás de eita,2,0.9926503300666808,0.0073496242985129,
"'Alinhamento' de Teich não resiste à primeira live.   No melhor estilo Mandetta, Teich insinuou que o uso generalizado da cloroquina depende não do achismo de Bolsonaro, mas de uma palavra final dos cientistas. #Covid_19 #BolsonaroGenocida #FicaEmCasa",Muito obrigado Ministro Mandetta!!!   #MinisrérioDaSaúde #COVIDー19,0,0.9927311539649964,0.0072688865475356,
"O (ainda) Presidente da República não dá um minuto de paz aos brasileiros. Após a demissão de Mandetta, agora ele concentra seus esforços para gerar atritos com o Presidente da Câmara Rodrigo Maia. Cuidado, fracassado. Ele tem o poder da caneta para aceitar  um impeachment!","Conhecido ator de LOST se cura e agradece remédio defendido por Bolsonaro, saída de Mandetta e mais!",0,0.9927761554718018,0.0072238948196172,
"Após demitir Mandetta,  ataca Maia: ‘Parece que intenção é me tirar do governo’.",Vejo uma tentativa do presidente de criar uma polêmica para retirar o nome Mandetta da midia.,1,0.9927803874015808,0.0072196726687252,
"Disse tudo! #ForaMaia Após demitir Mandetta, Bolsonaro ataca Maia: ‘Parece que intenção é me tirar do governo’",Chega desse Botafogo #ForaMaia,2,0.9928349256515504,0.007165081333369,
Fora Rainha Louca  Fora Miliciano Genocida  Mandetta #BolsonaroGenocida #ForaBolsonaro #BolsonaroVirus,"Não era nem um pouco fã do Mandetta, mas admito que ele conduziu a crise de maneira satisfatória e a sua troca agr pode gerar um verdadeiro caos",0,0.9928366541862488,0.0071633378975093,
Mandetta após a Demissão assumiu ser o Mutreta. Médico de Formação e Político Profissional de Profissão. Quem vai desmentir o MPF.,"Sai Mandetta, fica Mandetta. Em gestão prolongar agonia só complica mais. Troca-se logo o comando e a vida segue. Na verdade o trabalho de verdade sempre é feito pelos concursados. Políticos em raras exceções, apenas estão ali para dar marca ao governo.",0,0.9930163621902466,0.0069836312904953,
"on : Bolsonaro demite ministro da Saúde, Luiz Henrique Mandetta","Ótimo artigo sobre as bancadas do Mutretta!!! Mandetta, o ingrato! - Correio da Manhã | Brasil #BolsonaroTemRazao",0,0.993036448955536,0.006963518448174,
eu: “vou pra todos os roles quando a quarentena acabar” *mandetta demitido* bolsonaro:,Boa noite galerinhaaaaaaaaaa.  #ForaBolsonaro #GovernoDeMerda #Mandetta,0,0.9930649399757384,0.006935070734471,
"Nelson Teich já se declarou a favor das medidas de Mandetta, e já criticou isolamento vertical.  Há duas possibilidades: 1- ele mantém a posição técnica, e será  o próximo alvo de JB. 2- ele abandona o q defendeu até agora e se curva aos achismos de Bolsonaro.  Não há meio termo","A grande questão disso é que mandetta tinha apoio do congresso uma vez que ele é deputado federal, o atual ministro pode,talvez, apenas talvez ter apoio dos militares, ou seja ou ele vai se alinhar ou vai sair",2,0.9930654764175416,0.0069344430230557,
"Joice Hasselmann, líder do PSL na Câmara, foi ao Twitter lamentar a demissão de Luiz Henrique Mandetta.","Confirmado, Mandetta é contratado pela",1,0.9931708574295044,0.0068291891366243,
Mandetta submete Bolsonaro a humilhação pública - dentro do Palácio do Planalto e a poucos passos do gabinete do presidente. Por Bruno Boghossian.,"A cada vez que o Presidente fala que o problema do Mandetta foi ser médico de mais, ele assinala que o “Rubens” será médico de menos. #ForaBolsonaro",0,0.9931881427764891,0.0068118399940431,
"Bolsonaro tirou mandetta apenas por uma briga politica e vaidade, já que o novo ministro pensa quase exatamente ao mandetta.",Coisas que perderam sentido na quarentena:  - indiretas (fora as do Mandetta); - tuíts sobre flerte; - usar tênis; - calça jeans; - planos.,0,0.9932907819747924,0.006709196139127,
"Efeito da saída de Mandetta, superintendente do Grupo Hospitalar Conceicao, André Cecchini, pede demissão. A hora não poderia ser pior para uma troca.","Dr. André Cecchine deixa a superintendência do GHC sob o aplauso da comunidade médica, dos funcionários e pacientes. Médico de carreira, neurocirurgião, avançou na construção de um centro de oncologia, o que está em sintonia com a necessidade dos pacientes no RS.",2,0.9932984709739684,0.00670151039958,
URGENTE: Bolsonaro demite Mandetta do Ministério da Saúde; oncologista Nelson Teich vai assumir o cargo,Gostaria de lembrar que Dilma caiu por MUITO MENOS!!!!!!!,2,0.993298590183258,0.0067014349624514,
"#Mandetta estava fazendo um bom trabalho, mesmo assim #Bolsonaro o demite  do cargo.  #coronavirus #COVID19","Just Fed bloqueou R$ 32 milhões d políticos e empresários envolvidos na fraude do Gisa;denunciados pelo MPF:Nelson Trad Filho, Henrique Mandetta, Leandro Mazina, João Mitumaca Yamaura, Mara Iza Arteman, Adilson Rodrigues Soares e Suelen Aguena Sales Lapa, Naim Alfredo Beydoun...",0,0.9933016300201416,0.0066983210854232,
URGENTE: Bolsonaro demite Mandetta do Ministério da Saúde; oncologista Nelson Teich vai assumir o cargo,Motivo: não se aceita pessoas competentes nesse governo,2,0.9933185577392578,0.0066814166493713,
“Corrupção pesada”. Bolsonaro aciona sua milícia digital contra Mandetta,"gente tipo assim: eu só lamentei um pouquinho a demissão do mandetta pq ele fazia o mínimo sabe?! mas tipo assim, ele eh uma nazistão.. temos que lembrar",0,0.9933338761329652,0.0066661615855991,
"Demissão de Mandetta é rejeitada por 76,2%, diz pesquisa da Atlas Político | Política | Valor Econômico",#fica mandetta eu sou uma das que desaprovou o presidente por demitir o ministro,1,0.9936029314994812,0.0063970806077122,
"Segue a matéria da demissão de Mandetta e anúncio do novo ministro. Bolsonaro teria mais reuniões com ""candidatos"" ao Ministério da Saúde, mas desistiu das conversas porque Teich agradou muito.","Bolsonaro disse durante o pronunciamento que a saída de  do Ministério da Saúde foi um ""divórcio consensual"". Os dois já estavam ""se bicando há algum tempo"", como o próprio Bolsonaro tinha dito recentemente.",1,0.9936657547950744,0.0063342349603772,
"Em meio à pandemia, o presidente demite o Ministro da Saúde. Não é que Mandetta fosse grande, é que Bolsonaro é minúsculo. Eu espero que a troca não seja um chamado à morte para a população brasileira.  #coronavírus #covid_19 #fiqueemcasa #forabolsonaro #ignoreopresidente",#ForaBolsonaro #BolsonaroVirus #BolsonaroGenocida   Nossa vice-líder  também se manifesta sobre a demissão de :,2,0.9937140345573424,0.0062859063036739,
"No jogo de queda de braço, de um lado Bolsonaro versus Mandetta apoiado pelos governadores. Venceu Bolsonaro",Bolsomerda demitiu Mandetta,0,0.9937617182731628,0.0062383143231272,
"Disse tudo! #ForaMaia Após demitir Mandetta, Bolsonaro ataca Maia: ‘Parece que intenção é me tirar do governo’",Parece? #ForaMaia,2,0.9939786195755004,0.0060213296674191,
Fabiano Mandetta fora bolsonaro MAISQUEBOM mais que bom Avenida Brasil Cesar Menotti Rodrigo Maia Sam Smith lay me down Nelson Teich PAIZÃO MERECE RESPEITO Adalto Bozo Ministro Ivana RANU PARTY CHORE POR MIM Isadora Pompeo Haddad #ForaMaia Impeachment,"Maioria rejeita saída de Mandetta da Saúde, diz pesquisa | Consultoria Eleitoral",0,0.993989109992981,0.0060108448378741,
Fumaça branca: Bolsonaro demite Mandetta e escolhe Nelson Teich para a Saúde ⁦⁩,Médico oncologista substituirá Luiz Henrique Mandetta no cargo   via,0,0.994051158428192,0.0059488327242434,
"Novidades: Bolsonaro analiza decreto sobre VOLTA AO TRABALHO  Creio eu q o novo ministro não vai ser boa coisa! Mandetta vai falar,Bolsonaro vai falar,e novo ministro vai falar. Preparados? Quem achou q o Mandetta era ruim,se preparem!",Ontem ouvi Mandetta elogiando José Carlos Aleluia! Será que é a mesma pessoa que frequentou as páginas policiais anos atrás? #ForaMaia,0,0.9949551224708556,0.005044880323112,
