tweet_1,tweet_2,Class,P(NoConflict),P(Conflict),Conflict
"Estamos em 2020 século 21, as mulheres ainda não aprenderam a usa camisinha e a tomar pílula  hoje em dia só engravidar quem quer , ou a mulher é muito burra  #AbortoNao Se vc sabe DA ,sabe muito bem ser cuida ,é de graça em qlq posto de saúde","Qd vc abre a hastag #AbortoNao, a unica coisa q é impulsionada é esquerdista tentando desmerecer os argumentos de qm é contra com ""mas vc é homem"".  COMO VOCÊ QUER QUE EU RESPEITE ISSO? Aborto é assassinato e qm nn se sensibiliza com isso é psicopata!",0,0.0299728587269783,0.9700270891189576,0
#AbortoNao Jamais ! Sim a vida .,"Vc é contra o aborto por se declarar pró vida, ou é só por causa que seus ""valores monoteísta"" diz que abortar é errado? #AbortoSim",0,0.0352616794407367,0.9647383093833924,1
"#AbortoNunca ENTENDAM quando a pessoa é #AbortoSim Não quer dizer que fará um aborto, só quer que tenha clínica especializada para que pessoas sem condição não tenha um filho.","vcs falam #AbortoNao como se existisse um método contraceptivo 100% eficaz. No final o RICO paga pra não morrer enquanto o pobre morre.  Além de questão de saúde pública, a Terra vai cobrar a conta de ter +7B de pessoas consumindo os seus recursos",0,0.0357142239809036,0.9642857313156128,0
"Alguém pode me explicar quem levantou a pauta de aborto ontem? De onde surgiu e como? Eu não entendi nada, peguei o bonde andando. Só sei que #AbortoNao.",Se vc vem opinar numa tag feminina sendo contra o aborto tudo q vc disser será automaticamente anulado e a gente vai zuar com sua cara #AbortoSim,0,0.0380989722907543,0.9619010090827942,1
Aborto não é método contraceptivo!antes de escolher seu macho escroto se proteja #AbortoNAO,Vai caça o que fazer e deixa as mulheres escolherem  o que elas quiserem. Se tu não sabe da história não julga! #AbortoSim! Tá subindo # escrota pq tá sem o que fazer? Quer um conselho? Toma conta da sua vida e do seu útero.,1,0.0382687598466873,0.9617311954498292,1
"Pelo simples fato de que matar uma vida humana é completamente diferente de matar um EMBRIÃO, que não contém atividade cerebral, nem sistema nervoso e muito menos é considerado um humano. Você joga sujo quando tenta me atacar ao invés de atacar meu argumento, melhore. #AbortoSim",@ Vida é a partir do embrião.E embrião é vida. Se pode matar um embrião pode matar um ser que acha normal abortar.  #AbortoNao #AbortoNão,1,0.040478978306055,0.9595210552215576,1
"Bagaço pqp, eu nao estou gravido pq sou homem, porém tenho empatia de me por no luga de uma mulher , e saber como e difícil voce ser julgada pela sociedade por tudo oque faz, então que se o corpo e seu... voce faça oque acha certo,#AbortoSim.","#abortonao. Se você defende que a mulher faça o que quiser com o seu corpo, vai defender que a mesma ENTENDA o que está fazendo com o mesmo. Já fizeram pesquisas com as abortistas? O que aconteceu com elas depois do aborto? Depois quem arca com o psicológico da mulher que aborta?",1,0.0411198027431964,0.9588801860809326,1
#AbortoSim ELAS QUE DECIDEM !,"Ai que inferno, é vc que está com o feto no útero, se não o #AbortoNao é da sua conta. Pelo amor",0,0.041761789470911,0.9582381844520568,0
O mais engraçado é que a maioria é homem que vem defender essa tag #AbortoNao mas na hora de assumir suas responsabilidades simplesmente some e quem se ferra é a mãe que tem que cuidar sozinha.,"a mulher tem a escolha de querer abortar ou não, não adianta vocês contradizerem porque não vai ser vocês q vai sofrer horrores pra sustentar a criança, o feto pode até ser fruto de abuso sexual, e se alguns discordam pfvr recolha os fetos e coloquem eles p morar c vcs #AbortoSim",0,0.0427051596343517,0.9572948217391968,0
"""Ah, mas você vai matar uma vida"" Oh seus bando de borracha, se estudassem saberiam que nas primeiras semanas o bebê nem vida é, MATAR UMA AMEBA IGUAL VC SÓ SE FOR #AbortoSim","não é melhor usar preservativo e outros métodos contraceptivos, invés de acabar com uma vida e correr o risco de morrer também? #AbortoNao",0,0.042775485664606,0.9572244882583618,1
"A vida que vai ser estraga é a da criança, que vai crescer sem ser amada ou em condições necessárias e a da mãe, que nn queria aquele ser com ela e muito provavelmente nn vai conseguir gostar daquele ser #AbortoSim","Se tu matar todos os que não são amados ou que não tem condições mínimas, mata 70 % das humanidade, síndrome do mundo perfeito #AbortoNao",1,0.0436359085142612,0.956364095211029,1
"Mano eu sinceramente fico decepcionada que anos se passam e as pessoas continuam usam umas justificativas completamente sem fundamento, sendo a favor da vida mas quer pena de morte (???)+ #AbortoSim","Tá bom macho hetero, o aborto é escolha sua né que já tem 3 filho espalhado por aí e a mãe sustenta e cria sozinha! #AbortoSim",0,0.0437225513160228,0.9562774300575256,0
E tem homem comentando nas tags porque? Vcs tem útero? #AbortoNão #AbortoSim,Útero eu não tenho mas eu tenho uma vida graças a Deus e vcs q se dizem defensora das mulheres pq vcs não defendem o Direito de Viver da Mulher que está dentro da Mulher  #AbortoNao,1,0.0441616401076316,0.95583838224411,1
Já que todo mundo tá falando sobre isso...Eu sou a favor do aborto somente em caso de estupro! Já vi histórias de mulheres que abortaram somente pq ficaram sabendo que a criança tinha síndrome de down  Então sou contra o aborto não só pé isso mais por vários motivos #AbortoNAO,você eh a favor da vida ou do nascimento???? pois é #AbortoSim,0,0.0445183664560318,0.9554816484451294,0
"“Se somos escravos do ontem, somos donos de nosso amanhã.”  #AbortoNao","o engraçado é que quando você entra no “aborto não” só tem macho escroto, querendo colocar o dedinho aonde não foi chamado. nos poupe de tanta merda. #AbortoSim",0,0.0452115572988987,0.9547884464263916,0
"Vamos ser coerentes, não faz sentido tirar a vida de uma pessoa que não cometeu crime algum (feto) quando o mesmo não ocorre com alguém que cometeu barbáries (assassinos, estupradores, etc). #AbortoNao","#AbortoSim  Mas quanta pretensão  Vocês nem sabem se vão sobreviver ao COVID-19, quiçá engravidar pra depois abortar  Faz-me tires baldes",0,0.0453753769397735,0.954624593257904,0
Sou a favor do aborto em todos os casos. #AbortoSIM,"Enquanto você grita fica em casa,  em quarentena para ""salvar vidas""... ""Toda vida importa para mim""... menos a de bebês no ventre materno.  Isso não te torna menos criminosa que um assassino ou um estuprador. #AbortoNAO",1,0.0464476607739925,0.9535523653030396,1
#AbortoNao Bando de vagabundas e feministos,"O estado tem q parar de se meter na vida privada das pessoas e se preocupar mais com suas funções primordiais como segurança e educação.  Meu corpo, minhas regras #AbortoSim",0,0.0465957932174205,0.953404188156128,1
"Sem condições e acaba abandonando na rua, você acha isso justo? Com uma criança? passar fome e frio enquanto isso poderia ser evitado? Bem no início da gravidez. Sem dor. Sem nada. #AbortoSIM #AbortoLegalYgratuito","Então vc acha q a fome, o frio, a pobreza se resolve no início da gravidez, evitando prosseguir com a gravidez? Eu nunca vou achar justo a desigualdade social, mas isso ñ é motivo p eu ser a favor do aborto, seja ele em qualquer etapa da gravidez. #AbortoNao",1,0.0478037856519222,0.95219624042511,0
"Sim é o meu corpo, sim é a minha escolha. Independentemente da situação. Há imensas coisas que podem acontecer desde violação até à falta de proteção. Para mim a mulher decide.   #AbortoSim","Concordo e respeito que seja a tua escolha, mas abortar por falta de proteção não é uma razão válida, apartir do momento em que os centros de saúde ta dão, senão queres usar, porque não é o mesmo, ou se tens vergonha por alguma razão de ir pedir, não devia sequer ter relações",2,0.0484376400709152,0.9515623450279236,1
"Nenhuma sociedade civilizada permite que um ser humano intencionalmente prejudique ou tire a vida de outro sem punição. O aborto não é uma forma de contracepção, mas assassinato. Quem defende essa monstruosidade está fazendo apologia e deve responder criminalmente. #AbortoNao!",Não existe aborto em sociedade civilizada? E os Estados Unidos que vocês tanto babam ovo é o que? Legalização do aborto não é assassinato é questão de saúde pública!!!,2,0.0487192496657371,0.9512807726860046,1
"(  ) Metodos contraceptivos (  ) Mandar para adoção (X) Assassinar a Criança  A pessoa tem todas as chances de seguir a vida sem culpa mas prefere assassinar uma criatura indefesa.   Depois vem falar de amor, empatia, bla bla bla   #AbortoNao",mds eu n tô lendo isso #AbortoSim,1,0.0499754734337329,0.9500244855880736,1
Aborto não é Método Contraceptivo!!!#AbortoNao,"O aborto deveria ser considerado até os primeiros 80 anos do feto, ou se a mãe não quiser manter um ser crescendo dentro dela  #AbortoSim",0,0.0519570596516132,0.948042929172516,1
Melhor não ter um filho Que uma gravidez indesejável  Aborto não é assassinato   #AbortoSim,"Não temos útero? Beleza, mas não é você que está sendo gerado esperando para vir ao mundo. Não é seu corpo, é o corpo do bebê. Então, cala a boca!  #AbortoNao",0,0.0520892441272735,0.947910726070404,1
"ENTENDAM vc ser contra o aborto, não vai fazer com que ele não exista! só vai fazer com que mulheres pobres e negras continuem abortando e morrendo  #AbortoSim","#AbortoNao   Feto não é propriedade da mulher, feto é a formação de um ser humano,  criado pela união de dois materiais genéticos, logo o pai tem tanto direito sobre o feto quanto a mãe. Essa tentativa escrota de tirar homens do debate sobre aborto é coisa de feministas malucas.",0,0.0526869185268878,0.9473130702972412,1
#AbortoNao #abortonao se não quiser gerar uma vida usa os meios contraceptivos e não o aborto para tirá-la. Obs: sou mulher,o corpo é da mulher e ela faz o q quiser com ele #AbortoSim,0,0.0538713671267032,0.9461286067962646,1
"#AbortoNao, se previnam, ou agem irracionalmente quando o assunto é sexo!","Se você entende de classe ontólógica, e a relação entre ato e potência na metafísica aristotélica você sabe que aborto é uma agressão a liberdade, e se existe excessão à regra, não existe regra.   Agora, se você NÃO entende sobre esses assuntos, não opina sobre aborto  #AbortoNAO",0,0.0545895285904407,0.945410430431366,0
"Quer dizer que na hora de abortar o homem não pode opiniar,  mas assim que decidem que vão ter o bebê correm para justiça e exigem reconhecimento dos seus ""DIREITOS"" e ""DEVERE$$$"", não abrem mão dinheiro na conta.#AbortoSim","Mds gente, o que rolou que a #AbortoNao está em 1 lugar no tt??????????",0,0.0557464063167572,0.9442535638809204,0
"Que decepcionante acordar e ver a tag #AbortoNao. Primeiro que o corpo é da mulher e ela tem sim, DIREITO e mesmo que fosse um homem ele também teria. Nem todos tem condição de cuidar de um filho. E fala sério, o feto NÃO SENTE NADA. Já foi comprovado isso.","Se o corpo é seu, cuide dele, pra não ter que cuidar do corpo de outro !!! #AbortoNao",1,0.0565306656062603,0.9434694051742554,1
#AbortoNao pela vida e para vida,n sei pq tão discutindo isso porém #AbortoSim,0,0.056635558605194,0.943364441394806,0
A Sociedade condena a mulher que NÃO  quer ter  um filho e apoia o homem que mesmo tendo escolhe NÃO  ser PAI.#AbortoSim,"A galera a favor da quarentena sem fim está muito preocupada com a vida, chamam Bolsonaro de Genocida e assassino, mas são a favor do aborto. Afinal são a favor ou contra a vida!? #AbortoNAO",0,0.0570175349712371,0.9429824948310852,1
Basta de tanto sofrimento.  #AbortoNAO,"A partir do momento que várias mulheres morrem por querer fazer algo que não se sente a vontade ou preparada, a legalização se faz extremamente necessária, além disso não é lugar de fala de homem ou religião, até porque quem vai gerar e parir é a mulher #AbortoSim",0,0.0573720708489418,0.9426279067993164,0
"#AbortoSim #AbortoNao Pena de morte para abortistas! Um crime tão bárbaro, o de assassinar uma vida humana sem nenhum direito de defesa, só pode ter uma pena justa se quem o fez pagar com a vida.","que vida? feto não é criança, entenda, #abortosim",1,0.0573724992573261,0.942627489566803,1
Fatos sobre o aborto no Brasil e no mundo que todos deveriam saber antes de entrar em uma discussão.  [A thread]  #AbortoSim,na sua opinião a cabeça de alguém que aborta vai continuar de boa após o ato?  #AbortoNao,2,0.0583153888583183,0.9416845440864564,0
Apoio em 95% dos casos.   #AbortoSim,"Jesus Volta logo, que porra de país  é  esse?  Nojo Nojo Nojo Nojo... O que diz o PAPA esquerdista?  #AbortoNao",0,0.058791909366846,0.9412080645561218,1
"#AbortoNao não usam camisinha porque o macho não gosta, mas tem outros métodos, anticoncepcional, pílula do dia seguinte, Diu, e uma pitada de vergonha na cara.","Nada ou quase nada muda na vida de um homem quando ele tem um filho. Absolutamente tudo muda na vida das mulheres. Se um homem pode abandonar uma criança antes mesmo do nascimento, uma mulher tem o direito de abortar. #AbortoSim",0,0.0602031461894512,0.9397968649864196,1
"Todo mundo que apoiava a escravidão era livre, todo mundo que apoia o aborto já nasceu.   Falam em ""aborto seguro"". Pergunto, para quem? Afinal, o bebê sempre morre. #AbortoNao","Que comparação bosta. Um feto nem sente nada pra começo de conversa, um escravo já era uma vida formada e com emoções, já um feto (????) Sentido 0 E as milhares de mulheres que engravidam e morrem em clínicas clandestinas? Nelas tu não pensa e sim em um embrião que nem vida tem.",2,0.064651682972908,0.9353483319282532,1
"#AbortoNunca ninguém é obrigado a seguir o seu código moral. Legalizar o aborto não significa todo mundo abortar, significa menos mulheres mortas. #AbortoSim","Que coisa escrota é essa de abortosim e abortonao? A mulher q consegue fazer um também n é ""a favor"", mas cabe a ela (exclusivamente) decidir a sua necessidade!",0,0.0649562776088714,0.9350436925888062,0
O lugar onde a criança deveria ter a maior proteção do mundo está virando o lugar onde ela sofre mais atentados contra a propria vida  #AbortoNao,Ela não sente nada porra  #AbortoSim,1,0.0656321421265602,0.9343678951263428,1
#AbortoSIM e se você discorda fodase,Todos que são a favor do aborto já nasceram. Não mate uma uma pessoinha indefesa. #AbortoNao,0,0.0660354271531105,0.9339645504951476,1
As mesmas pessoas que defendem #AbortoNao são aquelas que são contra educação sexual nas escolas levando(as crianças e adolescentes) a ter DST e gravidez na adolescência resultando no aborto do feto  A hipocrisia e a ignorância desse povo é de cair o c# da bunda,"Como hipocrisia? Não somos contra educação sexual, somos contra a erotização de nossas crianças e ideologia de gênero. Não confunda as coisas. Gente burra",2,0.0666816309094429,0.9333184361457824,1
"Me surpreendendo com as pessoas brigando aqui no twitter pelo direito de matar, subindo tag com apoio ao aborto. NÃO VENHA FALAR AQUI QUE É QUESTÃO DE SAÚDE DA MULHER QUE NÃÃO ÉÉ.  #AbortoNao #AbortoNao","Como é feito o assassinato de bebês que você defende: #AbortoNao  1- Por Sucção  Insere-se no útero um tubo oco que tem uma ponta afiada. Despedaça o corpo do bebê que está se desenvolvendo, assim como a placenta e absorve ""o produto da gravidez""(bebê),depositando-o  em um balde+",0,0.0671224668622016,0.932877480983734,0
Ser favor da legalização do  aborto não significa querer abortar e sim entender que cada mulher faz oq julga melhor para seu próprio corpo e entender que se no seu corpo manda Deus no meu mando eu  #AbortoSim,ISSO NAO FAZ SENTIDOO #abortonao,1,0.0672171041369438,0.9327828884124756,1
"Quem defende aborto não trm alma, está morto por dentro. #AbortoNao",Quarentena dia 63: tentei fazer uma esculturinha com sabonete em barra  Pra primeira vez acho que ficou até bom  (#AbortoSim a decisão deve ser da mulher e deve-se ter a segurança pra fazer isso sem riscos),0,0.0690508335828781,0.9309491515159608,1
#abortonão #abortosim  onde que aborto é assassinato sendo que é só um monte de células até os três meses?,"#AbortoNão #abortosim  e gente, a questão não é o aborto, é sobre saber que vc tem o poder de escolha sobre seu corpo",1,0.070058561861515,0.9299414157867432,0
"não existe um único motivo plausível que justifique o fato do aborto não ser permitido um só, nem que seja religioso, não tem ou seja: #AbortoSIM","Quer decidir sobre o seu corpo? Se previna e crie suas regras! Surgiu outra vida? Perdeu a autonomia. Outro corpo, outras regras! #AbortoNao",0,0.0714029520750045,0.928597092628479,1
"É mesmo né, útero pra quê? A gente pode tirar a criança e deixar crescer num tubo de ensaio já que o útero é da mulher e ela que decide se ela quer ou não o filho #AbortoSim",Mentalidade genocida. Coisificação - a desumanização do feto é uma das etapas previstas no observatório do genocídio no mundo...   #AbortoNao,1,0.0716843232512474,0.9283156991004944,1
"Não me venham com essa #AbortoNao, não é o estado quem diz o que a mulher deve fazer com seu próprio corpo, ela que deve ter o poder de decisão! #AbortoSim","Homem PODE e DEVE opinar sobre o aborto, porque os bebês não foram feitos com os dedos, amado! #AbortoNao",2,0.0718902349472045,0.9281097650527954,1
não acredito que ainda tenho que ficar lendo essas coisas...  será que nunca as mulheres vão ser respeitadas como merecem???? #AbortoSIM,voltaremos no tempo ai pediremos para a MIMOSA que te colocou no mundo pelo cooooooool assassinar vc sua peluda dos infernos. #AbortoNAO,1,0.0759994834661483,0.9240005016326904,1
hoje tá foda viu essas # de monarquiaja e abortonao são p testar nossa paciência,Eu olhando o perfil dos acéfalos que levantam uma # dessa . A maioria vagabundos que querem se aproveita de leis para aliviar o lado deles de engravidar em meio a orgias e baile funk #AbortoSim,0,0.0762960687279701,0.923703908920288,0
Direito à vida #AbortoNao,não podia ir dormir sem tentar subir essa # #AbortoSim,0,0.076553076505661,0.9234468936920166,0
#AbortoNao esquerdistas assassinos,"Pra mim, pode abortar até o 9° mês de gravidez. Se é vida ou não, acho q a discussão não importa, o bagulho da morte n é nem a dor e sim as coisas de valor sentimental q vc perde q é bad e no caso do bebê não tem nenhuma. #AbortoSim #AbortoNao",0,0.0766312032938003,0.9233688116073608,1
"se vc não quer abortar não aborte, vc n é obrigada a abortar só pq é legalizado, mulheres q não querem ter o filho vão abortar sendo legalizado ou não, a legalização só faz com q elas tenham o aborto com mais SEGURANÇA. Não imponha sua opinião sobre o país todo. #AbortoNao",Quem tem que ser contra ou a favor do aborto é quem vai engravidar. E o presidente legalizando ou não as pessoas vão continuar fazendo #AbortoSim,0,0.0769981071352958,0.9230019450187684,0
NO MEU GOVERNO O ABORTO NAO VAI SER LEGALIZADO   VAI SER OBRIGATORIO #ABORTOSIM,Pessoa que defende aborto é lixo total. #AbortoNao,0,0.0779036730527877,0.922096312046051,1
#abortoNAO só Deus tem direito de tirar a vida aborto nunca,N sei oq aconteceu mas só concordo #AbortoSim,0,0.0783231407403945,0.9216768741607666,1
"Pensa gente... se sua mãe tivesse abortado, vc não estaria sendo a favor. Seria estar mais feliz c sua vida. #AbortoNao",Escreve direito. #AbortoSim,1,0.0795263946056366,0.920473575592041,1
"da vida dessa menina que quando chegar em casa olhas para o bb e lembrar da atrocidade q fez ele existir,fetos não tem consciência #AbortoSim","Entendo e sinto pela garota, mas não resolvemos um crime cometendo outro #AbortoNao",1,0.0805274173617363,0.919472634792328,0
"Quardar o pau e fechar as pernas também ajuda, mas... #AbortoSim","Só tem macho nessa #AbortoNao , omeee se aquietem, vão procurar oq fazer.  ATÉ NO CORPO DA MULHER VCS QUEREM MANDAR?",0,0.0806853324174881,0.9193146228790284,-1
"Aborto é ASSASSINATO não tem o que discutir, não é o seu corpo, não são suas regras, não é a sua vida, quem defende aborto está defendendo genocídio e é tão psicopata quanto Hitler, Mao e Stalin, aborto é a pior arma de destruição em massa que o ser humano inventou. #AbortoNao","Uma mulher abortista, poderia ter sido abortada. Ou seja, assassinada.  E não faria essa campanha que é crime contra a vida. A arte de se colocar no lugar. #AbortoNao Obs: nos casos já previstos de alto risco de morte no parto, ou crime de estupro, sou a favor.",0,0.0813451558351516,0.9186547994613647,0
Se não é pra abordar não é pra bater punheta também. Espermatozoide tem reacoes naturais de sobrevivencia sendo assim é uma vida também. #AbortoNao,"Sou contra o aborto, mas a favor da mulher poder escolher!!!!!#AbortoSim",0,0.0823867470026016,0.9176133275032043,0
"Nenhuma sociedade civilizada permite que um ser humano intencionalmente prejudique ou tire a vida de outro sem punição. O aborto não é uma forma de contracepção, mas assassinato. Quem defende essa monstruosidade está fazendo apologia e deve responder criminalmente. #AbortoNao!","Essa mulherada fica dando pra qualquer um, não se cuida (detalhe: o Governo DÁ camisinhas) e depois quer assassinar um bebê. Se elas morrem tentando um aborto é mais do que merecido. Não trepem que não engravidam #AbortoNao",1,0.0828204825520515,0.9171794652938844,0
Eu tenho 2 motivos de ser a favor do aborto. 1. Tem mulheres q engravidam e n tem como sustentar a criança. Sério q vcs preferem vê a criança passando fome e n tendo uma boa qualidade de vida???? 2. Tem mulher q é violentada e esse n é um filho q vai trazer (+)  #AbortoNao,Criminalizar o aborto fere os direitos humanos. Quem disse? A ONU! #AbortoSim,0,0.0839527994394302,0.916047215461731,0
"Um bando de filha da puta falando sem útero, sem opinião...FIZERAM O FILHO COM O DEDO CARALHO? O corpo é seu mas o bebê não faz parte do seu corpo. não é um órgão que você remove quando quer. É uma vida feita por um homem e uma mulher suas cretinas. #AbortoNao","Em crise social, uns sendo presos e espancadas por querer fazer uma caminhada, condenados sendo soltos, e o STF quer aprovar isso? Essa ocisão não é nada propicia para essa decisão.  #AbortoNao",0,0.0857865810394287,0.9142133593559264,0
Acho que vai esfriar bastante amanhã #AbortoNao,"ninguém é a favor do ato de abortar, estamos falando de LEGALIZAÇÃO, para que as mulheres tenham segurança e não corram riscos no processo. e disso nós somos a favor. #abortosim",0,0.0859599262475967,0.9140400290489196,0
#AbortoNao E SE FOSSE VOCÊ CONTANDO OS MINUTOS PARA SER ESQUARTEJADO(A) NA BOLSA GESTACIONAL ?,"#AbortoNunca ENTENDAM quando a pessoa é #AbortoSim Não quer dizer que fará um aborto, só quer que tenha clínica especializada para que pessoas sem condição não tenha um filho.",0,0.0861352235078811,0.91386479139328,1
Educação sexual para decidir! Contraceptivos para não abortar! Aborto legal e gratuito para não morrer!  #AbortoSim #NenhumaAmenos #NiUnaAMenos,"Enquanto você grita fica em casa,  em quarentena para ""salvar vidas""... ""Toda vida importa""...para você  menos a de bebês no ventre materno.  E outra você não tem ventre, aqui não é seu lugar de fala, assassino de bebês.  #AbortoNao",1,0.0869814455509185,0.913018524646759,1
"É sobre as mulheres terem escolha. Se uma gestante com feto com zika vírus quiser seguir adiante com a gravidez, ela tem td o direito. Se ela quiser interromper a gravidez, ela deve ter td o direito tb. Simples! #AbortoSim","Na boa, a mulher tem que ter o direito de escolher se vai parir um feto inviável ou não. É FETO INVIÁVEL, não é uma criancinha bonitinha que vai sobreviver, pô. #AbortoSim",2,0.0873768404126167,0.9126232266426086,0
Kkkkkkkkkkkkkkkkkklll um homem desse tem que no minimo tomar uns 50 tiro no meio do cu pra aprender a virar gente,Que bom que a carapuça serviu para vc...se uma vadia faz isso ela tem que ter seu clitóris extirpado,1,0.0885454788804054,0.9114544987678528,1
meu deus #abortonao e #monarquiaja nos tt corona por favor leve todos,"Lógico que esse número deve ser bem maior em 2020 né, mas homem só se preocupe em não matar o NEMNEM #AbortoSIM #AbortoNão",0,0.0927506312727928,0.9072493314743042,0
"É assassinato sim! Quem faz, que pese na consciência pelo resto da vida. Nunca terá paz interior.  É assassinato sim! #AbortoNao","terá paz, sim. não abortar quando há essa vontade, é crueldade, se você não quer a criança, não irá a amar, cuidar e tratar ela como ela precisa. posso dizer que não ter o amor da própria mãe, é uma das coisas mais horríveis que uma criança pode passar. #AbortoSim",1,0.0935326591134071,0.9064673185348512,1
não acredito que ainda tenho que ficar lendo essas coisas...  será que nunca as mulheres vão ser respeitadas como merecem???? #AbortoSIM,"Muito surreal ver o pessoal da TAG #AbortoNao querendo decidir como a mulher tem que lhe dar com o próprio corpo...  -Sem útero, sem opinião  #AbortoSim",1,0.093607373535633,0.9063925743103028,0
Ser favor da legalização do  aborto não significa querer abortar e sim entender que cada mulher faz oq julga melhor para seu próprio corpo e entender que se no seu corpo manda Deus no meu mando eu  #AbortoSim,Simm... sou a favor mas nunca faria um aborto,2,0.0944534391164779,0.9055466055870056,0
Sou a favor. #AbortoSim,Pena que tua mãe foi contra aborto.,2,0.0969336852431297,0.9030662775039672,1
"Aproveitando a tag #AbortoNao, gostaria d estatar q eu saía c um cara q era contra o aborto e condenava mulheres q ja abortaram, ms ele só transava sem camisinha KKKKKKK ainda bem q pulei fora e n fiz nada c esse mongol","Não é tão difícil de entender que o aborto já existe.. é uma realidade! A legalização só vai evitar que mulheres, em sua grande maioria pobres, morram em clínicas clandestinas.. #AbortoSim",0,0.1001468822360038,0.8998531103134155,0
"Só pra lembar que 5,5 milhões de crianças no Brasil não tem o nome do pai no registro, mas nem por isso abandono paterno é considerado crime   #AbortoNao #AbortoSim","@ Solução pra você é matar esses 5,5 milhões? #AbortoNao",1,0.1009418740868568,0.8990581631660461,1
"“Ah, mas ele já me ama, tem sentimentos”  Tudo bem você pensar assim. Não tem nenhum problema. Mas ele precisa de um cérebro para ter os sentimentos, para amar você e saber o que está acontecendo. É o cérebro que comanda tudo #AbortoSIM",Se você não quiser abortar e seguir com sua gestão até o final você tem total liberdade para isso. Assim como uma mulher que não quer gerar uma criança dentro dela deveria ter o direito de interromper essa gestação #AbortoSIM (obs: no prazo em que o feto não sente nada),1,0.1027777120471,0.8972223401069641,0
Não normalize a ignorância!!  Não acha aborto certo? Não aborte. Não impeça outra pessoa de realizar de forma segura. #AbortoSim,Gente que tá defendendo #AbortoNao  por favor não usem o argumento do estupro (como única condição para o aborto). Eu acho horrível acharem que para a mulher ter direito de opinar sobre o próprio corpo ele tenha que ter sido violado antes.   #AbortoSIM,0,0.1029518991708755,0.8970481157302856,0
"O que deve ser defendido é o acompanhamento psicológico da mulher após o estupro, para ela ter ciência e consciência do que fazer. Não é culpa da criança a situação na qual é concebida, ela não deve ser punida.  #AbortoNao",Antes desse tema ser tratado deveriam criar uma lei rígida para pais irresponsáveis que não assume seus filhos e deixam mães sozinhas com tamanha responsabilidade...#AbortoSim,0,0.1069203093647956,0.8930796384811401,0
#AbortoNao  Aborto deveria ser caracterizado com crime doloso qualificado.,"Em relação a esse tema, eu sempre parto da premissa de que: o aborto é uma questão de direitos sexuais e reprodutivos – Todas as pessoas têm o direito de decidir sobre seu corpo, sua liberdade e seu futuro. #AbortoSIM",0,0.1069704592227935,0.8930295705795288,1
"O problema não é o aborto,pois existem vários casos como gravidez de risco etc... o problema são homens e mulheres irresponsáveis que fazem sexo sem pensar nas consequências,como a gravidez,então como dito o problema são vcs #AbortoNao",Que não pensam se poderão dar uma vida digna tanto para a criança como para vcs mesmo #AbortoNao,1,0.1086805462837219,0.8913193941116333,0
"Uma mulher tem o direito de fazer o que ela achar melhor pra ela e não precisa da opinião de ninguém, e para os homens que subiram essa tag, é aquele ditado né, sem útero, sem opinião #AbortoNao","Sem útero, sem opinião",2,0.1115697920322418,0.8884302377700806,0
"vim aqui com meu útero (pq é isso que se usa pra opinar aqui) pra dizer que sim, um feto é uma vida, e não eu não fui doutrinada pela igreja pra pensar isso, eu estudei, e não, você não tem o direito de me xingar nos comentários pq eu penso diferente.  #AbortoNao","É que você ter útero e dizer que não faria um aborto é uma escolha e é importante ter liberdade pra escolher, assim como eu, que também tenho útero, gostaria de poder escolher fazer um aborto, caso julgasse necessário.",2,0.1152318492531776,0.8847681283950806,1
"Aborto não devia ser nem discutido. O feto nem tem vida antes de 3 meses, e mesmo depois ainda é um bebê que nem nasceu. Pra que fazer a criança e a mãe sofrer? Vai se foder, babaca. #AbortoSim","Homens não têm nem direito de opinar sobre isso, porra. #AbortoSim",1,0.118349090218544,0.8816509246826172,0
O aborto deve ser uma escolha única e EXCLUSIVAMENTE da mulher. A legalização do Aborto não significa que você é pro-morte mas sim que não quer mulheres pobres morrendo em clínicas de aborto clandestinas por não ter dinheiro para pagar por clínicas caras  #AbortoSim #AbortoNão,adoro entrar nessa discussão pq sou contra o aborto e a favor da legalização,2,0.119607038795948,0.8803929686546326,0
#AbortoSim pq nenhuma criança merece nascer nesse mundo horrível e nenhuma mulher merece ser mãe sem amar a criança,Tudo pela vida! #AbortoNAO,0,0.1203890666365623,0.8796108961105347,1
#AbortoSim só vcs darem o cu suas porras,#AbortoSim se não como é que a nossa Pepsi geladinha vai ser adoçada???,0,0.1217331811785698,0.8782668113708496,1
Se vc não foi abortado vc não tem ligar de fala  #AbortoSim É burrice,#AbortoNao seus filhos da puta.,0,0.1251343041658401,0.874865710735321,0
#AbortoSim  não é porque sou a favor que vou abortar,"#AbortoNunca eu vejo agora o pessoal subindo a tag #AbortoSim e elas falando que so quem tem utero pode dar a sua opnião, 5 min eu vi um travesti (que na verdade e homem) dando a sua opnião...",0,0.1259133666753769,0.8740866780281067,-1
Sou mulher e digo #AbortoNao,ok eu sou mulher e digo #AbortoSim,1,0.127217099070549,0.8727828860282898,0
Esses hômi que tão se meteno a falá #AbortoNao  tão em dia com as pensão??,"Pois é...Se os homens engravidassem, o aborto já seria legalizado há mto tempo #AbortoSim",1,0.1289849430322647,0.8710151314735413,0
"porra de #AbortoNao , se a mulher quiser abortar por algum motivo ou não, ELA q deve decidir, q saco","“Homem não tem lugar de fala sobre aborto.” Ué, e se o bebê for homem? #AbortoNao",0,0.1297284662723541,0.8702715039253235,1
"Camisinha não é 100% seguro pode rasgar e furar, o aborto também não é 100% seguro a mulher pode estar na melhor clínica que ela pode morrer fora as questões psicológicas que vem depois do aborto essa nenhuma clínica vai poder tirar o peso na consciência.   #AbortoSim","A galera do #AbortoSIM  pensa que é assim vai lá aborta e fim resolveu o problema, o Sus demora provavelmente quando a moça ligar para a mulher autorizando o aborto o bebê já vai está nascido. Clínica particular um aborto seria um absurdo.",1,0.1312766820192337,0.8687233328819275,0
"A menos que você esteja grávida, #AbortoNao é da sua conta.",Pessoas que não conseguem entender que crença pessoal não tem que interferir na vida de outras pessoas (aka impor crença) e que aborto não é questão de opinião e sim de saúde pública...,2,0.1316643953323364,0.8683356046676636,0
Defender o aborto depois que vc nasceu é fácil! #AbortoNunca #AbortoNao,KKKKKKKKKKKKKKKKKKKKKKKKKKKKKKKKKKKKKKKKKKKKKKKKKKKKKKKKKKKKKKKKKKKKKKKKKKKKKKKKKKKKKKKKKKKKKeu nem queria nascer meu amor,2,0.1323969513177871,0.8676031231880188,1
"Pra quê aborto, se você pode:  1° Fechar as pernas.   2° Tomar remédio.  3° Usar preservativo.  #AbortoNAO",Para ficar dizendo que anticoncepcional faz mal e continuar levando leitada no fundo do útero.  #AbortoNao,1,0.1384422183036804,0.8615577816963196,0
Vc n pode ser comunista e ao mesmo tempo defender que seu corpo é uma propriedade privada KKKKKKKKK,Muito menos se dizer cristã e feminista. #AbortoNAO,2,0.138647049665451,0.8613529801368713,0
#AbortoNao  Aborto é caro  Não quer ter filho? Usa o aro.,Se fosse só se preservar não haveria gravidez indesejada #AbortoSim,1,0.138726606965065,0.8612733483314514,1
"O aborto tem q ser permitido, pra evitar q crianças cresçam em ambientes onde não são amadas, vivem passando necessidades e acabam sofrendo grandes traumas! Essa foto é de um bb q nasceu com o DIU na cabeça, nenhum modo de prevenção é 100%  #AbortoSim",""" engravida quem quer"" hmmm... sério? #AbortoSIM",2,0.1427035927772522,0.8572964668273926,0
"Todo mundo que apoiava a escravidão era livre, todo mundo que apoia o aborto já nasceu.   Falam em ""aborto seguro"". Pergunto, para quem? Afinal, o bebê sempre morre. #AbortoNao",kkkkkkkkkkkkkkkkkk GENTEkkkkk o bebe sempre morre,2,0.1481568813323974,0.8518431186676025,1
Aborto é homicídio. Aborto de feto feminino é feminicídio. #AbortoNao,eu não acredito que estou lendo alguém dizer que um feto tem genero,2,0.1512949764728546,0.848704993724823,1
"Esquerdopatas defendendo o direito de matar bebês na barriga das suas mães.  Nesse caso, quem defende o direito à vida, poste:  #AbortoNAO !",O mais momento a luta não é pela vida? #AbortoNAO,1,0.1527845710515976,0.847215473651886,0
"Pq as pessoas ligam tanto pro aborto e não pro abandono paternal, vamo criar vergonha na cara né #AbortoSim","O sou a favor do aborto, mas não concordo quando dizem que é uma decisão exclusiva da mulher. Se o parceiro pedir para a mulher abortar e ela quiser prosseguir na gravidez, ele não deveria ser responsabilizado pelo bebê. A mãe decidiu prosseguir, não ele.  #AbortoSim",0,0.1531413197517395,0.8468586802482605,1
"""Quem é cidadão de bem se sair na rua pode ser preso por desobediência...  Mas quem está preso por assalto, estupro, roubo, agressão, será solto."" E pra piorar STF quer aprovar o aborto. Se mundo for acabar esse ano eu aposto que começa  aqui. Eita bandidagem!   #AbortoNao","Gravidez acidental o caralho, tem uma caralhada de métodos contraceptivos disponíveis, aborto não é saúde pública e o bebê não faz parte do corpo da mãe. #AbortoNao",0,0.1537462174892425,0.8462538719177246,0
O bem venceu o mal #AbortoNAO,#AbortoSim quem é contra aborto que adote pelo menos 1. Desafio posto.,0,0.1557909697294235,0.8442090153694153,1
Viva a vida. Não ao  #AbortoNao,"Engraçado que aqueles que defendem o aborto são os mesmo que dizem pra ficar em casa pra não morrerem de coronavírus, a hipocrisia e incoerência a gente vê por aqui  #AbortoNao",0,0.1573787033557891,0.8426213264465332,0
Que # é  essa? Porra de aborto... se não  quer ter filho  é  so se prevenir  se engravidou assuma as consequências dos seus atos.  #AbortoSim,Aborto não  #AbortoNao,0,0.1579738557338714,0.8420261740684509,0
"Nessa briga de #AbortoSim e #AbortoNAO eu irei dar minha opinião como biólogo. Um feto só é considerado vivo a partir da 3 semana de gravidez (quando o sistema nervoso se forma). Portanto, um aborto antes desse período não é um assassinato, pois o que está dentro dá mulher ainda-","Quando vejo pessoas falando que aborto é um ""direito individual que deve ser respeitado"", só consigo lembrar daquela célebre frase do Paulo Kogos:  ""As fezes dos vermes valem mais do que a vida dos liberais"" #AbortoNAO",0,0.1692423969507217,0.8307576179504395,1
"Só pra lembar que 5,5 milhões de crianças no Brasil não tem o nome do pai no registro, mas nem por isso abandono paterno é considerado crime   #AbortoNao #AbortoSim","@ Aborto não, aborto é crime, há um inocente sem crime algum. Você ainda tem coragem de defender isso? O criminoso é você quem devia ter sido abortado era você!!  #AbortoNao  #ABORTONAO",1,0.1697068363428115,0.8302931785583496,1
#AbortoNao  Melhor dizendo assassinato de criancinhas no ventre das suas mães.,"Legalização do #AbortoNao é papo pra homem. A decisão não é sua, é da mulher. E mulheres, vcs também não tem o direito de opinar sobre oq uma mulher vai fazer com o feto, vc decide o seu caminho, não o das outras.",0,0.1714217364788055,0.8285782933235168,1
"vim aqui com meu útero (pq é isso que se usa pra opinar aqui) pra dizer que sim, um feto é uma vida, e não eu não fui doutrinada pela igreja pra pensar isso, eu estudei, e não, você não tem o direito de me xingar nos comentários pq eu penso diferente.  #AbortoNao",primeiro que isso não é nem um feto,2,0.1726765036582946,0.8273234367370605,1
"Todo mundo que apoiava a escravidão era livre, todo mundo que apoia o aborto já nasceu.   Falam em ""aborto seguro"". Pergunto, para quem? Afinal, o bebê sempre morre. #AbortoNao","????? kkkkkkkkkkkk ""todo mundo que apoia o aborto nasceu""",2,0.1741615533828735,0.8258385062217712,1
"Sei, ela sabe disso? Que você é casado com ela? Ela é um manequim também?",Rapaz como até essa aí da foto com vc,1,0.1754584908485412,0.8245415091514587,1
"#AbortoNao #AbortoSim mano,eu penso assim : se a mulher fala ""falo oq eu quiser com meu corpo,ninguém manda nele "" mas querem abortar o feto,tipo o feto não é seu corpo,por quê vai decidir por ele?",Não normalize a ignorância!!  Não acha aborto certo? Não aborte. Não impeça outra pessoa de realizar de forma segura. #AbortoSim,0,0.1798782795667648,0.820121705532074,1
#AbortoSim só vcs darem o cu suas porras,"#AbortoNao #AbortoSim  Tem como ir pra outra realidade onde td mundo é sensato? Juro q n to aguentando, CoronaVirus me leve daq",0,0.1862708777189254,0.8137291073799133,1
"É uma VIDA indefesa, que não pediu para ser gerada. Ela está aí? Deixe-a vir. Não tem condições (física, financeira, emocional...) para cuidar? Não mate! Entregue para adoção.  STF, diga não ao aborto. #AbortoNao #AbortoNunca",Não tem condições pra cuidar dos filhos dos outros? Então não dê pitaco sobre o aborto dos outros. #AbortoSim,1,0.1867113262414932,0.8132886290550232,1
"""vocês que usam a tag #AbortoNao são exatamente isso:"" mulheres abortistas são exatamente isso:",Pqp kkkkkkk,2,0.1928097456693649,0.8071902990341187,0
"""vocês que usam a tag #AbortoNao são exatamente isso:"" mulheres abortistas são exatamente isso:",Se esse vídeo for a favor do aborto então ele é perfeito  #AbortoSim,2,0.1946399062871933,0.8053600788116455,-1
"Já questionei várias vezes, mas até agora nada.  Sabem de algum caso em que a mulher abortou o filho de um jogador de futebol?  #AbortoNao!","ok então, cada vez que uma mulher quiser abortar você vai cuidar dessa criança dps que ela nascer ok?",2,0.202580451965332,0.797419548034668,1
Só pra lembrar que eu sou a favor da liberação do #AbortoSim,"SOMOS contra o aborto! Ajudem, vamos mostrar a eles que não concordamos com isto!  #AbortoNao",0,0.2059483826160431,0.7940515875816345,1
"""vocês que usam a tag #AbortoNao são exatamente isso:"" mulheres abortistas são exatamente isso:","As justificativas da tag #AbortoSim estão me lembrando aquelas pessoas que são a favor de exterminar todos os mendigos e todos os drogados para diminuir a violência e a pobreza. Estão falando que se a criança não nascer, ela não vai crescer com dificuldade em um ambiente toxico",0,0.2091105431318283,0.7908893823623657,0
"Pior. Imagine se xilique se junto com o aborto livre no SUS, o  homem fosse desobrigado de pagamento de pensão em caso de não existir relacionamento prévio.","Eu chegaria nisso, se a mulher pode escolher não ter, caso o homem não queira e ela insista, ele fica livre da pensão?",1,0.2100206911563873,0.7899793386459351,0
#AbortoNao a vida é muito valiosa para ser extinta por alguém m.,Ai gente temos sempre que reforçar #AbortoSim,0,0.2109700590372085,0.7890299558639526,1
"O STF pautou para o dia 24 de abril o julgamento de uma ação que autoriza o aborto em casos de infecção por zika vírus. Enquanto estamos lutando pela vida no caso coronavirus, alguns lutam pela morte. O diabo NUNCA dorme. #AbortoNao","Apesar que o aborto tá previsto em lei,em casos de estupro,gravidez de alto risco no qual a mãe corre o risco de morrer,quando os bebês nascem com ausência de cérebroaté aí é o direito delas,mas muitas querem abortar como fosse ir no banheiro defecar,#AbortoNunca  #abortoNao",1,0.2208556532859802,0.7791443467140198,0
"Ser humano, se tornem humanos!!!#AbortoNao","Homem não tem o direito de opninar, nem se for o filho dele ? Affs cada uma... #AbortoNao",0,0.2231864482164383,0.7768135666847229,0
"Vamos ser realistas! No Brasil o aborto é proibido, no entando muitas mulheres abortam. #AbortoNao #AbortoSim","Uma criança que vai nascer, por exemplo, de uma usuária de droga, em uma familia desestruturada, é melhor mesmo nem vir ao mundo. Só quem sabe o q é ser rejeitado pela familia sabe como é. #AbortoSim #AbortoNão",1,0.2248097062110901,0.7751902341842651,0
"Nenhuma sociedade civilizada permite que um ser humano intencionalmente prejudique ou tire a vida de outro sem punição. O aborto não é uma forma de contracepção, mas assassinato. Quem defende essa monstruosidade está fazendo apologia e deve responder criminalmente. #AbortoNao!",Se eu comer uma sopa de letrinha cago um argumento melhor que esse,2,0.2377267777919769,0.7622732520103455,1
"E é sempre importante enfatizar que o aborto é uma questão de saúde pública e ñ de crenças. O Estado é laico e por ele ser laico, ele deve promover políticas públicas e ñ religiosas. Essa definição de ""quando começa a vida"" vai variar de acordo com a crença de cada um. #AbortoSIM",A legalização abre portas pra uma política pública mais responsável que pensa nos direitos de todas as gestantes e isso independe de sua religião. #AbortoSIM,1,0.2519106864929199,0.7480893135070801,0
"#AbortoSim   Vejo muitas pessoas dizendo que fetos tem vida, Na real NÃO há uma definição científica para quando eles são considerados uma  A Questão é que no Brasil, O abandono de crianças é extremamente alto, E o aborto é necessário sim  (...)","Dês de que   Tenha uma idade limite para um feto ser abortado, Até cinco meses  Que as mulheres tenham um acompanhamento psicológico  E tenha sido vítima de abuso, ou não tem condição.  Cansada de ver catarrento na rua  #AbortoSim",1,0.2532591819763183,0.7467407584190369,0
"O estado é laico, mas usar religião como argumento pra ser contra o aborto, daí pode, né?!  #AbortoSim","Em plena crise de corona vírus o STF se alia aos governadores, prefeitos e políticos que se dizem preocupados com a vida e ao mesmo tempo quer deliberar pelo assassinatos de bebês indefesos, é isso? #AbortoNao",0,0.2555393278598785,0.7444606423377991,1
"Em época de pandemia, eis que surge o #STF #STFVergonhaNacional  #AbortoNao","a *legalização* do aborto é uma questão de saúde pública e não uma discussão sobre ideologia/crenças, mas acho que vocês ainda não estão preparados para ter essa conversa   #AbortoSim",0,0.2595899701118469,0.7404100298881531,1
Você é favorável a legalização do aborto?,Não sou favoravel ao aborto ! #AbortoNao,2,0.264347642660141,0.7356523275375366,0
"Se fosse é um homem e fala #AbortoNao, cale essa sua boca.   A IBGE aponta que temos mais de 10 milhões de mães solos no Brasil.   Há mulheres que abortam por não ter apoio familiar ou do MARIDO, ou então, pq ela não quer um filho  Como rachel green disse: SEM ÚTERO, SEM OPINIÃO","Sempre há homens que dizem ""se não quer ter filhos, se previna""  Bom, os preservativos mais usados são os masculinos, e se um homem quer ter relações com uma mulher, ele não deveria ter um preservativo na carteira? Só pra depois ele não vir no twitter e twitar #AbortoNao",1,0.2655940055847168,0.7344059348106384,0
se homem ficasse gravido o aborto ia se um mandamento da biblia   #AbortoSim,Imagina vc ser assim não ironicamente,2,0.2663634717464447,0.7336364984512329,1
É um desgosto atras do outro entrar na tag #AbortoNao é cada pensamento retrogrado e egoísta que pqp...,"#AbortoNAO  Vc pode ser contra o aborto sendo homem, mulher o caraio a 4 Homem também fornece material genético pra formar a criança  Sim, somos contra o aborto CHORA",0,0.2717229127883911,0.7282770872116089,1
Ser favor da legalização do  aborto não significa querer abortar e sim entender que cada mulher faz oq julga melhor para seu próprio corpo e entender que se no seu corpo manda Deus no meu mando eu  #AbortoSim,Querer o fuzilamento dos abortistas em paredão não significa puxar o gatilho. E deve ser o único crime que é justificado na bíblia nem Cristo que é puro amor tolera abortistas. #AbortoNao,1,0.2720962762832641,0.7279036641120911,1
"O STF mais uma vez pretende extrapolar suas competências tentando legislar sobre o aborto.  O aborto é a tirania do mais forte contra o mais fraco, um atentado contra vida comparável ao assassinato.  #AbortoNAO",Eu to achando engraçadíssimo um monte de gente sem utero opinando no aborto,2,0.2743375301361084,0.7256624698638916,1
"#abortonao pfvr me chamem na dm pra podermos discutir isso,estou aberta a quem quiser mudat minha opiniao ou so conversar sobre o assunto,sem pressao sobre a opiniao nem censura,so apresentar oque vc acha sobre isso",Chega a ser engraçado ver q só tem homem enaltecendo a tag #abortonao k k chacota,0,0.2846591472625732,0.7153409123420715,0
#AbortoNao   Cadê agora o “toda vida importa” da lacrolandia global?!,o mais engraçado é ver mulher nessa tag #AbortoNao kkkkk nem sabem oq tão falando,0,0.2870881259441376,0.71291184425354,1
"nós libertários austríacos somos aos mais ferrenhos defensores das liberdades individuais, mas nós não defendemos o aborto indiscriminado, pois esta prática significa uma violação leviana dos direitos naturais do indivíduo que será brutalmente assassinado, o que faz do aborto","algo eticamente desprezível.  Algum acréscimo, ?",1,0.2953622937202453,0.7046377658843994,0
Sou #AbortoNao e #AbortoSIM . Aborto não pode ser usado pra corrigir a irresponsabilidade de mulheres e homens porém a legislação precisa ser rápida e eficaz para vítimas de crimes sexuais e quando a gestão pode gerar risco para mãe e sofrimento para o bebê em casos graves.,"o mais engraçado é que só tem homem branco hétero cis dado pitaco para subir essa tag, sendo que não serão eles que vão engravidar #AbortoNao",0,0.2953663170337677,0.7046337127685547,-1
e acredite se quiser mas só não é legalizado o aborto por causa que o nosso país é governado por homens brancos que acham que pode decidir pelo corpo da mulher!!!! #AbortoSim,"Trata-se de uma questão de saúde pública, centenas de abortos são feitos todos os dias. O aborto clandestino mata, a legalização é essencial para assegurar a vida e a dignidade das mulheres #AbortoSim",0,0.2992631793022156,0.7007368206977844,0
"#AbortoNao  Por mais que se tente, não dá para apagar o rastro de um aborto na própria biografia. É uma marca para sempre.","#AbortoSim porque o aborto nesse país já é legalizado para mulheres ricas! Só quem sofre nesse país com métodos precários e ""caseiros"" de abortamento, com complicações graves de saúde e sem tratamento psicológico adequado são as mulheres pobres.",0,0.3048834204673767,0.6951165199279785,1
To só passando pra disser que #AbortoSim,É ridículo quanta gente aqui defende #AbortoNao com religião.  #AbortoSim porque a segurança das mulheres que morrem em clínicas clandestinas também é importante,0,0.3125432431697845,0.6874568462371826,0
"Mesmo apoiando o aborto, por entender que a mulher pobre é a maior vitima no caso dos abortos clandestinos e na dificuldade de criar o filho, não apoio o argumento que ""O corpo é meu e faço o que quiser com ele"". Aborto é questão de vida e não vaidade   #AbortoSim",Vergonha Nacional #AbortoNAO #AbortoNunca,0,0.3139833807945251,0.6860166192054749,1
O que vai ser julgado no STF vai ser o  aborto em caso de infecção por zika vírus.  #AbortoSim,#AbortoNao kkkkkk só tem macho nessa tag! Depois as pessoas me pergu ntam o pq de eu militar tanto na causa do machismo,0,0.3275979161262512,0.6724021434783936,0
"homens vcs NÃO tem direito de levantar a hashtag #AbortoNao . vcs não engravidam, vcs não passam pelo o parto, vcs n ficam com leite na teta, vcs não tem útero. #AbortoSim #aborto",#AbortoNao  Aborto é caro  Não quer ter filho? Usa o aro.,1,0.3285863995552063,0.6714136004447937,1
Aborto é  elitista e racista pra cacete sim e não ver quem não quer ou é  muito inocente (MUITO).  #AbortoNao,"ue mores, é só vcs n abortarem kkkkkkkkkkkkkk #AbortoNao",0,0.3431366980075836,0.656863272190094,1
Aborto bom é aborto assim. #AbortoSim,"Crianças depois q nascem nem se importam, agr um feto q nem seu filho vai ser quer vir da opinião #AbortoSim  #AbortoNunca",0,0.3504115343093872,0.6495884656906128,-1
O STF que disse que irá obstruir qualquer decisão do governo de acabar com a quarentena pq se importa com vidas pautou para o dia 24/04 decisão que pode legalizar o aborto para fetos com microcefalia. #STFVergonhaNacional,"Não só com microcefalia , mas os que são acometidos de outros males também! Um bando de morcegos assassinos !  #AbortoNao",2,0.3588174879550934,0.6411824822425842,0
"falei sobre aborto me posicionando a favor em meu instagram. se eu já tava perdendo seguidores por causa da minha exposição gay, agora então... Kkkkkkkkkk amo! aguardando os argumentos dos religiosos e conservadores lá. #AbortoSim",educação sexual para decidir contraceptivos para não abortar aborto legal e gratuito para não morrer #abortoSIM,0,0.3598905503749847,0.6401094794273376,0
"#AbortoNao  Se vc defende aborto, seria justificável que você poderia ter sido abortado?  As coisas naturais são uma premissa, o corpo da mulher não deveria ter contato com HPV antes de estar completamente formado. Quando antecipa a maturidade, sexo, tbm antecipam os problemas.",#AbortoNao Se você concorda com a frase acima vai se foder te odeio,0,0.3606017827987671,0.6393982172012329,1
É justo eliminar uma vida humana para resolver um problema? #AbortoNAO,paga de cristão a favor da vida mas quer pena de morte  e a hipocrisia rola solta,2,0.3630327582359314,0.6369672417640686,1
"A tag #AbortoNao já passou dos 100.000 tweets!  Obrigada, brasileiros. Felizmente, só uma minoria apoia ativismo judicial para matar bebês.","Engraçado que todos que apóiam a morte das crianças, estão vivos né  hipócritas Vagabundos #AbortoNao",1,0.3668473660945892,0.6331526041030884,0
Quem é você pra decidir quem vive ou não? O dono do mundo? Eu hein #AbortoNao,É direito da mulher decidir pelo seu próprio corpo e vida! #AbortoSIM #AbortoLegalYa #NiUnaMenos,0,0.3805553913116455,0.6194446086883545,1
#AbortoNao ou #AbortoSim simples e so da o cu nao engravida,"Gente, gente... vocês que estão aí discutindo #AbortoNao #AbortoSIM , tem uma coisa muito mais necessária... #MonarquiaJa",0,0.3920927941799164,0.6079071760177612,0
Uma dúvida: A galera que tá postando #AbortoNao vai arcar com a criação dos filhos das pessoas que postam #AbortoSim?,"Se os #AbortoNao são a favor da vida, todos são contrários a pena de morte?",1,0.3961926400661468,0.6038073897361755,0
queria saber pq tem um monte de mula levantando a #abortonao se nem utero tem...,Pessoal do abortosim abortando neurônios tá engraçado,0,0.4005257487297058,0.5994742512702942,1
"Temos hoje milhares de mulheres morrendo ou adquirindo doenças graves, por causa de abortos feitos em locais não apropriados, com materiais mal higienizado e por pessoas que não são médicas. O aborto já devia ser legal a muito tempo. #AbortoSim",Aborto nunca! #AbortoNao,0,0.4037840366363525,0.5962159633636475,1
"O FEMINISMO É MISÓGINO E RACISTA   Caso o feminismo defendesse as mulheres negras, as feministas seriam radicalmente contra o aborto, posto que a maioria dos bebês assassinados ainda no ventre são afrodescendentes e do sexo feminino.  O FEMINISMO É UMA FARSA  #AbortoNao","Nos EUA as mulheres negras representam 30% das mulheres que abortam, apesar da população afro-americana ser ""apenas"" 13%  A cada 5 mulheres afro-americanas que engravidam, 3 abortam.  O objetivo no Brasil é o mesmo. Eugenia #AbortoNAO",1,0.4042849838733673,0.5957149863243103,0
"Se o STF aprovar(que não é da competência deles) o aborto, tbm devem liberar a eutanásia pra qualquer adulto que já não aguentar mais sofrer num leito de hospital. Se o inocente pode ser assassinado, um adulto consciente deve ter direito de morrer. #AbortoNao",Se a mulher não quer filho e só doar  tirar a vida de um inocente Não e solução  #AbortoSim #AbortoNao,0,0.4122719764709472,0.5877280235290527,0
"Quem precisa de terapia são as abortistas, vadias que não dão valor a vida",Pleno seculo 21 e o minion acha que vadia é ofensa kkkkkkkkkkkkkkk,1,0.413655161857605,0.586344838142395,1
"Mandetta sustentou norma técnica dos governos petistas que permite médicos assassinarem bebês no ventre de suas ""mães"" sem que exista comprovação de violência sexual. Foram mais de 1.700 abortos em 2019, enquanto mães davam à luz em corredores por falta de leitos. #AbortoNao",Mais um motivo para #ForaMandetta,2,0.4243326783180237,0.5756673812866211,0
"As feministas que são a favor do aborto achariam legal um casal querer abortar pelo simples motivo do feto não ser um menino, sonho deles, mas veio uma menina. Seria certo assassinar essa menina por era ser menina, em nome da liberdade absoluta da mulher...?","Pleno 2020  e tem gente usando argumentos como :  ""Quando eu transo ,eu n espero engravidar""  ""Meu corpo minhas regras""  ""Vou matar o feto pra evitar que a criança la na frente sofra""  #AbortoNao",1,0.4289814531803131,0.5710185766220093,0
"""O aborto não é, como dizem, simplesmente um assassinato. É um roubo... Nem pode haver roubo maior. Porque, ao malogrado nascituro, rouba-se-lhe este mundo, o céu, as estrelas, o universo, tudo. O aborto é o roubo infinito."" Mário Quintana  #AbortoNao  #AbortoNunca","""Usar camisinha não é, como dizem, simplesmente um assassinato. É um roubo... Nem pode haver roubo maior. Porque, ao malogrado nascituro, rouba-se-lhe este mundo, o céu, as estrelas, o universo, tudo. Usar camisinha é o roubo infinito.""  #AbortoSim",1,0.4295619130134582,0.5704380869865417,1
Entrei na tag #AbortoNAO e tem muita gente que defende o aborto.  Provavelmente nunca passaram pela experiência de carregar uma vida no seu ventre.  Deveriam perguntar aos seus pais o que acham sobre o assunto.  Não há algo maior no mundo que o amor de mãe.,"E quem não quer criar, dê a criança para adoção. Tem muita gente querendo! #AbortoNao",1,0.4393585324287414,0.5606414675712585,0
Surreal! A corte das trevas tá se aproveitando desse momento pra dar um golpe no  povo e aprovar o aborto! Malditos!  #AbortoNao,"Que bom, eles assumiram a responsabilidade de milhares de mortes, eu só quero ver se tem algum idiota útil que se diz cristão, apoiar esse Castello maldito das trevas, esse STF tem sido morada do diabo.",2,0.4400877654552459,0.5599122047424316,0
"Pessoas no Twitter em qualquer ""debate"":""urdur nao concordo com sua opinião,  logo, va estudar antes de vim opniar porque eu nao sei nem discordar e dizer o porque voce ta errada apesar de obter TODO conhecimentos pipipipopopo"" #AbortoNao","#AbortoNao “Um país que aceita o aborto não está a ensinar os seus cidadãos a amar, mas a usar a violência para obterem o que querem. É por isso que o maior destruidor do amor e da paz é o aborto.” - Madre Teresa de Calcutá.",0,0.4416349232196808,0.5583651065826416,1
"#AbortoNao Incoerência esquerdista. 8:00 ... Fique em casa,vamos preservar a vida.  9:00 ... #AbortoSim","#AbortoSim sabe o pq? se a mulher for abortar não vai ser uma lei que vai impedir ela, ela vai em clínicas clandestinas ou arrumar outro jeito de abortar, podendo correr até mesmo risco de vida dos dois!",0,0.4819856286048889,0.5180143713951111,1
"#AbortoNao KKKKKKKKKK só homem comentando na tag, vão se fuder vermes",Vc não é dona do corpo inocente do bebê! #AbortoNao,0,0.4820246696472168,0.517975389957428,1
#AbortoSim rsrs n vou comentar sobre mas tinha q deixar minha opinião aqui,"Nessa #AbortoNAO só vi gente defendendo a #AbortoSim,bom",0,0.4855178594589233,0.5144821405410767,0
"só os seguidores do bolsonaro nessa hashtag,só argumento pica   #AbortoNao","não posso ver uma tag política que quero participar, neah #AbortoSIM",0,0.4885376989841461,0.5114622712135315,0
Você já nasceu né. Então não impeça de outras vidas de nascer! #AbortoNAO,#AbortoNao vc já nasceu diga nao,1,0.495410680770874,0.504589319229126,0
Como é ridícula essa reshteg #AbortoSim MINHA PORRA JORRADO DENTRO DA SU BUCETA MINHA OPINIÃO!,"Sou contra o aborto e contra qualquer tipo d violencia, mas quem faz nao me da o direito d julgar. Isso cabe à Deus ou à justiça. Fora todo tipo d violência e ódio. #AbortoNao #ArmasNao #BolsonaroNao #HomofobiaNao #IntoleranciaReligiosaNao #MortesNao #PreconceitoNao  #RacismoNao",0,0.5050742626190186,0.494925707578659,1
Métodos preventivos falham se vc n sabe,"Logico que sim, nada é 100%, por isso sexo tem que ser responsável, abrir as pernas e depois lamentar é fácil...",1,0.5186029672622681,0.4813970625400543,1
"Só pra lembar que 5,5 milhões de crianças no Brasil não tem o nome do pai no registro, mas nem por isso abandono paterno é considerado crime   #AbortoNao #AbortoSim",@ Então q coloco responsabilidade n pai. Vamos mayar inocentes pq o pai é  irresponsavel? #AbortoNao,1,0.5223283171653748,0.47767174243927,1
Eu amo ser mãe! #AbortoNao,"Quem não quer filho tirem seus úteros, porque isso é seu!!! #AbortoNao",1,0.5447977781295776,0.4552022516727447,0
"Em meio à pandemia e palavras de todos em preocupação com as vidas, o STF resolve deliberar sobre aborto. Os humanistas que se alimentam de fetos já lambem os lábios.  #AbortoNao",Hmmm que vontade de comer um feto assado com batatas hj,2,0.549022376537323,0.4509777128696441,1
não acredito que ainda tenho que ficar lendo essas coisas...  será que nunca as mulheres vão ser respeitadas como merecem???? #AbortoSIM,"#AbortoSim meu corpo matem fetos. #FicaEmCasa temos que salvar vidas do grupo de risco.  Galera bora escolher ta osso,abortar e interromper uma nova vida ou salvar os velhinhos ?  Eita paradoxo em....",1,0.5609773397445679,0.4390226602554321,1
"Dai vem pró vida dizer que só é a favor do aborto em casos de estupro, só reforcam mais que nao ligam para a ""vida"" e sim em crucificar mulheres a respeito do seu consentimento #abortosim",Surreal! A corte das trevas tá se aproveitando desse momento pra dar um golpe no  povo e aprovar o aborto! Malditos!  #AbortoNao,0,0.5653364658355713,0.4346635043621063,1
"#AbortoNao Pessoas que comentam sobre isso:  Não vão criar a criança, acham que orfanato é igual chiquititas, tem uma realidade de vida oposta da mulher, matam animais inocentes que sentem a mesma dor de uma criança, dão mais valor a um feto que a vida de uma mulher!",A coisa mais correta e sensata que já li inclusive,2,0.5731454491615295,0.4268546104431152,0
"Aborto tem que ser legalizado sim, mas vocês não estão prontos pra essa conversa.  #AbortoSim","STF quer o caos, eles vivem do sangue alheio. São iguais a Marina Abramovic, usam sangue em todas ocasiões! #AbortoNao",0,0.5781007409095764,0.4218992888927459,1
"Em live feita pelas redes sociais, nesta quarta-feira (15), o prefeito de Curitiba, Rafael Greca, anunciou que o comércio pode retomar suas atividades, desde que siga uma série de medidas que vão ser publicadas no Diário Oficial do Município.  Viva Curitiba!",Viva Curitiba  Deus abençoe e tudo vai dar certo. #AbortoNao,2,0.5907559394836426,0.4092440009117126,0
"Não quer correr risco de engravidar, faz sexo anal porra #AbortoNao","uma moça se casou com um cara muito rico,depois de um ano de casada ela vai a casa do pai e se desabafa pai quando eu casei meu cu era do tamanho de uma moeda de 0,10 centavos e agora ta parecendo um moeda de 1,00 real. mas filha vc vai largar dele por causa de 0,90 centavos!!!",1,0.6016868352890015,0.3983131945133209,0
Resumindo quem tá no #AbortoSim nesse Twitte...  #AbortoNão,"Eu já vi tanto sobre o sim e o não que cansei, vou dar o mesmo conselho: vai estudar pra dps rebater ou falar merda e passar vergonha. Felizmente o outro do post pelo menos fez algo bom e eu rebati e forma resumida. Se n entendeu, problema seu.  #AbortoSim",1,0.603646457195282,0.396353542804718,1
"Bora de enquete, marca aí sua opinião sobre o aborto..  Em seguida se possível de para alcançar mais pessoas, enois. #AbortoNao #AbortoSim #AbortoNunca","#AbortoNao O aborto tem q ser permitido, pra evitar q crianças cresçam em ambientes onde não são amadas, vivem passando necessidades e acabam sofrendo grandes traumas!  #AbortoSim",0,0.6076681017875671,0.3923318684101105,0
ABSURDO: Ministro Mandetta gastou 25 MILHÕES na compra de GEL LUBRIFICANTE anal para os PRESOS em 2019 #AbortoNao  Fonte:,é preciso investigar #PedePraSairMandetta,2,0.6154937148094177,0.3845063149929046,0
"O corpo é &gt;&gt; NOSSO &lt;&lt; então a gente faz oq QUISER e o que achar MELHOR. É um direito da MULHER portanto cabe a ELA escolher se quer ou não ter o filho, e não o estado ou a religião. #AbortoSim",30 comentários kkkkk medo de ser aquela raça que,2,0.6239482760429382,0.3760517239570617,0
"#AbortoSim A MULHER TEM O DIREITO DE ESCOLHER SER MÃE OU NÃO, RESPEITEM SUAS ESCOLHAS, SEU CORPO!",o meu corpo é meu. meu corpo não é um parquinho político. não é um lugar para legislações. é meu e é o meu futuro,2,0.6365472674369812,0.3634527623653412,0
"O STF pautou para o dia 24 de abril o julgamento de uma ação que autoriza o aborto em casos de infecção por zika vírus. Enquanto estamos lutando pela vida no caso coronavirus, alguns lutam pela morte. O diabo NUNCA dorme. #AbortoNao",Acho engraçado que deixar uma criança  nascer com deformação  e viver dependente dos pais e da Boa ação  do governo em casos que a família seja pobre para ter um acompanhamento por conta da doença pelo sus seja algo que pro vida ache mais viável que o aborto  Sinceramente...,2,0.6525636315345764,0.3474363982677459,1
"Mulher tem o direito de tudo mesmo, mas não é por isso que temos que tirar uma vida ! #AbortoNao","Lockdown não existe.  e  , vcs serão responsabilizados pela catástrofe que estão provocando por inércia e autoritarismo. #BoraTrabalhar #AcordaBrasil #BoraTrabalharBrasil #AbortoNao #STFVergonhaNacional",0,0.6606290340423584,0.3393709659576416,0
"A Convenção sobre os Direitos da Criança e do Adolescente afirma em seu preâmbulo que “a criança, em razão de sua falta de maturidade física e mental, necessita proteção e cuidados especiais, incluindo proteção jurídica apropriada antes e depois do nascimento”.  #AbortoNao","Convenção Americana de Direitos Humanos, art. 4º, 1, dispõe:  “Toda pessoa tem o direito de que se respeite sua vida. Esse direito deve ser protegido pela lei e, em geral, desde o momento da concepção. Ninguém pode ser privado da vida arbitrariamente”.  #AbortoNao",1,0.6759111285209656,0.3240889012813568,0
"É fácil ser contra o aborto, mas não adotar crianças de orfanatos nem ajudar a mãe após o nascimento #AbortoSim","Ninguém pediu a minha opinião sobre o aborto, mas vou dá-la mesmo assim.   Minha opinião é a mesma exata opinião do Dr. Thomaz Gollop, que ele, com toda a sua sabedoria, resume perfeitamente nesta entrevista, entre 1:40 - 2:20.   #AbortoSim",0,0.6783453822135925,0.3216546475887298,0
"Todo mundo que apoiava a escravidão era livre, todo mundo que apoia o aborto já nasceu.   Falam em ""aborto seguro"". Pergunto, para quem? Afinal, o bebê sempre morre. #AbortoNao",uma pessoa que fala uma coisa dessas so pode comer merda,2,0.6803654432296753,0.3196345567703247,1
"Imagens chocantes, mas necessárias para demonstrar a triste realidade e para compreendermos a importância da luta pelo #AbortoNao!  Esta criança foi assassinada com 18 semanas de gestação, foi usado o método de aborto salino — observe a pele queimada. Imagens: Pro Life Society.","Passaram de todos limites esses canalhas, já não basta o que estão fazendo com o Brasil querem acabar com as crianças chega nação acordem pras portas dos quartéis dia de semana em massa e urgente .",2,0.6935400366783142,0.3064599335193634,0
"#AbortoSim #AbortoNao  Sabe uma coisa que ia ser legal? Pena de morte para os paiS que abortrem ou concordarem com isso, aí ia querer ver se ia ter essa merda já que a vida de um bebê n vale a de mais ninguém vale","""Gente, esse negócio de Monarquia é retrocesso""   Olha lá o cara que não sabe diferenciar Pedro Álvares Cabral, Dom Pedro I e Dom Pedro II. HAHAHAHAHAHAHAHAHAHAHAHAHA  #MonarquiaJa #AbortoNao #MonarquiaJá",0,0.6969113945960999,0.3030886650085449,0
"Galera #AbortoNunca já parou pra pensar que a opinião/religião de vocês NÃO deve interferir na vida de outras pessoas? Se você não é de acordo,não faz.  Em um país democrático acho um absurdo você tirar o direito de um cidadão decidir o que é melhor pra vida do próprio#AbortoSim","Para a covid-19 medidas extremas pois não tem vacina ou remédios para contenção, correto? E para o aborto? Não tem medidas de controle e contenção antes de uma atitude tão perversa? CAMISINHA/ CONTRACEPTIVOS/ NÃO DAR A BUCETA BANDO DE FDP. #AbortoSim #AbortoNAO",0,0.714940071105957,0.2850599288940429,1
"Os mesmos hipócritas que pedem o aborto, estão escondidos com medo do VÍRUS. Vida sim!  #AbortoNao",Querer comparar aborto com pena de morte só pode ser piada né ? Existe uma diferença bem grande um é culpado ( matou outra pessoa ) o outro é  inocente.   #AbortoNao,0,0.7157592177391052,0.2842407524585724,0
"Existem tantos meios contraceptivos, existem hipóteses na lei que prevêem o direito ao aborto no caso de estupro, perigo de vida da mãe ou anencefalia fetal, por quê então, no lugar de focar nesses métodos, foca-se tanto em tirar a vida de um bebê?? #AbortoNAO",#AbortoNao  É não em nenhum estágio!,1,0.7194513082504272,0.2805487215518951,0
"Aborto não é método contraceptivo. Não quer filho, previna! #AbortoNao","O negocio é ""cortar as trompas ou fazer vasectomia""   #AbortoNao",1,0.7214378714561462,0.2785622179508209,0
Aborto nada mais é que sou irresponsável transei sem camisinha e quero matar o feto foda-se  #AbortoNAO,#AbortoNao é inaceitável que o  seja tão imundo ao legalizar o assassinato de crianças.,0,0.7240905165672302,0.2759095132350921,0
"Eu acho que isso de #AbortoSim e #AbortoNao é uma perca de tempo, a sociedade depois de um certo tempo passou a ser algo que não deveria existir.",Bem que quem apoia essa teg poderia ter sido abortado   #AbortoSim,0,0.7260984778404236,0.2739015221595764,
"Bora subir, robozada?   #AbortoNao","Carla,acho vc MT sincera e centrada. O q vc acha q pode ou ""vão"" fazer c nosso Mito?",2,0.7264443635940552,0.2735556364059448,
Cadê o pessoal do #AbortoSim pra refutar meu artigo?  #AbortoNAO,Artigo cirúrugico.  #AbortoNão,2,0.7273600697517395,0.2726399004459381,
Digita ai que passo a achar que vc defende a vida. #AbortoNao,Eu sou a favor da vida! #AbortoNao,1,0.7316709756851196,0.2683290243148803,
Pq o pessoal tá postando #AbortoNao ?,"Esquizofrênicos gritando fica em casa , mas quer decidir quem nasce quem morre  #AbortoNao",0,0.7346178889274597,0.2653821408748626,
Semelhanças entre o Holocausto e o aborto:  Ideia de saneamento; Linguagem eufemizada; Sanção do governo; Cultura da morte; Desumanização das vítimas; Eliminação de uma categoria;  Mortes no Holocausto: mais de 6 milhões Mortes nos EUA por aborto: mais de 60 milhões #AbortoNao!,Não podemos aceitar que assassinato de bebês seja algo legal! #AbortoNão,2,0.7406905889511108,0.2593094110488891,
"Esse broche eu ganhei em uma marcha pela vida nos EUA. É o tamanho dos pés de um bebê de dez semanas no útero da mãe. Os pezinhos já estão formados, dá para ver os dedinhos. É uma vida, não um pedaço de outra pessoa. #AbortoNão #AbortoNao","""É Raquel que chora por seus filhos"" #abortonao",0,0.7474449872970581,0.2525549530982971,
"#AbortoSIM Descriminalizar o aborto é dar autonomia a nós mulheres, é por poder nas nossas mãos para bater de frente com o sistema capitalista que gera pessoas para matar, explorar e ser escrava eterna desse sistema. Aborto SIM! Não somos máquinas. ABORTO SIM!",A vontade do povo é a que prevalece #AbortoNao,0,0.7486079335212708,0.2513920366764068,
"Jurei que c ia perguntar meus argumentos, e iriamos iniciar uma linda discussão sem odio ou ressentimentos, apenas argumentos plausiveis entre dois colegas que querem entender o posicionamento um do outro. Poxa.",Algum #AbortoNao disposto?  Tô a fim de uma conversação com alguém que discorde da liberação do aborto,2,0.748640239238739,0.2513597905635834,
O vídeo que mais representanta esse momento kkkkk #AbortoNAO #AbortoSim,ja posso dizer q punheta é aborto? kkkkkkkkkkkkkkkkkkkkkkk #AbortoSim,2,0.767324686050415,0.2326754033565521,
não acredito que ainda tenho que ficar lendo essas coisas...  será que nunca as mulheres vão ser respeitadas como merecem???? #AbortoSIM,é esse o preço q eu pago por ser alfabetizada,2,0.7776243686676025,0.2223756164312362,
"Em plena guerra cultural e no combate a maior pandemia mundial, o presidente está sentado, de chinelo e é capaz de, sozinho, enfrentar todos aqueles que querem levar o mecanismo que saqueou o Brasil de volta ao poder. Eu apoio Bolsonaro, e você?","Esse é meu Presidente, esse é o meu time  Brasil é o meu País #AbortoNao",2,0.7778419852256775,0.2221580296754837,
"“O aborto se vence com adoção. Quem não quiser as crianças, que as dê a mim. Não rejeitarei uma só delas. Encontrarei pais a elas. Ninguém tem o direito de matar uma vida que vai nascer: nem o pai, nem a mãe, nem o estado, nem o médico. Ninguém."" Madre T. de Calcutá.  #AbortoNAO",Isso chama-se OFERENDA A SATANÁS e quem apoia são seus súditos #AbortoNão,2,0.7806232571601868,0.2193767130374908,
#AbortoSim  Se a mulher quer abortar ? Aborta. Se o homem quer que ela aborte e ela não? Contrato de isenção de responsabilidade financeira.  Seria ótimo se o Brasil respeitasse contratos .,"um monte de macho opinando sobre o aborto, é isso brasil??#AbortoSim",0,0.7860336899757385,0.2139663696289062,
Vejo muitas pessoas querendo subir a tag mas não tendo nenhum tipo de argumento pra por em mesa  #AbortoNao #Amulherescolhe #tudopelobemdasmulheres,"#AbortoNao um monte de macho opinando sobre algo que não os convém, nada de novo sob o sol.  nenhum método é 100% eficaz, ngm transa unicamente pra ter filhos, se a mulher SE PREVINE então logicamente ela não quer engravidar, dizem ser pró-vida mas qnd vêem uma criança na rua(+)",0,0.7884094715118408,0.2115905433893203,
"#abortonao mas se a amante engravidar até que rola, já que não pode destruir a família tradicional.",#AbortoNao ABORTO NUNCA.,0,0.7906421422958374,0.2093578726053238,
"Sério q a esquerda está levantando tag p/ apoiar o crime de assassinar fetos? Q eu saiba os artigos 124 a 126 não foram revogados.É proibido se manifestar contra as medidas restritivas que estão nos levando ao sucateamento econômico, mas fazer apologia ao aborto pode?  #AbortoNao","Sim, a mesma esquerda que quer todo mundo em casa, com pretesto de salvar vidas!  #AbortoNao",2,0.792151927947998,0.2078480422496795,
"Esquerdopatas defendendo o direito de matar bebês na barriga das suas mães.  Nesse caso, quem defende o direito à vida, poste:  #AbortoNAO !",São uns covardes #AbortoNao,1,0.796785295009613,0.2032147794961929,
"#AbortoNAO STF serve pra soltar vagabundos, defender corruptos, proibir o cidadão à legítima defesa e permitir matar bebês indefesos! Cumpre bem a agenda  socialista e globalista! Objetivo de destruir nossa sociedade!",Me comove ver quem é contra o aborto não levantar uma bandeira para tirar as milhares de crianças na rua e até começar uma campanha para facilitar o processo de adoção das outras milhares de criança que crescem e sofrem a rejeição dos pais ! #AbortoSim,0,0.8025903105735779,0.1974097043275833,
Não #AbortoNao,Pela vida. #AbortoNão,2,0.8114650249481201,0.1885349750518798,
"Vamus Retuitar, esse vídeo é chocante, tem que chegar a alguma autoridade, quem conhecer essa monstro, denuncie.  Olha a maneira q trata  a criança que diz estar com medo. E a cumplice estava filmando, sem esboçar em momento algum um gesto de defesa. ""DENUNCIEM POR FAVOR""",Atenção aí Min ! Vamos identificar essa psicopata desequilibrada e salvar essa criança das garras dessa cruel algoz.Cadeia para essa criminosa!! Bolsonaro Tem razão!  #AbortoNao,2,0.8138070702552795,0.1861929446458816,
#AbortoNao pelo #SUS  #Abortosim extração do útero antes da fecundação em clínicas particulares!,"""Homem não pode falar sobre o aborto"".  Ora, por essa lógica, mulher branca não tem o direito de opinar sobre a discriminação racial, pois ela não goza da peculiaridade de ser negra. TODOS devem defender uma vida que se incia. É uma questão moral.  #AbortoNao",0,0.8178523182868958,0.1821476966142654,
entrando aqui #AbortoNAO nessa tag ridícula para dizer que...  #AbortoSIM,"So conseguiu entrar nessa tag pq NAO foi abortada, #AbortoNAO",1,0.8179906606674194,0.1820093542337417,
#AbortoNao só tenho uma coisa a dizer nesta tag #AbortoSim,#AbortoNao pela vida e para vida,0,0.8181772232055664,0.1818227767944336,
"Nenhuma sociedade civilizada permite que um ser humano intencionalmente prejudique ou tire a vida de outro sem punição. O aborto não é uma forma de contracepção, mas assassinato. Quem defende essa monstruosidade está fazendo apologia e deve responder criminalmente. #AbortoNao!",#AbortoNão miseráveis,2,0.8184523582458496,0.1815475970506668,
fechar o congresso e stf #AbortoNao,"aos homens que são contra o aborto: entendam que quem decide sobre o #AbortoNao é vocês, vocês sequer tem local de fala sobre isso.",0,0.8184922337532043,0.1815078109502792,
#AbortoNao pq é pro vida mas vamo todo mundo voltar a trabalhar e fazer as coisas normal mesmo o resto do mundo estando em isolamento pq é só uma gripezinha,"Falar em abortar é fácil né? Afinal, você já nasceu #abortonao",0,0.8201243281364441,0.1798756867647171,
Dizemos não ao assassinato de inocentes. #AbortoNAO,"Este era o gilmar mendes quando pequeno. Ele sobreviveu, mas a cara de aborto continuou.",2,0.8223859667778015,0.1776140183210373,
"#AbortoNao n faz sentido isso, pq o feto msm n vai e importar se for abortado ou n, nem se lembrar vai",Em defesa do PNA e da ética libertária #AbortoNao,0,0.823689341545105,0.1763106435537338,
As mulheres não podem correr o risco de morrer Mas assassinar uma criança inocente pode É isso mesmo? #AbortoSim,"#AbortoSim 2022 , vota em quem ?????",0,0.8292688131332397,0.170731171965599,
O aborto deve ser uma escolha única e EXCLUSIVAMENTE da mulher. A legalização do Aborto não significa que você é pro-morte mas sim que não quer mulheres pobres morrendo em clínicas de aborto clandestinas por não ter dinheiro para pagar por clínicas caras  #AbortoSim #AbortoNão,DEIXANDO CLARO AQUI!,2,0.830811619758606,0.1691883355379104,
"Esquerdopatas defendendo o direito de matar bebês na barriga das suas mães.  Nesse caso, quem defende o direito à vida, poste:  #AbortoNAO !",Querem acabar com a família!!! #AbortoNAO,1,0.8370347023010254,0.162965252995491,
"Esquerdopatas defendendo o direito de matar bebês na barriga das suas mães.  Nesse caso, quem defende o direito à vida, poste:  #AbortoNAO !",Respeite a vida #AbortoNao é só prevenir-se,2,0.8387777805328369,0.1612221896648407,
"#AbortoNao Quem são esses doentes e canalhas que pedem ""aborto sim""?  Esquerdistas, liberais, libertários, putas de vários tipos, ou simplesmente idiotas.","#AbortoNao ta ganhando com mais de 100 mil, mas o que ta na frente é a bosta permissiva... Aahh que raiva!",0,0.8391602039337158,0.1608398407697677,
só tem &gt;&gt;&gt;&gt;&gt;&gt;&gt;&gt;&gt;HOMEM&lt;&lt;&lt;&lt;&lt;&lt;&lt;&lt;&lt;&lt; falando uns trem nada a ver e tentando justificar como o aborto  é genocídio... ai ai tenho dó #AbortoNao,"QUE PORRA É ESSA DE LEGALIZAR ABORTO, SE A PESSOA TIVESSE RESPONSABILIDADE EM USAR CAMISINHA NÃO TERIA A PORRA DE UM FILHO, AGORA QUERER LEGALIZAR O ASSASSINATO DE UMA CRIANÇA É FODA, PORRA, É UM SER HUMANO ALI CARALHO, ELE NÃO PEDIU PRA TER UNS PAIS DE BOSTA #AbortoNao",0,0.8422465324401855,0.1577534824609756,
"O que leva um feto, que evoluiu e cresceu, vir aqui no twitter fazer uma TAG #AbortoSim ?",Não tem resposta pra essa canalhice! #AbortoNao,1,0.8439466953277588,0.1560533344745636,
"Diz aí o que é pior, legalizar o aborto ou saber que aquele menor pela mão do sistema também vai ser morto? Eis aí o xeque-mate, legalizar o entorpecente ou saber que o tráfico abate a cada minuto mais um inocente? #AbortoNao  #AbortoSim",#AbortoNao Tava vendo uns posts da galera do aborto sim e percebi q tenho certeza do meu posicionamento  boa noite,0,0.8446949124336243,0.1553050875663757,
É preciso também cobrar a dívida das grandes empresas. Vocês tão vendo que o Louro José da Havan já vai pegar a lei do Bolsonaro pra mandar o povo embora e pagar só 30% do salário?! Eu queria saber quanto esse cara deve pra Receita...,Com vocês a opinião do articulador dos maiores escândalos de corrupção da história do Brasil. Ex-marido da vendedora da Avon com uma fortuna de mais de 200 milhões. Do filho que limpava merda no zoológico e ficou milionário etc. #MonarquiaJa #AbortoNao,2,0.8505087494850159,0.1494912356138229,
"Aborto é questão de saúde pública. Mulheres grávidas e desesperadas vão fazer um aborto independentemente de ser legal ou não. Porém, abortos clandestinos podem levar à morte da mulher. É muito fácil ser pro-life quando o custo é a vida da mulher. #AbortoNao",#AbortoNao  fodase ?,0,0.8528589606285095,0.1471410095691681,
aquele meme eu respeito seu  argumento só que e um argumento burro #AbortoNao,"Será que todos os caras que usaram a tava #AbortoNao tem culhão pra assumir um filho??? Pq eu carrego sozinha o filho que escolhi ter mesmo depois de.ouvir um ""aborta"". O msm disse que não sumiria e advinha só quem sumiu.",0,0.855830192565918,0.1441697925329208,
"Eu peço a quem for a favor do aborto, para refletir se sua mãe tivesse feito essa opção quando estivesse grávida de você... Não é possível um ser humano agir com tamanha covardia!  #AbortoNao","Todos os viventes que querem aborto deveriam sofrer isso quando suas mães estavam grávidas, assim não teríamos essa preocupação nos dias atuais #AbortoNao e #ImpeachmentSTF",1,0.8609269857406616,0.1390729993581771,
"Esquerdopatas defendendo o direito de matar bebês na barriga das suas mães.  Nesse caso, quem defende o direito à vida, poste:  #AbortoNAO !",Pelo direito à vida #AbortoNAO,1,0.8642008304595947,0.13579922914505,
"O estado é laico e essa é uma questão de saúde pública. Inúmeras mulheres morrem diariamente em abortos candlestinos. A igreja não pode interferir nisso e já que é a crença da religião, pois que imponha aos seus seguidores e não a um país inteiro. #AbortoSim","Uma das melhores respostas sobre a legalização do Aborto Seguro, Legal e Gratuito para um post da Canção Nova. #AbortoSim",2,0.8659591674804688,0.1340408027172088,
"LACROSFERA justificando o ABORTO porque o HOMEM  ""fez pressão para transar sem camisinha"".  CARAMBA!  Passa o dia inteiro gritando ""MEU CORPO, MINHAS REGRAS""   mas não consegue dizer isso a um HOMEM querendo transar sem camisinha?  DIGA NÃO, oras!  #AbortoNAO","É um tal de ""meu corpo minhas regras"", mas essa conversa só dura até chegar a caganeira né?!   Pra não mencionar que os mesmos que são contra pena de morte a criminosos são os mesmos que apoiam o #AbortoSim.         #AbortoNAO!!!",0,0.8672651052474976,0.1327349245548248,
Aborto não é método contraceptivo!antes de escolher seu macho escroto se proteja #AbortoNAO,Definamente não é! Aborto é o mais cruel dos crimes: sem qualquer defesa para a vítima. Édipo do #AbortoNao,2,0.8704923391342163,0.1295076459646225,
"Enquanto lutamos pela nossa vida contra o covid19, o STF abre uma sessão pra liberar o aborto! Que país é esse?  #AbortoNao    #STFVergonhaNacional",#AbortoNao  Como assim? Toda essa farra de quarentena não é pra proteger a vida das pessoas? Daí mata os que estão sendo gerados?,2,0.8725784420967102,0.127421498298645,
"“O aborto se vence com adoção. Quem não quiser as crianças, que as dê a mim. Não rejeitarei uma só delas. Encontrarei pais a elas. Ninguém tem o direito de matar uma vida que vai nascer: nem o pai, nem a mãe, nem o estado, nem o médico. Ninguém."" Madre T. de Calcutá.  #AbortoNAO",Pelo aborto retroativo de quem defende o aborto. #AbortoNAO,2,0.8740429282188416,0.125957041978836,
"Estranho ver esse monte de mulheres querendo q liberem o aborto, se essas desumanas não tem coragem de tomarem um anticoncepcional e uma pílula do dia seguinte hj em dia. Imagina se libera esse absurdo, elas vão cagar fetos em banheiros como se fosse merda #AbortoNao #AbortoNao",Nenhum direito se sobrepõe ao direito da vida! #AbortoNao,0,0.8745856285095215,0.1254143714904785,
"Sério q a esquerda está levantando tag p/ apoiar o crime de assassinar fetos? Q eu saiba os artigos 124 a 126 não foram revogados.É proibido se manifestar contra as medidas restritivas que estão nos levando ao sucateamento econômico, mas fazer apologia ao aborto pode?  #AbortoNao","#AbortoNao  Se vc pensa que já viu de tudo, é porque não conhece a cabeça de um canhota!",1,0.8757003545761108,0.1242996603250503,
Ser favor da legalização do  aborto não significa querer abortar e sim entender que cada mulher faz oq julga melhor para seu próprio corpo e entender que se no seu corpo manda Deus no meu mando eu  #AbortoSim,nossaaaaa eu amei esse,2,0.8760234713554382,0.1239765360951423,
"A bênção de gerar uma vida é algo divino.   Interromper uma gravidez não é apenas errado, é demoníaco.   Mães querem ter os seus filhos. Faz parte da natureza da mulher!   #AbortoNao",Cadê os machos brancos que subiram essa tag????  #AbortoNao,0,0.8762068152427673,0.1237932071089744,
"Por que a extrema-imprensa esconde do público o julgamento marcado pelo STF sobre aborto? É cúmplice na estratégia de esconder a importantíssimo decisão, utilizando o caos gerado pela quarentena?  Querem aprovar o aborto na surdina?  #AbortoNao","Aborto não! Com raras exceções, a maioria dos abortos é fruto de promiscuidade... a galera transa feito loucos e esquecem do preservativo.",2,0.8772801160812378,0.1227198392152786,
"Eu já pago por anti concepcionais e preservativos para vocês usarem e ainda querem que eu seja, através dos meus impostos, cúmplice de assassinato? #AbortoNao",Só de ver o perfil das abortistas e dos não abortistas já diz muito.  #AbortoNao,0,0.8787416219711304,0.1212583631277084,
Os caras trabalham só pra atrasar o Brasil dos brasileiros.  Deus nos livre desse povo!   #AbortoNAO,#MonarquiaJa #AbortoNao  só pra fazer número,0,0.8792580366134644,0.1207419782876968,
Aborto é assassinato. #AbortoNao,Mama minha rola,2,0.8850275278091431,0.1149723902344703,
GRAVIDEZ SURPRESA NÃO EXISTE  TREPA SEM PROTEÇÃO E ESPERA GANHAR O QUE?  UM PLEISTEICHON 4 PRA ELE E UM AIFONE 11 PRA ELA?  #AbortoNAO,seu filho da puta arrombado cacete porra caralho,2,0.8894981741905212,0.1105019077658653,
"com 5 semanas o bebê já escreveu uma tese científica, já sabe voar, já sabe sambar e treina artes marciais no útero da mãe   #AbortoNAO","Aborto bombando no Twitter.  Eai, #AbortoNao ou #AbortoSIM ?",0,0.8913991451263428,0.108600802719593,
GRAVIDEZ SURPRESA NÃO EXISTE  TREPA SEM PROTEÇÃO E ESPERA GANHAR O QUE?  UM PLEISTEICHON 4 PRA ELE E UM AIFONE 11 PRA ELA?  #AbortoNAO,Tmj  Vô Mitouuu ..ela quer ser canonizada a Santa kkkk,2,0.8916692733764648,0.1083306893706321,
Quem usa a #AbortoSim deveria dar o exemplo e SE abortar.   #AbortoNão,Tá aí um bom conselho pra você!,2,0.8926655054092407,0.1073345467448234,
Aborto é assassinato. #AbortoNao,Ah vai tomar no seu cu arrombado,2,0.8952392339706421,0.1047608032822609,
"Não dá para ser católico e defender o aborto.  Razões:  1. O aborto é um pecado grave, que leva a excomunhão.  2. Não sou eu quem está dizendo isso, e sim a igreja:  Cân. 1398 — Quem procurar o aborto, seguindo-se o efeito, incorre em excomunhão latae sententiae.  #AbortoNao",Lembrando que estamos em um estado LAICO. Religião não deve interferir Sua crença particular não deve ser julgada como se servisse para todos...  #AbortoSim  #AbortoNão,2,0.8964865207672119,0.1035135462880134,
Aborto em caso de estupro: 1° é assassinato da mesma forma. 2° não apaga da memória. 3° é pecado mortal e sem volta. 4° a criança não pode pagar o erro do estrupador. 5° os mesmos que querem punir a criança matando-a defendem a manutenção da vida do estrupador. #AbortoNao,"Muita atenção. Na onda do Coronavírus, o  está pra regulamentar o aborto. Não aceitamos isso. Tal tema é com consulta só povo via plebiscito. Por favor  e  .. barrem essa iniciativa. O povo precisa ser consultado.",2,0.8968909978866577,0.103109024465084,
"É so se prevenir,se não quer carregar um ser humano no ventre,existe muitas maneiras de se cuidar #AbortoNao",Homem não tem local de fala #AbortoNao #AbortoSim,0,0.8972076773643494,0.1027923822402954,
#AbortoNão #AbortoNao  meeu Deus o mão quer a alma de inocentes,#AbortoNao aborto sim caralho cada um faz o que quer com o seu corpo chupa meu cu senão concorda fdp,0,0.8975613117218018,0.1024386510252952,
"Gente, uma dica pra quem quer legalizar o aborto em nome das mulheres negras e pobres da periferia:  Primeiro dá uma passadinha na periferia e pergunta o que elas pensam sobre aborto.  Spoiler: elas são as mais contrárias.","Depois de dessacralizarem a vida humana, o passo seguinte será a mercantilização das vidas e órgãos. #AbortoNAO",2,0.8986667394638062,0.101333312690258,
#AbortoNao não sei pq vejo essas tags porque só tem homem e religiosos falando sobre,"Está ceguinha, esquerDIOTA! #AbortoNao",1,0.9021336436271667,0.0978662967681884,
"E aí, gente. Sei que o assunto gera polêmicas, mas vocês são  #AbortoSim ou #AbortoNao?","Poderia citar vários aqui porém eu quero falar sobre este ícone que por sua criatividade, dedicação e superação deixou um legado e tanto. Steves Jobs por um fio quase foi abortado. Já imaginou se ele fosse? Você não teria o iPhone para #twittar a favor!  #AbortoNao",0,0.9043680429458618,0.0956318899989128,
GRAVIDEZ SURPRESA NÃO EXISTE  TREPA SEM PROTEÇÃO E ESPERA GANHAR O QUE?  UM PLEISTEICHON 4 PRA ELE E UM AIFONE 11 PRA ELA?  #AbortoNAO,abril de 2020 e esse perfil ainda existe,2,0.9070206880569458,0.0929792746901512,
"Esquerdopatas defendendo o direito de matar bebês na barriga das suas mães.  Nesse caso, quem defende o direito à vida, poste:  #AbortoNAO !","Contra este crime - ABORTO, eu digo não!!  #AbortoNAO",2,0.9100047945976256,0.089995265007019,
"O aborto não é,como dizem,simplesmente um assassinato.É um roubo...Nem pode haver roubo maior.Porque,ao malogrado nascituro,rouba-se-lhe este mundo,o céu,as estrelas,o universo,tudo.O aborto é o roubo infinito. Mário Quintana #AbortoNao",Oi gente vamos parar de dar pitaco no corpo uns dos outros e seguir a vida? #AbortoNao,0,0.9122658371925354,0.0877341479063034,
"Por que a extrema-imprensa esconde do público o julgamento marcado pelo STF sobre aborto? É cúmplice na estratégia de esconder a importantíssimo decisão, utilizando o caos gerado pela quarentena?  Querem aprovar o aborto na surdina?  #AbortoNao","A menos que você esteja grávido, #AbortoNao é da sua conta.",1,0.9131325483322144,0.0868675038218498,
"#AbortoNao   JAMAIS, EU DEFENDO A VIDA!!",Ihuuuuuul por isso que adoro as mulheres de direita. #AbortoNao,1,0.9137099981307985,0.086289957165718,
Quem concorda com aborto ja nasceu né ? Quem aceita matar pessoas inocentes merece o que ? Usa camisinha ... Fecha a perna ... #AbortoNao,Aborto é coisa de vagabunda!!!!  #AbortoNao,0,0.9137967228889464,0.0862033441662788,
ABORTO É CRIME ABORTO É CRIME ABORTO É CRIME ABORTO É CRIME ABORTO É CRIME ABORTO É CRIME  ABORTO É CRIME ABORTO É CRIME ABORTO É CRIME  ABORTO É CRIME ABORTO É CRIME ABORTO É CRIME  ABORTO É CRIME ABORTO É CRIME ABORTO É CRIME  #AbortoNAO,"Vc é homem, não opina   #AbortoSim  #Abortosim #Abortosim #Abortosim #Abortosim #AbortoSim #Abortosim #Abortosim #AbortoSim",1,0.916314959526062,0.0836849883198738,
"Só sou a favor do aborto se alterar 217-A do Código Penal para permitir que a idade mínima do consentimento sexual seja de 18 anos (hoje são 14 anos). A adolescência é o momento de produzir conhecimento, estudar conceitos, não passar por consequências de um ato sexual. #AbortoSim","SEU CORPO, SUAS REGRAS!! #AbortoSim",0,0.916818916797638,0.0831810906529426,
"“O aborto se vence com adoção. Quem não quiser as crianças, que as dê a mim. Não rejeitarei uma só delas. Encontrarei pais a elas. Ninguém tem o direito de matar uma vida que vai nascer: nem o pai, nem a mãe, nem o estado, nem o médico. Ninguém."" Madre T. de Calcutá.  #AbortoNAO",Não ao assassinato de inocentes #AbortoNAO,1,0.9171316623687744,0.0828683823347091,
"sou homem, mas apoio de todas as maneiras a legalização do aborto, já vi uma metralhada de homens dizendo:""se n quer engravidar usava camisinha"" ou até mesmo ""não fazia sexo"" e isso é o auge da toxidade, além do aborto n ser uma questão masculina, nenhum método é 100%#AbortoSim",Enfim #AbortoSim,2,0.9204203486442566,0.0795796439051628,
Legalizar o #AbortoNao significa que todo mundo vai sair engravidando e em seguida abortando como se fosse qualquer coisa.  A mulher que tomasse essa decisão seria encaminhado à um acompanhamento psicológico sobre a ação e teria acomoanmento médico.,"Dados de países que legalizaram o aborto, mostram que a maioria das mulheres desistem e que a mortalidade feminina reduziu drasticamente.  Então é necessário uma estrutura para que isso seja feito.O abordo já acontece Só que ilegalmente e com mulheres pobres morrendo. #AbortoNao",1,0.9221997261047364,0.0778002515435218,
GRAVIDEZ SURPRESA NÃO EXISTE  TREPA SEM PROTEÇÃO E ESPERA GANHAR O QUE?  UM PLEISTEICHON 4 PRA ELE E UM AIFONE 11 PRA ELA?  #AbortoNAO,Esperma é igual ficha de fliperama. Coloca no lugar certo e nasce uma vida.,2,0.92409485578537,0.0759051442146301,
"""vocês que usam a tag #AbortoNao são exatamente isso:"" mulheres abortistas são exatamente isso:",q orgulho de ser assim,2,0.9264522194862366,0.0735477432608604,
"nao sei pq dessa # estar nos trends, mas vou deixar minha contribuição aqui, #AbortoSim","A esquerda justifica que pode abortar, pois pode nascer e se tornar um bandido. Agora eles viraram os adivinhos do futuro.  #AbortoNao",0,0.9267566204071044,0.0732434168457984,
"“V. Não matarás o próximo “  Nem tão pouco a sua própria carne em teu ventre, porque nem os animais irracionais o fazem, sendo o homem inferior a eles ?  #AbortoNao","Aborto não, é crime.  #AbortoNao",0,0.9274035692214966,0.0725964233279228,
#AbortoNao é a tag,"#AbortoNAO Atenção defensores do isolamento completo e absoluto,  pq toda vida é importante,  subam essa tag, pq enquanto estamos em quarentena o STF quer legalizar assassinato de inocentes!       Iria marcar mais hipócritas,  mas deu",0,0.929049789905548,0.0709502324461937,
"A tag #AbortoNao já passou dos 100.000 tweets!  Obrigada, brasileiros. Felizmente, só uma minoria apoia ativismo judicial para matar bebês.",#AbortoNao  Quem quiser que faça mas sem o apoio da lei e de médicos que são contra serem obrigados a fazer,1,0.9302577972412108,0.0697422102093696,
Nós homens NÃO PODEMOS se quer sonhar em dizer #AbortoNAO. Nem sim e nem não. Isso deveria ser um direito de escolha apenas da mulher grávida. Sem discussão.,"#AbortoNao VAGABUNDA QUE NÃO QUER ENGRAVIDAR, NÃO SAIA DANDO PARA O PRIMEIRO VAGABUNDO QUE VÊ PELA FRENTE.",0,0.9305987358093262,0.0694012120366096,
Fatos sobre o aborto no Brasil e no mundo que todos deveriam saber antes de entrar em uma discussão.  [A thread]  #AbortoSim,100% é considerada uma assassina :),2,0.931626796722412,0.0683731511235237,
Eu realmente to chocada com a gravidade do problema.....tava vendo os 2 lados sobre Aborto....sem palavras #AbortoNao,Concordo c vc  #AbortoNao,1,0.932974934577942,0.0670251250267028,
obvio #AbortoSim,Tua mãe foi contra...que pena.,2,0.9329925775527954,0.0670073926448822,
"#AbortoNao e nem venham me dizer que “ain, mas a mãe vai ter muita dificuldade”. Você é favor de matar uma criança que já nasceu por que a mãe está com dificuldade? Pelo amor. Feto já é ser vivo. Feto já é um ser humano. Eu defendo a vida.","Esse lixo do STF não pode legislar, ainda mais nesse ponto, isso é um absurdo... #AbortoNao",0,0.9351220726966858,0.0648779720067977,
TEM GENTE Q TEM CHEIRO DE ROSA DE AVELÃ Dua Lipa Rihanna Thomas Santana Joji ⁦#AbortoNao⁩ Will Smith ⁦#samsungnobbb⁩ Titi ⁦#festabbb⁩ ⁦#Riverdale⁩ ⁧#عبودكا⁩ ⁦⁩ ⁧#نايف_حمدان⁩ ⁦#GOT7_NOTBYTHEMOON⁩ ⁦#Apple⁩ sadie ⁦#Covid_19⁩,"Mesmo sendo ou não vitima de estupro ou etc. Quem deve escolher se quer abortar ou não é a propria mulher, não sabemos se ela tem condições p cuidar da  criança, tanto q a muitos casos de abandono no brasil! e também, a regra eh simples:não tem útero, não tem opinião. #AbortoNAO",0,0.9351540803909302,0.0648459196090698,
"OMS dizendo que aborto é direito fundamental da mulher em meio à pandemia. STF pautando a descriminalização do aborto em meio à pandemia. Estão alinhadinhos... O povo elegeu um representante conservador, mas é governado por uma organização internacional progressista.",Para eles saúde é morte.      #AbortoNao !!!,2,0.9370137453079224,0.0629862248897552,
"É importante aprovar projetos que lidem com os problemas que o STF causa, com o ativismo judicial, perante a maioria conservadora e cristã do povo, a parte boa do legislativo, o executivo de Bolsonaro principalmente, e contra parte do judiciário inclusive.","A partir do momento que o óvulo é fecundado pelo espermatozóide, tem-se um bebê, pois é uma bebê que nascerá, e não uma planta. #AbortoNao",2,0.9381405711174012,0.0618594363331794,
Fatos sobre o aborto no Brasil e no mundo que todos deveriam saber antes de entrar em uma discussão.  [A thread]  #AbortoSim,Colar isso na testa!!!!!,2,0.9390209913253784,0.0609790198504924,
"Esquerdopatas defendendo o direito de matar bebês na barriga das suas mães.  Nesse caso, quem defende o direito à vida, poste:  #AbortoNAO !",Contra o aborto #AbortoNao,1,0.9397155046463012,0.0602844692766666,
"“Não pode legalizar a arma, mata pessoas” “Não pode sair de casa, vidas importam”   “Disse a mesma feminista que vai para rua militar a favor do aborto legal.”  #AbortoNao  Simples, amores!","Bora subir, robozada?   #AbortoNao",0,0.9405011534690856,0.0594988130033016,
acham q orfanato é chiquititas #AbortoSim,Cada uma,2,0.940629243850708,0.0593707226216793,
"Nenhuma sociedade civilizada permite que um ser humano intencionalmente prejudique ou tire a vida de outro sem punição. O aborto não é uma forma de contracepção, mas assassinato. Quem defende essa monstruosidade está fazendo apologia e deve responder criminalmente. #AbortoNao!",A CNBB e a igreja católica não se manifestaram ainda e nem vão se manifestar.,2,0.94099360704422,0.0590064004063606,
"A tag #AbortoNao já passou dos 100.000 tweets!  Obrigada, brasileiros. Felizmente, só uma minoria apoia ativismo judicial para matar bebês.","Já digo e repito, #AbortoNao é método contraceptivo!!!",1,0.9413813948631288,0.0586186088621616,
"A tag #AbortoNao passou dos 100k. Enquanto isso, a tag dos esquerdopatas caíram. Bora dobrar a meta? Então senta o dedo aí!!",#AbortoNao  bando de safados.,1,0.9415371417999268,0.0584629029035568,
"Sou contra o #AbortoSim  Salmos 139: 14. Eu te louvarei, porque de um modo assombroso, e tão maravilhoso fui feito; maravilhosas são as tuas obras, e a minha alma o sabe muito bem.","Sou contra o #AbortoSim  Salmos 139: 15. Os meus ossos não te foram encobertos, quando no oculto fui feito, e entretecido nas profundezas da terra.",1,0.9417394399642944,0.0582606010138988,
Quem for a favor da mulher decidir o que fazer em relação ao aborto pode dar para eu ver a nossa força e me seguir por favor!!!! #AbortoSim,A escolha é sua! #AbortoSim,2,0.9423741102218628,0.0576258711516857,
Pela vida dos indefesos #AbortoNao,"Essa mulheres reclamando de que homem não deve opinar de gravidez só por serem homem e homem não engravida e blá blá blá. Mas elas se esquecem, que sem um homem elas jamais teriam nascido. #AbortoNao",0,0.9424676895141602,0.0575323216617107,
"STF é uma vergonha essa mania de legislar, não tem mandato parlamentar!!!! PAREM !!!!#AbortoNao","Faz seu sexo com proteção e boa, não precisa colocar culpa em ninguém por nascer idiota #AbortoNao",0,0.9437289237976074,0.056271132081747,
"Se vc n queria ter filhos,pq n usou camisinha???????Acho perda de tempo jogar uma vida no lixo.....#AbortoNao",#AbortoNAO  A corte suprema das trevas vai se reunir para aprovar o aborto! Não podemos deixar acontecer!  STF é uma vergonha nacional! Traidores da pátria!,0,0.9441535472869872,0.0558464936912059,
"""Mandetta liberou 25 milhões em LIBRIFICANTE ANAL. É mole?"" É piada ou é ""FATO VENÉRIO ?"" #AbortoNao","“Aborto não” vão tomar no cu, beijos! #AbortoNao",0,0.9443746209144592,0.0556253492832183,
"O STF pautou ABORTO para dia  24 , no auge da Pandemia. Enquanto dormimos, o tribunal cumpre a pauta  dos socialistas, Além de soltar presos e prender o cidadão em casa, a Corte será cúmplice de mais esse crime?  #AbortoNAO","Gnt do céu,bem no momento q estamos lutando pela vida?   está aproveitando a fragilidade do país pra aprovar essa crueldade. Não vms deixar",2,0.9446787238121032,0.0553213059902191,
Aborto em caso de estupro: 1° é assassinato da mesma forma. 2° não apaga da memória. 3° é pecado mortal e sem volta. 4° a criança não pode pagar o erro do estrupador. 5° os mesmos que querem punir a criança matando-a defendem a manutenção da vida do estrupador. #AbortoNao,"As pessoas que gritam pelo direito de matar seus filhos são as mesmas que gritarão, muito em breve, pelo direito de matar seus pais idosos. #AbortoNao",1,0.9451032876968384,0.0548967272043228,
"Gente, Vamos ter mais coerência,né, se vcs que são a favor do aborto, se preserva-sem, não estaríam nem cogitando essa opção. Vcs tenham mais responsabilidade vcs estarám tirando uma vida inocente Vamos ter mais consciência. #AbortoNao #Vamostermaiscoerência #FicaAdicaNãoAbortem",Prisão para quem pede aborto #AbortoNao,0,0.9456506967544556,0.0543493255972862,
Surreal! A corte das trevas tá se aproveitando desse momento pra dar um golpe no  povo e aprovar o aborto! Malditos!  #AbortoNao,O covid bem que poderia abrir umas 8 vagas no $tf. Força corona vai com tudo pra cima deles....,2,0.945902407169342,0.0540975481271743,
"Todo mundo que apoiava a escravidão era livre, todo mundo que apoia o aborto já nasceu.   Falam em ""aborto seguro"". Pergunto, para quem? Afinal, o bebê sempre morre. #AbortoNao","Nunca, aborto não! #AbortoNao",1,0.9460655450820924,0.0539345107972621,
"A tag #AbortoNao está em 1º lugar nos trends com 50 mil tweets nas últimas 2h. Bora dobrar a meta? Então senta o dedo aí, e nada de postar a tag vazia!! Coloque uma Frase, vídeo ou Foto. Da rt aqui.","Antes que fostes formado no ventre de sua mãe,já tô conheciam disse Deus.",2,0.946215271949768,0.0537846907973289,
"""Ain, mas não há um único preservativo que seja 100% eficaz e mimimi""  Simples: atos geram consequências e devemos arcar com elas.  Assumiu o risco?  Assuma as consequências.  Aborto NUNCA SERÁ uma opção ""reparadora"" para ""consertar a situação"".  #AbortoNao",Isso mesmo. #AbortoNao,2,0.946410596370697,0.0535893589258194,
"Feminista, use esse empoderamento para ser uma mãe foda. Seja guerreira amamentando seu filho, não dando um coquetel de remédios para envenená-lo e matá-lo covardemente",Bem colocado   . #AbortoNao,2,0.9473395347595216,0.0526605136692523,
"Me responda STF, pq pautar esse assunto do ABORTO agora q estamos passando por perdas de vida e os senhores são protagonistas de ações draconianas q estão matando o povo de fome pq não pode sair pra trabalhar ? Será q é pra passar sem o povo descobrir ?   #AbortoNAO","ordens da oms, capacho dos fdp genocidaS partido comunista chinês, que caga na boca de muita gente. E estão preocupados com mortes pelo covide. Ora, vãotomarnocú. Isso é genocídio. #AbortoNAO",1,0.9481987357139589,0.0518012270331382,
"Esquerdopatas defendendo o direito de matar bebês na barriga das suas mães.  Nesse caso, quem defende o direito à vida, poste:  #AbortoNAO !",A vida SIM #AbortoNAO,1,0.9491050243377686,0.0508949384093284,
"Sério q a esquerda está levantando tag p/ apoiar o crime de assassinar fetos? Q eu saiba os artigos 124 a 126 não foram revogados.É proibido se manifestar contra as medidas restritivas que estão nos levando ao sucateamento econômico, mas fazer apologia ao aborto pode?  #AbortoNao","Aborto pode! Mas beber em casa, fazendo live e arrecadando alimentos e outras ajudas pra quem necessita, não! Ê  #AbortoNao",1,0.9493551850318908,0.0506447814404964,
"“O aborto se vence com adoção. Quem não quiser as crianças, que as dê a mim. Não rejeitarei uma só delas. Encontrarei pais a elas. Ninguém tem o direito de matar uma vida que vai nascer: nem o pai, nem a mãe, nem o estado, nem o médico. Ninguém."" Madre T. de Calcutá.  #AbortoNAO",Muitos casais esperam por adoção.  #AbortoNAO,1,0.9494847059249878,0.0505153499543666,
"Todo mundo que apoiava a escravidão era livre, todo mundo que apoia o aborto já nasceu.   Falam em ""aborto seguro"". Pergunto, para quem? Afinal, o bebê sempre morre. #AbortoNao",Em meio a tantas falácias segue algo sensato!!,2,0.9499393105506896,0.0500607267022132,
"A tag #AbortoNao passou dos 100k. Enquanto isso, a tag dos esquerdopatas caíram. Bora dobrar a meta? Então senta o dedo aí!!",Abortistas  Se a MÃE delas pensasse assim elas não teriam nascido #AbortoNao,1,0.951093852519989,0.0489061288535594,
"“O aborto se vence com adoção. Quem não quiser as crianças, que as dê a mim. Não rejeitarei uma só delas. Encontrarei pais a elas. Ninguém tem o direito de matar uma vida que vai nascer: nem o pai, nem a mãe, nem o estado, nem o médico. Ninguém."" Madre T. de Calcutá.  #AbortoNAO",Grande exemplo da Madre Teresa de Calcutá. #AbortoNão,2,0.9516631364822388,0.0483369082212448,
Aborto é assassinato. #AbortoNao,é homem né? opinião automaticamente anulada.,2,0.9530932307243348,0.04690682888031,
aborto SIM #AbortoSim,#AbortoNao gente bora subir essa TAG aborto sim está frente,0,0.9535367488861084,0.0464632473886013,
"Esquerdopatas defendendo o direito de matar bebês na barriga das suas mães.  Nesse caso, quem defende o direito à vida, poste:  #AbortoNAO !",#AbortoNao  nunca  .,1,0.9538077116012572,0.0461923032999038,
"Sério q a esquerda está levantando tag p/ apoiar o crime de assassinar fetos? Q eu saiba os artigos 124 a 126 não foram revogados.É proibido se manifestar contra as medidas restritivas que estão nos levando ao sucateamento econômico, mas fazer apologia ao aborto pode?  #AbortoNao",#AbortoNAO NAO NAO NAO,1,0.9540581703186036,0.0459417887032032,
Nunca vi ninguém questionando a Lei dos Alimentos Gravídicos com base nesse argumento de que a gestação interessa apenas à mulher. #AbortoNao,"A discussão, enfim, envolve apenas duas questões: (1) A partir de que momento podemos dizer que há vida? (2) Sendo vida e devendo o aborto ser combatido, a criminalização está funcionando? Debate sobre qualquer discussão além destas duas questões não tem sentido. #AbortoNao",1,0.9546473026275636,0.0453526936471462,
"O direito de decidir não é nosso, é delas.  #AbortoSim","#AbortoSim ou #AbortoNao ...não e de minha conta, mas se alguém souber de alguém que queira dar/doar uma filho(a), estou querendo criar... Grato!",0,0.9549458026885986,0.0450541861355304,
O povo acha que gravidez é transmitida igual corona vírus kkkkkkkkkkkk #AbortoNao,Essa TAG se refere ao #Mandetta? #AbortoNao,0,0.955159068107605,0.0448409840464592,
Quem usa a #AbortoSim deveria dar o exemplo e SE abortar.   #AbortoNão,E ficam dizendo que o bolsonaro e que e contra a vida.,2,0.9559258818626404,0.0440741069614887,
"Bora subir, robozada?   #AbortoNao",Preserve a vida,1,0.9567461013793944,0.0432539358735084,
"""Fica em casa, nada é mais importante que a Vida, não pera vamos aproveitar e mudar a lei do aborto."" Não você não está ficando louco esse é o STF que agora legisla e dita a vida no Brasil! E a esquerda xingando o Bolsonaro de ditador! #AbortoNao",Uma pouca vergonha!!! #AbortoNao,2,0.9579071998596193,0.0420928038656711,
#AbortoNao pq é pro vida mas vamo todo mundo voltar a trabalhar e fazer as coisas normal mesmo o resto do mundo estando em isolamento pq é só uma gripezinha,#AbortoNAO tem como abortar esse STF?,0,0.9585688710212708,0.0414310991764068,
queria saber pq tem um monte de mula levantando a #abortonao se nem utero tem...,Este argumento é tão estúpido que chega a ser inacreditável. #AbortoNao,1,0.9585976004600524,0.0414024330675601,
eu acho hilário que 90% da tag lá do #AbortoNao é homem kkkkkkkkkkkk vão se fuder vão,#AbortoNao Ninguém pode decidir pela morte de um ser humano.,0,0.9588216543197632,0.0411783531308174,
#AbortoNAO chegando ao topo dos TT's.   Vamos pressionar o STF.,#jholles bem que ele disse,2,0.959030270576477,0.0409696847200393,
Estou indo dormir... E hoje o peito não está angustiado e em agonia e sim cheio de gratidão e amor. Porque anjos de luz tem me ajudado pessoas que não me conhecem e confiaram em minha honra e caráter.   Agora vou dobrar os joelhos para pedir a Deus que vocês sejam muito felizes,A Direita não é só um movimento. É uma família unida pelo bem maior. Patriota vocês sã incríveis!    #AbortoNao  #FicaEmCasaMandetta  #BolsonaroSempreTeveRazao,2,0.9591413736343384,0.0408586785197258,
Em pouco dias poderá ser tarde demais. O que estamos esperando? Presidente   para mim #ChegouHoraDoChega,Se liguem nas VERDADES do nosso valoroso PR  aí irmãos Patriotas! Acorda BRASIL! Bolsonaro Tem razão!  #AbortoNao,2,0.959228217601776,0.0407718047499656,
"Já questionei várias vezes, mas até agora nada.  Sabem de algum caso em que a mulher abortou o filho de um jogador de futebol?  #AbortoNao!","Aqui amor, não seja por isso,",2,0.9596580266952516,0.0403419770300388,
"Ave Maria, cheia de graça, o Senhor é convosco. Bendita sois vós entre as mulheres, e bendito é o fruto do vosso ventre, Jesus. Santa Maria, mãe de Deus, rogai por nós pecadores, agora e na hora de nossa morte, amém. #AbortoNao","A Bíblia ordena: “Erga a voz em favor dos que não podem defender-se, seja o defensor de todos os desamparados” (Pv 31.8). #AbortoNao",0,0.9597871899604796,0.0402128547430038,
"Doria pensou que ia andar igual Bolsonaro  levou ovo na testa   Eu vou jogar bosta  Acabou o tempo de paz para o CANALHAVÍRUS,  será daí para pior , não sei o limite de cada um , o meu foi pro espaço !",EITA! DORIANA E O NANICO MAGALHAES PENSANDO QUE ERAM GENTE. DA-LHES OVADAS. . #AbortoNao  .,2,0.9614638686180116,0.0385361649096012,
"Bora subir, robozada?   #AbortoNao",Como se isso fosse impedir de aprovarem,2,0.962242305278778,0.0377576872706413,
A 3 anos o Alexandre porto já refutou esse #AbortoSim     (vídeo com teor irônico),"Aborto é questão de saúde pública . Se os homens engravidassem , aborto seria feito até na boca do caixa 24 hrs . A mesma sociedade que é contra o aborto é a favor da pena de morre. contraditório não ? #AbortoSim",0,0.9623889923095704,0.0376110337674617,
Aborto é assassinato. #AbortoNao,Diga NAO ao aborto!,2,0.9627010226249696,0.0372990034520626,
"Sério q a esquerda está levantando tag p/ apoiar o crime de assassinar fetos? Q eu saiba os artigos 124 a 126 não foram revogados.É proibido se manifestar contra as medidas restritivas que estão nos levando ao sucateamento econômico, mas fazer apologia ao aborto pode?  #AbortoNao",Pra cima deles!  #AbortoNao,1,0.9630923867225648,0.0369075573980808,
Falou realmente tdo que eu falaria pra uma rapariga rampeira que abre as pernas aí pra vagabunda   #AbortoNao,"Nesse MiMiMi que se tornou nosso Brasil depois que essa maldita esquerda teve no governo, hoje estamos proibidos até de falar certas coisas, como criado mudo. #AbortoNAO",1,0.9633271098136902,0.0366728603839874,
Aborto em caso de estupro: 1° é assassinato da mesma forma. 2° não apaga da memória. 3° é pecado mortal e sem volta. 4° a criança não pode pagar o erro do estrupador. 5° os mesmos que querem punir a criança matando-a defendem a manutenção da vida do estrupador. #AbortoNao,Toda vida importa!!   #AbortoNAO,2,0.9638373255729676,0.0361626036465168,
"Essa imagem define tudo. E esse fato choca um total de zero pessoas, pq a gente sabe muito bem como funciona o sistema #AbortoSim","Homem deveria ficar calado nesse assuntos ,que não lhes diz a respeito",2,0.9638410210609436,0.0361590459942817,
"O que leva um feto, que evoluiu e cresceu, vir aqui no twitter fazer uma TAG #AbortoSim ?",".#AbortoNao #abortoNunca #STFVergonhaNacional. O Brasil é contra o aborto. Para evitar a liberação do aborto, votamos em",2,0.964268445968628,0.0357315950095653,
"Bom dia! Porque o Senhor é bom, e eterna a sua misericórdia; e a sua verdade estende-se de geração a geração. (Salmos 100:5)",Amém! #AbortoNao,2,0.9644739627838136,0.0355259962379932,
#AbortoNao MATAR É CRIME CAPITAL! DEVERIA TER PRISÃO PERPÉTUA!,Fico triste com pessoas que defendem o aborto. Absudo. #AbortoNAO,0,0.9646950364112854,0.0353049077093601,
“entrevista de emprego em grupo”  fale um pouco sobre você:,ai caralho morta  remember prior #LiveMCManeirinho #AbortoNao #AbortoSim #bbb20 #redebbb #FinaEstampa,2,0.9649779200553894,0.0350221283733844,
"Todo mundo que apoiava a escravidão era livre, todo mundo que apoia o aborto já nasceu.   Falam em ""aborto seguro"". Pergunto, para quem? Afinal, o bebê sempre morre. #AbortoNao",Isso aí. #AbortoNao,1,0.9651049375534058,0.0348951146006584,
"Nenhuma sociedade civilizada permite que um ser humano intencionalmente prejudique ou tire a vida de outro sem punição. O aborto não é uma forma de contracepção, mas assassinato. Quem defende essa monstruosidade está fazendo apologia e deve responder criminalmente. #AbortoNao!",Aborto é assassinato #AbortoNao,2,0.9652480483055116,0.03475197032094,
"#AbortoSim para o povo dessa tag eu so digo uma coisa ! Morre que passa , já que o aborto de vcs deu errado #AbortoNao",Aborto é um crime . #AbortoNao,0,0.965298056602478,0.0347019955515861,
Em plena pandemia  Quase fim do mundo  Os cara vem falar disso Vao tomar no cu  Vamos todos para o inferno!!! #AbortoNao,"Essas raparigas ficam no Twitter pedindo a liberação do aborto descaradamente. Ou seja, são assassinas! #AbortoNao",0,0.9655148983001708,0.0344851166009902,
"STF pautou ABORTO para dia  24 , no auge da Pandemia. Enquanto dormimos, STF cumpre a pauta  dos COMUNISTAS para assassinar indefesos !  STF, diz que quer salvar vidas prendendo as pessoas em casa com fome , enquanto pauta assassinatos, de bebês.  #AbortoNAO","deixem de ser esquerdistas de carteirinha #ABORTOéCRIME  MEU CARRO NÃO ME DÁ O DIREITO de MATAR PESSOAS ATROPELADAS  O papo de ""meu corpo minha Lei"" é desculpa para cometer ASSASSINATO",2,0.9661054015159608,0.0338946692645549,
Médico petista tentou sabotar a Cloroquina. Ele deu 5x a dose segura do medicamento para pacientes. Via:,A q ponto chegamos... #AbortoNao,2,0.9663215279579164,0.0336785316467285,
"CURIOSIDADE: 100% das pessoas que usam a hashtag ""AbortoSim"" não foram abortadas.   Infelizmente.","Bom dia, amigos",2,0.9677818417549132,0.0322181358933448,
Não não não não não não não  Não não não não não não não  #AbortoNAO,É pela vida #AbortoNao,1,0.9679139256477356,0.0320860408246517,
"Com um STF desses que definitivamente serve a interesses não de uma população que se esforça pra agir direito mas de uma elite sacana, fica difícil a implementação de qualquer que seja os anseios dessa maioria democrática.  Só Deus para nos fazer justiça. #AbortoNao",A feminista acha mesmo que na cabeça das pessoas o homem que abandona o filho é bem visto. Só se for na cabeça de pertubada delas  #AbortoNAO,0,0.9683110117912292,0.0316889509558677,
"DEIXAR COISA CLARA , O  CONTINUARÁ NO SEU CARGO PORQUE O POVO QUER E NÃO PORQUE VOCÊ OU O  PERMITEM, SE ENXERGUEM CORRUPTOS, TENTEM TIRA-LO PRA VER O QUE ACONTECE, DESAFIO VOCÊS A TENTAREM! #JuntosComBolsonaro  #AlcolumbreEMaiaCaemPrimeiro","Onde assino?  E o STF ta nesta também.  Não reconhecemos vsas. excelências como nossos representantes, aliás, estamos perdendo a paciência. #AbortoNao não tente atacar nosso Presidente com esta aberração, pq estarão atacando 57 milhões de brasileiros, no minimo.",2,0.9685340523719788,0.0314659811556339,
Deus Vult  #AbortoNao #MonarquiaJa,#AbortoSim agora sim,0,0.9686393737792968,0.0313606299459934,
"Essa imagem define tudo. E esse fato choca um total de zero pessoas, pq a gente sabe muito bem como funciona o sistema #AbortoSim",Bojack nunca decepcionando com suas críticas.,2,0.9692951440811156,0.0307048093527555,
#AbortoSim Nem o Estado Patriarcal e nem o Capitalismo deve nos ditar o que fazer com nossos corpos. ABORTO SIM!!! LEGAL SEGURO E GRATUITO,STF são genocidas! #AbortoNao,0,0.9695076942443848,0.0304922945797443,
GRAVIDEZ SURPRESA NÃO EXISTE  TREPA SEM PROTEÇÃO E ESPERA GANHAR O QUE?  UM PLEISTEICHON 4 PRA ELE E UM AIFONE 11 PRA ELA?  #AbortoNAO,Desavisada não. #AbortoNao,1,0.9697638750076294,0.0302360821515321,
"Sério q a esquerda está levantando tag p/ apoiar o crime de assassinar fetos? Q eu saiba os artigos 124 a 126 não foram revogados.É proibido se manifestar contra as medidas restritivas que estão nos levando ao sucateamento econômico, mas fazer apologia ao aborto pode?  #AbortoNao",#AbortoNao  Meu Deus,1,0.9698864221572876,0.0301135294139385,
"Sério q a esquerda está levantando tag p/ apoiar o crime de assassinar fetos? Q eu saiba os artigos 124 a 126 não foram revogados.É proibido se manifestar contra as medidas restritivas que estão nos levando ao sucateamento econômico, mas fazer apologia ao aborto pode?  #AbortoNao",São seres das trevas #AbortoNao,1,0.9699241518974304,0.0300759021192789,
Aborto é assassinato. #AbortoNao,Como se nem nasceu filha da puta,2,0.970129370689392,0.029870618134737,
"Em tempos de tantas dificuldades vem a tona a discussão no STF do aborto em caso de zika vírus. É inegável a importância do tema, sobretudo para as mulheres. Mas tratar uma pauta abortista em meio a tantas mortes?! Temo estar chegando dias de banalização da vida. #AbortoNao",tava bom dms pra ser verdade,2,0.9701500535011292,0.0298500098288059,
"Não preciso de justificativa para dizer por que não. Chorei 2 dias, após ouvir o coração do meu filho batendo numa ultrassom, e 10 dias depois ele parou... E nosso sonho se foi diante dos nossos olhos. Palavra do médico para minha esposa! - sinto muito.   #AbortoNao",Esses malditos não podem aproveitar a pandemia e aprovar o aborto. #AbortoNao,1,0.970176875591278,0.0298231784254312,
"Imagens chocantes, mas necessárias para demonstrar a triste realidade e para compreendermos a importância da luta pelo #AbortoNao!  Esta criança foi assassinada com 18 semanas de gestação, foi usado o método de aborto salino — observe a pele queimada. Imagens: Pro Life Society.",Ninguém tem direito de tira a vida  #AbortoNao,1,0.9701806902885436,0.0298192780464887,
É fácil defender o aborto sendo que você já nasceu. #AbortoNAO,Exatamente.Daminha #AbortoNao,1,0.9708265066146852,0.0291734337806701,
"Sério q a esquerda está levantando tag p/ apoiar o crime de assassinar fetos? Q eu saiba os artigos 124 a 126 não foram revogados.É proibido se manifestar contra as medidas restritivas que estão nos levando ao sucateamento econômico, mas fazer apologia ao aborto pode?  #AbortoNao",Esquerda maldita #AbortoNao,2,0.9708480834960938,0.0291519239544868,
Se a mulher não quer filho e só doar  tirar a vida de um inocente Não e solução  #AbortoSim #AbortoNao,"Oratório São José do Pró vida de Anápolis-GO  Pra que cada mamãe perceba que carrega vida em seu ventre, que Jesus está com ela e com seu bebê.  #AbortoNao",0,0.9710832834243774,0.0289167053997516,
"#AbortoNao #AbortoSIM  Minha opinião sobre aborto é: Não tenho útero, portanto não tenho opinião.",Mais um robô se manifestando #AbortoNAO,0,0.9717178344726562,0.028282118961215,
"A vida humana no útero em semanas:   1: Forma-se o zigoto  3: Batimento cardíaco  4: Olhos, pulmões e rins 8: Bebê chupa o dedo 9: Impressões digitais 12: Reflexos  20: O bebê sente dor 21: Pode sobreviver fora do útero  40: Nascimento  O aborto mata em todas as fases. #AbortoNao",#AbortoNao NUNCA pois é o mais CRUEL e COVARDE dos ASSASSINATOS!,2,0.9717591404914856,0.0282408855855464,
"A tag #AbortoNao está em 1º lugar nos trends com 50 mil tweets nas últimas 2h. Bora dobrar a meta? Então senta o dedo aí, e nada de postar a tag vazia!! Coloque uma Frase, vídeo ou Foto. Da rt aqui.","Bora lá, #AbortoNao",1,0.9720128774642944,0.0279871616512537,
"Sério q a esquerda está levantando tag p/ apoiar o crime de assassinar fetos? Q eu saiba os artigos 124 a 126 não foram revogados.É proibido se manifestar contra as medidas restritivas que estão nos levando ao sucateamento econômico, mas fazer apologia ao aborto pode?  #AbortoNao",Aborto é crime #AbortoNao,1,0.9720838069915771,0.0279161818325519,
Surreal! A corte das trevas tá se aproveitando desse momento pra dar um golpe no  povo e aprovar o aborto! Malditos!  #AbortoNao,#AbortoNão  imundos!!,2,0.9721418619155884,0.0278581492602825,
minha xotaaaa #BolsonaroVirus #Spotify #AbortoNunca #AbortoSim #Covid_19 #auxilioemergencialaprovado  #malamjumat,"Vergonha desses machos subindo tag de #AbortoNao.  Uma mulher carrega um ser desses que só vai comer e cagar pro resto da vida, pra ele crescer e descobrir como cagar pela boca agora. O corpo é individual e a decisão sobre ele precisa ser também, respeitem. #AbortoSim",0,0.9722927212715148,0.0277073122560977,
O Babu deveria aprender com a Gleici a não usar sua história e vida financeira como vitimismo pra ganhar o BBB!  #AvenidaBrasil #AbortoNAO #MonarquiaJa cardi b big bicalho brasil justin bieber william bonner sete milhões marigonzalez beijo felica darius kim kardashian,#AbortoNao a  galera que apoia essa TAG é a mesma galera que ler a Bíblia né??? Kkkkkkkkkkkkkkkk ai,0,0.97314190864563,0.0268581248819828,
#AbortoNAO,Como amo esse Papa,2,0.9734482169151306,0.0265518520027399,
"CURIOSIDADE: 100% das pessoas que usam a hashtag ""AbortoSim"" não foram abortadas.   Infelizmente.",Infelizmente MESMO!!!,2,0.9735986590385436,0.026401350274682,
GRAVIDEZ SURPRESA NÃO EXISTE  TREPA SEM PROTEÇÃO E ESPERA GANHAR O QUE?  UM PLEISTEICHON 4 PRA ELE E UM AIFONE 11 PRA ELA?  #AbortoNAO,Está certo vô...#AbortoNao,2,0.9736427664756776,0.0263572428375482,
"Sério q a esquerda está levantando tag p/ apoiar o crime de assassinar fetos? Q eu saiba os artigos 124 a 126 não foram revogados.É proibido se manifestar contra as medidas restritivas que estão nos levando ao sucateamento econômico, mas fazer apologia ao aborto pode?  #AbortoNao",DEUS NA FRENTE #AbortoNao,1,0.9738903045654296,0.0261097028851509,
Já temos leis suficientes e justas sobre aborto. #AbortoNao,"Quase 4h e eu fazendo trabalho de faculdade presencial, a distância    #abortonao",0,0.9740847945213318,0.0259151812642812,
"A tag #AbortoNao já passou dos 100.000 tweets!  Obrigada, brasileiros. Felizmente, só uma minoria apoia ativismo judicial para matar bebês.",#AbortoNao porque é ASSASSINATO!!!,2,0.974163293838501,0.0258366949856281,
"“O aborto se vence com adoção. Quem não quiser as crianças, que as dê a mim. Não rejeitarei uma só delas. Encontrarei pais a elas. Ninguém tem o direito de matar uma vida que vai nascer: nem o pai, nem a mãe, nem o estado, nem o médico. Ninguém."" Madre T. de Calcutá.  #AbortoNAO",#AbortoNao   Sim a V I D A,1,0.9742103815078736,0.0257896315306425,
"Imagens chocantes, mas necessárias para demonstrar a triste realidade e para compreendermos a importância da luta pelo #AbortoNao!  Esta criança foi assassinada com 18 semanas de gestação, foi usado o método de aborto salino — observe a pele queimada. Imagens: Pro Life Society.",Que aperto no coração que me deu. Uma criança que poderia trazer tanta alegria.  #AbortoNao,1,0.9742287397384644,0.0257712602615356,
"É importante aprovar projetos que lidem com os problemas que o STF causa, com o ativismo judicial, perante a maioria conservadora e cristã do povo, a parte boa do legislativo, o executivo de Bolsonaro principalmente, e contra parte do judiciário inclusive.","#AbortoNao Cadê que o congresso, a câmara dos deputados e senado, pra aprovar projetos que endurecem o combate ao ativismo judicial, que ocorre quando partes do judiciário, como o STF, invadem as atribuições do executivo e legislativo?",2,0.9747107028961182,0.0252893418073654,
"Imagens chocantes, mas necessárias para demonstrar a triste realidade e para compreendermos a importância da luta pelo #AbortoNao!  Esta criança foi assassinada com 18 semanas de gestação, foi usado o método de aborto salino — observe a pele queimada. Imagens: Pro Life Society.",Eu tenho o melhor método para esse assunto. Siga os seguintes passos  1- fecha as pernas                E fim #AbortoNao,0,0.9747530817985536,0.0252469554543495,
Absurdo! Nem mesmo na justiça os pacientes estão conseguindo o direito de usar a Cloroquina. Via:,"Essa velharia só faz MERDA,  adora soltar bandido, outro prejudicar trabalhadores, outro dar privilégios a Corruptos de Colarinho branco!! Aonde é que pedíamos parar? Na MERDA #STFVergonhaNacional #AbortoNao",2,0.9750266671180724,0.0249733459204435,
Aborto é assassinato. #AbortoNao,Aborto é assassinato com toda ctz #AbortoNao,2,0.9750840663909912,0.0249159783124923,
"A tag #AbortoNao está em 1º lugar nos trends com 50 mil tweets nas últimas 2h. Bora dobrar a meta? Então senta o dedo aí, e nada de postar a tag vazia!! Coloque uma Frase, vídeo ou Foto. Da rt aqui.","“Antes mesmo de te formar no ventre materno, Eu te escolhi; antes que viesses ao mundo, Eu te separei e te designei para a missão de profeta para as nações!” #AbortoNao",1,0.9753535389900208,0.0246465262025594,
"CURIOSIDADE: 100% das pessoas que usam a hashtag ""AbortoSim"" não foram abortadas.   Infelizmente.",Num é?,2,0.9755027890205384,0.024497166275978,
Aborto nunca.  #AbortoNao,"Todo mundo que apoiava a escravidão era livre, todo mundo que apoia o aborto já nasceu.   Falam em ""aborto seguro"". Pergunto, para quem? Afinal, o bebê sempre morre. #AbortoNao",0,0.9758111238479614,0.0241888668388128,
"A tag #AbortoNao está em 1º lugar nos trends com 50 mil tweets nas últimas 2h. Bora dobrar a meta? Então senta o dedo aí, e nada de postar a tag vazia!! Coloque uma Frase, vídeo ou Foto. Da rt aqui.",#AbortoNao vamos dobrar a meta ...,1,0.9763462543487548,0.0236537661403417,
#AbortoNao  Nem pensar!,"Entrei na #AbortoNao e saio na hora, esse assunto é pesado pra mim bom dia :)",0,0.976465940475464,0.0235340166836977,
Alguém me explica pq de repente #AbortoNao e #AbortoSim foram pros trends???,Não e não #AbortoNao,0,0.9768408536911012,0.0231591705232858,
"Aborto é assassinato de inocente e encorajado por um dos movimentos mais genocidas do mundo: o feminismo. Não adianta dizer ""meu corpo, minhas regras"". O corpo não é seu, feminazi medíocre. #AbortoNao",Aborto NUNCA. #AbortoNao,1,0.976856529712677,0.0231435038149356,
Semelhanças entre o Holocausto e o aborto:  Ideia de saneamento; Linguagem eufemizada; Sanção do governo; Cultura da morte; Desumanização das vítimas; Eliminação de uma categoria;  Mortes no Holocausto: mais de 6 milhões Mortes nos EUA por aborto: mais de 60 milhões #AbortoNao!,Pesado...,2,0.9773043394088744,0.0226955767720937,
"Nenhuma sociedade civilizada permite que um ser humano intencionalmente prejudique ou tire a vida de outro sem punição. O aborto não é uma forma de contracepção, mas assassinato. Quem defende essa monstruosidade está fazendo apologia e deve responder criminalmente. #AbortoNao!",Concordo  #AbortoNao,1,0.9775922894477844,0.0224076546728611,
"A tag #AbortoNao passou dos 100k. Enquanto isso, a tag dos esquerdopatas caíram. Bora dobrar a meta? Então senta o dedo aí!!",Aborto = assassinato premeditado.  #AbortoNao,1,0.9788580536842346,0.0211419723927974,
Deixe de ser uma vagabunda inconsequente e use camisinha! #AbortoNao,#AbortoSim isso evitaria Bolsominions e fãs do Prior por ai!,0,0.9790819883346558,0.0209180079400539,
"O que a Bíblia fala sobre o aborto?  ""Antes que te formasse no ventre de sua mãe, Eu te conheci""  Jeremias 1.5 #AbortoNao",Assassinato em massa de bebês não nascidos. #AbortoNAO,2,0.9792518019676208,0.0207481551915407,
"O cantor arrecadou toneladas de alimentos e agora aparece ""meia dúzia preocupada"" com bebidas durante a live? Essa meia dúzia se manifesta quando artistas, políticos e ministros do STF puxam coro para liberação de drogas e assassinatos de bebês/aborto?","Ou quando o STF faz licitação de R$ 1,1 milhão para comprar lagostas e vinhos. #AbortoNao",2,0.979272961616516,0.0207270216196775,
Surreal! A corte das trevas tá se aproveitando desse momento pra dar um golpe no  povo e aprovar o aborto! Malditos!  #AbortoNao,#AbortoNao  estão cutucando onça com vara curta em !!!!,1,0.9793686866760254,0.0206313598901033,
"A tag #AbortoNao está em 1º lugar nos trends com 50 mil tweets nas últimas 2h. Bora dobrar a meta? Então senta o dedo aí, e nada de postar a tag vazia!! Coloque uma Frase, vídeo ou Foto. Da rt aqui.",#AbortoNao assassinos de bebês não passarão.,2,0.9795193672180176,0.0204806234687566,
Ihuuuuuul por isso que adoro as mulheres de direita. #AbortoNao,Mas não mesmo !! Vida é para ser recebida e cuidada com amor:#AbortoNao,1,0.9795241951942444,0.0204758215695619,
daqui a pouco a minha aula começa #Apple #BBB20 #PINTOAWARDS #festabbb #bbb #abortosim #abortonao #PINTOAWARDSDIA25  #ABORTONUNCA #PEITOSAWARDS  #ABORTO #PINTOAWARDSDIA  #BANGBANG2020 #BTSReComeback2020 #bbb20 #BBBAEliminação,"#AbortoNao ainda está no topo do tt. é incrível como algumas pessoas se recusam a sair da sua própria bolha  bell hooks vem, desde os anos 70, sinalizando em seus estudos a importância da liberdade de escolha na vida de MULHERES e HOMENS  galera antiaborto, vão ler e se informar.",0,0.9796519875526428,0.0203480422496795,
"A tag #AbortoNao está em 1º lugar nos trends com 50 mil tweets nas últimas 2h. Bora dobrar a meta? Então senta o dedo aí, e nada de postar a tag vazia!! Coloque uma Frase, vídeo ou Foto. Da rt aqui.","Sou a favor da vida, sempre . #AbortoNao",1,0.9797059893608092,0.0202940758317708,
STF pode estar cometendo o seu maior erro: pautar o aborto no meio desse confinamento para a semana que vem pode transformar esse processo no Dred Scott Case brasileiro...  #AbortoNao,Com tanta coisa acontecendo no mundo e o STF pautando isso???#AbortoNão,2,0.9798269271850586,0.020173018798232,
"“O aborto se vence com adoção. Quem não quiser as crianças, que as dê a mim. Não rejeitarei uma só delas. Encontrarei pais a elas. Ninguém tem o direito de matar uma vida que vai nascer: nem o pai, nem a mãe, nem o estado, nem o médico. Ninguém."" Madre T. de Calcutá.  #AbortoNAO",STF vergonha nacional  #AbortoNão,2,0.979909121990204,0.0200908407568931,
"RELATO DE UM AMIGO  ""O cenário a nossa frente não é nada agradável.Ontem fui demitido do meu trabalho e ao chegar em casa recebo a notícia que minha esposa também tinha sido demitida. Ainda bem que meu socorro e em quem eu confio vem do céu"". #AbortoNao","eu tentando entender pq #AbortoNao tá nos trends , achei ela,   ~a fonte~    isso é do tempo da epidemia do zika  a celeridade da justiça brasileira não cansa de me impressionar, assim como o timing de querer pautar um assunto desses com o país se acabando",0,0.9799171090126038,0.0200829114764928,
"Bolsominions estão revoltados pq STF pode permitir aborto de fetos com zika vírus. Imagine q 1 mulher está grávida de um bebê q, se não nascer morto, viverá apenas meses. Pq obrigá-la a prosseguir com a gravidez q pode por a vida dela em risco? Ela é q tem q decidir! #AbortoSim","Mas pelo que estou lendo nas tags abortosim,  essa sua justificativa,  não é a justificativa de parte da  esquerda doentia, querem aprovar o aborto  de maneira a ser definida pela mãe se irar gerar ou não, independente de anomalias, doenças ou estrupo,se estiver equivocada.",1,0.9803762435913086,0.0196237415075302,
Quem usa a #AbortoSim deveria dar o exemplo e SE abortar.   #AbortoNão,"Realmente, dê o exemplo. Se aborte! #AbortoNão  #AbortoNunca",2,0.9806944131851196,0.0193055849522352,
Diga mil vezes não? #AbortoNao,Vamos respeitar a vida. #AbortoNao,1,0.9807184934616088,0.0192814990878105,
"#AbortoNao Digam sim a vida, nao aproveitem situacao de morte, pra pedir mais mortes!!",#AbortoNao #AbortoNunca  #STFVergonhaNacional  Vagabundos,0,0.980728805065155,0.0192712377756834,
Deus é o único que tem o direito de dar e tirar a vida! 1 Samuel 2:6 #AbortoNao,Apenas ele.. #AbortoNao,2,0.981071412563324,0.0189285818487405,
"A tag #AbortoNao está em 1º lugar nos trends com 50 mil tweets nas últimas 2h. Bora dobrar a meta? Então senta o dedo aí, e nada de postar a tag vazia!! Coloque uma Frase, vídeo ou Foto. Da rt aqui.",#AbortoNao nunca!!,1,0.9811463356018066,0.018853660672903,
"O STF pautou para o dia 24 de abril o julgamento de uma ação que autoriza o aborto em casos de infecção por zika vírus. Enquanto estamos lutando pela vida no caso coronavirus, alguns lutam pela morte. O diabo NUNCA dorme. #AbortoNao",a burrice meu pai,2,0.9815405607223512,0.0184594057500362,
"Médico responsável por superdosagem de cloroquina que matou pacientes é petista  via  Gazeta Brasil apresenta as últimas notícias sobre governo Bolsonaro, Lava Jato, Planalto, Congresso, Judiciário, além de notícias dos bastidores.","Este é um assassino com ""diploma"" de médico!   #AbortoNao",2,0.9819865226745604,0.0180135443806648,
Sei que não aguentam mais #BBBaEliminacao #samsungnobbb #festabbb #vaiquecola #LiveDoRevela GIZELLY NO MULTISHOW #AbortoNao #AbortoSim Paulo Gustavo Xande Galaxy S20 sadie Ferdinando REMEMBER PRIOR #Apple #BBB20 #PINTOAWARDS #BTSReComeback2020,"Os mesmos que criticam o abordo, defendem a prevalência da economia sobre a vida. Hipocrisia ou desonestidade intelectual? #AbortoSim #AbortoNão",0,0.9819867610931396,0.0180132575333118,
"Em meio à pandemia e palavras de todos em preocupação com as vidas, o STF resolve deliberar sobre aborto. Os humanistas que se alimentam de fetos já lambem os lábios.  #AbortoNao",Aproveitam qualquer oportunidade de perverter a sociedade e trazer maldição sobre a nação. Agem como funcionários das trevas.,2,0.9820969700813292,0.0179030187427997,
"SERÁ QUE ESSA IMPRENSA IMUNDA, VAI COLOCAR A CULPA NO PRESIDENTE BOLSONARO? Publicitário recifense de 34 anos morre por coronavírus",VAI MEU FI VAI #STFVergonhaNacional  #AbortoNao,2,0.9823808670043944,0.0176191572099924,
"A tag #AbortoNao está em 1º lugar nos trends com 50 mil tweets nas últimas 2h. Bora dobrar a meta? Então senta o dedo aí, e nada de postar a tag vazia!! Coloque uma Frase, vídeo ou Foto. Da rt aqui.",#AbortoNao Vida sim!,1,0.982474148273468,0.0175258051604032,
"Eu peço a quem for a favor do aborto, para refletir se sua mãe tivesse feito essa opção quando estivesse grávida de você... Não é possível um ser humano agir com tamanha covardia!  #AbortoNao",Amor à vida. #AbortoNao,1,0.982519507408142,0.0174804925918579,
"Todo mundo que apoiava a escravidão era livre, todo mundo que apoia o aborto já nasceu.   Falam em ""aborto seguro"". Pergunto, para quem? Afinal, o bebê sempre morre. #AbortoNao",#AbortoNao  é muito sofrimento,1,0.982696294784546,0.0173036865890026,
Você já nasceu né. Então não impeça de outras vidas de nascer! #AbortoNAO,#AbortoNAO E aqui tem 10 argumentos rápidos da querida   contra o  aborto,1,0.982921063899994,0.0170789789408445,
"Enquanto lutamos pela nossa vida contra o covid19, o STF abre uma sessão pra liberar o aborto! Que país é esse?  #AbortoNao    #STFVergonhaNacional",Depois eles não querem ser xingado se hostilizados pelo povo  #STFVergonhaNacional,2,0.9831218123435974,0.0168781764805316,
"""Pesa menos uma criança nos seus braços, do que na sua consciência"".  Os demônios assassinos de crianças ficam loucos com essa hashtag. Percebam as respostas, só robôs.   #AbortoNao","A pessoa vem discutir comigo sobre o aborto , peço referências de estudos e me vem com Felipe Neto. É ""pracaba"" com os pequis do meu Goiás !  #AbortoNao",0,0.983132302761078,0.0168676488101482,
#AbortoNao usa camisinha cambada de idiota,EXPLOSÃO DE SENTIMENTOS Dua Lipa Rihanna Thomas Santana Joji #AbortoNao Will Smith #samsungnobbb Titi #festabbb #Riverdale #عبودكا #instagrammusic #COVID19 #نايف_حمدان #GOT7_NOTBYTHEMOON #Apple sadie #Covid_19,0,0.9833955764770508,0.0166044887155294,
Vamos manter a hashtag em primeiro. #AbortoNao,"A turminha do aborto sim , poderia primeiro brigar pela pena de morte para bandido !!! #AbortoNAO",0,0.9833967089653016,0.0166032332926988,
"Sobre o aborto: - A vida começa na concepção; - O STF não tem competência para legislar; - A deficiência de um ser humano não pode servir como critério para matar, os nazistas faziam isso. #AbortoNAO",Exatament oque eu estava pensando,2,0.9834787845611572,0.0165211558341979,
"#AbortoNao  Salve Maria! A questão primeira a se discutir é: com assepsia ou sem assepsia, com dinheiro ou sem dinheiro, posso matar um ser humano, o que é mais grave, em fase de maior fragilidade, sem direito à defesa?",views aqui #BolsonaroVirus #Spotify #AbortoNunca #AbortoSim #Covid_19 #auxilioemergencialaprovado #LISA #malamjumat #BBB2O #MetasQueJaFalharam #GOT7_DYE,0,0.983686864376068,0.0163131803274154,
"Tenho visto muitos anúncios nacionais e estrangeiros, dizendo para ficar em casa. Todos mostram famílias da classe média alta. Por que não usam as famílias das favelas falando a mesma coisa? Os pobres não são cidadãos? Não tem que ser ""protegidos""? Hipocrisia.","Amigos, subindo... #AbortoNAO",2,0.9837408661842346,0.016259130090475,
"A tag #AbortoNao está em 1º lugar nos trends com 50 mil tweets nas últimas 2h. Bora dobrar a meta? Então senta o dedo aí, e nada de postar a tag vazia!! Coloque uma Frase, vídeo ou Foto. Da rt aqui.",#AbortoNao  Nem pensar,1,0.983758807182312,0.0162411704659461,
queria saber o que os dementes pensam de 14 anos de pt melhor partido do mundo  e preocupado com as mulheres comprando o congresso com mensalão e petrolao bilhoes gastos e nunca tentaram aprovar isso? #AbortoSim #AbortoNao,"#AbortoNao Ora, desde o ventre materno dependo de ti, das entranhas de minha mãe me separaste; dia após dia és motivo de todo o meu louvor. Salmos 71:6",0,0.9838104248046876,0.0161896143108606,
"A tag #AbortoNao está em 1º lugar nos trends com 50 mil tweets nas últimas 2h. Bora dobrar a meta? Então senta o dedo aí, e nada de postar a tag vazia!! Coloque uma Frase, vídeo ou Foto. Da rt aqui.",O Brasileiro não quer #AbortoNao,1,0.9838626980781556,0.0161373615264892,
#AbortoSim  Se a mulher quer abortar ? Aborta. Se o homem quer que ela aborte e ela não? Contrato de isenção de responsabilidade financeira.  Seria ótimo se o Brasil respeitasse contratos .,11:59 precisamos preservar vidas. 12:00 o aborto é serviço essencial na quarentena. #Abortonao,0,0.9840973019599916,0.015902629122138,
"A tag #AbortoNao já passou dos 100.000 tweets!  Obrigada, brasileiros. Felizmente, só uma minoria apoia ativismo judicial para matar bebês.",Com certeza #AbortoNao !!!,1,0.9847481846809388,0.0152518451213836,
"A tag #AbortoNao passou dos 100k. Enquanto isso, a tag dos esquerdopatas caíram. Bora dobrar a meta? Então senta o dedo aí!!","#,AbortoNao",1,0.9848490953445436,0.0151508571580052,
Sou contra o Aborto!  #AbortoNao,Bando de filho da puta!!! #AbortoNao,0,0.9849408268928528,0.0150591414421796,
"3)conspiradores e vendilhões da pátria,como os governadores    e outras nulidades. A China não passa de uma ditadura sanguinária,e com pretensões imperiais. Ademais, como bem disse Olavo de Carvalho, um governo que não sabe orientar seu povo em",Vemos agora. A china ganhou. #AbortoNao,2,0.9853305816650392,0.014669450931251,
"Imagens chocantes, mas necessárias para demonstrar a triste realidade e para compreendermos a importância da luta pelo #AbortoNao!  Esta criança foi assassinada com 18 semanas de gestação, foi usado o método de aborto salino — observe a pele queimada. Imagens: Pro Life Society.",Aborto é sacrifício prestado ao demônio. #AbortoNao,2,0.9853493571281432,0.0146506950259208,
"Deixem as crianças em Paz, assassinos! #AbortoNao","#AbortoNao O aborto é um crime contra a dignidade da pessoa humana, um ataque a integridade física e espiritual de um pequeno ser humano, impossibilitando o desenvolvimento de sua pessoalidade. Um assassinato promovido pelos arautos da elite republicana, juízes do destino alheio",0,0.985509753227234,0.0144902542233467,
"A tag #AbortoNao está em 1º lugar nos trends com 50 mil tweets nas últimas 2h. Bora dobrar a meta? Então senta o dedo aí, e nada de postar a tag vazia!! Coloque uma Frase, vídeo ou Foto. Da rt aqui.",Não podemos deixar esses assassinos ganharem está briga. #AbortoNao,2,0.9855258464813232,0.0144740967079997,
Essa cambada da #AbortoSim deveria dar o exemplo e se abortar. #AbortoNao,CANALHAS!  NÃO PENSEM QUE FICARÃO IMPUNES! SUAS DECISÕES TERÃO CONSEQUÊNCIAS ESPIRITUAIS.  #AbortoNao,0,0.9856011271476746,0.0143988095223903,
"Nós somos cristãos, aborto NÃO   #AbortoNAO",#AbortoNAO  Sim a vida!,1,0.9857134819030762,0.014286526478827,
Em prol da Vida #AbortoNao,Nãofaca isso #AbortoNao,0,0.9857283234596252,0.0142716597765684,
"STF pauta aborto enquanto te obriga a ficar dentro de casa em quarentena para ""salvar vidas""... ""Toda vida importa""... menos a de bebês com microcefalia no ventre materno.  Isso não é só uma canalhice e incoerência...é crime. Deveriam ser presos. #AbortoNAO",Aborto NÃO!  Toda vida importa!! #FicaEmCasaMandetta,2,0.985874593257904,0.0141253676265478,
"A tag #AbortoNao já passou dos 100.000 tweets!  Obrigada, brasileiros. Felizmente, só uma minoria apoia ativismo judicial para matar bebês.",Não podemos aceitar isso #AbortoNao,1,0.9858766198158264,0.0141233634203672,
"A tag #AbortoNao está em 1º lugar nos trends com 50 mil tweets nas últimas 2h. Bora dobrar a meta? Então senta o dedo aí, e nada de postar a tag vazia!! Coloque uma Frase, vídeo ou Foto. Da rt aqui.",Nao acho justo com a natureza!  #AbortoNao,2,0.985911786556244,0.0140881771221756,
"Sério q a esquerda está levantando tag p/ apoiar o crime de assassinar fetos? Q eu saiba os artigos 124 a 126 não foram revogados.É proibido se manifestar contra as medidas restritivas que estão nos levando ao sucateamento econômico, mas fazer apologia ao aborto pode?  #AbortoNao",Precisamos barrar o q o STF vai decidir!!! #AbortoNao Nunca nunca,1,0.9863129258155824,0.013687121681869,
"Enquanto lutamos pela nossa vida contra o covid19, o STF abre uma sessão pra liberar o aborto! Que país é esse?  #AbortoNao    #STFVergonhaNacional",Então já que estamos vendo tantas mortes viva a vida! #AbortoNao #STFVergonhaNacional,2,0.9864506721496582,0.0135492943227291,
Mesmo assistindo eu não consigo acreditar... Alguém sabe em que cidade está ocorrendo este fascismo escancarado?,"Quando isso acabar, vai chover prefeitos processados por abuso de autoridade. #AbortoNao  #STFVergonhaNacional  #FiqueEmCasaMandetta",2,0.9864522218704224,0.0135478554293513,
"O que a Bíblia fala sobre o aborto?  ""Antes que te formasse no ventre de sua mãe, Eu te conheci""  Jeremias 1.5 #AbortoNao",Cidadãos de BEM e que tem Deus no Coração. Diz: #AbortoNAO,2,0.986485242843628,0.0135147115215659,
Surreal! A corte das trevas tá se aproveitando desse momento pra dar um golpe no  povo e aprovar o aborto! Malditos!  #AbortoNao,Não vão!!!  #AbortoNao,1,0.9865829348564148,0.0134170902892947,
#AbortoNAO chegando ao topo dos TT's.   Vamos pressionar o STF.,"Não aparece pra mim,   Aparece lula, babu, BBB, abortosim.  O que será ?",1,0.9866015315055848,0.0133985411375761,
"Apos um #AbortoNao sucedido, nasceu o Bozo, comeu as fezes e cresceu falando bosta. Hoje eu digo #AbortoSIM ao #BolsonaroGenocida Sim. Fruto de um aborto nasceu essa fezes fracassada",O #STFLixo é o #STFVergonhaNacional. Há muito tempo e assim. #AbortoNao,0,0.9866264462471008,0.0133735137060284,
"Entrarei com denúncia no Ministério Público contra o Governador por usar o Decreto de Calamidade pública e a crise do Vírus Chinês, para contratar sem licitação empresa de RADARES. O contato é de 5,4 milhões para alimentar o que o próprio Doria chamava de indústria da multa.",DitaDoria! #AbortoNao,2,0.9867122173309326,0.013287796638906,
Fora seus lixo #AbortoNao,Em defesa da Vida.  #AbortoNao,0,0.987048327922821,0.0129516460001468,
"A tag #AbortoNao está em 1º lugar nos trends com 50 mil tweets nas últimas 2h. Bora dobrar a meta? Então senta o dedo aí, e nada de postar a tag vazia!! Coloque uma Frase, vídeo ou Foto. Da rt aqui.",Pela vida! #AbortoNao,2,0.9872296452522278,0.012770346365869,
"A Suprema Corte pauta a ADI 5581, que trata de ABORTO em caso de microcefalia, para o dia 24/04 e muitos que se dizem pró-vida estão CALADOS querendo “pagar para ver”, só pode! Esse silêncio é ENSURDECEDOR! Diante de uma eugenia declarada não há passividade justificável.",Lutemos contra esse genocídio  #AbortoNAO,2,0.9872657060623168,0.0127342976629734,
"A tag #AbortoNao está em 1º lugar nos trends com 50 mil tweets nas últimas 2h. Bora dobrar a meta? Então senta o dedo aí, e nada de postar a tag vazia!! Coloque uma Frase, vídeo ou Foto. Da rt aqui.",#ForaMandetta #AbortoNao . BOM dia... #JairNobeldaPaz,1,0.9873136878013612,0.0126863559707999,
"CURIOSIDADE: 100% das pessoas que usam a hashtag ""AbortoSim"" não foram abortadas.   Infelizmente.",Infelizmente. Mas ainda há tempo desses criminosos cortarem os pulsos ou se atirarem embaixo do metrô. Abirto é assassinato e ponto final.,2,0.98731529712677,0.0126846591010689,
"Bora subir, robozada?   #AbortoNao","#AbortoNao  A prática nefanda é ato contrário à Declaração Universal dos Direitos Humanos,à Constituição Federal...Aborto,é crime e pecado (Não matarás!)...DEUS NÃO DORME...",1,0.987385392189026,0.0126145621761679,
"Todo mundo que apoiava a escravidão era livre, todo mundo que apoia o aborto já nasceu.   Falam em ""aborto seguro"". Pergunto, para quem? Afinal, o bebê sempre morre. #AbortoNao",#AbortoNao #BolsonaroEstavaCerto Fora Ditadoria,1,0.9874168634414672,0.0125830946490168,
#AbortoSim  só tenho que no brasil o pessoal comece a trocar a camisinha pelo forceps,Aí vamo #BBBaEliminacao #samsungnobbb #festabbb #vaiquecola #LiveDoRevela GIZELLY NO MULTISHOW #AbortoNao #AbortoSim Paulo Gustavo Xande Galaxy S20 sadie Ferdinando REMEMBER PRIOR #Apple #BBB20 #PINTOAWARDS #BTSReComeback2020,0,0.987532079219818,0.0124679403379559,
“Que seja garantida a proteção jurídica do embrião e que o ser humano seja protegido desde o primeiro instante de sua existência.”  -papa Francisco #AbortoNao,#AbortoNAO mil vezes,0,0.9875739216804504,0.0124260317534208,
"A tag #AbortoNao está em 1º lugar nos trends com 50 mil tweets nas últimas 2h. Bora dobrar a meta? Então senta o dedo aí, e nada de postar a tag vazia!! Coloque uma Frase, vídeo ou Foto. Da rt aqui.",Ok ! Vamos aumentar isso #AbortoNao,1,0.9875841736793518,0.0124157890677452,
"A tag #AbortoNao já passou dos 100.000 tweets!  Obrigada, brasileiros. Felizmente, só uma minoria apoia ativismo judicial para matar bebês.",Robô do Brasil que está com Bolsonaro diz: #AbortoNao,1,0.9876348376274108,0.0123651716858148,
#AbortoSim De seu CU vc não fica gravida ....,Carência virus #BBBaEliminacao #samsungnobbb #festabbb #vaiquecola #LiveDoRevela GIZELLY NO MULTISHOW #AbortoNao #AbortoSim Paulo Gustavo Xande Galaxy S20 sadie Ferdinando REMEMBER PRIOR #Apple #BBB20 #PINTOAWARDS #BTSReComeback2020,0,0.9876933693885804,0.0123066855594515,
#China justificou a remoção das cruzes de igrejas cristãs alegando que símbolos religiosos não podem ficar posicionados em um patamar mais alto do que a bandeira nacional chinesa.,Olha Aí  A China Que Mata Inocentes... #ForaMandettaUrgente  #AbortoNao  #PLP149NAO  #ForaDoriaDitador  #STFVergonhaNacional,2,0.9877326488494872,0.0122673520818352,
Aborto é assassinato. #AbortoNao,É isso  #AbortoNao,2,0.9878039360046388,0.0121959932148456,
"A tag #AbortoNao está em 1º lugar nos trends com 50 mil tweets nas últimas 2h. Bora dobrar a meta? Então senta o dedo aí, e nada de postar a tag vazia!! Coloque uma Frase, vídeo ou Foto. Da rt aqui.",Isso não pode passar! #AbortoNao,1,0.9879151582717896,0.0120847998186945,
O que faz um supremo juiz da corte suprema querer colocar o ABORTO como pauta prioritária agora no meio de uma pandemia ???   Explica pra mim !!!   #AbortoNao,Vagabundos #AbortoNao,1,0.9879693984985352,0.0120305875316262,
"A tag #AbortoNao está em 1º lugar nos trends com 50 mil tweets nas últimas 2h. Bora dobrar a meta? Então senta o dedo aí, e nada de postar a tag vazia!! Coloque uma Frase, vídeo ou Foto. Da rt aqui.",Aborto é  crime! #AbortoNao,2,0.988013505935669,0.011986568570137,
Tá dificil entender a esquizofrenia das pessoas Falam em poupar e salvar vidas do vírus chinês Por outro querem aprovar o aborto Não seria mais fácil e mais barato educar? #AbortoNao,Deus nos livre dessa tragédia! #AbortoNao,2,0.9880492091178894,0.0119507499039173,
"O que a Bíblia fala sobre o aborto?  ""Antes que te formasse no ventre de sua mãe, Eu te conheci""  Jeremias 1.5 #AbortoNao",Todas as Vidas importa!!!! #AbortoNao,1,0.9881348609924316,0.0118651399388909,
"O STF pautou para o dia 24 de abril o julgamento de uma ação que autoriza o aborto em casos de infecção por zika vírus. Enquanto estamos lutando pela vida no caso coronavirus, alguns lutam pela morte. O diabo NUNCA dorme. #AbortoNao",Boa noite não irei dormir,2,0.9884594082832336,0.0115406103432178,
"So conseguiu entrar nessa tag pq NAO foi abortada, #AbortoNAO","Sou totalmente contra #AbortoNAO , mas no caso dessa coisa seria a favor. Um entulho a menos na Terra.",1,0.9887824654579164,0.0112174805253744,
STF quer aplicar a medida enquanto a gente não tá vendo!! #AbortoNao,"São ""ministros"" do demônio STF e um caldeirão. Esse escritório só dá despesas pro Brasil. Nem as mulheres que passa o tempo lá tem voz ativa. A melhor coisa para nós brasileiros e fechar aquela merda pra balanço.",2,0.9893469214439392,0.0106530738994479,
"Aborto nao, seus merdas,  aqui é um robô muito consciente .  #AbortoNao","O STF mais uma vez quer decidir sobre aborto, essa corte demoníaca sempre usa desses momentos para por em pauta esses pedidos maléficos, o objetivo agora é aprovar aborto para gestantes que tiverem o zika vírus. #AbortoNao",0,0.9894117712974548,0.0105882724747061,
"Caro , gostaria de propor aos digníssimos togados que consultem as mães de crianças especiais se elas aprovam o aborto! Vocês não são deuses! Diagnóstico não é destino! #AbortoNao",Bom dia #AbortoNao,1,0.9894233345985411,0.0105766337364912,
"Imagens chocantes, mas necessárias para demonstrar a triste realidade e para compreendermos a importância da luta pelo #AbortoNao!  Esta criança foi assassinada com 18 semanas de gestação, foi usado o método de aborto salino — observe a pele queimada. Imagens: Pro Life Society.",A justiça divina tem que começar agir no STF urgente. #AbortoNao,1,0.9894708395004272,0.0105292210355401,
"URGENTE - CNN CORTA ENTREVISTA DE CARLA ZAMBELLI A deputada respondeu todas as perguntas. De repente, foi pedido que ela apresentasse os erros de gestão de Mandetta. A deputada começou a apresentar vários erros que não tinham como ser contestados. A CNN ENCERROU A ENTREVISTA.",Já virou rotina CORTAREM a entrevista qdo os entrevistados falam algo diferente dos que eles querem ouvir! #AbortoNao,2,0.9895477294921876,0.0104522993788123,
Você já nasceu né. Então não impeça de outras vidas de nascer! #AbortoNAO,Vida sim.  #AbortoNao,1,0.989595115184784,0.0104049062356352,
"ATENÇÃO, NÃO PODEMOS PERMITIR QUE O ASSASSINATO DE BEBÊS SEJA LIBERADO NO BRASIL. #AbortoNao  Já sabemos como trabalha o STF:","#AbortoNao Cadê que o congresso, a câmara dos deputados e senado, pra aprovar projetos que endurecem o combate ao ativismo judicial, que ocorre quando partes do judiciário, como o STF, invadem as atribuições do executivo e legislativo?",1,0.9896122813224792,0.0103877112269401,
Vamos subir #AbortoNao .  STF quer aprovar medida em plena pandemia.,"Não deixe o STF pensar que não estamos vendo ele tentar agir sorrateiramente aproveitando a crise política para causar ainda mais caos usando a pauta da esquerda  #AbortoNao, e bora trabalhar Brasil!",2,0.989615797996521,0.0103841973468661,
"Todos já ouviram a frase ""se arrependimento matasse"". No caso de um aborto, essa frase deixa de ser uma suposição e se torna uma realidade. #AbortoNao",Aos poucos a agenda da Onu está sendo implantada #AbortoNao,2,0.9897137880325316,0.0102862874045968,
preciso de uma música pra cantar   Dua Lipa Rihanna Thomas Santana Joji #AbortoNao JUNGKOOK #samsungnobbb Titi #festabbb #Riverdale #عبودكا #instagrammusic #COVID19 #نايف_حمدان  #Apple #restateacasa  sadie #Covid_19,"Fiquei assustado quando vi a hashtag pró aborto nos trending tópics em 4, mas para meu alívio a #AbortoNao está em 2.",0,0.9897618889808656,0.0102381007745862,
Acompanhando aqui o Twitter do presidente Bolsonaro . Até agora ele não demitiu o Mandetta.,#AbortoNao URUBÚ,2,0.9899056553840636,0.0100943362340331,
"Precisamos falar desse assunto antes que os Sinistros do STF vergonha nacional torne essa doença como normal, e vou postar aqui o que o grande Sikera JR pensa sobre esse assunto, sou contra quer evitar ter filhos fecha as pernas bando de nojentas dos infernos.  #AbortoNAO",o melhor de Manaus nosso  !! #AbortoNao  #BolsonaroTinhaRazao  #BolsonaroEstavaCerto,2,0.98996102809906,0.0100389290601015,
"Só no BR vc vai ver esse tipo de coisa acontecer, em plena tal pandemia catastrófica apocalíptica elíptica da hipotenusa elevada ao quadrado, o STF abrir discussão de um tema desse... STF cês são vergonha! VERGONHA!!!  #AbortoNao",#AbortoNao #MonarquiaJa  A direita precisa de um comandante mais quem? Quem vai ter coragem?,0,0.9899678230285645,0.0100321751087903,
"Para debater e dialogar sobre política, exige um pouco de calma e paciência.   Mas a minha paciência acaba quando vejo alguém defendendo o aborto.  É IMPOSSÍVEL conversar sobre qualquer assunto com uma pessoa que defenda MATAR um bebê inocente na barriga da mãe.  #AbortoNao","Por favor, Brasil, #AbortoNao",0,0.9899958372116088,0.0100041544064879,
"STF pautou ABORTO para dia  24 , no auge da Pandemia. Enquanto dormimos, STF cumpre a pauta  dos COMUNISTAS para assassinar indefesos !  STF, diz que quer salvar vidas prendendo as pessoas em casa com fome , enquanto pauta assassinatos, de bebês.  #AbortoNAO","Muita safadeza... Primeiro OMS, agora STF? Por isso não acredito nesse alarde de Coronga. Mas só não vou pra rua à toa, porque não quero ser preso",2,0.9900103211402892,0.0099896509200334,
"Bora subir, robozada?   #AbortoNao",Bora subir #AbortoNao #AbortoNão #AbortoNunca,1,0.9900362491607666,0.0099637769162654,
"Bora subir, robozada?   #AbortoNao",É uma boa causa #AbortoNão .,2,0.9901024103164672,0.0098975962027907,
"""matem as crianças para que elas não sejam tristes quando crescerem"" eis a argumentação dos assassinos #AbortoNao",O corpo é da mulher mas vamos colocar homens para decidir o que elas devem fazer  #AbortoNao,0,0.9901154041290284,0.0098846144974231,
Aborto é assassinato. #AbortoNao,STF maldito pautando essa desgraça enquanto as luzes são jogadas no vírus chinês #AbortoNao,1,0.990155816078186,0.0098441885784268,
"Em meio à pandemia e palavras de todos em preocupação com as vidas, o STF resolve deliberar sobre aborto. Os humanistas que se alimentam de fetos já lambem os lábios.  #AbortoNao",Contra o aborto! #AbortoNao,1,0.9903103709220886,0.0096896989271044,
Vamos subir #AbortoNao .  STF quer aprovar medida em plena pandemia.,Vamos lá pessoal lutar contra esse absurdo!,2,0.9904778003692628,0.009522252716124,
Que papo cis-normativo é esse?  #AbortoNAO,"Minha primeira ultrassom 5 semanas de gestação, o meu bebê estava com 12mm e seu coraçãozinho já marcava 155bpm. #AbortoNAO",2,0.9905753135681152,0.0094246864318847,
Aborto nunca! #AbortoNao,Quanta tristeza fazer isso com um inocente! #AbortoNao,2,0.9909464120864868,0.0090536559000611,
"Não preciso de justificativa para dizer por que não. Chorei 2 dias, após ouvir o coração do meu filho batendo numa ultrassom, e 10 dias depois ele parou... E nosso sonho se foi diante dos nossos olhos. Palavra do médico para minha esposa! - sinto muito.   #AbortoNao",Meus sentimentos amigo  #AbortoNao,1,0.991057515144348,0.0089425565674901,
"Parabéns Presidente Bolsonaro pela atitude, mostrou ao STF, Rodrigo Maia, Davi Alcolumbre, Imprensa quem é o Presidente e cabe ao Senhor escolher os seus Ministros. Meu voto valeu a pena. #BolsonaroTemRazao  #OBrasilNaoPodeParar #AbortoNao",Que Deus tenha misericórdia dessa nação.,2,0.991157591342926,0.0088423378765583,
Direito a vida Aborto é assassinato de indefeso #AbortoNao Sempre!,Aborto é covardia #AbortoNao,2,0.9911632537841796,0.0088367275893688,
"Bora subir, robozada?   #AbortoNao","#AbortoNao  A vida é sagrada. Pertence a Deus, não a você!",2,0.9912135004997252,0.0087865022942423,
"Já questionei várias vezes, mas até agora nada.  Sabem de algum caso em que a mulher abortou o filho de um jogador de futebol?  #AbortoNao!",Nunca nem vi! #AbortoNao,1,0.9912501573562622,0.0087498454377055,
"O STF pautou para o dia 24 de abril o julgamento de uma ação que autoriza o aborto em casos de infecção por zika vírus. Enquanto estamos lutando pela vida no caso coronavirus, alguns lutam pela morte. O diabo NUNCA dorme. #AbortoNao",#STFVergonhaNacional Agora querem legalizar o assunto!,2,0.9912919402122498,0.0087080243974924,
Não temos o direito de tirar a vida de um inocente! #AbortoNao,Eu so linda #BBBaEliminacao #samsungnobbb #festabbb #vaiquecola #LiveDoRevela GIZELLY NO MULTISHOW #AbortoNao #AbortoSim Paulo Gustavo Xande Galaxy S20 sadie Ferdinando REMEMBER PRIOR #Apple #BBB20 #PINTOAWARDS #BTSReComeback2020,0,0.9913213849067688,0.0086786355823278,
"Por Favor, Patriotas, Vamos Juntos !  Pelo Brasil com Bolsonaro !",Verdade!  #AbortoNAO,2,0.9913299083709716,0.0086700739338994,
"URGENTE - CNN CORTA ENTREVISTA DE CARLA ZAMBELLI A deputada respondeu todas as perguntas. De repente, foi pedido que ela apresentasse os erros de gestão de Mandetta. A deputada começou a apresentar vários erros que não tinham como ser contestados. A CNN ENCERROU A ENTREVISTA.",A CNN é chinesa. #AbortoNao,2,0.9913395047187804,0.0086605222895741,
"O STF pautou ABORTO para dia  24 , no auge da Pandemia. Enquanto dormimos, o tribunal cumpre a pauta  dos socialistas, Além de soltar presos e prender o cidadão em casa, a Corte será cúmplice de mais esse crime?  #AbortoNAO",Agora! Drº Marcelo Frazão filma o shopping fantasma em Ribeirão Preto. Até agora são 11.000.000 milhões de desempregados com 600.000 mil empresas fechadas por causa do isolamento absoluto. Vamos continuar aceitando. As portas dos quartéis é uma solução,2,0.9914560914039612,0.0085438694804906,
"Enquanto lutamos pela nossa vida contra o covid19, o STF abre uma sessão pra liberar o aborto! Que país é esse?  #AbortoNao    #STFVergonhaNacional",Não acredito. Todos empenhados em salvar vidas e o STF fazendo o caminho contrário #AbortoNao,1,0.9915407299995422,0.0084593025967478,
"Bora subir, robozada?   #AbortoNao",#AbortoNao será que um dia as pessoas irão se conscientizar?!?!?!?,1,0.991572380065918,0.0084275966510176,
"Bora subir, robozada?   #AbortoNao",#AbortoNao bora...esse  do capeta só sabe trabalhar pro mal Só quero ver a hora que esse mal vira pra eles ai sim vamos ver coisas boas acontecerem no nosso país!!,1,0.9916139841079712,0.0083860140293836,
"Bora subir, robozada?   #AbortoNao","#AbortoNao de jeito nenhum, jamais ...",2,0.9916493892669678,0.0083505883812904,
"CURIOSIDADE: 100% das pessoas que usam a hashtag ""AbortoSim"" não foram abortadas.   Infelizmente.",Por isso #AbortoNao,1,0.9917402267456056,0.0082597741857171,
"Autoestima impecável!! Queria só  0,5%... kkkkkk... #AbortoNao",Desculpe amiga a brincadeira estou bravo com o STF. Foi só brincadeira. #AbortoNao,1,0.9917505383491516,0.0082494597882032,
"A tag #AbortoNao está em 1º lugar nos trends com 50 mil tweets nas últimas 2h. Bora dobrar a meta? Então senta o dedo aí, e nada de postar a tag vazia!! Coloque uma Frase, vídeo ou Foto. Da rt aqui.","Devia poder ""abortar "" velhaco do STF ATRASO NACIONAL!  #AbortoNao",2,0.9918891787528992,0.0081107830628752,
"Mandetta sustentou norma técnica dos governos petistas que permite médicos assassinarem bebês no ventre de suas ""mães"" sem que exista comprovação de violência sexual. Foram mais de 1.700 abortos em 2019, enquanto mães davam à luz em corredores por falta de leitos. #AbortoNao",sua mãe pensou em aborto ?  #AbortoNao,1,0.9919771552085876,0.0080228857696056,
STF sujo.#AbortoNao,#AbortoSim e no caso de reaça é permitido o aborto até os 97 anos,0,0.992006242275238,0.0079938005656003,
Você é contra o aborto? Então senta o dedo nessa tag: #AbortoNao,STF atraso do Brasil! #AbortoNao,2,0.9920331835746764,0.007966817356646,
"Por que a extrema-imprensa esconde do público o julgamento marcado pelo STF sobre aborto? É cúmplice na estratégia de esconder a importantíssimo decisão, utilizando o caos gerado pela quarentena?  Querem aprovar o aborto na surdina?  #AbortoNao",#AbortoNao Estranho decidirem matar crianças no meio de uma quarenta para salvar vidas! #COVIDー19 #STFVergonhaNacional,1,0.9921351671218872,0.0078648403286933,
#AbortoNAO #AvenidaBrasil Divulguem esse vídeo!! Última mensagem de Moraes Moreira! Emocionante!,"#AbortoNao e pronto, caralho!",0,0.9921798706054688,0.0078201051801443,
"Será muito bom fazermos penitências, jejuns e orações, para pedir a Deus que intervenha no julgamento do STF sobre o aborto. Nosso Senhor disse no Evangelho que alguns demônios só podem ser expulsos com jejuns e orações! #AbortoNao",STF não deve julgar essa calamidade #AbortoNAO,0,0.9924147725105286,0.0075852670706808,
Vamos subir #AbortoNao .  STF quer aprovar medida em plena pandemia.,Ninguém tem direito a matar. Dõe seu filho. #AbortoNao,1,0.992417573928833,0.0075824316591024,
"Bora subir, robozada?   #AbortoNao",#AbortoNao #ABORTONUNCA #BolsonaroTemRazaoSim SOMOS SIM 60.000000 de robôs né.,2,0.9924410581588744,0.0075589260086417,
"O STF pautou ABORTO para dia  24 , no auge da Pandemia. Enquanto dormimos, o tribunal cumpre a pauta  dos socialistas, Além de soltar presos e prender o cidadão em casa, a Corte será cúmplice de mais esse crime?  #AbortoNAO",É o extremo da canalhice!!!!! #AbortoNAO,1,0.992486834526062,0.00751309748739,
gente? #AvenidaBrasil #AbortoSim #RedeBBB20 #samsungnobbb #Survivor #liverevelacao #koronabittigizaman #Covid_19 #wwereleases #stimuluspayment #aprobadogeneral #instagrammusic #LockDownSelfiesBeforeAndAfter,o medo de derrubarem a conta   #festabbb #bbb20 #BBBaEliminacao #abortosim #abortonao #LiveMCManeirinho,1,0.9925603866577148,0.0074396426789462,
"Bora subir, robozada?   #AbortoNao",Isso! #AbortoNão,2,0.9925723671913148,0.0074276947416365,
Pauta Bomba é EXTORSÃO. Centrão e esquerda promovem a maior tentativa de chantagem contra o governo. STF ajuda a embretar Bolsonaro. Qual o caminho que o presidente seguirá. Penso que só resta um.,. O povo dos honestos ESTÃO com o Sr. Sempre!  #AbortoNao,2,0.9925836324691772,0.0074163479730486,
STF não pode decidir nada sobre o aborto #AbortoNao,a maioria que subiu a #AbortoNao é homem nao entendo,0,0.9925906658172609,0.0074093020521104,
Vamos começar a pressão ao STF já.  #AbortoNAO,O direito a vida não pode ser violado #AbortoNAO,1,0.9926127195358276,0.0073872562497854,
"O que a Bíblia fala sobre o aborto?  ""Antes que te formasse no ventre de sua mãe, Eu te conheci""  Jeremias 1.5 #AbortoNao",Aborto NÃO!  #AbortoNao,1,0.9926257729530334,0.0073741623200476,
"Bora subir, robozada?   #AbortoNao",#AbortoNao ....aborto nunca.,1,0.9926458597183228,0.0073541766032576,
Se você quer sorrir #BBBaEliminacao #samsungnobbb #festabbb #vaiquecola #LiveDoRevela GIZELLY NO MULTISHOW #AbortoNao #AbortoSim Paulo Gustavo Xande Galaxy S20 sadie Ferdinando REMEMBER PRIOR #Apple #BBB20 #PINTOAWARDS #BTSReComeback2020,resultado das minhas discussões com os pró-vida  #AbortoSim,0,0.9928352236747742,0.0071647143922746,
STF quer aplicar a medida enquanto a gente não tá vendo!! #AbortoNao,"Isso sempre foi assim Eles querem senpre fazer as coisas no escuro, mas agr nao da mais, ngm passa mais pano pra eles",2,0.992861807346344,0.0071381474845111,
Andaaaa #BBBaEliminacao #samsungnobbb #festabbb #vaiquecola #LiveDoRevela GIZELLY NO MULTISHOW #AbortoNao #AbortoSim Paulo Gustavo Xande Galaxy S20 sadie Ferdinando REMEMBER PRIOR #Apple #BBB20 #PINTOAWARDS #BTSReComeback2020,#AbortoNao  Não se trata de direito da mulher sobre seu próprio corpo. Eu não sou a minha mãe. Sou outra pessoa.,0,0.992986261844635,0.0070137744769454,
"A tag #AbortoNao está em 1º lugar nos trends com 50 mil tweets nas últimas 2h. Bora dobrar a meta? Então senta o dedo aí, e nada de postar a tag vazia!! Coloque uma Frase, vídeo ou Foto. Da rt aqui.",Cuidado STF #AbortoNao,1,0.9930166006088256,0.0069834333844482,
#AbortoNAO chegando ao topo dos TT's.   Vamos pressionar o STF.,Não a covardia do aborto! #AbortoNao,1,0.993172824382782,0.00682715466246,
O Brasil é um país CRISTÃOe conservador! Não legislem seus fascínoras do STF! #AbortoNao,É preciso que todos postem na página deles   #AbortoNao #AbortoNao #AbortoNao #AbortoNao #AbortoNao #AbortoNao #AbortoNao #AbortoNao,1,0.9931847453117372,0.0068152477033436,
"Bora subir, robozada?   #AbortoNao",Sempre não #AbortoNao,2,0.993320882320404,0.0066790943965315,
"Mais de 100 mil tweets #AbortoNao .   Muito bom, pessoal!  Estamos de olho, STF.",#AbortoNao  #NaoaoAborto  Não vai matar as crianças!  De forma alguma!,2,0.9937698245048524,0.0062301130965352,
"O STF quer legalizar que bebês  sejam TRITURADOS e depois SUGADOS como lixo do ventre de uma mulher (não posso chamar de mãe), MAS FIQUE EM CASA, TODA VIDA IMPORTA.    #AbortoNAO",#AbortoNao  Pela vida,1,0.9938787817955016,0.0061212787404656,
"Mais vou cobrar uma coisa, digita ai por favor. #AbortoNao",Com certeza!! #AbortoNao,1,0.9938880801200868,0.0061119152233004,
"Bora subir, robozada?   #AbortoNao","Sem dúvida, #AbortoNao",1,0.9939409494400024,0.0060590929351747,
"Juridicamente estamos sem saída. Game Over. O Estado pode violar os direitos fundamentais, é o que decidiu o STF nessa tarde.",#STFVergonhaNacional não queremos Aborto. #AbortoNao,2,0.9939425587654114,0.0060574361123144,
Vamos subir #AbortoNao .  STF quer aprovar medida em plena pandemia.,#AbortoNoEsEsencial #AbortoNao Esses vagabundos não fazem nada q preste!!!!!!,1,0.994117021560669,0.0058830259367823,
"Bora subir, robozada?   #AbortoNao",Bora! #AbortoNao,1,0.99411940574646,0.0058806566521525,
"Não há coincidência na sessão do STF sobre o aborto.  O que existe é a adoção imediata de medidas impostas pela OMS por quem a pouco se reuniu com o embaixador chinês.  Todas as instituições estão contaminadas pelo ""vírus"" chinês.     #AbortoNao",Esta foi a senha para o stf voltar com esta pauta que já nem deveria existir. #AbortoNao,1,0.9941309094429016,0.0058690821751952,
"Por que a extrema-imprensa esconde do público o julgamento marcado pelo STF sobre aborto? É cúmplice na estratégia de esconder a importantíssimo decisão, utilizando o caos gerado pela quarentena?  Querem aprovar o aborto na surdina?  #AbortoNao",#AbortoNao   Stf inconstitucional,2,0.9941312670707704,0.0058687538839876,
Já sigo. #AbortoNao,Seguindo #AbortoNao,1,0.9941773414611816,0.0058226864784955,
Vamos subir #AbortoNao .  STF quer aprovar medida em plena pandemia.,Aborto não,2,0.9942724704742432,0.0057275630533695,
STF quer aplicar a medida enquanto a gente não tá vendo!! #AbortoNao,Tá fogo #AbortoNao bando de satanistas!,1,0.9944239258766174,0.0055760745890438,
"Bora subir, robozada?   #AbortoNao",Opa partiu....  #AbortoNao,1,0.994460940361023,0.0055390321649611,
"Em plena epidemia do Covid-19, o STF quer aprovar o aborto no Brasil. Vamos subir a tag #AbortoNao.",#AbortoNao que vergonha.,1,0.994461715221405,0.005538270343095,
#AbortoNAO chegando ao topo dos TT's.   Vamos pressionar o STF.,#AbortoNao  é isso STF,2,0.994602620601654,0.0053973691537976,
"Por que a extrema-imprensa esconde do público o julgamento marcado pelo STF sobre aborto? É cúmplice na estratégia de esconder a importantíssimo decisão, utilizando o caos gerado pela quarentena?  Querem aprovar o aborto na surdina?  #AbortoNao",#AbortoNao STF maldito,2,0.9946150183677672,0.0053849429823458,
"Enquanto lutamos pela nossa vida contra o covid19, o STF abre uma sessão pra liberar o aborto! Que país é esse?  #AbortoNao    #STFVergonhaNacional",Lixo esse STF!! #STFVergonhaNacional  #AbortoNAO,1,0.9948006868362428,0.0051993150264024,
Vamos subir #AbortoNao .  STF quer aprovar medida em plena pandemia.,Cada pauta que colocam em momentos onde acham que estamos desatentos. Não estamos! #AbortoNao,1,0.9948253631591796,0.0051747080869972,
STF quer aplicar a medida enquanto a gente não tá vendo!! #AbortoNao,Assassinos  #AbortoNão,2,0.994835615158081,0.005164363887161,
Vamos subir #AbortoNao .  STF quer aprovar medida em plena pandemia.,#AbortoNao  todos pela vida,2,0.9948358535766602,0.0051641725003719,
"A ALMA ESQUERDISTA DE DO PGR, AUGUSTO  ARAS, AFLORA E, PREFERE TRAIR O PRESIDENTE BOLSONARO: Em manifestação ao STF, Aras diz que Bolsonaro não pode interferir no isolamento em estados e municípios – Conexão Política",ESTAMOS FERRADOS É MELHOR FAZER PROTESTOS CONTRA ESSE STF. ELE É O VERDADEIRO TRANCA RUA #STFVergonhaNacional  #AbortoNAO,2,0.9949045181274414,0.0050954455509781,
"STF #AbortoNao , ministro mutretta #ficaemcasamandetta  e como sempre #BolsonaroEstavaCerto","Os mesmos hipócritas que pedem o aborto, estão escondidos com medo do VÍRUS. Vida sim!  #AbortoNao",0,0.9949087500572203,0.005091275088489,
Vamos começar a pressão ao STF já.  #AbortoNAO,"Comunista nunca desperdiça uma crise, se puder ele aumenta o quanto der para ficar melhor para eles agirem  #AbortoNAO",1,0.9949287176132202,0.0050713396631181,
"Em meio à pandemia e palavras de todos em preocupação com as vidas, o STF resolve deliberar sobre aborto. Os humanistas que se alimentam de fetos já lambem os lábios.  #AbortoNao",Eugênia não #AbortoNao,1,0.9949612617492676,0.0050387475639581,
"O STF pautou ABORTO para dia  24 , no auge da Pandemia. Enquanto dormimos, o tribunal cumpre a pauta  dos socialistas, Além de soltar presos e prender o cidadão em casa, a Corte será cúmplice de mais esse crime?  #AbortoNAO",STF PODRE! #AbortoNao  #STFVergonhaNacional,2,0.9949806332588196,0.0050193681381642,
"Moro: técnico; Guedes: técnico; Pontes: técnico; Marinho: técnico. Mandetta: POLÍTICO. E onde foi que deu problema? Exato. Mas a narrativa dos ""radicais de centro"" é que Bolsonaro o demitiu por ""vaidade"" ou ""inveja"". Sério?! Moro sempre foi mais popular e continua lá!",Perfeito! #MandettaDEMITIDO  #AbortoNao  #PLP149NAO  #ForaDoriaDitador  #STFVergonhaNacional  #forachina  #Foraglobolixo,2,0.9949870109558104,0.0050129471346735,
Vamos subir #AbortoNao .  STF quer aprovar medida em plena pandemia.,Um cabo e um soldado pra abortar o STF.  #AbortoNao,1,0.9950180053710938,0.0049819811247289,
"Muito engraçado, enquanto a Câmara querem prova dos exames do Presidente, o Sr Gilmar Mendes quer que Adélio fique em silêncio, será porque???? #STFVergonhaNacional","#STFVergonhaNacional  #AbortoNao  MANDETTA CANALHA INIMIGO DO BRASIL  NHONHO BOTAFOGO MAIA FDP SAFADO TENHO NOJO DO STF PETISTA, bando de BOSTAS NOJENTOS",2,0.9950311183929444,0.0049689151346683,
"Mais de 100 mil tweets #AbortoNao .   Muito bom, pessoal!  Estamos de olho, STF.",#AbortoNao sim à vida!,1,0.9950383305549622,0.0049616894684731,
STF não pode legislar #AbortoNAO,Exatamente!!  #AbortoNao,1,0.9950725436210632,0.00492745032534,
Vamos subir #AbortoNao .  STF quer aprovar medida em plena pandemia.,"#AbortoNao  O STF está querendo legalizar o assassinato de crianças, aproveitando a distração e a quarentena dos brasileiros por conta do vírus chinês.",1,0.9951342940330504,0.0048656784929335,
STF quer aplicar a medida enquanto a gente não tá vendo!! #AbortoNao,Deus tenha misericórdia. #AbortoNao,1,0.9951964020729064,0.0048035597428679,
STF quer aplicar a medida enquanto a gente não tá vendo!! #AbortoNao,#AbortoNao  Canalhas de toga. Bandidos comunistas.,1,0.9952386617660522,0.0047613102942705,
STF não aproveite a crisepara fazer mais merda. #AbortoNao,Bom valeu a tentativa #BBBaEliminacao #samsungnobbb #festabbb #vaiquecola #LiveDoRevela GIZELLY NO MULTISHOW #AbortoNao #AbortoSim Paulo Gustavo Xande Galaxy S20 sadie Ferdinando REMEMBER PRIOR #Apple #BBB20 #PINTOAWARDS #BTSReComeback2020,0,0.995252251625061,0.004747699946165,
"STF pautou ABORTO para dia  24 , no auge da Pandemia. Enquanto dormimos, STF cumpre a pauta  dos COMUNISTAS para assassinar indefesos !  STF, diz que quer salvar vidas prendendo as pessoas em casa com fome , enquanto pauta assassinatos, de bebês.  #AbortoNAO","Continuaremos na luta, mesmo que pareça tudo muito incerto. #AbortoNao",2,0.9952810406684875,0.0047189742326736,
Só tenho uma coisa a dizer: #STFVergonhaNacional #AbortoNao,Só confio no Bolsonaro!!!  #ForaMandetta   #EstadoDeSitio  #STFVergonhaNacional   #AbortoNao,1,0.995433509349823,0.0045664235949516,
"Por que a extrema-imprensa esconde do público o julgamento marcado pelo STF sobre aborto? É cúmplice na estratégia de esconder a importantíssimo decisão, utilizando o caos gerado pela quarentena?  Querem aprovar o aborto na surdina?  #AbortoNao",Isso!#AbortoNao,2,0.9954564571380616,0.0045435014180839,
"Em plena epidemia do Covid-19, o STF quer aprovar o aborto no Brasil. Vamos subir a tag #AbortoNao.",Deus nos livre #AbortoNao,1,0.9955022931098938,0.0044976966455578,
"Em plena epidemia do Covid-19, o STF quer aprovar o aborto no Brasil. Vamos subir a tag #AbortoNao.",Bora. #AbortoNAO,1,0.9955306649208068,0.0044693578965961,
Vamos subir para o STF - #AbortoNao,Eu sou mais um Robô #AbortoNao,0,0.9955761432647704,0.004423881880939,
Vamos subir #AbortoNao .  STF quer aprovar medida em plena pandemia.,"#AbortoNao  #STFVergonhaNacional É mais barato e menos doloroso ao Brasil, dobrarmos o salários destes vergonhosos cidadãos e deixá-los em casa! Sem ""lagosta e vinho"", sem mordomias, sem viagens, sem julgamentos de amigos, sem decisões absurdas, sem deturpadores da Constituição!",2,0.9956066012382508,0.0043933996930718,
Vamos subir #AbortoNao .  STF quer aprovar medida em plena pandemia.,#AbortoNAO Deus tenha misericórdia disto!,2,0.9956323504447936,0.0043676001951098,
Vamos subir #AbortoNao .  STF quer aprovar medida em plena pandemia.,NUNCA      #AbortoNAO,2,0.995676815509796,0.0043231812305748,
STF quer aplicar a medida enquanto a gente não tá vendo!! #AbortoNao,Temos que acordar #IntervencaoMilitarJa #AbortoNao,1,0.9956769347190856,0.0043230825103819,
STF quer aplicar a medida enquanto a gente não tá vendo!! #AbortoNao,Aborto é infanticídio. #AbortoNao,1,0.9957393407821656,0.0042606517672538,
O STF vai julgar hoje os decretos dos governadores e se Bolsonaro pode derrubar tais decretos? #ConfioMaisNoPresidente #LockDownNao #AbortoNao,"#ConfioMaisNoPresidente   No stf, de jeito nenhum!",2,0.9957538843154908,0.0042460905387997,
Vamos subir #AbortoNao .  STF quer aprovar medida em plena pandemia.,Precisa parar os três poderes.  Isso é um absurdo! Vamos p as ruas pedir intervenção. #IntervencaoMilitarJa  #AbortoNao,1,0.995766282081604,0.0042337584309279,
Vamos subir #AbortoNao .  STF quer aprovar medida em plena pandemia.,#AbortoNao  Todos unidos por um Brasil melhor,1,0.9957711100578308,0.0042288778349757,
STF é criminoso e demoníaco!   Deve ser fechado!  #AbortoNao,O STF criando leis?#AbortoNao,0,0.995853066444397,0.0041469172574579,
Vamos subir #AbortoNao .  STF quer aprovar medida em plena pandemia.,STF SEM VERGONHA!!!!  #AbortoNao  #AbortoNao  #AbortoNao  #AbortoNao  #AbortoNao  #AbortoNao  #AbortoNao  #AbortoNao  #AbortoNao  #AbortoNao  #AbortoNao  #AbortoNao  #AbortoNao  #AbortoNao  #AbortoNao  #AbortoNao  #AbortoNao  #AbortoNao  #AbortoNao  #AbortoNao,1,0.9958924055099488,0.0041075311601161,
Vamos subir #AbortoNao .  STF quer aprovar medida em plena pandemia.,#AbortoNAO #chegadequarentena #STFVergonhaNacional  tá difícil!!!,1,0.9959063529968262,0.0040936316363513,
Vamos subir #AbortoNao .  STF quer aprovar medida em plena pandemia.,Não pode ser aprovado #AbortoNao,1,0.995964765548706,0.0040352251380681,
Vamos subir #AbortoNao .  STF quer aprovar medida em plena pandemia.,É pra já #AbortoNão #AbortoNao,1,0.995971381664276,0.0040285978466272,
STF quer aplicar a medida enquanto a gente não tá vendo!! #AbortoNao,STF inimigo do Brasil #abortoNao,1,0.995987594127655,0.0040123756043612,
Vamos começar a pressão ao STF já.  #AbortoNAO,Bora! #AbortoNAO,1,0.9959909319877625,0.0040090288966894,
Vamos começar a pressão ao STF já.  #AbortoNAO,BASTA! ABUTRES DO INFERNO! #AbortoNAO,1,0.9961925745010376,0.0038074522744864,
