tweet_1,tweet_2,Class,P(NoConflict),P(Conflict),Conflict
Bolsonaro finalmente conseguiu forçar o Min. da Saúde a emitir protocolo que libera o uso em massa da cloroquina. Os pacientes terão que assinar um termo assumindo que o remédio não tem eficácia e que pode até matar. É um atentado contra a saúde pública e a vida dos brasileiros.,"Espero que vc é tds a sua volta fiquem a salvo do vírus chinês,e não necessitem da cloroquina",1,0.023290764540433884,0.976709246635437,
"- Ainda não existe comprovação científica, mas sendo monitorada e usada no Brasil e no mundo. Contudo, estamos em Guerra: “Pior do que ser derrotado é a vergonha de não ter lutado.”  - Deus abençoe o nosso Brasil.","Fez um inferno pra liberar esse caralho de medicamento  aí agora que libera, muda de discurso o arrombado !",2,0.028427669778466225,0.9715723395347595,
Bolsonaro finalmente conseguiu forçar o Min. da Saúde a emitir protocolo que libera o uso em massa da cloroquina. Os pacientes terão que assinar um termo assumindo que o remédio não tem eficácia e que pode até matar. É um atentado contra a saúde pública e a vida dos brasileiros.,"Queria ver essa anta dessa Sâmia, fudida no hospital, na UTI entubada, se ela não tomaria cloroquina. HIPÓCRITA DO CARALHO!!!",1,0.02967277728021145,0.9703272581100464,
"- Ainda não existe comprovação científica, mas sendo monitorada e usada no Brasil e no mundo. Contudo, estamos em Guerra: “Pior do que ser derrotado é a vergonha de não ter lutado.”  - Deus abençoe o nosso Brasil.","vc é uma criança mimada e pirracenta. desleixado, não possui o mínimo de capacidade de governar uma nação inteira. “sem comprovação científica”, a resposta pro seu delírio de cloroquina está na sua própria sentença. vergonhoso.",1,0.03043070062994957,0.9695693254470825,
"- Ainda não existe comprovação científica, mas sendo monitorada e usada no Brasil e no mundo. Contudo, estamos em Guerra: “Pior do que ser derrotado é a vergonha de não ter lutado.”  - Deus abençoe o nosso Brasil.","""Não existe comprovação científica"" Porra presida c vai meter essa mesmo? Comer terra e tomar essa merda nesse momento da na mesma. Se nao existe comprovação por q caralhos c ta falando disso seu arrombado??????",2,0.03052673302590847,0.9694733023643494,
Bolsonaro finalmente conseguiu forçar o Min. da Saúde a emitir protocolo que libera o uso em massa da cloroquina. Os pacientes terão que assinar um termo assumindo que o remédio não tem eficácia e que pode até matar. É um atentado contra a saúde pública e a vida dos brasileiros.,É só não tomar... Todo este discurso murcha quando o vírus Chinês pega o indivíduo lacrador... Estes são os primeiros a querer tomar a Cloroquina...,1,0.030932646244764328,0.9690672755241394,
"Quer dar placebo pro povo? Dê, não tem problema. Mas não faça parecer que essa é a melhor medida para conter a epidemia. Precisamos de isolamento, testes, valorização da ciência e, mais importante, um LÍDER que dê bons exemplos. O placebo não vai mascarar a tua incompetência.",Ta ligado que o Curitiba é uma das cidades com melhor resultado no combate ao COVID? E tb que usa a cloroquina a um mês e meio?,1,0.03204832598567009,0.9679516553878784,
"- Ainda não existe comprovação científica, mas sendo monitorada e usada no Brasil e no mundo. Contudo, estamos em Guerra: “Pior do que ser derrotado é a vergonha de não ter lutado.”  - Deus abençoe o nosso Brasil.",foco no “não existe comprovação científica”,2,0.03353790193796158,0.9664621353149414,
"- Ainda não existe comprovação científica, mas sendo monitorada e usada no Brasil e no mundo. Contudo, estamos em Guerra: “Pior do que ser derrotado é a vergonha de não ter lutado.”  - Deus abençoe o nosso Brasil.","Presta atenção no ""NÃO EXISTE  COMPROVAÇÃO CIENTÍFICA""... esse é o tuite",2,0.03396805375814438,0.9660319685935974,
Bolsonaro finalmente conseguiu forçar o Min. da Saúde a emitir protocolo que libera o uso em massa da cloroquina. Os pacientes terão que assinar um termo assumindo que o remédio não tem eficácia e que pode até matar. É um atentado contra a saúde pública e a vida dos brasileiros.,"A cloroquina existe desde 1955.2 meses atrás era vendida sem receita médica,foi usada por grávidas no combate ao zica virus, distribuída gratuitamente na Índia, Itália,usada no tratamento precoce na França,Japão,Rússia, Argentina, Venezuela, entre outros.Não use se não quiser,ok?",1,0.034570347517728806,0.9654297232627869,
"- Ainda não existe comprovação científica, mas sendo monitorada e usada no Brasil e no mundo. Contudo, estamos em Guerra: “Pior do que ser derrotado é a vergonha de não ter lutado.”  - Deus abençoe o nosso Brasil.",Kkk como pode (não tem comprovação)e ridículo tem que ser fiscalizada essa compra de cloroquina aí tem coisa,1,0.03492409735918045,0.9650759696960449,
Bolsonaro finalmente conseguiu forçar o Min. da Saúde a emitir protocolo que libera o uso em massa da cloroquina. Os pacientes terão que assinar um termo assumindo que o remédio não tem eficácia e que pode até matar. É um atentado contra a saúde pública e a vida dos brasileiros.,Só em tu ser contra isso mostra que a cloroquina é boa.,1,0.036299191415309906,0.9637008309364319,
"- Ainda não existe comprovação científica, mas sendo monitorada e usada no Brasil e no mundo. Contudo, estamos em Guerra: “Pior do que ser derrotado é a vergonha de não ter lutado.”  - Deus abençoe o nosso Brasil.","...quando se fala em saúde todo e qualquer protocolo de assistência implementado deve ser baseado em evidências científicas, e hj as evidências apontam que não há nenhum benefício no uso da cloroquina. Não se refuta ciência com achismo.",1,0.036345165222883224,0.9636548757553101,
"hahaha.  Amigo, meus parentes são médicos. Não seguidores de olavo de carvalho. Estudaram. NUNCA RECEITARAM OU RECEITARIAM CLOROQUINA. Simplesmente pq não há evidências de que funciona. Aliás, tome xixi. Tb não há evidências de que funciona, mas é menos perigoso. Abs.","Seguidor de Olavo? Cara, você tá louco!  Já partiu para ignorância e falta de educação várias vezes!  Até agora não tem evidência para cloroquina, anticoagulante, vermicida... nada! Mas deve estar disponível, caso o médico queira usar! Deixa a pessoa morrer então? PUTZ!",1,0.04283325746655464,0.9571666717529297,
"- Ainda não existe comprovação científica, mas sendo monitorada e usada no Brasil e no mundo. Contudo, estamos em Guerra: “Pior do que ser derrotado é a vergonha de não ter lutado.”  - Deus abençoe o nosso Brasil.","O pior é estar em guerra e mandar um soldado na linha de frente com bala de festim, e dizer a ele que tem que lutar. Isso é um crime! A cloroquina está sendo a bala de festim!",1,0.04366810619831085,0.9563319087028503,
Bolsonaro finalmente conseguiu forçar o Min. da Saúde a emitir protocolo que libera o uso em massa da cloroquina. Os pacientes terão que assinar um termo assumindo que o remédio não tem eficácia e que pode até matar. É um atentado contra a saúde pública e a vida dos brasileiros.,Quem for de direita toma cloroquina quem for de esquerda toma tubaína,1,0.04878324270248413,0.9512166976928711,
"Bolsonaro queria mudar a bula do remédio, não deixaram. O tal protocolo é ctrl C + ctrl V do parecer do CFM. Uso off label é com os médicos. O resto é narrativa.",Narrativa imunda é o que vcs fazem nesse jornaleco lixo de vocês. Cloroquina funciona sim ! e efeito colateral até água tem ! toma 20 litros pra tu ver !,1,0.04923269897699356,0.9507672190666199,
"Apresentei um projeto de decreto legislativo p/ sustar o novo protocolo do  que recomenda uso precoce da cloroquina em pacientes com #Covid19, enqto não houver estudos científicos que comprovem sua eficácia. O presidente não deveria fazer uso político de algo tão sério.","O Sr. não tem vergonha de politizar algo tão sério, quando sabemos que todo e qualquer medicamento tem pros é contra?  Se por acaso vc for acometido pela covid-19 prefere a morte ou como o seu médico David Uip iracprescrevet Cloroquina a vc mesmo? Hipocrisia também mata Serra !",1,0.04985998943448067,0.9501400589942932,
"- Ainda não existe comprovação científica, mas sendo monitorada e usada no Brasil e no mundo. Contudo, estamos em Guerra: “Pior do que ser derrotado é a vergonha de não ter lutado.”  - Deus abençoe o nosso Brasil.","AINDA NÃO EXISTE COMPROVAÇÃO CIENTÍFICA, MAS AINDA NÃO EXISTE COMPROVAÇÃO CIENTÍFICA, MAS AINDA NÃO EXISTE COMPROVAÇÃO CIENTÍFICA, MAS AINDA NÃO EXISTE COMPROVAÇÃO CIENTÍFICA, MAS AINDA NÃO EXISTE COMPROVAÇÃO CIENTÍFICA, MAS AINDA NÃO EXISTE COMPROVAÇÃO CIENTÍFICA, MAS",2,0.052810970693826675,0.9471890330314636,
"Apresentei um projeto de decreto legislativo p/ sustar o novo protocolo do  que recomenda uso precoce da cloroquina em pacientes com #Covid19, enqto não houver estudos científicos que comprovem sua eficácia. O presidente não deveria fazer uso político de algo tão sério.","Vc é um lixo!! Quem faz uso político da cloroquina é vc e seus amigos abutres. Quem não quise usar cloroquina, é muito simples, não usa! #PSDBNuncamais",1,0.053284548223018646,0.9467154741287231,
"O governo de Bolsonaro não só está comprando matéria-prima para a produção de um medicamento que não é eficaz, como está pagando caro por isso. E quem paga a conta é o Brasil","tem que ver isso aí!!   façam a CPMI da Cloroquina, uma medicação INEFICAZ para COVID 19, com grande potencial de letalidade na dose “recomendada” pelo  e ainda mais gastando milhões, melhor seria usar no estudo da vacina.",1,0.053630828857421875,0.9463691711425781,
"Vc não pode gastar o que não tem, sabe que o debate tá perdido e prefere sacrificar doentes a admitir que a cloroquina cura o vírus da china. Vc não decide nem a sua vontade teleguiada, mas quer decidir pela vida dos outros.  Burro é você que não tem autonomia de pensamento.",Ou que sigo a ciência. Por mim você pode tomar cloroquina até em casa kkkkk vai fazer um favor ao mundo kkkkkk aproveita e toma bastante,1,0.05557752773165703,0.9444224834442139,
Não há comprovação científica da eficácia da cloroquina.  Quem disse isso? Bolsonaro.  O mesmo Bolsonaro que só liberou novo protocolo sobre o uso em pacientes com quadro leves APÓS editar MP que o isenta de responsabilidade.  Isso é fazer cálculo político com VIDAS!,"Quanta cloroquina foi produzida pelo governo? Pq o desespero em enviar esse remédio para a população, sendo que nem efeito comprovado tem?",1,0.056823816150426865,0.9431761503219604,
"Bolsonaro quer aplicar Cloroquina a qualquer custo. Porém, o paciente precisará assinar um termo de ciência que NÃO existem dados sobre a eficiência para Covid-19 e que está ciente que pode sofrer uma parada cardíaca. Você vira cobaia do Presidente e o isenta de responsabilidade.","tá na hora de deixar essa cloroquina quieta, e deixar o médico e o paciente resolverem essa questão;",1,0.05992703512310982,0.9400730133056641,
"A discussão sobre Cloroquina é falsa. Ela nunca foi proibida, nem será obrigatória. Os médicos mais atualizados, só prescrevem seguindo preceitos cientificos. Já os charlatões, usam de forma massiva pq nunca precisaram da ciência. A pressão do Bolsonaro não muda essa realidade.","Imprensa imunda e os esquerdopatas lutando contra o uso da Cloroquina, estes imbecis já leram a bula da dipirona, que vc compra em qualquer padaria da esquina?",0,0.06742731481790543,0.9325727224349976,
"É claro que a mortalidade vai ser maior, evidente. Aí o cara diz que é por causa da cloroquina. Outro tava fazendo uma live falando dos tratamentos pro Covid e dizendo que a única coisa que os médicos podiam oferecer com segurança eram medidas de suporte (intubação)",Eu tô completamente desgraçado da cabeça diante desse trauma que passei durante esses dias. Não sei o que pensar sobre a medicina do ocidente. Fora os outros que ainda acham que só o Brasil fala em Cloroquina e não sabem que o mundo inteiro tá usando,1,0.06995873898267746,0.9300413131713867,
"“Redução dos glóbulos brancos, disfunção do fígado, disfunção cardíaca e arritmias”","Meu avô começou tomar cloroquina com 80 anos p reumatismo, morreu com 98 quando dormia.  No meu avô ñ teve todos esses efeitos colaterais não",1,0.0754670798778534,0.924532949924469,
"Segundo a pesquisa XP-Ibespe, apenas 7% da população é contra o isolamento social.","Se só 7% é contra, porque os 83% que é a favor não fica em casa? Éramos então pra estar vivendo num lockdowm voluntário há dois meses. Né? #covid #lockdown #CLOROQUINA",2,0.07902275770902634,0.9209772348403931,
"Minha querida, isso que você fala não corresponde à realidade. Até porque os únicos lugares nos quais a cloroquina enfrenta resistência absurda para ser utilizada são Brasil e EUA. Então, peço que cite as fontes, pois duvido que sejam confiáveis.","Se vc prefere acreditar num paraquedista ao invés da grande maioria dos médicos, vai lá na farmácia e enche o bucho de cloroquina, campeão.",1,0.08064576238393784,0.9193542003631592,
"Os médicos concordam que a proposta de tratamento deve ser conversada entre o médico e o paciente, da maneira “mais democrática e saudável possível”",Se a cloroquina é a tal pq o paciente tem q assinar um termo de responsabilidade. Manda o general com cara de bebê sauro assinar.,1,0.08098581433296204,0.9190141558647156,
"Apresentei um projeto de decreto legislativo p/ sustar o novo protocolo do  que recomenda uso precoce da cloroquina em pacientes com #Covid19, enqto não houver estudos científicos que comprovem sua eficácia. O presidente não deveria fazer uso político de algo tão sério.","Vagabundo dia inferno , daí quando vc pegar a doença vai enche o rabo de cloroquina escondido né . Seu verme",1,0.08125191926956177,0.9187480807304382,
"“Redução dos glóbulos brancos, disfunção do fígado, disfunção cardíaca e arritmias”","Deixa de frescura fresco! Se na realidade fosse assim, aqui no Amazonas teríamos uma população de anêmicos,com leucemia... Porque para malária se toma a Cloroquina q é mais forte d que o Hidróxido d Cloroquina! E se toma várias vezes no ano se tem várias vezes malária!",1,0.08226236701011658,0.917737603187561,
"Vi no Jornal da Globo uma descrição dos efeitos colaterais da Cloroquina e da Hidroxocloroquina.  A partira daí,  parece que é melhor dar um tiro na própria cabeça do que usar esses medicamentos. Não sei como o pessoal que usou para combater a malária sobreviveu.","Ja leu as bulas da DIPIRONA, AS, e de outros comuns ? É  melhor ir para a selva e começar a se ""consultar"" com o pajé.  Estranho é que a 2 anos atrás  falava-se do uso em gravidas para a Zika, agora essa bandalheira. O problema da HCC é que CURA, INCLUSIVE A CORRUPÇÃO.",2,0.08282963186502457,0.9171703457832336,
"- Ainda não existe comprovação científica, mas sendo monitorada e usada no Brasil e no mundo. Contudo, estamos em Guerra: “Pior do que ser derrotado é a vergonha de não ter lutado.”  - Deus abençoe o nosso Brasil.","É isso... ""Nossa nação, Vai lutar o tempo inteiro... Sou fuzileiro, Sou fuzileiro... Mídia, senado, O congresso e o supremo... São desordeiros,  São desordeiros...",2,0.08682907372713089,0.9131709337234497,
"- Ainda não existe comprovação científica, mas sendo monitorada e usada no Brasil e no mundo. Contudo, estamos em Guerra: “Pior do que ser derrotado é a vergonha de não ter lutado.”  - Deus abençoe o nosso Brasil.",E   o Sr tbm PR,2,0.09852093458175659,0.9014790654182434,
"Tomo cloroquina há 16 anos. A dosagem é super- controlada através de exames periódicos. O uso excessivo pode danificar rins, fígado, pâncreas além da questão cardíaca! Esse irresponsável que que a população se exploda!!!",Creio que seja controlada a dosagem ...e não fazer um bolo de cloroquina com recheio de azitromicina.,1,0.09866737574338913,0.9013326168060303,
"Teste de robôs. Tome cloroquina e antipulgas para morrer, pq não adianta. Teste finalizado.",Vcs ficam aí querendo que a gente acredite em efeito de Cloroquina mas não deixam acreditar em paz em universo paralelo na Antártida e ets de Magé. Mundo chato do kct,0,0.09907729923725128,0.9009226560592651,
"Perdão amigo, mas vou te falar dos únicos caso de Covid-19 próximos: 2 vizinhos e são um casal de enfermeiros do Einstein e AMBOS usaram a Cloroquina. Estão recuperados  Segundo: indiscriminado??? É um protocolo de tratamento com autorização médica e do paciente. Não seja assim","Lembrando que maioria dos casos de COVID se cura por conta, com ou sem Cloroquina. Falo indiscriminado porque ao mesmo tempo que o governo quer adotar o uso massivo quer passar uma PL para se eximir da responsabilidade. Aliás, pergunta se eles tomaram só cloroquina.",1,0.10498081147670746,0.8950192332267761,
"- Ainda não existe comprovação científica, mas sendo monitorada e usada no Brasil e no mundo. Contudo, estamos em Guerra: “Pior do que ser derrotado é a vergonha de não ter lutado.”  - Deus abençoe o nosso Brasil.","Mais vale uma cloroquina na barriga (mesmo que seja um placebo) e aumentar a minha FÉ na recuperação, do que ver uma cloroquina na vitrine e ter minha FÉ abalada.",1,0.10914453119039536,0.8908554911613464,
porque então a maioria dos protocolos utilizam a hydroxicloroquina ao invez da cloroquina que é bem mais forte como sabemos? sendo que a dose diaria de HCQ é 400mg.,"Porque o Difosfato de Cloroquina é diferente de Cloroquina Base, que não tinham detalhado no primeiro protocolo, já atualizaram para ficar mais explícito",1,0.11049777269363403,0.889502227306366,
Nelson Teich pediu demissão porque é médico. Assim como Mandetta.Médicos fazem juramento quando se formam. Prometem praticar a medicina com honestidade. E honestamente não há provas científicas de que a cloroquina cure a covid-19. Esta é a verdade acima das narrativas políticas.,"Facil de entender... Nao ha provas cientificas q a cloroquina cure. Isso é o q ta escrito. E ministro da saude nao pode dizer q cura como o Bolsonaro quer! Nao pode aconselhar a população. Quem quiser que tome, mas é risco de quem tomar...",1,0.1129051148891449,0.8870949149131775,
"Calma, bando de 0tári0.  O tratamento está acabando. E isso diz na própria matéria. PRIMEIRO parágrafo.","Otários? Se existe um tratamento preventivo que uma vez feito não se contrai mais COVID19 então é vacina! Aleluia! Eu sabia que o Trump tem cara, andar e fala de zé ruela, mas não é! Ele tinha a vacina e não falou pra ninguém! O nome dela é: cloroquina, cloroquina, cloroquina...",2,0.12048395723104477,0.879516065120697,
"No dia em que o Brasil ultrapassou a marca de mil mortos em 24 horas, o presidente da República brinca com  a cloroquina/tubaína. Gargalhada numa hora destas?","Não é que Jair Bolsonaro seja a pior pessoa possível para ser presidente do Brasil. É que ele é forte candidato a ser a pior pessoa do Brasil. Ponto.   Quem, em nome do que possa haver de sagrado, ri e faz piada diante de MAIS DE MIL MORTES em UM SÓ DIA?",2,0.12177427858114243,0.8782256841659546,
Quando a gente pensa que já viu de tudo.... Médicos esquerdistas estão se negando a dar receita da cloroquina. E o juramento que eles fazem pra salvar vidas?  Inacreditável.,CRM neles. E vão com outro médico. Pronto .,2,0.12439810484647751,0.8756019473075867,
"Bolsonaro liberou a cloroquina, mas vc tem que assinar um termo se responsabilizando pelos efeitos colaterais. Vai lá minion, toma cloroquina! Mas se sofrer um infarto, não vai pro hospital tirar vaga dos outros.  #JornalNacional","E vc se for contaminado , não vá tomar a cloroquina dos outros!",1,0.12450121343135834,0.8754987716674805,
Você tomaria Cloroquina?,"Não importa o princípio ativo da droga, seja amoxicilina, nitazoxanida ou cloroquina; quando um médico(a) prescreve, quem sou eu para contestar?!   CLARO QUE EU TOMARIA.",1,0.12513883411884308,0.8748611807823181,
"Desculpa aí... de tudo que ele falou só uma boa: a cloroquina salvaria sim muitas pessoas que morreram se fosse aplicada em pequenas doses. E antes do carnaval os infectologistas diziam para todos nós, inclusive para ele que era uma virose como outra qualquer...","Coloquei 11 pontos que na minha opinião são negativos inclusive a Cloroquina, que não mostra eficácia nenhuma, as pessoas podem estar se curando sozinhas como muitas que se curaram sem usar Cloroquina, vcs batem forte na Cloroquina por causa do presidente, especialistas do mundo.",1,0.1278373748064041,0.8721625804901123,
mano eu so queria ESPANCAR o presidente nmrl meu pai mal p crlh e esse filho da puta muito feliz rindo no dia que o brasil bateu mais um recorde de mortes em 24hrs  se eu pudesse enfiava a cloroquina no CU dele filho da puta desgraçado da porra,"""Quem for de direita toma cloroquina. Quem é de esquerda toma Tubaína"". Quem for da família Bolsonaro e bolsonarista que vá tomar no C*! Mais de 1100 mortes (confirmadas) em um só dia e esse palhaço faz piada? #ImpeachmentdoBolsonaroURGENTE #impeachmentJa",0,0.12877686321735382,0.8712231516838074,
"Qual provas médicas você precisa, a da esquerda? Porque o mundo está tratando seus pacientes com cloroquina.",Qual provas médicas você tem que a Cloroquina funciona?,1,0.1415025144815445,0.8584974408149719,
"O  pediu que a Câmara convoque o ministro interino da Saúde para explicar sobre a ampliação do uso da cloroquina. Queremos que Eduardo Pazuello explique os estudos que subsidiaram sua decisão, considerando que não há nada comprovado quanto à eficácia do medicamento.",Se caso uma pessoa morra depois de ter tomado cloroquina sobre administração de médicos sem uma comprovação da eficácia. isso pode ser caracterizado crime de homicídio doloso? Pode  também serem acrescentado crime contra a saúde publica?,1,0.148394376039505,0.8516055941581726,
"Mano, eu odeio como o Brasil transformou uma desgraça de uma epidemia em briga política. Que tal Bolsonaro e Doria tirar a fuça de áreas que não são do conhecimento deles, e deixar os MÉDICOS decidirem isso????","Minha tia pegou Covid, foi tratada com cloroquina e outros medicamentos também. Não foi fácil pra ela se recuperar, até pq teve 2 internações. É óbvio que os médicos sabem a dosagem correta e não vão passar dos limites. Anta é quem compra remédio e sai tomando igual água.",1,0.1519572138786316,0.8480427265167236,
"Minha vó sai por aí, toma cloroquina a anos e ta mais forte que eu  e olha que ela tem várias doenças, grupo de risco. Se você é médica, como fala, deveria ter vergonha de defender essa merda toda onde estão fraudando os laudos médicos colocando “covid”.","Que sorte a da sua avó, grande parte dos que tomam cloroquina fora do tratamento das doencas as quais ela é recomendada, sofrem com os efeitos colaterais (que não são nada fracos)  É verdade que existem hospitais frandando laudos, mas isso é uma minoria, não tome como verdade",1,0.1548301726579666,0.8451698422431946,
e quando que a gente vai salvar esse coitado dos próprios pais?,Não dêem cloroquina pros seus filhos se não ele vai ficar assim,2,0.1568835824728012,0.8431164026260376,
Você tomaria Cloroquina?,Óbvio  q sim!!! TODOS esses hipócritas q hj falam mal...seriam os primeiros à  correr pra cloroquina,1,0.15741391479969025,0.8425860404968262,
Acha mesmo q o brasileiro com pouco esclarecimento e vai ao posto de saúde sabe o q é cloroquina e seus efeitos colaterais?,"Tenho parente que tem esclerose Múltipla , toma Cloroquina a 8 anos 400 mg dia ! Remédio barato e eficaz ela nunca acusou efeito colateral !",1,0.16525360941886902,0.8347464203834534,
O protocolo do MS para o uso da cloroquina contra covid-19 é o paciente entrar no consultório e mandar o médico prescrever o troço pq o presidente disse na live do facebook que funcionava.,Se tá recomendando usar Cloroquina! Assuma a responsabilidade!!! Só idiota concorda com isto!! Com um protocolo sem responsabilidade!,0,0.16643951833248138,0.8335605263710022,
Ué nera ela que apoia ele e defendia ele? Cadê? Agora engula cloroquina é viva sem máscara.,Vc engole tanta coisa e faz drama com a cloroquina?!,1,0.1731967180967331,0.8268032670021057,
"Dê Cloroquina pra ele, cura, não é?","Tem supositório de Cloroquina, aí vc aceita?",1,0.1761089265346527,0.8238910436630249,
"Hoje  tomou uma atitude corajosa, que salvará milhares de vidas: liberou o uso da cloroquina pra todos os casos de COVID-19 no SUS, mesmo os leves  Basta o paciente autorizar o uso do medicamento, que tem se mostrado muito eficaz em diversas partes do mundo",“Basta o paciente autorizar o uso do medicamento.”   Da posição de PACIENTE para MÉDICO.  Que país é esse ???,2,0.17753316462039948,0.8224667906761169,
"Na #escola dizia:  ""Pra que aprender Física/Química/Biologia? Nunca vou usar isso na minha vida...""  Hoje defende cloroquina, terra plana e é contra vacinas...","Se a CLOROQUINA é a solução, porque o Brasil e os países do mundo inteiro estão gastando milhões e milhões em busca de vacina?",0,0.177681103348732,0.8223188519477844,
"Os xiitas isolamentistas, principalmente os instalados na Globolistão, devem ter ficado enfurecidos com Cláudia Raia.  Sim, ela contraiu Coronavírus durante o isolamento, ficando em casa, como ordena a nova ordem globalista.  Vão querer dizer que ela foi um ponto fora da curva?",Ponto fora da curva e o cara que ele pegou pela cara dele não tem condições de baixar as cuevas dela. A cloroquina dele não baixa nem a temperatura.,2,0.17871710658073425,0.8212828636169434,
"A verdade às vezes se esconde no óbvio. A eficácia da cloroquina contra o Covid19 pode ser contestada. Mas se a droga fosse tão maléfica à saúde quanto querem uns, ela não estaria sendo utilizada há décadas. Vamos ser razoáveis pessoal.",É óbvio que é o lobby querendo lucrar alto na pandemia.  Cloroquina não vale 1 real  Mas salva muito mais que os achismos contra.,1,0.18260125815868378,0.8173986673355103,
"""tem tbm as pessoas q foram medicadas e recuperadas!"" da mesma forma que A GRANDE MAIORIA DAS PESSOAS QUE RECEBEM ALTA NÃO SÃO MEDICADAS COM CLOROQUINA, e melhoram. ou seja, a cura pode não ter vindo da cloroquina","Mtas pessoas foram recuperadas com vários tratamentos, porém, o n°. dos q morrem usando esses outros tratamentos, são esses divulgados toda hora, cada um com tratamentos diferentes! Mas, com a cloroquina tem menos mortes comprovadas em estudo científico! E, em vidas q o seguiram!",1,0.1855974942445755,0.8144025206565857,
"Correto. Dá-se o nome de : responsabilidade.  MS libera,mas alerta sobre possíveis efeitos colaterais.  Enfim,quem quiser tomar..., quem não quiser   Cloroquina pode causar redução dos glóbulos brancos, disfunção do fígado, disfunção cardíaca e arritmias","E se assim o fosse, portadores de lupus já estariam mortos após o 6 mês de tratamento e, nussss!! Esse tipo de lupus é crônico!! Ohhh!! O tratamento a base de cloroquina é para o resto da vida. Uai??? Mas nenhum desses pacientes crônicos até a presente data morreu?? Nussss!! Ué?",1,0.18764030933380127,0.8123596906661987,
"Esquerda mete o pau na cloroquina, mas toma na hora do aperto.  Esquerda mete o pau no capitalismo, mas ganha dinheiro com ele e usufrui de todas as suas benesses.  Que nome damos a isto?","a isso não sei, mas a vc damos o nome de burro  quem mete o pau na cloroquina é a ciencia, seu asno",1,0.1891377866268158,0.8108622431755066,
"As orientações do governo federal pra cloroquina é tipo :  ""então galera, n existe comprovação científica que funcione e, provavelmente nem vai funcionar, além de ter efeitos colaterais pesados. fica a seu critério usar mas indicamos""","Pessoal que voto no bozo façam o favor de tomar a cloroquina que ele tanto fala, confiem no potencial de vocês.",0,0.1938532292842865,0.8061467409133911,
"Entre esperar o estudo científico  e a tentativa de salvar a vida . Vamos Salvar Vidas.  Sim! Ao protocolo do Ministério da Saúde, para o uso da cloroquina.","Salvar vidas deve ter prioridade, sempre. Que a ciência possa chegar depois confirmando a certeza da ação. Tem sido assim ao longo da história do mundo#BOLSONAROTEMRAZÃO",2,0.1955394744873047,0.8044605255126953,
E a Cloroquina heim ? E a Tubaína ?,mano aonde eu disse que defendo a cloroquina?,1,0.19731226563453674,0.8026877641677856,
"Cheira mais pó que um aspirador, mas está preocupado com os efeitos colaterais da Cloroquina.","Bebe mais que um Chevette 73, mas está preocupado com os efeitos colaterais da Cloroquina.",1,0.20519046485424042,0.7948095202445984,
Não entendo qual o fetiche do Bolsonaro com cloroquina,"Dono do laboratório é militante e ajudou na campanha, por isso esse fetiche todo.",1,0.20785118639469147,0.7921488285064697,
hoje fui acordada com a notícia que a minha avó morreu por covid e segundo os médicos ela tava estável mas começaram a dar cloroquina pois a família autorizou sendo que o remédio tem MUITOS efeitos colaterais inclusive arritmia que vai causar parada cardíaca,Vocês entendem o risco dessa medicação?,2,0.2100454419851303,0.7899545431137085,
"""Clamor da sociedade"". Essa foi a justificativa apontada por funcionária do Ministério da Saúde para o novo protocolo que amplia o uso da cloroquina no combate à #COVID19.  Apesar do ""clamor da sociedade"", não há evidência científica da eficácia da droga.","""""clamor da sociedade"""" toma no cu",2,0.23735080659389496,0.7626491785049438,
"- Ainda não existe comprovação científica, mas sendo monitorada e usada no Brasil e no mundo. Contudo, estamos em Guerra: “Pior do que ser derrotado é a vergonha de não ter lutado.”  - Deus abençoe o nosso Brasil.","não sou homofóbico, mas...",2,0.24015697836875916,0.7598430514335632,
recomendação médica: 5 comprimidos de cloroquina ao dia Pra tirar a desgraçada do coração,daqui uns dias alguém vai morrer por ter usado cloroquina e aí o bolsonaro vai falar que era fake news e ele nunca incentivou o uso,0,0.25932973623275757,0.7406702041625977,
"Boa noite, venho respeitosamente lhe pedir para me dizer quais os estudos que comprovam a eficácia do uso da Cloroquina e Hidroxicloroquina em casos leves e até como forma de prevenção. Não estou querendo ofender, nem desmentir. Apenas quero pode me informar desses estudos. Obg.","Já obtive a resposta: a nova orientação do  sobre o uso da cloroquina e Hidroxicloroquina apresenta lá muitos estudos, nos quais deve ter se baseados. Para quem tiver na mesma procura em que eu estava, vale ver lá e tirar suas próprias conclusões.",1,0.2727963328361511,0.7272036671638489,
Não há comprovação científica da eficácia da cloroquina.  Quem disse isso? Bolsonaro.  O mesmo Bolsonaro que só liberou novo protocolo sobre o uso em pacientes com quadro leves APÓS editar MP que o isenta de responsabilidade.  Isso é fazer cálculo político com VIDAS!,"Então, acabei de ver uma declaração do Mandetta de que o Planalto queria mudar a bula da cloroquina, não dá para acreditar",1,0.27943214774131775,0.7205678224563599,
"Brasil renovou o recorde de mortes por coronavírus: 1.179. 17.971 no total!  Bolsonaro: “Quem é de direita toma cloroquina. Quem é de esquerda toma Tubaína"".  Canalha traidor!!!!","Viva a liberdade de escolha, quem quiser tomar cloroquina toma quem não quiser a vida é dela..... Lembra Artur, liberdade, menos estado.... O que vc virou.....",1,0.2812880575656891,0.7187119126319885,
"Dê Cloroquina pra ele, cura, não é?","Uma senhora da sua idade , dê-se ao respeito ,usar alguém em estado crítico por causa de política que coisa feia,e cuidado ,uma senhora na sua idade está mais propensa a precisar de tratamento com Cloroquina,já está no grupo de risco.",1,0.28423380851745605,0.715766191482544,
"Tá bom o hidroxicloroquina ataca o coração? pode dar parada cardíaca? paracetamol pode dar ataque cardíaco e centenas de outros remédios.É só pesquisar, o problema é que a Cloroquina é barata e virou o remédio do Bolsonado.",tenho medo de ter corona e meu pai colocar pó de cloroquina no meu café pra me forçar a tomar,0,0.28477516770362854,0.7152248024940491,
O da cloroquina que é um estudo certo né.... hahaha,"A cloroquina está em uso como medicamento já faz setenta anos, E está apresentando bons resultados contra o covid-19 Se falta estudos e porque o Vírus é novo, não o remédio.",1,0.2979547381401062,0.7020452618598938,
sem cloroquina,"Em lugar NENHUM da matéria cita qual tratamento q ela usou; se foi com ou sem cloroquina! Portanto sua afirmativa é; subjuntiva, especulativa e inconcluvisa! Mas eu ao contrário de vc que se preocupa com as fotes citadas, fico feliz com essa notícia! Sendo com cloroquina, ou não!",1,0.3016497492790222,0.6983502507209778,
"""Nós não faremos a distribuição e nem aplicação generalizada da cloroquina, porque a ciência não recomenda"", disse o governador de São Paulo, João Doria.","PSDB Manipulação de Informações,  vocês não engana mais os brasileiros.  O isolamento horizontal não tem comprovação científica.   Neste modelo em vários países aumentou a contaminação.  PSDB sempre foi incompetente, não fez estrutura de saúde, 8 anos de Alckmin.",2,0.3018123209476471,0.6981877088546753,
"Menos ciência, mais cloroquina Menos planejamento, mais improviso Menos experts, mais generais Menos luto, mais humor  Menos coerência, mais centrão Menos Brasil, mais Brasília   #SOSBrasil","Menos Exército, mais Aspen    Seria interessante, afinal Renato Spallicci é amigo do governo:",1,0.30206185579299927,0.6979381442070007,
"Ô , desde antes dos tempos da gonorréia, o brasileiro usa medicamentos sem prescrição médica. Qualquer um compra em qualquer farmácia, o medicamento que quiser, exceto uns com receita especial e com controle de estoque. Idroxicloroquina e a cloroquina são só remédios! .",Discutindo com um cara que acredita na cloroquina. A justificativa dele é que o governo não libera esse remédio pq assim a indústria para de lucrar com álcool gel,0,0.3032078146934509,0.6967921853065491,
"Três pergunta simples:  As pessoas que pegavam malária, lúpus ou artrite reumatoide e usavam cloroquina estão vivas como?  Porque ninguém fez tantos alertas para elas sobre os efeitos colaterais do remédio?  A vida delas não importavam?","Meu pai mora no Amapá e pegou malária 2x e em ambos os tratamentos usou cloroquina e até hoje tá vivo, e ele não apresentou qualquer efeito colateral.",1,0.3097384572029114,0.6902615427970886,
"Você continua apoiando Bolsonaro, após ele dizer: ""Quem for de direita toma cloroquina, de esquerda toma Tubaína""?","Quem é de direita e se quiser toma Cloroquina, e quem é da esquerda toma Tubaina... ou continua comendo capim mesmo.",1,0.3164927065372467,0.6835072636604309,
"- Ainda não existe comprovação científica, mas sendo monitorada e usada no Brasil e no mundo. Contudo, estamos em Guerra: “Pior do que ser derrotado é a vergonha de não ter lutado.”  - Deus abençoe o nosso Brasil.",vai se fuder dnv,2,0.3395068943500519,0.6604931354522705,
"Do  no  : “sabe qual minha opiniao sobre a cloroquina? Nenhuma. Eu não estudei, não sou médico, não é questão de opinião”.","Não é questão de opinião e sim questão de liberdade. Quem for infectado e quiser tomar cloroquina tome, quem achar que não vale nada não tome. Só lembre que os médicos top do Brasil Dr Uip e Dr Kalil tomaram. Será que não vale nada?",1,0.34023788571357727,0.6597621440887451,
"Mesmo que quiséssemos, sabe quais são os problemas para prescrever Cloroquina COM SEGURANÇA em todo o país? Segue esse fio e acompanhe a história de Seu Jair, um paciente hipotético do mundo real. (Fio Hipotético tá? Não jogamos nossos Diplomas no lixo ainda não)",Esse paciente hipotético é complicado,2,0.34127405285835266,0.658725917339325,
"“Quem é de direita toma cloroquina, que é de esquerda toma tubaína” e nós todos tomamos...","Se for só quem é de direita que vai tomar cloroquina, vão com deus",0,0.34746235609054565,0.6525376439094543,
"Coerente é a galera do bolsonaro, que não acredita no vírus mas acredita na eficácia da cloroquina","A minha irmã tava falando que não achava legal as pessoas rindo de quem tá morrendo por usar cloroquina por vontade própria e fanatismo, só digo uma coisa:  God's timing is always right",0,0.35052236914634705,0.6494776606559753,
Adivinha quem tá com o rab0 cheio de cachaça já na hora do almoço?  Quem é de direita acredita na cloroquina e quem é de esquerda na jararaca cretina.,Olha esse cara KKKKKKKKKKKK,2,0.36190056800842285,0.6380994319915771,
"juro pra vcs que eu me esforço, mas não consigo acompanhar os pensamentos e as intenções do christopher. nessa materia que ele divulgou da cloroquina no brasil, o próprio título já explica que a OMS não recomenda esse medicamento. no fim das contas ele tá apoiando ou criticando?","Quem quiser usa e quem não quiser não usa, pra que tanta falação? Que saco. Especialistas criticam novo protocolo de hidroxicloroquina e cloroquina; veja a repercussão | Coronavírus | G1",0,0.3632509410381317,0.6367490887641907,
eu na sexta quando abro a primeira cerveja,"trump vai meter bem um sextou tomando uma cloroquina, já emenda um negocinho, volta pra casa só no domingo",1,0.3714030385017395,0.6285970211029053,
"No dia q o desgoverno  mudou o protocolo para recomendar cloroquina em casos leves, lamentamos a morte por coronavírus do dep. estadual Gil Vianna, do PSL do RJ, que usou o remédio, mas infelizmente não conseguiu se salvar. Não há provas que cloroquina cura Covid-19","Traidora se vc estivesse na UTI vc não tomaria cloroquina? Responde aí , dona da verdade",1,0.3797610402107239,0.6202389597892761,
"Hoje  tomou uma atitude corajosa, que salvará milhares de vidas: liberou o uso da cloroquina pra todos os casos de COVID-19 no SUS, mesmo os leves  Basta o paciente autorizar o uso do medicamento, que tem se mostrado muito eficaz em diversas partes do mundo","Realmente estamos felizes com essa vitória e gratos ao Presidente, mas no Estado de São Paulo teremos que enfrentar a tirania do Governador que já se posicionou contrário a cloroquina e fará de tudo para impedir que tenhamos acesso ao medicamento!!!!",2,0.401407927274704,0.5985920429229736,
"#Covid_19 EUA e BRASIL liderarão o mundo em número de casos e mortes!  Por coincidência, dois grandes países, dirigidos por dois grandes imbecis,que minimizaram a pandemia no início. E que defendem o uso de cloroquina, um medicamento de eficicácia duvidosa.","O gado tem livre arbítrio,então tome a droga do mito,mas não se confunda com o gato gado,pois o felino tem sete vidas,e vcs só tem uma,pra perder por causa de uma cloroquina maldita!!",0,0.4066953659057617,0.5933046936988831,
"Esquerda mete o pau na cloroquina, mas toma na hora do aperto.  Esquerda mete o pau no capitalismo, mas ganha dinheiro com ele e usufrui de todas as suas benesses.  Que nome damos a isto?","Defina esquerda: quem quer as coisas com o de preocupação social? O fato de ser um regime capitalista, naonquer dizer que não se deve criticar inquérito namora certo. Então fica Assim: não tomamos cloroquina e você não vai ao hospital. Afinal é só uma gripezinha.",1,0.41218313574790955,0.5878168940544128,
"Mas é uma loucura: o Ministério da Saúde (que de ""saúde"" não tem mais nada), autorizou o uso da cloroquina pelo SUS, mesmo sabendo QUE NÃO CURA E AINDA PODE ATÉ MATAR !!!","Imagina: chega-se ao médico e este receita a tal cloroquina, toma-se? Denuncia-se? Coitado dos médicos e dos pacientes. Que horror.......",1,0.4122374355792999,0.5877625942230225,
#DEBATE360 A aplicação da Cloroquina para os casos de malária também tem contra indicação e oferece riscos ao paciente? E os pacientes de Malária também precisam assinar termo de responsabilidade?,"a #globolixo novamente atacou o uso da cloroquina,Sr presidente não renova a concessão com essa merda de lixo de emissora..",0,0.4236677885055542,0.576332151889801,
"Transparência na contagem de infectados, mortos e curados. E, a propósito, usamos cloroquina SIM. Curitiba e SP foram as primeiras capitais que mais receberam o medicamento do Governo Federal.",Faz diferença nenhuma essa merda de cloroquina ...acorda gado...,1,0.42912760376930237,0.57087242603302,
"Entidades médicas já se posicionaram contra a medida e a OMS, quando questionada sobre a decisão do governo brasileiro, reafirmou que além de não ter eficácia comprovada, a cloroquina pode causar efeitos colaterais graves.",OMS a que ajudou a epidemia virar pandemia? Sério??? Opinião dela é irrelevante. Se fosse um remédio experimental tudo bem. A cloroquina têm décadas de uso. Sai da vida política criatura do pântano.,1,0.43518418073654175,0.5648158192634583,
"Cloroquina junto com azitromicina e zinco que estão falando que dá resultado, procede? E a ivermectina reduz a carga viral 98% do Covid19 já foi feito esse estudo? #AquiNaBand","Caralho porra! Pqp, não aguento imbecilidade e idiotice! O protocolo do governo libera cloroquina para QUEM QUISER USAR ter esse direito! Parem de vender a idéia de que o governo está impondo algo, ele apenas está resguardando o poder de decisão do cidadão sobre a própria vida!",0,0.43632426857948303,0.5636757016181946,
"A cloroquina é uma droga altamente tóxica e é usada em algumas patologias graves depois do pacientes fazer exames e testes e descartar problemas coronários, renais e hepáticos.N use a cloroquina sem um acompanhamento médico #ForaBolsonaroGenocida","quando sair a vacina do corona espero que todos falem ""quem é de direita toma cloroquina, quem é de esquerda toma a vacina"" EU IMPLORO",0,0.43660426139831543,0.5633957386016846,
Agora cada médico receita a cloroquina quando bem entender. Pau no cu do Doriana.,"Cloroquina ou estriquinina, ele escolhe o que quer tomar.",1,0.43778228759765625,0.5622177124023438,
"Vi no Jornal da Globo uma descrição dos efeitos colaterais da Cloroquina e da Hidroxocloroquina.  A partira daí,  parece que é melhor dar um tiro na própria cabeça do que usar esses medicamentos. Não sei como o pessoal que usou para combater a malária sobreviveu.","Aos imbecis de plantão que criticam a cloroquina, que REVELEM QUAL É A PORRA DA CURA. Senão, cala a merda da boca.  Quem tomou CQNA, manda um #globovaisefoder, quem não tomar, relate do inferno que a globo tinha razão.  Simples.  Eu começo...  #GLOBOVAISEFODER",1,0.45623818039894104,0.5437617897987366,
Amigos a fala de vocês é de forma generalizada. Não é todo estado que está como SP. Acordem... Olha os números de MG MT MS cada município tem que fazer sua análise. Esse discurso sobre isolamento ou não cloroquina ou não é politicagem. Cada município deve analisar seu cenário.,"Tem que ser nacional porque todos esses lugares tem possibilidade de se tornar uma nova SP. É só descuidar. E os municípios e estados estão tomando suas medidas.  E não, sobre a cloroquina não é politicagem, é ciência, tem dados, estudos que mostram que não há efeito negativo.",1,0.46028366684913635,0.5397163033485413,
"Cloroquina, cloroquina...","QUEM NÃO QUISER, NÃO TOMA.",2,0.46190202236175537,0.5380979180335999,
"e diversas pessoas tiveram arritmia, morreram de falencia múltipla dos orgãos, ficaram com rim fudido.... pai da namorada de um amigo morreu por causa da cloroquina logo nos primeiros sintomas do covid... fica ai a duvida","pois é amigo, em quem usar cloroquina ?? quem resiste??  é o nosso dilema... melhor esperar a cura do que pagar pra ver",1,0.46713435649871826,0.532865583896637,
"Pessoal diz que cloroquina não tem efeitos contra o COVID, mas não explica os doentes curados. Remédio fantástico, cura somente com a fé dos pacientes ou do médico!","Alguem me tira a dúvida, o ministério da saúde botou cloroquina no tratamento de covid leve, mesmo sem eficácia e com efeitos colaterais, isso quer dizer que sou obrigado a prescrever? Se não prescrever o paciente pode me processar?",0,0.4700417220592499,0.5299583077430725,
"Toma 3kg de anticoncepcional e cházinho de canela pra abortar, mas reclama que a Cloroquina tem efeito colateral  APAPOHA",Já tomei tanta cloroquina por causa de malária então já era para estar morto. Que efeito colateral nada.,1,0.4752905070781708,0.5247095227241516,
"QUEM É DE DIREITA TOMA CLOROQUINA, QUEM É DE ESQUERDA TOMA TUBAINA.","É simples galera:  Quem quiser toma cloroquina, quem não quiser toma no cool!",0,0.4868754744529724,0.5131244659423828,
"- Ainda não existe comprovação científica, mas sendo monitorada e usada no Brasil e no mundo. Contudo, estamos em Guerra: “Pior do que ser derrotado é a vergonha de não ter lutado.”  - Deus abençoe o nosso Brasil.",VAI TOMA NO SEU CU FILHO DA PUTA A CLOROQUINA VAI SERVIR PRA MATAR SUA FAMILIA TODA SEUV ERME,1,0.48970070481300354,0.5102993845939636,
ELE NÃO ESTA ERRADO. SÓ UM IMBECIL MORRERIA SEM TOMAR A CLOROQUINA. A CIÊNCIA É UMA CONSEQUÊNCIA DO ESTUDO DO HOMEM. NÃO ESQUEÇA SE PRECISAR NÃO QUERO QUE MORRA... PEÇA O REMEDINHO DO BOLSONARO.,"Quanta estupidez cabe num ser... A cloroquina não é uma substância nova, não é administrada a esse fim e tampouco é patente do Bolsonaro. Parece que o vírus da ignorância se sobrepõe ao corona.",1,0.5075539350509644,0.49244606494903564,
"Finalmente, protocolo do MS liberando cloroquina para casos leves de Covid-19 (uso precoce). Quantas vidas serão salvas? Para muitos, o que importa é contar os mortos. E os marinho ainda fazem questão de colocar que não há estudos que comprovam a eficácia.",Boas notícias!,2,0.5203847289085388,0.4796152412891388,
"Apresentei um projeto de decreto legislativo p/ sustar o novo protocolo do  que recomenda uso precoce da cloroquina em pacientes com #Covid19, enqto não houver estudos científicos que comprovem sua eficácia. O presidente não deveria fazer uso político de algo tão sério.","Querem.que todos morram, políticos imundos.",2,0.5205042362213135,0.4794957637786865,
"Peguei ônibus e parecia um dia normal como qualquer outro. Se prepare, o discurso de que a cloroquina é a salvação e é um medicamento preventivo vai incentivar demais a circulação da população.","toda vez que alguém diz que a cloroquina é eficiente um farmacêutico/biomédico morre.... meu coração até dói, a galera ignora todas as provas que mostram a ineficiência porque o retardado mental segue com esse discurso.  no mínimo triste.",1,0.5328449606895447,0.4671550393104553,
Alguém precisa parar os pais desse menino. O moleque ja é insuportável e ainda é obrigado a gravar isso,de amarelo segurando cloroquina os pais deve ser bolsominion ctz,2,0.5340672135353088,0.4659327268600464,
"A verdade às vezes se esconde no óbvio. A eficácia da cloroquina contra o Covid19 pode ser contestada. Mas se a droga fosse tão maléfica à saúde quanto querem uns, ela não estaria sendo utilizada há décadas. Vamos ser razoáveis pessoal.",A cloroquina leva semanas para produzir o efeito esperado em pacientes reumáticos e os efeitos colaterais são conhecidos e documentados. Qual efeito ela causa em um paciente com uma tempestade inflamatória como no caso da Covid-19?,1,0.5350384712219238,0.4649614989757538,
"Meu pai me mandou um video da Nise Yamaguchi na CNN Brasil defendendo HCQ+azitromicina para tratamento de casos leves/iniciais de #COVID19 , e perguntando se eu tinha alguma opinião sobre isso. Bem, eu tenho. Segue o fio (sem slides bonitinhos ou gifs dessa vez, sorry)",Devotos da Cloroquina e aqueles que estão confusos com esse medicamento. Sigam o fio,2,0.5352146029472351,0.4647853672504425,
"Apresentei um projeto de decreto legislativo p/ sustar o novo protocolo do  que recomenda uso precoce da cloroquina em pacientes com #Covid19, enqto não houver estudos científicos que comprovem sua eficácia. O presidente não deveria fazer uso político de algo tão sério.",Sustar o uso de cloroquina em território nacional? ou só para os pobres do SUS?,1,0.5536491870880127,0.4463508427143097,
É extremamente irônico e contraditório ver psolistas falarem que a cloroquina faz mal à saúde (apesar de milhares de pessoas terem se recuperado após usar o medicamento) enquanto eles defendem a legalização de TODAS AS DROGAS.  Querem legalizar o crack e proibir a cloroquina!,Pelo menos tu nivela a Cloroquina com o Crack no tratamento da Covid. Ambas não servem e podem ter efeitos colaterais danosos,1,0.5567652583122253,0.44323477149009705,
"Entidades médicas já se posicionaram contra a medida e a OMS, quando questionada sobre a decisão do governo brasileiro, reafirmou que além de não ter eficácia comprovada, a cloroquina pode causar efeitos colaterais graves.","Dê uma declaração que se pegar a gripe voce não vai querer a Cloroquina, aguardo no seu próximo post.",1,0.5606189370155334,0.43938109278678894,
"Pela ignorância do povo, chegaram em um ponto de achar que a cloroquina serve como vacina, tem noção? Amorzinho se a cloroquina fosse a cura (que no caso ela estabiliza a doença,não deixa o paciente imune, você pode se contaminar denovo), não haveria mais pessoas com Covid-19.",Esse artigo discute uso de Cloroquina na COVID19. A conclusão é óbvia. Não usar. Mas o artigo está MUITO didático. Só falta desenhar. Recomendo a leitura por todos que tratam essa doença.  Está claro que a discussão não  é médica. É política.,0,0.5643571615219116,0.4356428384780884,
"Do mês passado essa notícia, e por acaso ele tem aliança com a OMS pra vacina? Sem contar que ele sabe o risco do cloroquina mas quer usar",Um dos mais avançados na produção de vacina são os EUA e tmb tão fora a cloroquina demostrou eficiencia como nos testes do previed senior e tmb a Unimed adotou o protocolo . Caso vc não tenha um diploma de oncologia ou de farmácia saiba q todo remédio tem seu risco,1,0.5652401447296143,0.43475988507270813,
"Ainda, tanto o Mandetta quanto o Teich eram contra e ambos foram pulverizados no Ministério da Saúde. Ambos são médicos. Torço para errar e a cloroquina ajudar a controlar a pandemia.","Serra detesta pobre e nordestino. Para ele, só pode tomar Hidroxoclorentina, os ricos, porque têm médicos particulares. Serra apresenta projeto para barrar novo protocolo da cloroquina",0,0.5745034217834473,0.42549657821655273,
Imagina quando forem ler a bula dos paracetamol da vida.,Acho q por isso q o  queria modificar a bula da cloroquina.  #ForaBolsonaro,1,0.5880666375160217,0.41193336248397827,
direito penal,uma amiga q faz direito disse que o curso todo é uma grande cloroquina vc concorda??,1,0.588605523109436,0.41139450669288635,
pq a Unimed prescreve o uso da Cloroquina + azi para tratamento inicial do covid-19   e o SUS não?   pq o “rico” pode tomar e o pobre não?   curioso...,"Digitem ""termo de ciência e consentimento cloroquina"" no Google. Vai abrir um PDF do Ministério de Saúde, documento que os pacientes com Covid-19 deverão assinar, onde fala que o remédio não tem eficácia comprovada e que pode causar efeitos colaterais.",0,0.5902570486068726,0.40974295139312744,
Sério que colocaram uma criança pra falar sobre cloroquina,ih gente deixa o povo tomar cloroquina  a seleção natural cuida do resto,0,0.5939275026321411,0.4060724675655365,
"Continuarão ocorrendo mortes. Cloroquina é um tratamento, não um milagre. Nem vacinas têm 100% de eficácia. Cloroquina ajudará a salvar muitas vidas, mas não todas. Uma pessoa pode combater uma doença (qualquer uma) tendo o tratamento mais adequado e, mesmo assim, ir a óbito.","Os anta tão desesperados, o patrão vai perder a cabeça, quando a cloroquina começar a dar resultados expressivos no combate ao virus. Vou tomar cloroquina, é meu Direito e esta sob minha responsabilidade.",1,0.5947505235671997,0.4052495062351227,
"Apresentei um projeto de decreto legislativo p/ sustar o novo protocolo do  que recomenda uso precoce da cloroquina em pacientes com #Covid19, enqto não houver estudos científicos que comprovem sua eficácia. O presidente não deveria fazer uso político de algo tão sério.","Os lixos humanos que essa sociedade criou para o mundo, fico revoltado com a falta de noção. Sabemos que o uso inadequado de um medicamento mata. O melhor é previne. O covid19 tem cura, a cloroquina é uma dúvida, pra dá a meus filhos tem que ser certeza.",1,0.5956630110740662,0.40433695912361145,
ATENÇÃO BRASÍLIA! DESÇAM AGORA PRA PRAÇA DOS 3 PODERES! A ESQUERDA QUER OCUPAR A PRAÇA.  OS 300 DO BRASIL VÃO TOMAR CAFÉ DA MANHÃ VERMELHO HOJE! AHU AHU AHU,"Não se esqueçam de por esse exército de idiotas pra cantar o hino da Cloroquina de jesus, comandAnta!",2,0.5987945199012756,0.401205450296402,
Sobre o termo que paciente deve assinar pra usar CLOROQUINA!  via,Toma cloroquina rapa. Brasileiro é diferenciado. Mais de 10 anos tomando remédio receitado por supostos médicos cubanos. Nois e coro duro.,0,0.600339949131012,0.39965999126434326,
"vixi senadora, lembro que a senhora foi contra a cloroquina, boa sorte no seu tratamento, sem o remédio!","Depois de assistir ao que disse a doutora Natália Pasternak na CNN fica impossível concordar com o uso da cloroquina em qualquer fase do tratamento da COVID-19. Daí, a posição correta que deveria ser adotada por gestor público de qualquer orientação é não permitir seu uso.",0,0.602851152420044,0.39714884757995605,
"O  divulga orientações para tratamento da Covid-19, onde a Cloroquina pode ser ministrada em casos leves, com recomendação médica e autorização do próprio paciente/família.",Quanta burrice em um só post!! Chamar médico consciente de esquerdista so porque não receita a bosta da cloroquina... francamente!! Pior do que o Covid é a ignorância que está alastrando nesse país que virou um hospício!! Tomem cloroquina mesmo... e morram!!!,1,0.6029947400093079,0.39700523018836975,
"Se a cloroquina der certo, foi graças ao Bolsonaro, se der errado, foi vc que assinou o termo de consentimento.","Vc está no hospital, sua família não pode estar ao seu lado, falta ar, falam de um remedio e te mandam assinar um papel. Quero saber de 1 que não assinaria. Pelo amor né, minha gente?! ##covid19 #Coronavirusnobrasil #pandemia2020 #Cloroquina",2,0.6037032604217529,0.39629673957824707,
POR QUE VOCES NAO PEGAM ESSA CLOROQUINA E ENFIA NA PORRA DO CU DE VOCES SEUS ARROMBADO,"Eu só não entendi uma coisa. A cloroquina já era vendia sem receita, pq esse ódio contra um medicamento que está fazendo efeito? Eu já assisti vários vídeos de médicos de fora explicando a eficiência dela. Pq isso agora?",0,0.6130183339118958,0.38698169589042664,
"Vi no Jornal da Globo uma descrição dos efeitos colaterais da Cloroquina e da Hidroxocloroquina.  A partira daí,  parece que é melhor dar um tiro na própria cabeça do que usar esses medicamentos. Não sei como o pessoal que usou para combater a malária sobreviveu.","Desde 1955 que o medicamento existe, mas o que está valendo é o que disse o Promotor Ailton Benedito: CORONAVÍRUS  “Um dos efeitos colaterais da cloroquina, remédio baratíssimo, é prevenir a corrupção”",1,0.6146695613861084,0.385330468416214,
"OMS reafirmou a ineficácia da Cloroquina. Mas a OMS tá errada, né? A OMS não sabe de nada, quem sabe é o paraquedista.","""Tomara que todos os bolsonaros a tomem! Se é tão bom: que façam bom proveito!"": FDA adverte sobre riscos da Cloroquina no tratamento da COVID-19  via",0,0.6226690411567688,0.3773309588432312,
"Olha aí quem fala... Gado de Bostonarista, agente do vírus, pobre coitado... vai toma na cloroquina","Parceiro, não adianta passar muito pano pra Lula também. Fez muita merda com o país e deixou rabeira pro Capitão Cloroquina terminar de cagar. Vamos virar a página, tirar esse imbecil do poder e procurar um meio-termo, nem tanto a direita, nem tanto a esquerda. Pode dar certo...",1,0.6272944808006287,0.37270551919937134,
Cloroquina foi autorizada. Mas a gente sabe que a classe médica vai ter bom senso de não receitar. Afinal a classe médica sabe fazer boas escolhas. Não é?,"Hj meu padastro foi ao médico e o médico receitou cloroquina, então eu estou muito confuso.",1,0.634247899055481,0.36575207114219666,
"Digo mais, tá mais pro designer mesmo",Aí é a outra cloroquina hahahaha,1,0.642001748085022,0.35799822211265564,
Os fabricantes de refrigerantes brasileiros não gostaram da piada do presidente sobre cloroquina/tubaína.,Manda os fabricantes colocarem um refrigerante com o nome de cloroquina.,1,0.6505566835403442,0.3494432866573334,
os satanistas querem a vacina diabolica por isso sao contra a cloroquina OMS trabalha pra destruiçao do ser humano junto com a ONU pra reduzir a populaçao o que eles querem no fim de tudo é marcar o gado com a vacina da besta 666 do bill gates,"Gente, isso é ironia, né? Com certeza, né?",2,0.6766685843467712,0.32333147525787354,
"José Serra apresentou um projeto para barrar o novo protocolo da cloroquina. O senador pede que o protocolo não entre em vigor enquanto não houver estudos científicos que comprovem sua eficácia. VALERÁ TAMBÉM PARA OS PACIENTES DO ALBEEINSTEIN,OU SÓ OS POBRES NÃO PODERÃO TOMAR?","Esses caras não ligam para o povo, não cansam de fazer política em cima das mortes! Estamos em uma guerra biológica! Como que pode esses caras não vêem o mal que estão fazendo...",2,0.6832675337791443,0.3167325258255005,
Cloroquina foi autorizada. Mas a gente sabe que a classe médica vai ter bom senso de não receitar. Afinal a classe médica sabe fazer boas escolhas. Não é?,médico que receitaria cloroquina e mandaria o Bolsonaro pro paredão:,1,0.6971355080604553,0.30286452174186707,
"Já percebeu q os q mais defendem a cloroquina aqui no Twitter em tese a maioria tem plano de saúde e ta praticamente IMPLORANDO p q o menos favorecido q depende exclusivamente do SUS, tenha o mesmo direito à vida q AINDA estamos tendo, até sair uma vacina!","E só um detalhe: o deputado Gil Viana do PSL, internado na rede privada em Campos, morreu mesmo usando a milagrosa Cloroquina. O quadro dele acelerou rapidamente e veio a óbito.",1,0.7004587650299072,0.2995412349700928,
"Apresentei um projeto de decreto legislativo p/ sustar o novo protocolo do  que recomenda uso precoce da cloroquina em pacientes com #Covid19, enqto não houver estudos científicos que comprovem sua eficácia. O presidente não deveria fazer uso político de algo tão sério.",A esquerda é canalha. Aceitem. Não tem caráter. Só vê grana e corrupção,2,0.7055785655975342,0.2944214940071106,
"#JornaldaCultura o prefeito de Porto feliz que é médico está usando o protocolo com Cloroquina e azitromicina, e lá não tem nenhum óbito, vcs só fazem acusações contra, pq o prefeito e médico de Porto feliz faz uso e da resultado?",Acompanhei a entrevista do Ministério da Saúde impressionante a torcida da imprensa contra a Cloroquina acabei dando razão para o presidente #ImprensaTomeTubaina combina com mortadela .Imprensa torcedora do corona.,0,0.7170559167861938,0.28294405341148376,
"Os que usam maconha, cocaína, crack, metanfetamina, rivotril, opiáceos, esteróides anabólicos e todo tipo de droga que comprovadamente fazem mal a saúde e podem acarretar a morte, são os mesmos que acham um absurdo tratar infectados precoces com o protocolo da cloroquina.","Se a covid é só uma ""gripezinha"" segundo o rebanho do mito, porque não só tomam um Cinegripe, de vez ficar insistindo na Cloroquina",0,0.7394158244132996,0.2605842053890228,
"Será que foi overdose de cloroquina? Hoje meio de saco cheio com estes clichês de seguidores de curandeiros. Teve um tempo que sugeri paciência, mas são incuráveis",hahaha isso aí que dá misturar cloroquina e antipulga no capim dessa jumentada aloprada,1,0.7519258260726929,0.24807415902614594,
"O establishment jamais permitirá que este medicamento seja utilizado em larga escala, pois depende da mortandade para aniquilar o status quo.","o Conselho Federal de Medicina autorizou recentemente a prescrição médica da cloroquina e da hidroxicloroquina, em condições excepcionais para o tratamento da COVID-19 (PROCESSO-CONSULTA CFM nº 8/2020 – PARECER CFM Nº 4/2020).",0,0.7557571530342102,0.2442428469657898,
"Rezando pra vc se contaminar, se curar com a cloroquina e vir aqui concordar com o presidente. Ia ser lindo.","Esse velho, quando pegar não vai ter direito à cloroquina!! Pra ele só Tubaína!! Kk",1,0.7605745792388916,0.2394254207611084,
serassi cloroquina cura tristeza?,quem eh essa cloroquina q ta todo mundo falando,0,0.7609722018241882,0.23902782797813416,
"- Dias difíceis. Lamentamos os que nos deixaram. - Hoje teremos novo protocolo sobre a Cloroquina pelo  .  - Uma esperança, como relatado por muitos que a usaram. - Que Deus abençoe o nosso Brasil.",Eis a nossa esperança de voltar a ter orgulho de ser brasileiro: #impeachmentJa #BolsonaroGenocida  #ForaBolsonaroUrgente. E seus aliados imcompetentes. Acorda,2,0.7612146735191345,0.23878532648086548,
trump n usa mascara pois está usando cloroquina . Esse foi um Xeque mate,Que legenda ruim tomanocu,2,0.7656186819076538,0.234381303191185,
"Mandetta, na , comenta frase de Bolsonaro: em tempos de quem é de direita usa cloroquina, quem é de esquerda toma tubaína, “quem tem juízo escute a medicina”","discussão boba. Pra q ficar ouvindo políticos brasileiros, na grande maioria corruptos, ou médicos tupiniquins? Cloroquina não é 1 medicamento nacional. Vamos pesquisar cm o mundo civilizado lá fora tá tratando este assunto....",1,0.7676424384117126,0.23235750198364258,
léo dias já testou a cloroquina,Acho que o grande problema da cloroquina é a falta de comprovação científica de fato. Sem tal certificação por meio da ciência. E aí eu creio que o grande problema é que médicos não vão querer ser responsáveis por possíveis complicações e até mortes por meio da medicação.,0,0.7704326510429382,0.22956734895706177,
Prefiro tubaína,Meu Deus... essa gente merece cloroquina mesmo,1,0.7734447121620178,0.22655527293682098,
"Bolsonaristas criam 'corrente do bem' e se medicam com cloroquina, azitromicina e antipulgas",não sabia que suicídio coletivo se chamava corrente do bem,2,0.7794972658157349,0.22050270438194275,
"O  divulga orientações para tratamento da Covid-19, onde a Cloroquina pode ser ministrada em casos leves, com recomendação médica e autorização do próprio paciente/família.","E os que se infectarem, se não quiserem a cloroquina que tomem tubaína e vão para casa esperar o estado se agravar, o Presidente não está obrigando ninguém a nada, só dando uma chance a mais para muitos sobreviverem a esse vírus maldito.",1,0.780755877494812,0.2192441076040268,
"O hospital municipal de campanha Gilberto Novaes, em Manaus, atende pacientes infectados com covid-19. Enquanto isso, o Brasil recomenda o uso generalizado de cloroquina e um derivado menos tóxico, a hidroxicloroquina, para tratar o novo coronavírus, mesmo em casos leves","Vamos defender o uso de um medicamente sem nenhum efeito contra a doença sim! Que vai matar muita gente por infarto! Toma a cloroquina e desce com ki suco, A lá Jonestown! Vai dar nada não amiguinhos.",1,0.7815048098564148,0.21849514544010162,
"""Quem é de direita, toma cloroquina, Quem é de esquerda toma tubaína!"" Sério que vocês escolheram pra representar vocês, um homem que diz isso em meio a uma pandemia que tá passando do número de 1000 mortos por dia???","Bolsonaro amplia uso da cloroquina, contra evidências científicas. ""Quem quiser usa, quem não quiser não usa""  #AParComOMundo",0,0.7815685272216797,0.21843145787715912,
"O  divulga orientações para tratamento da Covid-19, onde a Cloroquina pode ser ministrada em casos leves, com recomendação médica e autorização do próprio paciente/família.",A autorização é pra evitar que o médico receba um processo caso a cloroquina mate o paciente,1,0.7824745178222656,0.21752548217773438,
Ex-profissão: vai fazer Sol no feriado do mês que vem? (Meteorologia não é bola de cristal),"Ex-profissão: o bater de asas de uma borboleta na Austrália pode causar um furacão no Brasil  (NÃO MONSTRO! Sistemas dinâmicos são caótico, imprevisíveis, mas há a escala, algo pra lá de micro não vai influenciar no macro, ao menos não UMA borboleta, se ainda fossem trilhões...)",1,0.7929078936576843,0.20709212124347687,
"Quer dizer que mesmo sem ter eficácia comprovada e com efeitos colaterais graves, Bolsonaro quis alterar a bula da Cloroquina para incluir a indicação no tratamento da COVID-19? Isso via decreto, sem aval da ANVISA ou consultar o Conselho Federal de Medicina?  #ForaBolsonaro",Marco quer colocar o nome do doguinho de Cloroquina KKKKKKKKKK,0,0.7941148281097412,0.20588523149490356,
"O  divulga orientações para tratamento da Covid-19, onde a Cloroquina pode ser ministrada em casos leves, com recomendação médica e autorização do próprio paciente/família.",Parece até que essa Bozonaro tem participação nessa Cloroquina o kra virou propagandista da droga ...,1,0.8062166571617126,0.19378329813480377,
O Dória usa o Protocolo da Cloroquina ou você acha que Não??  #EuApoioBolsonaro,"Se ao invés de matar, a cloroquina fizesse o Bonner aparecer de surpresa pra um debate, pode ter certeza que essa lenga lenga do Bolsonaro acabaria na hora",0,0.8095144629478455,0.19048553705215454,
"Acompanho vários pacientes que fazem uso se #hidroxicloroquina todos os dias de forma contínua há anos, chega a ser cansativo fazer os exames de controle a cada 6 meses e não encontrar um efeito adverso. Nunca nenhum precisou interromper o tratamento.","cloroquina com tratamento contínuo, SEM EFEITOS COLATERAIS  18,8 MIL TWETTS por um Brasil Melhor   Um Site Brasileiro, APOIEM  SIGO de Volta todos #BrasilComBolsonaro",2,0.8107637763023376,0.18923617899417877,
"Essa experiência de demonizar a cloroquina vai se  virar  contra os médicos e mídia...  Que  tal  se alguém  disser assim: ""Viram  como  um medicamento  usado  a décadas  é venenoso e só descobrimos agora?"" E se assim for para  as vacinas tb?""  Abre o olho dr....","Isto aqui é seríssimo.  Bolsonaro tentou alterar bula da cloroquina, diz Mandetta  via",0,0.8122201561927795,0.18777984380722046,
#Coronavírus - Governo divulga protocolo para uso da cloroquina até em casos leves de Covid. Paciente precisa assinar termo que reconhece que não existem estudos demonstrando benefícios clínicos =&gt;  #G1,presidente filho da puta pq ele n enfia toda essa cloroquina no uc dele n aguento mais esse homem facada mal dada do caralho claro que n existe estudos comprovando nd esse homem é um acéfalo desgraçado,2,0.8262701034545898,0.17372985184192657,
"A cloroquina é ocasionalmente usada no tratamento de amebíase extraintestinal, artrite reumatoide e lúpus eritematoso. (wikipedia)",Alguém de vocês já tiveram que fazer algum exame com contraste e leram a declaração que somos obrigados a assinar? Por que a celeuma com a Cloroquina que até antes da pandemia era vendido sem qualquer receita médica?,0,0.8263469338417053,0.17365309596061707,
"O  divulga orientações para tratamento da Covid-19, onde a Cloroquina pode ser ministrada em casos leves, com recomendação médica e autorização do próprio paciente/família.","HORA AÍ QUANDO O PACIENTE ENTRA EM COLAPSO DO CORAÇÃO, ARRITIMIA, AVC, ETC, A CULPA CABE A FAMÍLIA QUE AUTORIZOU O USO. E NUNCA JAMAIAS AO SR. bolsonaro presidentezinho QUE AUTORIZOU ATRAVÉS DE DECRETO O USO.",2,0.8327144384384155,0.16728557646274567,
os satanistas querem a vacina diabolica por isso sao contra a cloroquina OMS trabalha pra destruiçao do ser humano junto com a ONU pra reduzir a populaçao o que eles querem no fim de tudo é marcar o gado com a vacina da besta 666 do bill gates,Não é possível q existe gente que acredita nesse tipo de comentário,2,0.8347189426422119,0.16528107225894928,
"A discussão sobre Cloroquina é falsa. Ela nunca foi proibida, nem será obrigatória. Os médicos mais atualizados, só prescrevem seguindo preceitos cientificos. Já os charlatões, usam de forma massiva pq nunca precisaram da ciência. A pressão do Bolsonaro não muda essa realidade.",quem foi que colocou o mini bolsominion com a cloroquina na mão no meu feed ??????,0,0.8351781368255615,0.1648217737674713,
"Diante da recusa de dois ministros da Saúde, que optaram por pedir demissão para não assinar o documento, coube ao general Eduardo Pazuello, que assumiu a pasta de forma interina,  liberar a cloroquina para todos os pacientes de covid-19.","Se dois médicos conceituados recusaram e um general assinou, algo errado não está certo",2,0.8373973369598389,0.16260264813899994,
"O  divulga orientações para tratamento da Covid-19, onde a Cloroquina pode ser ministrada em casos leves, com recomendação médica e autorização do próprio paciente/família.",Obrigada PR  Por todo o seu esforço nessa guerra.  #BrasilComBolsonaro,2,0.8431112766265869,0.15688879787921906,
"A Justiça nega a divulgação do receituário do gov socialista e tirano do estado de Pernambuco, mas obrigou o presidente  a divulgar o resultado dos seus exames e laudos que atestavam a não contaminação por Covid 19.   Alguém duvida que tem cloroquina receitada aí?",A JUSTIÇA É SELETIVA.,2,0.8438162803649902,0.15618371963500977,
MAIS DE 1 MIL MORTOS EM 24HRS E BOLSONARO FAZ PIADA!!!!!,enfia sua Cloroquina no rabo,2,0.8474676609039307,0.15253229439258575,
Não há comprovação científica da eficácia da cloroquina.  Quem disse isso? Bolsonaro.  O mesmo Bolsonaro que só liberou novo protocolo sobre o uso em pacientes com quadro leves APÓS editar MP que o isenta de responsabilidade.  Isso é fazer cálculo político com VIDAS!,"Já dois vizinhos meus, idosos, pararam de piorar após o uso da Cloroquina.",1,0.8491982817649841,0.15080173313617706,
"O  divulga orientações para tratamento da Covid-19, onde a Cloroquina pode ser ministrada em casos leves, com recomendação médica e autorização do próprio paciente/família.","Cloraquina é usada em Hospitais PARTICULARES, contra o vírus Chinês. Os mesmos médicos que trabalham no SUS e também no privado, são contra o uso da cloroquina no SUS, mas não são contra no privado... Eu ouvi isso de um Gestor Hospitalar, em um seminário. Qual o motivo?",1,0.8499411344528198,0.15005888044834137,
"Já que é pra polarizar, quem é de direita toma cloroquina, quem não é compra vaselina e toma onde quiser.",Essa foi a melhor do dia.  Melhor que a do PR.  Vai esquerda.  Toma direto e reto.,2,0.8499745726585388,0.15002547204494476,
"Em SP o protocolo inclui todas as pajelanças: vermífugo, corticoide, anticoagulante, 2 antibióticos, cloroquina. Se o médico quiser ele pode recomendar vick vaporube, xarope de guaco e agrião, emplastro sabiá. O CFM pode se omitir ou ser contra,não existe obrigação ditada por ele","O motivo da minha resposta, foi um quanto ao  fato do médico ser acusado de charlatanismo ou ser cassado pelo uso de Cloroquina. Não cabe. Existe uma diretriz dada pelo CFM. Existe regulamentação. Não é ilegal. É isso.",1,0.8508217334747314,0.14917826652526855,
"Após mil mortos em um dia,  pede reunião em clima de paz com  esse cara é um genocida, a Cloroquina e a salvação, Hitledoria.","Krlh a cloroquina evita o corona,o bozo tem razão,o trump tá tomando essa parada pra não pegar e os médicos também. O único problema é que não é recomendado pra quem tem problema cardíaco.",0,0.8511249423027039,0.14887511730194092,
Não tome cloroquina   #EquipeLuciana,Se estudos mostra que não há comprovação que cloroquina seja eficaz ao COVID-19? Pq governo permite essa informação vindo do presidente? Isso não seria o mesmo que um cachorro querer ensinar um peixe a nadar?! Qual sentido das pessoas acreditarem #Covid_19 #Bolsonaro #Cloroquina,0,0.8524078726768494,0.14759209752082825,
"Por que será que há tão pouco tempo a cloroquina não tinha contraindicações, nem para mulheres grávidas, e hoje se faz tanto alarde???",Cloroquina... esse nome lembra JB... lembra a Índia vendendo para o Brasil... lembra um “protocolo” que foi “pro teu colo” General e que da leitura do TCLE fica claro que é para não usar mas agradar JB . #politicasemnó,0,0.8544078469276428,0.14559216797351837,
"A quem barrar o uso de qualquer medicação que pode salvar vidas, deve ser julgado e condenado por Crime Contra a Humanidade!","Se uma caixa de cloroquina custasse $1800,08 e fosse importado será que teríamos todo esse mimimi??",1,0.8553591370582581,0.14464086294174194,
"Brasileiro toma por conta própria, Rivotril, termogênico, analgésicos, Sibutramina, Deca, Durateston, Viagra, remédio para pressão, toma CITOTEC, pílulas do dia seguinte, etc. Mas acha um absurdo usar cloroquina no tratamento da COVID-19, pois o remédio tem efeitos colaterais.",Segundo pesquisas do médico indiano Dr. Jalim Rabei a cloroquina tem 150% de eficácia em pacientes cornos,0,0.8558275699615479,0.14417241513729095,
"Sobre a cloroquina....  Família assina um termo... Se der certo, foi graças ao "" mito"" ... Se der errado e a pessoa morrer, o "" mito"" não tem nada a ver com isso!!!!!!  Vem meteoro polo  #ForaBol卐onaro","Eu acho que o jeito de acabar essa discussão sobre cloroquina aqui no Brasil é estabelecendo o seguinte protocolo:  DEFENDEU, VAI TER QUE TOMAR COMO MEDIDA PROFILÁTICA",0,0.8585242629051208,0.14147569239139557,
"Ou no mínimo espetaculares como tem se visto nos estudos de Cloroquina, tendem a ter um viés muito grande. Não é um fato, mas uma observação a respeito. (6/6)","Links  Ensaio controlado aleatorizado da Cloroquina que citei como referência de não haver eficácia:   Estudos que me referi com os três medicamentos e que se mostra promissor, mas precisa de reprodução por outros pesquisadores:",1,0.8595137000083923,0.14048628509044647,
cloroquina cloroquina cloroquina lá do sus tu é que vai me curar em nome de jesus ESSA GALERA TA MUITO LOUCA,esse vídeo patético do pirraia chato falando de cuscuz com cloroquina só fica ganhando força pq vcs compartilham. PARE YAG,0,0.8653979897499084,0.13460201025009155,
"Olha, com esse cruzado de esquerda, o secretário dormirá até amanhã. Nocaute fulminante.","Troquei a cloroquina por sonífero, né meu filho?",2,0.8656291961669922,0.1343708336353302,
"A gente queria que liberasse o aborto porque com isso acreditasse que mulheres não morreriam em abortos clandestinos, mais não podia porque aborto é assassinato e tira uma vida sem a permissão de Deus, mais usa o critério ""faz quem quer"" pra cloroquina pode","dps que descobri que o exercito ta produzindo cloroquina pq o bonossauro mandou, tudo faz sentido do pq dele estar desesperado pra isso",0,0.8664047718048096,0.13359525799751282,
Será que quando o gov.federal publicar o protocolo da cloroquina o Dória vai dizer que é pai do medicamento?   Será que o Dr. Uip vai negar de novo que usou o remédio para se curar mesmo que isso destine seus governados para as covas de Bruno Covas vazadas para o Washington Post?,Cloroquina não! Hidroxicloroquina! A Hidroxicloroquina minimizou os efeitos colaterais da Cloroquina.,1,0.8687397241592407,0.13126033544540405,
"Agora a briga no grupo da família eh sobre cloroquina, n aguento mais","Mulher, eu tô agoniada e revoltada com minha mãe sendo atacada essa semana por causa dessa bosta de cloroquina. E ela nem falou que não era pra usar, só tentou explicar que não há evidências farmacológicas da eficácia ainda e é necessário cautela.",1,0.8720520734786987,0.12794794142246246,
"ALGUÉM CONSEGUE ABRIR A NOTÍCIA E FALAR QUAL ‘ANTIPULGA’ É ESSE POR FAVOR??? é sério to curiosa  Bolsonaristas criam 'corrente do bem' e se medicam com cloroquina, azitromicina e antipulgas - 20/05/2020 - Equilíbrio e Saúde - Folha","minha gente, pois chupem logo uma cartela de cloroquina, besteira..",0,0.8724284172058105,0.12757156789302826,
"Marinho e seus especialistas. Cloroquina pode levar a óbito súbito? Quem tem malária, lúpus e artrite pode parar de tomar já, doutor? ""Toda a comunidade médica"". Fale por si. O Conselho Federal de Medicina confirmou o protocolo.  E aí, doutor especialista dos marinho?","Droga!?      e o q dizer da cocaína,da maconha,do crack q  e a grande maioria dos “artistasglobais” são a favor?Ai não é considerado droga?E a droga do aborto q a maioria dos artistas da #GloboLixo aderiu",2,0.87288898229599,0.12711098790168762,
Se um médico prescrever cloroquina eu nunca mais volto nele,"Se eu for em estado grave e um médico me prescrever cloroquina o que me resta é confiar. Porque eu como advogada preciso que meu cliente confie em mim, nos meus anos de estudo, dedicação e experiência.",2,0.8738889694213867,0.1261109858751297,
"O Ministério da Saúde divulgou nova orientação para os médicos do SUS, permitindo o uso de cloroquina e hidroxicloroquina na fase inicial da Covid-19. O uso dos remédios, sem eficácia comprovada, é alvo de críticas de associações médicas:  #JN","CHO SATANÁS SUA MALDITAAA  O MUNDOOO INTEIRO ESTÁ UNIDOS POR CAUSA DA DOENÇA AQUI NO BRASIL OS GOVERNADORES, STF STJ OAB ONU UNI, OMS, CÂMERA SENADO TODOS ROUBANDO O PAÍS PELA CAMPANHA ELEITORAL",2,0.877126157283783,0.12287392467260361,
Governo inclui cloroquina em tratamento de casos leves de covid-19 - EBC  via,"Alguem me tira a dúvida, o ministério da saúde botou cloroquina no tratamento de covid leve, mesmo sem eficácia e com efeitos colaterais, isso quer dizer que sou obrigado a prescrever? Se não prescrever o paciente pode me processar?",0,0.8778462409973145,0.12215381860733032,
Lockdown pra pobre pq os ricos tudo saindo de carro  e bicicleta pra ir comprar cloroquina e azitromicina pro fds tomar gelado,"se ele tivesse rimado cloroquina com gasolina, a turma já estaria dizendo que ele pretende incendiar a oposição",0,0.8779450058937073,0.1220550388097763,
A cloroquina não presta. Fim de papo,"Só que não é ele que vai morrer,assim fica fácil caro Bozo  Nolsonaro sobre cloroquina não ter comprovação científica: ""em guerra""  via",0,0.881901204586029,0.11809884756803513,
"Cloroquina e Hidroxicloroquina medicamentos antivirais contra a malária, hmm...o que realmente devemos saber sobre ela?? O remédio pode ser realmente efetivo contra o covid-19 mas ainda não sabemos os efeitos que ele da ao nosso organismo pois como disse é para tratamento da...","A frase do pres. de cloroquina e tubaína é mais uma das milhares "" bola fora"" que dá sempre. Deploravel. Agora,a frase do ex-pres. Lula sobre o corona vírus é erro brutal.Deveria pedir desculpas o quanto antes.Ja basta o  q disse a UOL q concordava com Bolsonaro no caso da Globo",0,0.8832627534866333,0.11673718690872192,
Quem é de direita toma cloroquina   O cérebro desse homem necrosou né,os cara dixa usar cloroquina  mas maconha nao vai se fode bolsonabo,0,0.8840846419334412,0.11591533571481705,
Esse vídeo tem q ser postado todo DIA! Qdo o secretário de saúde do Piauí vai contar que o sucesso do tratamento é a cloroquina a repórter o corta e nem disfarça! ESTAO NOS NEGANDO TRATAMENTO!!! ISSO É NO MINIMO CRIMINOSO!!,Só há uma maneira do brasileiro/afegão/gado/médio acreditar na ineficácia da Cloroquina: um mecânico de carro dizer que não presta.  Brasileiro acredita em tudo o que mecânico de carro diz...,0,0.8872140645980835,0.11278590559959412,
"Merval Pereira - Cloroquina nele! Se não há estudos conclusivos, e se o remédio usado no combate à Covid-19 (cont)","Na turnê da  ela fala sobre como as palavras tem poder e como a fala do presidente é capaz de abalar o mundo inteiro. Em nosso contexto, o que dizer sobre um presidente que brinca com cloroquina/tubaína? Será MESMO que não tem efeito nenhum?",0,0.8876592516899109,0.1123407706618309,
Senadores questionam liberação de uso da cloroquina para casos leves de covid-19,Senadores não tem propriedade para falar do uso ou não.  Vossas Excelências fizeram estudos e/ou experiências para afirmar alguma coisa? Me fale aí trabalhos de pesquisas de senadores sobre a Cloroquina.,1,0.8892499804496765,0.11075002700090408,
"""Nenhum estudo observacional publicado sugeriu claro benefício. Pelo contrário, vários indicaram potenciais malefícios"", dizem pesquisadores da Fiocruz, USP, UFRJ, UEA e Academia Nacional de Medicina sobre a cloroquina.","CLOROQUINA e HIDROXICLOROQUINA São dois remédios de formulações diferentes, mas que levam a mesma substância, a cloroquina. Os benefícios clínicos são parecidos, mas os efeitos adversos não. A hidroxicloroquina é considerada um pouco mais segura, com menos efeitos colaterais.",1,0.890703558921814,0.10929646342992783,
"Bolsonaro quer liberar o uso da cloroquina para pacientes com covid-19, você é a favor ou contra?","Querem que o povo humilde morra. Esses bandidos tem que deixar os humildes receberem a cloroquina. Os políticos, juízes do STF e ricos tomam, por quê os pobres não podem tomar?",1,0.8909531235694885,0.1090468317270279,
"Mas nada alarmante. O Didier Raoult usa por exemplo, 600mg de Hidroxicloroquina enquanto aqui e em outros estudos usamos 400mg Tá tudo dentro dos conformes, ñ tem sabotagem e ninguém vai morrer Enquanto não tiver Hidroxicloroquina pra todo mundo,a cloroquina vai cumprir a missão","estou assistindo a coletiva do Min. da Saude e a moça citou: Hidroxicloroquina e cloroquina, tem diferenças entre as duas?",1,0.8913165330886841,0.10868341475725174,
A lei de Patentes é mundial.... passados 10 anos de uma patente de medicamento ela é liberada.... há anos é assim... A #cloroquina tem sido combatida por não dar lucro a gigantes farmacêuticas... Elas querem um novo medicamento q podem cobrar patentes altas de todos... acorde.,"Sim, mas o Trump entupiu os hospitais do produto. Nosso Exército  já fabricou e tem  estocado 1.200.000  comprimidos de cloroquina. Torci para não liberar, mas gostei,  uma coisa a menos para o espetáculo da cortina de fumaça! Bom nível, abraços!",1,0.8924356698989868,0.1075642853975296,
"mais um crime,  como fica? Brasil além de não ter governo não tem leis?","copiem e colem se um bot do bolsonaro vem com aquele video da globo defendendo a cloroquina em 2016  ""O Zika Virus não era um Coronavirus, e eles só estavam fazendo experimentos pra ver se funcionava""",0,0.8935782313346863,0.10642173886299133,
Pode usar cloroquina pra tratar ejaculação precoce?,"""A indignação retórica se transformou numa espécie de cloroquina política. Não vai conter o avanço da pandemia autoritária.""",0,0.8950070738792419,0.10499285161495209,
"Pela ignorância do povo, chegaram em um ponto de achar que a cloroquina serve como vacina, tem noção? Amorzinho se a cloroquina fosse a cura (que no caso ela estabiliza a doença,não deixa o paciente imune, você pode se contaminar denovo), não haveria mais pessoas com Covid-19.",Outro militar escolhido pelo presidente celebrou quando Donald Trump disse estar tomando cloroquina,0,0.8952050805091858,0.10479490458965302,
"Cloroquina no tratamento da Covid-19 é “perigoso” e “carece de evidência científica”, dizem infectologistas","STF, POR FAVOR, O PROTOCOLO DA CLOROQUINA, NÃO TEM ASSINATURA DE NENHUM MÉDICO. É UM PANFLETO.",0,0.8960787653923035,0.10392123460769653,
A parte ruim de ser bloqueado pelo presidente é que você não pode xingar ele defendendo a cloroquina,Olha como a cloroquina deixa as pessoas,0,0.8971068263053894,0.10289318859577179,
"""Especialistas"", burocratas, jornavírus, democratas de retroescavadeira nunca se preocuparam em exigir comprovação científica irrefutável de eficácia terapêutica da maconha para tratar qualquer doença. Entretanto, não se cansam de propagar supostos benefícios da erva.","Se lá atrás as grávidas podiam tomar Cloroquina, por que agora não? E aí  Ministros do STF?  São reportagem da rede globo, quando eram mamateiros, agora eles falam que não pode, qual é à diferença do antes e o depois?",2,0.8997699022293091,0.10023008286952972,
"Ele me responde com ""mas vc tbm não pode afirmar que faz mal"". Eu perguntei se ele aconselha utilizar a cloroquina para tratamento. Ele disse ""não aconselho, mas tbm não acho que seja maléfica"". Eu: ""então, vamos de roleta-russa? Pode dá certo com um e o outro q se lasque?""","Se fosse em outro país, um presidente como Bolsonaro já estaria fora do poder a muito tempo. Aqui ninguém faz nada, estamos morrendo à míngua, com os tiros de praxe, doenças do cotidiano, de covid-19 e em breve com os efeitos colaterais da cloroquina.",0,0.9038402438163757,0.09615981578826904,
"""Nós não faremos a distribuição e nem aplicação generalizada da cloroquina, porque a ciência não recomenda"", disse o governador de São Paulo, João Doria.","Vai ficar pra história!! Vai ser lembrado pelo povo de São Paulo pra sempre!! Tirando a chance de vida de pessoas... Parabens a quem pariu essa aberração! Bolsonaro fazendo a sua parte, não queira jogar no seu colo!!",2,0.905163586139679,0.09483639895915985,
"Em terra de cego, cloroquina cura tudo","Do jeito que eles estão querendo obrigar o uso da cloroquina mesmo sem respaldo científico algum, já avisei minha família que caso eu fique doente não é para deixar me darem esse remédio de jeito maneira. Recomendo vocês a fazerem o mesmo.",0,0.9055580496788025,0.0944419801235199,
"O próprio governo admite que a cloroquina não tem comprovação científica KKKKKKKKKKKKKKKKKKKKKKKKKKKKKKKKKKKKKKKKKKKKKKKKKKK  Mas fazer o que, eles tem que se livrar dos 2,2 milhões de comprimidos que o exército fabricou",Cloroquina: protocolo autoriza a compra na farmácia? Veja o que muda.,0,0.9068906307220459,0.09310939162969589,
"Vence o princípio da equidade! Enquanto grande parte da rede privada tratava, com sucessos, seus pacientes com os medicamentos a base de cloroquina desde o início dos sintomas, somente os pacientes graves do SUS tinham acesso ao tratamento.","Me respondam, se a Cloroquina ou Hidroxicloroquina é boa para o tratamento de CORONAVÍUS, porque o paciente tem que assinar um termo de responsabilidade para receber esse medicamento?",1,0.9069530367851257,0.09304696321487427,
"""Nós não faremos a distribuição e nem aplicação generalizada da cloroquina, porque a ciência não recomenda"", disse o governador de São Paulo, João Doria.","Só o Dr David Uip que pôde tomar e ficar ótimo, mas, ele nao está no Ministério no momento, será que o fato de ter tomado e ter sido curado desagradou o Sr e sua equipe?",2,0.9124288558959961,0.08757111430168152,
Sério ...,"Bula da Cloroquina já é de conhecimento público, que não conhece pode se informar facilmente. Como ele mudaria isso? E se mudasse seria um grande tiro no pé.",1,0.9131045937538147,0.08689539134502411,
"Quem é de direita toma Cloroquina.  Quem é de esquerda toma Tubaína Quem é de centro toma no ""centro"" Infelizmente,  todos tomarão no cu #ForaBolsonaro  #ForaBol卐onaro  #ForaBolsonaroGenocida    #auxiliomergencial  #Elite  #Covid_19  #coronavirus  #QuartaDetremuraSDV",Pq q bolsonaro tá insistindo tanto nesse carai de cloroquina??? Desgraça de homem!!!!,0,0.9133431315422058,0.08665686100721359,
"Lula, nem todos puderam entender esta metáfora, mas eu entendi perfeitamente. A ruindade de certos políticos supera a letalidade da cloroquina.",O PT entrou no STF para barrar o protocolo da cloroquina. Se o tribunal decidir em favor do partido que fez o mensalão e o petrolão estará passando de todos os limites. Isto é inaceitável. O Artigo 142 da Constituição deve ser acionado para reestabelecer a porra da ORDEM.,0,0.9141479134559631,0.08585204929113388,
Guias politicamente incorretos de História,"Sou farmacêutica, então pode ser a cloroquina mesmo.",1,0.9146389961242676,0.08536093682050705,
Ao menos oito Estados não devem aderir a uso generalizado de cloroquina,"Mas o presidente já disse, quem n quiser tomar Cloroquina, toma tubaina. Que parte Vc n entendeu Estadão? Vivemos uma democracia, vc tem liberdade de escolha.",1,0.9155129194259644,0.08448707312345505,
Qual é a cloroquina da sua profissão?,"A maioria dos profissionais  (Digo isso pras duas, a que já tenho e a que estou estudando pra ter)",2,0.9165164232254028,0.08348355442285538,
"Meu medo é a diretoria recuar e começar a tb surgir pichador a favor do presidente e chegar no muro da gavea com frases como ""cloroquina salva"" ""n foi covid, foi pneu estourando"" e ""se eu gostasse de ficar em casa, torceria pro Botafogo, diretoria esquerdalha""",Gente o Bolsonaro tá drogado de cloroquina e o lula bebado daqui a pouco o Aécio brota aqui,0,0.9166339635848999,0.08336596190929413,
"- Dias difíceis. Lamentamos os que nos deixaram. - Hoje teremos novo protocolo sobre a Cloroquina pelo  .  - Uma esperança, como relatado por muitos que a usaram. - Que Deus abençoe o nosso Brasil.",Sairemos mais fortes e unidos dessa...,2,0.9177315831184387,0.08226841688156128,
"ESQUERDA: ""O indivíduo tem o direito de usar maconha medicinal, substância com riscos e sem eficácia comprovada.""  DIREITA: ""Absurdo!""  DIREITA: ""Uma pessoa tem o direito de usar cloroquina, substância com riscos e sem eficácia comprovada.""  ESQUERDA: ""Absurdo!""   Decidam-se.",Tem uma grande diferença aí que a esquerda não consegue entender. O cloroquina é um medicamento legal. A maconha não é medicamento e muito menos legalizada. Comparação bem infeliz.,1,0.9201990365982056,0.07980099320411682,
"#Debate360 sobre a pandemia no Brasil, a cloroquina é a critério médico, não devia tá nessa guerra ideológica, nem fzr parte de protocolo panfletário, milhares já estão tomando em todo o Brasil pra covid19; propaganda pra não enfrentar e esquivar de responsabilidades",Cloroquina. Não se desespere!  Em todas as profissões há discussões entre aqueles que as exercem. Advogados debatem sobre qual estratégia de ataque/defesa é melhor em determinado caso.…,0,0.9202565550804138,0.07974346727132797,
Desenvolvendo minha própria cloroquina líquida para pingar no nariz,eai bolsominions já tomaram a sua cloroquina hj?,0,0.9215961694717407,0.07840386778116226,
"Cheira mais pó que um aspirador, mas está preocupado com os efeitos colaterais da Cloroquina.",RESOLVIDO O PROBLEMA DELES VAMOS PROVIDENCIAR CLOROQUINA EM PÓ. REALMENTE ELES/ELAS TEM RA,1,0.9224888682365417,0.07751116156578064,
"O presidente da República queria um médico que permitisse o uso da cloroquina. Dois médicos, que têm compromisso com a medicina, se recusaram assinar e foram embora.  Aí entra um general qualquer e libera a cloroquina, botando na conta do paciente o risco. Assim é este governo.","Bem vindo ao Brasil, aqui cheirador de pó reclama de um possível efeito colateral da cloroquina.  Os jornalistas falam p ouvir a ciência, mas quando dizemos que so existe 2 gêneros eles esbravejam.  HIPOCRISIA A GENTE VER POR AQUI.",1,0.9232051968574524,0.07679480314254761,
"Orgulho: Manda na PF. Ministro da saúde militar não médico (viva cloroquina), bora vê futebol no intervalo enterros centenas de mortos.Bora voltar a trabalhar pq a ""rachadinha"" e as "" fake news""ñ podem parar. Bora cloroquina goela abaixo q os salários dos poderosos ñ pode atrasar","Assina termo, isso e aquilo... vc que se foda.  A real é que Bolsonaro só conseguirá matar bolsonaristas com esse papo de cloroquina.  Pq não deixar?!  #CloroquinaXTubaina",0,0.9233571290969849,0.07664293050765991,
E é um erro grave afirmar que os efeitos colaterais da Cloroquina são leves. Cegueira é leve? Arritmia cardíaca é leve? Esse sujeito não vai terminar o mandato.,"Os médicos dizem que a Cloroquina, para o coração!",1,0.9235218167304993,0.07647822797298431,
"Se esse fator foi preponderante, mais uma vez o governo Bolsonaro rejeita o que a ciência pode oferecer em nome do seu Racionalismo na política. A cloroquina é “The magic solution” para um problema complexo, como aponta Oakeshott.","É PAULISTAS.....VCS TÃO FUDIDOS COM ESTE BANDIDO  DESGOVERNADOR São Paulo não mudará uso da cloroquina, diz Doria - RENOVA Mídia  via",0,0.9245476126670837,0.07545243203639984,
"“Além dos graves efeitos colaterais da cloroquina e da ausência de comprovação de sua eficácia no tratamento da covid-19, o novo protocolo não contribuiria para solucionar os problemas principais (...) por ex., a falta de respiradores, leitos e testes.”","MANO KKKK. Eu to com alergia a bolsominion. Segunda vez q papai vem falar mrd de cloroquina, isolamento social e bolsonaro e eu fico com alergia",0,0.9249470233917236,0.07505304366350174,
"Pessoal q votou no ""Amoedo e anulou no 2o turno"" e ao eleitor tradicional do Bolsonaro, a recomendação do Mito é tomar 6 comprimidos de cloroquina/dia. Um ao acordar, um antes do café,  um antes do almoço, antes da janta, antes do banho e quando for dormir. Garanta sua imunidade.",se o lucas tivesse ganhado a eleição de diretor da escola ele ia dar cloroquina na merenda dps da quarentena,0,0.9253166317939758,0.07468340545892715,
"Caso você contraísse a covid-19, aceitaria tomar cloroquina mesmo ciente dos efeitos colaterais, como arritmia cardíaca?",Cloroquina é um embuste! Da uma falsa segurança ao povo que está absolutamente perdido pela falta de políticas e ações contundentes do Ministério da Saúde.,0,0.9265612363815308,0.07343877851963043,
REGINA SAIU.   CLOROQUINA ENTROU.  Deus acima de todos.,Que jornalista ridícula q virou. Essa na hora H vai cega na Cloroquina.,1,0.9266532063484192,0.07334677875041962,
"O Governo usa o CLAMOR POPULAR para liberar a cloroquina mesmo sem a conclusão de eficácia (um Band-Aid). Estamos também há dois anos num CLAMOR POPULAR para que o presidente renuncie, por que ele não ouve?","Mas que inferno, pra que tanto insistem nessa merda de cloroquina",0,0.9274366497993469,0.07256331294775009,
"""Nenhum estudo observacional publicado sugeriu claro benefício. Pelo contrário, vários indicaram potenciais malefícios"", dizem pesquisadores da Fiocruz, USP, UFRJ, UEA e Academia Nacional de Medicina sobre a cloroquina.","A diretora de saúde de Portugal discorda ,apresentando dados REAIS",1,0.9280685186386108,0.07193150371313095,
"Cloroquina é um belo exemplo de culto à carga. Nada inesperado, considerando os países de origem.","#GRANDEDEBATE falam dos efeitos colaterais da cloroquina, mas e o anticoncepcional tomado direto que tb pode causar trombose etc e o relaxante muscular que toman sem receita e tem diversos efeitos? E muitos outros medicamentos...",0,0.9281424283981323,0.07185756415128708,
"Quem é de direita toma cloroquina, quem é de esquerda tubaína  #FechadoComBolsonaro","Com a manutenção dessa dose tão alta de cloroquina, serão reportados muitos efeitos colaterais,  e em pouco tempo tanto a cloroquina como a hidroxicloroquina terão o uso proibido para tratar covid-19.",0,0.928596556186676,0.07140342146158218,
"ficou complicado para a esquerda kkkkk , se pegar covid , e for curado pela cloroquina , vai afirmar que o Bolsonaro está certo !  se ele não tomar é mesmo assim ficar curado , vai confirmar que o presidente estava certo , somente uma gripe ! mais se ele não tomar é infelizmente",se o protocolo da cloroquina mudou por 'clamor da sociedade' pq q não muda o presidente tambem,0,0.92902672290802,0.07097321003675461,
"Seleção é Cloroquina, Neymar e mais 9, diz ex-Flamengo","Te vi postando falando que a cloroquina não tem efeito, pegou covid e está na fila da farmácia de manipulação. Boa sorte.",0,0.9310389757156372,0.06896106153726578,
Vcs tb estão desconfiados desse interesse louko do Bozo em usar Cloroquina ?  Aí tem !,"Quem diria, Mayra Pinheiro. Do PSDB e oposição do Camilo Santana no Ceará, a atual secretária do Ministério da Saúde jogou sua credibilidade médica no lixo da história ao apoiar Bolsonaro nessa loucura da cloroquina",0,0.9311882853507996,0.06881169974803925,
Entidades médicas vão à Justiça contra o uso da cloroquina para tratar Covid-19 – 20/05/2020 – Equilíbrio e Saúde – Folha,"BEBE TANTO ATÉ ADQUIRIR CIRROSE, FUMA UMA VIDA TODA ATÉ ADQUIRIR ENFISEMA, USA DROGAS ATÉ TER OVERDOSE. MAS MORRE DE MEDO EFEITOS COLATERAIS DA CLOROQUINA. NA VERDADE O MEDO E DE TER QUE AGRADECER AO BOLSONARO POR SALVAR SUA VIDA. MEDÍOCRE!",0,0.9317353367805481,0.06826469302177429,
Novo protocolo da Saúde que libera cloroquina não tem assinatura de nenhum responsável médico,"Como se isso importasse alguma coisa diante do genocida que governa esse país, né? rs",2,0.9318107962608337,0.06818916648626328,
"perguntei pra moça da pizzaria se a cloroquina vinha de brinde e ela: ""Deus livre kkkk não vai não moça""   kkkkk amo","Não vale a pena arriscar, porque, além de não ser comprovado, o remédio traz inúmeros efeitos colaterais. Então pra que o uso de cloroquina se não é eficaz? É jogar dinheiro fora.",0,0.9321649074554443,0.06783512979745865,
"tem brasileiro que me dá nojo. parece que o presidente é jesus, o que ele falou ta falado. povo burro, mal informado, preguiçoso, acredita em fake news. enfia cloroquina pelo rabo e finge que é supositório, mas para de querer obrigar todo ser humano a aceitar está merda.","vou mandar uma caixa de cloroquina pra casa dessa muié, oh aperto de mente",0,0.9322977066040039,0.0677022784948349,
Vou te contar um segredo a cloroquina é um medicamento entao é usada pra varias coisas.... Usar a cloroquina contra o covid é como tomar neosaldina quando da dor de cabeça: pode resolver como não pode,50 estudos científicos que comprovam a eficácia da cloroquina.,1,0.9331949353218079,0.06680501252412796,
ai sabe de uma coisa? quer usar cloroquina? usa mano enche seu corpo disso e para da reclamar da vida porra,Secretária cita 'clamor' da população e necessidade de resposta para justificar liberação da cloroquina em casos leves.   Liberem o crack também. Há clamor — e muitos — dos cracudos.   Que boçal.,0,0.9343383312225342,0.06566165387630463,
Deputado do PSL morto por Covid-19 usou cloroquina,"Seleção natural, te amo.",2,0.9346416592597961,0.06535835564136505,
ENTENDA PORQUÊ O PRESIDENTE DA REPÚBLICA FAZ TANTA QUESTÃO DO USO DA CLOROQUINA  - Leia a Tread,"Pouco menos de 2 meses atrás, nosso presidente virou garoto-propaganda da cloroquina, como se fosse a cura para a Covid-19. Para garantir uma quantidade de remédio suficiente para o país, botou o Exército para produzir a droga:",1,0.9347295761108398,0.06527041643857956,
"Cloroquina lembra Anemokol, que enganou muito nos anos 80 em Pernambuco. Era xarope, mas “curava tudo”, de anemia a impotência. Cloroquina é remédio para lúpus e malária mas p/ Covid19 é leite de cobra. Anemokol era pop e nenhum governo mandava consumir.","Cloroquina é famosa ""garrafada"", que levanta até morto.",1,0.934820294380188,0.0651797354221344,
Cloroquina receitada para malária nunca foi contratada e nem acusada de matar ...serve para malária e não serve para o Covid?!,"Minha mãe teve malária e tomou cloroquina. Grávidas na época da zica tomavam cloroquina... mas foi só o Bolsonaro, acertadamente recomendar, que agora é necessário receita médica para comprar! #BolsonaroTemRazao #FechadoComBolsonaroAte2026",2,0.9352054595947266,0.06479445844888687,
"Caro hj em dia cadastrar um  e colocar um nome impactante todo mundo faz As publicaçoes serias a comunidade científica e o sistema de saude da Espanha , reconhecidamente um dos melhores da Europa NAO UTILIZOU/RECOMENDOU cloroquina O lockdown foi a decisao",E deu bem errado. Deveriam ter testado a Cloroquina.,1,0.9354608058929443,0.06453925371170044,
Dória anuncia que seu estado não vai aderir ao uso da cloroquina. Será que ele entende que seu projeto está dando certo? Que tem morrido poucas pessoas em São Paulo? É isso?,"Sobre o protocolo da Cloroquina, se quiser pode tomar, se não quiser tomar não toma. Acabou a discussão. Próxima polêmica por favor.",0,0.9364116787910461,0.06358832865953445,
"Minha tia foi diagnosticada com covid 19 fazem 2 semanas, foi internada no Hospital das Clínicas (AMIL) em Jacarepaguá RJ, com pneumonia nos dois pulmões. Precisou de oxigênio, não o respirador mecânico. Foi salva usando CLOROQUINA. Por quê o MS não libera esta MERDA no SUS?!",a música da cloroquina lá do sus não sai da minha cabeça,0,0.9366002678871155,0.06339968740940094,
Bolsonaro admite que não há comprovação científica de eficácia da cloroquina contra a covid-19 (via ),O cara contesta a tese que ele mesmo criou. O presidente do maior país da América do Sul é completamente LOUCO! Quem o segue então...,2,0.9372584223747253,0.06274160742759705,
Então o mito empurrou a narrativa de que não podia tomar cloroquina e na verdade seu novo protocolo não mudou praticamente nada no uso que já era permitido com termo de responsabilidade?!,Sobre Corona/Cloroquina: são muitas informações e a maioria delas eu não sou capaz de julgar se tá certo ou errado. Não entendo nada sobre o assunto e creio que a maioria das pessoas que tem opinião formada também não entende nada. No fim das contas você escolhe em que acreditar.,0,0.9375351667404175,0.06246482953429222,
"Tratamento com cloroquina, precisa investigar os aplicadores, antes de receber o tratamento. Imagina um médico esquerdista comunista defensor de bandidos, contra o Bolsonaro, receitar esse medicamento, como acontreceu em Manaus.",algum homem pra passar um cafe com cloroquina pra mim,0,0.937801718711853,0.06219831854104996,
não acredito que tem jornalista bolsominion culpando O CARNAVAL pelas mortes de COVID-19 e defendendo o uso de cloroquina. Alô,nem tubaína/  nem cloroquina/  copaíba,0,0.9384363293647766,0.061563730239868164,
Protocolo que libera cloroquina para pacientes com sintomas leves acaba de ser liberado pelo Ministério da Saúde.,"Pronto!!! Era só isso que queríamos.  e   BRASIL ACIMA DE TUDO, DEUS ACIMA DE TODOS",2,0.9396424293518066,0.06035757064819336,
2 cápsulas de cloroquina em 300 ml de conhaque,pena que não tenho cloroquina,1,0.9401533007621765,0.05984672158956528,
Aí gente enfia essa cloroquina no c* inferno!!!!!!,"Que Cloroquina nada, eu quero o Rivotril litrão.",0,0.9402456283569336,0.0597543902695179,
"Falo diariamente com uma fornecedora minha NO Acre, ela me explicou que lá eles tomam chá de Quina-quina como Se fosse café,. Essa planta q deu origem a cloroquina.","Falei com ela ontem, ela está no 14dia do covid_19 , outra coisa q ela me disse todos tem cloroquina em casa porque todo mundo já pegou malária nas casas . Ela viaja muito , é uma pesquisadora",1,0.9407574534416199,0.059242527931928635,
Reitero que vou de TUBAÍNA!!,daqui a pouco bolsonaro vai da uma de vargas e queima td estoque de cloroquina do brasil kkkkkkkk,0,0.9411442875862122,0.05885568633675575,
"A direita toma cloroquina, e o povo toma na bunda. #BolsonaroGenocida","O protocolo para a distribuição em massa não explicita os critérios para a orientação de uso de uma medicação que ainda não foi comprovada a garantia de eficácia, que apresenta reações adversas claras e possui estudos em uso precoce ainda não definidos.",0,0.9416048526763916,0.0583951510488987,
Não tenho o que falar.,será que cloroquina dá panca,0,0.9417158365249634,0.05828413367271423,
"Bolsonaristas criam 'corrente do bem' e se medicam com cloroquina, azitromicina e antipulgas","Corrente bem burra, por sinal",2,0.9421504735946655,0.05784955993294716,
"#cnnnovodia Pesquisa da CNN Mostra que 90.000 Pessoas Tomaram Cloroquina em Janeiro, e o Que Parece Não Houve Nenhuma Morte, Pelo Medicamento.",Chega ser vergonhoso a atitude marginal desse indivíduo. Tenho pena de seus seguidores insanos.,0,0.9424709677696228,0.05752899497747421,
"O Brasil ganhou mais uma esperança no tratamento do #coronavírus. O  adotou um novo protocolo para receita da cloroquina/hidroxicloroquina. O medicamento, que já é adotado em diversas partes do mundo, é considerado o mais promissor no combate à Covid-19. Entenda:",A incompetência meu pai,2,0.942631721496582,0.057368215173482895,
Deputado do PSL morto por Covid-19 usou cloroquina,E aqui em Blumenau todos que foram tratados com Cloroquina convalesceram. E agora Patrícia???,1,0.942809522151947,0.05719045177102089,
"Depois de contrair Coronavírus em casa, durante o isolamento, Claudia Raia diz: ""A coisa que eu mais pensei nesse momento é que esse vírus está em todos os lugares. Todo mundo vai pegar. É uma tristeza, mas é verdade"". e ela complementa. "" ESTOU TOMANDO CLOROQUINA"".","Eis o atestado de visão doentia do bolsonarismo: se estamos “em guerra”, apenas um Comandante inapto expõe sua tropa a risco incalculável. Ainda bem que não estamos “em Guerra”...",0,0.9439888596534729,0.05601108819246292,
Aumento do uso de cloroquina vai sim diminuir o número de mortes por Covid.  Afinal vai morrer uma galera por causa da cloroquina.,"Cloroquina, PF, aglomeração, BBBrasília…   Esses assuntos devem surgir, no 1º seminário da Pós-graduação em Ciências Sociais, sobre “O Brasil na encruzilhada: crise política em meio à pandemia"".   Nesta sexta, 22, 17h30:",0,0.9443259835243225,0.05567405745387077,
VAZOU! CHI-NA ESTÁ USANDO CLOROQUINA  via,"ENQUANTO a gente fica discutindo CLOROQUINA, NENHUM DE NÓS está exigindo do Governo federal o que realmente poderia nos salvar!  Paralisação geral (lockdown),  EPI,  UTI,  leitos,  testes,  crédito para empresas pagarem seus empregados,  além do FORA BOLSONARO!  Percebem?",0,0.9452047348022461,0.05479520559310913,
"ACABEI DE LER QUE A SUÉCIA PROIBIU O USO DA CLOROQUINA EM PACIENTES COM COVID.   FICO MUITO TRISTE PELA POPULAÇÃO QUE TEM QUE VIVER NESTES PAÍSES MAIS ATRASADOS. POR SORTE, AQUI TEMOS UM PRESIDENTE QUE ZELA POR NÓS. SE ELE DIZ QUE CLOROQUINA CURA, ENTÃO ELA CURA. E FIM DE PAPO!",meua migo,2,0.945460319519043,0.05453964322805405,
Ministério da Saúde inclui cloroquina em tratamento de casos leves da Covid-19,"Quem vier falar de cloroquina para mim, o que eu tiver nas mãos,  a pessoa vai engolir. VTNC viu",0,0.9457104802131653,0.05428953468799591,
Obrigado,Foi mal aí. Eu avisei que ia disparar se eu fizesse muita merda. Acabou que a cloroquina me deu muita caganeira...,1,0.9463623762130737,0.05363761633634567,
Uma pergunta para você Claudio. No caso de você testar positivo para COVID-19 irá fazer uso da Cloroquina e Hidroxicloroquina? Gostaria de saber sua resposta. Perguntei para uma jornalista da GloboNews e até o momento não me respondeu. Sobre Mandetta logo vai chegar a hora dele.,Será ao modo David UIP. Negando até a morte depois de ter tomado um suco de cloroquina.,1,0.9466136693954468,0.0533863864839077,
"Calma gente, o protocolo do ministério da saúde de cloroquina não está em superdosagem e nem sequer chega perto da dose do estudo do Amazonas Tá um pouco maior pq as cápsulas são de 150mg, então são necessárias 3 pra chegar o mais próximo de 400mg e acaba passando um pouco","Todos atrás da cloroquina   Hidroxicloroquina   Reino Unido compra 16 milhões de cápsulas de HCQ como medicamento para possível tratamento da Covid-19   O contrato, aberto em 15 de maio, é uma ""oportunidade aberta"" para fornecedores.",1,0.9479625821113586,0.052037373185157776,
Cloroquina assim como a Quimioterapia tem efeitos colaterais. Ambas são usadas na tentativa de salvar vidas. Parabéns pela iniciativa presidente.,IMD anuncia que vai por cloroquina nos bebedouros e vai vacinar todos os alunos para retomada das aulas,0,0.9479709267616272,0.052029047161340714,
Militar nomeado no SUS publicou fake news sobre cloroquina e ofendeu OMS,Em 2016 a Rede Globo defendia a Cloroquina.,1,0.9485318660736084,0.05146809667348862,
Nao tome cloroquina. Tome o que o UOL mandar vc tomar. Simples.,"Cientistas estes que desenvolveu a Cloroquina para tratar Ou por, Malária, afirmam que não serve para Covid, mas os eleitores do Bolsonaro prefere acreditar em um cara que nem cientista é. O mais engraçado que eles renegam os cientistas mas acredita em um não cientista.",1,0.9488121867179871,0.051187776029109955,
aguardando até alguém descobrir por que raios os bolsonauros tão fazendo propaganda de cloroquina,Vontade de pegar a cloroquina e enfiar no cu do presidente ne minha filha..,0,0.9491267204284668,0.05087324604392052,
Qual é a cloroquina da sua profissão?,o playboy que acha q se veste bem e por isso DEVE começar uma marca de street ft. a blogueira de moda,2,0.9491425156593323,0.05085750296711922,
"Segundo consenso da Assoc. Medicina Intensivista, Sociedade BR Infectologia e Sociedade BR Pneumologia, avaliando estudos publicados no Brasil e no mundo, a cloroquina tem se mostrado ineficiente no tratamento da Covid-19. Ou seja: Tomar cloroquina é o mesmo que tomar... TUBAÍNA!",Segue a prova baseado em estudos,2,0.9496237635612488,0.05037626996636391,
"Cloroquina pode até não restaurar a saúde de todos, mas com certeza contribui para melhoria da maioria dos pacientes com Covid-19. Há centenas de relatos a respeito.","Com Covid-19, Sikêra Jr. enaltece cloroquina e ataca ""esquerda""",0,0.9497518539428711,0.050248194485902786,
"Sim, eu contraí a covid19. Meu médico clorominion receitou a cloroquina. Óbvio que não tomei. Me receitei pastilha Valda para a tosse, sorine pro nariz entupido e PS4 pra passar o tempo. Resultado: estou novo.",OMS reforça riscos de cloroquina e recomenda uso apenas em ensaios clínicos,0,0.949822723865509,0.05017726123332977,
Qual é a cloroquina da sua profissão?,"Ex-profissão: o bater de asas de uma borboleta na Austrália pode causar um furacão no Brasil  (NÃO MONSTRO! Sistemas dinâmicos são caótico, imprevisíveis, mas há a escala, algo pra lá de micro não vai influenciar no macro, ao menos não UMA borboleta, se ainda fossem trilhões...)",2,0.9499040246009827,0.05009603500366211,
"O documento que “legaliza a cloroquina” do ministério da saúde não é um PCDT, uma diretriz técnica. Tem apenas poder POLÍTICO. Portanto, não obriga nem deve orientar nenhum médico para cumprir a sandice de Bolsonaro com o droga.","Oficialmente, afirmou q ñ há comprovação, mas, n valas sujas d Facebook e Whatsapp, continua a desinformação. Vai tentar se apropriar d resultados d ações d governadores e prefeitos e colocá-los c/ vilões. Falará que foi a cloroquina e q prejudicaram a economia s/ necessidadde +",1,0.949977695941925,0.050022292882204056,
Qual é a cloroquina da sua profissão?,Vai fazendo depois mando o briefing.,2,0.9500982165336609,0.04990176856517792,
"""A ideia que eles tinham era de alterar a bula do medicamento na Anvisa, colocando na bula indicação para covid-19"", afirmou Mandetta.","mais de mil mortos por dia, o presidente rindo da cara do povo e querendo enfiar cloroquina no cu de todo mundo mas naaaao pq o LULA",0,0.9501234889030457,0.04987654834985733,
"ESQUERDA: ""O indivíduo tem o direito de usar maconha medicinal, substância com riscos e sem eficácia comprovada.""  DIREITA: ""Absurdo!""  DIREITA: ""Uma pessoa tem o direito de usar cloroquina, substância com riscos e sem eficácia comprovada.""  ESQUERDA: ""Absurdo!""   Decidam-se.","Acho que não existe ""maconha medicinal""...rsrsrs... cloroquina é um remédio. Não há comparação possível...",1,0.9503244757652283,0.04967551678419113,
- Bolsonaro: Cloroquina ou Tubaína hahahaha - Lula: O Corona veio em boa hora! - Moro: Corona não é piada nem algo positivo. Solidariedade às famílias.  Façam suas escolhas...,Eu se precisar farei uso da cloroquina. Vc e o Moro TNC mesmo.,1,0.9503299593925476,0.049670081585645676,
A CHI-NA ESTÁ USANDO CLOROQUINA PREVENTIVAMENTE  via @,"Dêem por favor.  Enquete:  Pegar um número de celular de um bolsominion e publicar nas redes sociais oferecendo CLOROQUINA GRATUITA, você vai:",0,0.9505656957626343,0.049434345215559006,
"Bolsonaristas criam 'corrente do bem' e se medicam com cloroquina, azitromicina e antipulgas... isso aí: ANTIPULGAS!",Enche a cara de cloroquina e fala merda,0,0.9506434202194214,0.04935653507709503,
OMS: hidroxicloroquina ou cloroquina até agora não se mostraram eficazes,"Mais cloroquina, menos covas. O coquetel hidroxicloroquina, arizotrimicina, zinco vai salvar vidas sim.  A OMS é genocida, responsável por omissão pelo contágio comunitário mundial do vírus chinês. Nem máscaras ela queria que usássemos. Não dá para confiar  #BrasilComBolsonaro",1,0.9507585167884827,0.04924150928854942,
"Termo de consentimento da cloroquina ""Compreendi, portanto,q n existe garantia de resultados positivos, e q o medicamento proposto pode inclusive agravar minha condição clínica, pois não há estudos.""  Sinceramente prefiro a Tubaína.","Continua:""Estou ciente de q o tratamento c cloroquina ou hidroxi pode causar os efeitos colaterais descritos acima (...) os quais podem levar à disfunção grave de órgãos (...)à incapacidade temporária ou permanente, e até ao óbito"". O nome correto disso é roleta russa",1,0.9509145617485046,0.049085408449172974,
Fiquei sabendo que Dória só apóia Cloroquina se for supositório extra GG. Kkkkkkkkkkkkkkkkkkkkkkkk,Aí não é cloroquina! É Piroquina!!!,1,0.9511615037918091,0.048838552087545395,
Que ironia do destino a Anvisa vai dar aval a cloroquina e hidroxicloroquina sem responsabilidade e assim faz valer uma medicação que pode matar mas para o extrato da maconha como medição foi uma comédia para liberar em prol da vida.,"Depois que ouvi a fala completa do  tenho que admitir que concordo com ele e com  . Eu jamais falaria o que Lula falou porque foi inocente politicamente e concordo com Bolsonaro que a direita tome cloroquina, se possível, a dosagem de Manaus.",0,0.9515528082847595,0.04844718053936958,
"Chioro diz que protocolo da cloroquina serve para sabotar o isolamento social. Ricardo Barros: ""Concordo que não há comprovação científica de que ela é eficaz, mas tbm não há comprovação de que não é"" #Debate360","Maior prova da hipocrisia e falta de caráter da esquerda e os q militam contra  é q qdo pegarem COVID-19 vão usar escondido a cloroquina pra se salvarem e aí daquele q quiser olhar o q foi prescrito e tomaram. Seu bando de alienados, egoístas, hipócritas do mal.",0,0.9533422589302063,0.0466577522456646,
1179 mortos nas últimas 24 horas e esse é o nível da live hoje.,vou botar q cloroquina no cu dele até sair pela boca e ele parar de falar merda,2,0.9536577463150024,0.046342283487319946,
"Planalto queria mudar bula da cloroquina, diz Mandetta","Como as pessoas não conseguem diferenciar uma doença de outra. Entender que o efeito de um remédio na doença x não é igual na y. Se já são doenças diferentes e que provocam alterações diferentes no corpo, usar o remédio da doença X para doença Y e ainda adicionar outro é",2,0.9540880918502808,0.04591183364391327,
"Uma fala enfática da pesquisadora Natália Pasternak, bióloga e doutora em microbiologia pela USP, mostra que a defesa da cloroquina precisa ser investigada  #Resistencia776Dias #TodosPeloImpeachment Siga nosso Instagram","Mandetta contou que o protocolo recomendando a droga é ""distante do razoável"" e ressaltou que a tentativa de alterar a bula aconteceria por um decreto assinado pelo presidente Jair Bolsonaro. #MeiaHora",0,0.9553486704826355,0.044651325792074203,
"Atendendo à determinação do presidente Jair Bolsonaro, o Ministério da Saúde autorizou a utilização da hidroxicloroquina também para alguns casos de pacientes com sintomas leves e moderados da infecção por #coronavírus.","liberado o protocolo, vamos ler  18,8 MIL TWETTS por um Brasil Melhor   Um Site Brasileiro, APOIEM  SIGO de Volta todos #BrasilComBolsonaro",2,0.9554521441459656,0.04454786702990532,
"Lula: ""Ainda bem que natureza criou o coronavírus"" Silêncio sepulcral da mídia pela torcida pelo vírus!  Jair: ""Quem é a da direta toma cloroquina, quem é da esquerda toma  tubaína""! Cai todo mundo de pau em cima do Presidente pela torcida de um remédio contra o vírus chinês!",Tá aí o que o presidente pensa  Tiririca para Ministro da Saúde já!,0,0.9555237293243408,0.044476233422756195,
"- Dias difíceis. Lamentamos os que nos deixaram. - Hoje teremos novo protocolo sobre a Cloroquina pelo  .  - Uma esperança, como relatado por muitos que a usaram. - Que Deus abençoe o nosso Brasil.",Amém Presidente!  Estamos sofrendo muito com essa pandemia e acreditamos no uso da cloroquina. #BrasilComBolsonaro,2,0.9564800262451172,0.043520014733076096,
Graças a DEUS a cloroquina foi libertada. Acabou para essrs canalias da esquerda,OMS: cloroquina não tem eficácia comprovada,0,0.9569939374923706,0.0430060550570488,
"Coronavírus: bolsonaristas apelam para cloroquina e antipulgas; remédios são distribuídos para apoiadores do presidente, e não existe nenhuma comprovação científica de eficácia contra covid-19  #coronavirusbrasil","Já vi rato de laboratórios, agora gado de laboratório? Esses seres da terra plana tem cada uma!!!",2,0.957156777381897,0.04284321144223213,
"""Me pediram para entrar numa sala e estavam lá um médico anestesista e uma médica imunologista. [...] E a ideia que eles tinham era de alterar a bula do medicamento na Anvisa, colocando na bula indicação para Covid”, afirmou Mandetta.","VELHO DO CÉU, VOCÊS TEM NOÇÃO DA GRAVIDADE DISSO AQUI?",2,0.9580301642417908,0.041969820857048035,
Qual é a cloroquina da sua profissão?,deixa que eu faço no canvas,2,0.9581098556518555,0.04189020395278931,
E só para a direita. para a esquerda o “afogamento” via torturadores,Mas qual é a dose certa de cloroquina se essa porra não tem efeito filho da puta do caralho!?,0,0.9581395983695984,0.041860394179821014,
Qual é a cloroquina da sua profissão?,ta na lei tem que obedecer,2,0.9583327770233154,0.04166719689965248,
Qual é a cloroquina da sua profissão?,privatização do saneamento básico,2,0.9588657021522522,0.04113432392477989,
Ah pronto que minha cabeça não para de doer... gente assim eu não aguento o fim da quarentena uai... é o olho que não para de doer agora a cabeça... alguém por favor me sirva uma cloroquina bem GELADA,Vem cloroquina,1,0.9588992595672607,0.04110073298215866,
Qual é a cloroquina da sua profissão?,meu sobrinho faz,2,0.9591246843338013,0.040875326842069626,
Vão lá deixar seu recado pra esse filho de uma puta,"Quero uma DECLARAÇÃO PÚBLICA E REGISTRADA de  e de TODOS os contrários ao uso precoce da HCL ou da cloroquina atestando Q Ñ QUEREM E Ñ PERMITEM TAIS MEDICAMENTOS caso sejam infectados pela gripe chinesa. Se ñ o fizerem, ficará provada a tentativa de omissão de socorro.",1,0.9601660966873169,0.03983396291732788,
Qual é a cloroquina da sua profissão?,Olhadinha,2,0.960262656211853,0.039737261831760406,
FINALMENTE  !! BOLSONARO DA XEQUE-MATE EM DORIA -ESTÁ LIBERADA A CLOROQUINA  vía,"Se a cloroquina é tão boa assim, pq se tem que assinar um termo de consentimento para seu uso?",0,0.9606683850288391,0.03933164104819298,
Ainda tem gente que acredita que existe chance de vitória ao processar alguém....,"ESSE fdp TOMOU CLOROQUINA,  mas o POVO HUMILDE MORRE,  NOS ESPIRADORES ASSASSINOS.",1,0.9607707858085632,0.03922918438911438,
Saúde ignora OMS e fala de 'clamor' por cloroquina #msnbrasil,"Vamos ao versinho da semana?  Pra direita, cloroquina; Pra esquerda, tubaina; Pro centrão, propina; E no avião do presidente? Cocaína.   Obrigado pela atenção!",0,0.9614555239677429,0.03854454308748245,
"Esquerda mete o pau na cloroquina, mas toma na hora do aperto.  Esquerda mete o pau no capitalismo, mas ganha dinheiro com ele e usufrui de todas as suas benesses.  Que nome damos a isto?","Quando a cloroquina foi usada para zika nunca falaram efeitos colaterais , o governo era outro. E a grana rolava solta",1,0.9615049958229065,0.03849496319890022,
"""Nós não faremos a distribuição e nem aplicação generalizada da cloroquina, porque a ciência não recomenda"", disse o governador de São Paulo, João Doria.","O  a poucos dias quando o secretário de saúde de sp Devid uip tomou, Doria disse que foi ele que indicou a cloroquina para o ministro da saúde liberar para o sus. Agora é contra",1,0.961642324924469,0.03835767135024071,
Cloroquina tem efeito colateral.. Disse o cheirador de pó.  Cloroquina mata disse a abortista Cloroquina nao tem comprovação científica disse os políticos  Cloroquina nao pode ser usada pq o  mito que falou nela. Enquanto isso tem gente morrendo sem ter a chance de escolher viver,Esse discurso deveria servir como uma lição importante para nós jornalistas: o uso indevido da palavra guerra,0,0.9616841077804565,0.038315873593091965,
"Antes a Globo “receitava” cloroquina até pra mulher grávida. Hoje dão a entender que é mais perigosa que o próprio coronavírus... POR QUE SERÁ, né? #TorcidaOrganizadaDoCoronavírus","Zé, esperamos que siga os passos do deputado Gil Viana! Cloroquina pros Bolsonaristas ja!!",1,0.9623322486877441,0.03766779229044914,
ENFERMEIRA É FLAGRADA DANDO A CLOROQUINA PARA O PACIENTE. ENTENDA:,Ta aí. Por isso estão achando o virus no esperma. Estão aplicando a cloroquina no canal errado.,1,0.9625554084777832,0.03744456171989441,
"USO DE CLOROQUINA AMPLIADA NO BRASIL  Ministério da Saúde amplia a possibilidade de uso do medicamento para casos leves de coronavírus. Não há, porém, evidência científica de que a droga tenha eficácia no tratamento. Siga o fio e veja o que muda    Gerard Julien/AFP",nossa senhora puta que pariu que desgraça,2,0.9627857804298401,0.037214238196611404,
Qual é a cloroquina da sua profissão?,"Posso brincar de ""Uni duni tê"" para escolhar uma hahah",2,0.9628503322601318,0.03714964911341667,
A obsessão do Jair com cloroquina vai além da crença num elixir que salvará geral. Insistir para que Mandetta mudasse a bula do medicamento e o indicasse como cura para Covid é um dos atos mais indefensáveis do excrementissimo. E olha que sao varios. Mas esse tem cheiro de fraude,Cloroquina é objeto de simbologia política e eleitoral.,1,0.9628700017929077,0.03713001683354378,
É extremamente irônico e contraditório ver psolistas falarem que a cloroquina faz mal à saúde (apesar de milhares de pessoas terem se recuperado após usar o medicamento) enquanto eles defendem a legalização de TODAS AS DROGAS.  Querem legalizar o crack e proibir a cloroquina!,Graças a Cloroquina sarei rapidamente..... #BrasilComBolsonaro,1,0.963028609752655,0.036971382796764374,
"#DEBATE360 a CNN apresentou programa sobre a Cloroquina e Anitta e outros, mostrando que existem estudos em laboratórios que identificaram eficácia no uso desses medicamentos. Não entendi.",Escândalo do Cloroquinão: Bolsonaro compra Cloroquina 6x mais cara sem l...  via,0,0.9630612134933472,0.03693873807787895,
"'Quem é de direita toma cloroquina, de esquerda, Tubaína', disse Bolsonaro, no dia em que o Brasil registrou 1.179 mortes por causa do coronavírus  #cidadania",E o resto do Brasil toma no cu mesmo,2,0.963151752948761,0.0368482731282711,
"Trump diz que deixará de tomar cloroquina em um ou dois dias Presidente disse usá-la como prevenção contra Covid-19, embora não haja evidências científicas",Vocês usariam a cloroquina?,0,0.963428795337677,0.03657124191522598,
só sei q estou “tomando” essa porra dê cloroquina e to melhorando e fodase,"Tanto remédio pra ser alérgico, poderia ser alérgico a cloroquina mas não, sou alérgico a dipirona. Obrigado universo",0,0.9636576175689697,0.036342401057481766,
"Dê Cloroquina pra ele, cura, não é?",Cloroquina tem nova indicação? Cura baleado também? A vontade de lacrar é maior que do que ler a notícia e saber o q aconteceu.,1,0.9636580944061279,0.036341965198516846,
"Entidades médicas já se posicionaram contra a medida e a OMS, quando questionada sobre a decisão do governo brasileiro, reafirmou que além de não ter eficácia comprovada, a cloroquina pode causar efeitos colaterais graves.","Conselho de Médicos do Rio Grande do Norte, aprovam protocolo...",1,0.963808000087738,0.03619199991226196,
Qual é a cloroquina da sua profissão?,“Por amor ao debate”,2,0.9639484286308289,0.036051563918590546,
Qual é a cloroquina da sua profissão?,"""não precisa preencher a ficha, pode retirar""",2,0.9641402363777161,0.03585980460047722,
Pro cabra tomar tem que assumir a culpa se morrer! Nossa o teu pai é um gênio mesmo. E o nome da fábrica de cloroquina não é de nenhum amigo da família não né?,Só isso explica essa obsessão estúpida pela Cloroquina.,1,0.9643051624298096,0.03569481149315834,
É extremamente irônico e contraditório ver psolistas falarem que a cloroquina faz mal à saúde (apesar de milhares de pessoas terem se recuperado após usar o medicamento) enquanto eles defendem a legalização de TODAS AS DROGAS.  Querem legalizar o crack e proibir a cloroquina!,"Defendo o uso da cloroquina como protocolo obrigatório para eleitores de Bolsonaro - como sugere o Presidente. Do jeito que a Covid galopa, vai ter uma”limpa” na esquerda ou na direita... Quem sobreviver, verá o eleito de 2022.  #ForaBolsonaro",1,0.9643169045448303,0.035683147609233856,
notícias para você: uso de cloroquina ampliado no brasil,Hoje o dia está lindo para tomar uma cloroquina  rs,0,0.9643523693084717,0.03564765676856041,
"Mesmo que quiséssemos, sabe quais são os problemas para prescrever Cloroquina COM SEGURANÇA em todo o país? Segue esse fio e acompanhe a história de Seu Jair, um paciente hipotético do mundo real. (Fio Hipotético tá? Não jogamos nossos Diplomas no lixo ainda não)","Concordo com a hipótese. Porém, Estudos com #Cloroquina usaram superdoses e são falhos porque superam a dose máxima segura de uso do fármaco. Faltam estudos com doses usuais, seguras para melhor avaliar efeito, benefício, risco e gerar evidências fortes para a decisão clínica.",1,0.9643942713737488,0.03560568764805794,
Militar nomeado no SUS publicou fake news sobre cloroquina e ofendeu OMS,Tem os requisitos pro cargo.,2,0.964401364326477,0.035598691552877426,
Deram cloroquina ... E morreu! Ué!!!  Deputado morto por Covid-19 usou cloroquina,Acha ruim a cloroquina? Não toma,0,0.9644683599472046,0.035531651228666306,
"Ah, então, segundo o grupo Globo, o motivo pra não se usar a cloroquina é porque ela “tem riscos!”  Façam o favor, pessoas estão morrendo!  Vocês já leram a bula da aspirina?",Uma grande orquestração da Grobo para queimar reputação. Hipocritas. Velho mecanismo da esquerda de desinformação,2,0.9649984240531921,0.035001516342163086,
"Uma criança dessa idade não deveria nem saber falar a palavra “cloroquina”, nem se envolver nesse tipo de briga política, os pais estão enlouquecendo",Não vou mencionar o fato de ser cloroquina ou cuscuz e eu sentir q foi uma afronta direta aos nordestinos,1,0.9650238752365112,0.034976113587617874,
"O Brasil ganhou mais uma esperança no tratamento do #coronavírus. O  adotou um novo protocolo para receita da cloroquina/hidroxicloroquina. O medicamento, que já é adotado em diversas partes do mundo, é considerado o mais promissor no combate à Covid-19. Entenda:",Isso é criminoso!!! Twitter deveria bloquear o perfil e apagar o post.,2,0.9652306437492371,0.034769345074892044,
"Protocolo para cloroquina é político, populista e ditatorial, dizem médicos  via",Exercício ilegal da Medicina.,2,0.965247392654419,0.03475264087319374,
"Bolsonaristas criam 'corrente do bem' e se medicam com cloroquina, azitromicina e antipulgas","Isso aqui é um caso de ""Siga em frente, acredite no seu potencial""",2,0.9653196930885315,0.03468029201030731,
Espia spoiler do último vídeo de  sobre o Capitão Cloroquina. Quem será o próximo “ministro”  de  ?,"Foi ela q tweetou (), mas o vídeo é muito bom!",2,0.9657292366027832,0.03427082300186157,
"No dia q o desgoverno  mudou o protocolo para recomendar cloroquina em casos leves, lamentamos a morte por coronavírus do dep. estadual Gil Vianna, do PSL do RJ, que usou o remédio, mas infelizmente não conseguiu se salvar. Não há provas que cloroquina cura Covid-19",Toma Tubaína e deixa a cloroquina pra quem quer #BrasilComBolsonaro,1,0.9657348990440369,0.03426507115364075,
Não é possível um troço desses????,"Fonte:    A partir do minuto 03:33. Eu tô estarrecida, com essa denúncia...",1,0.9658815860748291,0.034118399024009705,
"Acordei pulei 3 vezes, tomei banho de olho fechado, gritei meu nome embaixo da cama, fiz um café deixei esfriar e esquentei no microondas, xinguei de boca fechada e misturei cloroquina com água de chuva",Bolsonaro já autorizou publicação do novo protocolo sobre uso da cloroquina,0,0.9660524129867554,0.03394760936498642,
"Essa noite foi intensa... sonhei com fim do mundo, que tava com coronavírus e que tinha tomado uma bala de cloroquina","vamos adotar o protocolo da cloroquina autorizado pelo MS aqui no nosso município Prefeito para abrir o comércio, o povo tem pressa, o povo tem fome! #quemtemfometempressa",0,0.9666623473167419,0.03333763778209686,
"Luiz Henrique Mandetta contou à GloboNews que o Governo quis alterar bula da cloroquina. ""E a ideia que eles tinham era de alterar a bula do medicamento na Anvisa, colocando na bula indicação para Covid”",Meu deus que inferno de pais é este,2,0.9666906595230103,0.03330932930111885,
"Bolsonaro queria mudar a bula da cloroquina. Remédio, aliás, que ele fez o exército produzir aos montes mesmo sem nenhuma comprovação da eficácia. E assim o Brasil se afasta dos debates reais para sustentar as maracutais do presidente. Por isso: #TodosPeloImpeachment",Ministério diz que não poderia esperar cloroquina ter eficácia comprovada  SAÚDE NO BRASIL,0,0.9667372107505798,0.033262744545936584,
Então escuta o que os médicos estão dizendo sobre a cloroquina e pare de falar que é o Presidente receitando...,Eu pensei que fosse,1,0.9668293595314026,0.033170606940984726,
que vontade de injetar cloroquina no rabo do biroliro,"""A cloroquina tem efeitos colaterais"". Sério?  1) Todos os remédios têm. Os da cloroquina são conhecidos e os meios de gerencia-los tbm.  2) Os efeitos ""colaterais"" da UTI são enormes.  3) Respirador é um último, caro, sem garantia e danoso recurso quando nada mais funciona.",0,0.9668739438056946,0.0331261083483696,
"Achei q o vídeo do cuscuz não pudesse ficar mais irritante, daí veio cloroquina com cuscuz...","Acho que agora o Brasileiro aprendeu e nunca mais vai usar medicação sem receita médica, pois é perigoso, tem contra indicações....  Quanta hipocrisia em torno da Cloroquina!!!  #BolsonaroTemRazao",0,0.9669269919395447,0.03307298198342323,
Bolsonaro admite que não há comprovação científica de eficácia da cloroquina contra a covid-19 (via ),Tirando o dele da reta...#ForaBolsonaros,2,0.966962993144989,0.033037006855010986,
"O ""protocolo de utilização da cloroquina"" não tem poder de protocolo (diretrizes a serem adotadas por todas as unidades de saúde).  Bolsonaro criou uma armadilha para colocar mais uma vez  sua militância contra governadores e prefeitos. Assim desviando da responsabilidade. Gênio.",Pra quem ainda insiste... Pesquisadores divulgam documento contra a liberação do uso de cloroquina sem comprovação científica,0,0.9671760201454163,0.032823964953422546,
"Mandetta, na , comenta frase de Bolsonaro: em tempos de quem é de direita usa cloroquina, quem é de esquerda toma tubaína, “quem tem juízo escute a medicina”",Mas quem é doido toma a cloroquina vá lá,1,0.9672835469245911,0.03271646052598953,
"Esses tempos a gente vai descobrir se cloroquina salva ou mata.  E já são mais de 17 mil mortos, né?",Cloroquina é contestada por médicos no tratamento de pacientes para o coronavírus  #Noticia,0,0.967538595199585,0.03246143087744713,
Recolheram cloroquina das farmácias de todo país . O que fizeram ?,"Com a liberação do uso da cloroquina pro covid (com consciência de tamanha merda isso vai dar),o Ministério da Saúde( sem ministro) diz que não faltará o medicamento pra quem faz o uso regularmente. MENTIRA, minha vo tem artrite reumatóide e lúpus e NÃO  pode ficar sem o remédio",0,0.9676998853683472,0.03230012580752373,
Blog do Tidi: Governo inclui cloroquina em tratamento de casos l...,"Meus pais perguntando de Cloroquina:  ""Mas fulando qnd ficou internado usou e melhorou""  ""Vcs não são fulano""  #oclinhos",0,0.9678387641906738,0.032161202281713486,
"O Brasil ganhou mais uma esperança no tratamento do #coronavírus. O  adotou um novo protocolo para receita da cloroquina/hidroxicloroquina. O medicamento, que já é adotado em diversas partes do mundo, é considerado o mais promissor no combate à Covid-19. Entenda:",Fonte: as vozes da cabeça do presidente,2,0.9678860306739807,0.03211403265595436,
"Bolsonaristas criam 'corrente do bem' e se medicam com cloroquina, azitromicina e antipulgas",Vai lá que eu fico daqui te olhando,2,0.9679684042930603,0.03203154355287552,
"“Debate político sobre cloroquina é mais um erro de Bolsonaro. Se médicos não quiserem prescrever o remédio, ele vai substituí-los? Mandar prender? O remédio já existe e está disponível. Como outros, em teste no mundo. Sem saber o que fazer, Bolsonaro perde tempo e energia.”","Meu Deus, até falta de assunto. Adoeceu ? Quer tomar o kit da CLOROQUINA? Não..... tudo bem,  que Deus lhe ajude. Pronto. Ninguém vai forçar,  não é decreto nem lei . Parem de arrumar assuntos idiotas",1,0.9682360291481018,0.031763967126607895,
"Arthur Chioro é médico sanitarista e professor universitário. Ricardo Barros é um engenheiro civil, empresário e político brasileiro. Os dois estão debatendendo sobre o uso da cloroquina no #Debate360  Adivinha quem está defendendo a cloroquina?? O engenheiro civil. É isso!",lembrando aqui que minha mãe teve que tomar cloroquina na gravidez e os efeitos colaterais quase me mataram,0,0.9686116576194763,0.0313882976770401,
"Bolsonaro defende cloroquina em ""guerra"" contra coronavírus mesmo sem comprovação científica  eficacia-da-cloroquina-nao-e-comprovada,8966ba0d09aca36ed28a3ac9433d465cpc0b8k1z.html NÃO ENXERGUEI NA FRASE ESSA ADMISSÃO QUE VOCêS COLOCAM DE TITULO",A RAINHA LOUCA JUNTO COM O NOVO  MINISTRO DA MORTE. QUEREM MATAR O POVO SEJA PETISTA OU BOSOMINOS,0,0.9686305522918701,0.03136947378516197,
"Bolsonaro está confiado nos seus + ou - 30% de eleitores, número que vem caindo. A última gracinha do capitão foi rimar cloroquina com tubaina, aquela para a direita, esta para esquerda. RIDÍCULO!","Se vier defender cloroquina do meu lado vai levar joelhada na nuca, aviso logo",0,0.9688599109649658,0.031140103936195374,
Qual é a cloroquina da sua profissão?,“Arraste para cima e descobra como fazer 6 digitos em 7”,2,0.9689918756484985,0.031008152291178703,
"O presidente Bolsonaro disse que  novo protocolo da cloroquina será assinado nesta quarta. Em transmissão pela internet, ele disse que ninguém é obrigado a tomar o remédio e fez piada sobre o assunto. #BandJornalismo  #JornalDaNoite","Um remédio que virou partidário. Pra que essa pausa ao flr, sera q ngm percebeu? Tnc",2,0.9692980647087097,0.030701905488967896,
"Nem só de capim e fake news vive o gado do Bolsonaro,mas também de cloroquina,pra morrer lá esquina!!",A cloroquina bolsonarista provoca ainda mais mortes.,0,0.9694337248802185,0.030566299334168434,
"Bozo e o ministério da saúde dele liberou a cloroquina pra ser usada no SUS em casos leves de coronavirus,no SUS MANO! Pq que ele não vai testar essa merda lá no hospital de ricos que ele vai? Quer fazer a gente de rato de laboratório vai fazer teste no rabo dele","Governo quis alterar bula da cloroquina, afirma Mandetta  via  Essa é a gota d'água!!",0,0.969519317150116,0.030480705201625824,
A QUE PONTO CHEGAMOS NÉ O PRESIDENTE QUERER MUDAR A BULA DA CLOROQUINA,"sabe o medo? então ele foi real hoje. agora noite foi um cliente lá na farmácia com a receita querendo comprar cloroquina e outros medicamentos e aí depois ele disse que estava com suspeita do covid... a gente quase surtou de preocupação, sério",0,0.969813883304596,0.03018614649772644,
Tutela da evidência,Ao meu ver cloroquina é algo que não faz efeito nenhum então aqui em MG é contestar  benefícios da justiça gratuita nunca dá certo kkkk,1,0.9700155258178711,0.029984429478645325,
"Bolsonaristas criam 'corrente do bem' e se medicam com cloroquina, azitromicina e antipulgas... isso aí: ANTIPULGAS!",Podes crer que o antipulgas é 100% eficaz.,2,0.9701518416404724,0.029848188161849976,
lembre-se q a Sra é contra a Cloroquina logo peço q não faça uso e que deixa pra quem acredita,"Estudo Britânico sobre #cloroquina De qualauer forma, #FicaEmCasa . se você precisar de respirador, logo estará ferrado.",0,0.9704051613807678,0.02959480881690979,
"Bolsonaristas criam 'corrente do bem' e se medicam com cloroquina, azitromicina e antipulgas","A nova moda da seita é tentar se matar. Talvez seja a seleção natural nos dando um presente, Darwin tá olhando lá de cima orgulhoso.",2,0.970434308052063,0.029565682634711266,
Qual é a cloroquina da sua profissão?,O cliente.,2,0.9707320332527161,0.029268020763993263,
Um absurdo! Quem vai parar esse sem noção sentado na cadeira da PR?,Em cada enxadada uma minhoca.,2,0.9707762002944946,0.02922380529344082,
"Ex-Ministro da Saúde Mandetta expõe mais uma falcatrua da ratazana que preside o país: ""ele tentou alterar a bula da cloroquina para indicá-la ao combate da covid-19"".",parabéns ao congresso passando esse pano para esse doido,2,0.9709292054176331,0.029070798307657242,
Acordo logo com uma notícia dessa Não dá pra ter 1 dia de paz,"STF não s atreva a interferir na liberação da Cloroquina, será rompimento defintivo com o povo brasileiro.. O povo se levantará e os Srs. Pagarão o justo preço.",0,0.9709388613700867,0.029061170294880867,
"""toma o que ceis quiserem, fica preso aí, espera um milagre ou a vacina"". CLOROQUINA ESTÁ SALVANDO VIDAS e isso incomada! A produção em massa de CLOROQUINA pelo exército, incomada!",#EuApoioBolsonaro e tomo cloroquina  #CLOROQUINASALVA sim,1,0.9710549712181091,0.02894502505660057,
meu avô tava vendo vídeo de uma mulher falando q não existia corona vírus pq oq ta matando são as vacinas q dão nos hospitais e não era pra comer melancia pq tava contaminada e a cloroquina ia salvar todo mundo e acabar com a corrupção (eu nao to brincando),Governo inclui cloroquina em tratamento de casos leves de covid-19 | PortalR3 |... (Saiba+ na What:,0,0.9710931181907654,0.028906872496008873,
Deputado do PSL morto por Covid-19 usou cloroquina,Cuidado com as manchetes. Admiro muito teu trabalho  mas ele ter tomado cloroquina não foi causador da morte. Manchetes sensacionalistas como essa é o mesmo jogo o PR faz a favor da droga sem conhecimento médico algum.,1,0.9712921977043152,0.028707755729556084,
Senadores questionam liberação de uso da cloroquina para casos leves de covid-19,"NAO TEM QUESTIONAR NADA,CLOROQUINA NO COMEÇO DOS SINTOMAS CURA E SALVA VIDAS. NÃO HÁ OQUE QUESTIONAR. VAI TRABALHAR EM FAVOR DO POVO NÃO CONTRA CAMBADA DE INÚTIL.",1,0.9713494777679443,0.028650587424635887,
Trump diz que deixará de tomar cloroquina em um ou dois dias,"Que Maravilha,! Não é Cloroquina é Hidroxicloroquina. É só usar HCQ + AZT +ZIN por 5 dias no início dos sintomas, como vem afirmando os estudos dos Drs Zelenko(USA), Didier (FRA)e Nise(BRA).",1,0.9714178442955017,0.028582178056240082,
Saúde atende Bolsonaro e libera cloroquina para casos leves de Covid-19,E se medicasse o biroliro com toda a cloroquina que ele mandou produzir?,2,0.9716511368751526,0.028348928317427635,
será que quando passar a pandemia os trapstar vão jogar cloroquina no copo no meio do lean e dizer que tão muito doido?,Já acordamos discutindo com bolsominion no Facebook que quer enfiar cloroquina no ** de todo mundo e ainda põe culpa na mídia,0,0.9716667532920837,0.028333233669400215,
"O Presidente É Mó Otário, Ele Usa Cloroquina","Fiquei fora da internet o dia todo. Trabalhei, li, cozinhei, malhei, tomei banho. Tava até animadinha. Aí vim ler as notícias e agora tô aqui tendo certeza que já era, q é o fim da linha, vai todo mundo morrer ou de covid, ou de cloroquina, ou de ""bala perdida."" it's over migos.",0,0.9716934561729431,0.028306584805250168,
Qual é a cloroquina da sua profissão?,não vai tocar funk não?,2,0.9719372987747192,0.028062736615538597,
"USO DE CLOROQUINA AMPLIADA NO BRASIL  Ministério da Saúde amplia a possibilidade de uso do medicamento para casos leves de coronavírus. Não há, porém, evidência científica de que a droga tenha eficácia no tratamento. Siga o fio e veja o que muda    Gerard Julien/AFP",Sério q vamos agir no achismo,2,0.9723115563392639,0.027688421308994293,
Qual é a cloroquina da sua profissão?,Garantias fundamentais,2,0.9723348617553711,0.027665143832564354,
Retomada econômica pode ser em V,"Infelizmente na minha profissão e a Cloroquina, a própria",1,0.972394585609436,0.027605436742305756,
"É só aqui no Brasil que genocida e o militar viram médico sem estudar, médico receitando cloroquina sem estudo científico que comprove  a eficaz ao combate ao COVID-19, virou uma zona, é a terra sem lei.",O que o Brasil precisa:  - leitos de UTI; - auxílio-emergencial;  - respiradores;  - médicos;  - isolamento social;   O que Bolsonaro oferece:  - cloroquina; - miséria; - fome;  - confusão; - caos;  #ForaBolsonaro,0,0.9724159836769104,0.02758396416902542,
"Se o STF barrar o protocolo da cloroquina, a prerrogativa da receita continua sendo do médico.  Caso você ou alguém da sua família forem infectados e você não é uma besta comandada pela extrema imprensa, peça que receitem.",Daqui há pouco o STF vai querer impedir que os médicos que são favoráveis à Cloroquina atendam,1,0.972873866558075,0.027126124128699303,
"""Quem é de direita toma cloroquina, quem é de esquerda, Tubaína e quem tem juízo escuta a medicina"" Saudades do Mandetta né minha filha",Cloroquina ou turbaina combina com avião com cocaína.,0,0.9731568098068237,0.026843160390853882,
"Quem é de direita toma cloroquina, de esquerda tubaína.... isentão vaselina. Bom dia!! #JairCadaVezMaisForte  #NaoCompreDell","Genocida. ""Nós não faremos a distribuição e nem aplicação generalizada da cloroquina, porque a ciência não recomenda"", disse o governador de São Paulo, João Doria.",0,0.9732113480567932,0.02678864262998104,
"#EuApoioBolsonaro   Para resolver o problema da aprovação da cloroquina, basta dizer que se cloroquina for aprovada, a maconha tb será. Teremos filas e mais filas de apoiadores da cloroquina!!!!!!","LULA: “Ainda bem que a natureza criou esse monstro do coronavírus.”  Dilma: “O isolamento horizontal é porque as famílias são horizontais.”  Bolsonaro: “Quem é de direita toma cloroquina, quem é de esquerda toma tubaína.”  NOSSOS TRÊS ÚLTIMOS PRESIDENTES ME DÃO VERGONHA.",0,0.9732524752616882,0.02674758993089199,
"New Podcast! ""#25 - País da Fome"" on  #apartheid #ciencia #cloroquina #educacao #exterminio #favela #filosofia #historia #impeachmentbolsonaro #injustica #politica #racismo #segregacao #sociologia #violencia","Lógica do Bozo: ""vamos mudar a bula da #cloroquina disso daí que ela passa a fazer efeito, tálkey?"" Só lembrando, é crime tá, Bozo?  #impeachmentJa",0,0.9736531376838684,0.026346836239099503,
Pesquisadora desmonta a farsa da cloroquina de forma avassaladora diante de médicos,Essa datilografa está terrível. Quer que os doentes esperem a morte chegar.  CLOROQUINA NAO É MEDICAMENTO PREVENTIVO.  É OPÇÃO DE TRATAMENTO que inclusive o MÉDICO Davi Iupi utilizou.  Jornaleira ou datilografa ?  Depende de qual categoria TEM A MENOR CARGA TRIBUTÁRIA.  Esperta.,1,0.9738246202468872,0.02617533691227436,
Qual é a cloroquina da sua profissão?,o gestor sem conhecimento técnico em administração,2,0.9739442467689514,0.02605580911040306,
Pesquisadora desmonta a farsa da cloroquina de forma avassaladora diante de médicos,"Um grupo de 26 cientistas brasileiros, publicaram uma carta aberta pedindo a liberação do uso da cloroquina no tratamento da Covid-19 mesmo para pacientes em estágios iniciais da doença – nesta sexta-feira  Copyright  2020, Gazeta do Povo.",1,0.9740773439407349,0.02592269517481327,
"Tem tb teorias tão úteis como cloroquina, que só servem pra cair em concurso.","Permissão do uso da cloroquina seria clamado pela sociedade, segundo Governo Federal     Esse governo vive de mentiras. Só bolsonaristas clamam pela cloroquina. Nem gente são, quanto mais povo",0,0.9742087721824646,0.025791199877858162,
"To començando a achar que a Cloroquina vai ser uma espécie de pente fino, um outro nível de seleção natural rs.","Sobre a piada Cloroquina e tubaína, Dra Gisele Soares compara Jair Bolsonaro a um humorista...? Oi? Pelo amor!  Haja pano, meu pai!  #grandedebate #GrandeDebateCNN",0,0.9745994210243225,0.02540058083832264,
Qual é a cloroquina da sua profissão?,"""Marketeiros"" de Instagram",2,0.9746487736701965,0.025351274758577347,
Qual é a cloroquina da sua profissão?,A literatura brasileira é chata,2,0.974663496017456,0.025336552411317825,
"um jumento falando na rádio hoje sobre os efeitos adversos da cloroquina, e que usá-la para tratar Covid-19, pode gerar  desconfortos ao paciente, numa doença grave.  Ele só se esqueceu de Merthiolate e Quimiterapia.   O resto a estupidez se encarregou! #NãoMexComZéMaria",Ministério da Saúde divulga protocolo com prescriça de cloroquina e hidroxicloroquina para tratamento de covid-19. Baixe sua cópia do documento aqui:,0,0.9746813774108887,0.025318659842014313,
"Luiz Henrique Mandetta contou à GloboNews que o Governo quis alterar bula da cloroquina. ""E a ideia que eles tinham era de alterar a bula do medicamento na Anvisa, colocando na bula indicação para Covid”","Gente, se isso não é crime, eu já não sei mais o que é isso",2,0.974716067314148,0.02528398111462593,
Kalil mesmo disse que não tem como ter certeza que foi a cloroquina que o ajudou. Ele usou vaaaaarios remédios,"Então vamos deixar que morram, não é ??",1,0.9749249219894409,0.025075115263462067,
Qual é a cloroquina da sua profissão?,"Reciclagem. Tem sua importância muita gente enxerga como uma solução final, que passa longe disso.",2,0.9757360816001892,0.02426394633948803,
"Bolsonaristas criam 'corrente do bem' e se medicam com cloroquina, azitromicina e antipulgas",a tal da seleção natural né,2,0.9757416248321533,0.024258341640233994,
Qual é a cloroquina da sua profissão?,turismologo vai ganhar mais que 600 reais,2,0.9757782816886902,0.02422165311872959,
"GABINETE DE CRISE#15: Cloroquina, a namoradinha do Brasil  via",duvido você não tomar uma  cloroquina,0,0.9757832884788513,0.024216752499341965,
Qual é a cloroquina da sua profissão?,O Belo,2,0.9759413003921509,0.024058621376752853,
"Nomes que eu não aguento mais ouvir; Cloroquina, Bolsonaro/presidente, Mario Frias, Covid e Ministro",pensei que a criança do cuzcuz com ovo não podia ficar pior agora me lança uma paródia com cloroquina aaaaaa q odio,0,0.9759787917137146,0.024021178483963013,
Qual é a cloroquina da sua profissão?,Cada um tem a sua verdade.,2,0.9760702252388,0.023929771035909653,
O  vem trabalhando em coordenação c/ o  p/ trazer da Índia hidroxicloroquina e seus insumos. Após conversa minha c/ o Chanceler indiano obtivemos liberação de 1000 kg de hidroxicloroquina que chegam ao Brasil esta semana. Estamos negociando novos envios.,"Q TESÃO É ESSA POR CLOROQUINA?!  Me diga?  - Se tomar - e der certo foi graças ao dono do CRM n° ? Qual do bolsonaro mesmo?  1738?  - Se morrer - a culpa é do paciente, ou do médico (q irá perder carteira)? - E onde vão enfiar tanta Cloroquina ao entenderem q ñ TEM EFICÁCIA?!",1,0.9761315584182739,0.023868486285209656,
compras feitas bainhu tomado cloroquina pra dentro cervejinha trincando filme baixado com legenda  hj eu mereçu,CLOROQUINA PRA DENTRO,1,0.9761914014816284,0.023808559402823448,
"Bolsonaristas criam 'corrente do bem' e se medicam com cloroquina, azitromicina e antipulgas",ah pronto vão acabar até com o estoque de antipulgas dos cachorros agora  bolsonarista é uma praga mesmo né,2,0.9762661457061768,0.02373385801911354,
"O primo do porteiro aqui do prédio foi trocar o pneu do Dell dele e o pneu estourou na cara da minha filha que pegou covid (Bancária), mas eles tomaram AZT+BAYGON+Zinco logo, com 4 dias de cloroquina o pneu estava trocado e o Dell se recuperou NA MORAL #CompreDell",Daria um filme! Em busca da cloroquina perdida!,1,0.976314127445221,0.023685865104198456,
Bolsonaristas criam ‘corrente’ e se medicam com cloroquina: “Um vai passando pro outro”,"A seleção natural chegou gente, esse momento É NOSSO",2,0.9764366149902344,0.023563358932733536,
"A promoção da cloroquina é uma farsa destinada a dar uma ilusão de segurança a população, para que abandone o isolamento. Bota economia para funcionar ,mata os trabalhadores e garante a vitória sobrevivência do capital financeiro dominante. Assassinos!",O paciente morre pelos efeitos colaterais da cloroquina. E no atestado de óbito é dado como causa arritmia cardíaca. Assim camuflam mortes por Covid 19.,1,0.9764984250068665,0.02350153774023056,
Pesquisadora desmonta a farsa da cloroquina de forma avassaladora diante de médicos,Natália Pasternak é o nome da pesquisadora que deixa completamente nus e amarrados os defensores da Cloroquina.,2,0.9766369462013245,0.02336307242512703,
Bolsonaristas criam ‘corrente’ e se medicam com cloroquina: “Um vai passando pro outro”,"Se eu fosse uma pessoa má desejaria que a Cloroquina faça tudo o que ela realmente faz nesse povo doido, mas torço apenas que eles tenham só uma diarréia!",1,0.9768085479736328,0.02319144830107689,
O  vem trabalhando em coordenação c/ o  p/ trazer da Índia hidroxicloroquina e seus insumos. Após conversa minha c/ o Chanceler indiano obtivemos liberação de 1000 kg de hidroxicloroquina que chegam ao Brasil esta semana. Estamos negociando novos envios.,Poderia parar de pedir cloroquina e pedir um cérebro pra você.,1,0.9771239161491394,0.022876011207699776,
Rede privada de saúde distribui kits de medicamentos com cloroquina em Fortaleza,"""Grande"" mídia lixo em desespero por que as pessoas podem melhorar e acabar com as mortes que estão acontecendo. REDE PRIVADA DE SAÚDE DISTRIBUINDO DE GRAÇA A CLOROQUINA. Quanto mais mortes melhor né mídia CANALHA  #imprensalixo    #JuntosComBolsonaro  #RemedioDoBolsonaro",2,0.9771630764007568,0.02283686399459839,
"Nós, senadores do , apresentamos ao Tribunal de Contas da União representação contrária ao protocolo de tratamento do #coronavírus divulgado pelo Ministério da Saúde.",Se o pico da doença fosse no mês do Carnaval pode ter certeza que a Globo não estava fazendo tanta propaganda para o vírus chinês...e concerteza falaria bem da cloroquina... #BrasilComBolsonaro,0,0.9771633148193359,0.022836629301309586,
Qual é a cloroquina da sua profissão?,Defender direitos é defender só bandido,2,0.9772716760635376,0.022728336974978447,
Qual é a cloroquina da sua profissão?,Fórmula de Lançamento Érico Rocha,2,0.9773319363594055,0.02266809158027172,
"Aproveita que quer liberar a cloroquina, e já libera todas as drogas,  ...",é isso,2,0.9774552583694458,0.02254479192197323,
Bolsonaro enfia a porra da cloroquina no meio do cu,"Bruxarias comuns na idade média com suas poções mágicas, milagrosas voltaram. Hoje usam a ciência para negar a ela mesma, numa deformação grosseira. A cloroquina obtida na ciência é manipulada para a anti-ciência num uso supersticioso pelos negacionistas.",0,0.9776914119720459,0.022308556362986565,
"Bolsonaristas criam 'corrente do bem' e se medicam com cloroquina, azitromicina e antipulgas","Se colocar um somzinho, vira rave",2,0.9777494072914124,0.022250570356845856,
"Esses assassinos seguem com estratégias nefastas na execução do plano genocida  ""Covid-19: após governo liberar cloroquina para casos leves, Bolsonaro diz que 'ainda não existe comprovação'""","O TUCANO, CORRUPTO JOSÉ SERRA  vai apresentar um projeto no congresso, pra suspender o protocolo da Cloroquina. Enquanto isso, se ele ou a família forem infectados, vão tomar o medicamento, na rede privada, que já tem protocolo. VERME!! DESGRAÇADO!!",0,0.9779430627822876,0.02205696702003479,
Qual é a cloroquina da sua profissão?,“Retas paralelas se encontram no infinito”  Usar experiência pessoal como medida estatística,2,0.978054940700531,0.021945029497146606,
"A mídia e os isentobobos tentaram vender a narrativa de que Trump desistiu de recomendar o uso da cloroquina, mas o Presidente americano revelou que toma o medicamento há uma semana e meia, em tratamento preventivo. No Brasil, Doria diz que impedirá o uso do remédio. Vergonhoso!","Já faz algum tempo que falta cloroquina e os hospitais públicos não estão usando. Deve estar em algum galpão insalubre, se estragando até ter a o vencimento ultrapassado, sem utilidade. É GENOCÍDIO! NEGANDO-NOS O TRATAMENTO! Serão incriminados pelas gerações seguintes.",0,0.9781871438026428,0.021812831982970238,
Serra apresenta projeto para barrar novo protocolo da cloroquina.,"por quê vc quer que o povo morra? Qual seu interesse em barrar a cloroquina? É se vc pegar essa peste, irá tomar ou não a cloroquina? Não Te Desejo Mal... Te Desejo Reciprocidade e QUE Vc Saiba Lidar Com Ela.",1,0.9781967997550964,0.021803226321935654,
Ao menos oito Estados não devem aderir a uso generalizado de cloroquina,"Muitas cidades já estavam  usando a cloroquina antes mesmo desse novo protocolo. Na minha cidade porquissimas mortes, aqui estão dando o tratamento p pessoas confirmadas com o vírus.",1,0.9782021641731262,0.021797824651002884,
"Lula celebra coronavírus, atribuindo-lhe poder de reforçar suas teses e práticas estatizantes, que facilitaram corrupção e crise econômica.  Bolsonaro faz piada com cloroquina, politizando o medicamento, enquanto Brasil registra mais 1.179 mortes - 17.971 no total.  #Bolsopetismo",CANALHA..LADRÃO  SALAFRARIO.,2,0.9782227277755737,0.021777259185910225,
fumar um cloroquina,Taca Cloroquina primeiro! Ele consentiu... Bozo querendo matar o povo antes da hora!  #ForaBolsonaroUrgente  #ImpeachmentdoBolsonaroURGENTE #OBrasilTemQuePararBolsonaro,0,0.9783521890640259,0.021647809073328972,
"Fui na farmácia, e tinha um velho gritando que queria cloroquina",Prefeito um presidente que quer que eu tome cloroquina do que um governador e um prefeito que ja comprou meu caixão #FechadoComBolsonaro,0,0.978469729423523,0.02153029665350914,
"Bolsonaro quis alterar bula da cloroquina, diz Mandetta","Isto vai no crime de....? Tem como investigar isso aí. Se for verdade, prende o bolsocovid19.",2,0.9789137840270996,0.02108614891767502,
"Militares já produziram 1,2 milhão de comprimidos de cloroquina",Por isso que Bolsonaro só fala em Cloroquina. Usou a máquina pública e se não tiver uso do remédio cai em crime de improbidade. Taí tanto o interesse !!,1,0.9789871573448181,0.02101287990808487,
Apenas três estados não têm protocolo que usa cloroquina contra Covid-19 via,"Para facilitar a sua leitura,  , eis a notícia  que pública as sínteses dos resultados do estudo: Ministério da Saúde muda protocolo e amplia uso de cloroquina para casos leves",0,0.9791624546051025,0.020837558433413506,
Ainda prefiro o Bolsonaro,"A frase de Bolsonaro é de humor, já q a esquerda não quer adotar a cloroquina. (na hora H, duvido disso) . O Amoeba é sempre como sempre foi:falso, sem posicionamento . Não tem lado nem na crítica.",1,0.9791650772094727,0.02083488740026951,
"Bolsonaristas criam 'corrente do bem' e se medicam com cloroquina, azitromicina e antipulgas","Até hj n entendi essa polêmica por causa da cloroquina. Bolsonaro vende como á cura, algo que n é. Se ajudar, é na fase inicial da infecção. Mas, n era para os médicos decidirem? Todo mundo virou médico nesse país, agora? Tbm, n pode querer proibir. Só tem maluco nesse país, pqp!",1,0.9792152643203735,0.0207847710698843,
"Vídeo: “Banalizar cloroquina é uma irresponsabilidade”, diz Dr. Claudio Lottenberg",Melhor dar atenção ao Antagonista que está soltando muita fake e fazendo ativismo. Deixa a cloroquina pra quem entende,1,0.9792361855506897,0.020763831213116646,
doidão de cloroquina,cheirando uma carrera de cloroquina pra aguentar ficar acordada ate meio dia,0,0.979421854019165,0.020578155294060707,
ENFERMEIRA É FLAGRADA DANDO A CLOROQUINA PARA O PACIENTE. ENTENDA:,e que Cloroquina... será que deu a Iverctina tb ?,1,0.9795075058937073,0.02049247920513153,
Ministro interino da Saúde convida Nelson Teich para aconselhá-lo,Deve tá com o cu na mão do decreto da cloroquina...,2,0.9796807765960693,0.02031921222805977,
Comecei o café da manhã com essa JANTADA DESSA DOUTORA SOBRE CLOROQUINA. Hahahahah CNN doutora  janta médicos bolsonaristas em 7 minutos e detona cloroquin...  via,O governo federal mandou o Exército produzir cloroquina achando que seria a salvação do coronavírus. Não é. Agora forçam a barra para usar o estoque. Um plano nacional de enfrentamento ao coronavírus? Nada!,0,0.979900062084198,0.0200999453663826,
REGINA SAIU.   CLOROQUINA ENTROU.  Deus acima de todos.,"Pergunta-se: a imprensa vai fazer estatística de morte por cloroquina? Deveria, pois dúvido q paciente com covid que morra por infarto da cloroquina vai para a estatística da covid. A curva da covid vai diminuir, mas a das mortes não.",1,0.9799556136131287,0.020044412463903427,
Qual é a cloroquina da sua profissão?,A falta de comprometimento do estudante memo,2,0.9800885319709778,0.019911501556634903,
Qual é a cloroquina da sua profissão?,Fica tranquilo que a cadeira de ejeção vai te salvar,2,0.9802035093307495,0.01979653351008892,
"Bolsonaristas criam 'corrente do bem' e se medicam com cloroquina, azitromicina e antipulgas",seleção natural conto com você,2,0.9802066087722778,0.01979340985417366,
Qual é a cloroquina da sua profissão?,O filha da puta que grita agrotóxico aos 6 ventos mas se vê um mosquito descarrega o baygon NA CASA,2,0.9803388714790344,0.01966104842722416,
"Bolsonaristas criam 'corrente do bem' e se medicam com cloroquina, azitromicina e antipulgas",Na hora que a água bater no bumbum de vcs perceberão como estão sendo irresponsáveis com suas ironias.,2,0.9804060459136963,0.01959397830069065,
"Bolsonaristas criam 'corrente do bem' e se medicam com cloroquina, azitromicina e antipulgas",isso pra mim eh seleção natural,2,0.9806302189826965,0.019369835034012794,
Qual é a cloroquina da sua profissão?,"Google Tradutor.  Não me entendam mal, eu não sou contra a ferramenta. Sou contra pessoas que acham que são tradutores só por saberem usar o Google Tradutor.",2,0.9808617234230042,0.019138308241963387,
Próximo mogol que vir com essa de cloroquina pro meu lado vai toma um pombão sem asa,"Uma das verdades por trás da cloroquina. Existem 3 milhões de comprimidos ENCALHADOS na rede pública de saúde, 1.2M feitos pelo exército, a pedido de Bolsonaro  e o restante oriundo de laboratórios, um deles o Aspen, cujo dono é um dos maiores apoiadores do Sr. Jair Bolsonaro.",0,0.9810312390327454,0.01896873116493225,
"Governo quis alterar bula da cloroquina, afirma Mandetta",Deixa eu chutar...  Outro crime???  PQP,2,0.9812664985656738,0.01873346045613289,
"Bolsonaristas criam 'corrente do bem' e se medicam com cloroquina, azitromicina e antipulgas","Q bosta de gente burra, logo terão uns infartados, outros cegos, e outros com rins inutilizados..... E logo os 300 serão 20 ou 30..... Porém todos sem pulgas, e esse é o lado positivo da coisa.",2,0.9812796115875244,0.018720388412475586,
"Antes a Globo “receitava” cloroquina até pra mulher grávida. Hoje dão a entender que é mais perigosa que o próprio coronavírus... POR QUE SERÁ, né? #TorcidaOrganizadaDoCoronavírus",Todos nós sabemos por isso boicote à rede globolixo!#FechadoComBolsonaroAte2026,2,0.9814538955688477,0.018546121194958687,
Trump diz que deixará de tomar cloroquina em um ou dois dias,"Droga, não vai dar tempo...",2,0.9815503358840942,0.01844964548945427,
Mandetta alerta para risco de arritmia cardíaca entre idosos e diz que cloroquina pode 'piorar situação'. Ex-ministro da Saúde disse que sofreu pressão para liberar remédio. Ele afirmou que 'conflito' começou após fala de Trump ==&gt;  #G1,Esse tem caráter!,2,0.9815664291381836,0.01843360811471939,
"De hoje:O militar Angelo Martins Denicoli,nomeado diretor de monitoramento e avaliação do SUS,publicou uma informação falsa sobre o uso da hidroxicloroquina para o tratamento do novo coronavírus, em seu perfil no instagram,e ofendeu OMS.",Alguma dúvida?    Mais um pra aumentar o buraco.,2,0.9816321134567261,0.018367866054177284,
"URGENTE - STF JÁ SE PREPARA PARA BARRAR O USO DA CLOROQUINA  No julgamento de ontem, o ministro Barroso já deixou claro seu posicionamento ao defender a punição para agentes públicos cujas decisões não sigam critérios científicos.  VAMOS VER ATÉ ONDE VAI O ATIVISMO JUDICIAL",Meu Deus o que podemos fazer para ajudar vamos a rua lugares a favor do cloroquina .,1,0.9816770553588867,0.018322965130209923,
Qual é a cloroquina da sua profissão?,"""vamos trabalhar seu mindset com essas idéias quânticas""",2,0.9817909002304077,0.01820908486843109,
Qual é a cloroquina da sua profissão?,pinterest e blogueira de “decoração”,2,0.981875479221344,0.018124515190720558,
"Luiz Henrique Mandetta contou à GloboNews que o Governo quis alterar bula da cloroquina. ""E a ideia que eles tinham era de alterar a bula do medicamento na Anvisa, colocando na bula indicação para Covid”",Alô galera das notas de repúdio. Tenho uma coisa aqui pra vocês.,2,0.9819461703300476,0.01805383898317814,
Qual é a cloroquina da sua profissão?,A cosplay de Miranda ou qualquer outro personagem de o diabo veste prada,2,0.9819943308830261,0.01800561510026455,
"Uma esperança para desafogar as UTI´s pelo Brasil. Na minha visão, uma decisão acertada.",Só explique o porquê na maioria dos países civilizados o uso da cloroquina está vedado. Ou Bolsonaro é um cientista e ninguém soube até hoje.,1,0.9819948077201843,0.018005166202783585,
"Bolsonaro quis alterar bula da cloroquina, diz Mandetta",Sinceramente eu não tenho mais nem o que dizer,2,0.9820653796195984,0.017934603616595268,
OMS () reafirma que cloroquina não tem eficácia comprovada contra covid-19,fodase bolsonaro mama minha cloroquina,0,0.9822038412094116,0.017796143889427185,
"Versinho para Jair.  Bom dia pra você que toma Tubaína, mas arrota Cloroquina, porque, muito traquina, transformou a Administração Pública em brincadeira de menina.  Abandonando o lado direito do quarteirão, mesmo mantendo a pose de machão, foi pego pela mamãe da rua no centrão.",bom dia Gisele vejo você na CNN Brasil no debate novo dia e no grande debate.  Uma pergunta sobre o cloroquina e hidroxicloroquina ser ele faz mal do jeito que alguns especialistas e parte da imprensa fala. 1.Porque ele era vendido ser receita.,0,0.9824904799461365,0.017509449273347855,
"Se o STF barrar o protocolo da cloroquina, a prerrogativa da receita continua sendo do médico.  Caso você ou alguém da sua família forem infectados e você não é uma besta comandada pela extrema imprensa, peça que receitem.",Acorda Brasil. #EuApoioBolsonaro,2,0.9827086925506592,0.017291244119405746,
Bom dia!  STF deve barrar o protocolo de cloroquina.  Daqui a pouco vão barrar a sua fabricação.   O povo vai morrer sem poder usar um remédio que está curando. Que país de m....,Se o STF barrar o protocolo da cloroquina ele estará governando junto com o PT.,1,0.9829291105270386,0.017070917412638664,
"Mayra Pinheiro alegou que havia um “clamor da sociedade"" pela mudança do protocolo; hoje no Partido Novo, ela assumiu cargo na Saúde ainda na gestão de Luiz Henrique Mandetta.",O Novo é o bolsonarismo de sapatênis...,2,0.9829423427581787,0.017057625576853752,
Militar nomeado no SUS publicou fake news sobre cloroquina e ofendeu OMS,"Ser imbecilizado é um dos requisitos do bolsonarismo, tá ok!",2,0.982991635799408,0.017008334398269653,
STF deve barrar protocolo da cloroquina,"Acaba com essa babozeira, !!!",2,0.9829997420310974,0.017000284045934677,
Qual é a cloroquina da sua profissão?,"O coach e o ""aprenda linguagem X em 6h - do zero ao hero""",2,0.9831268191337585,0.01687326468527317,
Bolsonaro liberou a cloroquina e vai ter médico dando overdose dessa porra. Fiquem vendo só,Meu deus sonhei que tava comendo bolo de cloroquina com o bolsonoraco,0,0.9831883311271667,0.01681172475218773,
"Bolsonaristas criam 'corrente do bem' e se medicam com cloroquina, azitromicina e antipulgas","esse é o tipo de bolsonarista que eu gosto por favor continuem, tomem tudo ao mesmo tempo e em maior dose prevenir ainda mais",2,0.9832978248596191,0.01670214906334877,
"Bolsonaristas criam 'corrente do bem' e se medicam com cloroquina, azitromicina e antipulgas","Todo mundo tendo uma puta reação a esses remédios e m*rr*ndo, amém?",2,0.9833041429519653,0.016695870086550713,
#45JornalEldoradoDomiciliar – Bom dia. Recorde de novos casos de covid em um dia no mundo e no Brasil. Cloroquina liberada em documento sem assinatura. Bolsonaro fala com governadores. Enem adiado. Conexão entre acusações de Paulo Marinho e Sérgio Moro.,É Cloroquina ou Rivotril? Que apego que esse homem tem com esse remédio,0,0.9833145141601562,0.016685502603650093,
Deputado do PSL morto por Covid-19 usou cloroquina,"Ora ora, mas a evidência teórica ""tal""  recomenda o uso...",2,0.9835532903671265,0.016446750611066818,
Pra Direita: Cloroquina! Pra Esquerda: Tubaína! Pros deputados: propina! No avião presidencial: cocaína!,"Geral morre de AVC com o uso da cloroquina e aí diminui o número de mortos por covid (pq no laudo a causa será por AVC) e aí o panacão vai na TV dizer que ""tá vendo, cloroquina ajudou sim, o número de mortos tem diminuído... pode abrir tudo aí e injetar cloroquina até o cu""",0,0.9836057424545288,0.01639421097934246,
"Vários políticos, artistas e jornalistas tomando cloroquina profilaticamente, mas para o povo faz mal e tem efeitos colaterais.  #EuApoioBolsonaro",Renato Barros - Questione-se  Cloroquina está sendo utilizada para tratar coronavírus na Suíça,0,0.984029233455658,0.015970801934599876,
"Bolsonaristas criam 'corrente do bem' e se medicam com cloroquina, azitromicina e antipulgas",Pra mim que gado tinha que tomar remédio pra carrapato e mosca de chifre mesmo.,2,0.984051525592804,0.01594848558306694,
Lauro Jardim:  Deputado morto por Covid-19 usou cloroquina,"Deputado, amigo do Flávio, tomou cloroquina. Mas nem assim.",2,0.9840651154518127,0.015934869647026062,
"Olá totalmente gasosos! Eu descobri a fórmula dos bolsominions:  - A terra é plana pois Olavo de Carvalho tem veredito do Presidente, logo, se o presidente gosta, a opinião é correta.  -Eles fazem churrasco pois pensam que a cloroquina é a cura do COVID-19.  +",Sem mais perguntas excelência!  Pesquisadora desmonta a farsa da cloroquina de forma avassaladora diante de médicos  via,0,0.9841142892837524,0.01588572934269905,
EU DEPOIS DE 8 DOSES DE CLOROQUINA E COM O CORONAVOUCHER NO BOLSO:,"Grande dia! - Novo Min. da Saúde, Cloroquina liberada, Regina sai e Trum...  via",0,0.9841732978820801,0.015826663002371788,
#Coronavírus - Governo divulga protocolo para uso da cloroquina até em casos leves de Covid. Paciente precisa assinar termo que reconhece que não existem estudos demonstrando benefícios clínicos =&gt;  #G1,tem que assinar atestado de óbito?,2,0.9844624996185303,0.015537535771727562,
"CLOROQUINA NOS SINTOMAS INICIAIS. AGORA, R$ 1.600,00 PARA CADA LEITO PAGO PELO GOVERNO FEDERAL MESMO SEM SER USADO DIARIAMENTE, É UM CONVITE PARA OS CORRUPTOS. PRECISAMOS NOME E ENDEREÇO DOS QUE FALECERAM.","O medo da esquerda, sobre a cloroquina, e tão grande, pois há evidências muito forte de que ela funciona em pacientes iniciais de covid-19, que estão todos entrando no STF, para derrubar o protocolo, se confirmar a recuperação fácil eles irão enterrar de vez as suas carreiras pol",0,0.9844712018966675,0.015528836287558079,
Qual é a cloroquina da sua profissão?,"nazismo de esquerda (acreditem se quiserem, tem mais historiador que concorda com isso do que a gente IMAGINA)",2,0.9845291972160339,0.015470865182578564,
"No dia q o desgoverno  mudou o protocolo para recomendar cloroquina em casos leves, lamentamos a morte por coronavírus do dep. estadual Gil Vianna, do PSL do RJ, que usou o remédio, mas infelizmente não conseguiu se salvar. Não há provas que cloroquina cura Covid-19","Quem não quiser cloroquina, toma turbina e pronto",1,0.9845400452613831,0.015459944494068623,
Qual é a cloroquina da sua profissão?,Botox trata bruxismo e aparelho de rx portátil são meus favoritos,2,0.9846092462539673,0.015390727669000626,
"Para a direita, cloroquina. Para a esquerda, tubaina, para o centrão, propina. No avião do presidente? Cocaína",uma bandeira com esse poema,2,0.9846883416175842,0.015311630442738533,
td dia um zé ruela defendendo a cloroquina no grupo dessa família,Dino diz que mudança com cloroquina não tem efeito prático: perda de tempo  via,0,0.9847126007080078,0.015287370420992374,
Qual é a cloroquina da sua profissão?,a palavra 'gênio' e suas derivações,2,0.9847750067710876,0.015225025825202465,
"Quem é de direita toma cloroquina, quem é de esquerda, Tubaína, diz Bolsonaro",passo mal com meu padrinho TODO dia me chamando perguntando se eu quero cloroquina (a caipirinha que ele faz),0,0.9849274158477783,0.015072635374963284,
"Esquerda mete o pau na cloroquina, mas toma na hora do aperto.  Esquerda mete o pau no capitalismo, mas ganha dinheiro com ele e usufrui de todas as suas benesses.  Que nome damos a isto?",Também quero saber! #LulaTorcePeloVirus,2,0.9850345253944397,0.014965442009270191,
"E saiu o vídeo de hoje! Cloroquina liberada,Molusco falando Merlim, AuschWitzel apertado e DitaDoria o hipócrita. Separa a pipoca e bora lá!  #NaoCompreDell",Vou falar a real um tio meu morreu de COVID e fez o uso de Cloroquina. Então vai todo mundo #enfiaacloroquinanocu,1,0.9850671291351318,0.014932932332158089,
TOMA QUEM QUISER...   Especialistas criticam novo protocolo de hidroxicloroquina e cloroquina; veja a repercussão | Coronavírus | G1,"Quando as mortes dos pacientes com Covid 19, causadas pelo uso indevido19 da droga cloroquina e  hidroxicloroquina, começarem a serem reportadas, vou divulgar os nomes dos criminosos que estão em defesa e recomendando o uso das mesmas sem nenhum fundamento  científico.",0,0.9851174354553223,0.014882547780871391,
Qual é a cloroquina da sua profissão?,problematização de internet tirada do cu,2,0.9851206541061401,0.014879339374601841,
"Ex-Ministro da Saúde Mandetta expõe mais uma falcatrua da ratazana que preside o país: ""ele tentou alterar a bula da cloroquina para indicá-la ao combate da covid-19"".","mas ele ""não rouba""",2,0.9852893948554993,0.014710577204823494,
"Bolsonaristas criam 'corrente do bem' e se medicam com cloroquina, azitromicina e antipulgas",O bom é que eles estão garantindo que o Bolsonaro não será reeleito pois vão morrer muitos eleitores,2,0.9853301048278809,0.014669842086732388,
cloroquina o caralho cura do corona vai ser o dedicated side b,Entidades médicas se posicionam contra protocolo sobre a cloroquina. #Cloroquina #COVIDー19,0,0.9854443669319153,0.014555619098246098,
Se bem que posso trocar a case por cloroquina,"Tomei cloroquina e estou curado da covid-19! Tudo bem que nunca estive contaminado, mas funciona mesmo!!!",0,0.9854816198348999,0.014518334530293941,
Qual é a cloroquina da sua profissão?,vacina anti-cio e quiabo p tratar cinomose os dois a 80km,2,0.9856512546539307,0.01434876024723053,
"Saúde já distribuiu 2,9 mi de comprimidos de cloroquina para estados.","A questão da cloroquina também passa pelo seu custo. Além de poder ameaçar vidas é dinheiro jogado na lata de lixo. O ""despreparado"" só pensa apenas  em atender as suas convicções, geralmente curtas. NACIONAIS1 NACIONAIS2 PARTIDO NOVO",1,0.9856923818588257,0.014307613484561443,
#EuApoioBolsonaro #EuApoioBolsonaro  o Pai da Cloroquina #bolsonaroPaidaCloroquina  obs :  é  a mãe ..,Soca cloroquina nos bolsominions e deixa se fuder,0,0.9857062697410583,0.014293686486780643,
"Bolsonaristas criam 'corrente do bem' e se medicam com cloroquina, azitromicina e antipulgas",VEM GENTE,2,0.9858481884002686,0.014151794835925102,
"Bolsonaro quis alterar bula da cloroquina, diz Mandetta","Meu amigo, PR investiu grana grande nessa merda. Pq pqp.",2,0.9860491156578064,0.01395088154822588,
"um desabafo, os corno q tá comprando cloroquina tirando de quem realmente PRECISA e tomando achando q tá com corona espero q vcs morram",Canalhice do dia: Segundo o ex-ministro Mandetta o governo tentou via DECRETO PRESIDENCIAL alterar a bula da Hidroxicloroquina (através da Anvisa) incluindo a indicação para COVID-19.,0,0.9861575365066528,0.013842424377799034,
Eu queria que insistissem em mim igual o Bolsonaro insiste em usar cloroquina para tratamento...,comecei o dia discutindo o uso da cloroquina com o dono do posto onde abasteço  grande dia,0,0.9862645268440247,0.013735419139266014,
"#ResumoDiário  Regina Duarte deixa a secretaria da cultura, Governo divulga protocolo da Cloriquina e muito mais.  #resumopolitico #politica #nossovoto #reginaduarte #cloroquina","Se o TT vai mesmo coibir palavrões, vamos parar de falar  da ""cloroquina""???",0,0.9866173267364502,0.01338269654661417,
Qual é a cloroquina da sua profissão?,Caio Coppola kkkkkkkkk,2,0.9866913557052612,0.013308669440448284,
"Está se tornando uma irresponsabilidade a manutenção de Bolsonaro na presidência. Decisões baseadas em loucuras como a da Cloroquina, piada com a morte, destruição das florestas, relação com milícias, interf na PF, ameaça à democracia, laranjas. O QUE MAIS PRECISA??",Secretários de Saúde questionam protocolo sobre cloroquina e pedem união contra Covid-19   #Brasi,0,0.9866934418678284,0.013306597247719765,
Ministério da Saúde divulga versão de orientações sobre cloroquina com assinatura de secretários da pasta -,"Antipulgas.  #impeachmentJa #gado #ForaBol卐onaro   Bolsonaristas criam 'corrente do bem' e se medicam com cloroquina, azitromicina e antipulgas",0,0.9867282509803772,0.013271719217300415,
"Pois ė. Cloroquina era santo remédio . Agora que a vaca tá dando leite em pó . Ė uma  droga , ė uma calúnia , ė uma atentado . Globo","Assista a ""GABINETE DE CRISE#15: Cloroquina, a namoradinha do Bolsonaro"" no YouTube",0,0.986887514591217,0.013112475164234638,
- Bolsonaro: Cloroquina ou Tubaína hahahaha - Lula: O Corona veio em boa hora! - Moro: Corona não é piada nem algo positivo. Solidariedade às famílias.  Façam suas escolhas...,Se eu contaminar tomo Cloroquina e se  o Lula contaminar recomendo Tubaína!,1,0.9871156811714172,0.012884307652711868,
"Bolsonaristas criam 'corrente do bem' e se medicam com cloroquina, azitromicina e antipulgas",ANTIPUNGA tá certíssimo mesmo,2,0.9871411323547363,0.012858892790973186,
Qual é a cloroquina da sua profissão?,E vamos de lista,2,0.9871435761451721,0.012856441549956799,
"Deputado bolsonarista morto foi tratado com cloroquina, diz colunista.","Em que fase da doença ele foi tratado com Cloroquina? O protocolo que tem dado resultados positivos é o que administra o remédio na fase I da doença, 5 a 7 dias após o contágio. Essa informação faz toda a diferença.",1,0.9872015714645386,0.012798500247299671,
Qual é a cloroquina da sua profissão?,Cloroquina mesmo (farmacolanda),2,0.9872292280197144,0.01277079712599516,
Vou fazer o teste também  Lula Pt Bolsonaro Haddad Cloroquina Jair Messias Fascista Paulo Guedes,"Sem assinatura de nenhum médico, general libera cloroquina para todas as fases da Covid-19 | Dever de Classe  fbclid=IwAR2Va1POiIHr11gWjFCU_O9m0ggTJfTMiu_w9YcbTUhY6lzdQM _rOSnVGNs#.XsaAdzu_A4s.twitter  MENGELE.",0,0.9872643947601318,0.01273561641573906,
"Ex-Ministro da Saúde Mandetta expõe mais uma falcatrua da ratazana que preside o país: ""ele tentou alterar a bula da cloroquina para indicá-la ao combate da covid-19"".",E SERIO??,2,0.9873508810997009,0.01264918316155672,
"Cloroquina era indicada pelo Jornal Nacional até para grávidas! Hoje, sem teta, a recomendação mudou.  #EuApoioBolsonaro","URGENTE¡!¡!¡ Globo está planejando uma campanha publicitária onde médicos aparecem dizendo "" Eu não prescrevo"" . Se referindo a cloroquina.  #CloroquinaSalvaVidas",0,0.9874096512794495,0.01259027048945427,
"“Quem é de direita toma cloroquina. Quem é de esquerda toma Tubaína”, ironizou Bolsonaro na live, referindo-se a uma marca de refrigerante    Adriano Machado/Reuters",seu merda,2,0.987484872341156,0.012515144422650337,
Mandetta diz que governo federal queria mudar bula da cloroquina,Pra Mandeta ficar fora de linha ?,2,0.9875067472457886,0.012493293732404709,
"URGENTE - STF JÁ SE PREPARA PARA BARRAR O USO DA CLOROQUINA  No julgamento de ontem, o ministro Barroso já deixou claro seu posicionamento ao defender a punição para agentes públicos cujas decisões não sigam critérios científicos.  VAMOS VER ATÉ ONDE VAI O ATIVISMO JUDICIAL",Pra esses deuses da picaretagem não vai ter remédio,2,0.9877089262008667,0.01229106355458498,
para quem gosta de podcasts!  [paulo césar ebbano moreira]  #quinta #donnerstag #thursday #jueves #JeudiConfession,"Bolsonarista desafia o coronavírus, fica doente, e não tem UTI. Está sofrendo em casa!  Alguém sabe me informar se ela já melhorou ? OU se já.... deixa pra lá ! Fique em CASA !  #VacinaBrasil #covid19 #forabolsonaro #bolsonarogenocida #cloroquina #quarentena #assintomático",0,0.9877921938896179,0.012207810766994953,
"Bolsonaristas criam 'corrente do bem' e se medicam com cloroquina, azitromicina e antipulgas",Kkkkkkkk GENTE,2,0.987834095954895,0.012165900319814682,
Qual é a cloroquina da sua profissão?,"""as pessoas não sabem votar"" toda vez q vejo as pessoas falando isso de forma mais ou menos séria ou de forma engraçadinha mas sem ser de meme me da um treco",2,0.9878553748130798,0.012144635431468487,
Qual é a cloroquina da sua profissão?,google tradutor e automedicação,2,0.9879010915756226,0.012098938226699829,
Deputado morto por Covid-19 usou cloroquina,Eles botam cloroquina junto com outros tantos de remedios e depois dizem q a cloroquina que curou. Ela virou o placebo do covid.,1,0.9879705309867859,0.012029409408569336,
Serra apresenta projeto para barrar novo protocolo da cloroquina.,Deputado do PSL do RJ morreu graças a Cloroquina ...,1,0.9880101084709167,0.011989917606115341,
Mandetta alerta para risco de arritmia cardíaca entre idosos e diz que cloroquina pode 'piorar situação'. Ex-ministro da Saúde disse que sofreu pressão para liberar remédio. Ele afirmou que 'conflito' começou após fala de Trump ==&gt;  #G1,Ou seja Bolsonaro mais um vez vai atrás do que o Trump acha ou pretende sem se importar com o povo que colocou ele lá,2,0.9880901575088501,0.01190982386469841,
"Bolsonaristas criam 'corrente do bem' e se medicam com cloroquina, azitromicina e antipulgas","Não acreditam na doença, mas acreditam na cura",2,0.9882198572158813,0.011780100874602795,
Qual é a cloroquina da sua profissão?,cloroquina da area de TI são as gambiarras.,1,0.9884266257286072,0.011573363095521927,
"Bolsonaro quis alterar bula da cloroquina, diz Mandetta",É  verdade isso Arnaldo? Agora que ele vem com a conversa mole? #Mandettajáfoi!,2,0.9885750412940979,0.011424907483160496,
"#Debate360 #GrandeDebateCNN Sobre a pergunta da jornalista da  para representante da OMS, sobre cloroquina,  Resposta: Eu tiro o meu da reta! Entendimento da CNN: Bolsonaro louco, nazista, assassino, impeachment !! Kkkk",Pílula Governo atualiza protocolo sobre cloroquina Bandeira do Brasil Brasil tem 888 mortes e 19.951 novos casos Memorando Enem 2020 é adiado em 30 ou 60 dias Guedes admite prorrogar auxílio emergencial Hospital Hospital das Clínicas recupera mais de mil pacientes,0,0.9885996580123901,0.011400354094803333,
Qual é a cloroquina da sua profissão?,o direito é a cloroquina do direito,2,0.9886110424995422,0.01138890627771616,
"Covid-19: protocolo da cloroquina mudou por 'clamor da sociedade', diz ministério.","O Brasil já é o terceiro país com casos confirmados da doença. Mas tudo bem, a cloroquina de  irá resolver isso.   #ForaBolsonaro",0,0.988699734210968,0.011300256475806236,
Qual é a cloroquina da sua profissão?,ixi tem várias mas a principal é: receita de skincare caseira,2,0.9887332916259766,0.011266657151281834,
Qual é a cloroquina da sua profissão?,os extremos (esquerda e direita) são iguais  Stálin = Hitler,2,0.9888553023338318,0.01114465482532978,
#Coronavírus: Estados não devem aderir a uso generalizado de cloroquina,“ CLOROQUINA É O PASSAPORTE DA PRISÃO PRA BOLSONARO “ #BolsonaroGenocida,1,0.9890016317367554,0.01099831610918045,
"Bolsonaristas criam 'corrente do bem' e se medicam com cloroquina, azitromicina e antipulgas","Gente, que porra ta acontecendo??????",2,0.9890045523643494,0.010995406657457352,
"Bolsonaro quis alterar bula da cloroquina, diz Mandetta","Gente, isso é gravíssimo!",2,0.9890275001525879,0.010972470045089722,
"Bolsonaro quis alterar bula da cloroquina para inserir indicação contra Covid-19, revela Mandetta","Cloroquina e cachaça têm sido os combustíveis das ""lives"" do presidente boca suja e do ex-presidente boca mole.",0,0.9893769025802612,0.010623138397932053,
"Pra direita cloroquina, pra esquerda tubaína, pro centrão propina e no avião do presidente cocaína.",Mil vezes tubaina que cloroquina.,1,0.9894340634346008,0.010565941222012043,
Antipulgas?  Não deveria ser Ivomec?,Lockdown pandemia cloroquina bolsonaro lula jair messias quarentena haddad,0,0.9894417524337769,0.010558287613093853,
"Bolsonaristas criam 'corrente do bem' e se medicam com cloroquina, azitromicina e antipulgas",Só falta o antipsicótico.,2,0.9896278381347656,0.01037220936268568,
"BANDIDO E GENOCIDA   São Paulo não mudará uso da cloroquina, diz Doria - RENOVA Mídia  via",meudeus as pessoas estocando cloroquina que inferno de país,0,0.9896570444107056,0.010342965833842754,
"A piada da cloroquina e tubaina, dita por Bolsonaro, não é um trocadilho bobo apenas. Foi mais uma apologia à tortura. Tubaina no jargão dos quartéis significa tortura por afogamento. #TodosPeloImpeachment","Só por Deus! Não, por todos que não aceitam mais esse absurdo, juntos somos mais fortes #TodosPeloImpeachment #TodosPeloImpeachment  #TodosPeloImpeachment  #TodosPeloImpeachment  #TodosPeloImpeachment  #TodosPeloImpeachment  #TodosPeloImpeachment",2,0.9896798729896545,0.010320118628442287,
"cloroquina, cloroquina cloroquina é meu piru se tu usa pro covid entao vai tomar no cu","Ex-tucana, secretária justifica uso da cloroquina após protocolo sem assinatura",0,0.9898724555969238,0.010127509944140911,
"Bolsonaro quis alterar bula da cloroquina, diz Mandetta",A família bolsonaro vai ter que pagar minha terapia,2,0.9899083375930786,0.010091610252857208,
A verdade sobre a Cloroquina - thread NECESSÁRIA depois da estupidez do Bolsonaro; as referências estão todas citadas neste fio:,"Bolsonaristas criam 'corrente do bem' e se medicam com cloroquina, azitromicina e antipulgas.",0,0.9899170994758606,0.0100829117000103,
"‘Estamos em guerra’, diz Bolsonaro ao justificar uso da cloroquina - RENOVA Mídia  via","""Notícias para você Uso de cloroquina ampliado no Brasil"" Twitter. Você quer me ver surtada. Filho da puta.",0,0.9900750517845154,0.009924975223839283,
#Estudioi Quem tá faturando com a cloroquina? Alguém investigue!,Eu: vou enfiar cloroquina no rabo do Bolsonaro  Minha mãe: tem que enfiar bombinha,0,0.9901812076568604,0.009818853810429573,
"Mário Frias como ministro da cultura. Só pode ser piada. Pelo menos, se perguntarem: Que Mario? - Vamos poder dizer:  Aquele que aplicou cloroquina NA SUA BUNDA atrás do armário.   #ministrodacultura #BolsonaroEnlouqueceu #BolsonaroGenocida #cultura #mariofrias #Bolsonaro","#Debate360 Eu Celso Ribeiro, entendo que estamos vivendo uma pandemia jamais vivida e, em ser cobaia humana viva para a utilização da Hidróxido Cloroquina.  Sou leigo no assunto. Mas, veja o Athur Chioro resistente à utilização do Hidróxido Cloroquina e favorável  à morte.",0,0.9902091026306152,0.009790830314159393,
STF deve barrar protocolo da cloroquina,"Vocês estão torcendo muito pela desgraça do Brasil. Caso um de vocês forem infectados não tomem cloroquina por favor pois, se tomar vai ficar entalado na garganta.",1,0.990263819694519,0.009736149571835995,
Cloroquina é o kool-aid do bolsonarismo.,"7h07 Isa Estaciarini de Brasília para rádio CBN  Jair Bolsonaro, presidente da república, acabou Liberando a cloroquina mesmo com especialistas confirmando que ainda ñ tem estudos comprobatórios confirmando sua eficácia.  Ironizou, a respeito da tubaína. (!)",0,0.990453839302063,0.009546216577291489,
CLOROQUINA PRA TODOS!,Direitos já #BrasilComBolsonaro #PatriotasComBolsonaro #CNNLixo  #CaiuACasaDoSTF #GloboLixo  #AntagonistaLixo  Empiricus  #DóriaBosta #WitzelEstrume,2,0.9904963970184326,0.009503660723567009,
Deputado bolsonarista morto por coronavírus tomou cloroquina,"Era só o que  faltava Lobão diz que CLOROQUINA é uma DROGA perigosa, putz.Conte- nos mais...",0,0.9906244874000549,0.009375502355396748,
"Bolsonaristas criam 'corrente do bem' e se medicam com cloroquina, azitromicina e antipulgas",Podem irem,2,0.9909583330154419,0.009041659533977509,
"O STF mais uma vez barrou o decreto do Executivo e há risco de barrarem o novo protocolo da cloroquina.   Não dá mais, está na hora.","Calma..QUEREM NOS TIRAR DO SÉRIO  AÍ COLOCAMOS MILITAR E DEPOIS Dilmantas, hoje com nome de SININHO, MIRIAM LEITÃO..ARMADAS MATANDO E DIZENDO QUE FOI MILITAR ISSO É  A TAL DITADURA.",2,0.9909629225730896,0.009037093259394169,
"Quer é de direita toma #Cloroquina, quem é de esquerda toma #tubaina e quem não é nada disso toma no Centro. *Como sempre",Mandetta relata como Bolsonaro queria alterar a bula da cloroquina. #mandetta #cloroquina,0,0.9909789562225342,0.00902111642062664,
Mandetta diz que Governo Federal tinha planos de alterar bula de cloroquina    Assassino... #BolsonaroGenocida #ImpeachmentdoBolsonaroURGENTE,tirei uma fotos e de legenda em tudo vo por “facada mal dada do caralho” “presidente fdp” “cloroquina de cu é minha rola” “estrupício jaguara filho da puta cansado da porra” “era só enfia e gira aquela merda”,0,0.9910134673118591,0.008986545726656914,
Serra propõe projeto de decreto que suspende novo protocolo da cloroquina,"No meu entendimento o Serra foi um excelente ministro da saúde. Agora ele está politizando, aí... é melhor ficar no ostracismo que estava. Se ele pegar ou alguém da família, e a situação ficar crítica, ele vai usar a cloroquina ou não? Claro que vai...",1,0.9910240173339844,0.008975991047918797,
"Bolsonaro quis alterar bula da cloroquina, diz Mandetta",De médico e louco esse tem muito.,2,0.991119921207428,0.008880122564733028,
"Serra propõe projeto de decreto que suspende novo protocolo da cloroquina    QUANDO MENOS SE ESPERA, SERRA APARECE... E OS PROCESSOS CONTRA ELE, COM A GRAÇA DA JUSTIÇA,CONTINUAM ENGAVETADOS!",Serra é envolvido até o último fio de cabelo com a indústria farmacêutica,2,0.9911489486694336,0.008850992657244205,
"Os eleitores do Bolsonaro destilaram críticas e revoltas diante da fala de Lula,mas os mesmo ignoram e fingem demência diante de todas as falas e atitudes do atual PR. É muita falta de cloroquina no rabo","Para a direita, cloroquina. Para a esquerda, tubaína. Para o centrão, propina. No avião do presidente, cocaína.  #ForaBolsonaro #ForaBol卐onaro #impeachmentJa #BolsonaroGenocida",0,0.9911612272262573,0.008838769979774952,
"Bolsonaristas criam 'corrente do bem' e se medicam com cloroquina, azitromicina e antipulgas",Meu Deus gente ????????????????????,2,0.99125075340271,0.008749283850193024,
"Deputado bolsonarista morto foi tratado com cloroquina, diz colunista.","Cloroquina deve ser usada no começo. Dito isso, não preciso explicar mais nada.",1,0.991448163986206,0.00855181086808443,
"O problema são as Inas...  Tubainas, cloroquina, propina....",INTERFERÊNCIA!!! STF ADVERSÁRIOS POLÍTICOS...  O STF pode decidir por barrar o protocolo do Ministério da Saúde que receita cloroquina como tratamento para casos leves de Covid-19. E punir para agentes públicos cujas decisões não sigam critérios científicos.,0,0.9915018081665039,0.00849820300936699,
"Bolsonaristas criam 'corrente do bem' e se medicam com cloroquina, azitromicina e antipulgas",perdi pro antipulgas,2,0.991615355014801,0.008384575136005878,
Tubaína e cloroquina rima com a COCAÍNA encontrada no avião do,Mandetta diz que alerta em protocolo de cloroquina é 'distante do razoável'  via,0,0.9917905330657959,0.008209452964365482,
"Presidente financia produção de cloroquina pelo Exército. Teich deixa Ministério da Saúde. Quem assume é general nomeado pelo presidente. Ministro interino nomeia 9 militares num dia, mais 4 no outro p/ cargos na pasta. Ministério libera uso da cloroquina no SUS. Ligue os pontos.","Bolsonaro tentou alterar bula da cloroquina, diz Mandetta    Agora cai, não é possível. #TodosPeloImpeachment nem seria o mais correto, o justo seria #CassaAChapaTSE",0,0.9921396374702454,0.007860417477786541,
"Bolsonaristas criam 'corrente do bem' e se medicam com cloroquina, azitromicina e antipulgas",Faltou Iveemectina,2,0.9922152161598206,0.00778482249006629,
"O ex-ministro da Saúde Luiz Henrique Mandetta revelou que  tentou alterar a bula da cloroquina. A ideia, segundo Mandetta, era colocar “indicação para Covid-19” no texto, o que seria feito por meio de decreto presidencial #Metrópoles",Agola plonto,2,0.9923495054244995,0.007650571875274181,
Senadores questionam liberação de uso da cloroquina para casos leves de covid-19,Senadores DEMAGOGOS HIPÓCRITAS  que se curam com CLOROQUINA querem  negar aos outros a oportunidade de salvarem suas vidas HIPÓCRITAS CANALHAS CORRUPTOS #SenadoCorrupto,1,0.9923611283302307,0.007638851180672646,
"Bolsonaro quis alterar bula da cloroquina, diz Mandetta",Idiota. Médico prescrição off label,2,0.9925253391265869,0.007474585901945829,
"Bolsonaro quis alterar bula da cloroquina para inserir indicação contra Covid-19, revela Mandetta",#Debate360 Deputado do PSL q morreu tomou cloroquina:,0,0.9926401972770691,0.007359733339399099,
"Bolsonaro quis alterar bula da cloroquina, diz Mandetta",mais outro crime e tudo ok,2,0.9927571415901184,0.007242899388074875,
"A nova #FakeNews do desgoverno do bozo. O uso da cloroquina é ""Clamor da sociedade""","Bolsonaro quis alterar bula da cloroquina para inserir indicação contra Covid-19, revela Mandetta | Revista Fórum",0,0.993226945400238,0.006773005705326796,
"Correspondente da , Luís Fernando Silva Pinto, disse que Trump pode ter tomado cloroquina sem saber que o remédio pode causar alucinações e sensação de estar sendo observado.   IMAGINA O BOLSONARO TOMANDO ISSO SEM UMA AVALIAÇÃO PSIQUIÁTRICA PRELIMINAR?  Sei não, hein.","Visitas de hoje no Palácio do Planalto: a imunologista Nise Yamaguchi, que já deu diversas declarações favoráveis ao uso da cloroquina para tratar pacientes com covid-19, e o prefeito do Rio, , que criou protocolo para flexibilizar o isolamento social.",0,0.9938967823982239,0.006103202700614929,
"Bolsonaro quis alterar bula da cloroquina, diz Mandetta",Mandetta precisa abrir a caixa de Pandora.,2,0.9938974976539612,0.006102503277361393,
"Bolsonaro quis alterar bula da cloroquina, diz Mandetta","Mandetta quando apoiou e fez campanha, e posteriormente assumiu o Ministério, sabia que Bolsonaro erra um propagador de genocídio  assassinnaro de vulneráveis.",2,0.9940176010131836,0.005982351489365101,
Mandetta revela que Bolsonaro queria mudar a bula da cloroquina,"""Governo quis alterar bula da cloroquina, afirma Mandetta | O TEMPO""",1,0.994875967502594,0.005123996175825596,
