tweet_1,tweet_2,Class,P(NoConflict),P(Conflict),Conflict
"Estamos em 2020 século 21, as mulheres ainda não aprenderam a usa camisinha e a tomar pílula  hoje em dia só engravidar quem quer , ou a mulher é muito burra  #AbortoNao Se vc sabe DA ,sabe muito bem ser cuida ,é de graça em qlq posto de saúde","Qd vc abre a hastag #AbortoNao, a unica coisa q é impulsionada é esquerdista tentando desmerecer os argumentos de qm é contra com ""mas vc é homem"".  COMO VOCÊ QUER QUE EU RESPEITE ISSO? Aborto é assassinato e qm nn se sensibiliza com isso é psicopata!",0,0.0299728587269783,0.9700270891189576,0
#AbortoNao Jamais ! Sim a vida .,"Vc é contra o aborto por se declarar pró vida, ou é só por causa que seus ""valores monoteísta"" diz que abortar é errado? #AbortoSim",0,0.0352616794407367,0.9647383093833924,1
"#AbortoNunca ENTENDAM quando a pessoa é #AbortoSim Não quer dizer que fará um aborto, só quer que tenha clínica especializada para que pessoas sem condição não tenha um filho.","vcs falam #AbortoNao como se existisse um método contraceptivo 100% eficaz. No final o RICO paga pra não morrer enquanto o pobre morre.  Além de questão de saúde pública, a Terra vai cobrar a conta de ter +7B de pessoas consumindo os seus recursos",0,0.0357142239809036,0.9642857313156128,0
Aborto não é método contraceptivo!antes de escolher seu macho escroto se proteja #AbortoNAO,Vai caça o que fazer e deixa as mulheres escolherem  o que elas quiserem. Se tu não sabe da história não julga! #AbortoSim! Tá subindo # escrota pq tá sem o que fazer? Quer um conselho? Toma conta da sua vida e do seu útero.,1,0.0382687598466873,0.9617311954498292,1
"Pelo simples fato de que matar uma vida humana é completamente diferente de matar um EMBRIÃO, que não contém atividade cerebral, nem sistema nervoso e muito menos é considerado um humano. Você joga sujo quando tenta me atacar ao invés de atacar meu argumento, melhore. #AbortoSim",@ Vida é a partir do embrião.E embrião é vida. Se pode matar um embrião pode matar um ser que acha normal abortar.  #AbortoNao #AbortoNão,1,0.040478978306055,0.9595210552215576,1
"Bagaço pqp, eu nao estou gravido pq sou homem, porém tenho empatia de me por no luga de uma mulher , e saber como e difícil voce ser julgada pela sociedade por tudo oque faz, então que se o corpo e seu... voce faça oque acha certo,#AbortoSim.","#abortonao. Se você defende que a mulher faça o que quiser com o seu corpo, vai defender que a mesma ENTENDA o que está fazendo com o mesmo. Já fizeram pesquisas com as abortistas? O que aconteceu com elas depois do aborto? Depois quem arca com o psicológico da mulher que aborta?",1,0.0411198027431964,0.9588801860809326,1
O mais engraçado é que a maioria é homem que vem defender essa tag #AbortoNao mas na hora de assumir suas responsabilidades simplesmente some e quem se ferra é a mãe que tem que cuidar sozinha.,"a mulher tem a escolha de querer abortar ou não, não adianta vocês contradizerem porque não vai ser vocês q vai sofrer horrores pra sustentar a criança, o feto pode até ser fruto de abuso sexual, e se alguns discordam pfvr recolha os fetos e coloquem eles p morar c vcs #AbortoSim",0,0.0427051596343517,0.9572948217391968,0
"""Ah, mas você vai matar uma vida"" Oh seus bando de borracha, se estudassem saberiam que nas primeiras semanas o bebê nem vida é, MATAR UMA AMEBA IGUAL VC SÓ SE FOR #AbortoSim","não é melhor usar preservativo e outros métodos contraceptivos, invés de acabar com uma vida e correr o risco de morrer também? #AbortoNao",0,0.042775485664606,0.9572244882583618,1
"A vida que vai ser estraga é a da criança, que vai crescer sem ser amada ou em condições necessárias e a da mãe, que nn queria aquele ser com ela e muito provavelmente nn vai conseguir gostar daquele ser #AbortoSim","Se tu matar todos os que não são amados ou que não tem condições mínimas, mata 70 % das humanidade, síndrome do mundo perfeito #AbortoNao",1,0.0436359085142612,0.956364095211029,1
"Mano eu sinceramente fico decepcionada que anos se passam e as pessoas continuam usam umas justificativas completamente sem fundamento, sendo a favor da vida mas quer pena de morte (???)+ #AbortoSim","Tá bom macho hetero, o aborto é escolha sua né que já tem 3 filho espalhado por aí e a mãe sustenta e cria sozinha! #AbortoSim",0,0.0437225513160228,0.9562774300575256,0
E tem homem comentando nas tags porque? Vcs tem útero? #AbortoNão #AbortoSim,Útero eu não tenho mas eu tenho uma vida graças a Deus e vcs q se dizem defensora das mulheres pq vcs não defendem o Direito de Viver da Mulher que está dentro da Mulher  #AbortoNao,1,0.0441616401076316,0.95583838224411,1
Já que todo mundo tá falando sobre isso...Eu sou a favor do aborto somente em caso de estupro! Já vi histórias de mulheres que abortaram somente pq ficaram sabendo que a criança tinha síndrome de down  Então sou contra o aborto não só pé isso mais por vários motivos #AbortoNAO,você eh a favor da vida ou do nascimento???? pois é #AbortoSim,0,0.0445183664560318,0.9554816484451294,0
Sou a favor do aborto em todos os casos. #AbortoSIM,"Enquanto você grita fica em casa,  em quarentena para ""salvar vidas""... ""Toda vida importa para mim""... menos a de bebês no ventre materno.  Isso não te torna menos criminosa que um assassino ou um estuprador. #AbortoNAO",1,0.0464476607739925,0.9535523653030396,1
#AbortoNao Bando de vagabundas e feministos,"O estado tem q parar de se meter na vida privada das pessoas e se preocupar mais com suas funções primordiais como segurança e educação.  Meu corpo, minhas regras #AbortoSim",0,0.0465957932174205,0.953404188156128,1
"Sim é o meu corpo, sim é a minha escolha. Independentemente da situação. Há imensas coisas que podem acontecer desde violação até à falta de proteção. Para mim a mulher decide.   #AbortoSim","Concordo e respeito que seja a tua escolha, mas abortar por falta de proteção não é uma razão válida, apartir do momento em que os centros de saúde ta dão, senão queres usar, porque não é o mesmo, ou se tens vergonha por alguma razão de ir pedir, não devia sequer ter relações",2,0.0484376400709152,0.9515623450279236,1
"Nenhuma sociedade civilizada permite que um ser humano intencionalmente prejudique ou tire a vida de outro sem punição. O aborto não é uma forma de contracepção, mas assassinato. Quem defende essa monstruosidade está fazendo apologia e deve responder criminalmente. #AbortoNao!",Não existe aborto em sociedade civilizada? E os Estados Unidos que vocês tanto babam ovo é o que? Legalização do aborto não é assassinato é questão de saúde pública!!!,2,0.0487192496657371,0.9512807726860046,1
"(  ) Metodos contraceptivos (  ) Mandar para adoção (X) Assassinar a Criança  A pessoa tem todas as chances de seguir a vida sem culpa mas prefere assassinar uma criatura indefesa.   Depois vem falar de amor, empatia, bla bla bla   #AbortoNao",mds eu n tô lendo isso #AbortoSim,1,0.0499754734337329,0.9500244855880736,1
Aborto não é Método Contraceptivo!!!#AbortoNao,"O aborto deveria ser considerado até os primeiros 80 anos do feto, ou se a mãe não quiser manter um ser crescendo dentro dela  #AbortoSim",0,0.0519570596516132,0.948042929172516,1
Melhor não ter um filho Que uma gravidez indesejável  Aborto não é assassinato   #AbortoSim,"Não temos útero? Beleza, mas não é você que está sendo gerado esperando para vir ao mundo. Não é seu corpo, é o corpo do bebê. Então, cala a boca!  #AbortoNao",0,0.0520892441272735,0.947910726070404,1
"ENTENDAM vc ser contra o aborto, não vai fazer com que ele não exista! só vai fazer com que mulheres pobres e negras continuem abortando e morrendo  #AbortoSim","#AbortoNao   Feto não é propriedade da mulher, feto é a formação de um ser humano,  criado pela união de dois materiais genéticos, logo o pai tem tanto direito sobre o feto quanto a mãe. Essa tentativa escrota de tirar homens do debate sobre aborto é coisa de feministas malucas.",0,0.0526869185268878,0.9473130702972412,1
#AbortoNao #abortonao se não quiser gerar uma vida usa os meios contraceptivos e não o aborto para tirá-la. Obs: sou mulher,o corpo é da mulher e ela faz o q quiser com ele #AbortoSim,0,0.0538713671267032,0.9461286067962646,1
"#AbortoNao, se previnam, ou agem irracionalmente quando o assunto é sexo!","Se você entende de classe ontólógica, e a relação entre ato e potência na metafísica aristotélica você sabe que aborto é uma agressão a liberdade, e se existe excessão à regra, não existe regra.   Agora, se você NÃO entende sobre esses assuntos, não opina sobre aborto  #AbortoNAO",0,0.0545895285904407,0.945410430431366,0
"Quer dizer que na hora de abortar o homem não pode opiniar,  mas assim que decidem que vão ter o bebê correm para justiça e exigem reconhecimento dos seus ""DIREITOS"" e ""DEVERE$$$"", não abrem mão dinheiro na conta.#AbortoSim","Mds gente, o que rolou que a #AbortoNao está em 1 lugar no tt??????????",0,0.0557464063167572,0.9442535638809204,0
"Que decepcionante acordar e ver a tag #AbortoNao. Primeiro que o corpo é da mulher e ela tem sim, DIREITO e mesmo que fosse um homem ele também teria. Nem todos tem condição de cuidar de um filho. E fala sério, o feto NÃO SENTE NADA. Já foi comprovado isso.","Se o corpo é seu, cuide dele, pra não ter que cuidar do corpo de outro !!! #AbortoNao",1,0.0565306656062603,0.9434694051742554,1
A Sociedade condena a mulher que NÃO  quer ter  um filho e apoia o homem que mesmo tendo escolhe NÃO  ser PAI.#AbortoSim,"A galera a favor da quarentena sem fim está muito preocupada com a vida, chamam Bolsonaro de Genocida e assassino, mas são a favor do aborto. Afinal são a favor ou contra a vida!? #AbortoNAO",0,0.0570175349712371,0.9429824948310852,1
"#AbortoSim #AbortoNao Pena de morte para abortistas! Um crime tão bárbaro, o de assassinar uma vida humana sem nenhum direito de defesa, só pode ter uma pena justa se quem o fez pagar com a vida.","que vida? feto não é criança, entenda, #abortosim",1,0.0573724992573261,0.942627489566803,1
Apoio em 95% dos casos.   #AbortoSim,"Jesus Volta logo, que porra de país  é  esse?  Nojo Nojo Nojo Nojo... O que diz o PAPA esquerdista?  #AbortoNao",0,0.058791909366846,0.9412080645561218,1
"#AbortoNao não usam camisinha porque o macho não gosta, mas tem outros métodos, anticoncepcional, pílula do dia seguinte, Diu, e uma pitada de vergonha na cara.","Nada ou quase nada muda na vida de um homem quando ele tem um filho. Absolutamente tudo muda na vida das mulheres. Se um homem pode abandonar uma criança antes mesmo do nascimento, uma mulher tem o direito de abortar. #AbortoSim",0,0.0602031461894512,0.9397968649864196,1
"Todo mundo que apoiava a escravidão era livre, todo mundo que apoia o aborto já nasceu.   Falam em ""aborto seguro"". Pergunto, para quem? Afinal, o bebê sempre morre. #AbortoNao","Que comparação bosta. Um feto nem sente nada pra começo de conversa, um escravo já era uma vida formada e com emoções, já um feto (????) Sentido 0 E as milhares de mulheres que engravidam e morrem em clínicas clandestinas? Nelas tu não pensa e sim em um embrião que nem vida tem.",2,0.064651682972908,0.9353483319282532,1
"#AbortoNunca ninguém é obrigado a seguir o seu código moral. Legalizar o aborto não significa todo mundo abortar, significa menos mulheres mortas. #AbortoSim","Que coisa escrota é essa de abortosim e abortonao? A mulher q consegue fazer um também n é ""a favor"", mas cabe a ela (exclusivamente) decidir a sua necessidade!",0,0.0649562776088714,0.9350436925888062,0
O lugar onde a criança deveria ter a maior proteção do mundo está virando o lugar onde ela sofre mais atentados contra a propria vida  #AbortoNao,Ela não sente nada porra  #AbortoSim,1,0.0656321421265602,0.9343678951263428,1
#AbortoSIM e se você discorda fodase,Todos que são a favor do aborto já nasceram. Não mate uma uma pessoinha indefesa. #AbortoNao,0,0.0660354271531105,0.9339645504951476,1
As mesmas pessoas que defendem #AbortoNao são aquelas que são contra educação sexual nas escolas levando(as crianças e adolescentes) a ter DST e gravidez na adolescência resultando no aborto do feto  A hipocrisia e a ignorância desse povo é de cair o c# da bunda,"Como hipocrisia? Não somos contra educação sexual, somos contra a erotização de nossas crianças e ideologia de gênero. Não confunda as coisas. Gente burra",2,0.0666816309094429,0.9333184361457824,1
"Me surpreendendo com as pessoas brigando aqui no twitter pelo direito de matar, subindo tag com apoio ao aborto. NÃO VENHA FALAR AQUI QUE É QUESTÃO DE SAÚDE DA MULHER QUE NÃÃO ÉÉ.  #AbortoNao #AbortoNao","Como é feito o assassinato de bebês que você defende: #AbortoNao  1- Por Sucção  Insere-se no útero um tubo oco que tem uma ponta afiada. Despedaça o corpo do bebê que está se desenvolvendo, assim como a placenta e absorve ""o produto da gravidez""(bebê),depositando-o  em um balde+",0,0.0671224668622016,0.932877480983734,0
Ser favor da legalização do  aborto não significa querer abortar e sim entender que cada mulher faz oq julga melhor para seu próprio corpo e entender que se no seu corpo manda Deus no meu mando eu  #AbortoSim,ISSO NAO FAZ SENTIDOO #abortonao,1,0.0672171041369438,0.9327828884124756,1
"Quem defende aborto não trm alma, está morto por dentro. #AbortoNao",Quarentena dia 63: tentei fazer uma esculturinha com sabonete em barra  Pra primeira vez acho que ficou até bom  (#AbortoSim a decisão deve ser da mulher e deve-se ter a segurança pra fazer isso sem riscos),0,0.0690508335828781,0.9309491515159608,1
#abortonão #abortosim  onde que aborto é assassinato sendo que é só um monte de células até os três meses?,"#AbortoNão #abortosim  e gente, a questão não é o aborto, é sobre saber que vc tem o poder de escolha sobre seu corpo",1,0.070058561861515,0.9299414157867432,0
"não existe um único motivo plausível que justifique o fato do aborto não ser permitido um só, nem que seja religioso, não tem ou seja: #AbortoSIM","Quer decidir sobre o seu corpo? Se previna e crie suas regras! Surgiu outra vida? Perdeu a autonomia. Outro corpo, outras regras! #AbortoNao",0,0.0714029520750045,0.928597092628479,1
"É mesmo né, útero pra quê? A gente pode tirar a criança e deixar crescer num tubo de ensaio já que o útero é da mulher e ela que decide se ela quer ou não o filho #AbortoSim",Mentalidade genocida. Coisificação - a desumanização do feto é uma das etapas previstas no observatório do genocídio no mundo...   #AbortoNao,1,0.0716843232512474,0.9283156991004944,1
"Não me venham com essa #AbortoNao, não é o estado quem diz o que a mulher deve fazer com seu próprio corpo, ela que deve ter o poder de decisão! #AbortoSim","Homem PODE e DEVE opinar sobre o aborto, porque os bebês não foram feitos com os dedos, amado! #AbortoNao",2,0.0718902349472045,0.9281097650527954,1
não acredito que ainda tenho que ficar lendo essas coisas...  será que nunca as mulheres vão ser respeitadas como merecem???? #AbortoSIM,voltaremos no tempo ai pediremos para a MIMOSA que te colocou no mundo pelo cooooooool assassinar vc sua peluda dos infernos. #AbortoNAO,1,0.0759994834661483,0.9240005016326904,1
#AbortoNao esquerdistas assassinos,"Pra mim, pode abortar até o 9° mês de gravidez. Se é vida ou não, acho q a discussão não importa, o bagulho da morte n é nem a dor e sim as coisas de valor sentimental q vc perde q é bad e no caso do bebê não tem nenhuma. #AbortoSim #AbortoNao",0,0.0766312032938003,0.9233688116073608,1
"se vc não quer abortar não aborte, vc n é obrigada a abortar só pq é legalizado, mulheres q não querem ter o filho vão abortar sendo legalizado ou não, a legalização só faz com q elas tenham o aborto com mais SEGURANÇA. Não imponha sua opinião sobre o país todo. #AbortoNao",Quem tem que ser contra ou a favor do aborto é quem vai engravidar. E o presidente legalizando ou não as pessoas vão continuar fazendo #AbortoSim,0,0.0769981071352958,0.9230019450187684,0
NO MEU GOVERNO O ABORTO NAO VAI SER LEGALIZADO   VAI SER OBRIGATORIO #ABORTOSIM,Pessoa que defende aborto é lixo total. #AbortoNao,0,0.0779036730527877,0.922096312046051,1
#abortoNAO só Deus tem direito de tirar a vida aborto nunca,N sei oq aconteceu mas só concordo #AbortoSim,0,0.0783231407403945,0.9216768741607666,1
"Pensa gente... se sua mãe tivesse abortado, vc não estaria sendo a favor. Seria estar mais feliz c sua vida. #AbortoNao",Escreve direito. #AbortoSim,1,0.0795263946056366,0.920473575592041,1
Se não é pra abordar não é pra bater punheta também. Espermatozoide tem reacoes naturais de sobrevivencia sendo assim é uma vida também. #AbortoNao,"Sou contra o aborto, mas a favor da mulher poder escolher!!!!!#AbortoSim",0,0.0823867470026016,0.9176133275032043,0
"Nenhuma sociedade civilizada permite que um ser humano intencionalmente prejudique ou tire a vida de outro sem punição. O aborto não é uma forma de contracepção, mas assassinato. Quem defende essa monstruosidade está fazendo apologia e deve responder criminalmente. #AbortoNao!","Essa mulherada fica dando pra qualquer um, não se cuida (detalhe: o Governo DÁ camisinhas) e depois quer assassinar um bebê. Se elas morrem tentando um aborto é mais do que merecido. Não trepem que não engravidam #AbortoNao",1,0.0828204825520515,0.9171794652938844,0
Eu tenho 2 motivos de ser a favor do aborto. 1. Tem mulheres q engravidam e n tem como sustentar a criança. Sério q vcs preferem vê a criança passando fome e n tendo uma boa qualidade de vida???? 2. Tem mulher q é violentada e esse n é um filho q vai trazer (+)  #AbortoNao,Criminalizar o aborto fere os direitos humanos. Quem disse? A ONU! #AbortoSim,0,0.0839527994394302,0.916047215461731,0
"Um bando de filha da puta falando sem útero, sem opinião...FIZERAM O FILHO COM O DEDO CARALHO? O corpo é seu mas o bebê não faz parte do seu corpo. não é um órgão que você remove quando quer. É uma vida feita por um homem e uma mulher suas cretinas. #AbortoNao","Em crise social, uns sendo presos e espancadas por querer fazer uma caminhada, condenados sendo soltos, e o STF quer aprovar isso? Essa ocisão não é nada propicia para essa decisão.  #AbortoNao",0,0.0857865810394287,0.9142133593559264,0
Acho que vai esfriar bastante amanhã #AbortoNao,"ninguém é a favor do ato de abortar, estamos falando de LEGALIZAÇÃO, para que as mulheres tenham segurança e não corram riscos no processo. e disso nós somos a favor. #abortosim",0,0.0859599262475967,0.9140400290489196,0
#AbortoNao E SE FOSSE VOCÊ CONTANDO OS MINUTOS PARA SER ESQUARTEJADO(A) NA BOLSA GESTACIONAL ?,"#AbortoNunca ENTENDAM quando a pessoa é #AbortoSim Não quer dizer que fará um aborto, só quer que tenha clínica especializada para que pessoas sem condição não tenha um filho.",0,0.0861352235078811,0.91386479139328,1
Educação sexual para decidir! Contraceptivos para não abortar! Aborto legal e gratuito para não morrer!  #AbortoSim #NenhumaAmenos #NiUnaAMenos,"Enquanto você grita fica em casa,  em quarentena para ""salvar vidas""... ""Toda vida importa""...para você  menos a de bebês no ventre materno.  E outra você não tem ventre, aqui não é seu lugar de fala, assassino de bebês.  #AbortoNao",1,0.0869814455509185,0.913018524646759,1
"É sobre as mulheres terem escolha. Se uma gestante com feto com zika vírus quiser seguir adiante com a gravidez, ela tem td o direito. Se ela quiser interromper a gravidez, ela deve ter td o direito tb. Simples! #AbortoSim","Na boa, a mulher tem que ter o direito de escolher se vai parir um feto inviável ou não. É FETO INVIÁVEL, não é uma criancinha bonitinha que vai sobreviver, pô. #AbortoSim",2,0.0873768404126167,0.9126232266426086,0
Kkkkkkkkkkkkkkkkkklll um homem desse tem que no minimo tomar uns 50 tiro no meio do cu pra aprender a virar gente,Que bom que a carapuça serviu para vc...se uma vadia faz isso ela tem que ter seu clitóris extirpado,1,0.0885454788804054,0.9114544987678528,1
meu deus #abortonao e #monarquiaja nos tt corona por favor leve todos,"Lógico que esse número deve ser bem maior em 2020 né, mas homem só se preocupe em não matar o NEMNEM #AbortoSIM #AbortoNão",0,0.0927506312727928,0.9072493314743042,0
"É assassinato sim! Quem faz, que pese na consciência pelo resto da vida. Nunca terá paz interior.  É assassinato sim! #AbortoNao","terá paz, sim. não abortar quando há essa vontade, é crueldade, se você não quer a criança, não irá a amar, cuidar e tratar ela como ela precisa. posso dizer que não ter o amor da própria mãe, é uma das coisas mais horríveis que uma criança pode passar. #AbortoSim",1,0.0935326591134071,0.9064673185348512,1
não acredito que ainda tenho que ficar lendo essas coisas...  será que nunca as mulheres vão ser respeitadas como merecem???? #AbortoSIM,"Muito surreal ver o pessoal da TAG #AbortoNao querendo decidir como a mulher tem que lhe dar com o próprio corpo...  -Sem útero, sem opinião  #AbortoSim",1,0.093607373535633,0.9063925743103028,0
Ser favor da legalização do  aborto não significa querer abortar e sim entender que cada mulher faz oq julga melhor para seu próprio corpo e entender que se no seu corpo manda Deus no meu mando eu  #AbortoSim,Simm... sou a favor mas nunca faria um aborto,2,0.0944534391164779,0.9055466055870056,0
Sou a favor. #AbortoSim,Pena que tua mãe foi contra aborto.,2,0.0969336852431297,0.9030662775039672,1
"Aproveitando a tag #AbortoNao, gostaria d estatar q eu saía c um cara q era contra o aborto e condenava mulheres q ja abortaram, ms ele só transava sem camisinha KKKKKKK ainda bem q pulei fora e n fiz nada c esse mongol","Não é tão difícil de entender que o aborto já existe.. é uma realidade! A legalização só vai evitar que mulheres, em sua grande maioria pobres, morram em clínicas clandestinas.. #AbortoSim",0,0.1001468822360038,0.8998531103134155,0
"Só pra lembar que 5,5 milhões de crianças no Brasil não tem o nome do pai no registro, mas nem por isso abandono paterno é considerado crime   #AbortoNao #AbortoSim","@ Solução pra você é matar esses 5,5 milhões? #AbortoNao",1,0.1009418740868568,0.8990581631660461,1
"“Ah, mas ele já me ama, tem sentimentos”  Tudo bem você pensar assim. Não tem nenhum problema. Mas ele precisa de um cérebro para ter os sentimentos, para amar você e saber o que está acontecendo. É o cérebro que comanda tudo #AbortoSIM",Se você não quiser abortar e seguir com sua gestão até o final você tem total liberdade para isso. Assim como uma mulher que não quer gerar uma criança dentro dela deveria ter o direito de interromper essa gestação #AbortoSIM (obs: no prazo em que o feto não sente nada),1,0.1027777120471,0.8972223401069641,0
Não normalize a ignorância!!  Não acha aborto certo? Não aborte. Não impeça outra pessoa de realizar de forma segura. #AbortoSim,Gente que tá defendendo #AbortoNao  por favor não usem o argumento do estupro (como única condição para o aborto). Eu acho horrível acharem que para a mulher ter direito de opinar sobre o próprio corpo ele tenha que ter sido violado antes.   #AbortoSIM,0,0.1029518991708755,0.8970481157302856,0
"O que deve ser defendido é o acompanhamento psicológico da mulher após o estupro, para ela ter ciência e consciência do que fazer. Não é culpa da criança a situação na qual é concebida, ela não deve ser punida.  #AbortoNao",Antes desse tema ser tratado deveriam criar uma lei rígida para pais irresponsáveis que não assume seus filhos e deixam mães sozinhas com tamanha responsabilidade...#AbortoSim,0,0.1069203093647956,0.8930796384811401,0
#AbortoNao  Aborto deveria ser caracterizado com crime doloso qualificado.,"Em relação a esse tema, eu sempre parto da premissa de que: o aborto é uma questão de direitos sexuais e reprodutivos – Todas as pessoas têm o direito de decidir sobre seu corpo, sua liberdade e seu futuro. #AbortoSIM",0,0.1069704592227935,0.8930295705795288,1
"O problema não é o aborto,pois existem vários casos como gravidez de risco etc... o problema são homens e mulheres irresponsáveis que fazem sexo sem pensar nas consequências,como a gravidez,então como dito o problema são vcs #AbortoNao",Que não pensam se poderão dar uma vida digna tanto para a criança como para vcs mesmo #AbortoNao,1,0.1086805462837219,0.8913193941116333,0
"Uma mulher tem o direito de fazer o que ela achar melhor pra ela e não precisa da opinião de ninguém, e para os homens que subiram essa tag, é aquele ditado né, sem útero, sem opinião #AbortoNao","Sem útero, sem opinião",2,0.1115697920322418,0.8884302377700806,0
"vim aqui com meu útero (pq é isso que se usa pra opinar aqui) pra dizer que sim, um feto é uma vida, e não eu não fui doutrinada pela igreja pra pensar isso, eu estudei, e não, você não tem o direito de me xingar nos comentários pq eu penso diferente.  #AbortoNao","É que você ter útero e dizer que não faria um aborto é uma escolha e é importante ter liberdade pra escolher, assim como eu, que também tenho útero, gostaria de poder escolher fazer um aborto, caso julgasse necessário.",2,0.1152318492531776,0.8847681283950806,1
O aborto deve ser uma escolha única e EXCLUSIVAMENTE da mulher. A legalização do Aborto não significa que você é pro-morte mas sim que não quer mulheres pobres morrendo em clínicas de aborto clandestinas por não ter dinheiro para pagar por clínicas caras  #AbortoSim #AbortoNão,adoro entrar nessa discussão pq sou contra o aborto e a favor da legalização,2,0.119607038795948,0.8803929686546326,0
#AbortoSim pq nenhuma criança merece nascer nesse mundo horrível e nenhuma mulher merece ser mãe sem amar a criança,Tudo pela vida! #AbortoNAO,0,0.1203890666365623,0.8796108961105347,1
Se vc não foi abortado vc não tem ligar de fala  #AbortoSim É burrice,#AbortoNao seus filhos da puta.,0,0.1251343041658401,0.874865710735321,0
Esses hômi que tão se meteno a falá #AbortoNao  tão em dia com as pensão??,"Pois é...Se os homens engravidassem, o aborto já seria legalizado há mto tempo #AbortoSim",1,0.1289849430322647,0.8710151314735413,0
"porra de #AbortoNao , se a mulher quiser abortar por algum motivo ou não, ELA q deve decidir, q saco","“Homem não tem lugar de fala sobre aborto.” Ué, e se o bebê for homem? #AbortoNao",0,0.1297284662723541,0.8702715039253235,1
"Camisinha não é 100% seguro pode rasgar e furar, o aborto também não é 100% seguro a mulher pode estar na melhor clínica que ela pode morrer fora as questões psicológicas que vem depois do aborto essa nenhuma clínica vai poder tirar o peso na consciência.   #AbortoSim","A galera do #AbortoSIM  pensa que é assim vai lá aborta e fim resolveu o problema, o Sus demora provavelmente quando a moça ligar para a mulher autorizando o aborto o bebê já vai está nascido. Clínica particular um aborto seria um absurdo.",1,0.1312766820192337,0.8687233328819275,0
Defender o aborto depois que vc nasceu é fácil! #AbortoNunca #AbortoNao,KKKKKKKKKKKKKKKKKKKKKKKKKKKKKKKKKKKKKKKKKKKKKKKKKKKKKKKKKKKKKKKKKKKKKKKKKKKKKKKKKKKKKKKKKKKKKeu nem queria nascer meu amor,2,0.1323969513177871,0.8676031231880188,1
"Pra quê aborto, se você pode:  1° Fechar as pernas.   2° Tomar remédio.  3° Usar preservativo.  #AbortoNAO",Para ficar dizendo que anticoncepcional faz mal e continuar levando leitada no fundo do útero.  #AbortoNao,1,0.1384422183036804,0.8615577816963196,0
Vc n pode ser comunista e ao mesmo tempo defender que seu corpo é uma propriedade privada KKKKKKKKK,Muito menos se dizer cristã e feminista. #AbortoNAO,2,0.138647049665451,0.8613529801368713,0
#AbortoNao  Aborto é caro  Não quer ter filho? Usa o aro.,Se fosse só se preservar não haveria gravidez indesejada #AbortoSim,1,0.138726606965065,0.8612733483314514,1
"O aborto tem q ser permitido, pra evitar q crianças cresçam em ambientes onde não são amadas, vivem passando necessidades e acabam sofrendo grandes traumas! Essa foto é de um bb q nasceu com o DIU na cabeça, nenhum modo de prevenção é 100%  #AbortoSim",""" engravida quem quer"" hmmm... sério? #AbortoSIM",2,0.1427035927772522,0.8572964668273926,0
"Todo mundo que apoiava a escravidão era livre, todo mundo que apoia o aborto já nasceu.   Falam em ""aborto seguro"". Pergunto, para quem? Afinal, o bebê sempre morre. #AbortoNao",kkkkkkkkkkkkkkkkkk GENTEkkkkk o bebe sempre morre,2,0.1481568813323974,0.8518431186676025,1
Aborto é homicídio. Aborto de feto feminino é feminicídio. #AbortoNao,eu não acredito que estou lendo alguém dizer que um feto tem genero,2,0.1512949764728546,0.848704993724823,1
"Esquerdopatas defendendo o direito de matar bebês na barriga das suas mães.  Nesse caso, quem defende o direito à vida, poste:  #AbortoNAO !",O mais momento a luta não é pela vida? #AbortoNAO,1,0.1527845710515976,0.847215473651886,0
"Pq as pessoas ligam tanto pro aborto e não pro abandono paternal, vamo criar vergonha na cara né #AbortoSim","O sou a favor do aborto, mas não concordo quando dizem que é uma decisão exclusiva da mulher. Se o parceiro pedir para a mulher abortar e ela quiser prosseguir na gravidez, ele não deveria ser responsabilizado pelo bebê. A mãe decidiu prosseguir, não ele.  #AbortoSim",0,0.1531413197517395,0.8468586802482605,1
"""Quem é cidadão de bem se sair na rua pode ser preso por desobediência...  Mas quem está preso por assalto, estupro, roubo, agressão, será solto."" E pra piorar STF quer aprovar o aborto. Se mundo for acabar esse ano eu aposto que começa  aqui. Eita bandidagem!   #AbortoNao","Gravidez acidental o caralho, tem uma caralhada de métodos contraceptivos disponíveis, aborto não é saúde pública e o bebê não faz parte do corpo da mãe. #AbortoNao",0,0.1537462174892425,0.8462538719177246,0
O bem venceu o mal #AbortoNAO,#AbortoSim quem é contra aborto que adote pelo menos 1. Desafio posto.,0,0.1557909697294235,0.8442090153694153,1
Viva a vida. Não ao  #AbortoNao,"Engraçado que aqueles que defendem o aborto são os mesmo que dizem pra ficar em casa pra não morrerem de coronavírus, a hipocrisia e incoerência a gente vê por aqui  #AbortoNao",0,0.1573787033557891,0.8426213264465332,0
Que # é  essa? Porra de aborto... se não  quer ter filho  é  so se prevenir  se engravidou assuma as consequências dos seus atos.  #AbortoSim,Aborto não  #AbortoNao,0,0.1579738557338714,0.8420261740684509,0
"Só pra lembar que 5,5 milhões de crianças no Brasil não tem o nome do pai no registro, mas nem por isso abandono paterno é considerado crime   #AbortoNao #AbortoSim","@ Aborto não, aborto é crime, há um inocente sem crime algum. Você ainda tem coragem de defender isso? O criminoso é você quem devia ter sido abortado era você!!  #AbortoNao  #ABORTONAO",1,0.1697068363428115,0.8302931785583496,1
#AbortoNao  Melhor dizendo assassinato de criancinhas no ventre das suas mães.,"Legalização do #AbortoNao é papo pra homem. A decisão não é sua, é da mulher. E mulheres, vcs também não tem o direito de opinar sobre oq uma mulher vai fazer com o feto, vc decide o seu caminho, não o das outras.",0,0.1714217364788055,0.8285782933235168,1
"vim aqui com meu útero (pq é isso que se usa pra opinar aqui) pra dizer que sim, um feto é uma vida, e não eu não fui doutrinada pela igreja pra pensar isso, eu estudei, e não, você não tem o direito de me xingar nos comentários pq eu penso diferente.  #AbortoNao",primeiro que isso não é nem um feto,2,0.1726765036582946,0.8273234367370605,1
"Sei, ela sabe disso? Que você é casado com ela? Ela é um manequim também?",Rapaz como até essa aí da foto com vc,1,0.1754584908485412,0.8245415091514587,1
"#AbortoNao #AbortoSim mano,eu penso assim : se a mulher fala ""falo oq eu quiser com meu corpo,ninguém manda nele "" mas querem abortar o feto,tipo o feto não é seu corpo,por quê vai decidir por ele?",Não normalize a ignorância!!  Não acha aborto certo? Não aborte. Não impeça outra pessoa de realizar de forma segura. #AbortoSim,0,0.1798782795667648,0.820121705532074,1
"É uma VIDA indefesa, que não pediu para ser gerada. Ela está aí? Deixe-a vir. Não tem condições (física, financeira, emocional...) para cuidar? Não mate! Entregue para adoção.  STF, diga não ao aborto. #AbortoNao #AbortoNunca",Não tem condições pra cuidar dos filhos dos outros? Então não dê pitaco sobre o aborto dos outros. #AbortoSim,1,0.1867113262414932,0.8132886290550232,1
"""vocês que usam a tag #AbortoNao são exatamente isso:"" mulheres abortistas são exatamente isso:",Pqp kkkkkkk,2,0.1928097456693649,0.8071902990341187,0
"Já questionei várias vezes, mas até agora nada.  Sabem de algum caso em que a mulher abortou o filho de um jogador de futebol?  #AbortoNao!","ok então, cada vez que uma mulher quiser abortar você vai cuidar dessa criança dps que ela nascer ok?",2,0.202580451965332,0.797419548034668,1
Só pra lembrar que eu sou a favor da liberação do #AbortoSim,"SOMOS contra o aborto! Ajudem, vamos mostrar a eles que não concordamos com isto!  #AbortoNao",0,0.2059483826160431,0.7940515875816345,1
"Pior. Imagine se xilique se junto com o aborto livre no SUS, o  homem fosse desobrigado de pagamento de pensão em caso de não existir relacionamento prévio.","Eu chegaria nisso, se a mulher pode escolher não ter, caso o homem não queira e ela insista, ele fica livre da pensão?",1,0.2100206911563873,0.7899793386459351,0
#AbortoNao a vida é muito valiosa para ser extinta por alguém m.,Ai gente temos sempre que reforçar #AbortoSim,0,0.2109700590372085,0.7890299558639526,1
"O STF pautou para o dia 24 de abril o julgamento de uma ação que autoriza o aborto em casos de infecção por zika vírus. Enquanto estamos lutando pela vida no caso coronavirus, alguns lutam pela morte. O diabo NUNCA dorme. #AbortoNao","Apesar que o aborto tá previsto em lei,em casos de estupro,gravidez de alto risco no qual a mãe corre o risco de morrer,quando os bebês nascem com ausência de cérebroaté aí é o direito delas,mas muitas querem abortar como fosse ir no banheiro defecar,#AbortoNunca  #abortoNao",1,0.2208556532859802,0.7791443467140198,0
"Ser humano, se tornem humanos!!!#AbortoNao","Homem não tem o direito de opninar, nem se for o filho dele ? Affs cada uma... #AbortoNao",0,0.2231864482164383,0.7768135666847229,0
"Vamos ser realistas! No Brasil o aborto é proibido, no entando muitas mulheres abortam. #AbortoNao #AbortoSim","Uma criança que vai nascer, por exemplo, de uma usuária de droga, em uma familia desestruturada, é melhor mesmo nem vir ao mundo. Só quem sabe o q é ser rejeitado pela familia sabe como é. #AbortoSim #AbortoNão",1,0.2248097062110901,0.7751902341842651,0
"Nenhuma sociedade civilizada permite que um ser humano intencionalmente prejudique ou tire a vida de outro sem punição. O aborto não é uma forma de contracepção, mas assassinato. Quem defende essa monstruosidade está fazendo apologia e deve responder criminalmente. #AbortoNao!",Se eu comer uma sopa de letrinha cago um argumento melhor que esse,2,0.2377267777919769,0.7622732520103455,1
"E é sempre importante enfatizar que o aborto é uma questão de saúde pública e ñ de crenças. O Estado é laico e por ele ser laico, ele deve promover políticas públicas e ñ religiosas. Essa definição de ""quando começa a vida"" vai variar de acordo com a crença de cada um. #AbortoSIM",A legalização abre portas pra uma política pública mais responsável que pensa nos direitos de todas as gestantes e isso independe de sua religião. #AbortoSIM,1,0.2519106864929199,0.7480893135070801,0
"#AbortoSim   Vejo muitas pessoas dizendo que fetos tem vida, Na real NÃO há uma definição científica para quando eles são considerados uma  A Questão é que no Brasil, O abandono de crianças é extremamente alto, E o aborto é necessário sim  (...)","Dês de que   Tenha uma idade limite para um feto ser abortado, Até cinco meses  Que as mulheres tenham um acompanhamento psicológico  E tenha sido vítima de abuso, ou não tem condição.  Cansada de ver catarrento na rua  #AbortoSim",1,0.2532591819763183,0.7467407584190369,0
"Em época de pandemia, eis que surge o #STF #STFVergonhaNacional  #AbortoNao","a *legalização* do aborto é uma questão de saúde pública e não uma discussão sobre ideologia/crenças, mas acho que vocês ainda não estão preparados para ter essa conversa   #AbortoSim",0,0.2595899701118469,0.7404100298881531,1
Você é favorável a legalização do aborto?,Não sou favoravel ao aborto ! #AbortoNao,2,0.264347642660141,0.7356523275375366,0
"Se fosse é um homem e fala #AbortoNao, cale essa sua boca.   A IBGE aponta que temos mais de 10 milhões de mães solos no Brasil.   Há mulheres que abortam por não ter apoio familiar ou do MARIDO, ou então, pq ela não quer um filho  Como rachel green disse: SEM ÚTERO, SEM OPINIÃO","Sempre há homens que dizem ""se não quer ter filhos, se previna""  Bom, os preservativos mais usados são os masculinos, e se um homem quer ter relações com uma mulher, ele não deveria ter um preservativo na carteira? Só pra depois ele não vir no twitter e twitar #AbortoNao",1,0.2655940055847168,0.7344059348106384,0
se homem ficasse gravido o aborto ia se um mandamento da biblia   #AbortoSim,Imagina vc ser assim não ironicamente,2,0.2663634717464447,0.7336364984512329,1
É um desgosto atras do outro entrar na tag #AbortoNao é cada pensamento retrogrado e egoísta que pqp...,"#AbortoNAO  Vc pode ser contra o aborto sendo homem, mulher o caraio a 4 Homem também fornece material genético pra formar a criança  Sim, somos contra o aborto CHORA",0,0.2717229127883911,0.7282770872116089,1
Ser favor da legalização do  aborto não significa querer abortar e sim entender que cada mulher faz oq julga melhor para seu próprio corpo e entender que se no seu corpo manda Deus no meu mando eu  #AbortoSim,Querer o fuzilamento dos abortistas em paredão não significa puxar o gatilho. E deve ser o único crime que é justificado na bíblia nem Cristo que é puro amor tolera abortistas. #AbortoNao,1,0.2720962762832641,0.7279036641120911,1
"O STF mais uma vez pretende extrapolar suas competências tentando legislar sobre o aborto.  O aborto é a tirania do mais forte contra o mais fraco, um atentado contra vida comparável ao assassinato.  #AbortoNAO",Eu to achando engraçadíssimo um monte de gente sem utero opinando no aborto,2,0.2743375301361084,0.7256624698638916,1
"nós libertários austríacos somos aos mais ferrenhos defensores das liberdades individuais, mas nós não defendemos o aborto indiscriminado, pois esta prática significa uma violação leviana dos direitos naturais do indivíduo que será brutalmente assassinado, o que faz do aborto","algo eticamente desprezível.  Algum acréscimo, ?",1,0.2953622937202453,0.7046377658843994,0
e acredite se quiser mas só não é legalizado o aborto por causa que o nosso país é governado por homens brancos que acham que pode decidir pelo corpo da mulher!!!! #AbortoSim,"Trata-se de uma questão de saúde pública, centenas de abortos são feitos todos os dias. O aborto clandestino mata, a legalização é essencial para assegurar a vida e a dignidade das mulheres #AbortoSim",0,0.2992631793022156,0.7007368206977844,0
"#AbortoNao  Por mais que se tente, não dá para apagar o rastro de um aborto na própria biografia. É uma marca para sempre.","#AbortoSim porque o aborto nesse país já é legalizado para mulheres ricas! Só quem sofre nesse país com métodos precários e ""caseiros"" de abortamento, com complicações graves de saúde e sem tratamento psicológico adequado são as mulheres pobres.",0,0.3048834204673767,0.6951165199279785,1
To só passando pra disser que #AbortoSim,É ridículo quanta gente aqui defende #AbortoNao com religião.  #AbortoSim porque a segurança das mulheres que morrem em clínicas clandestinas também é importante,0,0.3125432431697845,0.6874568462371826,0
O que vai ser julgado no STF vai ser o  aborto em caso de infecção por zika vírus.  #AbortoSim,#AbortoNao kkkkkk só tem macho nessa tag! Depois as pessoas me pergu ntam o pq de eu militar tanto na causa do machismo,0,0.3275979161262512,0.6724021434783936,0
"homens vcs NÃO tem direito de levantar a hashtag #AbortoNao . vcs não engravidam, vcs não passam pelo o parto, vcs n ficam com leite na teta, vcs não tem útero. #AbortoSim #aborto",#AbortoNao  Aborto é caro  Não quer ter filho? Usa o aro.,1,0.3285863995552063,0.6714136004447937,1
Aborto é  elitista e racista pra cacete sim e não ver quem não quer ou é  muito inocente (MUITO).  #AbortoNao,"ue mores, é só vcs n abortarem kkkkkkkkkkkkkk #AbortoNao",0,0.3431366980075836,0.656863272190094,1
Aborto bom é aborto assim. #AbortoSim,"Crianças depois q nascem nem se importam, agr um feto q nem seu filho vai ser quer vir da opinião #AbortoSim  #AbortoNunca",0,0.3504115343093872,0.6495884656906128,-1
O STF que disse que irá obstruir qualquer decisão do governo de acabar com a quarentena pq se importa com vidas pautou para o dia 24/04 decisão que pode legalizar o aborto para fetos com microcefalia. #STFVergonhaNacional,"Não só com microcefalia , mas os que são acometidos de outros males também! Um bando de morcegos assassinos !  #AbortoNao",2,0.3588174879550934,0.6411824822425842,0
"falei sobre aborto me posicionando a favor em meu instagram. se eu já tava perdendo seguidores por causa da minha exposição gay, agora então... Kkkkkkkkkk amo! aguardando os argumentos dos religiosos e conservadores lá. #AbortoSim",educação sexual para decidir contraceptivos para não abortar aborto legal e gratuito para não morrer #abortoSIM,0,0.3598905503749847,0.6401094794273376,0
"#AbortoNao  Se vc defende aborto, seria justificável que você poderia ter sido abortado?  As coisas naturais são uma premissa, o corpo da mulher não deveria ter contato com HPV antes de estar completamente formado. Quando antecipa a maturidade, sexo, tbm antecipam os problemas.",#AbortoNao Se você concorda com a frase acima vai se foder te odeio,0,0.3606017827987671,0.6393982172012329,1
É justo eliminar uma vida humana para resolver um problema? #AbortoNAO,paga de cristão a favor da vida mas quer pena de morte  e a hipocrisia rola solta,2,0.3630327582359314,0.6369672417640686,1
"A tag #AbortoNao já passou dos 100.000 tweets!  Obrigada, brasileiros. Felizmente, só uma minoria apoia ativismo judicial para matar bebês.","Engraçado que todos que apóiam a morte das crianças, estão vivos né  hipócritas Vagabundos #AbortoNao",1,0.3668473660945892,0.6331526041030884,0
Quem é você pra decidir quem vive ou não? O dono do mundo? Eu hein #AbortoNao,É direito da mulher decidir pelo seu próprio corpo e vida! #AbortoSIM #AbortoLegalYa #NiUnaMenos,0,0.3805553913116455,0.6194446086883545,1
#AbortoNao ou #AbortoSim simples e so da o cu nao engravida,"Gente, gente... vocês que estão aí discutindo #AbortoNao #AbortoSIM , tem uma coisa muito mais necessária... #MonarquiaJa",0,0.3920927941799164,0.6079071760177612,0
Uma dúvida: A galera que tá postando #AbortoNao vai arcar com a criação dos filhos das pessoas que postam #AbortoSim?,"Se os #AbortoNao são a favor da vida, todos são contrários a pena de morte?",1,0.3961926400661468,0.6038073897361755,0
queria saber pq tem um monte de mula levantando a #abortonao se nem utero tem...,Pessoal do abortosim abortando neurônios tá engraçado,0,0.4005257487297058,0.5994742512702942,1
"Temos hoje milhares de mulheres morrendo ou adquirindo doenças graves, por causa de abortos feitos em locais não apropriados, com materiais mal higienizado e por pessoas que não são médicas. O aborto já devia ser legal a muito tempo. #AbortoSim",Aborto nunca! #AbortoNao,0,0.4037840366363525,0.5962159633636475,1
"O FEMINISMO É MISÓGINO E RACISTA   Caso o feminismo defendesse as mulheres negras, as feministas seriam radicalmente contra o aborto, posto que a maioria dos bebês assassinados ainda no ventre são afrodescendentes e do sexo feminino.  O FEMINISMO É UMA FARSA  #AbortoNao","Nos EUA as mulheres negras representam 30% das mulheres que abortam, apesar da população afro-americana ser ""apenas"" 13%  A cada 5 mulheres afro-americanas que engravidam, 3 abortam.  O objetivo no Brasil é o mesmo. Eugenia #AbortoNAO",1,0.4042849838733673,0.5957149863243103,0
"Se o STF aprovar(que não é da competência deles) o aborto, tbm devem liberar a eutanásia pra qualquer adulto que já não aguentar mais sofrer num leito de hospital. Se o inocente pode ser assassinado, um adulto consciente deve ter direito de morrer. #AbortoNao",Se a mulher não quer filho e só doar  tirar a vida de um inocente Não e solução  #AbortoSim #AbortoNao,0,0.4122719764709472,0.5877280235290527,0
"Quem precisa de terapia são as abortistas, vadias que não dão valor a vida",Pleno seculo 21 e o minion acha que vadia é ofensa kkkkkkkkkkkkkkk,1,0.413655161857605,0.586344838142395,1
"Mandetta sustentou norma técnica dos governos petistas que permite médicos assassinarem bebês no ventre de suas ""mães"" sem que exista comprovação de violência sexual. Foram mais de 1.700 abortos em 2019, enquanto mães davam à luz em corredores por falta de leitos. #AbortoNao",Mais um motivo para #ForaMandetta,2,0.4243326783180237,0.5756673812866211,0
"As feministas que são a favor do aborto achariam legal um casal querer abortar pelo simples motivo do feto não ser um menino, sonho deles, mas veio uma menina. Seria certo assassinar essa menina por era ser menina, em nome da liberdade absoluta da mulher...?","Pleno 2020  e tem gente usando argumentos como :  ""Quando eu transo ,eu n espero engravidar""  ""Meu corpo minhas regras""  ""Vou matar o feto pra evitar que a criança la na frente sofra""  #AbortoNao",1,0.4289814531803131,0.5710185766220093,0
"""O aborto não é, como dizem, simplesmente um assassinato. É um roubo... Nem pode haver roubo maior. Porque, ao malogrado nascituro, rouba-se-lhe este mundo, o céu, as estrelas, o universo, tudo. O aborto é o roubo infinito."" Mário Quintana  #AbortoNao  #AbortoNunca","""Usar camisinha não é, como dizem, simplesmente um assassinato. É um roubo... Nem pode haver roubo maior. Porque, ao malogrado nascituro, rouba-se-lhe este mundo, o céu, as estrelas, o universo, tudo. Usar camisinha é o roubo infinito.""  #AbortoSim",1,0.4295619130134582,0.5704380869865417,1
Entrei na tag #AbortoNAO e tem muita gente que defende o aborto.  Provavelmente nunca passaram pela experiência de carregar uma vida no seu ventre.  Deveriam perguntar aos seus pais o que acham sobre o assunto.  Não há algo maior no mundo que o amor de mãe.,"E quem não quer criar, dê a criança para adoção. Tem muita gente querendo! #AbortoNao",1,0.4393585324287414,0.5606414675712585,0
Surreal! A corte das trevas tá se aproveitando desse momento pra dar um golpe no  povo e aprovar o aborto! Malditos!  #AbortoNao,"Que bom, eles assumiram a responsabilidade de milhares de mortes, eu só quero ver se tem algum idiota útil que se diz cristão, apoiar esse Castello maldito das trevas, esse STF tem sido morada do diabo.",2,0.4400877654552459,0.5599122047424316,0
"#AbortoNao Incoerência esquerdista. 8:00 ... Fique em casa,vamos preservar a vida.  9:00 ... #AbortoSim","#AbortoSim sabe o pq? se a mulher for abortar não vai ser uma lei que vai impedir ela, ela vai em clínicas clandestinas ou arrumar outro jeito de abortar, podendo correr até mesmo risco de vida dos dois!",0,0.4819856286048889,0.5180143713951111,1
"#AbortoNao KKKKKKKKKK só homem comentando na tag, vão se fuder vermes",Vc não é dona do corpo inocente do bebê! #AbortoNao,0,0.4820246696472168,0.517975389957428,1
#AbortoSim rsrs n vou comentar sobre mas tinha q deixar minha opinião aqui,"Nessa #AbortoNAO só vi gente defendendo a #AbortoSim,bom",0,0.4855178594589233,0.5144821405410767,0
"só os seguidores do bolsonaro nessa hashtag,só argumento pica   #AbortoNao","não posso ver uma tag política que quero participar, neah #AbortoSIM",0,0.4885376989841461,0.5114622712135315,0
Você já nasceu né. Então não impeça de outras vidas de nascer! #AbortoNAO,#AbortoNao vc já nasceu diga nao,1,0.495410680770874,0.504589319229126,0
Métodos preventivos falham se vc n sabe,"Logico que sim, nada é 100%, por isso sexo tem que ser responsável, abrir as pernas e depois lamentar é fácil...",1,0.5186029672622681,0.4813970625400543,1
"Só pra lembar que 5,5 milhões de crianças no Brasil não tem o nome do pai no registro, mas nem por isso abandono paterno é considerado crime   #AbortoNao #AbortoSim",@ Então q coloco responsabilidade n pai. Vamos mayar inocentes pq o pai é  irresponsavel? #AbortoNao,1,0.5223283171653748,0.47767174243927,1
Eu amo ser mãe! #AbortoNao,"Quem não quer filho tirem seus úteros, porque isso é seu!!! #AbortoNao",1,0.5447977781295776,0.4552022516727447,0
"Em meio à pandemia e palavras de todos em preocupação com as vidas, o STF resolve deliberar sobre aborto. Os humanistas que se alimentam de fetos já lambem os lábios.  #AbortoNao",Hmmm que vontade de comer um feto assado com batatas hj,2,0.549022376537323,0.4509777128696441,1
"Dai vem pró vida dizer que só é a favor do aborto em casos de estupro, só reforcam mais que nao ligam para a ""vida"" e sim em crucificar mulheres a respeito do seu consentimento #abortosim",Surreal! A corte das trevas tá se aproveitando desse momento pra dar um golpe no  povo e aprovar o aborto! Malditos!  #AbortoNao,0,0.5653364658355713,0.4346635043621063,1
"#AbortoNao Pessoas que comentam sobre isso:  Não vão criar a criança, acham que orfanato é igual chiquititas, tem uma realidade de vida oposta da mulher, matam animais inocentes que sentem a mesma dor de uma criança, dão mais valor a um feto que a vida de uma mulher!",A coisa mais correta e sensata que já li inclusive,2,0.5731454491615295,0.4268546104431152,0
"Aborto tem que ser legalizado sim, mas vocês não estão prontos pra essa conversa.  #AbortoSim","STF quer o caos, eles vivem do sangue alheio. São iguais a Marina Abramovic, usam sangue em todas ocasiões! #AbortoNao",0,0.5781007409095764,0.4218992888927459,1
"Em live feita pelas redes sociais, nesta quarta-feira (15), o prefeito de Curitiba, Rafael Greca, anunciou que o comércio pode retomar suas atividades, desde que siga uma série de medidas que vão ser publicadas no Diário Oficial do Município.  Viva Curitiba!",Viva Curitiba  Deus abençoe e tudo vai dar certo. #AbortoNao,2,0.5907559394836426,0.4092440009117126,0
"Não quer correr risco de engravidar, faz sexo anal porra #AbortoNao","uma moça se casou com um cara muito rico,depois de um ano de casada ela vai a casa do pai e se desabafa pai quando eu casei meu cu era do tamanho de uma moeda de 0,10 centavos e agora ta parecendo um moeda de 1,00 real. mas filha vc vai largar dele por causa de 0,90 centavos!!!",1,0.6016868352890015,0.3983131945133209,0
Resumindo quem tá no #AbortoSim nesse Twitte...  #AbortoNão,"Eu já vi tanto sobre o sim e o não que cansei, vou dar o mesmo conselho: vai estudar pra dps rebater ou falar merda e passar vergonha. Felizmente o outro do post pelo menos fez algo bom e eu rebati e forma resumida. Se n entendeu, problema seu.  #AbortoSim",1,0.603646457195282,0.396353542804718,1
"Bora de enquete, marca aí sua opinião sobre o aborto..  Em seguida se possível de para alcançar mais pessoas, enois. #AbortoNao #AbortoSim #AbortoNunca","#AbortoNao O aborto tem q ser permitido, pra evitar q crianças cresçam em ambientes onde não são amadas, vivem passando necessidades e acabam sofrendo grandes traumas!  #AbortoSim",0,0.6076681017875671,0.3923318684101105,0
ABSURDO: Ministro Mandetta gastou 25 MILHÕES na compra de GEL LUBRIFICANTE anal para os PRESOS em 2019 #AbortoNao  Fonte:,é preciso investigar #PedePraSairMandetta,2,0.6154937148094177,0.3845063149929046,0
"#AbortoSim A MULHER TEM O DIREITO DE ESCOLHER SER MÃE OU NÃO, RESPEITEM SUAS ESCOLHAS, SEU CORPO!",o meu corpo é meu. meu corpo não é um parquinho político. não é um lugar para legislações. é meu e é o meu futuro,2,0.6365472674369812,0.3634527623653412,0
"O STF pautou para o dia 24 de abril o julgamento de uma ação que autoriza o aborto em casos de infecção por zika vírus. Enquanto estamos lutando pela vida no caso coronavirus, alguns lutam pela morte. O diabo NUNCA dorme. #AbortoNao",Acho engraçado que deixar uma criança  nascer com deformação  e viver dependente dos pais e da Boa ação  do governo em casos que a família seja pobre para ter um acompanhamento por conta da doença pelo sus seja algo que pro vida ache mais viável que o aborto  Sinceramente...,2,0.6525636315345764,0.3474363982677459,1
"Mulher tem o direito de tudo mesmo, mas não é por isso que temos que tirar uma vida ! #AbortoNao","Lockdown não existe.  e  , vcs serão responsabilizados pela catástrofe que estão provocando por inércia e autoritarismo. #BoraTrabalhar #AcordaBrasil #BoraTrabalharBrasil #AbortoNao #STFVergonhaNacional",0,0.6606290340423584,0.3393709659576416,0
"A Convenção sobre os Direitos da Criança e do Adolescente afirma em seu preâmbulo que “a criança, em razão de sua falta de maturidade física e mental, necessita proteção e cuidados especiais, incluindo proteção jurídica apropriada antes e depois do nascimento”.  #AbortoNao","Convenção Americana de Direitos Humanos, art. 4º, 1, dispõe:  “Toda pessoa tem o direito de que se respeite sua vida. Esse direito deve ser protegido pela lei e, em geral, desde o momento da concepção. Ninguém pode ser privado da vida arbitrariamente”.  #AbortoNao",1,0.6759111285209656,0.3240889012813568,0
"Todo mundo que apoiava a escravidão era livre, todo mundo que apoia o aborto já nasceu.   Falam em ""aborto seguro"". Pergunto, para quem? Afinal, o bebê sempre morre. #AbortoNao",uma pessoa que fala uma coisa dessas so pode comer merda,2,0.6803654432296753,0.3196345567703247,1
"Imagens chocantes, mas necessárias para demonstrar a triste realidade e para compreendermos a importância da luta pelo #AbortoNao!  Esta criança foi assassinada com 18 semanas de gestação, foi usado o método de aborto salino — observe a pele queimada. Imagens: Pro Life Society.","Passaram de todos limites esses canalhas, já não basta o que estão fazendo com o Brasil querem acabar com as crianças chega nação acordem pras portas dos quartéis dia de semana em massa e urgente .",2,0.6935400366783142,0.3064599335193634,0
"#AbortoSim #AbortoNao  Sabe uma coisa que ia ser legal? Pena de morte para os paiS que abortrem ou concordarem com isso, aí ia querer ver se ia ter essa merda já que a vida de um bebê n vale a de mais ninguém vale","""Gente, esse negócio de Monarquia é retrocesso""   Olha lá o cara que não sabe diferenciar Pedro Álvares Cabral, Dom Pedro I e Dom Pedro II. HAHAHAHAHAHAHAHAHAHAHAHAHA  #MonarquiaJa #AbortoNao #MonarquiaJá",0,0.6969113945960999,0.3030886650085449,0
"Galera #AbortoNunca já parou pra pensar que a opinião/religião de vocês NÃO deve interferir na vida de outras pessoas? Se você não é de acordo,não faz.  Em um país democrático acho um absurdo você tirar o direito de um cidadão decidir o que é melhor pra vida do próprio#AbortoSim","Para a covid-19 medidas extremas pois não tem vacina ou remédios para contenção, correto? E para o aborto? Não tem medidas de controle e contenção antes de uma atitude tão perversa? CAMISINHA/ CONTRACEPTIVOS/ NÃO DAR A BUCETA BANDO DE FDP. #AbortoSim #AbortoNAO",0,0.714940071105957,0.2850599288940429,1
"Os mesmos hipócritas que pedem o aborto, estão escondidos com medo do VÍRUS. Vida sim!  #AbortoNao",Querer comparar aborto com pena de morte só pode ser piada né ? Existe uma diferença bem grande um é culpado ( matou outra pessoa ) o outro é  inocente.   #AbortoNao,0,0.7157592177391052,0.2842407524585724,0
"Existem tantos meios contraceptivos, existem hipóteses na lei que prevêem o direito ao aborto no caso de estupro, perigo de vida da mãe ou anencefalia fetal, por quê então, no lugar de focar nesses métodos, foca-se tanto em tirar a vida de um bebê?? #AbortoNAO",#AbortoNao  É não em nenhum estágio!,1,0.7194513082504272,0.2805487215518951,0
"Aborto não é método contraceptivo. Não quer filho, previna! #AbortoNao","O negocio é ""cortar as trompas ou fazer vasectomia""   #AbortoNao",1,0.7214378714561462,0.2785622179508209,0
Aborto nada mais é que sou irresponsável transei sem camisinha e quero matar o feto foda-se  #AbortoNAO,#AbortoNao é inaceitável que o  seja tão imundo ao legalizar o assassinato de crianças.,0,0.7240905165672302,0.2759095132350921,0
"Tenho certeza que a galera do #AbortoNao nunca, NUNCA, parou pra ler do que se trata. Aborto é questão de saúde da mulher. Tem que ser discutido, mas como sempre querem cagar regra.","Deixe de ser arrogante metido a besta. Vc não tem certeza de nada, porque quem é contra o aborto entende muito bem tudo o q está envolvido, com a diferença q defendemos a vida.  Quem não quer filhos q trate de usar métodos contraceptivos em vez de praticar assassinato. #AbortoNao",1,0.0218582805246114,0.978141725063324,1
"Aborto questão de saúde pública? Não atendem nem virose, não são todos que tem sangramento, morrem por falta de alimento, diarréia é tu vem me dizer que uma medida preconceituosa é questão de saúde? Vai pra merda! #AbortoNao","Vc que prática esse tipo de assassinato de um inocente, tomara que vc morra. #AbortoSim",0,0.0246794130653142,0.9753206372261048,0
"#AbortoNao teu cu, #abortosim, pois é questão de saúde pública, é justamente pra que se morra menos.","Já vi homem falando q é contra o aborto, mas quando a hora de ser papai veio rejeitou, então se vc não tem útero não opina pfv #AbortoSim",0,0.028089053928852,0.9719109535217284,0
"#AbortoSim #AbortoNao é uma questão de saúde, se você for analisar friamente, sem pensar em religião, vai perceber o tanto de mulheres que abortam mesmo não sendo legalizado. E muitas morrem por isso.","se vc é contra o aborto, ignore!  igual vc ignora crianças sozinhas passando fome na rua!!  #AbortoSim",0,0.0285669695585966,0.9714330434799194,0
"Os bolsonaristas que dizem que a COVID-19 é uma mentira e querem fazer todo mundo trabalhar correndo risco de vida, sim aqueles que fizeram chacota dançando com um caixão, são os que estão dizendo que ""defendem a vida"". #AbortoNao é da sua conta. Legalização já.","Fácil ser a favor do aborto quando vc já veio ao mundo não é mesmo hipócrita? Se não quer filhos, previna-se, use camisinha, feche as pernas #AbortoNao",0,0.0290949456393718,0.970905065536499,1
"Que orgulho ver a #AbortoSim, quem é a favor sabe o quanto isso é importante por várias questões que não vou nem citar aqui. Ninguém merece ser criticado ou humilhado por uma escolha que faz c o próprio corpo e que na verdade vai MT além disso, aprendam e evoluam!","“fecha as pernas”, “engravidou pq nao usou camisinha”, “assassina”, meu mais sincero vai tomar no cu, o corpo é meu e eu faço oq quiser com ele, e homem, aqui sua opinião não é aceita. passar bem.  #AbortoSim",0,0.0291273463517427,0.970872700214386,0
"#AbortoSim é uma ova. Vcs não estudam não? Por séculos as mulheres lutaram pelo fim do aborto por conta da eugenia, e agora vcs querem voltar essa praga?","Você não pode opinar em nada, tu não engravida. Só aborta quem não quer ter um filho, quem não quer parar a vida pra criar um criança, quem não tem condições de criar uma criança. E não venha falar q só engravida quem quer, não existe nenhum método 100% eficaz. #abortosim",1,0.0292337387800216,0.970766305923462,1
"Enquanto é feto vcs se preocupam e movem o mundo dizendo q ""aiai é uma vida bla bla pró-vida"" #AbortoNunca Depois q nasce vcs TAO CAGANDO pra criança, se vê no sinal vendendo bala fecham os olhos, orfanatos e casas de abrigos LOTADAS e vcs fecham os olhos, me poupem  #AbortoSim","enfia essa merda de #AbortoNao no seu cu p0rra  se vc não é a favor do aborto é simples, então não aborte agora oq vc não deve é tentar controlar a vida alheia de acordo com os &gt;SEUS&lt; costumes e crenças, se ponha no seu lugar e imagine se fosse o contrário  #AbortoSim",0,0.0294603891670703,0.9705396294593812,0
"Tenho certeza que a galera do #AbortoNao nunca, NUNCA, parou pra ler do que se trata. Aborto é questão de saúde da mulher. Tem que ser discutido, mas como sempre querem cagar regra.","Aborto não é saúde pública, aborto agride o corpo da mulher, mesmo sendo feito por médicos, interromper algo natural de forma brusca pode levar a mulher a ter hemorragias, pode tornar a mulher estéril, além de acabar com uma vida que está sendo gerada. Matar por saúde?",2,0.0296085346490144,0.9703914523124696,1
"Tenho certeza que a galera do #AbortoNao nunca, NUNCA, parou pra ler do que se trata. Aborto é questão de saúde da mulher. Tem que ser discutido, mas como sempre querem cagar regra.",Na cabeça desse animal ruminante tirar uma criança do ventre de uma mulher e acabar com o curso natural da vida é uma questão de saúde. Só na cabeça do tipo da desse animal de rabo que matar significa saúde.,2,0.0301812663674354,0.9698187112808228,1
"Sou pró-vida sim, mas se crescer e virar bandido, bandido bom é bandido morto. E se morar na rua, eu passo e faço de conta que nem vi. E se for da minha amante, eu não assumo. Um bando de macho sem moral querendo dar pitaco onde não cabe eles. Vocês são patéticos #AbortoNao","se vc é contra o aborto, ignore!  igual vc ignora crianças sozinhas passando fome na rua!!  #AbortoSim",0,0.0303770136088132,0.9696229696273804,0
"#AbortoNao  Aborto é assassinato. É cientificamente comprovado que o bb é uma vida, e qualquer opiniao contrária é anticientifica. E principalmente, é contra a lei de Deus, portanto, quem é a favor  do aborto, desobedece a Deus e terá de prestar contas diante dEle por incentivar",Chacota mesmo é você querer enfiar sua região a um assunto que não cabe a isso. Sem contar que seu pensamento religioso não é certeza do universo não amado  Paz na terra #AbortoSim,0,0.030431542545557,0.9695684313774108,1
"mulheres cis, homens trans e não binaries tbm estão incluídos, n esqueçam #AbortoSim","enfia essa merda de #AbortoNao no seu cu p0rra  se vc não é a favor do aborto é simples, então não aborte agora oq vc não deve é tentar controlar a vida alheia de acordo com os &gt;SEUS&lt; costumes e crenças, se ponha no seu lugar e imagine se fosse o contrário  #AbortoSim",0,0.0307237319648265,0.969276249408722,0
"Tudo pela vida, aborto não! #AbortoNao","""Ah, mas você vai matar uma vida"" Oh seus bando de borracha, se estudassem saberiam que nas primeiras semanas o bebê nem vida é, MATAR UMA AMEBA IGUAL VC SÓ SE FOR #AbortoSim",0,0.0309427138417959,0.969057321548462,1
"Mano eu sinceramente fico decepcionada que anos se passam e as pessoas continuam usam umas justificativas completamente sem fundamento, sendo a favor da vida mas quer pena de morte (???)+ #AbortoSim","A favor da pena de morte e contra o aborto se vc n consegue diferenciar,provavelmente é aluno do Paulo Freire #AbortoNao",0,0.0312382113188505,0.9687618017196656,1
"seus animais, nao são vcs que decidem se uma vida vai ser sofrida e por isso nao merece ser vivida, vocês nao sao um farelo pra decidir quem vive e quem morre #AbortoNao","Então para vcs que  são contra , porfavo tenha um pouco de impatia e pare de fala que ela tá matando uma vida , ela sabe oque é melhor para ela , e outra a vida dela é a que realmente está em jogo . Pense nisso #AbortoSim",0,0.0312974601984024,0.968702495098114,1
"Quem defende aborto não trm alma, está morto por dentro. #AbortoNao","Não quer ter filho com vagabundo, não se relacione com um só pra começar  #AbortoSim",0,0.0319849848747253,0.9680150151252748,0
"Quem ainda é a favor dessa covardia criminosa chamada aborto, recomendo que assistam o documentário Blood money no youtube! #AbortoNAO","Se você se comove mais com um feto inconsciente do que com uma criança sem lar, você é um hipócrita psicopata.  #AbortoSim",0,0.0321160443127155,0.9678840041160583,1
"É fácil você ser a favor do aborto depois que você já nasceu, afinal feto não tem opinião, não é mesmo #AbortoNão",Não seja a favor de assassinatos seletivos. Ou vc valoriza a vida ou não #AbortoNao,2,0.0322038196027278,0.9677962064743042,0
"Você quer comer doces e não engordar? Não Coma! Quer transar mas o contraceptivo não é 100%, tem medo de engravidar? Não transe! Mas minha opinião é e sempre será #AbortoNao #ABORTONUNCA","Mas moça n importa se for proibido ou n vai continuar tendo,mas se for público menos pessoas vão morrer abortanto,eu entendo vc n querer abortar mas pq tirar o direito de escolha das outras pessoas #AbortoSim",1,0.0322551466524601,0.9677448868751526,1
sempre fui a favor da vida #AbortoNAO,Só tem velho retardado e crente chato nessa porra dessa tag puta q pariu #AbortoNao é o caralho vcs querem proteger fetos q nem vida tem mas nao movem um dedo pra ajudar as crianças que tão sofrendo por aí bando de hipócritas,0,0.0322568863630294,0.9677430987358092,1
Muito legal a galera do #AbortoNao que defendem a volta das pessoas ao trabalho antes da descoberta de tratamentos ou vacinas sabendo que muitas vidas também serão perdidas .... a lógica dessas pessoas é incrível e não tem ciência que explique.,"Pró vida:  aborto é um pecado vc ta matando uma vida que nem começou como se sente hein ???  Pró vida também:  e dai se vão morrer uns inocentes ? corona vírus só mata gente de 60 anos pra cima, 5 milhões de pessoas não são nada perto do rombo na economia",2,0.03237921372056,0.9676207304000854,0
"Cada um q cuide da sua vida, e se vc não é a favor é só não fazer  #AbortoSim","#AbortoNao ativismo em favor da vida é questão espiritual, quem tem alma e reconhece isso, é contra o aborto, e para isso, não depende do sexo da pessoa.",0,0.0324783958494663,0.967521607875824,1
"assassinato é errado?  R: se está dentro da barriga não, somente se já está fora. Quanta hipocrisia! #AbortoNao","Hipocrisia é vc querer vir falar de eficiência de métodos contraceptivos, ou querer argumentar sobre aborto sem nem ao mesmo ter útero. #AbortoSim",1,0.0325762145221233,0.9674237966537476,1
"#AbortoSim o corpo é da mulher, e ela faz o que quiser dele, tenham uma ótima noite.",vc é contra aborte? nao aborte #AbortoSim,0,0.0326921567320823,0.9673078656196594,0
Não existe aborto seguro. Sempre há uma vida perdida. #AbortoNAO,"LGBTQ+: Morrendo Mulheres: Morrendo Negros: Morrendo E vc ainda me vem com o #AbortoNão defendendo a vida, só por que é cristão. Me poupe. #AbortoSim",0,0.0327619239687919,0.9672380685806274,1
Em defesa da Vida.  #AbortoNao,vcs do #abortonao se preocupem com as crianças abandonadas nas ruas e em orfanatos e deixem as mulheres decidirem sobre seu próprio corpo #AbortoSim,0,0.0330665186047554,0.9669334292411804,1
"#AbortoNao é da sua conta, se não concorda, não faça",não são vcs que vão tomar a decisão do futuro da vida de uma mulher. ncada um escolhe o que é melhor pra si. #AbortoSim #AbortoNAO,0,0.0332795120775699,0.9667205214500428,0
"#AbortoNao VIVA A VIDA. Bebezinhos fiquem tranquilos, lutaremos por vocês aqui fora.","Independente se vc é do time #abortosim ou #abortonão, ou ainda fica pedindo #monarquiaja, se quiser saber de dicas para #emagrecer, é só me acompanhar, rsrsrs!  #humor #saúde",0,0.0336540341377258,0.9663459658622742,0
"Vocês que não apoiam o aborto e se dizem “pro vida” adotem uma criança desabrigada, aí dps a gente conversa #AbortoNao #AbortoSim","Se vc usa a desculpa da eventual pobreza para um aborto vc pode simplesmente perguntar uma criança pobre se ela deseja morrer, e se vc n veio de família pobre vc jamais pode argumentar isso seu mau caráter do caralho  #AbortoSIM #AbortoNão",0,0.0336983539164066,0.966301679611206,1
a opinião que eu tenho é que cada cuida do seu corpo e da sua vida. #AbortoSim,Meu deus pq tem um monte de homem opinando nessa merda??????????? sinceramente vão a merda #AbortoNao,0,0.0339636020362377,0.9660363793373108,-1
#AbortoSim cada um cuida da sua vida e se vc não é a favor é só não fazer,"Parem de usar como argumento a questão de quando começa a vida. NÃO EXISTE CONSENSO CIENTÍFICO SOBRE ISSO, portanto, não  é  um argumento válido, no final você vai estar só defendendo sua opinião. #AbortoNao",0,0.0340991988778114,0.9659007787704468,0
"Eu n entendo as pessoas contra o aborto , se elas n quiserem então n aborta , é seu corpo faz o que quiser , só n intromete na vida das outras #AbortoSim","pessoa diz que é pró vida,que aborto é assassinato piriri pororo e ao mesmo tempo defende o armamento e diz que educação sexual é desnecessária,na real não entendo qual é a de vocês conservadores  #AbortoNao",0,0.0341606177389621,0.9658394455909728,0
"Eu não sei qual a moral de subir a tag #AbortoNao. Carai, ninguém é obrigada a abortar, caso seja legalizado, então fica na tua e não aborta se vc é contra #AbortoSim, para cada mulher ter o direito de escolher o que fazer com o seu corpo sem interferência  SEU ÚTERO, SEM OPINIÃO","Vc não é obrigada ter filho, Se previna, tome anticoncepcional! #AbortoNao",0,0.034461211413145,0.9655387997627258,1
"#AbortoNao mas chá de arruda, boldo, artemisia e outros podem funcionar no primeiro mês, caso não recorra ao remédio se quiser e puder #AbortoSim","ai velho, #AbortoSim e o seguinte:  Se vc é homem, vc n pode obrigar uma mulher a fazer o que VOCÊ acha ""certo"", pq vc n esta no corpo dela pra saber como é passar por uma gravidez indesejada.  Se vc é mulher, não aborte, e respeite quem faz, pq o corpo e dela, n seu.  Simples.",0,0.0345565676689147,0.96544349193573,0
"#AbortoNao não é proteger a vida e sim limitar a liberdade de escolha da mulher. Pq se for violentada pode abortar, AGR se foi em um momento consensual e de prazer não pode. Hipocrisia do caramba, diversos países que legalizaram o aborto viu os índices de morte +","O que vcs não entendem é que independente do que for, tirar uma vida nunca é uma opção. O FETO TA VIVO, É UM BEBÊ ALI DENTRO! ONDE TA A CABEÇA DE VCS PRA COGITAR ESSA IDÉIA GENOCIDA!?  #AbortoNao",0,0.0345682762563228,0.9654316902160645,1
"Segundo informações coletadas na OMS foram mais de 42 milhões de mortes de inocentes, mas não é #COVID19, esses números são de crianças assassinadas em 2019 no que chamam de aborto. Mas não é covid19, então é só fingir que não viu !!! #Hipocrisia #AbortoNao","Homens por favor  vcs só prestam p fazer e depois abandonar, então não se metam no assunto q só diz respeito as mulheres . #AbortoSim",0,0.0346832945942878,0.9653167128562928,1
"nenhum método é 100% e uma mulher deve sim ter o direto de escolher o que quer fazer com o próprio corpo e a própria vida, além de que nenhuma criança merece crescer em um lar que é maltratada e mal amada. não precisa ser a favor do aborto só da sua descriminalização #AbortoSim","Ou vcs são a favor da vida ou desejam a morte pra quem aborta, os dois não da né amado #AbortoNAO",0,0.0347083993256092,0.9652916193008424,0
#AbortoSim porque eu sou a favor da vida antes de ser a favor de feto,Não é o seu corpo e suas regras. É a vida de outro ser que cresce dentro de você. #AbortoNAO,0,0.0347194857895374,0.9652804732322692,1
"HOMEM CIS NÃO TEM DIREITO DE FALA só pra constar, homens trans também engravidam..  #AbortoSim","se vc não quer abortar não aborte, vc n é obrigada a abortar só pq é legalizado, mulheres q não querem ter o filho vão abortar sendo legalizado ou não, a legalização só faz com q elas tenham o aborto com mais SEGURANÇA. Não imponha sua opinião sobre o país todo. #AbortoNao",0,0.0347211994230747,0.9652788043022156,0
"Malditas feministas do demônio, bando de peludas mal amada. Nem nascendo de novo saberão o que é ser uma mulher, vocês não representam as mulheres, representam o próprio capeta. #AbortoNao","É óbvio que não. O feto é outro corpo, n é vc que decide o que acontece com alguém que VC gerou por irresponsabilidade(visto que vc quer abortar). Sim, é vc que decide oq é bom para vc, não para outro ser vivo, mesmo vc o gerando   #AbortoSim é uma vergonha",0,0.0347838029265403,0.9652162194252014,0
passando pra lembrar que... #AbortoSim,"Se eu te dar um tiro na testa, vc vai sentir dor enquanto morre? Então pq eu não posso te matar com um tiro na cabeça? Ué, você não sente dor, igual um ser humano com até 3 meses de vida. Então #abortonao pois o q vcs chamam de ""aborto"" é assassinato. Pra vcs do #abortosim lerem.",0,0.034809298813343,0.9651907682418824,1
Só vejo homens querendo deitar regra no #AbortoNao  Agora criar e ser presente vcs não querem né seus arrombados?,se vc é homem vc não tem lugar de fala na questão do aborto.  #AbortoSim,0,0.0348820313811302,0.9651179313659668,0
"Vocês que apoiam o aborto , estão cometendo um grande crime , e não acreditam no nosso DEUS , estão desonhando o nosso senhor , se você não quer , tenha e doe , a várias mulheres que não podem ter e dariam tudo por uma criança correndo na casa e fazendo alegria #AbortoSim","Se vc é contra o aborto e vive dizendo  #AbortoNao SIMPLESMENTE NÃO FAÇA. Deixe quem quer fazer em paz, afinal você nao tem NADA HAVER com a vida de outra pessoa",0,0.0348845459520816,0.965115487575531,1
"Se você é a favor da vida, então cuide da sua ! #AbortoSim","#AbortoNao!!!!!! Gente isso não tem motivos de ser discutível! Você que é a favor, me der um motivo plausível para você ser #AbortoSIM",0,0.0349857807159423,0.9650142192840576,1
"E aí homem branco, já comparou aborto com escravidão hj? Eu achava que já tinha visto de tudo, mas comparar a escravidão de uma raça com o aborto de um feto é muito baixo. #AbortoNao é o caralho!",você ser a favor do aborto não vai significar que terá que abortar  #AbortoSIM,0,0.0350019820034503,0.9649980068206788,0
"Eu acho que  é algo que não pode ser banalizado. Ah tô grávida vou ali e aborto. Nao. Tem q ter umas ""regrinhas"" talvez. Porem. O corpo é MEU e eu faço oq quiser com ele. Bjo #AbortoNao","#AbortoNao mas que caralho ein a buceta e o útero não é de vcs, então não se mete prr",0,0.0350296162068843,0.9649703502655028,0
"Porra de #AbortoNao parem de se intrometer na vida das mulheres, NÃO QUER ABORTAR, N ABORTA! Isso n te da direito de se intrometer na vida dos outros, principalmente se vc for um homem q nem pitaco devia da. Vão se preocupar com o tanto de criança passando fome ou sem um lar",é contra o aborto porque é pró-vida mas quando vê uma criança no sinal pedindo dinheiro pra comer acha que é pra dar pros pais pra eles comprarem droga não é? não use sua ignorância como argumento se no fim você condena tudo que fica fora da sua bolhazinha #AbortoSim #AbortoNAO,0,0.035099059343338,0.9649009704589844,0
"#AbortoSim #AbortoNão Cara,não é o corpo da mulher,é o corpo do feto. Se você não concorda,por favor,role a tela,não quero discussões.",Vai toma no cu todo mundo q tá botando #abortonao e fodase,0,0.0354594886302948,0.9645405411720276,1
"Quem apoia e quem faz aborto deveriam ser colocadas na mesma jaula que os estupradores, pistoleiros e pedófilos. #AbortoNao","se vc não tem um útero, cale-se #AbortoSim",0,0.0356399379670619,0.9643601179122924,1
"#AbortoNao cada um tem uma história, carrega valores. Mas vamos refletir. Tem método p evitar a fecundação? Camisinha, anticoncepcional? Defender o direito de escolha da mulher? Mas em algum momento o homem será consultado? Pq ele tb é parte. E o direito de preservação da vida?","Preferem xingar e destilar ódio ao invés de debaterem, vocês ainda não estão prontos para ter essa conversa  #AbortoSim",0,0.0356952138245105,0.9643048048019408,1
"Seu corpo suas regras, corpo de outro ser humano a regra é dela, principalmente quando não pode se defender, simples assim! #AbortoNao","Ue mas o ""outro ser humano"" vai ser dependente da mãe durante 18 anos então seu primeiro argumento é inválido.  Segundo: Se a mulher não quiser o filho é vc quem vai criar? Pq é fácil falar que vidas devem ser preservadas mas não ajudar na criação. #AbortoSim",2,0.0359479077160358,0.964052140712738,1
Todos nós temos o direito de viver. #AbortoNao,"Porra de #abortonao, vai tomar no cu, quem decide oq faz com o corpo é a própria mulher, se é tão pró-vida vai num abrigo e adota geral ou então adota o bandidinho que vivem falando que merece pena de morte.  #abortosim, quem decide isso é a mulher",0,0.035970639437437,0.9640294313430786,1
"quantas vezes eu vou ter que dizer que legalização do aborto não tem que ser decidido por moralismo e religião, é saúde públicaaaaa #AbortoSim","#AbortoNao MEU CU  vc, homem, vai cuidar da criança? vai pagar pensão? pq realmente 200 reais paga tudo q precisa pra criar uma criança",0,0.0359708368778228,0.9640291929244996,0
Para os que ja nasceram é facil dizer sim ao aborto.   #AbortoNao,Se vc vem opinar numa tag feminina sendo contra o aborto tudo q vc disser será automaticamente anulado e a gente vai zuar com sua cara #AbortoSim,0,0.0359832905232906,0.9640166759490968,1
"Olha, n vem com essa de que vc e cristão, e que não pode matar vidas inocentes. Antes de usar esse argumento vai estudar sobre a igreja católica e os massacres que ela fazia algumas décadas atras  #AbortoSim",Não tem útero não opina Deu pra entender? #AbortoNao,0,0.0360394679009914,0.9639605283737184,0
"vcs não sabem oq passa naquele momento para a mulher, então não venha legislar sobre o corpo e a vida dela! #AbortoNao #AbortoSim","Vocês não entendem que mesmo que não seja legalizado o aborto ainda vai acontecer ilegalmente, aborto ilegal põe em risco a vida da mãe também e muito melhor fazer do jeito certo. #AbortoNao",0,0.0360931307077407,0.9639068841934204,0
Nessa tag o que mais tem é homem falando de aborto #AbortoNao,"Vc é contra o aborto por se declarar pró vida, ou é só por causa que seus ""valores monoteísta"" diz que abortar é errado? #AbortoSim",0,0.0361006744205951,0.9638993740081788,0
"Olha aí você, dizendo para os outros ficarem em casa, preocupado com a saúde, mas querendo abortar bebês e acabar de vez com a saúde deles. #AbortoNao",Amor à vida mas ninguém liga se a mulher morrer no parto ou se a criança viver uma vida merda #AbortoSim,0,0.0361316055059433,0.9638683795928956,1
"Agressão é objetivamente errado. Todos indivíduos possuem direito a vida, propriedade e liberdade, inclusive o bebê.   Nenhum indivíduo é dono de corpo alheio, principalmente a mãe. Não é ético e muito menos legítimo matar bebês.   Mude a minha opinião.  #AbortoNao #AbortoSIM","Tu nem tinha q ter opinião em uma coisa q vc n está sujeito a passar, próximo",2,0.0361464731395244,0.9638535380363464,1
tão óbvio! #AbortoNao,Na boa tem que ser muito limitada(o) intelectualmente. Como assim #AbortoSim? Pq vc não pode usar um preservativo ou um anticoncepcional? Aí vc quer aprovar o assassinato? É sério isso?! Q inversão de valores.,0,0.0362779609858989,0.963722050189972,0
Aborto não é método contraceptivo!antes de escolher seu macho escroto se proteja #AbortoNAO,"Fala cada bosta, como se métodos contraceptivos fossem 100% eficaz, se o corpo não é seu, vc n tem q opinar, aborto sim nessa poha, Vsf.",2,0.0365738943219184,0.963426113128662,1
Eu e os rapazes indo defender a vida no #AbortoNao,Aproveita e defende a vida da mãe que morre fazendo aborto clandestino  Defende a vida de quem morre por bala perdida  Defende a vida de quem é vítima de estupro  Já que tu vai defender a vida defende a de todos os inocentes não só a de um feto  #AbortoSim,2,0.0366011075675487,0.9633988738059998,1
"Aborto é um crime! É só não arregaçar as pernas p qualquer um sem preservativo q n vai ter nem q pensar em aborto! Se vc defende o aborto vc defende o assassinato, a mulher decide o q faz com seu corpo e n com o da criança #abortonao","se os métodos contraceptivos são tão eficazes quanto vc  afirma, MILHARES de mulher não engravidariam acidentalmente. Não defendo assassinato, defendo o direito da mulher. Se discorda, vá discordar em outro lugar. #AbortoSim",1,0.0367939099669456,0.9632060527801514,1
"Dai vem pró vida dizer que só é a favor do aborto em casos de estupro, só reforcam mais que nao ligam para a ""vida"" e sim em crucificar mulheres a respeito do seu consentimento #abortosim","a lei PERMITE abortar se vc for estuprada, agora que vc é um(a) imbecil que que n fez sem camisinha ou algo do tipo E CONSEQUENCIA DO SEU ATO DE BOSTA, para pra pensar, E UM SER HUMANO ALI, ELE NÃO PEDIU PRA NASCER, ELE NÃO PEDIU PRA SER GERADO NO SEU CORPO CARALHO #Abortonao",0,0.0368739031255245,0.9631261229515076,1
"sem útero, sem opinião, o corpo é nosso e nós que decidimos se queremos ter o filho ou não, então parem de mimi poha. #AbortoSim","Gravidez forçada? Me diz aí, foi estrupo? Pq se for, tem o direito de realizar o aborto pelo SUS. #AbortoNao",0,0.0370163917541503,0.9629836082458496,1
"""Se não quer engravidar não transa""  Agora eu sou obrigada a não ter SEXO só pra não engravidar ?   #AbortoSim","Fácil ser a favor do aborto quando vc já veio ao mundo não é mesmo hipócrita? Se não quer filhos, previna-se, use camisinha, feche as pernas #AbortoNao",0,0.0370670817792415,0.9629328846931458,1
"quando que as pessoas vão aprender que sobre abordo ngm tem q opinar em nd, é vc que vai carregar 9 meses na barriga e criar? se n é ent cala a boocaaaa, cada pessoa vive na sua realidade, se vc é pro vida adota, tem tanta criança em orfanato krl #abortosim","Apartir do momento que sua realidade não é a mesma que de outras pessoas, vc não deve julgar útero alheio. #AbortoSim",0,0.0370966903865337,0.962903380393982,0
Aborto não é método contraceptivo!antes de escolher seu macho escroto se proteja #AbortoNAO,A unica coisa q vc falou certo aí #AbortoNao,1,0.0371492058038711,0.9628507494926452,0
"#AbortoNunca Me poupe de homens ficarem dizendo o que as mulheres devem fazer com seu corpo. Afinal, não são eles que terão de parir após 9 meses de gestação! #AbortoSim","Olha, n vem com essa de que vc e cristão, e que não pode matar vidas inocentes. Antes de usar esse argumento vai estudar sobre a igreja católica e os massacres que ela fazia algumas décadas atras  #AbortoSim",0,0.0372269526124,0.9627730846405028,0
"Todo mundo que apoiava a escravidão era livre, todo mundo que apoia o aborto já nasceu.   Falam em ""aborto seguro"". Pergunto, para quem? Afinal, o bebê sempre morre. #AbortoNao","é vc q aborta? não né, homem? cala a boca q vc sua opinião não é válida  #AbortoSim",1,0.0373140983283519,0.9626858830451964,1
"#AbortoNao Foda-se essas vagabundas aborteiras eugenistas de merda. Todo mundo sabe que vocês são abortistas porque odeiam pobres e acham que se for pra nascer pobre, é melhor nem nascer.","Ser a favor do direito do aborto não significa que você abortaria É simplesmente reconhecer que tem minas em situações diferentes da sua, que podem não ter condições financeiras/psicológicas de criar uma criança e ela tem o DIREITO de ESCOLHER se vai ter filho ou não #AbortoSim",0,0.0374040156602859,0.9625959396362304,1
"Nem quero comentar sobre o assunto, pois já deveria ser uma coisa óbvia.  O aborto sempre vai existir. Legalizar significa dar apoio profissional na hora de fazê-lo, para que mulheres pobres não morram. #AbortoSim","se vc tá tendo q debater aborto, VC JÁ PERDEU  aborto não se discute amigo; vc cospe na cara do abortista e acabou   se vc adimitir q isso é questão pra debate, vc já se fodeu   #AbortoNAO",0,0.0374118983745574,0.9625881314277648,1
Óbvio que não #AbortoNao,"ENTENDAM vc ser contra o aborto, não vai fazer com que ele não exista! só vai fazer com que mulheres pobres e negras continuem abortando e morrendo  #AbortoSim nojo desse “#AbortoNunca”",0,0.0374324731528759,0.9625674486160278,1
"#AbortoNao Acreditem, tomar pílula, usar camisinha ou até mesmo não dá a ""xeca"" é bem mais fácil e menos dolorido que matar uma criança.","jura q vcs estão discutindo sobre a legalização do aborto? se ninguém é obrigado a abortar, então ninguém deve ser proibido de fazê-lo. acabou. #AbortoSim",0,0.0374416671693325,0.9625583291053772,1
#AbortoNAO todos têm direito à vida!!!,"#AbortoSim caralho e se você homem, acha o contrário, sugiro que crie vergonha na sua cara pq o você não tem o direito de tirar a escolha das mina.",0,0.0374783091247081,0.9625217318534852,1
"Eu sou contra,eu não faria e nem incentivaria alguém à fazer,porém eu não julgaria alguém por fazer pq cada um é dono do seu corpo,sou contra mais respeito os que não concordam comigo.#AbortoNao",#AbortoSim é o caramba! Abortista tem que ser condenado à pena capital.,0,0.0374814793467521,0.9625185132026672,1
"#AbortoNao se não quer ter filho, usem camisinha !","imagina vc um feto morrendo envenenado porque o seu pai não quer quer te reconhecer ,dai sua mãe toma um remedio pra te matar ,não e algo mt ruim? sabia q ele sente dor?então pensa cmg se o aporto for liberado vai ter que liberar o assasinato ,pq ambos tira uma vida #AbortoSim",0,0.0375377871096134,0.9624622464179992,0
feto não é criança #AbortoSim,"Vc já foi um feto, animal.  Ou vc nasceu adultx?  #AbortoNao",1,0.0376280732452869,0.9623718857765198,1
É muita gente hipócrita e sem noção usando a #AbortoNAO a maioria homens eleitores do bozo e o resto que dão mais valor a um feto do que a vida de uma mulher. O corpo é MEU e absolutamente TUDO nele TAMBÉM É MEU a decisão é MINHA SIM portanto #AbortoSim,Enquanto a discussão não se iniciar na questão da proteção contra as DSTs eu nem começo a falar sobre aborto. Uma camisinha já resolve 98% do problema. #AbortoNao,0,0.037816297262907,0.962183713912964,1
"O direito de nascer, direito de viver sua vida. Não pode ser interrompido. #AbortoNao",Quem quer abortar aborta ué.. se vc não concordar é só não abortar  não faz sentido ser : #AbortoNunca #AbortoSim,0,0.0378554202616214,0.9621446132659912,1
Nunca!  #AbortoNao,"Ninguém aborta pq acha bonito. O aborto existe e vai continuar existindo, pq já q vc é pró vida n apoia a legalização de algo q salvaria MILHARES de vida caso feito com segurança e apoio psicológico?  #AbortoSim",0,0.0378881320357322,0.9621118307113647,1
"O aborto tem q ser permitido, pra evitar q crianças cresçam em ambientes onde não são amadas, vivem passando necessidades e acabam sofrendo grandes traumas! Essa foto é de um bb q nasceu com o DIU na cabeça, nenhum modo de prevenção é 100%  #AbortoSim",Costura a perereca e dar o fiofó. Vai te lascar com esse pensamento genocida.  #AbortoNao,1,0.0379497185349464,0.9620502591133118,1
"Se não apoia o aborto, então fecha as pernas poha, SIMPLES","Se não apoia o assassinato, não vide facas!!! Se não apoia o estupro, não tire as calças!!! Lógica tirada da bunda ou demência isso???",1,0.0380348227918148,0.9619652032852172,1
"eu sou evangélica e por isso o aborto vai totalmente contra as coisas que &gt;EU&lt; acredito. Mas isso não quer dizer que outras mulheres não possam fazer, o corpo é delas, a decisão é delas. Elas não podem ser obrigadas a ter uma criança que não ama. #AbortoSim",Vai matar criancinha dentro do ventre na puta que te pariu esquedistas do caralho...  #AbortoNao,0,0.0380950756371021,0.9619048833847046,1
"vcs não são pro-vida,vcs são pro-nascimento,pq quando vê um garoto passando fome na rua ignoram completamente #AbortoNao",tinha q liberar o aborto pra até 60 anos de idade do feto  #AbortoSim,0,0.0381298437714576,0.9618701338768004,0
Direito à vida sempre!!! #AbortoNao,"Existe Diu, camisinha, pílula, existe o carai. Mas é mais conveniente matar um ser humano inocente  né?!   #AbortoSim",0,0.0381498113274574,0.9618501663208008,0
a opinião que eu tenho é que cada cuida do seu corpo e da sua vida. #AbortoSim,que diabo de # é essa? #abortonao  comassim???? quem decide é a mulher porra,0,0.0381551496684551,0.9618448615074158,0
"Engraçado que os mesmos que se dizem ""pró-vida"" e #AbortoNao são os mesmos a favor da pena de morte por exemplo, hipócritas não #AbortoSim para que as mulheres tenham pelo menos uma vez na vida a escolha do que fazer com seu corpo e sua vida ABORTO É OPÇÃO NÃO OBRIGAÇÃO","Primeiramente se tu é homem e defende o #abortonao VAI SE FODER. #AbortoSim!! Cada mulher com seu corpo e cada uma faz o que quiser com ele. É isso, boa noite.",0,0.0382034070789814,0.9617965817451476,0
"Para esquerda ser contra o aborto é querer dominar o corpo da mulher,a mesma esquerda que foi contra o projeto de lei que permitia a mulher fazer laqueadura de graça tendo filhos ou não e sabemos que o estado hoje é quem decide quando a mulher pode fazer.Hipocrisia. #AbortoNao","vcs q sao contra o o aborto porem comem ovo, saibam q estao comendo um embriao filhos da puta #AbortoSim",0,0.0383569486439228,0.9616429805755616,1
"#AbortoSim Que sociedade mais seletiva, os mesmos que são #abortonão são os mesmos que são a favor da liberação do porte de armas pra se defender. Ué, mas não é contra o aborto pela vida? Se investisse em educação de qualidade pautas como essas já estariam, ao menos, suavizadas.","#abortosim se não tem útero, não de opinião. E se tem e é contra não aborte, simples, rápido e fácil.",0,0.0384048298001289,0.9615951776504515,0
"É algo muito difícil de tomar uma posição, de um lado fala que, o corpo é da mulher e pode fazer o que bem entender, do outro fala que mesmo que seja um feto, continua sendo um ser humano, que tem direito a vida. aff não sei #AbortoSim","sempre bom lembrar q: -o corpo é da mulher e ela faz oq quiser -nenhum método contraceptivo é 100% eficaz -opoiar o aborto nn significa q eu abortaria -a opinião é MINHA e vc aceita se quiser,mas nn vem gastar seu tempo tentando me mudar  #AbortoSim",0,0.038430530577898,0.9615694880485536,0
"gravidez deveria ser uma escolha aborto é questão de saúde pública se você não apoia, não faça MEU corpo, MINHAS regras #AbortoSim","#AbortoNao MEU CU  vc, homem, vai cuidar da criança? vai pagar pensão? pq realmente 200 reais paga tudo q precisa pra criar uma criança",0,0.0384370684623718,0.961562991142273,0
"Sim, mulher tem sim liberdade de escolha: escolher a roupa que vai usar, o homem que ela vai sair, mas de matar não! #AbortoNao","ok vamo lá: não é vc q vai cuidar da criança, então vc não tem direito NENHUM de opinar sobre o q a mãe vai fazer ou não. o aborto vai continuar vcs querendo ou não, então q pelo menos as mulheres não corram risco de vida! #AbortoSim",0,0.0385198779404163,0.9614800810813904,1
"O meu corpo, minha regras só funciona para o seu corpo, não para um corpo que está dentro do seu. ""Aí, lá vem o macho ditar o que mulher pode e não pode fazer com seu corpo"". Se quiser pintar o corpo com tatuagens, arrancar a perna, faça. Nao mexa é nos inocentes! #AbortoNAO",A mãe de quem é a favor de aborto.. q pena q n fez desses sacos de bosta #AbortoSim,0,0.0385504253208637,0.9614495635032654,0
"Vergonha desses machos subindo tag de #AbortoNao.  Uma mulher carrega um ser desses que só vai comer e cagar pro resto da vida, pra ele crescer e descobrir como cagar pela boca agora. O corpo é individual e a decisão sobre ele precisa ser também, respeitem. #AbortoSim","Por isso mesmo você deveria ser contra. O feto também é um corpo, a escolha entre viver ou morrer deve ser individual dele. #AbortoNunca #AbortoNao",1,0.0385508835315704,0.961449146270752,1
"Abortar ou não abortar deveria ser uma decisão da pessoa que ta grávida e pronto, foda-se existe outros fatores que interferem, e principalmente o corpo é da pessoa, pronto, decisão dela, aborto não pq bla bla, primeiramente não existe método 100% seguro   #AbortoSim","É tão fácil evitar uma gravidez, ao invés de querer assassinar um bebê, procure cuidar melhor do seu corpo (coloque diu, tome anticoncepcional, use preservativo ou simplesmente retire seu útero) Abortista nojenta #AbortoNao",0,0.0385711975395679,0.9614288210868835,1
"Então para vcs que  são contra , porfavo tenha um pouco de impatia e pare de fala que ela tá matando uma vida , ela sabe oque é melhor para ela , e outra a vida dela é a que realmente está em jogo . Pense nisso #AbortoSim","“COM A LEGALIZAÇÃO DO ABORTO, ELE DIMINUIU”   Esse foi o Uruguai após legalizar o aborto. Tenham responsabilidade, filho não é um boneco para você jogar fora a hora que quer.   #AbortoNao",0,0.038572009652853,0.9614279866218568,1
É a favor do aborto? OK Só não vem depois querer reclamar de paternidade ou pai ausente que não quis assumir. Porque vc aprova o aborto exatamente pra isso  Não venha cobrar do homem assumir o filho porque todo o dinheiro p/ sustentar a criança vai sair dele #AbortoNao #AbortoSim,"Qd vc abre a hastag #AbortoNao, a unica coisa q é impulsionada é esquerdista tentando desmerecer os argumentos de qm é contra com ""mas vc é homem"".  COMO VOCÊ QUER QUE EU RESPEITE ISSO? Aborto é assassinato e qm nn se sensibiliza com isso é psicopata!",0,0.038602128624916,0.9613978862762452,0
E contra o aborto. Mas quando a criança pede dinheiro no farol é vagabundo  #AbortoSim,"Agr pensa aqui cmg vms tirar o padrão ""só engravida quem quer"" pq todos sabemos que não é vdd   POR ACASO pensar na criança não seria tb pensar que crescer em uma casa/familia que vc é indesejado ou até mesmo crescer sem família é bom?  burrcise ser#AbortoNao",0,0.0386143215000629,0.9613856673240662,0
"Seguinte, fds, #AbortoSim pq o corpo é da mulher e ela faz a poha q quiser com ele, fds se ela aborta fds se ela n aborta. De todo jeito as mulheres vão abortar, pq quem decide isso são elas, se o aborto n for legalizado as mulheres vão continuar abortando.  Obg","Pela sua lógica #AbortoNao , porque o esperma é do homem e sem ele a mher não seria capaz de ter gerado o feto, então ele tem SIM escolha sobre o que irá ocorrer com o feto",1,0.0387837663292884,0.9612162113189696,1
"é ridiculo querer basear uma lei na qual interfere na liberdade do corpo de uma mulher a partir de crenças e argumentos baseados em uma determinada religiao, quando existem inúmeras religiões no país e também pessoas n religiosas q seriam obrigadas a seguir essa lei. #AbortoNao","se vc é contra o aborto, ignore!  igual vc ignora crianças sozinhas passando fome na rua!!  #AbortoSim",0,0.0388362109661102,0.9611638188362122,0
"é contra? blz só não fazer, mas não se metam em um direito que não é de vocês, pq no futuro pode vir a querer usar! #AbortoSim","Kpopper abortista, dê uma olhada nisso:   Democracia é a maioria, que no caso são mulheres, negras/pardas e pobres as pessoas mais contrárias a legalização do aborto.  Agora já pode voltar pro seu mundo de fantasia onde você engravida do BTS #AbortoNAO",0,0.038860123604536,0.9611399173736572,1
"#AbortoNao ativismo em favor da vida é questão espiritual, quem tem alma e reconhece isso, é contra o aborto, e para isso, não depende do sexo da pessoa.","galera que ta dando piti pela tag #AbortoSim mas dai a criança cresce em um lugar onde não é amada, se transforma na maioria das vezes em um perigo pra sociedade, dai os mesmos gritam ""bandido bom é bandido morto "" os provida ...anham bem provida voces",0,0.038880456238985,0.961119532585144,1
"vcs falam #AbortoNao como se existisse um método contraceptivo 100% eficaz. No final o RICO paga pra não morrer enquanto o pobre morre.  Além de questão de saúde pública, a Terra vai cobrar a conta de ter +7B de pessoas consumindo os seus recursos","enquanto não existir algo 100% eficaz pra mim o #abortoSim continua sendo válido, é impossível avaliar cada caso então deixe quem for ter o bebê decidir e PONTO.",1,0.0389114804565906,0.961088478565216,0
Aborto não é método contraceptivo!antes de escolher seu macho escroto se proteja #AbortoNAO,Gnt TODOS nós sabemos que nenhum método é 100% e se msm assim vc pensar como essa grt vc é muito burro e msm se vc engravidar e quiser abortar o PROBLEMA É TODO SEU!!!!!!!!!!!!!! VAO TOMAR NO CU!!!!!!!!!!!!!,2,0.0389220789074897,0.9610779285430908,1
"#AbortoNao é da conta de macho branco cis gênero que fala que é contra o aborto mas se diz a favor da pena de morte, "" pro-vida"" é meu cu, fala que são  ""vidas inocentes"" mas tá lá matando um animal pra comer por exemplo, então quem é vc pra decidir sobre um corpo q ñ é seu?","vocês, homens, não são mulher e nunca vão entender o que é ser. nunca vão entender como é a vida e o corpo de uma. vocês deveriam se colocar no lugar e ver que o assunto ABORTO cabe só pra mulheres, não é local de fala de vocês. aborto SIM porque é um direito da mulher #AbortoSIM",0,0.0390448421239852,0.9609551429748536,0
#AbortoNao “você não é vitoriosa por ser mãe aos 15 é irresponsável mesmo”,"e você que é a favor de ""#abortosim"", já vai dando unfollow pfv e obg, e pau no seu cu.",0,0.0390542671084404,0.9609456658363342,0
"Se não apoia o aborto, então fecha as pernas poha, SIMPLES",Sou totalmente contra o aborto mas vc falou pouco e falou muita merda,2,0.0390859618782997,0.9609139561653136,1
#AbortoNao Se os que podem lutar pela vida se cala o que será daqueles que não podem se defender essa é uma luta nossa vamos combate -los sempre,"Que mané pró vida o caralho, o bagulho é #AbortoSim e pena de morte também, lança os dois.",0,0.0390924029052257,0.9609075784683228,1
"E aí homem branco, já comparou aborto com escravidão hj? Eu achava que já tinha visto de tudo, mas comparar a escravidão de uma raça com o aborto de um feto é muito baixo. #AbortoNao é o caralho!",já que você é a favor da vida aproveita e cuida da sua  #AbortoSim,0,0.039097886532545,0.9609020948410034,0
Chega de aborto ilegal!! Direito a escolha!! Já! #AbortoSim,Você é contra o aborto ou você só é mais um homem hétero branco que acha que pode opinar sobre?  #AbortoNao,0,0.0391498729586601,0.9608501195907592,0
"Malditas feministas do demônio, bando de peludas mal amada. Nem nascendo de novo saberão o que é ser uma mulher, vocês não representam as mulheres, representam o próprio capeta. #AbortoNao","e vc representa exatamente contra o q nos lutamos. é triste ouvir um discurso desse vindo de uma mulher, mas espero q vc evolua nesse sentido. bjs de luz  e by the way #AbortoSim",1,0.0391847379505634,0.9608152508735656,1
"#AbortoNunca Me poupe de homens fiarem dizendo o que as mulheres devem fazer com seu corpo. Afinal, não são eles que terão de parir após 9 de gestação! #AbortoSim","você q é  apresentador, um cidadão de bem, nos ajude com sua ética, moral e popularidade a gritar contra quem difama e prejudica  eleito democraticamente. Ajude-nos a despertar a população pra importância da quarentena #AbortoNao",0,0.039194069802761,0.960805892944336,0
É muita gente hipócrita e sem noção usando a #AbortoNAO a maioria homens eleitores do bozo e o resto que dão mais valor a um feto do que a vida de uma mulher. O corpo é MEU e absolutamente TUDO nele TAMBÉM É MEU a decisão é MINHA SIM portanto #AbortoSim,"O aborto é uma selvageria que beira a isso! Todos já fomos fetos indefesos que poderíamos ter nossa vida ceifada por uma assassina sem caráter, sendo assim, qualquer ser humano VIVO tem autorização para dizer o que pensa a respeito, sem mais! #AbortoNao",2,0.0392388142645359,0.9607612490653992,1
N é meu local de fala mais #AbortoSim ela faz o destino dela carai,"Vc q é contra o aborto mas nao faz o mínimo pra ajudar alguém q precisa, não é Pro vida é Pro nascimento,crianças que estão na rua passando fome ainda são vidas,então começa a ajudar quem ta vivo e precisa da sua ajuda e para de ficar dando pitaco no útero alheio  #AbortoSIM",0,0.0393335483968257,0.9606664776802064,0
"Existe métodos de prevenção...Os contraceptivos é fornecido gratuitamente pelo sistema de saúde..E as adeptas do: ""Meu corpo minhas regras"", Até o ar que vc respira é dado por Deus portanto NADA é nosso!!   #AbortoNao","Estamos em 2020 século 21, as mulheres ainda não aprenderam a usa camisinha e a tomar pílula  hoje em dia só engravidar quem quer , ou a mulher é muito burra  #AbortoNao Se vc sabe DA ,sabe muito bem ser cuida ,é de graça em qlq posto de saúde",0,0.0393456220626831,0.9606543779373168,0
"#AbortoSim Mano, a minha opinião é que se vc é contra o aborto, pega a criança pra criar então, pq muitas pessoas não tem condição pra criar filho, e se a mãe QUER abortar o problema é dela, vc uma pessoa aleatória do Twitter não vai obriga-la a cuidar,mesmo tendo condições.",Ue se vcs tão aí dizendo q corpo da mulher n é corpo do feto então é só tirar o feto e ver se desenvolve sozinho uai  #AbortoNao,0,0.0393587984144687,0.9606412053108216,0
"#AbortoNao KKKKKKKKKK só homem comentando na tag, vão se fuder vermes","Se você se comove mais com um feto inconsciente do que com uma criança sem lar, você é um hipócrita psicopata.  #AbortoSim",0,0.0393590852618217,0.9606408476829528,0
"#AbortoNao e muita hipocrisia pessoas que chama Bolsonaro de genocida, ser a favor de aborto..","LGBTQ+: Morrendo Mulheres: Morrendo Negros: Morrendo E vc ainda me vem com o #AbortoNão defendendo a vida, só por que é cristão. Me poupe. #AbortoSim",0,0.039368700236082,0.9606313109397888,1
"vcs homens q estão levantando essa tag #AbortoNao , me digam uma coisa, vcs sabem oq é estar grávida? Vcs sabem ql é o peso de se estar grávida? Bom,acho q vcs nem imaginam,não devem fazer nem ideia.","Ent pfv, parem de se meter na vida das mulheres q querem abortar,pq mano,não é vc q vai ter nascido sabendo q ngm queria a sua chegada no mundo. Outra coisa,as mulheres não nasceram somente para reproduzirem,ent caso aconteça, elas tem total liberdade para decidir+ #AbortoSim",1,0.0394360162317752,0.9605639576911926,0
"Não me venham com essa #AbortoNao, não é o estado quem diz o que a mulher deve fazer com seu próprio corpo, ela que deve ter o poder de decisão! #AbortoSim","Pq não doa a criança após nascer, pq matar? Acredito q o trauma após um aborto é gigantesco. Doe o bebê p um casal q queira e não pode ter. AbortoNAO",1,0.0394390858709812,0.9605608582496644,1
"#AbortoSim  Se não concorda, é simples, não faça!",Você é contra o aborto? Pena que a sua mãe não era. #AbortoNao,0,0.039544504135847,0.9604555368423462,-1
"Existe Diu, camisinha, pílula, existe o carai. Mas é mais conveniente matar um ser humano inocente  né?!   #AbortoSim",#AbortoNao é só vc que não quer não fazer. Mas não impeça quem queira.,0,0.0395848080515861,0.9604151844978333,1
"Eu sou a favor do aborto só de kpoppers, de humanos não. #AbortoNao","AÍ VC VAI OLHAR QUEM ESTÁ POSTANDO #ABORTOSIM E CONSTATA Q GRANDE MAIORIA VIVE NAS COSTAS DOS PAIS, NÃO COZINHA SUA PRÓPRIA COMIDA, NEM LAVA SUA PRÓPRIA CALCINHA OU CUECA. AÍ TEM A CERTEZA Q #ABORTONAO !!",0,0.039798229932785,0.9602017998695374,0
Eu sou  #AbortoSim e quem não concorda ta errado. Bj,#AbortoNao se vc nao é a mulher gravida cala a merda da boca sobre algo que nao vai interferir em merda nenhuma da sua vida filho da puta mulher NENHUMA precisa ter um filho por que um bando de homem aleatório qr,0,0.0398581326007843,0.960141897201538,0
"O corpo é &gt;&gt; NOSSO &lt;&lt; então a gente faz oq QUISER e o que achar MELHOR. É um direito da MULHER portanto cabe a ELA escolher se quer ou não ter o filho, e não o estado ou a religião. #AbortoSim","Ridículo isso né? O corpo é deu então usa a porra da camisinha, usa dil, tira o útero, toma injeção. Meios pra não engravidar tem vários , mas matar uma criança e brincar com a vida dela por causa de uma irresponsabilidade sua é outra coisa.",2,0.040092084556818,0.95990788936615,1
"eu n sou a favor do aborto de modo geral n. sou a favor da legalização dele. aborto é última saída, educação sexual é sempre a primeira #AbortoSim","Engravidou ? Não quer abortar? Então não aborte   #AbortoNao engravidou mas não quer seguir com a gravidez ? Então vc decide. #abortosim simples assim, só acho q as pessoas tem q parar de se intrometer nas decisões dos outros.",0,0.0401887148618698,0.9598113298416138,0
Ser favor da legalização do  aborto não significa querer abortar e sim entender que cada mulher faz oq julga melhor para seu próprio corpo e entender que se no seu corpo manda Deus no meu mando eu  #AbortoSim,"""Ah, mas vc é mãe e é a favor do aborto?""  Exatamente, aborto é questão de saúde pública, seu corpo suas regras e demais ngm!",2,0.0402162745594978,0.9597837924957277,0
A criança ainda é um ser humano que deve ser respeitado como um.  #AbortoNao,"alguém avisa pra esses machos burro que eles não tem local de fala quando o assunto for aborto, oq eles falarem não vai mudar em merda nenhuma pq o corpo não é deles e eles não tem direito a nada #AbortoSim",0,0.0403700396418571,0.9596299529075624,1
"Sou à favor de aborto em alguns casos específicos. Se mulher sente necessidade de abortar, ela aborta e pronto #AbortoSim","Só é ""pró-vida"" quando tá no útero, né? Orfanato não é igual Chiquititas, uma mãe que cria o filho com desprezo pode destruir a saúde mental dele, a maioria rejeitada vai parar na rua, vira bandido e vocês defendem matar essas pessoas. A hipocrisia não tem limites #AbortoNao",0,0.0405667126178741,0.9594332575798036,0
"#AbortoNao n faz sentido isso, pq o feto msm n vai e importar se for abortado ou n, nem se lembrar vai","Eu n entendo as pessoas contra o aborto , se elas n quiserem então n aborta , é seu corpo faz o que quiser , só n intromete na vida das outras #AbortoSim",0,0.0405786447227001,0.9594212770462036,0
"você q é  apresentador, um cidadão de bem, nos ajude com sua ética, moral e popularidade a gritar contra quem difama e prejudica  eleito democraticamente. Ajude-nos a despertar a população pra importância da quarentena #AbortoNao","Mano, um bocado de macho escroto querendo falar sobre aborto, pelo amor né mores  #AbortoSim",0,0.0405898168683052,0.9594101905822754,0
#AbortoSim SEM ÚTERO SEM OPINIÃO ! PELA VIDA DAS MULHERES,uau você não apoia o aborto :0 então não aborte irmã/o #AbortoSim,0,0.0406144745647907,0.9593855142593384,0
"Mulheres citando que homens não tem Útero, sendo que para secundar um Óvulo se faz necessário o esperma advindo dos homens, sendo assim pq homens não podem ser contra o aborto, ou essas mesmas evoluíram a tal ponto que conseguem desenvolver um embrião sem fertilização #AbortoNao","Ninguém tá falando que as mulheres não precisam de homens pra ter um filho, só falamos que vcs não podem exigir oque fazer com o nosso corpo #AbortoSim",1,0.0406293869018554,0.9593706130981444,1
"é horrível pra uma criança crescer em um lugar onde ela não é desejada e sofrer o resto da vida por traumas, e mulheres deveriam ter poder de escolha sobre isso já q nem um método contraceptivo é 100% eficaz! #abortosim",#AbortoNao meu ovo vão tomar conta da vida de vcs se a mulher quiser abortar ent ela #AbortoSim,0,0.0406527854502201,0.9593472480773926,0
Pq q homem cis tá metendo o dedo em assunto q n tem nada a ver com ele   Aborto é um assunto a ser discutido com quem tem útero e pode engravidar #AbortoSim  E se vc discorda vai pro caralho,"e aí libfem já se posicionou #AbortoSIM hoje? ou seu feminismo é só na hora de usar blusinha escrito ""girl power"" que é feita pela mão de obra escrava?",0,0.0406734123826026,0.9593266248703004,0
ABORTO É ASSASSINATO #AbortoNao,Se vc é homem vc não sabe nada sobre gravidez / aborto cuida da tua vida vai lavar esse pinto nós somos o país que mais amputa pênis por falta de higienização #AbortoSim,0,0.0407204367220401,0.9592795372009276,1
Engraçado que a maioria dos homens que é contra são os mesmos que pedem para a mulher abortar por ela abrir as pernas para ele e engravidar ele #AbortoSim,"Nao se mete no útero alheio, porra, se você e contra aborto, NAO ABORTA FILHO DA PUTA DO CARALHO #AbortoSim",0,0.0407524071633815,0.9592476487159728,0
"Pra vcs que estão usando #AbortoNao ""Ah, mas engravida pq não usa nenhum contraceptivo"" Toma a reportagem e existem muitos outros casos iguais a esse, parem de querer mandar no nosso corpo e vão ajudar um orfanato porra. #AbortoSim","A bandeira lacradora ""Meu corpo, minhas regras"" (ou algo parecido) proferido pelas feministas do sovaco cabeludo, não leva em conta que, pelo instinto de sobrevivência, o feto também clama pela sua vida. Aborto é abominável e criminoso.  #AbortoNao",0,0.0408476777374744,0.959152340888977,1
"Existe Diu, camisinha, pílula, existe o carai. Mas é mais conveniente matar um ser humano inocente  né?!   #AbortoSim","Sou pró-vida sim, mas se crescer e virar bandido, bandido bom é bandido morto. E se morar na rua, eu passo e faço de conta que nem vi. E se for da minha amante, eu não assumo. Um bando de macho sem moral querendo dar pitaco onde não cabe eles. Vocês são patéticos #AbortoNao",0,0.0409575775265693,0.9590424299240112,1
A msm galera que defende o #AbortoNao é a msm que crítica a educação sexual nas escolas... é para o cu abandonar a bunda msm.,Se vc apoia o #AbortoNao  significa q vc e conta educação sexual nunca vi maior burrice uma coisa n tem nd a ver com a outra,1,0.0409816987812519,0.9590182900428772,1
Você só é a favor do aborto quem não foi abortado(a) . #abortoNao,"Quem não tiver útero, não tem que opinar, a mulher tem sim direito de escolha, obrigada de nada! #AbortoSim",0,0.04106455296278,0.9589354395866394,1
"Já questionei várias vezes, mas até agora nada.  Sabem de algum caso em que a mulher abortou o filho de um jogador de futebol?  #AbortoNao!",primeiramente que se tu não tem útero tu nem tem que opinar sobre aborto  e entre uma mulher infeliz manter uma gravidez forçada pro bebe nascer indesejado e crescer sendo odiado (se nao for jogado numa lixeira antes disso) e abortar um feto sem consciência eu apoio #AbortoSim,2,0.0410679131746292,0.9589321613311768,1
"a tag #AbortoNAO cheia de macho branco com a bandeira do brasil de foto de perfil.... só queria dizer que #AbortoSIM pq as mulheres devem ter total direito de decidir oq fazer com a vida e o corpo delas, e como muitas dizem “sem útero, sem opinião”","As mulheres têm direito de fazer oq quiser com corpo dela mas a criança não tem culpa,não é só apenas o corpo dela, e sim um feto, que sente dor, que sofre. Que bosta essa sua justificativa de “sem útero sem opinião em” se for assim sou a favor do estupro “sem penis sem opinião”",2,0.0411458872258663,0.958854079246521,1
"#AbortoSim sem útero sem opinião, se vc tem útero e não quer abortar, não aborte, cuide da sua vida pois não vai ser vc que vai cuidar do feto quando ele se tornar um bebê","#abortosim vai pra putaqpariu mano, cada um toma conta do seu corpo e pronto. Cada um faz o q caralhos quiser consigo, não é da posição alheia para julgar/e ou proibir.",0,0.0412184074521064,0.9587815403938292,0
Vocês são tudo pró feto e não pró vida #AbortoNao,N sei o motivo do q surgiu essa tag mas old que #AbortoSim,0,0.0412794388830661,0.9587205052375792,0
"#AbortoNao cada um tem uma história, carrega valores. Mas vamos refletir. Tem método p evitar a fecundação? Camisinha, anticoncepcional? Defender o direito de escolha da mulher? Mas em algum momento o homem será consultado? Pq ele tb é parte. E o direito de preservação da vida?","enquanto tem gente escrota falando #AbortoNAO vcs ja esqueceram que existe milhões de criança no mundo passando fome,sem roupa,morando nas ruas???então enquanto vc ta ai na sua casa falando merda tem crianças sofrendo,então que tal parar de falar merda e ajudar elas?#AbortoSIM",0,0.0412942357361316,0.958705723285675,1
Sou contra o aborto e favorável à vida. Diga não ao assassinato de inocentes #AbortoNao,"#AbortoSim Se vc for contra, não faça. Simples. Mas tem gente que quer fazer, e essas pessoas tem o direito de um aborto seguro!",0,0.0413910411298275,0.9586089849472046,1
"#AbortoNunca foi da sua conta homem escroto, se eu quiser aborta eu vou #AbortoSim","você você não apoia o aborto, acha que não vai com suas convocação e não ve isso como certo. simples caralho, não aborta.  você não tem o direito de opinar sobre as escolhas de outras pessoas, essa decisão não diz respeito a você!  #AbortoNao",0,0.0414004996418952,0.9585994482040404,0
"""crianças"" não são abortadas e sim FETOS, parem de ser ridículos. Crianças são as milhares que já vieram ao mundo e estão aí passando por péssimas situações que por sinal os que se dizem ser ""a favor da vida"" pouco se importam. NÃO É APENAS NASCER E PRONTO #AbortoNao é o caralho","A menos que você esteja grávida, #AbortoNao é da sua conta.",0,0.0414732433855533,0.9585267305374146,0
"O corpo eh da mulher e não vai ser um homem que vai decidir oq ela tem que fazer ou não, se ela quiserem criar o filho elas criam mas se ela não quiser/ não poder criar esse filho ela não cria! #AbortoSim","é ridículo entrar na tag #AbortoNao e ver pessoas falando que tem tudo de graça pra se prevenir, e que só engravida quem quer, sem se tocar no mínimo, que nada dessas coisas são 100% eficazes, você realmente vive no mundo encantado né pró-vida.",0,0.041494220495224,0.9585058093070984,0
Aborto tbm é uma questão de saúde da mulher #AbortoSim,Em que momento decidem pautar aborto. É para aumentar o número do vírus?  #AbortoNAO,0,0.0415819436311721,0.958418071269989,0
"Todo mundo que apoiava a escravidão era livre, todo mundo que apoia o aborto já nasceu.   Falam em ""aborto seguro"". Pergunto, para quem? Afinal, o bebê sempre morre. #AbortoNao",segura PARA A MULHER mas claro aue vc não vai pensar nisso pq nunca pensam na mulher não é mesmo? além disso vc é um homem cis então cala boca que vc não engavida #AbortoSIM,1,0.0416901595890522,0.9583098292350768,1
#AbortoNao ABORTO NUNCA.,Se vc  é a favor do #AbortoNao vc é um filho da puta que é contra os direitos básicos das mulheres. Nós  temos autonomia sobre nossos corpos e ninguém pode legislar sobre isso Aborto legal JÁ!!!!!!!!! Não aguentamos mais mulheres pobre e periféricas morrendo em abortos ilegais .,0,0.0417215377092361,0.958278477191925,1
"Mano, eu tomei block de uma conta religiosa pq falei q sou a favor da legalização do aborto KKKKKKKKKKKKKKKKK #AbortoSim",Não quer ter filho ? SE PREVINE CARAI  #AbortoNao,0,0.0417990833520889,0.9582008719444276,1
"O corpo é &gt;&gt; NOSSO &lt;&lt; então a gente faz oq QUISER e o que achar MELHOR. É um direito da MULHER portanto cabe a ELA escolher se quer ou não ter o filho, e não o estado ou a religião. #AbortoSim",#AbortoNao  Se você discordar desse vídeo é pq vc esta simplesmente querendo lacrar!,0,0.0418059602379798,0.9581940174102784,-1
"Começou essa bosta de assunto de novo, caralho deixa as mina fazer o que achar melhor, vocês se masturbam praticamente 3 vezes ao dia e jogam no ralo e acham que é quem pra falar algo sobre? #AbortoSim","#AbortoNao sem querer entrar numa briga, nem nada, mas vocês n parecem estar tratando o feto como um ser vivo q terá emoções e pensamentos no futuro. Vcs tratam como se ele fosse um peso q uma mulher deve carregar pelo resto da vida, e de vdd, isso vai ficar para sempre o +",0,0.0418886691331863,0.9581113457679749,1
"mulher é livre para escolher, mulher é livre para não trazer ao mundo uma criança que não vai ser desejada, mulher é livre para poder opinar e estar segura #AbortoSim",Na boa tem que ser muito limitada(o) intelectualmente. Como assim #AbortoSim? Pq vc não pode usar um preservativo ou um anticoncepcional? Aí vc quer aprovar o assassinato? É sério isso?! Q inversão de valores.,0,0.0419128686189651,0.9580872058868408,1
"#AbortoSim além disso, por favor, vamo flexibilizar as regras pra fazer vasectomia porra vsf esperar até os 25 ou ter 2 filhos toma no ci","#AbortoNao é o caralho, vocês não tem que decidir nada na vida de ninguém, vão adotar uma criança que REALMENTE precisa de ajuda, e parem de ficar defendendo embriões alheios..",0,0.0419423840939998,0.9580576419830322,0
Só sou a favor do #AbortoSim se a mulher morre no final,"Seus corpos suas regras e bla bla. Mas a vida que está dentro de um ventre não faz parte dessas regras, bando de feministas do cacete.   #AbortoNao",0,0.0419830232858657,0.9580169320106506,0
"Homem não tem útero, mas tem consciência que aborto é CRIME e está defendendo uma VIDA.  #AbortoNao  #AbortoNão",uma pessoa não pode ser obrigada a fazer uma coisa que não quer #AbortoSim,0,0.0419957377016544,0.9580042362213136,1
E depois fogem sem querer assumir #AbortoSim,"Sua doente  se sua mãe tivesse o msm pensamento que vc, não teria este tuíte seu agora, mas olha a merda que a sua mãe fez, não se preveniu e nasceu vc, e pensar que um preservativo poderia ter evitado td isso! #AbortoNAO",1,0.0420008823275566,0.9579991102218628,1
"Hoje a decisão sobre se merece viver ou não recai sobre a vida dos mais frágeis, amanhã essa decisão pode recair sobre você. #AbortoNao #AbortoNunca","ai gente, desnecessário #abortosim e #abortonão, deixa a mulher grávida decidir gente, quem vai ter q cuidar vai ser ela, quem vai se preocupar vai ser ela. Se ela não quiser um filho pq não tem condições financeiras ou psicológicas, ngm de vocês vão querer ajudar a mãe.",0,0.0420402809977531,0.9579597115516664,1
#AbortoNao porque defender a vida consiste em garantir a sua concepção bem como o seu bem-estar.,"abortar ou não continua sendo uma decisão pessoal. se você pensa que interromper uma gravidez é pecado, não aborte. mas não contribua para que uma mulher em situação vulnerável corra risco de vida só porque não quer ter filhos. #AbortoSim",0,0.0420557670295238,0.95794415473938,1
"Aborto, é coisa de mulher fudida e de pai covarde. #Abortonao","mds KKKK, varios homens subindo a tag #AbortoNao  como vc quer opinar se você não tem útero?  aborto é saúde pública! aborto é escolha pessoal da grávida! aborto é previnir mais crianças na rua, em orfanatos! #AbortoSim",0,0.0420605167746543,0.9579395055770874,1
"KKKKKKKKK serio q tem homens se metendo nisso? Aiai, vao cuidar de rola de vocês.  Aborto não é assassinato. #AbortoNao","Q merda é essa de #AbortoSim se se acham no direito de escolher quem vive e quem não vive, o melhor é fechar as pernas e depois cometer suicídio pq vcs não são Deus e pra mim é a msm coisa de assassinato portanto sou da TAG #AbortoNão",0,0.0420635491609573,0.9579364061355592,1
"O fato da maioria dos ''pró vida'' serem homens é de fácil explicação: Misoginia + extremo MEDO de perder os privilégios.  Nunca foi, nem será, pelo apreço à vida. #AbortoNao",é contra aborto mas é a favor da pena? pfv né...  #abortonao #AbortoSim,0,0.0420873798429966,0.9579125642776488,0
"mano pq tem uma tag contra aborto nos trends e pq a maioria opinando são homens????????  desculpa mas c vc n tem útero, vc n tem espaço de fala   #AbortoSim",tem q ser muito babaca pra ser contra o aborto viu  #AbortoNao,0,0.0421054661273956,0.957894504070282,0
"Coleguinha que apoia essa maldita tag do #AbortoSIM, eu sinto muito por você. De verdade. Tenho dó da vadia assassina e nojenta que você é; e não faz questão nenhuma de esconder. Defender uma causa que IMPEDE E TIRA VIDAS, É ERRADO. É NOJENTO.","Já que  defende tanto o aborto ,acho que o erro de sua mãe foi te ter . #AbortoNao",0,0.0421058423817157,0.957894206047058,0
"#AbortoNao  Gente uma criança não é um castigo para mulher, um castigo para a vida toda. Uma criança tem q ser querida, desejada. Usar o argumento, ""abriu as pernas agora pague"" é nojento. Senso babys","a mulher quer abortar, vcs não deixam as gays querem adotar, vcs não deixam e se o moleque vira bandido? vcs querem morto VCS SAO RIDÍCULOS  #AbortoNAO é meu cacete #AbortoSim",0,0.0421130545437336,0.9578869938850404,0
"ser isso for legalizado ninguém vai ser obrigado a abortar ok?,  Além disso oq adianta nascer para sofrer com falta de comida abandonada e até ser espancada pelos familiares, ""aaa mas ser ir pro orfanato?"" Vc acha mesmo que aquilo é legal não é , as crianças sofrem #AbortoNao",ABORTO NÃO!!! Vc não tem direito sobre a VIDA! #AbortoNão #AbortoSim,0,0.0421242527663707,0.9578757286071776,1
Respeite a vida Desde a concepção #AbortoNao,"toma no cu todo mundo, o útero é da mina se ela quiser fazer a festa junina ela faz pq n vai aborta porra, bem mais consciente do q gente q tem uma cambada de filho sem nem conseguir sustentar a si mesmo eu ein povo chato #AbortoSim",0,0.0421418771147728,0.9578580856323242,1
"Alguém pode me explicar quem levantou a pauta de aborto ontem? De onde surgiu e como? Eu não entendi nada, peguei o bonde andando. Só sei que #AbortoNao.",Se vc vem opinar numa tag feminina sendo contra o aborto tudo q vc disser será automaticamente anulado e a gente vai zuar com sua cara #AbortoSim,0,0.0380989722907543,0.9619010090827942,1
#AbortoSim ELAS QUE DECIDEM !,"Ai que inferno, é vc que está com o feto no útero, se não o #AbortoNao é da sua conta. Pelo amor",0,0.041761789470911,0.9582381844520568,0
"“Se somos escravos do ontem, somos donos de nosso amanhã.”  #AbortoNao","o engraçado é que quando você entra no “aborto não” só tem macho escroto, querendo colocar o dedinho aonde não foi chamado. nos poupe de tanta merda. #AbortoSim",0,0.0452115572988987,0.9547884464263916,-1
"Vamos ser coerentes, não faz sentido tirar a vida de uma pessoa que não cometeu crime algum (feto) quando o mesmo não ocorre com alguém que cometeu barbáries (assassinos, estupradores, etc). #AbortoNao","#AbortoSim  Mas quanta pretensão  Vocês nem sabem se vão sobreviver ao COVID-19, quiçá engravidar pra depois abortar  Faz-me tires baldes",0,0.0453753769397735,0.954624593257904,-1
"Sem condições e acaba abandonando na rua, você acha isso justo? Com uma criança? passar fome e frio enquanto isso poderia ser evitado? Bem no início da gravidez. Sem dor. Sem nada. #AbortoSIM #AbortoLegalYgratuito","Então vc acha q a fome, o frio, a pobreza se resolve no início da gravidez, evitando prosseguir com a gravidez? Eu nunca vou achar justo a desigualdade social, mas isso ñ é motivo p eu ser a favor do aborto, seja ele em qualquer etapa da gravidez. #AbortoNao",1,0.0478037856519222,0.95219624042511,0
#AbortoNao pela vida e para vida,n sei pq tão discutindo isso porém #AbortoSim,0,0.056635558605194,0.943364441394806,0
Basta de tanto sofrimento.  #AbortoNAO,"A partir do momento que várias mulheres morrem por querer fazer algo que não se sente a vontade ou preparada, a legalização se faz extremamente necessária, além disso não é lugar de fala de homem ou religião, até porque quem vai gerar e parir é a mulher #AbortoSim",0,0.0573720708489418,0.9426279067993164,0
Fatos sobre o aborto no Brasil e no mundo que todos deveriam saber antes de entrar em uma discussão.  [A thread]  #AbortoSim,na sua opinião a cabeça de alguém que aborta vai continuar de boa após o ato?  #AbortoNao,2,0.0583153888583183,0.9416845440864564,0
hoje tá foda viu essas # de monarquiaja e abortonao são p testar nossa paciência,Eu olhando o perfil dos acéfalos que levantam uma # dessa . A maioria vagabundos que querem se aproveita de leis para aliviar o lado deles de engravidar em meio a orgias e baile funk #AbortoSim,0,0.0762960687279701,0.923703908920288,-1
Direito à vida #AbortoNao,não podia ir dormir sem tentar subir essa # #AbortoSim,0,0.076553076505661,0.9234468936920166,0
"da vida dessa menina que quando chegar em casa olhas para o bb e lembrar da atrocidade q fez ele existir,fetos não tem consciência #AbortoSim","Entendo e sinto pela garota, mas não resolvemos um crime cometendo outro #AbortoNao",1,0.0805274173617363,0.919472634792328,-1
"Quardar o pau e fechar as pernas também ajuda, mas... #AbortoSim","Só tem macho nessa #AbortoNao , omeee se aquietem, vão procurar oq fazer.  ATÉ NO CORPO DA MULHER VCS QUEREM MANDAR?",0,0.0806853324174881,0.9193146228790284,-1
"Aborto é ASSASSINATO não tem o que discutir, não é o seu corpo, não são suas regras, não é a sua vida, quem defende aborto está defendendo genocídio e é tão psicopata quanto Hitler, Mao e Stalin, aborto é a pior arma de destruição em massa que o ser humano inventou. #AbortoNao","Uma mulher abortista, poderia ter sido abortada. Ou seja, assassinada.  E não faria essa campanha que é crime contra a vida. A arte de se colocar no lugar. #AbortoNao Obs: nos casos já previstos de alto risco de morte no parto, ou crime de estupro, sou a favor.",0,0.0813451558351516,0.9186547994613647,0
"Aborto não devia ser nem discutido. O feto nem tem vida antes de 3 meses, e mesmo depois ainda é um bebê que nem nasceu. Pra que fazer a criança e a mãe sofrer? Vai se foder, babaca. #AbortoSim","Homens não têm nem direito de opinar sobre isso, porra. #AbortoSim",1,0.118349090218544,0.8816509246826172,0
#AbortoSim só vcs darem o cu suas porras,#AbortoSim se não como é que a nossa Pepsi geladinha vai ser adoçada???,0,0.1217331811785698,0.8782668113708496,0
#AbortoSim  não é porque sou a favor que vou abortar,"#AbortoNunca eu vejo agora o pessoal subindo a tag #AbortoSim e elas falando que so quem tem utero pode dar a sua opnião, 5 min eu vi um travesti (que na verdade e homem) dando a sua opnião...",0,0.1259133666753769,0.8740866780281067,-1
Sou mulher e digo #AbortoNao,ok eu sou mulher e digo #AbortoSim,1,0.127217099070549,0.8727828860282898,-1
"A menos que você esteja grávida, #AbortoNao é da sua conta.",Pessoas que não conseguem entender que crença pessoal não tem que interferir na vida de outras pessoas (aka impor crença) e que aborto não é questão de opinião e sim de saúde pública...,2,0.1316643953323364,0.8683356046676636,0
